% Model:              car_cabin_acoustics_transient_63-all.mph
% Version:            COMSOL 6.4.0.293
% Date:               Jul 23 2026, 08:11
% Dimension:          1
% Nodes:              13426
% Expressions:        1
% Description:        脉冲响应
% 时间 (s)                  Value
0                         0
2.5E-5                    -1.151753513625017E-4
5.0E-5                    -2.2547700080653992E-4
7.500000000000001E-5      -3.311272032754303E-4
1.0E-4                    -4.3285462187097414E-4
1.25E-4                   -5.317035862981768E-4
1.5000000000000001E-4     -6.288489919860445E-4
1.75E-4                   -7.254207317122617E-4
2.0E-4                    -8.22334865749575E-4
2.2500000000000002E-4     -9.201286734058772E-4
2.5E-4                    -0.0010188033290268335
2.75E-4                   -0.0011176891686650483
3.0000000000000003E-4     -0.0012153606882141753
3.2500000000000004E-4     -0.001309637095194018
3.5E-4                    -0.0013977052939176744
3.75E-4                   -0.0014763928852527535
4.0E-4                    -0.0015425986153232876
4.2500000000000003E-4     -0.001593858859084848
4.5000000000000004E-4     -0.001628995801636829
4.75E-4                   -0.0016487623664877236
5.0E-4                    -0.0016563776005969516
5.250000000000001E-4      -0.0016578402894184456
5.5E-4                    -0.0016619219525679664
5.75E-4                   -0.0016797737013687824
6.000000000000001E-4      -0.0017241316045555509
6.25E-4                   -0.0018081655537629802
6.500000000000001E-4      -0.001944077890186308
6.75E-4                   -0.0021416098896761097
7.0E-4                    -0.00240664694677373
7.250000000000001E-4      -0.0027401197648156024
7.5E-4                    -0.003137375759112838
7.750000000000001E-4      -0.0035881436164634933
8.0E-4                    -0.004077140647299599
8.25E-4                   -0.0045852872771280796
8.500000000000001E-4      -0.0050914082796072666
8.75E-4                   -0.005574229196957576
9.000000000000001E-4      -0.006014430251181168
9.25E-4                   -0.006396506773656643
9.5E-4                    -0.006710207608522355
9.750000000000001E-4      -0.006951378263806914
0.001                     -0.007122115659971701
0.001025                  -0.007230233984787112
0.0010500000000000002     -0.007288132220839946
0.001075                  -0.007311229578377851
0.0011                    -0.007316184283402929
0.0011250000000000001     -0.007319127430437428
0.00115                   -0.007334125923118691
0.001175                  -0.007372041394873165
0.0012000000000000001     -0.007439884428475427
0.001225                  -0.007540687154952354
0.00125                   -0.00767384483875325
0.001275                  -0.00783581929594385
0.0013000000000000002     -0.008021061638812329
0.001325                  -0.008223002211752822
0.00135                   -0.008434970329499043
0.0013750000000000001     -0.008650940094544774
0.0014                    -0.008866042888582074
0.001425                  -0.009076832785498364
0.0014500000000000001     -0.009281329632195265
0.001475                  -0.009478889849958688
0.0015                    -0.009669964577579565
0.001525                  -0.009855799817173033
0.0015500000000000002     -0.01003811816534073
0.001575                  -0.01021880289355962
0.0016                    -0.010399589290170309
0.0016250000000000001     -0.0105817606513623
0.00165                   -0.010765849771613805
0.001675                  -0.010951360479495485
0.0017000000000000001     -0.01113654360142402
0.0017250000000000002     -0.011318281170810579
0.00175                   -0.011492144254709315
0.001775                  -0.0116526868684864
0.0018000000000000002     -0.0117940171876711
0.001825                  -0.011910647721930616
0.00185                   -0.011998572877633295
0.0018750000000000001     -0.012056464081821509
0.0019                    -0.012086820779074206
0.001925                  -0.012096882180700475
0.0019500000000000001     -0.012099099849060034
0.001975                  -0.012111001074674325
0.002                     -0.012154337699748694
0.002025                  -0.012253508137544954
0.00205                   -0.012433349407100718
0.002075                  -0.012716504399867969
0.0021000000000000003     -0.013120659152967281
0.002125                  -0.013655999071389313
0.00215                   -0.014323239866888101
0.0021750000000000003     -0.015112543411664861
0.0022                    -0.016003533801613914
0.002225                  -0.016966495789458445
0.0022500000000000003     -0.017964684162839473
0.002275                  -0.01895752058360658
0.0023                    -0.019904326772903144
0.0023250000000000002     -0.0207681599274762
0.00235                   -0.021519291979164683
0.002375                  -0.022137914120666267
0.0024000000000000002     -0.022615747256786514
0.002425                  -0.0229563834400804
0.00245                   -0.023174351224431736
0.002475                  -0.023293063712342986
0.0025                    -0.023341946933243478
0.0025250000000000003     -0.02335313795989149
0.00255                   -0.02335817490076149
0.002575                  -0.023385072562223556
0.0026000000000000003     -0.02345609593486888
0.002625                  -0.023586424508908424
0.00265                   -0.023783764474312286
0.0026750000000000003     -0.024048835024989154
0.0027                    -0.024376548686645964
0.002725                  -0.024757637707819698
0.0027500000000000003     -0.025180455487386937
0.002775                  -0.025632702099731265
0.0028                    -0.02610287737581888
0.0028250000000000003     -0.02658133979443145
0.00285                   -0.02706092861930107
0.002875                  -0.027537175397262526
0.0029000000000000002     -0.028008178206193717
0.002925                  -0.028474232905555345
0.00295                   -0.028937311587795205
0.002975                  -0.029400456617452574
0.003                     -0.02986712986705664
0.0030250000000000003     -0.030340532635317767
0.00305                   -0.03082290177420051
0.003075                  -0.031314796721880415
0.0031000000000000003     -0.03181441946310619
0.003125                  -0.03231704797185296
0.00315                   -0.032814701890252866
0.0031750000000000003     -0.033296183441244076
0.0032                    -0.03374763433005383
0.003225                  -0.03415371239595017
0.0032500000000000003     -0.03449941854081717
0.003275                  -0.034772501552440535
0.0033                    -0.03496625017881027
0.0033250000000000003     -0.03508236830361475
0.00335                   -0.0351335428354825
0.003375                  -0.03514527562464635
0.0034000000000000002     -0.03515657487212549
0.003425                  -0.03521919296898396
0.0034500000000000004     -0.03539524989448727
0.0034750000000000002     -0.03575327646969646
0.0035                    -0.036362923568509085
0.0035250000000000004     -0.03728878118009397
0.00355                   -0.038583905170291276
0.003575                  -0.0402837356440192
0.0036000000000000003     -0.04240109446218128
0.003625                  -0.04492286781822323
0.00365                   -0.04780882168940439
0.0036750000000000003     -0.05099278252021208
0.0037                    -0.05438616917041235
0.003725                  -0.05788361533416487
0.0037500000000000003     -0.061370204638457104
0.003775                  -0.06472967987143566
0.0038                    -0.0678529022789397
0.0038250000000000003     -0.0706458355141326
0.00385                   -0.07303640903687166
0.003875                  -0.07497976368395202
0.0039000000000000003     -0.07646157473409779
0.0039250000000000005     -0.07749935654793773
0.00395                   -0.07814184844005873
0.003975                  -0.07846673844347547
0.004                     -0.07857708244082542
0.004025                  -0.07859681311275965
0.00405                   -0.07866570884966116
0.0040750000000000005     -0.0789341184402377
0.0041                    -0.07955763027118408
0.004125                  -0.08069175520049951
0.00415                   -0.0824865806776018
0.004175                  -0.08508126875389013
0.004200000000000001      -0.08859822805608165
0.0042250000000000005     -0.093136801738083
0.00425                   -0.09876638814939483
0.004275                  -0.10551905222716962
0.0043                    -0.11338189147789667
0.004325                  -0.12228968116207586
0.004350000000000001      -0.13211861880946882
0.004375                  -0.14268228510644512
0.0044                    -0.15373118787271403
0.004425                  -0.16495739458261935
0.00445                   -0.17600571221535627
0.004475                  -0.18649256618217958
0.0045000000000000005     -0.19603310470147473
0.004525                  -0.20427609407044045
0.00455                   -0.2109449231098343
0.004575                  -0.215881636384896
0.0046                    -0.21908958625844605
0.004625000000000001      -0.22076931133537153
0.0046500000000000005     -0.22134188870595764
0.004675                  -0.22145446293411683
0.0047                    -0.22196396535807567
0.004725                  -0.22389705636680826
0.00475                   -0.22838674857407149
0.004775000000000001      -0.236588632023636
0.0048000000000000004     -0.24958180749539374
0.004825                  -0.26826137468986117
0.00485                   -0.2932306391737006
0.004875                  -0.3247022573497379
0.0049                    -0.3624185162012127
0.0049250000000000006     -0.4056018850935872
0.00495                   -0.4529476108762257
0.004975                  -0.5026697642402782
0.005                     -0.5526097064638338
0.005025                  -0.6004102490593796
0.005050000000000001      -0.6437491393692887
0.0050750000000000005     -0.6806125564335384
0.0051                    -0.709575648545468
0.005125                  -0.7300472127233761
0.00515                   -0.7424342134457431
0.005175                  -0.7481917081849649
0.005200000000000001      -0.7497434565219945
0.0052250000000000005     -0.7502822918535497
0.00525                   -0.7534795882527983
0.005275                  -0.7631439718376908
0.0053                    -0.7828692444124224
0.005325                  -0.8157031326742558
0.005350000000000001      -0.8638571446409872
0.0053750000000000004     -0.9284685786342608
0.0054                    -1.0094218972370153
0.005425                  -1.1052392759610772
0.00545                   -1.213057973201571
0.005475                  -1.328721839211068
0.0055000000000000005     -1.447019991921954
0.005525                  -1.5620996159778133
0.00555                   -1.668054447276589
0.005575                  -1.759643766679849
0.0056                    -1.8330387213600943
0.005625000000000001      -1.8864478629405943
0.0056500000000000005     -1.9204713682055035
0.005675                  -1.9380882221719762
0.0057                    -1.944276554001605
0.005725                  -1.945362338426613
0.00575                   -1.9482443769176039
0.005775000000000001      -1.9596389320959362
0.0058000000000000005     -1.9854413909265964
0.005825                  -2.030244802405467
0.00585                   -2.0970106145843954
0.005875                  -2.186865872707134
0.0059                    -2.2990022179561267
0.005925000000000001      -2.4306683415086514
0.00595                   -2.5772708157462665
0.005975                  -2.7326195181635304
0.006                     -2.8893625560884466
0.006025                  -3.0396396405058197
0.006050000000000001      -3.175933635917765
0.0060750000000000005     -3.2920224211874825
0.0061                    -3.383854706575718
0.006125                  -3.450139322847715
0.00615                   -3.4924843334637625
0.006175                  -3.5150446869818026
0.006200000000000001      -3.5237803967970853
0.0062250000000000005     -3.525522164591906
0.00625                   -3.5270521381010584
0.006275                  -3.5343495133224128
0.0063                    -3.552068321910559
0.006325                  -3.583247271641935
0.006350000000000001      -3.629215578187583
0.0063750000000000005     -3.689651091180808
0.0064                    -3.76275553943116
0.006425                  -3.845524130140347
0.00645                   -3.9340944007689735
0.006475000000000001      -4.024157839178195
0.006500000000000001      -4.1114073380456775
0.006525                  -4.191978251884355
0.00655                   -4.262828355489207
0.006575                  -4.322000881937606
0.0066                    -4.3687301289182825
0.006625000000000001      -4.403378797134655
0.0066500000000000005     -4.42723093469704
0.006675                  -4.442191944933318
0.0067                    -4.4504588716943845
0.006725                  -4.454218730139694
0.00675                   -4.455415198622523
0.006775000000000001      -4.455602374077548
0.0068000000000000005     -4.455885077179341
0.006825                  -4.456931790447315
0.00685                   -4.459039266344128
0.006875                  -4.462226082114018
0.006900000000000001      -4.4663344176122415
0.006925000000000001      -4.471123711481365
0.0069500000000000004     -4.476345484478037
0.006975                  -4.48179453276891
0.007                     -4.487336990654257
0.007025                  -4.492919669368041
0.007050000000000001      -4.498567090700528
0.0070750000000000006     -4.50437264406283
0.0071                    -4.510488632233073
0.007125                  -4.5171173144795205
0.00715                   -4.524502259538568
0.007175                  -4.532917200545986
0.007200000000000001      -4.542648730203577
0.0072250000000000005     -4.553969832822633
0.00725                   -4.5671032888697445
0.007275                  -4.58217695476551
0.0073                    -4.599176163137215
0.007325000000000001      -4.617901294976619
0.007350000000000001      -4.637940292038365
0.0073750000000000005     -4.658665980165225
0.0074                    -4.679266203373728
0.007425                  -4.698810787232096
0.00745                   -4.716353456218849
0.007475000000000001      -4.7310597156339576
0.007500000000000001      -4.742344664333153
0.0075250000000000004     -4.749999503534049
0.00755                   -4.754283956999341
0.007575                  -4.755965048630983
0.0076                    -4.756290488189051
0.007625000000000001      -4.7568955736105405
0.0076500000000000005     -4.759653328481546
0.007675                  -4.766485924937046
0.0077                    -4.77915975131504
0.007725                  -4.799086758413734
0.00775                   -4.827152185879221
0.007775000000000001      -4.863585119840569
0.0078000000000000005     -4.907884886525343
0.007825                  -4.9588134596603215
0.007850000000000001      -5.0144612360243705
0.007875                  -5.072389345455138
0.0079                    -5.129844626352698
0.007925                  -5.18403283462324
0.00795                   -5.232422638508096
0.007975000000000001      -5.273040791277721
0.008                     -5.3047124579054845
0.008025000000000001      -5.327204447066593
0.00805                   -5.3412444172976405
0.008075                  -5.348412641194072
0.0081                    -5.350927500359762
0.008125                  -5.351363900136644
0.008150000000000001      -5.352350663366026
0.008175                  -5.356288842114084
0.0082                    -5.365121645484247
0.008225                  -5.380173356709538
0.00825                   -5.402063094707337
0.008275000000000001      -5.430691283048336
0.0083                    -5.465291996113951
0.008325                  -5.504541654294648
0.00835                   -5.546712382269138
0.008375                  -5.589855800340773
0.008400000000000001      -5.632000040689754
0.008425                  -5.671340204050774
0.008450000000000001      -5.70640167390672
0.008475                  -5.736157971946536
0.0085                    -5.760090662723095
0.008525                  -5.778187450028344
0.00855                   -5.790884170829766
0.008575000000000001      -5.798964540140348
0.0086                    -5.803436337148691
0.008625                  -5.805403480156284
0.00865                   -5.8059505958866815
0.008675                  -5.806051580599504
0.008700000000000001      -5.806507839841486
0.008725                  -5.807916655892619
0.00875                   -5.810666209957255
0.008775                  -5.814951406845185
0.0088                    -5.820803682990019
0.008825000000000001      -5.828128117216348
0.00885                   -5.83674205735578
0.008875000000000001      -5.846410802162454
0.0089                    -5.856877368542989
0.008925                  -5.867884819404169
0.00895                   -5.879190877120836
0.008975                  -5.890575511447986
0.009000000000000001      -5.901842837396636
0.009025                  -5.912819008552191
0.00905                   -5.9233479006532495
0.009075                  -5.933286318661233
0.0091                    -5.94250028863864
0.009125000000000001      -5.950863748542449
0.00915                   -5.958260633722836
0.009175                  -5.964590944494375
0.0092                    -5.96978086073749
0.009225                  -5.973796326800818
0.009250000000000001      -5.976658803326636
0.009275                  -5.978461155618362
0.009300000000000001      -5.97938105004209
0.009325                  -5.9796889107888
0.00935                   -5.979747582524447
0.009375                  -5.980001425972698
0.0094                    -5.980953631798819
0.009425000000000001      -5.983131967162176
0.00945                   -5.987044788135414
0.009475                  -5.99313074435941
0.0095                    -6.001706963937462
0.009525                  -6.012921470963256
0.009550000000000001      -6.0267160355605025
0.009575                  -6.042805496560357
0.009600000000000001      -6.060678745303116
0.009625                  -6.07962492944826
0.00965                   -6.098785971388781
0.009675000000000001      -6.117233244789051
0.0097                    -6.134062467607647
0.009725000000000001      -6.148497083276351
0.00975                   -6.15998740747044
0.009775                  -6.168291508086349
0.0098                    -6.173524854567342
0.009825                  -6.176169391468979
0.009850000000000001      -6.177038324648412
0.009875                  -6.1771994029533515
0.0099                    -6.177865427806163
0.009925                  -6.180264954137021
0.00995                   -6.185508087539909
0.009975000000000001      -6.194462053782778
0.01                      -6.207649427685426
0.010025000000000001      -6.22517930369826
0.01005                   -6.246718817793225
0.010075                  -6.27150945966182
0.010100000000000001      -6.2984293562833855
0.010125                  -6.326098807164594
0.010150000000000001      -6.353021590851674
0.010175                  -6.377749178230438
0.0102                    -6.399049858546755
0.010225                  -6.416061338861433
0.01025                   -6.428405155431437
0.010275000000000001      -6.436245191565307
0.0103                    -6.4402804802461
0.010325                  -6.441672664155968
0.01035                   -6.441918503509935
0.010375                  -6.442685263216784
0.010400000000000001      -6.445630277434801
0.010425                  -6.452225483670776
0.010450000000000001      -6.463604384838884
0.010475                  -6.480444348547302
0.0105                    -6.502892769114831
0.010525000000000001      -6.530542114628963
0.01055                   -6.562456219709532
0.010575000000000001      -6.597247755837598
0.0106                    -6.633203781975977
0.010625                  -6.668452007253828
0.01065                   -6.701154841271187
0.010675                  -6.729712296112588
0.010700000000000001      -6.752950012442356
0.010725                  -6.770267157648656
0.010750000000000001      -6.781722243940942
0.010775                  -6.78804320374966
0.0108                    -6.790559707597601
0.010825000000000001      -6.791067746449312
0.01085                   -6.791645799418562
0.010875000000000001      -6.7944464589625655
0.0109                    -6.801486971974454
0.010925                  -6.814458145071734
0.01095                   -6.834565581995157
0.010975                  -6.862412227707266
0.011000000000000001      -6.897927859374283
0.011025                  -6.940349679782488
0.01105                   -6.988257857998348
0.011075                  -7.039669452527537
0.0111                    -7.092192130940602
0.011125000000000001      -7.143234183070117
0.01115                   -7.190259063995667
0.011175000000000001      -7.231062105915502
0.0112                    -7.264036849301312
0.011225                  -7.2883926185133605
0.011250000000000001      -7.3042871460031975
0.011275                  -7.312849550065176
0.011300000000000001      -7.316087493163255
0.011325                  -7.316692500034122
0.01135                   -7.3177730657261435
0.011375                  -7.322552283990952
0.0114                    -7.334064882163178
0.011425000000000001      -7.354880591981127
0.01145                   -7.386870970780004
0.011475                  -7.431028881670279
0.0115                    -7.487346003755223
0.011525                  -7.554754289563803
0.011550000000000001      -7.6311409294562536
0.011575                  -7.7134505352720115
0.011600000000000001      -7.797889322149873
0.011625                  -7.880240043438977
0.01165                   -7.9562803115281
0.011675000000000001      -8.022271044525695
0.0117                    -8.07545208565409
0.011725000000000001      -8.114460220475626
0.01175                   -8.139583941735935
0.011775                  -8.152796003360429
0.0118                    -8.15755288479955
0.011825                  -8.15840199490376
0.011850000000000001      -8.160472952178354
0.011875                  -8.168937795953893
0.0119                    -8.188509255464718
0.011925                  -8.223018319280573
0.01195                   -8.27508570225643
0.011975000000000001      -8.34588524673644
0.012                     -8.434993690060598
0.012025000000000001      -8.540328944156654
0.01205                   -8.658193694141158
0.012075                  -8.783456256723348
0.012100000000000001      -8.909907429739285
0.012125                  -9.030819990995244
0.012150000000000001      -9.139698219850855
0.012175                  -9.231140109192328
0.0122                    -9.30166476934141
0.012225                  -9.350318409520272
0.01225                   -9.378898345516705
0.012275000000000001      -9.391729426976381
0.0123                    -9.395052454232317
0.012325000000000001      -9.396180386254562
0.01235                   -9.402605853780937
0.012375                  -9.421205419224473
0.012400000000000001      -9.457616127310686
0.012425                  -9.515795455598475
0.012450000000000001      -9.59773812538134
0.012475                  -9.703315705987961
0.0125                    -9.830220538003973
0.012525000000000001      -9.974024100219985
0.01255                   -10.128390672953715
0.012575000000000001      -10.285506879714458
0.0126                    -10.436779802435282
0.012625                  -10.573805084287113
0.01265                   -10.689510075694496
0.012675                  -10.779264727551464
0.012700000000000001      -10.841685785870734
0.012725                  -10.878898719546546
0.012750000000000001      -10.896173782216517
0.012775                  -10.901048106169824
0.0128                    -10.902182704921504
0.012825000000000001      -10.908223008576389
0.01285                   -10.92685264858849
0.012875000000000001      -10.96411713935999
0.0129                    -11.02400445517853
0.012925                  -11.108227093161405
0.012950000000000001      -11.216150376108969
0.012975                  -11.344838197127094
0.013000000000000001      -11.489223676913916
0.013025                  -11.642444030146814
0.01305                   -11.796391968382059
0.013075                  -11.942515159153679
0.0131                    -12.07283117801932
0.013125000000000001      -12.181027747396772
0.01315                   -12.263426535953883
0.013175000000000001      -12.319562628412381
0.0132                    -12.352210598377845
0.013225                  -12.366850634912216
0.013250000000000001      -12.370734637407281
0.013275                  -12.371799999500317
0.013300000000000001      -12.377660821185577
0.013325                  -12.394818225412951
0.01335                   -12.428132444754421
0.013375000000000001      -12.48053099846629
0.0134                    -12.552900753132958
0.013425000000000001      -12.644117484063106
0.01345                   -12.751188894882459
0.013475                  -12.869511711250293
0.0135                    -12.993259400943671
0.013525                  -13.115915650317021
0.013550000000000001      -13.23094459952674
0.013575                  -13.332543929290935
0.013600000000000001      -13.416375115853604
0.013625                  -13.480131830081763
0.01365                   -13.52381801685402
0.013675000000000001      -13.549669024875996
0.0137                    -13.561740853325501
0.013725000000000001      -13.565273910265256
0.01375                   -13.565975073422162
0.013775                  -13.569348197502125
0.013800000000000002      -13.580156779872585
0.013825                  -13.602050204407643
0.013850000000000001      -13.637346362094107
0.013875                  -13.686945020252548
0.013900000000000001      -13.750344845429236
0.013925                  -13.825745256427036
0.01395                   -13.910225086578926
0.013975000000000001      -13.999997684093312
0.014                     -14.090742617600583
0.014025000000000001      -14.178005586881387
0.01405                   -14.257641300168977
0.014075                  -14.326253641263339
0.014100000000000001      -14.381571707740164
0.014125                  -14.422698439202605
0.014150000000000001      -14.45018575416495
0.014175                  -14.465923361968569
0.0142                    -14.472866638176093
0.014225000000000002      -14.474658417257565
0.01425                   -14.475211130910125
0.014275000000000001      -14.478308898743004
0.0143                    -14.487270659634152
0.014325000000000001      -14.504694301968872
0.01435                   -14.532285025832657
0.014375                  -14.570761920554485
0.014400000000000001      -14.619834585346567
0.014425                  -14.678244197808974
0.014450000000000001      -14.74386769644661
0.014475                  -14.813886692781036
0.0145                    -14.885021825028515
0.014525000000000001      -14.953826887536572
0.01455                   -15.017025253668884
0.014575000000000001      -15.071856322777112
0.0146                    -15.116386971838093
0.014625                  -15.149738475248114
0.014650000000000002      -15.172187607609706
0.014675                  -15.185121531700101
0.014700000000000001      -15.190853823033812
0.014725                  -15.192334499947995
0.014750000000000001      -15.192802274162872
0.014775                  -15.19542933125716
0.0148                    -15.203000232185014
0.014825000000000001      -15.21765268240674
0.01485                   -15.240694653586594
0.014875000000000001      -15.27250315864955
0.0149                    -15.312505564691074
0.014925                  -15.359243156934284
0.014950000000000001      -15.410516026843485
0.014975                  -15.46360537780511
0.015000000000000001      -15.51556200563424
0.015025                  -15.563537880076145
0.015050000000000001      -15.60512394486381
0.015075                  -15.638646516986094
0.0151                    -15.663372923604664
0.015125000000000001      -15.679588081901594
0.01515                   -15.688526537022598
0.015175000000000001      -15.692172628279451
0.0152                    -15.692965969113535
0.015225                  -15.693463150722726
0.015250000000000001      -15.696007379751343
0.015275                  -15.70244858169865
0.015300000000000001      -15.713942810909336
0.015325                  -15.730846488782106
0.01535                   -15.752710463328015
0.015375000000000002      -15.778370937912651
0.0154                    -15.80612717497642
0.015425000000000001      -15.833987709916336
0.01545                   -15.859957122513384
0.015475000000000001      -15.882325863251767
0.0155                    -15.899919782815331
0.015525                  -15.912267855019591
0.015550000000000001      -15.919658259011653
0.015575                  -15.923072971995737
0.015600000000000001      -15.924014140534315
0.015625                  -15.924255089029502
0.01565                   -15.925559845125221
0.015675                  -15.92941612578519
0.015700000000000002      -15.936819954225236
0.015725                  -15.948139216708439
0.01575                   -15.963071731135123
0.015775                  -15.9807022329547
0.0158                    -15.999651869683726
0.015825000000000002      -16.018302531130338
0.01585                   -16.035066631320202
0.015875                  -16.048662565959138
0.0159                    -16.058350410951306
0.015925                  -16.064085134181486
0.015950000000000002      -16.066557296192578
0.015975                  -16.06711188079031
0.016                     -16.067559053150664
0.016025                  -16.06990971016227
0.016050000000000002      -16.0760790323316
0.016075000000000002      -16.087602018747504
0.0161                    -16.10539873425407
0.016125                  -16.129617638120735
0.01615                   -16.159575950742763
0.016175000000000002      -16.193807473004693
0.0162                    -16.230219455271556
0.016225                  -16.266348957392246
0.01625                   -16.299694437522408
0.016275                  -16.328081414963908
0.016300000000000002      -16.350006621718947
0.016325                  -16.364899791181756
0.01635                   -16.373251552053055
0.016375                  -16.376580091990572
0.0164                    -16.377241905567583
0.016425000000000002      -16.378122402775436
0.01645                   -16.382260931136962
0.016475                  -16.392468115965517
0.0165                    -16.410984247110353
0.016525                  -16.439212478848738
0.016550000000000002      -16.477546446495754
0.016575                  -16.52530220328801
0.0166                    -16.580759204225103
0.016625                  -16.641311719029627
0.01665                   -16.703726668801227
0.016675000000000002      -16.76449322811791
0.0167                    -16.820232962252966
0.016725                  -16.868120168203337
0.01675                   -16.906247816018105
0.016775                  -16.93387367696825
0.016800000000000002      -16.95149893090138
0.016825                  -16.960764999912236
0.01685                   -16.96419291050393
0.016875                  -16.964819725670086
0.016900000000000002      -16.965799383602615
0.016925000000000003      -16.970029835100352
0.01695                   -16.979850959959993
0.016975                  -16.99683703140733
0.017                     -17.021690132436355
0.017025000000000002      -17.054229630520638
0.01705                   -17.093466916024443
0.017075                  -17.137751703933645
0.0171                    -17.18497380156021
0.017125                  -17.232800897582255
0.017150000000000002      -17.27892870632999
0.017175                  -17.321316234611764
0.0172                    -17.358378335342767
0.017225                  -17.389112023624453
0.01725                   -17.4131426701214
0.017275000000000002      -17.430689446837707
0.0173                    -17.442462924206225
0.017325                  -17.449517870645014
0.01735                   -17.453088696198026
0.017375                  -17.4544332882604
0.017400000000000002      -17.4547047330201
0.017425                  -17.454862022983885
0.01745                   -17.455622607431145
0.017475                  -17.457453072817707
0.0175                    -17.460589981787162
0.017525000000000002      -17.46508091849442
0.01755                   -17.470835685789456
0.017575                  -17.477678852388102
0.0176                    -17.485396932495934
0.017625000000000002      -17.493775920035887
0.017650000000000002      -17.502627280840453
0.017675                  -17.51180249864412
0.0177                    -17.521197659396456
0.017725                  -17.530750271034343
0.017750000000000002      -17.540430627081452
0.017775                  -17.5502297245752
0.0178                    -17.560145291361138
0.017825                  -17.57016710408359
0.01785                   -17.580262649084208
0.017875000000000002      -17.590364339456176
0.0179                    -17.600359872241803
0.017925                  -17.610087706924705
0.01795                   -17.61933983209429
0.017975                  -17.627873732008684
0.018000000000000002      -17.63543461430835
0.018025                  -17.64178749371968
0.01805                   -17.64675679599581
0.018075                  -17.650269079291206
0.0181                    -17.652392724973108
0.018125000000000002      -17.653367516310173
0.01815                   -17.653617285407265
0.018175                  -17.653740409415633
0.0182                    -17.65447570270452
0.018225                  -17.65664471717568
0.018250000000000002      -17.66107500135242
0.018275                  -17.668511876267672
0.0183                    -17.679528341259434
0.018325                  -17.6944436540898
0.01835                   -17.713260969386
0.018375000000000002      -17.73563327918899
0.0184                    -17.760864842357947
0.018425                  -17.787952270859876
0.01845                   -17.81566536716157
0.018475000000000002      -17.842662713090455
0.018500000000000003      -17.867631291741205
0.018525                  -17.889433996284186
0.01855                   -17.90724511860511
0.018575                  -17.920653277456367
0.018600000000000002      -17.929714672368352
0.018625                  -17.934946861964114
0.01865                   -17.93726300209165
0.018675                  -17.937856305839162
0.0187                    -17.938052057075073
0.018725000000000002      -17.93914832508023
0.01875                   -17.942266361912424
0.018775                  -17.948228374052594
0.0188                    -17.957475303994684
0.018825                  -17.97003167333567
0.018850000000000002      -17.985519176106347
0.018875                  -18.003215807393598
0.0189                    -18.02215282831735
0.018925                  -18.041237812778895
0.01895                   -18.059388698195708
0.018975000000000002      -18.075661816420283
0.019                     -18.089357095159702
0.019025                  -18.10008653150869
0.01905                   -18.1077975515862
0.019075                  -18.112750086895886
0.019100000000000002      -18.115453610792663
0.019125                  -18.116576358920867
0.01915                   -18.116842313344115
0.019175                  -18.116931853421654
0.019200000000000002      -18.11739964500152
0.019225000000000003      -18.118619233007323
0.01925                   -18.120758926884726
0.019275                  -18.123788771867424
0.0193                    -18.12751426258059
0.019325000000000002      -18.131629327463063
0.019350000000000003      -18.135779198509272
0.019375                  -18.139623205032255
0.0194                    -18.142888329315653
0.019425                  -18.145406429147467
0.019450000000000002      -18.147131062139806
0.019475                  -18.148133338936425
0.0195                    -18.148579575145433
0.019525                  -18.14869612477949
0.01955                   -18.148728256461958
0.019575000000000002      -18.148900135729967
0.0196                    -18.14938202471402
0.019625                  -18.15026901937531
0.01965                   -18.151573418125103
0.019675                  -18.15323055183233
0.019700000000000002      -18.155115934397664
0.019725                  -18.157070151549387
0.01975                   -18.158927130266832
0.019775                  -18.160541362013053
0.0198                    -18.16181023535739
0.019825000000000002      -18.16268872595887
0.01985                   -18.163195083430157
0.019875                  -18.163407598648615
0.0199                    -18.16345379418703
0.019925000000000002      -18.163494271974653
0.019950000000000002      -18.1637038803413
0.019975                  -18.16425282816581
0.02                      -18.165289960479956
0.020025                  -18.166929753014337
0.020050000000000002      -18.169243833916592
0.020075000000000003      -18.17225713452562
0.0201                    -18.17594820668709
0.020125                  -18.180252876340845
0.02015                   -18.1850702444729
0.020175000000000002      -18.190270075813253
0.020200000000000003      -18.19570078929277
0.020225                  -18.201197527395152
0.02025                   -18.206590077212322
0.020275                  -18.21171069161678
0.020300000000000002      -18.216402069862422
0.020325                  -18.22052586804251
0.02035                   -18.22397209639349
0.020375                  -18.226669609162013
0.0204                    -18.228597604498596
0.020425000000000002      -18.22979764561692
0.02045                   -18.230385231616893
0.020475                  -18.230559452518527
0.0205                    -18.230608844923466
0.020525                  -18.23091132016446
0.020550000000000002      -18.23192605837723
0.020575                  -18.234175617532607
0.0206                    -18.2382172228301
0.020625                  -18.244603256826142
0.02065                   -18.25383229726935
0.020675000000000002      -18.266293549407074
0.0207                    -18.282209077207092
0.020725                  -18.301579726101814
0.02075                   -18.32414189538237
0.020775000000000002      -18.349343150671594
0.020800000000000003      -18.37634476280732
0.020825                  -18.404058215807538
0.02085                   -18.43122010299371
0.020875                  -18.45650531738422
0.020900000000000002      -18.478672129098374
0.020925000000000003      -18.4967253961018
0.02095                   -18.510077335641697
0.020975                  -18.51868109170746
0.021                     -18.523112710137855
0.021025000000000002      -18.5245829327549
0.021050000000000003      -18.524870548552933
0.021075                  -18.52618133966302
0.0211                    -18.53094767985523
0.021125                  -18.54159099418768
0.021150000000000002      -18.56027166069921
0.021175                  -18.588649456455922
0.0212                    -18.627674414224096
0.021225                  -18.67742517074012
0.02125                   -18.737010926200814
0.021275000000000002      -18.80455393023136
0.0213                    -18.8772702255831
0.021325                  -18.95166400008553
0.02135                   -19.023841463618215
0.021375                  -19.089930990158244
0.021400000000000002      -19.146568454879347
0.021425                  -19.19137734458776
0.02145                   -19.22335474167447
0.021475                  -19.24307915611448
0.021500000000000002      -19.252688785310127
0.021525000000000002      -19.25563011021261
0.02155                   -19.256227523238824
0.021575                  -19.259156062667643
0.0216                    -19.268903230579504
0.021625000000000002      -19.289287626784056
0.021650000000000003      -19.323074824815368
0.021675                  -19.371707192550335
0.0217                    -19.435151232613286
0.021725                  -19.51186406299496
0.021750000000000002      -19.598885722625514
0.021775000000000003      -19.69206924170234
0.0218                    -19.7864580998317
0.021825                  -19.87680428665785
0.02185                   -19.95818788877672
0.021875000000000002      -20.02665792035723
0.0219                    -20.07978088186947
0.021925                  -20.116979168586624
0.02195                   -20.13957804092437
0.021975                  -20.1505492214373
0.022000000000000002      -20.154013985995093
0.022025                  -20.15461823785565
0.02205                   -20.15690102552081
0.022075                  -20.16475243281826
0.0221                    -20.181016079954812
0.022125000000000002      -20.207254492487646
0.02215                   -20.24367212769238
0.022175                  -20.289180976880118
0.0222                    -20.341591652462103
0.022225                  -20.397911619540995
0.022250000000000002      -20.454726487321928
0.022275                  -20.508628570389593
0.0223                    -20.556642430612932
0.022325                  -20.596586854189127
0.022350000000000002      -20.627314636022298
0.022375000000000003      -20.64878990876643
0.0224                    -20.66199459814182
0.022425                  -20.66869103990092
0.02245                   -20.671094879198936
0.022475000000000002      -20.671523192431373
0.022500000000000003      -20.672076837434933
0.022525                  -20.67439897305604
0.02255                   -20.679531100208344
0.022575                  -20.687869693002376
0.022600000000000002      -20.699213064792733
0.022625000000000003      -20.712879455917907
0.02265                   -20.72787223281955
0.022675                  -20.743065565952957
0.0227                    -20.757383819491707
0.022725000000000002      -20.76995056429397
0.02275                   -20.78018899465967
0.022775                  -20.787864233073297
0.0228                    -20.793068164882563
0.022825                  -20.796156955301882
0.022850000000000002      -20.79765818808425
0.022875                  -20.79816734876159
0.0229                    -20.798252058777067
0.022925                  -20.798377997148027
0.02295                   -20.79886431733734
0.022975000000000002      -20.799870074343584
0.023                     -20.801407859169394
0.023025                  -20.803377161851063
0.02305                   -20.805608196976753
0.023075000000000002      -20.807906956908017
0.023100000000000002      -20.810093805251128
0.023125                  -20.81203051020921
0.02315                   -20.813633655333533
0.023175                  -20.814875241338243
0.023200000000000002      -20.81577348433799
0.023225000000000003      -20.816377996335543
0.02325                   -20.816753632073333
0.023275                  -20.81696647877377
0.0233                    -20.817074103772363
0.023325000000000002      -20.81712067979321
0.023350000000000003      -20.81713635787322
0.023375                  -20.81713950825106
0.0234                    -20.817140286306667
0.023425                  -20.817144322469815
0.023450000000000002      -20.81715597180611
0.023475000000000003      -20.817181218618494
0.0235                    -20.817230758105502
0.023525                  -20.817323803134414
0.02355                   -20.81749275756867
0.023575000000000002      -20.81778817428288
0.0236                    -20.818282612561685
0.023625                  -20.819071421962686
0.02365                   -20.820268382095563
0.023675                  -20.821994691385818
0.023700000000000002      -20.82436103184621
0.023725                  -20.82744416781229
0.02375                   -20.83126143333135
0.023775                  -20.83574809809178
0.0238                    -20.840743533144703
0.023825000000000002      -20.845991951152385
0.02385                   -20.851162042324113
0.023875                  -20.855887052849127
0.0239                    -20.859823022569955
0.023925000000000002      -20.86271859414692
0.023950000000000003      -20.864485894510935
0.023975                  -20.86525948090099
0.024                     -20.86543012428981
0.024025                  -20.865642713836827
0.024050000000000002      -20.86675256973651
0.024075000000000003      -20.869741030710305
0.0241                    -20.875598015935605
0.024125                  -20.885185071886468
0.02415                   -20.899096360072186
0.024175000000000002      -20.917536853246325
0.024200000000000003      -20.940236817616345
0.024225                  -20.966419634101175
0.02425                   -20.99483602129316
0.024275                  -21.02387126793793
0.024300000000000002      -21.051722638224245
0.024325000000000003      -21.07663184092358
0.02435                   -21.097143989352215
0.024375                  -21.112353229189868
0.0244                    -21.122090576846347
0.024425000000000002      -21.127014965944603
0.02445                   -21.12858437068917
0.024475                  -21.128906346132233
0.0245                    -21.13048972269751
0.024525                  -21.135935058306842
0.024550000000000002      -21.147607507881943
0.024575                  -21.167332939898685
0.0246                    -21.196150259613642
0.024625                  -21.234144310722066
0.024650000000000002      -21.280377089031756
0.024675000000000002      -21.332930346894067
0.0247                    -21.389067623226996
0.024725                  -21.44551471354847
0.02475                   -21.498841755505413
0.024775000000000002      -21.545907745195656
0.024800000000000003      -21.58430468092653
0.024825                  -21.612723408157706
0.02485                   -21.631166806751413
0.024875                  -21.64096243573033
0.024900000000000002      -21.644569854289564
0.024925000000000003      -21.645222555977554
0.02495                   -21.64647493613089
0.024975                  -21.651732807607715
0.025                     -21.663834284719474
0.025025000000000002      -21.684726066714042
0.025050000000000003      -21.715258550432978
0.025075                  -21.755107874922707
0.0251                    -21.802824634122338
0.025125                  -21.856004317385093
0.025150000000000002      -21.911568791863225
0.025175000000000003      -21.966137573387194
0.0252                    -22.01645165122303
0.025225                  -22.059795093751177
0.02525                   -22.094348277198005
0.025275000000000002      -22.11940964996448
0.0253                    -22.135444339591896
0.025325                  -22.14395336252499
0.02535                   -22.14719522046088
0.025375                  -22.147819287221186
0.025400000000000002      -22.148479899728876
0.025425                  -22.151492094894397
0.02545                   -22.158571343312126
0.025475                  -22.17067869445234
0.025500000000000002      -22.187975185180342
0.025525000000000003      -22.20987704894649
0.02555                   -22.235195211919958
0.025575                  -22.262336807484104
0.0256                    -22.289541656800814
0.025625000000000002      -22.315122981113188
0.025650000000000003      -22.337680488603468
0.025675                  -22.35625727130801
0.0257                    -22.3704206119137
0.025725                  -22.380259904139056
0.025750000000000002      -22.38630957355657
0.025775000000000003      -22.38941740286105
0.0258                    -22.39058595183062
0.025825                  -22.39081561223243
0.02585                   -22.39097309282848
0.025875000000000002      -22.39170094970186
0.025900000000000003      -22.393374583504077
0.025925                  -22.396104806594366
0.02595                   -22.399777719180317
0.025975                  -22.404119628167095
0.026000000000000002      -22.408773100606485
0.026025                  -22.41337077855299
0.02605                   -22.417595976165888
0.026075                  -22.42122285073741
0.0261                    -22.424133413701735
0.026125000000000002      -22.42631302122898
0.02615                   -22.427829475557772
0.026175                  -22.42880290834293
0.0262                    -22.429373985881355
0.026225000000000002      -22.42967683125865
0.026250000000000002      -22.42982085535377
0.026275                  -22.429883032807286
0.0263                    -22.429909652808142
0.026325                  -22.429924697658734
0.026350000000000002      -22.42994104190415
0.026375000000000003      -22.429970692447043
0.0264                    -22.43003117395288
0.026425                  -22.43014661429118
0.02645                   -22.430343723084846
0.026475000000000002      -22.430644298010996
0.026500000000000003      -22.43105682791367
0.026525                  -22.431570012158254
0.02655                   -22.432150564419082
0.026575                  -22.432746648244432
0.026600000000000002      -22.433296944693126
0.026625000000000003      -22.433743979102946
0.02665                   -22.43404923100492
0.026675                  -22.43420695422167
0.0267                    -22.434253672948063
0.026725000000000002      -22.43427099107425
0.026750000000000003      -22.434380520692777
0.026775                  -22.43473116375982
0.0268                    -22.435480382517717
0.026825                  -22.4367722007401
0.026850000000000002      -22.438715293939385
0.026875                  -22.441364564155563
0.0269                    -22.44470907694559
0.026925                  -22.448668279374857
0.02695                   -22.453097191649892
0.026975000000000002      -22.45779996951454
0.027                     -22.46255006300348
0.027025                  -22.46711431540446
0.02705                   -22.47127787398057
0.027075000000000002      -22.47486677913891
0.027100000000000003      -22.477765547051497
0.027125                  -22.479927874733207
0.02715                   -22.48137962845606
0.027175                  -22.4822143454842
0.027200000000000002      -22.482582408686724
0.027225000000000003      -22.482675706923672
0.02725                   -22.48270989974808
0.027275                  -22.482906364225826
0.0273                    -22.483475578083212
0.027325000000000002      -22.48460318961717
0.027350000000000003      -22.48643945530887
0.027375                  -22.48909219333649
0.0274                    -22.492622980184215
0.027425                  -22.497046049805487
0.027450000000000002      -22.502329250128344
0.027475000000000003      -22.508396454720085
0.0275                    -22.515130985759928
0.027525                  -22.52237983608035
0.02755                   -22.529958736695423
0.027575000000000002      -22.537658354754598
0.027600000000000003      -22.545252079025246
0.027625                  -22.5525059125233
0.02765                   -22.559190907926897
0.027675                  -22.5650983266706
0.027700000000000002      -22.570057274199385
0.027725                  -22.573953989765396
0.02775                   -22.576751315377628
0.027775                  -22.578506239152713
0.027800000000000002      -22.579382934756033
0.027825000000000003      -22.579658536813202
0.02785                   -22.579719111407975
0.027875                  -22.580043952453913
0.0279                    -22.581177431918498
0.027925000000000002      -22.583689048603198
0.027950000000000003      -22.588123892039135
0.027975                  -22.594947276825835
0.028                     -22.60448863056363
0.028025                  -22.616890686873955
0.028050000000000002      -22.632070520840287
0.028075000000000003      -22.649698848381824
0.0281                    -22.669203156648198
0.028125                  -22.68979848856626
0.02815                   -22.71054695829229
0.028175000000000002      -22.730443356437206
0.028200000000000003      -22.74851982162989
0.028225                  -22.76395818415377
0.02825                   -22.776195236162152
0.028275                  -22.785004962001715
0.028300000000000002      -22.790543488430615
0.028325000000000003      -22.79334729999535
0.02835                   -22.794282315244388
0.028375                  -22.79444920637966
0.0284                    -22.795057119173443
0.028425000000000002      -22.797282355223963
0.028450000000000003      -22.80213005787489
0.028475                  -22.81031575894941
0.0285                    -22.8221805605688
0.028525000000000002      -22.83764957127309
0.028550000000000002      -22.856238547266052
0.028575                  -22.877108714370742
0.0286                    -22.899164479601968
0.028625                  -22.921183310945036
0.028650000000000002      -22.941961993332693
0.028675000000000003      -22.960459765519975
0.0287                    -22.975917773490764
0.028725                  -22.987936850465964
0.02875                   -22.996502007030323
0.028775000000000002      -23.00195115159395
0.028800000000000003      -23.004895418598238
0.028825                  -23.006106694987245
0.02885                   -23.00639266795015
0.028875                  -23.00648023423267
0.028900000000000002      -23.006924829914645
0.028925000000000003      -23.008057333248107
0.02895                   -23.009973059660943
0.028975                  -23.012560246146087
0.029                     -23.01555926951815
0.029025000000000002      -23.01863939362725
0.029050000000000003      -23.02147767732251
0.029075                  -23.02382518911425
0.0291                    -23.025548906392068
0.029125                  -23.026643144932915
0.029150000000000002      -23.027211031146095
0.029175000000000003      -23.027422990775616
0.0292                    -23.027464073563312
0.029225                  -23.02748412735301
0.02925                   -23.027563953020454
0.029275000000000002      -23.027706834863242
0.029300000000000003      -23.027858998872347
0.029325                  -23.027955713982557
0.02935                   -23.02798323622904
0.029375000000000002      -23.02804196492824
0.029400000000000003      -23.028394212227695
0.029425                  -23.02948157394805
0.02945                   -23.031901954075288
0.029475                  -23.036343905741514
0.029500000000000002      -23.04348454311102
0.029525000000000003      -23.053865130574316
0.02955                   -23.067764195958173
0.029575                  -23.08509088647359
0.0296                    -23.10532105797426
0.029625000000000002      -23.127495217201854
0.029650000000000003      -23.150290776621233
0.029675                  -23.17217093150317
0.0297                    -23.19159909443559
0.029725                  -23.207292748760757
0.029750000000000002      -23.218477102305172
0.029775000000000003      -23.225091613645844
0.0298                    -23.22790540945761
0.029825                  -23.228511994737808
0.02985                   -23.22919627766328
0.029875000000000002      -23.23269105237155
0.029900000000000003      -23.24185848885953
0.029925                  -23.259340587586475
0.02995                   -23.287221242446236
0.029975                  -23.326735405401337
0.030000000000000002      -23.378052813296875
0.030025000000000003      -23.440158322857606
0.03005                   -23.510848681545063
0.030075                  -23.586863941374226
0.030100000000000002      -23.664165733500937
0.030125000000000002      -23.738358880354923
0.03015                   -23.80522478334345
0.030175                  -23.861298802235428
0.0302                    -23.90439205477596
0.030225000000000002      -23.933948214160353
0.030250000000000003      -23.951150522048813
0.030275                  -23.958750435216118
0.0303                    -23.960656762516088
0.030325                  -23.96137586254181
0.030350000000000002      -23.965411878119735
0.030375000000000003      -23.976721563902466
0.0304                    -23.99828550034347
0.030425                  -24.03182373002933
0.03045                   -24.077660290104227
0.030475000000000002      -24.134730167614563
0.030500000000000003      -24.200719780438007
0.030525                  -24.272331321559506
0.03055                   -24.345655825823282
0.030575                  -24.41662628579499
0.030600000000000002      -24.481502198098898
0.030625000000000003      -24.537317815702973
0.03065                   -24.58221884199216
0.030675                  -24.615625154091546
0.0307                    -24.638191072253257
0.030725000000000002      -24.651579798838704
0.030750000000000003      -24.658108773955227
0.030775                  -24.660344159477276
0.0308                    -24.660721128450113
0.030825                  -24.66124750550283
0.030850000000000002      -24.66332168136163
0.030875000000000003      -24.667670535271572
0.0309                    -24.674394040747103
0.030925                  -24.683091075084548
0.030950000000000002      -24.693034545328388
0.030975000000000003      -24.70336206109685
0.031                     -24.713250539401695
0.031025                  -24.722049293040477
0.03105                   -24.729355968620787
0.031075000000000002      -24.73503181257628
0.031100000000000003      -24.73916480780646
0.031125                  -24.741998571592877
0.03115                   -24.74384950404502
0.031175                  -24.745033819824545
0.031200000000000002      -24.745820510845398
0.031225000000000003      -24.746417720987644
0.03125                   -24.746990624924038
0.031275000000000004      -24.747700749415422
0.0313                    -24.7487513846456
0.031325                  -24.750422297932655
0.03135                   -24.753079587716304
0.031375                  -24.757152550385495
0.031400000000000004      -24.763077479436504
0.031425                  -24.77121657467295
0.03145                   -24.781766879300303
0.031475                  -24.79467813277433
0.0315                    -24.809599011910755
0.031525000000000004      -24.825868350392906
0.03155                   -24.842561822611163
0.031575                  -24.858595736513283
0.0316                    -24.872878879500192
0.031625                  -24.88449236551652
0.031650000000000005      -24.892868510297674
0.031675                  -24.89793568363109
0.0317                    -24.90019899838817
0.031725                  -24.900736895543666
0.03175                   -24.901108987287035
0.031775000000000005      -24.903186827832158
0.0318                    -24.90893223581623
0.031825                  -24.920154597858513
0.03185                   -24.938278934411375
0.031875                  -24.964152197244125
0.031900000000000005      -24.997908886750743
0.031925                  -25.038910658902488
0.03195                   -25.08576881184129
0.031975                  -25.1364527015196
0.032                     -25.188479800797673
0.032025000000000005      -25.239173175633944
0.03205                   -25.285959956615017
0.032075                  -25.326672467484368
0.032100000000000004      -25.359806423250056
0.032125                  -25.38469255568463
0.032150000000000005      -25.401551247088584
0.032175                  -25.41142195858606
0.0322                    -25.415984052382488
0.032225000000000004      -25.417305348212093
0.03225                   -25.417564049253144
0.032275                  -25.418787596459524
0.0323                    -25.422641635344636
0.032325                  -25.430288409813233
0.032350000000000004      -25.442320693774796
0.032375                  -25.45876710194525
0.0324                    -25.479157712224097
0.032425                  -25.50263475315527
0.03245                   -25.528090843206982
0.032475000000000004      -25.554316454582956
0.0325                    -25.580138928244942
0.032525                  -25.604537749135417
0.03255                   -25.626725018815325
0.032575                  -25.646185786800277
0.032600000000000004      -25.66267922238966
0.032625                  -25.676207295192427
0.03265                   -25.686961537390182
0.032675                  -25.695259920416568
0.0327                    -25.70148490921121
0.032725000000000004      -25.70603097827793
0.03275                   -25.70926623600251
0.032775                  -25.711509264773177
0.0328                    -25.713019560729272
0.032825                  -25.713998405347326
0.032850000000000004      -25.714596621631816
0.032875                  -25.71492618603426
0.0329                    -25.715073654907066
0.032925                  -25.715114366225073
0.03295                   -25.715127024904078
0.032975000000000004      -25.715208373327748
0.033                     -25.71548719435381
0.033025                  -25.716136092756873
0.03305                   -25.71737868636611
0.033075                  -25.719489380755206
0.033100000000000004      -25.722783101799223
0.033125                  -25.727593359599624
0.03315                   -25.7342387507641
0.033175                  -25.7429802157122
0.0332                    -25.753973663589207
0.033225000000000005      -25.767224523773304
0.03325                   -25.782551976458052
0.033275                  -25.79957073340792
0.0333                    -25.817697066131487
0.033325                  -25.836183221230247
0.033350000000000005      -25.85418050733204
0.033375                  -25.870826532695833
0.0334                    -25.885347008153033
0.033425                  -25.89715823522554
0.03345                   -25.905954065665448
0.033475000000000005      -25.91176174112362
0.0335                    -25.914954964112003
0.033525                  -25.916219255914182
0.03355                   -25.916472701117115
0.033575                  -25.916752718955742
0.033600000000000005      -25.918084913454983
0.033625                  -25.921352443539046
0.03365                   -25.92718370631556
0.033675000000000004      -25.935873072890658
0.0337                    -25.947344809277805
0.033725000000000005      -25.961164869148334
0.03375                   -25.976599406404883
0.033775                  -25.99271292262018
0.033800000000000004      -26.00849334458927
0.033825                  -26.022986745152103
0.033850000000000005      -26.035421907662975
0.033875                  -26.045305526243787
0.0339                    -26.052473065835912
0.033925000000000004      -26.057087767606546
0.03395                   -26.05958952523703
0.033975                  -26.060604273771464
0.034                     -26.060831090878604
0.034025                  -26.060927125933205
0.034050000000000004      -26.06140951760414
0.034075                  -26.062589310247994
0.0341                    -26.064546175551232
0.034125                  -26.067145673135663
0.03415                   -26.070093851788133
0.034175000000000004      -26.073018039985495
0.0342                    -26.07555846059373
0.034225                  -26.077453528743725
0.03425                   -26.07860284687026
0.034275                  -26.079096031233767
0.034300000000000004      -26.07920196910921
0.034325                  -26.079320668327775
0.03435                   -26.07990695450319
0.034375                  -26.081380472141774
0.0344                    -26.084038865842565
0.034425000000000004      -26.087990449604543
0.03445                   -26.09311946481082
0.034475                  -26.099091825898295
0.0345                    -26.105402786036276
0.034525                  -26.11146098210987
0.034550000000000004      -26.11669670722423
0.034575                  -26.12067706401888
0.0346                    -26.123208026417252
0.034625                  -26.124404314980193
0.03465                   -26.12471264222839
0.034675000000000004      -26.12488159877316
0.0347                    -26.125880599495584
0.034725                  -26.12877884180702
0.03475                   -26.134601393325276
0.034775                  -26.144182435454724
0.034800000000000005      -26.158035450423228
0.034825                  -26.176257542736824
0.03485                   -26.19848106806788
0.034875                  -26.223880926896825
0.0349                    -26.25124040753218
0.034925000000000005      -26.279072162854025
0.03495                   -26.305783718473403
0.034975                  -26.329869366548806
0.035                     -26.350103779505897
0.035025                  -26.365709207412785
0.035050000000000005      -26.376469624355238
0.035075                  -26.382772448051735
0.0351                    -26.385570375197087
0.035125                  -26.38626957655128
0.03515                   -26.386562383865943
0.035175000000000005      -26.388229833035403
0.0352                    -26.392940974438748
0.035225                  -26.402072608339033
0.035250000000000004      -26.416567097414195
0.035275                  -26.4368392980985
0.035300000000000005      -26.462737885632592
0.035325                  -26.493561889151344
0.03535                   -26.528129758348893
0.035375000000000004      -26.56489502644078
0.0354                    -26.60209899245022
0.035425000000000005      -26.637946700553385
0.03545                   -26.670788438259542
0.035475                  -26.699286227501517
0.035500000000000004      -26.722544765664665
0.035525                  -26.74018995444271
0.03555                   -26.75238543343231
0.035575                  -26.75978703776208
0.0356                    -26.763444568767056
0.035625000000000004      -26.76466741632177
0.03565                   -26.76487394920896
0.035675                  -26.765444017280796
0.0357                    -26.76759032460304
0.035725                  -26.772259325370214
0.035750000000000004      -26.780067078968944
0.035775                  -26.791271112810357
0.0358                    -26.805776138121406
0.035825                  -26.82316935178925
0.03585                   -26.842779718682493
0.035875000000000004      -26.863754731674625
0.0359                    -26.885147484972286
0.035925                  -26.906006444937077
0.03595                   -26.925460193096225
0.035975                  -26.942789854996953
0.036000000000000004      -26.957483085141295
0.036025                  -26.969265380359047
0.03605                   -26.978106972574682
0.036075                  -26.984206259345562
0.0361                    -26.987953230012668
0.036125000000000004      -26.98987823685116
0.03615                   -26.99059249245995
0.036175                  -26.990726797490318
0.0362                    -26.9908743530846
0.036225                  -26.99154234167594
0.036250000000000004      -26.993115545950396
0.036275                  -26.99583384958478
0.0363                    -26.9997841701245
0.036325                  -27.004906272071874
0.03635                   -27.011010992254935
0.036375000000000005      -27.017808648615254
0.0364                    -27.024944774124133
0.036425                  -27.032039826518425
0.03645                   -27.038729215615533
0.036475                  -27.044699932487998
0.036500000000000005      -27.04972032885204
0.036525                  -27.0536602203774
0.03655                   -27.05649945691953
0.036575                  -27.058324329594154
0.0366                    -27.059312522717846
0.036625000000000005      -27.05970858948642
0.03665                   -27.059792961746624
0.036675                  -27.059848166045924
0.0367                    -27.06012614316421
0.036725                  -27.060820354819324
0.036750000000000005      -27.06204575934693
0.036775                  -27.063828829232502
0.0368                    -27.0661086619539
0.036825000000000004      -27.06874900047014
0.03685                   -27.07155973466701
0.036875000000000005      -27.074325314437118
0.0369                    -27.076836595756163
0.036925                  -27.078922094070425
0.036950000000000004      -27.08047454735226
0.036975                  -27.081469157537946
0.037000000000000005      -27.081970867562294
0.037025                  -27.08212943171038
0.03705                   -27.082162655985123
0.037075000000000004      -27.082329781787923
0.0371                    -27.08289832325736
0.037125000000000005      -27.084108561206538
0.03715                   -27.086140242252917
0.037175                  -27.08908581475439
0.037200000000000004      -27.0929338073756
0.037225                  -27.09756481822447
0.03725                   -27.102761149985565
0.037275                  -27.108229528496327
0.0373                    -27.11363472337903
0.037325000000000004      -27.118640417620338
0.03735                   -27.122952538849773
0.037375                  -27.126359661344566
0.0374                    -27.1287651685479
0.037425                  -27.13020669498432
0.037450000000000004      -27.130859876558958
0.037475                  -27.13102542234183
0.0375                    -27.131100667823297
0.037525                  -27.131538735649873
0.03755                   -27.13279992238883
0.037575000000000004      -27.1353007712943
0.0376                    -27.139366441366548
0.037625                  -27.145191518131966
0.03765                   -27.152813472599288
0.037675                  -27.162101712682727
0.037700000000000004      -27.172763708903748
0.037725                  -27.184368099191992
0.03775                   -27.19638305312253
0.037775                  -27.208226585674108
0.0378                    -27.21932408154131
0.037825000000000004      -27.22916720463399
0.03785                   -27.237367835508714
0.037875                  -27.243700887732707
0.0379                    -27.248130889684422
0.037925                  -27.250819011093867
0.037950000000000005      -27.2521095221788
0.037975                  -27.25249712892765
0.038                     -27.25257882794822
0.038025                  -27.25299553768465
0.03805                   -27.25436961052178
0.038075000000000005      -27.25724440813568
0.0381                    -27.262031566593663
0.038125                  -27.268970593346687
0.03815                   -27.278104223172626
0.038175                  -27.289271650580332
0.038200000000000005      -27.302120409155318
0.038225                  -27.31613627995522
0.03825                   -27.330689160752915
0.038275                  -27.345091331765712
0.0383                    -27.35866310797149
0.038325000000000005      -27.370799665348517
0.03835                   -27.381032129676473
0.038375                  -27.389076082903166
0.038400000000000004      -27.394861639335627
0.038425                  -27.398541157209927
0.038450000000000005      -27.400473248998004
0.038475                  -27.40118462632852
0.0385                    -27.40131398044973
0.038525000000000004      -27.401544135592424
0.03855                   -27.40252986708002
0.038575000000000005      -27.40482900251341
0.0386                    -27.40884384819924
0.038625                  -27.41477881532912
0.038650000000000004      -27.422618564939917
0.038675                  -27.432129181407916
0.038700000000000005      -27.44288287516266
0.038725                  -27.454304521507375
0.03875                   -27.46573601369279
0.038775000000000004      -27.47651210389391
0.0388                    -27.486039432277515
0.038825                  -27.493869226073183
0.03885                   -27.49975411990519
0.038875                  -27.50368098464775
0.038900000000000004      -27.505874529616744
0.038925                  -27.506770369878385
0.03895                   -27.506960540819982
0.038975                  -27.507118308781862
0.039                     -27.507911913138805
0.039025000000000004      -27.509918224088512
0.03905                   -27.513547189287113
0.039075                  -27.518986592829904
0.0391                    -27.526174371531024
0.039125                  -27.534802789829243
0.039150000000000004      -27.54435533512137
0.039175                  -27.55417338758658
0.0392                    -27.56354575105079
0.039225                  -27.57181041407962
0.03925                   -27.578455089252007
0.039275000000000004      -27.583201921569117
0.0393                    -27.586062895557426
0.039325                  -27.58735608996698
0.03935                   -27.587678567330762
0.039375                  -27.58783828190387
0.039400000000000004      -27.588753598313495
0.039425                  -27.59133365305469
0.03945                   -27.596355205717753
0.039475                  -27.604351792523364
0.0395                    -27.615529349375862
0.039525000000000005      -27.62971959116671
0.03955                   -27.646378734471053
0.039575                  -27.664634758783258
0.0396                    -27.68338124671695
0.039625                  -27.701409930948696
0.039650000000000005      -27.717567813772984
0.039675                  -27.730919130849646
0.0397                    -27.740889026205448
0.039725                  -27.747366129267277
0.03975                   -27.750746096780688
0.039775000000000005      -27.751907093256023
0.0398                    -27.752119220548252
0.039825                  -27.752900379315143
0.039850000000000003      -27.75583853028479
0.039875                  -27.76240357394922
0.039900000000000005      -27.773771303030216
0.039925                  -27.790678394152852
0.03995                   -27.81332278340418
0.039975000000000004      -27.84131918249623
0.04                      -27.873715306906973
0.040025000000000005      -27.9090702117942
0.04005                   -27.94559118213835
0.040075                  -27.981319293133126
0.040100000000000004      -28.01434620361501
0.040125                  -28.043037268270936
0.040150000000000005      -28.066230974265515
0.040175                  -28.083384588726545
0.0402                    -28.094642297700965
0.040225000000000004      -28.10081445501462
0.04025                   -28.103271944714553
0.040275000000000005      -28.103773899506912
0.0403                    -28.10425639592924
0.040325                  -28.106612530396294
0.040350000000000004      -28.112491113899317
0.040375                  -28.12313438187879
0.040400000000000005      -28.139267228950956
0.040425                  -28.161043475138158
0.04045                   -28.188049342461827
0.040475000000000004      -28.219360465837372
0.0405                    -28.253645651791913
0.040525                  -28.289307509822756
0.04055                   -28.324646722592757
0.040575                  -28.35803345148919
0.040600000000000004      -28.388067147827645
0.040625                  -28.413706056530206
0.04065                   -28.434350842094716
0.040675                  -28.44987306097603
0.0407                    -28.46058758602765
0.040725000000000004      -28.467176671301036
0.04075                   -28.470580100400053
0.040775                  -28.471869369996167
0.0408                    -28.472123758091197
0.040825                  -28.472323061688275
0.040850000000000004      -28.473266996179134
0.040875                  -28.47552602590755
0.0409                    -28.47942372021361
0.040925                  -28.485047127149574
0.04095                   -28.492279267282072
0.040975000000000004      -28.500846582299395
0.041                     -28.51037385402332
0.041025                  -28.520439566575636
0.04105                   -28.530625765358806
0.041075                  -28.540558016535623
0.041100000000000005      -28.54993290449066
0.041125                  -28.55853239754536
0.04115                   -28.566226120994695
0.041175                  -28.572963883952
0.0412                    -28.578761568302994
0.041225000000000005      -28.583683664507923
0.04125                   -28.587825397958625
0.041275                  -28.591296682244533
0.0413                    -28.594209254699493
0.041325                  -28.596667484405135
0.041350000000000005      -28.598762643461725
0.041375                  -28.600569988390987
0.0414                    -28.60214783381819
0.041425000000000003      -28.60353788073595
0.04145                   -28.604766310391945
0.041475000000000005      -28.6058454744448
0.0415                    -28.60677630425133
0.041525                  -28.607551746397597
0.041550000000000004      -28.60816155808216
0.041575                  -28.608598652468302
0.041600000000000005      -28.60886689597177
0.041625                  -28.60898988337416
0.04165                   -28.609019829683866
0.041675000000000004      -28.60904540282498
0.0417                    -28.60919715213212
0.041725000000000005      -28.6096492145389
0.04175                   -28.61061622041287
0.041775                  -28.61234475485964
0.041800000000000004      -28.61509930628967
0.041825                  -28.619143278871984
0.041850000000000005      -28.624716279087963
0.041875                  -28.632009436387385
0.0419                    -28.64114092903117
0.041925000000000004      -28.65213412461383
0.04195                   -28.66490079389959
0.041975000000000005      -28.679231709300463
0.042                     -28.694796589613993
0.042025                  -28.711154791905955
0.042050000000000004      -28.72777737227114
0.042075                  -28.74408014611045
0.042100000000000005      -28.75946621475923
0.042125                  -28.773375179416142
0.04215                   -28.785335086132832
0.042175000000000004      -28.795012237122556
0.0422                    -28.802253577071735
0.042225                  -28.80711658837843
0.04225                   -28.80988257177282
0.042275                  -28.811050768355194
0.042300000000000004      -28.811312770085667
0.042325                  -28.811508746526894
0.04235                   -28.812568853164407
0.042375                  -28.815444525883265
0.0424                    -28.821035090823223
0.042425000000000004      -28.83011526275176
0.04245                   -28.843268815228832
0.042475                  -28.860833174484174
0.0425                    -28.882859080667846
0.042525                  -28.90908885494349
0.042550000000000004      -28.938956176241398
0.042575                  -28.971609468614762
0.0426                    -29.005959825691193
0.042625                  -29.04075266020022
0.04265                   -29.0746598836464
0.042675000000000005      -29.10638653049498
0.0427                    -29.134782763268564
0.042725                  -29.15894981038596
0.04275                   -29.178327385752226
0.042775                  -29.192751147774803
0.042800000000000005      -29.202471956849728
0.042825                  -29.208133645249546
0.04285                   -29.21071172559759
0.042875                  -29.211420687181846
0.0429                    -29.21160118828215
0.042925000000000005      -29.21259998472813
0.04295                   -29.215654900577228
0.042975                  -29.22179509296361
0.043000000000000003      -29.231764041267144
0.043025                  -29.2459697755111
0.043050000000000005      -29.264464273067983
0.043075                  -29.286951828805655
0.0431                    -29.312824453758253
0.043125000000000004      -29.34122079782497
0.04315                   -29.371103574651315
0.043175000000000005      -29.401348978339556
0.0432                    -29.430840286551664
0.043225                  -29.458557056444672
0.043250000000000004      -29.48365140005545
0.043275                  -29.505504035469457
0.043300000000000005      -29.523755168619054
0.043325                  -29.538308473884495
0.04335                   -29.549309946676345
0.043375000000000004      -29.557106519820344
0.0434                    -29.562191479601697
0.043425000000000005      -29.56514455778313
0.04345                   -29.566574111585304
0.043475                  -29.56706731490984
0.043500000000000004      -29.56715220987971
0.043525                  -29.567273265925085
0.043550000000000005      -29.567780135127126
0.043575                  -29.568927810476524
0.0436                    -29.57088548144927
0.043625000000000004      -29.573751019909132
0.04365                   -29.57756812503415
0.043675000000000005      -29.58234357537043
0.0437                    -29.588062635087866
0.043725                  -29.59470130765697
0.043750000000000004      -29.602234720151035
0.043775                  -29.610641392707564
0.0438                    -29.61990348341328
0.043825                  -29.63000332373435
0.04385                   -29.640916727423413
0.043875000000000004      -29.65260373036676
0.0439                    -29.664997652048513
0.043925                  -29.677993681898744
0.04395                   -29.691438562421308
0.043975                  -29.705123295243666
0.044000000000000004      -29.718781026473266
0.044025                  -29.73209224375914
0.04405                   -29.74469901646784
0.044075                  -29.756229152179678
0.0441                    -29.76632982729203
0.044125000000000004      -29.774708588843776
0.04415                   -29.781177855744176
0.044175                  -29.785697512154936
0.0442                    -29.788409267524358
0.044225                  -29.789656482787052
0.044250000000000005      -29.78998428959973
0.044275                  -29.79011697473584
0.0443                    -29.790912433357487
0.044325                  -29.79329651706927
0.04435                   -29.79818279835321
0.044375000000000005      -29.806385248885032
0.0444                    -29.818532402804934
0.044425                  -29.83499177215625
0.04445                   -29.85581274928058
0.044475                  -29.880695123192417
0.044500000000000005      -29.90898871140196
0.044525                  -29.93972739307275
0.04455                   -29.971697877774837
0.044575000000000004      -30.0035397777365
0.0446                    -30.033869144359283
0.044625000000000005      -30.061413157587083
0.04465                   -30.085140104788174
0.044675                  -30.1043673328159
0.044700000000000004      -30.118831447965633
0.044725                  -30.12870990346771
0.044750000000000005      -30.134590487896872
0.044775                  -30.13739348273092
0.0448                    -30.138258445526084
0.044825000000000004      -30.1384121310039
0.04485                   -30.13903530930746
0.044875000000000005      -30.141144476421996
0.0449                    -30.145500637304675
0.044925                  -30.152552620870097
0.044950000000000004      -30.16241768433718
0.044975                  -30.174898017309587
0.045000000000000005      -30.189528350242302
0.045025                  -30.20564721479909
0.04505                   -30.222482499827443
0.045075000000000004      -30.239240900335822
0.0451                    -30.255190860917914
0.045125000000000005      -30.26972984362519
0.04515                   -30.28242921070063
0.045175                  -30.29305343663293
0.045200000000000004      -30.301554204489204
0.045225                  -30.308043492503458
0.045250000000000005      -30.312752353184376
0.045275                  -30.31598329744128
0.0453                    -30.31806393020579
0.045325000000000004      -30.319307980727398
0.04535                   -30.319987591010097
0.045375000000000006      -30.320318207042995
0.0454                    -30.3204551450442
0.045425                  -30.32049923111121
0.045450000000000004      -30.320508023656775
0.045475                  -30.32050904634766
0.0455                    -30.32051206692134
0.045525                  -30.32051853134263
0.04555                   -30.32052752101993
0.045575000000000004      -30.320538754121806
0.0456                    -30.320553957713948
0.045625                  -30.320578243526576
0.04565                   -30.320622891548155
0.045675                  -30.320710266370664
0.045700000000000005      -30.320880643266012
0.045725                  -30.32119974441944
0.04575                   -30.321765028074314
0.045775                  -30.32270843724026
0.0458                    -30.32419351413093
0.045825000000000005      -30.326405521249296
0.04585                   -30.32953436447221
0.045875                  -30.33375148228458
0.0459                    -30.33918319825259
0.045925                  -30.34588408694524
0.045950000000000005      -30.353814482086875
0.045975                  -30.36282623951566
0.046                     -30.37266021774608
0.046025                  -30.382957694399202
0.04605                   -30.393286209254814
0.046075000000000005      -30.40317829898937
0.0461                    -30.412179523210405
0.046125                  -30.419900396474084
0.046150000000000004      -30.426065679955503
0.046175                  -30.430554244850057
0.046200000000000005      -30.433423555785485
0.046225                  -30.43491468292908
0.04625                   -30.435436348931514
0.046275000000000004      -30.435529385004582
0.0463                    -30.43581558358423
0.046325000000000005      -30.436936850145877
0.04635                   -30.43949152208864
0.046375                  -30.443974713981316
0.046400000000000004      -30.4507287287767
0.046425                  -30.45990820529656
0.046450000000000005      -30.471463019031365
0.046475                  -30.485140221045356
0.0465                    -30.50050461260287
0.046525000000000004      -30.516975973927856
0.04655                   -30.53387953759721
0.046575000000000005      -30.550505085450695
0.0466                    -30.566169160737076
0.046625                  -30.58027446616242
0.046650000000000004      -30.592360698274256
0.046675                  -30.602141919299445
0.046700000000000005      -30.609527043364018
0.046725                  -30.614621933515895
0.04675                   -30.61771367848202
0.046775000000000004      -30.619239511690672
0.0468                    -30.619744262307243
0.046825000000000006      -30.61983101709157
0.04685                   -30.620109798226956
0.046875                  -30.621148633255366
0.046900000000000004      -30.623430597994222
0.046925                  -30.627319460154744
0.046950000000000006      -30.633035614663797
0.046975                  -30.640643190488245
0.047                     -30.65004855982177
0.047025000000000004      -30.66100997010697
0.04705                   -30.673157586279437
0.047075                  -30.68602280297048
0.0471                    -30.69907520763604
0.047125                  -30.711765025824292
0.047150000000000004      -30.723568289445392
0.047175                  -30.734031420810165
0.0472                    -30.742811542433532
0.047225                  -30.749708741285993
0.04725                   -30.754686847755764
0.047275000000000005      -30.757880082357033
0.0473                    -30.759584136564776
0.047325                  -30.760231756838472
0.04735                   -30.76035449710577
0.047375                  -30.760533780656374
0.047400000000000005      -30.761345585378645
0.047425                  -30.76330382173332
0.04745                   -30.766807771877932
0.047475                  -30.77209881892662
0.0475                    -30.779231156581
0.047525000000000005      -30.788060256345247
0.04755                   -30.79825157603567
0.047575                  -30.809310294464062
0.0476                    -30.820630753585657
0.047625                  -30.831561871114882
0.047650000000000005      -30.8414822918216
0.047675                  -30.84987687893719
0.0477                    -30.856404824949024
0.047725000000000004      -30.860949677358395
0.04775                   -30.86364321816918
0.047775000000000005      -30.86485833248475
0.0478                    -30.86517026950308
0.047825                  -30.865290255284368
0.047850000000000004      -30.865979407287764
0.047875                  -30.867953655454027
0.047900000000000005      -30.871791569519257
0.047925                  -30.877856658702733
0.04795                   -30.886244108929063
0.047975000000000004      -30.89675936691762
0.048                     -30.90893270109686
0.048025000000000005      -30.92206999339774
0.04805                   -30.935335661490946
0.048075                  -30.94785905022335
0.048100000000000004      -30.95885142823443
0.048125                  -30.967717742693978
0.048150000000000005      -30.974146485016863
0.048175                  -30.978163099843343
0.0482                    -30.98013736929822
0.048225000000000004      -30.980742318868543
0.04825                   -30.980869932050425
0.048275000000000005      -30.981515644356953
0.0483                    -30.983647913558663
0.048325                  -30.988080598542645
0.048350000000000004      -30.995364673640854
0.048375                  -31.005712691292118
0.048400000000000006      -31.01896518508199
0.048425                  -31.034603441686777
0.04845                   -31.051808015939486
0.048475000000000004      -31.069557110162243
0.0485                    -31.08675369333071
0.048525000000000006      -31.1023655560097
0.04855                   -31.115559338149232
0.048575                  -31.125809039202895
0.048600000000000004      -31.132962411800502
0.048625                  -31.13725491566239
0.048650000000000006      -31.13926947987241
0.048675                  -31.139849292581463
0.0487                    -31.139978151711063
0.048725000000000004      -31.140647085757188
0.04875                   -31.142726521950422
0.048775                  -31.146860749339865
0.0488                    -31.153396873003377
0.048825                  -31.162355016769734
0.048850000000000005      -31.17344104985665
0.048875                  -31.186098061786364
0.0489                    -31.199588429723665
0.048925                  -31.213094831402188
0.04895                   -31.225826296483095
0.048975000000000005      -31.237114808803646
0.049                     -31.24648944946784
0.049025                  -31.253718657380812
0.04905                   -31.25881641879581
0.049075                  -31.26201412163027
0.049100000000000005      -31.263705210190725
0.049125                  -31.264373558483896
0.04915                   -31.264518003669046
0.049175                  -31.264584696018577
0.0492                    -31.26491628900643
0.049225000000000005      -31.26572325914521
0.04925                   -31.267078599372084
0.049275                  -31.268933439102334
0.049300000000000004      -31.271148287767527
0.049325                  -31.273532870434387
0.049350000000000005      -31.27588705198191
0.049375                  -31.278036099060913
0.0494                    -31.279855310373357
0.049425000000000004      -31.28128150047102
0.04945                   -31.282311479192014
0.049475000000000005      -31.2829900264304
0.0495                    -31.283391495250935
0.049525                  -31.283599830363165
0.049550000000000004      -31.28369142611078
0.049575                  -31.283724038827362
0.049600000000000005      -31.283733234820943
0.049625                  -31.283735991410673
0.04965                   -31.283739459075
0.049675000000000004      -31.28375184489684
0.0497                    -31.28379207107165
0.049725000000000005      -31.28389532324247
0.04975                   -31.28411270297277
0.049775                  -31.284504681127142
0.049800000000000004      -31.285129586354618
0.049825                  -31.286029625091672
0.049850000000000005      -31.287217652815755
0.049875                  -31.288667953852467
0.0499                    -31.29031363114933
0.049925000000000004      -31.2920519833683
0.04995                   -31.293757685110197
0.049975000000000006      -31.29530198224579
0.05                      -31.29657477916013
0.050025                  -31.297505701589152
0.050050000000000004      -31.29808014984217
0.050075                  -31.298347059411572
0.050100000000000006      -31.298416449852876
0.050125                  -31.298446617152837
0.05015                   -31.298622668480334
0.050175000000000004      -31.299129657232317
0.0502                    -31.300124562520484
0.050225000000000006      -31.301711605082623
0.05025                   -31.303924878918426
0.050275                  -31.306721113043263
0.050300000000000004      -31.309983765311426
0.050325                  -31.313537851565634
0.050350000000000006      -31.317173209876383
0.050375                  -31.32067256023761
0.0504                    -31.323839967508263
0.050425000000000005      -31.326525289349114
0.05045                   -31.32864091345583
0.050475                  -31.330168444352626
0.0505                    -31.331154746417326
0.050525                  -31.331698560075772
0.050550000000000005      -31.33193044254209
0.050575                  -31.33198976645341
0.0506                    -31.33200278370744
0.050625                  -31.332065317349496
0.05065                   -31.3322326043859
0.050675000000000005      -31.332517395768065
0.0507                    -31.332895893253635
0.050725                  -31.333319734320526
0.05075                   -31.333731254892555
0.050775                  -31.334078823346793
0.050800000000000005      -31.334329211037264
0.050825                  -31.334474699771683
0.05085                   -31.334533777627907
0.050875000000000004      -31.33454561545015
0.0509                    -31.334559786861696
0.050925000000000005      -31.33462365188408
0.05095                   -31.33477029115052
0.050975                  -31.335009774484092
0.051000000000000004      -31.335325901436622
0.051025                  -31.335679485331404
0.051050000000000005      -31.33601796007153
0.051075                  -31.336289801656875
0.0511                    -31.336461206467913
0.051125000000000004      -31.336531852636714
0.05115                   -31.336546515372333
0.051175000000000005      -31.336599840599643
0.0512                    -31.336832623868958
0.051225                  -31.337419316379428
0.051250000000000004      -31.33854794800063
0.051275                  -31.34039496686438
0.051300000000000005      -31.3430984333544
0.051325                  -31.346733435353926
0.05135                   -31.351293463151137
0.051375000000000004      -31.3566808302487
0.0514                    -31.362708146062666
0.051425000000000005      -31.36911147372149
0.05145                   -31.375574300991367
0.051475                  -31.381759990858278
0.051500000000000004      -31.387349145248905
0.051525                  -31.392077489818796
0.051550000000000006      -31.39576961672306
0.051575                  -31.39836428569572
0.0516                    -31.399927961910915
0.051625000000000004      -31.400654728907273
0.05165                   -31.400852426512884
0.051675000000000006      -31.400916548138884
0.0517                    -31.401294825520843
0.051725                  -31.402446344257978
0.051750000000000004      -31.40479939347442
0.051775                  -31.408712092046954
0.051800000000000006      -31.41443926812353
0.051825                  -31.422108250528375
0.05185                   -31.431705305517134
0.051875000000000004      -31.443073529404295
0.0519                    -31.45592214965708
0.051925000000000006      -31.469846417147416
0.05195                   -31.48435659047996
0.051975                  -31.4989139166046
0.052000000000000005      -31.512971010090993
0.052025                  -31.526013656955616
0.05205                   -31.537600866219332
0.052075                  -31.54740001730901
0.0521                    -31.55521424447474
0.052125000000000005      -31.560999768508932
0.05215                   -31.564871694132606
0.052175                  -31.567097756044976
0.0522                    -31.568080503622443
0.052225                  -31.56832934162039
0.052250000000000005      -31.568424589175223
0.052275                  -31.56897621956478
0.0523                    -31.570580185731245
0.052325                  -31.573775253165515
0.05235                   -31.579003112190236
0.052375000000000005      -31.58657429199419
0.0524                    -31.596642100217363
0.052425                  -31.609186485859908
0.052450000000000004      -31.62400935522392
0.052475                  -31.640742414101922
0.052500000000000005      -31.65886800073574
0.052525                  -31.677752555791226
0.05255                   -31.696691326798216
0.052575000000000004      -31.71496167098612
0.0526                    -31.731881035112504
0.052625000000000005      -31.74686457185226
0.05265                   -31.759476668814667
0.052675                  -31.769470672027662
0.052700000000000004      -31.776811935006958
0.052725                  -31.781681000059944
0.052750000000000005      -31.78445600474868
0.052775                  -31.785675927917016
0.0528                    -31.78598860662965
0.052825000000000004      -31.78608918253069
0.05285                   -31.786655538323036
0.052875000000000005      -31.788287315318083
0.0529                    -31.791454376728808
0.052925                  -31.796459307709757
0.052950000000000004      -31.80341694797617
0.052975                  -31.812252224054056
0.053000000000000005      -31.822715817814892
0.053025                  -31.834415567756743
0.05305                   -31.846860034531268
0.053075000000000004      -31.85950948074499
0.0531                    -31.871828757044934
0.053125000000000006      -31.883336401317326
0.05315                   -31.893644755476437
0.053175                  -31.902487097972077
0.053200000000000004      -31.90972955611377
0.053225                  -31.915367640412335
0.053250000000000006      -31.91950928523307
0.053275                  -31.922347933398733
0.0533                    -31.924130198184383
0.053325000000000004      -31.925122851530556
0.05335                   -31.925583361687217
0.053375000000000006      -31.92573711037486
0.0534                    -31.925763010582415
0.053425                  -31.92578778975753
0.053450000000000004      -31.92588793454344
0.053475                  -31.926097382550548
0.053500000000000006      -31.926418584600288
0.053525                  -31.92683455685803
0.05355                   -31.92731993183554
0.053575000000000005      -31.92784967738784
0.0536                    -31.92840492490938
0.053625000000000006      -31.928976066670277
0.05365                   -31.929563806729107
0.053675                  -31.93017909051912
0.053700000000000005      -31.930842773347877
0.053725                  -31.931585566187465
0.05375                   -31.932448324297333
0.053775                  -31.933482259229955
0.0538                    -31.934748297743937
0.053825000000000005      -31.936314691927773
0.05385                   -31.938252157832533
0.053875                  -31.94062627082934
0.0539                    -31.943487493310695
0.053925                  -31.94685992172484
0.053950000000000005      -31.95073045840997
0.053975                  -31.95504048932857
0.054                     -31.959682167797162
0.054025000000000004      -31.96450101144586
0.05405                   -31.969305731545155
0.054075000000000005      -31.973885122483342
0.0541                    -31.978030605189343
0.054125                  -31.981561852513845
0.054150000000000004      -31.984352056303614
0.054175                  -31.98634902886869
0.054200000000000005      -31.987588594515422
0.054225                  -31.988197632094447
0.05425                   -31.98838555525797
0.054275000000000004      -31.98842472466768
0.0543                    -31.988621971575064
0.054325000000000005      -31.989284775878648
0.05435                   -31.990686456463212
0.054375                  -31.99303488335179
0.054400000000000004      -31.996448717325702
0.054425                  -32.00094413100036
0.054450000000000005      -32.00643353900959
0.054475                  -32.01273626826754
0.0545                    -32.01959954297481
0.054525000000000004      -32.02672684396387
0.05455                   -32.0338098044118
0.054575000000000005      -32.04055945580917
0.0546                    -32.04673290135182
0.054625                  -32.05215233666479
0.054650000000000004      -32.056714624195656
0.054675                  -32.06039113323983
0.054700000000000006      -32.06321901144581
0.054725                  -32.06528619811245
0.05475                   -32.06671313916294
0.054775000000000004      -32.067634244562996
0.0548                    -32.06818168791611
0.054825000000000006      -32.068473330999005
0.05485                   -32.06860556644636
0.054875                  -32.06865092158986
0.054900000000000004      -32.06865953239226
0.054925                  -32.06866318903242
0.054950000000000006      -32.068680603195176
0.054975                  -32.06872280075744
0.055                     -32.06879798819101
0.055025000000000004      -32.068915727636266
0.05505                   -32.06909063585114
0.055075000000000006      -32.069345983628736
0.0551                    -32.06971746583952
0.055125                  -32.07025706593632
0.055150000000000005      -32.071036453031475
0.055175                  -32.07214887547034
0.055200000000000006      -32.0737082181309
0.055225                  -32.07584391102596
0.05525                   -32.07869078971449
0.055275000000000005      -32.082373800745245
0.0553                    -32.08698851219684
0.055325000000000006      -32.09257954818551
0.05535                   -32.099120090655795
0.055375                  -32.10649625087364
0.055400000000000005      -32.11450020945423
0.055425                  -32.12283542653033
0.05545                   -32.13113589624694
0.055475000000000003      -32.13899944538429
0.0555                    -32.14603267781066
0.055525000000000005      -32.151902711148885
0.05555                   -32.156388816373614
0.055575                  -32.15942595803438
0.055600000000000004      -32.16113244090347
0.055625                  -32.16181555086131
0.055650000000000005      -32.16195204854577
0.055675                  -32.16214412152454
0.0557                    -32.163055213489756
0.055725000000000004      -32.16533331836245
0.05575                   -32.16953133623753
0.055775000000000005      -32.17603471180762
0.0558                    -32.18500586240929
0.055825                  -32.19635306736115
0.055850000000000004      -32.20972879191081
0.055875                  -32.22455908865789
0.055900000000000005      -32.24010197114313
0.055925                  -32.25552876685809
0.05595                   -32.27001886413573
0.055975000000000004      -32.28285558386545
0.056                     -32.29350982816313
0.056025000000000005      -32.30169923444513
0.05605                   -32.30741392948953
0.056075                  -32.31090517644821
0.056100000000000004      -32.312639229406095
0.056125                  -32.31322427362365
0.056150000000000005      -32.31332228564017
0.056175                  -32.31355932041953
0.0562                    -32.31444705241841
0.056225000000000004      -32.316325795636
0.05625                   -32.3193353970048
0.056275000000000006      -32.323416052844564
0.0563                    -32.328336839668545
0.056325                  -32.333746044302195
0.056350000000000004      -32.33923460179371
0.056375                  -32.34440242897862
0.056400000000000006      -32.348917425955726
0.056425                  -32.35255849179376
0.05645                   -32.35523688413367
0.056475000000000004      -32.356994157901184
0.0565                    -32.357979019600705
0.056525000000000006      -32.35840893473616
0.05655                   -32.35852457049877
0.056575                  -32.35854578949751
0.056600000000000004      -32.35863693722456
0.056625                  -32.358886897868864
0.056650000000000006      -32.35930633420017
0.056675                  -32.35984125207861
0.0567                    -32.360399090081
0.056725000000000005      -32.360881396254236
0.05675                   -32.36121615184676
0.056775000000000006      -32.361383093062024
0.0568                    -32.361426905615794
0.056825                  -32.36145563297016
0.056850000000000005      -32.361624568619796
0.056875                  -32.36210872476548
0.056900000000000006      -32.36306914930126
0.056925                  -32.364619518135896
0.05695                   -32.36679939780793
0.056975000000000005      -32.36955941448675
0.057                     -32.37276151842738
0.057025                  -32.376194951573176
0.057050000000000003      -32.37960582226138
0.057075                  -32.382735790622775
0.057100000000000005      -32.38536366849945
0.057125                  -32.38734305330695
0.05715                   -32.388629611769026
0.057175000000000004      -32.38929326258747
0.0572                    -32.38951300057479
0.057225000000000005      -32.38955499197203
0.05725                   -32.38973729978064
0.057275                  -32.39038666804553
0.057300000000000004      -32.391793872594185
0.057325                  -32.39417412645983
0.057350000000000005      -32.397638017631195
0.057375                  -32.40217670945549
0.0574                    -32.40766297249418
0.057425000000000004      -32.41386736719544
0.05745                   -32.420486853869775
0.057475000000000005      -32.42718151882509
0.0575                    -32.4336141671882
0.057525                  -32.43948736608893
0.057550000000000004      -32.44457315007787
0.057575                  -32.448731924961734
0.057600000000000005      -32.4519189027433
0.057625                  -32.45417835205801
0.05765                   -32.455627709701595
0.057675000000000004      -32.45643487354276
0.0577                    -32.45679260499335
0.057725000000000005      -32.45689387745299
0.05775                   -32.45691132094757
0.057775                  -32.456982833671745
0.057800000000000004      -32.45720419884468
0.057825                  -32.457628387113935
0.057850000000000006      -32.45827031593371
0.057875                  -32.45911528160446
0.0579                    -32.46012910528462
0.057925000000000004      -32.46126820220149
0.05795                   -32.46248820338911
0.057975000000000006      -32.46375031220653
0.058                     -32.46502513942548
0.058025                  -32.46629422515441
0.058050000000000004      -32.46754975442836
0.058075                  -32.46879308338686
0.058100000000000006      -32.47003263725192
0.058125                  -32.47128157677033
0.05815                   -32.47255543001848
0.058175000000000004      -32.473869721957286
0.0582                    -32.47523755495191
0.058225000000000006      -32.47666711841513
0.05825                   -32.478159219705795
0.058275                  -32.47970508828309
0.058300000000000005      -32.48128485207201
0.058325                  -32.48286716030475
0.058350000000000006      -32.48441038756317
0.058375                  -32.485865683403944
0.0584                    -32.487181847611865
0.058425000000000005      -32.488311660550636
0.05845                   -32.489218951043796
0.058475000000000006      -32.489885418137185
0.0585                    -32.49031610590639
0.058525                  -32.4905425044128
0.058550000000000005      -32.49062252001432
0.058575                  -32.49063698874807
0.058600000000000006      -32.490682926641725
0.058625000000000003      -32.490864228874045
0.05865                   -32.49128095212622
0.058675000000000005      -32.492018565004884
0.0587                    -32.49313858588005
0.058725                  -32.49467184091616
0.058750000000000004      -32.49661520078975
0.058775                  -32.498932156303596
0.058800000000000005      -32.50155705271983
0.058825                  -32.504402306123744
0.05885                   -32.50736754874082
0.058875000000000004      -32.51034944842891
0.0589                    -32.51325094484497
0.058925000000000005      -32.515988831189325
0.05895                   -32.51849894397815
0.058975                  -32.52073863803712
0.059000000000000004      -32.52268664311559
0.059025                  -32.524340750232014
0.059050000000000005      -32.525714007232494
0.059075                  -32.52683018995677
0.0591                    -32.527719265119536
0.059125000000000004      -32.528413407473444
0.05915                   -32.528943927204274
0.059175000000000005      -32.52933925692154
0.0592                    -32.529623984247195
0.059225                  -32.52981881980136
0.059250000000000004      -32.52994136203304
0.059275                  -32.530007539417184
0.059300000000000005      -32.530033642930896
0.059325                  -32.53003887056218
0.05935                   -32.530048262989496
0.059375000000000004      -32.53009580618647
0.0594                    -32.53022732686283
0.059425000000000006      -32.53050264715706
0.05945                   -32.53099634771147
0.059475                  -32.53179646773366
0.059500000000000004      -32.533000589562
0.059525                  -32.53470903123956
0.059550000000000006      -32.53701528786514
0.059575                  -32.53999437057816
0.0596                    -32.54369021223954
0.059625000000000004      -32.54810374681361
0.05965                   -32.55318353101346
0.059675000000000006      -32.55882078430352
0.0597                    -32.564850429933074
0.059725                  -32.57105912020295
0.059750000000000004      -32.57720036775837
0.059775                  -32.58301587730803
0.059800000000000006      -32.58826112204173
0.059825                  -32.59273231179543
0.05985                   -32.59629133636034
0.059875000000000005      -32.59888518509512
0.0599                    -32.60055681772271
0.059925000000000006      -32.60144546188248
0.05995                   -32.60177570127907
0.059975                  -32.60183626774748
0.060000000000000005      -32.60195089723345
0.060025                  -32.60244471211906
0.06005                   -32.60361018295644
0.060075                  -32.60567673499575
0.0601                    -32.608787531862895
0.060125000000000005      -32.612985999350855
0.06015                   -32.61821339951731
0.060175                  -32.62431739773525
0.060200000000000004      -32.63107024865752
0.060225                  -32.63819411373679
0.060250000000000005      -32.645390244595106
0.060275                  -32.652368422554346
0.0603                    -32.658873185665975
0.060325000000000004      -32.664703985152435
0.06035                   -32.66972740220391
0.060375000000000005      -32.67388076367374
0.0604                    -32.677167719091734
0.060425                  -32.67964737799062
0.060450000000000004      -32.681419295086975
0.060475                  -32.682606846979134
0.060500000000000005      -32.68334137273859
0.060525                  -32.68374893699616
0.06055                   -32.68394085581513
0.060575000000000004      -32.6840083590168
0.0606                    -32.684021088949244
0.060625000000000005      -32.68402865639712
0.06065                   -32.68406423757435
0.060675                  -32.684149195143426
0.060700000000000004      -32.68429788787625
0.060725                  -32.6845221149213
0.060750000000000005      -32.6848349296326
0.060775                  -32.68525377481381
0.0608                    -32.68580298625383
0.060825000000000004      -32.6865156750432
0.06085                   -32.687434862784976
0.060875                  -32.68861357077982
0.0609                    -32.69011343300267
0.060925                  -32.69200138600865
0.060950000000000004      -32.69434413415884
0.060975                  -32.697200403381615
0.061                     -32.70061144376013
0.061025                  -32.70459074326129
0.06105                   -32.70911436858965
0.061075000000000004      -32.71411364486427
0.0611                    -32.719471929093274
0.061125                  -32.725026963331736
0.06115                   -32.730579701566825
0.061175                  -32.73590963785051
0.061200000000000004      -32.740795629823
0.061225                  -32.7450401706032
0.06125                   -32.74849420272096
0.061275                  -32.75107907731906
0.0613                    -32.752802282720225
0.061325000000000005      -32.753764155784935
0.06135                   -32.75415389303359
0.061375                  -32.75423463134191
0.0614                    -32.75431892613313
0.061425                  -32.754737350160845
0.061450000000000005      -32.75580393646849
0.061475                  -32.75778264659838
0.0615                    -32.760858914787214
0.061525                  -32.7651196514851
0.06155                   -32.77054400491555
0.061575000000000005      -32.77700583531728
0.0616                    -32.784287423882176
0.061625                  -32.79210258656205
0.06165                   -32.80012625126757
0.061675                  -32.808026825700274
0.061700000000000005      -32.815497437227734
0.061725                  -32.822282413722725
0.06175                   -32.82819616470293
0.061775000000000004      -32.83313279764039
0.0618                    -32.83706617215974
0.061825000000000005      -32.840041422517466
0.06185                   -32.84216004409234
0.061875                  -32.84356128022119
0.061900000000000004      -32.844402692129364
0.061925                  -32.844842478099295
0.061950000000000005      -32.8450254427308
0.061975                  -32.845073666425485
0.062                     -32.845082061835605
0.062025000000000004      -32.845118275790185
0.06205                   -32.84522590162215
0.062075000000000005      -32.845429748392554
0.0621                    -32.84574195319724
0.062125                  -32.846167957087886
0.062150000000000004      -32.84671170242384
0.062175                  -32.847379751547656
0.062200000000000005      -32.84818429057678
0.062225                  -32.84914511729296
0.06225                   -32.85029070984958
0.062275000000000004      -32.85165836582041
0.0623                    -32.85329325246787
0.062325000000000005      -32.85524609585652
0.06235                   -32.85756922794234
0.062375                  -32.86031084975799
0.062400000000000004      -32.863507658401886
0.062425                  -32.867176385448765
0.062450000000000006      -32.871305227225605
0.062475                  -32.87584651336471
0.0625                    -32.88071215701882
0.062525                  -32.88577337488441
0.06255000000000001       -32.8908658124226
0.062575                  -32.89580056596061
0.0626                    -32.90038072402882
0.062625                  -32.90442207720256
0.06265                   -32.90777573388455
0.06267500000000001       -32.91034971130039
0.0627                    -32.91212630998766
0.062725                  -32.91317233034772
0.06275                   -32.91363996256128
0.062775                  -32.9137573803328
0.06280000000000001       -32.91380950468176
0.062825                  -32.91411083254326
0.06285                   -32.91497340348324
0.062875                  -32.91667371701597
0.0629                    -32.919422610775385
0.06292500000000001       -32.92334175924989
0.06295                   -32.928449627494565
0.062975                  -32.93465854181578
0.063                     -32.9417831756258
0.063025                  -32.94955935902512
0.06305000000000001       -32.95767086979906
0.063075                  -32.96578090642972
0.0631                    -32.97356441251347
0.063125                  -32.98073740494881
0.06315                   -32.987079975452545
0.06317500000000001       -32.99245061981264
0.0632                    -32.99679084784077
0.063225                  -33.00012042109757
0.06325                   -33.002524817069514
0.063275                  -33.00413742259474
0.0633                    -33.00511938896602
0.063325                  -33.00564001032093
0.06335                   -33.005859986785836
0.063375                  -33.00591914612816
0.0634                    -33.00592929652211
0.06342500000000001       -33.00597203650676
0.06345                   -33.00610068812761
0.063475                  -33.00634512321266
0.0635                    -33.00671813867221
0.063525                  -33.00722216826869
0.06355                   -33.0078554186927
0.063575                  -33.008616889371474
0.0636                    -33.00951008170611
0.063625                  -33.010545449394925
0.06365                   -33.011741748572014
0.063675                  -33.013126418716226
0.0637                    -33.014735005517196
0.063725                  -33.01660949387409
0.06375                   -33.018795328628954
0.063775                  -33.02133692455189
0.0638                    -33.02427163659474
0.063825                  -33.02762246659567
0.06385                   -33.031390172051545
0.063875                  -33.03554583254338
0.0639                    -33.04002522048133
0.063925                  -33.04472642054697
0.06395                   -33.04951197770415
0.063975                  -33.054216401091814
0.064                     -33.05865913910768
0.064025                  -33.06266225592087
0.06405                   -33.06607111885786
0.06407500000000001       -33.06877561935495
0.0641                    -33.07072896953003
0.064125                  -33.071961078392285
0.06415                   -33.072583979969686
0.064175                  -33.07278772604994
0.06420000000000001       -33.072826434536054
0.064225                  -33.07299559081307
0.06425                   -33.07360299456338
0.064275                  -33.07493671218114
0.0643                    -33.07723388636366
0.06432500000000001       -33.08065420958309
0.06435                   -33.085261313712834
0.064375                  -33.0910143581881
0.0644                    -33.09777084987819
0.064425                  -33.105300356171156
0.06445000000000001       -33.113307442303444
0.064475                  -33.12146103615436
0.0645                    -33.129426646990424
0.064525                  -33.136897556764296
0.06455                   -33.14362132646205
0.06457500000000001       -33.14941869997128
0.0646                    -33.15419313777055
0.064625                  -33.1579305853174
0.06465                   -33.16069044226627
0.064675                  -33.162589817997116
0.06470000000000001       -33.16378386098528
0.064725                  -33.16444515062211
0.06475                   -33.16474485927461
0.064775                  -33.16483773639675
0.0648                    -33.16485209661075
0.06482500000000001       -33.16488508606667
0.06485                   -33.16500271187039
0.064875                  -33.16524355850869
0.0649                    -33.165624835954155
0.064925                  -33.16614940117389
0.06495000000000001       -33.16681261343484
0.064975                  -33.16760823631498
0.065                     -33.16853298544446
0.065025                  -33.16958964962881
0.06505                   -33.170788920867714
0.06507500000000001       -33.17215013227472
0.0651                    -33.17370104063856
0.065125                  -33.175476655832014
0.06515                   -33.177516985377466
0.065175                  -33.17986350162675
0.06520000000000001       -33.18255420341801
0.065225                  -33.18561735088677
0.06525                   -33.18906427682264
0.065275                  -33.19288205754469
0.0653                    -33.197027171259975
0.06532500000000001       -33.201421484745424
0.06535                   -33.20595190525546
0.065375                  -33.210474761555176
0.0654                    -33.214825431296504
0.065425                  -33.21883296286195
0.06545000000000001       -33.222338554652815
0.065475                  -33.22521590335788
0.0655                    -33.22739078477265
0.065525                  -33.22885694262138
0.06555                   -33.22968553790257
0.06557500000000001       -33.23002607573433
0.0656                    -33.23009780219802
0.065625                  -33.23017188462747
0.06565                   -33.23054603394788
0.065675                  -33.23151436921241
0.06570000000000001       -33.23333607680706
0.065725                  -33.23620667037741
0.06575                   -33.24023539006583
0.065775                  -33.24543154617086
0.0658                    -33.25170152342232
0.06582500000000001       -33.25885686077611
0.06585                   -33.26663246628285
0.065875                  -33.274712779773225
0.0659                    -33.2827627153241
0.065925                  -33.29045963907526
0.06595000000000001       -33.29752256363878
0.065975                  -33.303735199532916
0.066                     -33.30896044194494
0.066025                  -33.313145143380325
0.06605                   -33.316315416454636
0.06607500000000001       -33.3185639874653
0.0661                    -33.32003206893669
0.066125                  -33.32088870045247
0.06615                   -33.321310483876836
0.066175                  -33.32146417223732
0.06620000000000001       -33.321493796115554
0.066225                  -33.32151309946167
0.06625                   -33.32160317903
0.066275                  -33.3218145165045
0.0663                    -33.322172146618264
0.066325                  -33.32268254622654
0.06635                   -33.323340931227435
0.066375                  -33.32413794011993
0.0664                    -33.32506506945215
0.066425                  -33.32611860822196
0.06645000000000001       -33.32730211316016
0.066475                  -33.32862762569124
0.0665                    -33.33011584680425
0.066525                  -33.33179539095837
0.06655                   -33.33370109697921
0.066575                  -33.33587125721347
0.0666                    -33.33834360239521
0.066625                  -33.341149988825705
0.06665                   -33.344309978505564
0.066675                  -33.347823842669754
0.06670000000000001       -33.35166588132677
0.066725                  -33.35577924288374
0.06675                   -33.36007355577196
0.066775                  -33.364426575855305
0.0668                    -33.36869067568693
0.066825                  -33.37270437193481
0.06685                   -33.37630827887378
0.066875                  -33.37936401259904
0.0669                    -33.381773810364706
0.066925                  -33.38349813631189
0.06695000000000001       -33.3845684539277
0.066975                  -33.38509272742949
0.067                     -33.385252049656906
0.067025                  -33.385287968873364
0.06705                   -33.3854814118988
0.067075                  -33.386125352349794
0.0671                    -33.387494341098474
0.067125                  -33.3898145490028
0.06715                   -33.39323799799721
0.067175                  -33.39782418685794
0.0672                    -33.40353143079548
0.06722500000000001       -33.41021905295583
0.06725                   -33.41766023937475
0.067275                  -33.425564056484355
0.0673                    -33.43360399295164
0.067325                  -33.441449576738755
0.06735000000000001       -33.44879725765525
0.067375                  -33.45539690730894
0.0674                    -33.461070967818436
0.067425                  -33.46572438327675
0.06745                   -33.46934479599321
0.06747500000000001       -33.47199385350558
0.0675                    -33.47379162007323
0.067525                  -33.47489683502244
0.06755                   -33.475486015026014
0.067575                  -33.47573416517132
0.06760000000000001       -33.47579924121925
0.067625                  -33.475811648001084
0.06765                   -33.475869141435325
0.067675                  -33.476036683318846
0.0677                    -33.4763501962924
0.06772500000000001       -33.47682284312609
0.06775                   -33.477452413740075
0.067775                  -33.47822859848827
0.0678                    -33.47913927439291
0.067825                  -33.480175332850784
0.06785000000000001       -33.48133393819436
0.067875                  -33.48262035576221
0.0679                    -33.48404859263346
0.067925                  -33.4856410627939
0.06795                   -33.48742736701792
0.06797500000000001       -33.489442135152444
0.068                     -33.49172178797697
0.068025                  -33.49430009502801
0.06805                   -33.49720255985548
0.068075                  -33.50043994131084
0.06810000000000001       -33.50400156583818
0.068125                  -33.50784941960603
0.06815                   -33.51191423693466
0.068175                  -33.516094837379946
0.0682                    -33.52026175065505
0.06822500000000001       -33.524265692947274
0.06825                   -33.527950760126835
0.068275                  -33.531171376799335
0.0683                    -33.53381122308609
0.068325                  -33.53580171418517
0.06835000000000001       -33.53713728372839
0.068375                  -33.53788482937498
0.0684                    -33.5381852511965
0.068425                  -33.53824599098027
0.06845                   -33.53832471732123
0.06847500000000001       -33.53870559273956
0.0685                    -33.53967068686594
0.068525                  -33.541469878821985
0.06855                   -33.54429290477788
0.068575                  -33.54824701759125
0.06860000000000001       -33.553343074573114
0.068625                  -33.55949185424248
0.06865                   -33.566511156901015
0.068675                  -33.574142919528846
0.0687                    -33.582078333066164
0.06872500000000001       -33.58998794761278
0.06875                   -33.59755313025583
0.068775                  -33.60449510546768
0.0688                    -33.61059820054845
0.068825                  -33.61572479543939
0.06885000000000001       -33.619820704756876
0.068875                  -33.62291109573162
0.0689                    -33.625088333125674
0.068925                  -33.626494126079024
0.06895                   -33.62729888543103
0.06897500000000001       -33.62768123324947
0.069                     -33.62781018770452
0.069025                  -33.62783180185488
0.06905                   -33.62786113177269
0.069075                  -33.62797951865002
0.0691                    -33.628236433970876
0.069125                  -33.62865465079632
0.06915                   -33.629237304737075
0.069175                  -33.62997547687873
0.0692                    -33.63085520431055
0.06922500000000001       -33.63186321017953
0.06925                   -33.63299104465466
0.069275                  -33.63423765407033
0.0693                    -33.63561059118605
0.069325                  -33.63712612853236
0.06935                   -33.63880846369229
0.069375                  -33.640688066685144
0.0694                    -33.64279908790252
0.069425                  -33.645175689071245
0.06945                   -33.647847225915214
0.06947500000000001       -33.65083241047842
0.0695                    -33.654132884111455
0.069525                  -33.6577269740149
0.06955                   -33.66156469956632
0.069575                  -33.665565248073065
0.0696                    -33.66961807812698
0.069625                  -33.67358849224273
0.06965                   -33.67732795696536
0.069675                  -33.680688700145325
0.0697                    -33.68354129386403
0.06972500000000001       -33.685793185445355
0.06975                   -33.687405626246566
0.069775                  -33.68840630365492
0.0698                    -33.688895283776354
0.069825                  -33.68904261537643
0.06985                   -33.6890770334472
0.069875                  -33.689266461494874
0.0699                    -33.689892233835124
0.069925                  -33.69121993785153
0.06995                   -33.69347035470749
0.06997500000000001       -33.69679407307627
0.07                      -33.70125296126714
0.070025                  -33.706810873616135
0.07005                   -33.71333484988655
0.070075                  -33.72060678287106
0.0701                    -33.72834423495
0.070125                  -33.73622793878456
0.07015                   -33.74393267324401
0.070175                  -33.75115779125904
0.0702                    -33.75765377130452
0.07022500000000001       -33.76324177509049
0.07025                   -33.767824238549686
0.070275                  -33.771385834839606
0.0703                    -33.77398550436472
0.070325                  -33.775741416267905
0.07035                   -33.77681151963822
0.07037500000000001       -33.77737265500183
0.0704                    -33.7776010216464
0.070425                  -33.77765621912987
0.07045                   -33.77767024933798
0.07047500000000001       -33.77774195073513
0.07050000000000001       -33.777936499995825
0.070525                  -33.778288981137514
0.07055                   -33.778810658621076
0.070575                  -33.77949651155208
0.0706                    -33.78033275242879
0.07062500000000001       -33.78130338868918
0.07065                   -33.782395291386905
0.070675                  -33.78360161624314
0.0707                    -33.78492370209019
0.07072500000000001       -33.78637170939281
0.07075000000000001       -33.78796425756936
0.070775                  -33.78972721287387
0.0708                    -33.79169163339344
0.070825                  -33.79389076715256
0.07085                   -33.79635598479304
0.07087500000000001       -33.79911164300714
0.0709                    -33.80216911390604
0.070925                  -33.805520534816964
0.07095                   -33.80913315782419
0.070975                  -33.81294541864087
0.07100000000000001       -33.81686591436022
0.071025                  -33.820776317633594
0.07105                   -33.82453883981852
0.071075                  -33.828008217559194
0.0711                    -33.83104741892405
0.07112500000000001       -33.83354547412595
0.07115                   -33.83543518501368
0.071175                  -33.836708106665206
0.0712                    -33.837424235883475
0.071225                  -33.837714328928314
0.07125000000000001       -33.837773660862645
0.071275                  -33.83784720250619
0.0713                    -33.83820743822141
0.071325                  -33.83912716847996
0.07135                   -33.8408504499952
0.07137500000000001       -33.843565197961695
0.0714                    -33.84738086158992
0.071425                  -33.8523140123447
0.07145                   -33.85828373975627
0.071475                  -33.86511755716259
0.07150000000000001       -33.8725672263229
0.071525                  -33.88033267293647
0.07155                   -33.888091142330794
0.071575                  -33.89552808001706
0.0716                    -33.902366025328774
0.07162500000000001       -33.90838812832989
0.07165                   -33.913453709543646
0.071675                  -33.91750445874176
0.0717                    -33.92056121880902
0.071725                  -33.922712592578776
0.07175000000000001       -33.924097627354676
0.071775                  -33.924885418396265
0.0718                    -33.92525456650664
0.071825                  -33.92537506173766
0.07185                   -33.925394460497586
0.07187500000000001       -33.925429338393876
0.0719                    -33.925562105887764
0.071925                  -33.925842514612505
0.07195                   -33.92629266004167
0.071975                  -33.92691404658372
0.07200000000000001       -33.927695314286446
0.072025                  -33.92861947579405
0.07205                   -33.92966989052682
0.072075                  -33.93083461127155
0.0721                    -33.932109086665626
0.07212500000000001       -33.933497428675814
0.07215                   -33.93501253287126
0.072175                  -33.93667528781713
0.0722                    -33.9385129789957
0.072225                  -33.94055685219553
0.07225000000000001       -33.942838721324
0.072275                  -33.94538653744091
0.0723                    -33.94821899794328
0.072325                  -33.95133954647984
0.07235                   -33.95473043821052
0.072375                  -33.958347839409655
0.0724                    -33.962119105652285
0.072425                  -33.965943361925625
0.07245                   -33.96969624513891
0.072475                  -33.97323916410096
0.07250000000000001       -33.97643273576326
0.072525                  -33.97915327105557
0.07255                   -33.98131044788701
0.072575                  -33.98286377571172
0.0726                    -33.98383526096944
0.072625                  -33.98431591050288
0.07265                   -33.98446436833445
0.072675                  -33.98449699004425
0.0727                    -33.98466986244527
0.072725                  -33.985254474086325
0.07275000000000001       -33.98650973315294
0.072775                  -33.98865365293127
0.0728                    -33.9918381887877
0.072825                  -33.99613039896603
0.07285                   -34.00150236689162
0.072875                  -34.00783126778613
0.0729                    -34.01490972149825
0.072925                  -34.02246529796517
0.07295                   -34.030186889578154
0.072975                  -34.03775478908146
0.07300000000000001       -34.044870844074865
0.073025                  -34.05128508644392
0.07305                   -34.0568157740646
0.073075                  -34.06136076335044
0.0731                    -34.06489940021708
0.073125                  -34.0674854596758
0.07315                   -34.06923285104209
0.073175                  -34.07029664287779
0.0732                    -34.07085233291616
0.073225                  -34.071076174389944
0.07325000000000001       -34.071128844254204
0.073275                  -34.07114393934771
0.0733                    -34.071221881646764
0.073325                  -34.07142896534693
0.07335                   -34.07180061460075
0.073375                  -34.072347518888265
0.0734                    -34.07306319466024
0.073425                  -34.07393165640664
0.07345                   -34.074934196539644
0.073475                  -34.07605467715784
0.07350000000000001       -34.07728313073835
0.07352500000000001       -34.07861777093061
0.07355                   -34.08006568126288
0.073575                  -34.08164247150696
0.0736                    -34.083371100425154
0.073625                  -34.0852799198835
0.07365000000000001       -34.08739987068263
0.073675                  -34.08976071899303
0.0737                    -34.092386303032775
0.073725                  -34.09528896544181
0.07375000000000001       -34.09846364174684
0.07377500000000001       -34.10188239117336
0.0738                    -34.10549040654991
0.073825                  -34.10920463955152
0.07385                   -34.11291606079534
0.073875                  -34.11649621341502
0.07390000000000001       -34.119808134397815
0.073925                  -34.12272098269612
0.07395                   -34.12512694471997
0.073975                  -34.126958332154565
0.07400000000000001       -34.128202391241125
0.07402500000000001       -34.12891132249936
0.07405                   -34.12920541881442
0.074075                  -34.12926803881062
0.0741                    -34.12933222859884
0.074125                  -34.12966001191575
0.07415000000000001       -34.13051648380841
0.074175                  -34.132141680886804
0.0742                    -34.13472362953363
0.074225                  -34.13837593286881
0.07425000000000001       -34.143122761812755
0.07427500000000001       -34.148893239818065
0.0743                    -34.155526071196945
0.074325                  -34.162784001059464
0.07435                   -34.17037646505942
0.074375                  -34.17798774611378
0.07440000000000001       -34.18530724863348
0.074425                  -34.192058243248056
0.07445                   -34.19802168543164
0.074475                  -34.203052450507556
0.0745                    -34.2070864480327
0.07452500000000001       -34.21013839723979
0.07455                   -34.21229133693818
0.074575                  -34.21367998985706
0.0746                    -34.21447073998727
0.074625                  -34.21484113750074
0.07465000000000001       -34.21496154182306
0.074675                  -34.214980853676494
0.0747                    -34.21501742592345
0.074725                  -34.215155348873296
0.07475                   -34.2154455274082
0.07477500000000001       -34.21591041197498
0.0748                    -34.21655096670265
0.074825                  -34.21735445418396
0.07485                   -34.218301838675444
0.074875                  -34.21937397495405
0.07490000000000001       -34.220556161350416
0.074925                  -34.22184100069079
0.07495                   -34.22322976413737
0.074975                  -34.224732558946215
0.075                     -34.22636757140408
0.07502500000000001       -34.22815953549575
0.07505                   -34.230137432996564
0.075075                  -34.232331332143694
0.0751                    -34.23476827507138
0.075125                  -34.23746725381636
0.07515000000000001       -34.24043355790602
0.075175                  -34.243653083523796
0.0752                    -34.24708748825593
0.075225                  -34.25067126912838
0.07525                   -34.25431185656563
0.07527500000000001       -34.25789360222296
0.0753                    -34.26128608596984
0.075325                  -34.264356518710876
0.07535                   -34.266985264986815
0.075375                  -34.269082782871806
0.07540000000000001       -34.27060572642398
0.075425                  -34.27156971354837
0.07545                   -34.27205642072196
0.075475                  -34.27221324514369
0.0755                    -34.27224470980727
0.07552500000000001       -34.27239593663366
0.07555                   -34.27292968761254
0.075575                  -34.274099476574015
0.0756                    -34.27612192058945
0.075625                  -34.27915172850183
0.07565                   -34.28326248707425
0.075675                  -34.28843574338093
0.0757                    -34.29455988838284
0.075725                  -34.301439148564576
0.07575                   -34.30881173720579
0.07577500000000001       -34.316375060106445
0.0758                    -34.323814965517904
0.075825                  -34.33083550901061
0.07585                   -34.33718566410868
0.075875                  -34.3426798757496
0.0759                    -34.34721026898035
0.075925                  -34.35074954783311
0.07595                   -34.35334494397309
0.075975                  -34.35510477499137
0.076                     -34.35618005027993
0.07602500000000001       -34.35674399195433
0.07605                   -34.35697228731971
0.076075                  -34.357026418135135
0.0761                    -34.35704164954633
0.076125                  -34.35712037137649
0.07615                   -34.35733062857429
0.076175                  -34.35770898832612
0.0762                    -34.35826645321007
0.076225                  -34.358995972507785
0.07625                   -34.35988020468947
0.07627500000000001       -34.36089847830006
0.0763                    -34.36203229520984
0.076325                  -34.36326912239517
0.07635                   -34.364604542642155
0.076375                  -34.36604302729287
0.0764                    -34.36759764103876
0.076425                  -34.369288914840965
0.07645                   -34.37114298382285
0.076475                  -34.373188952612104
0.0765                    -34.37545538701211
0.07652500000000001       -34.37796588206032
0.07655                   -34.38073383232576
0.076575                  -34.38375680227007
0.0766                    -34.387011200830194
0.076625                  -34.390448222679346
0.07665                   -34.39399214383651
0.07667500000000001       -34.39754198317945
0.0767                    -34.400977229871984
0.076725                  -34.40416780190796
0.07675                   -34.40698770578747
0.07677500000000001       -34.409331120398335
0.07680000000000001       -34.41112896850485
0.076825                  -34.412363611318135
0.07685                   -34.413079224209085
0.076875                  -34.413385747068716
0.0769                    -34.4134550355208
0.07692500000000001       -34.41350887132919
0.07695                   -34.41379965845754
0.076975                  -34.4145857402372
0.077                     -34.41610413784146
0.07702500000000001       -34.41854399221719
0.07705000000000001       -34.42202402071767
0.077075                  -34.426576878086934
0.0771                    -34.4321425029929
0.077125                  -34.438571444254926
0.07715                   -34.44563793133672
0.07717500000000001       -34.45306123265353
0.0772                    -34.46053278816892
0.077225                  -34.46774585628511
0.07725                   -34.47442409803171
0.07727500000000001       -34.48034570091161
0.07730000000000001       -34.4853603124951
0.077325                  -34.48939711565784
0.07735                   -34.492463661310865
0.077375                  -34.49463636213509
0.0774                    -34.49604462393011
0.07742500000000001       -34.49685127995183
0.07745                   -34.49723221182853
0.077475                  -34.49735779761714
0.0775                    -34.497378216065016
0.07752500000000001       -34.49741380321867
0.07755000000000001       -34.49755076865734
0.077575                  -34.49784178491121
0.0776                    -34.498310377749206
0.077625                  -34.49895772814418
0.07765                   -34.499770455577604
0.07767500000000001       -34.5007281451075
0.0777                    -34.5018097297816
0.077725                  -34.50299825017335
0.07775                   -34.50428389088805
0.07777500000000001       -34.5056654675873
0.07780000000000001       -34.50715066972809
0.077825                  -34.50875535627687
0.07785                   -34.510502093066584
0.077875                  -34.51241797454975
0.0779                    -34.51453165971385
0.077925                  -34.51686953024306
0.07795                   -34.5194509794258
0.077975                  -34.522283056981834
0.078                     -34.525354985089805
0.07802500000000001       -34.528633352971895
0.07805000000000001       -34.53205900654234
0.078075                  -34.535546696391165
0.0781                    -34.53898837656662
0.078125                  -34.54226064267945
0.07815                   -34.54523619389593
0.078175                  -34.547798481804165
0.0782                    -34.54985799230478
0.078225                  -34.551368037493134
0.07825                   -34.552337648543656
0.07827500000000001       -34.55283925464907
0.07830000000000001       -34.553009337618604
0.078325                  -34.55304111633141
0.07835                   -34.553169412899386
0.078375                  -34.55364900402542
0.0784                    -34.55472877345914
0.078425                  -34.55662468765853
0.07845                   -34.55949490675629
0.078475                  -34.56342017777613
0.0785                    -34.5683920660593
0.07852500000000001       -34.57431064763825
0.07855000000000001       -34.58099213043475
0.078575                  -34.58818563839173
0.0786                    -34.59559723333648
0.078625                  -34.6029183172685
0.07865                   -34.60985498949734
0.078675                  -34.61615482747884
0.0787                    -34.62162795386709
0.078725                  -34.62616010050703
0.07875                   -34.62971655347698
0.078775                  -34.632337166413706
0.07880000000000001       -34.63412383955221
0.078825                  -34.6352227781412
0.07885                   -34.63580433052571
0.078875                  -34.63604321853052
0.0789                    -34.6361015582872
0.078925                  -34.63611634755413
0.07895                   -34.63619222388071
0.078975                  -34.63639943828005
0.079                     -34.63677627738762
0.079025                  -34.63733469451755
0.07905000000000001       -34.63806771423867
0.079075                  -34.63895724124655
0.0791                    -34.63998117400752
0.079125                  -34.64111911002399
0.07915                   -34.642356336267504
0.079175                  -34.643686139333084
0.0792                    -34.64511068642372
0.079225                  -34.64664079936159
0.07925                   -34.64829488791151
0.079275                  -34.650097176375475
0.07930000000000001       -34.652075216724015
0.079325                  -34.65425659954555
0.07935                   -34.6566647990485
0.079375                  -34.65931423643271
0.0794                    -34.66220489578677
0.079425                  -34.6653171226892
0.07945                   -34.66860749953974
0.079475                  -34.67200683922367
0.0795                    -34.67542129932303
0.079525                  -34.67873735306456
0.07955000000000001       -34.681830864782654
0.079575                  -34.684579860657855
0.0796                    -34.68687985971841
0.079625                  -34.688659967901614
0.07965                   -34.689897481036176
0.079675                  -34.69062861214989
0.07970000000000001       -34.69095322492685
0.079725                  -34.6910321153277
0.07975                   -34.6910763537933
0.079775                  -34.691329330130095
0.07980000000000001       -34.69204324458815
0.07982500000000001       -34.69345267751025
0.07985                   -34.6957484021894
0.079875                  -34.69905470129104
0.0799                    -34.70341309717976
0.079925                  -34.708774664137465
0.07995000000000001       -34.715002055897756
0.079975                  -34.72188118560598
0.08                      -34.72914128484503
0.080025                  -34.736480997558814
0.08005000000000001       -34.74359738085948
0.08007500000000001       -34.750214310381146
0.0801                    -34.75610689735086
0.080125                  -34.76111912082655
0.08015                   -34.765172880025474
0.080175                  -34.76826791802711
0.08020000000000001       -34.77047334824187
0.080225                  -34.771912611354836
0.08025                   -34.77274442711416
0.080275                  -34.773142584965754
0.08030000000000001       -34.773277236355305
0.08032500000000001       -34.77329979056294
0.08035                   -34.77333271426396
0.080375                  -34.77346465493946
0.0804                    -34.77375050232519
0.080425                  -34.77421538802823
0.08045000000000001       -34.77486126966647
0.080475                  -34.77567466712027
0.0805                    -34.77663428023146
0.080525                  -34.77771754745453
0.08055000000000001       -34.7789056107933
0.08057500000000001       -34.78018654001379
0.0806                    -34.78155696265525
0.080625                  -34.7830224022023
0.08065                   -34.78459664072253
0.080675                  -34.7863003273275
0.08070000000000001       -34.78815890953737
0.080725                  -34.79019984051781
0.08075                   -34.79244897204236
0.080775                  -34.79492611683383
0.08080000000000001       -34.797639955472924
0.08082500000000001       -34.800582736221415
0.08085                   -34.80372550471828
0.080875                  -34.807014822381305
0.0809                    -34.81037200749674
0.080925                  -34.81369580241757
0.08095000000000001       -34.81686901187727
0.080975                  -34.819769095863926
0.081                     -34.822282009243544
0.081025                  -34.82431787389992
0.08105000000000001       -34.82582648549712
0.08107500000000001       -34.826810331163706
0.0811                    -34.827332828172054
0.081125                  -34.82751992763233
0.08115                   -34.82755402424357
0.081175                  -34.8276601598321
0.0812                    -34.82808563599165
0.081225                  -34.82907517091938
0.08125                   -34.83084447836887
0.081275                  -34.8335554948673
0.08130000000000001       -34.8372963853819
0.08132500000000001       -34.84206893582392
0.08135                   -34.84778506742512
0.081375                  -34.85427309683657
0.0814                    -34.86129315494429
0.081425                  -34.868560017606626
0.08145                   -34.87577064485413
0.081475                  -34.882633110040324
0.0815                    -34.88889343110257
0.081525                  -34.89435713806557
0.08155000000000001       -34.898903191424615
0.08157500000000001       -34.90248898827789
0.0816                    -34.90514647160041
0.081625                  -34.90697057473644
0.08165                   -34.90810218461754
0.081675                  -34.908708349153194
0.0817                    -34.90896252964701
0.081725                  -34.90902734263623
0.08175                   -34.90904155622639
0.081775                  -34.90911225591761
0.08180000000000001       -34.909312234642485
0.08182500000000001       -34.90968193038681
0.08185                   -34.91023472957443
0.081875                  -34.910964220683034
0.0819                    -34.91185201326003
0.081925                  -34.91287498079712
0.08195                   -34.91401115918947
0.081975                  -34.91524394063073
0.082                     -34.91656455779876
0.082025                  -34.9179730916397
0.08205                   -34.91947833066841
0.08207500000000001       -34.92109677252299
0.0821                    -34.92285093506246
0.082125                  -34.92476700009968
0.08215                   -34.926871715588234
0.082175                  -34.92918848355694
0.0822                    -34.931732683293724
0.082225                  -34.934506507552705
0.08225                   -34.937493874436356
0.082275                  -34.94065624491746
0.0823                    -34.9439303429226
0.08232500000000001       -34.94722876885425
0.08235                   -34.95044427370632
0.082375                  -34.95345801640041
0.0824                    -34.95615150679206
0.082425                  -34.958421232357985
0.08245                   -34.960194303625585
0.082475                  -34.961442970599656
0.0825                    -34.96219568292028
0.082525                  -34.96254256790439
0.08255                   -34.96263379149853
0.08257500000000001       -34.96267017751207
0.0826                    -34.96288655156111
0.082625                  -34.96352936812003
0.08265                   -34.96483108909231
0.082675                  -34.96698436154241
0.0827                    -34.970119201590265
0.082725                  -34.97428611088719
0.08275                   -34.97944737475953
0.082775                  -34.985477809029724
0.0828                    -34.99217506042888
0.08282500000000001       -34.99927836735389
0.08285000000000001       -35.00649360550308
0.082875                  -35.0135216242694
0.0829                    -35.02008645048141
0.082925                  -35.02595997736482
0.08295                   -35.03098028182868
0.08297500000000001       -35.0350616532606
0.083                     -35.03819562337881
0.083025                  -35.04044355600218
0.08305                   -35.04192247183944
0.08307500000000001       -35.0427865653933
0.08310000000000001       -35.043207210872765
0.083125                  -35.04335413495805
0.08315                   -35.04337992551648
0.083175                  -35.0434092775847
0.0832                    -35.04353350970839
0.08322500000000001       -35.04381006848283
0.08325                   -35.0442660991641
0.083275                  -35.04490477081614
0.0833                    -35.04571292813823
0.08332500000000001       -35.046668771703395
0.08335000000000001       -35.04774857737678
0.083375                  -35.04893186440971
0.0834                    -35.050204816163976
0.083425                  -35.051562068513704
0.08345                   -35.053007159724956
0.08347500000000001       -35.05455197141228
0.0835                    -35.05621541011865
0.083525                  -35.05802143868631
0.08355                   -35.059996434153845
0.08357500000000001       -35.062165787137076
0.08360000000000001       -35.064549707001305
0.083625                  -35.06715836464188
0.08365                   -35.06998676072892
0.083675                  -35.07300999097667
0.0837                    -35.07617981212769
0.08372500000000001       -35.079423512807935
0.08375                   -35.08264599993464
0.083775                  -35.085735695767795
0.0838                    -35.08857431976566
0.08382500000000001       -35.09104996803283
0.08385000000000001       -35.09307220820871
0.083875                  -35.09458731201438
0.0839                    -35.09559138558582
0.083925                  -35.09613913518095
0.08395                   -35.09634637269769
0.08397500000000001       -35.09638509717265
0.084                     -35.09647098470814
0.084025                  -35.09684422159974
0.08405                   -35.09774563999536
0.08407500000000001       -35.09939089159392
0.08410000000000001       -35.10194579814414
0.084125                  -35.10550598817976
0.08415                   -35.11008347525295
0.084175                  -35.11560201895564
0.0842                    -35.12190204302554
0.08422500000000001       -35.12875469827256
0.08425                   -35.135883499855105
0.084275                  -35.14299098970663
0.0843                    -35.14978721563924
0.08432500000000001       -35.15601658772021
0.08435000000000001       -35.16147992400758
0.084375                  -35.16604921040104
0.0844                    -35.16967366885577
0.084425                  -35.17237697936282
0.08445                   -35.174246720956056
0.084475                  -35.17541808057668
0.0845                    -35.1760544737886
0.084525                  -35.17632785913105
0.08455                   -35.17640123027301
0.08457500000000001       -35.17641513558165
0.08460000000000001       -35.17647924899872
0.084625                  -35.17666915816736
0.08465                   -35.17702778730762
0.084675                  -35.17757033632479
0.0847                    -35.1782913467387
0.084725                  -35.17917249984899
0.08475                   -35.180189967925756
0.084775                  -35.181320497077294
0.0848                    -35.182545807360434
0.08482500000000001       -35.18385526225514
0.08485000000000001       -35.185247018235536
0.084875                  -35.186727982636285
0.0849                    -35.188312890115355
0.084925                  -35.19002269509897
0.08495                   -35.19188233230857
0.084975                  -35.19391778757403
0.085                     -35.19615240149532
0.085025                  -35.19860242641097
0.08505                   -35.20127206426656
0.08507500000000001       -35.20414848590332
0.08510000000000001       -35.207197601151556
0.085125                  -35.21036153275765
0.08515                   -35.21355877146522
0.085175                  -35.21668780534021
0.0852                    -35.21963461367776
0.085225                  -35.22228383149823
0.08525                   -35.224532707938614
0.085275                  -35.22630631997912
0.0853                    -35.227571997325335
0.085325                  -35.22835068942101
0.08535000000000001       -35.2287231456573
0.085375                  -35.22882930420228
0.0854                    -35.228860136442556
0.085425                  -35.22904224600096
0.08545                   -35.22961660177188
0.085475                  -35.230813712537476
0.0855                    -35.2328281736212
0.085525                  -35.235795736142784
0.08555                   -35.23977583625666
0.085575                  -35.244741908464164
0.08560000000000001       -35.2505808775546
0.085625                  -35.25710209682989
0.08565                   -35.2640548161509
0.085675                  -35.27115217201472
0.0857                    -35.278098840993884
0.085725                  -35.28461901607871
0.08575                   -35.29048134035445
0.085775                  -35.2955178873386
0.0858                    -35.29963515527709
0.085825                  -35.302816206965836
0.08585000000000001       -35.30511434213912
0.085875                  -35.30663982235579
0.0859                    -35.307541992926744
0.085925                  -35.3079895448466
0.08595                   -35.30815160268037
0.085975                  -35.308181869092785
0.08600000000000001       -35.30820732508664
0.086025                  -35.308322131401056
0.08605                   -35.30858655467513
0.086075                  -35.309030078289574
0.08610000000000001       -35.30965743408693
0.08612500000000001       -35.31045613753983
0.08615                   -35.31140420550556
0.086175                  -35.312477021825835
0.0862                    -35.31365270528971
0.086225                  -35.31491573327375
0.08625000000000001       -35.316258900975434
0.086275                  -35.317683896616295
0.0863                    -35.31920083054919
0.086325                  -35.32082699207672
0.08635000000000001       -35.32258497325049
0.08637500000000001       -35.32450016061262
0.0864                    -35.326597517826784
0.086425                  -35.32889760893982
0.08645                   -35.331411956455355
0.086475                  -35.33413806712359
0.08650000000000001       -35.33705473581267
0.086525                  -35.34011847796371
0.08655                   -35.343262064137775
0.086575                  -35.346396070962136
0.08660000000000001       -35.34941408765009
0.08662500000000001       -35.352201735510775
0.08665                   -35.35464902615391
0.086675                  -35.356664901805175
0.0867                    -35.35819219601996
0.086725                  -35.359220858103946
0.08675000000000001       -35.35979720936918
0.086775                  -35.360027302284585
0.0868                    -35.36007312198328
0.086825                  -35.36014131575881
0.08685000000000001       -35.360465211874555
0.08687500000000001       -35.36128191569768
0.0869                    -35.36280707744678
0.086925                  -35.36521038098615
0.08695                   -35.368594837959
0.086975                  -35.372982583529144
0.08700000000000001       -35.37830911498931
0.087025                  -35.384426892240434
0.08705                   -35.39111805824942
0.087075                  -35.39811488300037
0.08710000000000001       -35.405125536131465
0.08712500000000001       -35.411862092546286
0.08715                   -35.418067385013956
0.087175                  -35.42353750019266
0.0872                    -35.428137359482726
0.087225                  -35.43180784155658
0.08725000000000001       -35.434564124657854
0.087275                  -35.43648614658248
0.0873                    -35.43770309286283
0.087325                  -35.438374469793054
0.08735000000000001       -35.43867051815627
0.08737500000000001       -35.43875448519724
0.0874                    -35.43876868429133
0.087425                  -35.43882547286067
0.08745                   -35.43900342617246
0.087475                  -35.439348221573994
0.08750000000000001       -35.43987718267112
0.087525                  -35.44058612572546
0.08755                   -35.44145710927365
0.087575                  -35.44246587420349
0.08760000000000001       -35.44358810199253
0.08762500000000001       -35.444804022171965
0.08765                   -35.446101275971216
0.087675                  -35.44747622024494
0.0877                    -35.44893399543013
0.087725                  -35.45048768307727
0.08775                   -35.45215677753379
0.087775                  -35.45396505209786
0.0878                    -35.45593777980511
0.087825                  -35.45809823035337
0.08785000000000001       -35.46046343964367
0.08787500000000001       -35.46303943478124
0.0879                    -35.46581635760496
0.087925                  -35.4687641984721
0.08795                   -35.47183004990286
0.087975                  -35.474937841591895
0.088                     -35.47799137104057
0.088025                  -35.480881081248356
0.08805                   -35.48349448763639
0.088075                  -35.485729495926634
0.08810000000000001       -35.48750919375699
0.08812500000000001       -35.48879617331333
0.08815                   -35.48960417560858
0.088175                  -35.49000492919498
0.0882                    -35.49012851645553
0.088225                  -35.490156394473246
0.08825                   -35.49030720973618
0.088275                  -35.490816612820126
0.0883                    -35.491913222387986
0.088325                  -35.49379355116176
0.08835000000000001       -35.49659898457102
0.08837500000000001       -35.50039775505982
0.0884                    -35.50517430487397
0.088425                  -35.51082755325385
0.08845                   -35.51717849323119
0.088475                  -35.52398637486461
0.0885                    -35.53097163357278
0.088525                  -35.53784284169039
0.08855                   -35.54432442957976
0.088575                  -35.55018183307594
0.0886                    -35.555241109498425
0.08862500000000001       -35.55940087984584
0.08865                   -35.562635575089146
0.088675                  -35.56499020322206
0.0887                    -35.56656800003228
0.088725                  -35.56751319098466
0.08875                   -35.56799154691013
0.088775                  -35.5681714208654
0.0888                    -35.568207552743914
0.088825                  -35.56822923477928
0.08885                   -35.568333594634446
0.08887500000000001       -35.56858392690979
0.0889                    -35.569012318637995
0.088925                  -35.56962535767785
0.08895                   -35.57041152235381
0.088975                  -35.5713489135927
0.089                     -35.572412252480376
0.089025                  -35.57357844385193
0.08905                   -35.57483040742313
0.089075                  -35.576159218174794
0.0891                    -35.57756481870458
0.08912500000000001       -35.57905564540276
0.08915000000000001       -35.58064746296341
0.089175                  -35.58236157474725
0.0892                    -35.584222434504596
0.089225                  -35.5862545928987
0.08925                   -35.58847891821911
0.08927500000000001       -35.59090815291271
0.0893                    -35.59354208878239
0.089325                  -35.596362913694044
0.08935                   -35.599331528712085
0.08937500000000001       -35.60238577759547
0.08940000000000001       -35.60544150309661
0.089425                  -35.608397107713515
0.08945                   -35.611141852697045
0.089475                  -35.6135675269648
0.0895                    -35.61558244912983
0.08952500000000001       -35.61712615361535
0.08955                   -35.618182687175064
0.089575                  -35.61879031775828
0.0896                    -35.61904569959748
0.08962500000000001       -35.61910114521459
0.08965000000000001       -35.6191545512604
0.089675                  -35.619432572720704
0.0897                    -35.620168666196136
0.089725                  -35.62157845614549
0.08975                   -35.62383538196602
0.08977500000000001       -35.62704968045664
0.0898                    -35.63125343494154
0.089825                  -35.636393725908455
0.08985                   -35.64233494106388
0.08987500000000001       -35.648870168830335
0.08990000000000001       -35.655740450322725
0.089925                  -35.662659649356605
0.08995                   -35.669341960086605
0.089975                  -35.675528724560266
0.09                      -35.68101134735142
0.09002500000000001       -35.68564767202359
0.09005                   -35.68937014445707
0.090075                  -35.69218527703639
0.0901                    -35.6941651443651
0.09012500000000001       -35.69543267970601
0.09015000000000001       -35.696143236029975
0.090175                  -35.6964651350555
0.0902                    -35.69656174888807
0.090225                  -35.696577118689625
0.09025                   -35.69662634498984
0.09027500000000001       -35.69679113893894
0.0903                    -35.697120148463995
0.090325                  -35.69763308100094
0.09035                   -35.69832730182877
0.09037500000000001       -35.69918550959078
0.09040000000000001       -35.700183246653964
0.090425                  -35.701295323279496
0.09045                   -35.7025006322491
0.090475                  -35.70378521376307
0.0905                    -35.70514372456301
0.09052500000000001       -35.706579626354234
0.09055                   -35.70810443038741
0.090575                  -35.70973624726602
0.0906                    -35.711497749697706
0.09062500000000001       -35.7134135276272
0.09065000000000001       -35.71550675943441
0.090675                  -35.717795176207844
0.0907                    -35.72028646204684
0.090725                  -35.722973480182254
0.09075                   -35.725829981545985
0.09077500000000001       -35.72880766227219
0.0908                    -35.73183551362534
0.090825                  -35.73482229528162
0.09085                   -35.737662638360526
0.09087500000000001       -35.74024676975132
0.09090000000000001       -35.74247321164185
0.090925                  -35.74426315593232
0.09095                   -35.74557467063332
0.090975                  -35.74641459020863
0.091                     -35.746845969214775
0.091025                  -35.74698937726292
0.09105                   -35.747017050381125
0.091075                  -35.74713988570368
0.0911                    -35.747588317599295
0.09112500000000001       -35.74858906864198
0.09115000000000001       -35.7503404694025
0.091175                  -35.752989374302885
0.0912                    -35.75661261664405
0.091225                  -35.76120545803195
0.09125                   -35.766678663293256
0.091275                  -35.77286477839363
0.0913                    -35.779533037940155
0.091325                  -35.78641122604449
0.09135                   -35.79321190666399
0.09137500000000001       -35.799659860241164
0.09140000000000001       -35.80551741146421
0.091425                  -35.81060465000755
0.09145                   -35.814812298589324
0.091475                  -35.81810605730983
0.0915                    -35.820522472481805
0.091525                  -35.82215753469455
0.09155                   -35.82315011224195
0.091575                  -35.82366283635536
0.0916                    -35.823863120494906
0.09162500000000001       -35.82390665043669
0.09165000000000001       -35.823925028468324
0.091675                  -35.82401843813501
0.0917                    -35.82425336858969
0.091725                  -35.82466473287774
0.09175                   -35.82526122628595
0.091775                  -35.82603254386539
0.0918                    -35.82695710498999
0.091825                  -35.82800916869935
0.09185                   -35.82916458779344
0.09187500000000001       -35.830404850564
0.09190000000000001       -35.83171941104866
0.091925                  -35.83310654908764
0.09195                   -35.834573101945566
0.091975                  -35.83613337940718
0.092                     -35.837807456310394
0.092025                  -35.839618892744404
0.09205                   -35.84159182801801
0.092075                  -35.8437473811957
0.0921                    -35.846099391849876
0.09212500000000001       -35.84864973824792
0.09215000000000001       -35.85138373158972
0.092175                  -35.85426633503332
0.0922                    -35.85724011692017
0.092225                  -35.8602258494743
0.09225                   -35.86312646385879
0.092275                  -35.865834665406034
0.0923                    -35.86824394021535
0.092325                  -35.87026203089191
0.09235                   -35.8718253421444
0.09237500000000001       -35.872912285684116
0.09240000000000001       -35.8735534035245
0.09242500000000001       -35.873836292459636
0.09245                   -35.87390389933078
0.092475                  -35.873945603031515
0.0925                    -35.874181517297856
0.092525                  -35.87484147138796
0.09255                   -35.87614098272087
0.092575                  -35.878257085392924
0.0926                    -35.881307034677384
0.09262500000000001       -35.88533264775374
0.09265000000000001       -35.89029240274066
0.09267500000000001       -35.89606248702622
0.0927                    -35.90244688036915
0.092725                  -35.909195416812636
0.09275                   -35.9160277391914
0.092775                  -35.922660283555714
0.0928                    -35.92883302879935
0.092825                  -35.93433279571443
0.09285                   -35.93901039033491
0.09287500000000001       -35.942789790602156
0.09290000000000001       -35.94566872983693
0.09292500000000001       -35.9477112409953
0.09295                   -35.949033787027695
0.092975                  -35.949787343447134
0.093                     -35.950138117688816
0.093025                  -35.95024947067614
0.09305                   -35.95026711502197
0.093075                  -35.950308925671386
0.0931                    -35.95045986354196
0.09312500000000001       -35.95077172744999
0.09315000000000001       -35.95126683187126
0.09317500000000001       -35.951944331011575
0.0932                    -35.95278779609841
0.093225                  -35.953772777844335
0.09325                   -35.954873386625664
0.093275                  -35.95606731293903
0.0933                    -35.957339099207644
0.093325                  -35.95868178363896
0.09335                   -35.960097218700525
0.09337500000000001       -35.961595408742284
0.09340000000000001       -35.96319313773868
0.09342500000000001       -35.96491202138924
0.09345                   -35.966775983372784
0.093475                  -35.96880808448166
0.0935                    -35.97102666624878
0.093525                  -35.97344091654753
0.09355                   -35.97604619747916
0.093575                  -35.97881973940226
0.0936                    -35.98171752469482
0.09362500000000001       -35.98467328464069
0.09365000000000001       -35.987600452824815
0.09367500000000001       -35.99039763066345
0.0937                    -35.992957639683596
0.093725                  -35.99517962091331
0.09375                   -35.996982993963066
0.093775                  -35.99832153137245
0.0938                    -35.99919546330972
0.093825                  -35.99965950332215
0.09385                   -35.99982502498655
0.09387500000000001       -35.99985530038171
0.09390000000000001       -35.99995364202414
0.09392500000000001       -36.00034532331999
0.09395                   -36.001255117060225
0.093975                  -36.0028830262273
0.094                     -36.00538116720897
0.094025                  -36.00883474315704
0.09405                   -36.01324961880031
0.094075                  -36.01854823678822
0.0941                    -36.02457460018245
0.094125                  -36.03110791386225
0.09415000000000001       -36.03788337234802
0.09417500000000001       -36.044617649247556
0.0942                    -36.051036019205185
0.094225                  -36.056897830821455
0.09425                   -36.06201729873064
0.094275                  -36.06627727240547
0.0943                    -36.06963466665073
0.094325                  -36.07211743584336
0.09435                   -36.07381413759312
0.094375                  -36.074858066960864
0.09440000000000001       -36.0754085057132
0.09442500000000001       -36.07563175735677
0.09445                   -36.075684349078074
0.094475                  -36.07570016998754
0.0945                    -36.075782520070085
0.094525                  -36.07600121774361
0.09455                   -36.07639419183773
0.094575                  -36.0769724654915
0.0946                    -36.07772717655801
0.094625                  -36.078637273342636
0.09465000000000001       -36.079676733422886
0.09467500000000001       -36.080820502295246
0.0947                    -36.082048747586015
0.094725                  -36.0833493866256
0.09475                   -36.084719103825094
0.094775                  -36.08616319580306
0.0948                    -36.08769457043424
0.094825                  -36.0893321184438
0.09485                   -36.091098532514465
0.094875                  -36.093017534558165
0.09490000000000001       -36.09511044073694
0.09492500000000001       -36.09739207407232
0.09495                   -36.09986622028948
0.094975                  -36.10252107432445
0.095                     -36.10532537732626
0.095025                  -36.10822612014188
0.09505                   -36.111148718286
0.095075                  -36.114000397604116
0.0951                    -36.11667715851519
0.095125                  -36.11907414362178
0.09515000000000001       -36.12109859621838
0.09517500000000001       -36.122683977536816
0.0952                    -36.12380333556449
0.095225                  -36.12447980502878
0.09525                   -36.12479224614235
0.095275                  -36.12487451803925
0.0953                    -36.12490767933397
0.09532500000000001       -36.125105395377396
0.09535                   -36.125693849186916
0.095375                  -36.126888330726594
0.09540000000000001       -36.128869272024914
0.09542500000000001       -36.13176070907622
0.09545000000000001       -36.1356139537183
0.095475                  -36.1403986784381
0.0955                    -36.14600273242289
0.095525                  -36.152240931329146
0.09555                   -36.1588719312774
0.095575                  -36.16562125488178
0.0956                    -36.172207726671004
0.095625                  -36.1783701208062
0.09565000000000001       -36.183890808633436
0.09567500000000001       -36.188613637831274
0.09570000000000001       -36.19245412214423
0.095725                  -36.19540113852361
0.09575                   -36.197510529865426
0.095775                  -36.19889209258816
0.0958                    -36.19969221265435
0.095825                  -36.200074789680116
0.09585                   -36.20020302913375
0.095875                  -36.20022424196813
0.09590000000000001       -36.20025908559997
0.09592500000000001       -36.20039585733846
0.09595000000000001       -36.20068965845337
0.095975                  -36.201165605684835
0.096                     -36.20182485653673
0.096025                  -36.2026520651563
0.09605                   -36.203622978883175
0.096075                  -36.20471116397636
0.0961                    -36.20589322955376
0.096125                  -36.2071523107737
0.09615000000000001       -36.20847989594232
0.09617500000000001       -36.20987628407041
0.09620000000000001       -36.211350021637486
0.096225                  -36.21291660893348
0.09625                   -36.21459663578012
0.096275                  -36.21641336764867
0.0963                    -36.21838971849026
0.096325                  -36.22054456019801
0.09635                   -36.22288844477477
0.096375                  -36.225419033571896
0.09640000000000001       -36.22811678683816
0.09642500000000001       -36.23094169448962
0.09645000000000001       -36.23383194942959
0.096475                  -36.236705415310794
0.0965                    -36.23946448822928
0.096525                  -36.242004504144724
0.09655                   -36.244225253510024
0.096575                  -36.24604452490439
0.0966                    -36.247412030567226
0.096625                  -36.24832169387585
0.09665000000000001       -36.24882020547357
0.09667500000000001       -36.24901003643154
0.09670000000000001       -36.249045722687995
0.096725                  -36.24912312388474
0.09675                   -36.24946237333824
0.096775                  -36.25028620669723
0.0968                    -36.25179612273231
0.096825                  -36.25414926549665
0.09685                   -36.257438954740635
0.096875                  -36.261681425694896
0.09690000000000001       -36.266810621153965
0.09692500000000001       -36.27268190240986
0.09695000000000001       -36.27908443443437
0.096975                  -36.28576089511843
0.097                     -36.292432203874476
0.097025                  -36.29882429800234
0.09705                   -36.304693714430506
0.097075                  -36.3098489180057
0.0971                    -36.31416494370336
0.097125                  -36.317589898842996
0.09715000000000001       -36.32014304378414
0.09717500000000001       -36.321905337186415
0.09720000000000001       -36.32300429854951
0.097225                  -36.32359565506343
0.09725                   -36.32384442570335
0.097275                  -36.3239078622819
0.0973                    -36.323922098706184
0.097325                  -36.323993588768765
0.09735                   -36.32419558955042
0.097375                  -36.32456921013972
0.0974                    -36.32512799840973
0.09742500000000001       -36.32586474042803
0.09745000000000001       -36.326759106549154
0.097475                  -36.32778495913779
0.0975                    -36.32891646902258
0.097525                  -36.330132582993585
0.09755                   -36.33141975509807
0.097575                  -36.33277313021965
0.0976                    -36.3341965105848
0.097625                  -36.33570144261645
0.09765                   -36.337305665616945
0.09767500000000001       -36.33903102185745
0.09770000000000001       -36.34090080489448
0.097725                  -36.34293647554097
0.09775                   -36.34515373535934
0.097775                  -36.34755811552488
0.0978                    -36.35014048014703
0.097825                  -36.35287309618676
0.09785                   -36.35570711170282
0.097875                  -36.35857233825411
0.0979                    -36.36138010038864
0.09792500000000001       -36.364029578597446
0.09795000000000001       -36.36641755854201
0.097975                  -36.36845087935795
0.098                     -36.37006025358817
0.098025                  -36.371213635321766
0.09805                   -36.37192705989079
0.098075                  -36.37227095325858
0.0981                    -36.372370340495685
0.098125                  -36.37239812942849
0.09815                   -36.37256160034407
0.09817500000000001       -36.373083241912376
0.09820000000000001       -36.37417796894598
0.098225                  -36.37602939055148
0.09825                   -36.37876806575821
0.098275                  -36.38245454678329
0.0983                    -36.38706948747653
0.098325                  -36.39251225687064
0.09835                   -36.39860845288898
0.098375                  -36.40512559064416
0.0984                    -36.41179518691118
0.09842500000000001       -36.41833862038005
0.09845000000000001       -36.42449364271664
0.09847500000000001       -36.43003833745744
0.0985                    -36.43480970217381
0.098525                  -36.43871481890764
0.09855                   -36.44173365709046
0.098575                  -36.443913742527336
0.09860000000000001       -36.44535802370924
0.098625                  -36.446208092078514
0.09865                   -36.446625344964964
0.09867500000000001       -36.44677267958835
0.09870000000000001       -36.44679891721421
0.09872500000000001       -36.44682748620551
0.09875                   -36.4469500846542
0.098775                  -36.44722524497785
0.0988                    -36.44768105964358
0.098825                  -36.44832088442661
0.09885                   -36.44913065032782
0.098875                  -36.45008647617491
0.0989                    -36.45116152886773
0.09892500000000001       -36.45233144752357
0.09895000000000001       -36.453578041474145
0.09897500000000001       -36.454891308293455
0.099                     -36.456270039045584
0.099025                  -36.457721360457086
0.09905                   -36.459259521311566
0.099075                  -36.4609041073857
0.0991                    -36.46267772782806
0.099125                  -36.464603119152564
0.09915                   -36.46669960846796
0.09917500000000001       -36.4689789843917
0.09920000000000001       -36.47144102737734
0.09922500000000001       -36.47406920413363
0.09925                   -36.476827264598484
0.099275                  -36.479657618917926
0.0993                    -36.482482351130294
0.099325                  -36.485207507864935
0.09935                   -36.487730885488276
0.099375                  -36.489952973289775
0.0994                    -36.491790080271386
0.09942500000000001       -36.493188094725355
0.09945000000000001       -36.49413492340592
0.09947500000000001       -36.49466953752263
0.0995                    -36.4948857789488
0.099525                  -36.494929651424435
0.09955                   -36.494989667878706
0.099575                  -36.49528081686108
0.0996                    -36.49602368546158
0.099625                  -36.49742107019618
0.09965                   -36.49963489054762
0.09967500000000001       -36.502766315750634
0.09970000000000001       -36.50684170952179
0.09972500000000001       -36.5118063324492
0.09975                   -36.517526805398624
0.099775                  -36.5238022484335
0.0998                    -36.53038290591326
0.099825                  -36.53699409412071
0.09985                   -36.54336260069697
0.099875                  -36.54924233803408
0.0999                    -36.55443617138323
0.09992500000000001       -36.55881140545195
0.09995000000000001       -36.562307341953925
0.09997500000000001       -36.564934465800775
0.1                       -36.5667659861775
0.100025                  -36.56792345362645
0.10005                   -36.568558837423
0.100075                  -36.56883569215267
0.1001                    -36.56891186595328
0.100125                  -36.56892567914367
0.10015                   -36.568986757248936
0.10017500000000001       -36.56917188475229
0.10020000000000001       -36.56952549532267
0.10022500000000001       -36.57006384014745
0.10025                   -36.57078154328446
0.100275                  -36.571659177494084
0.1003                    -36.572670645942445
0.100325                  -36.57378946894801
0.10035                   -36.57499346460715
0.100375                  -36.57626768930876
0.1004                    -36.57760579580263
0.10042500000000001       -36.57901012885645
0.10045000000000001       -36.58049090423987
0.10047500000000001       -36.58206473354167
0.1005                    -36.58375261873079
0.100525                  -36.5855774108389
0.10055                   -36.58756066480753
0.100575                  -36.589718863954026
0.1006                    -36.59205913765187
0.100625                  -36.59457482567936
0.10065                   -36.59724149486601
0.100675                  -36.60001421477408
0.10070000000000001       -36.602826976362586
0.10072500000000001       -36.6055950359619
0.10075                   -36.60822066416968
0.100775                  -36.61060229523573
0.1008                    -36.6126464707789
0.100825                  -36.61428135284746
0.10085                   -36.61547006701059
0.100875                  -36.616221845751824
0.1009                    -36.61659896635784
0.100925                  -36.61671785306084
0.10095000000000001       -36.61674341010288
0.10097500000000001       -36.61687657350973
0.101                     -36.61733606811608
0.101025                  -36.61833626670292
0.10105                   -36.62006371837758
0.101075                  -36.62265523476571
0.1011                    -36.62618034522052
0.101125                  -36.63063046696138
0.10115                   -36.63591634601294
0.101175                  -36.64187431219252
0.10120000000000001       -36.648280783961354
0.10122500000000001       -36.65487339820021
0.10125                   -36.661376268889384
0.101275                  -36.667526326242935
0.1013                    -36.67309754889362
0.101325                  -36.67792021498858
0.10135                   -36.68189302932943
0.101375                  -36.684987022377804
0.1014                    -36.68724129151593
0.101425                  -36.68875176619845
0.10145000000000001       -36.68965504237854
0.10147500000000001       -36.69010981813906
0.1015                    -36.69027852114712
0.101525                  -36.69031138150143
0.10155                   -36.6903345700962
0.101575                  -36.6904432315784
0.1016                    -36.690699439529276
0.10162500000000001       -36.69113441827191
0.10165                   -36.691753901797725
0.101675                  -36.692545279587215
0.10170000000000001       -36.69348520709346
0.10172500000000001       -36.69454658888202
0.10175000000000001       -36.69570419883229
0.101775                  -36.69693859547092
0.1018                    -36.69823833786664
0.101825                  -36.69960074685127
0.10185                   -36.70103155905865
0.10187500000000001       -36.70254379555338
0.1019                    -36.70415605274597
0.101925                  -36.70589028085434
0.10195000000000001       -36.70776900795515
0.10197500000000001       -36.70981194607564
0.10200000000000001       -36.712032003692904
0.102025                  -36.71443091687921
0.10205                   -36.71699495719682
0.102075                  -36.71969141263325
0.1021                    -36.7224666934805
0.10212500000000001       -36.72524692120143
0.10215                   -36.72794167265576
0.102175                  -36.73045116951313
0.10220000000000001       -36.732676661803495
0.10222500000000001       -36.734533135672564
0.10225000000000001       -36.7359628898445
0.102275                  -36.73694809610736
0.1023                    -36.737520295917946
0.102325                  -36.73776495777613
0.10235                   -36.73781973765766
0.102375                  -36.7378658879614
0.1024                    -36.73811322864846
0.102425                  -36.738780069528936
0.10245000000000001       -36.74007029206234
0.10247500000000001       -36.74215032716333
0.10250000000000001       -36.74512891793225
0.102525                  -36.749042309440405
0.10255                   -36.753846896056494
0.102575                  -36.7594204613957
0.1026                    -36.76557208097104
0.102625                  -36.77205965759658
0.10265                   -36.778613067814916
0.102675                  -36.7849601527626
0.10270000000000001       -36.79085240545192
0.10272500000000001       -36.79608726134409
0.10275000000000001       -36.80052439899428
0.102775                  -36.80409433497621
0.1028                    -36.80679871297653
0.102825                  -36.808702853446405
0.10285                   -36.80992215040347
0.102875                  -36.81060461178735
0.1029                    -36.81091214210719
0.102925                  -36.81100304672405
0.10295000000000001       -36.81101775946037
0.10297500000000001       -36.81106907878914
0.10300000000000001       -36.81123738803514
0.103025                  -36.811570573310476
0.10305                   -36.8120877531593
0.103075                  -36.812785567384886
0.1031                    -36.8136456620764
0.103125                  -36.81464212995837
0.10315                   -36.81574795916336
0.103175                  -36.816939925932786
0.10320000000000001       -36.8182017490408
0.10322500000000001       -36.81952563013068
0.10325000000000001       -36.82091248623607
0.103275                  -36.82237122567554
0.1033                    -36.82391734897121
0.103325                  -36.82557102261757
0.10335                   -36.827354638806796
0.103375                  -36.82928979829268
0.1034                    -36.83139367675197
0.103425                  -36.8336748673442
0.10345000000000001       -36.83612900989359
0.10347500000000001       -36.838734766998094
0.10350000000000001       -36.84145091816894
0.103525                  -36.844215441556145
0.10355                   -36.8469473809143
0.103575                  -36.84955202567318
0.1036                    -36.851929477439306
0.103625                  -36.85398609378011
0.10365                   -36.85564768460706
0.103675                  -36.856872806311955
0.10370000000000001       -36.857664173881496
0.10372500000000001       -36.85807618655927
0.10375000000000001       -36.85821688383794
0.103775                  -36.85824329575288
0.1038                    -36.85835003761199
0.103825                  -36.85875198520755
0.10385                   -36.85966278890111
0.103875                  -36.86127168983921
0.1039                    -36.863721473759135
0.103925                  -36.86709037878593
0.10395                   -36.87138036533992
0.10397500000000001       -36.87651341436058
0.10400000000000001       -36.88233654093469
0.104025                  -36.88863511797999
0.10405                   -36.89515303817848
0.104075                  -36.901617344556115
0.1041                    -36.90776436207146
0.104125                  -36.913364164370535
0.10415                   -36.918240458704766
0.104175                  -36.92228364444748
0.1042                    -36.92545579700011
0.10422500000000001       -36.92778748591263
0.10425000000000001       -36.92936745780928
0.104275                  -36.93032711419225
0.1043                    -36.93082225352123
0.104325                  -36.9310146642513
0.10435                   -36.93105587153623
0.104375                  -36.93107474549542
0.1044                    -36.931169907120236
0.104425                  -36.93140706553062
0.10445                   -36.931820718905534
0.10447500000000001       -36.93241914753661
0.10450000000000001       -36.933191371681175
0.104525                  -36.9341147415375
0.10455                   -36.93516203104407
0.104575                  -36.936307249153174
0.1046                    -36.93752977417519
0.104625                  -36.93881677384091
0.10465                   -36.94016413050609
0.104675                  -36.94157621371517
0.1047                    -36.94306483391935
0.10472500000000001       -36.94464760718648
0.10475000000000001       -36.946345818817264
0.10477500000000001       -36.94818175757072
0.1048                    -36.950175454670685
0.104825                  -36.95234083121995
0.10485                   -36.95468142978326
0.104875                  -36.95718614361367
0.10490000000000001       -36.959825597974216
0.104925                  -36.96255000839513
0.10495                   -36.965289372007334
0.10497500000000001       -36.96795669389024
0.10500000000000001       -36.97045459966904
0.10502500000000001       -36.97268517013267
0.10505                   -36.97456222731202
0.105075                  -36.976024710894876
0.1051                    -36.97704933046712
0.105125                  -36.97766047472027
0.10515000000000001       -36.97793547955661
0.105175                  -36.978003821647455
0.1052                    -36.97803956338747
0.10522500000000001       -36.978247317951784
0.10525000000000001       -36.97884297671124
0.10527500000000001       -36.98003128315519
0.1053                    -36.981982908029345
0.105325                  -36.98481388763406
0.10535                   -36.98857009875569
0.105375                  -36.99321888553062
0.10540000000000001       -36.99864910000507
0.105425                  -37.00467977854578
0.10545                   -37.011076582040296
0.10547500000000001       -37.017574120890835
0.10550000000000001       -37.02390150550899
0.10552500000000001       -37.029808029302984
0.10555                   -37.03508588361027
0.105575                  -37.039587240968515
0.1056                    -37.04323386813108
0.105625                  -37.04601851407843
0.10565                   -37.04799847976495
0.105675                  -37.049282818931545
0.1057                    -37.05001537352767
0.10572500000000001       -37.0503562062232
0.10575000000000001       -37.05046393032232
0.10577500000000001       -37.050481007116254
0.1058                    -37.05052339455038
0.105825                  -37.05067513138473
0.10585                   -37.05098767027155
0.105875                  -37.051483149361594
0.1059                    -37.05216039258585
0.105925                  -37.05300228330155
0.10595                   -37.053983247501876
0.10597500000000001       -37.055075855604684
0.10600000000000001       -37.05625592532982
0.10602500000000001       -37.05750589397991
0.10605                   -37.05881654837168
0.106075                  -37.06018740190305
0.1061                    -37.06162607256878
0.106125                  -37.06314696079035
0.10615                   -37.06476939824428
0.106175                  -37.0665153004948
0.1062                    -37.06840626804965
0.10622500000000001       -37.070460086210424
0.10625000000000001       -37.07268668872401
0.10627500000000001       -37.07508385515664
0.1063                    -37.0776331581715
0.106325                  -37.08029689565145
0.10635                   -37.08301686050216
0.106375                  -37.08571575728055
0.1064                    -37.088301837034805
0.106425                  -37.09067689666385
0.10645                   -37.09274722678297
0.10647500000000001       -37.094436481628435
0.10650000000000001       -37.09569890093641
0.10652500000000001       -37.0965309568715
0.10655                   -37.0969794280648
0.106575                  -37.097144171012175
0.1066                    -37.0971744566408
0.106625                  -37.09725858985007
0.10665                   -37.097607500657155
0.106675                  -37.09843392718052
0.1067                    -37.09992954745866
0.10672500000000001       -37.10224283793707
0.10675000000000001       -37.10546047444146
0.10677500000000001       -37.109594739864164
0.1068                    -37.11457870953624
0.106825                  -37.1202700408797
0.10685                   -37.1264631182705
0.106875                  -37.13290823404876
0.1069                    -37.13933556444585
0.106925                  -37.145481057788864
0.10695                   -37.151111096596956
0.10697500000000001       -37.15604298037277
0.10700000000000001       -37.16015888903561
0.10702500000000001       -37.163411939247275
0.10705                   -37.165824082712064
0.107075                  -37.16747672479323
0.1071                    -37.16849587432156
0.107125                  -37.16903422581953
0.10715                   -37.16925275073815
0.107175                  -37.169304144122876
0.1072                    -37.16931991862125
0.107225                  -37.16940218732067
0.10725000000000001       -37.16962037584257
0.10727500000000001       -37.1700123864431
0.1073                    -37.170589204267245
0.107325                  -37.171341645521835
0.10735                   -37.17224790827111
0.107375                  -37.17328076403578
0.1074                    -37.17441355434599
0.107425                  -37.175624544972436
0.10745                   -37.17689955586141
0.107475                  -37.178233058093596
0.10750000000000001       -37.179628071828155
0.10752500000000001       -37.18109520859045
0.10755                   -37.18265110854806
0.107575                  -37.184316383470644
0.1076                    -37.18611305231396
0.107625                  -37.188061404000436
0.10765                   -37.19017627344912
0.107675                  -37.19246287304327
0.1077                    -37.194912550306064
0.107725                  -37.19749908480024
0.10775000000000001       -37.20017632066102
0.10777500000000001       -37.202877985963106
0.1078                    -37.20552042616168
0.107825                  -37.20800865948925
0.10785                   -37.21024567254078
0.107875                  -37.21214428182526
0.1079                    -37.213640293590366
0.10792500000000001       -37.214705219147504
0.10795                   -37.21535655987778
0.107975                  -37.21566374694464
0.10800000000000001       -37.215748233093386
0.10802500000000001       -37.215776948981954
0.10805000000000001       -37.215949252051736
0.108075                  -37.216478465224476
0.1081                    -37.21756996430638
0.108125                  -37.219398383516975
0.10815                   -37.222086768889106
0.10817500000000001       -37.22569037833432
0.1082                    -37.23018732257966
0.108225                  -37.235477430404885
0.10825000000000001       -37.24138970890822
0.10827500000000001       -37.24769768310031
0.10830000000000001       -37.25414087930283
0.108325                  -37.260449903411406
0.10835                   -37.266372081108294
0.108375                  -37.27169455844112
0.1084                    -37.276262135372875
0.10842500000000001       -37.279987876442256
0.10845                   -37.28285559246898
0.108475                  -37.28491444080767
0.10850000000000001       -37.28626695368789
0.10852500000000001       -37.287052600487186
0.10855000000000001       -37.28742940412941
0.108575                  -37.28755612693939
0.1086                    -37.2875771595882
0.108625                  -37.28761159283398
0.10865                   -37.28774716443395
0.10867500000000001       -37.2880389958963
0.1087                    -37.28851238746293
0.108725                  -37.28916850816728
0.10875000000000001       -37.28999163742401
0.10877500000000001       -37.29095667482977
0.10880000000000001       -37.292035885221246
0.108825                  -37.293204209014725
0.10885                   -37.2944428555908
0.108875                  -37.295741229729735
0.1089                    -37.29709746088314
0.108925                  -37.29851788892646
0.10895                   -37.300015820485974
0.108975                  -37.301609749690286
0.10900000000000001       -37.30332109663533
0.10902500000000001       -37.30517141770803
0.10905000000000001       -37.3071790310729
0.109075                  -37.30935509770034
0.1091                    -37.31169938982627
0.109125                  -37.31419622013206
0.10915                   -37.31681123000864
0.109175                  -37.31948987087144
0.1092                    -37.32215839554223
0.109225                  -37.32472797009697
0.10925000000000001       -37.32710212088284
0.10927500000000001       -37.32918719007971
0.10930000000000001       -37.330904869504316
0.109325                  -37.332205327625864
0.10935                   -37.33307905846932
0.109375                  -37.33356546587212
0.1094                    -37.333756413053166
0.109425                  -37.333793515508674
0.10945                   -37.33385876794313
0.109475                  -37.33415904951357
0.10950000000000001       -37.334905989820285
0.10952500000000001       -37.336293444071536
0.10955000000000001       -37.33847529319921
0.109575                  -37.34154637845666
0.1096                    -37.34552908478982
0.109625                  -37.3503674431895
0.10965                   -37.35592971380402
0.109675                  -37.36201935444863
0.1097                    -37.3683932077466
0.109725                  -37.37478479591253
0.10975000000000001       -37.380929929615725
0.10977500000000001       -37.38659152579637
0.10980000000000001       -37.39158065166813
0.109825                  -37.39577136560793
0.10985                   -37.39910783225353
0.109875                  -37.401603303154545
0.1099                    -37.40333168807394
0.109925                  -37.40441340490551
0.10995                   -37.404997835715655
0.109975                  -37.405244949276394
0.11000000000000001       -37.405308474704945
0.11002500000000001       -37.40532249822565
0.11005000000000001       -37.40539262818491
0.110075                  -37.405592075907
0.1101                    -37.40596226790927
0.110125                  -37.40651704494621
0.11015                   -37.40724917887502
0.110175                  -37.40813786527734
0.1102                    -37.409155999364025
0.110225                  -37.410276351221896
0.11025000000000001       -37.411476140039795
0.11027500000000001       -37.412739879057284
0.11030000000000001       -37.414060651825565
0.110325                  -37.41544014257409
0.11035                   -37.41688777112979
0.110375                  -37.418419202408906
0.1104                    -37.42005436392249
0.110425                  -37.42181497485531
0.11045                   -37.42372152417764
0.110475                  -37.425789669279055
0.1105                    -37.42802616655673
0.11052500000000001       -37.43042466394167
0.11055000000000001       -37.4329619274221
0.110575                  -37.43559526832312
0.1106                    -37.43826201476195
0.110625                  -37.44088177577258
0.11065                   -37.44336195806476
0.110675                  -37.44560653190164
0.1107                    -37.447527465250346
0.110725                  -37.44905765097606
0.11075                   -37.45016365749619
0.11077500000000001       -37.45085635393459
0.11080000000000001       -37.45119748350571
0.110825                  -37.45130061971227
0.11085                   -37.45132561019449
0.110875                  -37.45146649977303
0.1109                    -37.45193388676028
0.110925                  -37.4529335451758
0.11095000000000001       -37.45464379357896
0.110975                  -37.45719440292553
0.111                     -37.46064976160969
0.11102500000000001       -37.46499856493876
0.11105000000000001       -37.47015152914177
0.11107500000000001       -37.47594764570285
0.1111                    -37.48216841511476
0.111125                  -37.488558468668494
0.11115                   -37.49485014264917
0.111175                  -37.50078903709212
0.11120000000000001       -37.50615746278976
0.111225                  -37.510792991955086
0.11125                   -37.51460004502438
0.11127500000000001       -37.51755345969295
0.11130000000000001       -37.51969413106372
0.11132500000000001       -37.52111789031706
0.11135                   -37.52195962535517
0.111375                  -37.52237511534724
0.1114                    -37.522523103533615
0.111425                  -37.52254980065382
0.11145000000000001       -37.522577391569435
0.111475                  -37.522697344916146
0.1115                    -37.522968543067705
0.11152500000000001       -37.52341958258749
0.11155000000000001       -37.52405413265364
0.11157500000000001       -37.52485802376817
0.1116                    -37.52580676737525
0.111625                  -37.526872433707354
0.11165                   -37.528029166078035
0.111675                  -37.529256997941914
0.11170000000000001       -37.530543982343445
0.111725                  -37.53188688102952
0.11175                   -37.53329076393228
0.11177500000000001       -37.53476784629826
0.11180000000000001       -37.53633577915721
0.11182500000000001       -37.538015467505794
0.11185                   -37.539828381775855
0.111875                  -37.541793301574174
0.1119                    -37.54392251039413
0.111925                  -37.54621763758563
0.11195000000000001       -37.54866557925147
0.111975                  -37.55123515955678
0.112                     -37.553875345572706
0.11202500000000001       -37.556515837125865
0.11205000000000001       -37.55907067675728
0.11207500000000001       -37.561445158469155
0.1121                    -37.56354579437825
0.112125                  -37.565292503102825
0.11215                   -37.566631620063625
0.112175                  -37.5675479165731
0.1122                    -37.56807365730669
0.112225                  -37.56829289187115
0.11225                   -37.568339674915556
0.11227500000000001       -37.56838968355367
0.11230000000000001       -37.56864563509232
0.11232500000000001       -37.56931785011889
0.11235                   -37.57060209859102
0.112375                  -37.572657378311945
0.1124                    -37.575586423409966
0.112425                  -37.57942150118603
0.11245                   -37.5841174612689
0.112475                  -37.58955312972312
0.1125                    -37.595541103853364
0.11252500000000001       -37.601844932734515
0.11255000000000001       -37.60820170449773
0.11257500000000001       -37.614347339858476
0.1126                    -37.62004152572362
0.112625                  -37.62508928311766
0.11265                   -37.629356657155995
0.112675                  -37.63277887618065
0.1127                    -37.63536041585634
0.112725                  -37.63716753928349
0.11275                   -37.63831487464219
0.11277500000000001       -37.6389482787168
0.11280000000000001       -37.639226524298934
0.11282500000000001       -37.63930422868776
0.11285                   -37.639317971348035
0.112875                  -37.639376847546615
0.1129                    -37.63955791298165
0.112925                  -37.639906229878
0.11295                   -37.640438638860246
0.112975                  -37.64115002291769
0.113                     -37.64202072250651
0.11302500000000001       -37.64302388162396
0.11305000000000001       -37.6441317943804
0.11307500000000001       -37.645320698579134
0.1131                    -37.64657384027257
0.113125                  -37.64788293665522
0.11315                   -37.649248346066784
0.113175                  -37.650678300146126
0.1132                    -37.65218748600305
0.113225                  -37.65379513440274
0.11325                   -37.655522635339416
0.11327500000000001       -37.65739062365246
0.11330000000000001       -37.65941549448163
0.11332500000000001       -37.66160543197926
0.11335                   -37.66395624239736
0.113375                  -37.666447523212824
0.1134                    -37.66903990432577
0.113425                  -37.671674194315244
0.11345                   -37.674273197648866
0.113475                  -37.67674671051053
0.1135                    -37.67899976589746
0.11352500000000001       -37.68094363760563
0.11355000000000001       -37.682508519333
0.11357500000000001       -37.68365628383754
0.1136                    -37.68439141368975
0.113625                  -37.68476817146955
0.11365                   -37.68489238740572
0.113675                  -37.684916867480716
0.1137                    -37.685030281283616
0.113725                  -37.68544034227807
0.11375                   -37.686352985989096
0.113775                  -37.68794993480277
0.11380000000000001       -37.690367399395434
0.11382500000000001       -37.69367864842909
0.11385                   -37.69788278097511
0.113875                  -37.7029013134551
0.1139                    -37.70858323842897
0.113925                  -37.714718147509146
0.11395                   -37.721055971745955
0.113975                  -37.727331020020095
0.114                     -37.73328741753302
0.114025                  -37.73870285959387
0.11405000000000001       -37.74340784548615
0.11407500000000001       -37.74729821892209
0.11410000000000001       -37.75033981696452
0.114125                  -37.75256515848074
0.11415                   -37.75406319526328
0.114175                  -37.754964022318816
0.1142                    -37.755420965059365
0.11422500000000001       -37.75559257074867
0.11425                   -37.75562675031219
0.114275                  -37.75564873281618
0.11430000000000001       -37.755753738987636
0.11432500000000001       -37.75600449487161
0.11435000000000001       -37.75643302046282
0.114375                  -37.75704563531014
0.1144                    -37.757829873339695
0.114425                  -37.75876199499749
0.11445                   -37.759813986669315
0.11447500000000001       -37.76095927463424
0.1145                    -37.76217676770946
0.114525                  -37.76345319582991
0.11455000000000001       -37.764783966607595
0.11457500000000001       -37.76617288488867
0.11460000000000001       -37.76763107366085
0.114625                  -37.76917533289681
0.11465                   -37.77082603222803
0.114675                  -37.772604516160165
0.1147                    -37.77452995909129
0.11472500000000001       -37.776615670001775
0.11475                   -37.778865009895156
0.114775                  -37.78126731335595
0.11480000000000001       -37.783794438649096
0.11482500000000001       -37.786398736828794
0.11485000000000001       -37.78901326255749
0.114875                  -37.7915549023199
0.1149                    -37.79393075841157
0.114925                  -37.796047629999514
0.11495                   -37.79782384717361
0.11497500000000001       -37.799202143471284
0.115                     -37.80016181439086
0.115025                  -37.80072821214652
0.11505000000000001       -37.80097774400412
0.11507500000000001       -37.801036991168466
0.11510000000000001       -37.80107530015418
0.115125                  -37.80129111144219
0.11515                   -37.80189323359424
0.115175                  -37.80307908757289
0.1152                    -37.805012500021384
0.11522500000000001       -37.807803825659924
0.11525                   -37.81149499529246
0.115275                  -37.8160515416116
0.11530000000000001       -37.821362821988004
0.11532500000000001       -37.82725064246192
0.11535000000000001       -37.83348541919227
0.115375                  -37.839808032097665
0.1154                    -37.845954767085345
0.115425                  -37.85168232527919
0.11545                   -37.85678987702052
0.115475                  -37.86113557169719
0.1155                    -37.86464572514898
0.115525                  -37.867315967265164
0.11555000000000001       -37.86920476619614
0.11557500000000001       -37.87042076087032
0.11560000000000001       -37.87110606566244
0.115625                  -37.87141805670736
0.11565                   -37.871512084003726
0.115675                  -37.87152712920523
0.1157                    -37.87157575547947
0.115725                  -37.8717389119612
0.11575                   -37.87206540026595
0.115775                  -37.872575199636024
0.11580000000000001       -37.87326545641325
0.11582500000000001       -37.87411780190414
0.11585000000000001       -37.875105753840245
0.115875                  -37.87620122612853
0.1159                    -37.877379540404895
0.115925                  -37.878622714251364
0.11595                   -37.87992111783025
0.115975                  -37.881273790890965
0.116                     -37.88268777726689
0.116025                  -37.88417678095189
0.11605000000000001       -37.8857593219636
0.11607500000000001       -37.887456432207046
0.11610000000000001       -37.88928884132466
0.116125                  -37.891273603379474
0.11615                   -37.89342022245202
0.116175                  -37.89572653133527
0.1162                    -37.89817481524055
0.116225                  -37.90072888489506
0.11625                   -37.90333291910434
0.116275                  -37.90591285641503
0.11630000000000001       -37.90838088701576
0.11632500000000001       -37.910643185719465
0.11635000000000001       -37.91261048323093
0.116375                  -37.914210482333786
0.1164                    -37.91540059965739
0.116425                  -37.91617916852681
0.11645                   -37.91659317009365
0.116475                  -37.916740820217726
0.1165                    -37.91676791901122
0.116525                  -37.91685769426769
0.11655000000000001       -37.91721481190079
0.11657500000000001       -37.91804513097866
0.11660000000000001       -37.91953349682574
0.116625                  -37.92182227485916
0.11665                   -37.924993364443324
0.116675                  -37.929056088642724
0.1167                    -37.93394267836976
0.116725                  -37.93951214624727
0.11675                   -37.945562293984544
0.116775                  -37.95184855184727
0.11680000000000001       -37.95810744967282
0.11682500000000001       -37.964081896219355
0.11685000000000001       -37.969545199712236
0.116875                  -37.974320950310286
0.1169                    -37.978296490777176
0.116925                  -37.98142863679887
0.11695                   -37.98374142119972
0.116975                  -37.985316738966745
0.117                     -37.98627967821174
0.117025                  -37.986780894740576
0.11705                   -37.986978554503814
0.11707500000000001       -37.98702213867388
0.11710000000000001       -37.98703986008987
0.117125                  -37.987130702875554
0.11715                   -37.98736131117569
0.117175                  -37.98776724925956
0.1172                    -37.98835763330678
0.117225                  -37.989121851136154
0.11725000000000001       -37.99003704905026
0.117275                  -37.99107524088142
0.1173                    -37.99220921653569
0.11732500000000001       -37.99341681147622
0.11735000000000001       -37.994683460157816
0.11737500000000001       -37.99600322759635
0.1174                    -37.99737865566677
0.117425                  -37.99881977139328
0.11745                   -38.00034251363326
0.117475                  -38.00196669583813
0.11750000000000001       -38.00371349828676
0.117525                  -38.00560242777321
0.11755                   -38.007647728537556
0.11757500000000001       -38.00985437668543
0.11760000000000001       -38.01221401052858
0.11762500000000001       -38.014701384142604
0.11765                   -38.017272110308426
0.117675                  -38.01986251372436
0.1177                    -38.022392296800376
0.117725                  -38.02477041197128
0.11775000000000001       -38.02690406050622
0.117775                  -38.02871016377209
0.1178                    -38.0301280777324
0.11782500000000001       -38.031131861122944
0.11785000000000001       -38.03174017256228
0.11787500000000001       -38.0320219412564
0.1179                    -38.03209635676906
0.117925                  -38.03212641801627
0.11795                   -38.03230617122046
0.117975                  -38.03284270870765
0.11800000000000001       -38.033934838402985
0.118025                  -38.03575092802055
0.11805                   -38.03840868117146
0.11807500000000001       -38.04195947411702
0.11810000000000001       -38.04637938813183
0.11812500000000001       -38.05156827886544
0.11815                   -38.05735723271851
0.118175                  -38.06352369707638
0.1182                    -38.069812574424084
0.118225                  -38.07596077740135
0.11825000000000001       -38.08172227329363
0.118275                  -38.086890585744534
0.1183                    -38.09131609439865
0.11832500000000001       -38.094916233803715
0.11835000000000001       -38.09767772354892
0.11837500000000001       -38.09965109103229
0.1184                    -38.10093878552684
0.118425                  -38.101678957643095
0.11845                   -38.102027379049865
0.118475                  -38.10213996776205
0.11850000000000001       -38.10215800637589
0.118525                  -38.10219749687998
0.11855                   -38.102343321992215
0.11857500000000001       -38.10264811937095
0.11860000000000001       -38.10313514085602
0.11862500000000001       -38.10380394583782
0.11865                   -38.104637601784745
0.118675                  -38.10561012565505
0.1187                    -38.106693147903066
0.118725                  -38.10786113989011
0.11875                   -38.109094929276246
0.118775                  -38.110383557275036
0.1188                    -38.11172475016358
0.11882500000000001       -38.1131243617013
0.11885000000000001       -38.11459510505179
0.11887500000000001       -38.11615477413866
0.1189                    -38.11782401433783
0.118925                  -38.119623601803525
0.11895                   -38.121571175948546
0.118975                  -38.1236774604421
0.119                     -38.12594219192509
0.119025                  -38.12835020933648
0.11905                   -38.130868375788545
0.11907500000000001       -38.1334441378501
0.11910000000000001       -38.13600651212093
0.11912500000000001       -38.13847008963205
0.11915                   -38.14074226522391
0.119175                  -38.1427333738327
0.1192                    -38.1443688296084
0.119225                  -38.14560182532095
0.11925                   -38.146424774808786
0.119275                  -38.146877570061484
0.1193                    -38.14705093579191
0.11932500000000001       -38.14708369792605
0.11935000000000001       -38.14715357337791
0.11937500000000001       -38.147462016630605
0.1194                    -38.14821457211908
0.119425                  -38.149598927577564
0.11945                   -38.151763318806225
0.119475                  -38.154798027020256
0.1195                    -38.15872242030922
0.119525                  -38.16347935942602
0.11955                   -38.16893789763408
0.11957500000000001       -38.174904168207334
0.11960000000000001       -38.18113930381753
0.11962500000000001       -38.18738230881769
0.11965                   -38.19337514055975
0.119675                  -38.19888695635256
0.1197                    -38.20373460926901
0.119725                  -38.20779702468443
0.11975                   -38.21102198247094
0.119775                  -38.21342492348686
0.1198                    -38.21508050928741
0.11982500000000001       -38.216108604536494
0.11985000000000001       -38.21665697390771
0.11987500000000001       -38.21688320855558
0.1199                    -38.21693822031464
0.119925                  -38.21695313533492
0.11995                   -38.21703070310838
0.119975                  -38.21724155255046
0.12                      -38.217624907425986
0.120025                  -38.21819282348941
0.12005                   -38.218936691696115
0.12007500000000002       -38.219834681391156
0.12010000000000001       -38.22085894630011
0.12012500000000001       -38.22198172181662
0.12015                   -38.22317982192162
0.120175                  -38.22443741279717
0.1202                    -38.22574722691015
0.120225                  -38.22711054301381
0.12025                   -38.22853628601522
0.120275                  -38.230039521729864
0.1203                    -38.23163948610389
0.120325                  -38.23335715836297
0.12035000000000001       -38.235212319096085
0.12037500000000001       -38.23722006364723
0.12040000000000001       -38.239386874582756
0.120425                  -38.24170656815543
0.12045                   -38.24415666498152
0.120475                  -38.24669592530759
0.1205                    -38.2492638650687
0.12052500000000001       -38.251782977881675
0.12055                   -38.25416410844048
0.120575                  -38.25631497252373
0.12060000000000001       -38.25815125753487
0.12062500000000001       -38.259609159549825
0.12065000000000001       -38.26065773236759
0.120675                  -38.26130915298894
0.1207                    -38.261625031035045
0.120725                  -38.26171724194593
0.12075                   -38.26174241737673
0.12077500000000001       -38.26189009063495
0.1208                    -38.262365433446696
0.120825                  -38.263368377141894
0.12085000000000001       -38.26507154347808
0.12087500000000001       -38.26759971400408
0.12090000000000001       -38.271013493066846
0.120925                  -38.27529937674079
0.12095                   -38.2803676869083
0.120975                  -38.28605886358174
0.121                     -38.29215755218038
0.12102500000000001       -38.29841291256188
0.12105                   -38.30456275116748
0.121075                  -38.31035856027558
0.12110000000000001       -38.31558842858628
0.12112500000000001       -38.320095099849674
0.12115000000000001       -38.3237871655056
0.121175                  -38.326642375391444
0.1212                    -38.32870317269026
0.121225                  -38.33006561574313
0.12125                   -38.33086366593274
0.12127500000000001       -38.331251275748606
0.1213                    -38.33138475766337
0.121325                  -38.33140758418073
0.12135000000000001       -38.3314391574421
0.12137500000000001       -38.331568325498
0.12140000000000001       -38.331851652220955
0.121425                  -38.33231579182613
0.12145                   -38.332962864494405
0.121475                  -38.33377751907155
0.1215                    -38.33473439834344
0.12152500000000001       -38.33580494759954
0.12155                   -38.33696285504823
0.121575                  -38.338187797350564
0.12160000000000001       -38.33946750413243
0.12162500000000001       -38.34079839160717
0.12165000000000001       -38.34218511893464
0.121675                  -38.34363939860517
0.1217                    -38.34517828187383
0.121725                  -38.34682199952298
0.12175                   -38.348591328387684
0.12177500000000001       -38.3505044243483
0.1218                    -38.35257313700529
0.121825                  -38.35479899222045
0.12185000000000001       -38.35716925721799
0.12187500000000001       -38.35965372708974
0.12190000000000001       -38.36220302021302
0.121925                  -38.364749179386756
0.12195                   -38.36720920467615
0.121975                  -38.369491787626
0.122                     -38.37150701064989
0.122025                  -38.3731781956264
0.12205                   -38.3744545368922
0.122075                  -38.37532275175023
0.12210000000000001       -38.37581582934874
0.12212500000000001       -38.37601712194822
0.12215000000000001       -38.37605851008417
0.122175                  -38.37611212935742
0.1222                    -38.37637605879284
0.122225                  -38.37705529061919
0.12225                   -38.37834007536258
0.122275                  -38.380384235731476
0.1223                    -38.38328618662932
0.122325                  -38.38707516272215
0.12235000000000001       -38.391704570506676
0.12237500000000001       -38.39705352539626
0.12240000000000001       -38.40293661542434
0.122425                  -38.40912088178111
0.12245                   -38.415348061280305
0.122475                  -38.421359430785394
0.1225                    -38.42692023994204
0.122525                  -38.43184078444149
0.12254999999999999       -38.43599166317978
0.12257500000000002       -38.43931161178995
0.12260000000000001       -38.44180737696771
0.12262500000000001       -38.4435462109711
0.12265000000000001       -38.444642535991925
0.122675                  -38.445240998547156
0.1227                    -38.44549841362755
0.122725                  -38.445566974829184
0.12275                   -38.445580641507966
0.122775                  -38.44564592159305
0.12279999999999999       -38.44583748814848
0.12282500000000002       -38.446198334519195
0.12285000000000001       -38.44674359616131
0.12287500000000001       -38.44746681569133
0.12290000000000001       -38.44834732352349
0.122925                  -38.44935752738925
0.12295                   -38.45046919174386
0.122975                  -38.45165816205717
0.123                     -38.452907363520296
0.123025                  -38.454208205070046
0.12304999999999999       -38.455560700324924
0.12307500000000002       -38.45697266378121
0.12310000000000001       -38.45845827459384
0.12312500000000001       -38.46003616937506
0.12315000000000001       -38.46172709075133
0.123175                  -38.46355103788481
0.1232                    -38.46552387850026
0.123225                  -38.46765350004758
0.12325                   -38.46993577888837
0.123275                  -38.47235088080672
0.12329999999999999       -38.474860606096414
0.12332500000000002       -38.47740758803623
0.12335000000000002       -38.479917089084644
0.12337500000000001       -38.48230188787065
0.12340000000000001       -38.48447032402007
0.123425                  -38.486337020590526
0.12345                   -38.487835225074484
0.123475                  -38.48892921148666
0.1235                    -38.48962488111255
0.123525                  -38.48997667765503
0.12355                   -38.490089236755395
0.12357500000000002       -38.49011280157798
0.12360000000000002       -38.49023227364069
0.12362500000000001       -38.49065070038871
0.12365000000000001       -38.49156887409344
0.12367500000000001       -38.493163384618555
0.1237                    -38.4955658213236
0.123725                  -38.498845799768176
0.12375                   -38.503000097349855
0.123775                  -38.50794947055388
0.1238                    -38.5135437871986
0.12382500000000002       -38.519575059462085
0.12385000000000002       -38.52579694264594
0.12387500000000001       -38.53194840885982
0.12390000000000001       -38.537778740433055
0.12392500000000001       -38.54307081008636
0.12395                   -38.547659866952706
0.123975                  -38.55144570421895
0.124                     -38.55439704742078
0.124025                  -38.55654811435382
0.12405                   -38.557988370333646
0.12407500000000002       -38.558847358086
0.12410000000000002       -38.559276989518295
0.12412500000000001       -38.55943378939929
0.12415000000000001       -38.55946329963607
0.12417500000000001       -38.55948827462391
0.1242                    -38.559601551487205
0.124225                  -38.55986370441536
0.12425                   -38.56030491600443
0.124275                  -38.560930013456975
0.1243                    -38.561725372570116
0.12432500000000002       -38.56266639013151
0.12435000000000002       -38.56372442656409
0.12437500000000001       -38.564872455751484
0.12440000000000001       -38.56608904312601
0.12442500000000001       -38.567360623815766
0.12445                   -38.56868230607584
0.124475                  -38.57005754801497
0.1245                    -38.571497049701165
0.124525                  -38.57301710199704
0.12455                   -38.574637493307144
0.12457499999999999       -38.57637895748542
0.12460000000000002       -38.578260102192814
0.12462500000000001       -38.580293815293686
0.12465000000000001       -38.58248330444951
0.12467500000000001       -38.58481814730989
0.1247                    -38.58727095753793
0.124725                  -38.58979543485231
0.12475                   -38.59232659964756
0.124775                  -38.594783869824816
0.1248                    -38.59707730827223
0.12482499999999999       -38.59911688383352
0.12485000000000002       -38.60082401664724
0.12487500000000001       -38.60214412158244
0.12490000000000001       -38.60305843619149
0.12492500000000001       -38.60359322799783
0.12495                   -38.603824591943635
0.124975                  -38.6038774900887
0.125                     -38.60391840590103
0.125025                  -38.60414187961309
0.12505                   -38.604752114932
0.125075                  -38.605941646893044
0.12510000000000002       -38.60786960269645
0.12512500000000001       -38.610642283390646
0.12515                   -38.61429861199929
0.125175                  -38.61880245675002
0.1252                    -38.624043017045544
0.125225                  -38.62984345991882
0.12525                   -38.63597694339973
0.125275                  -38.642188198396056
0.1253                    -38.648218097438544
0.125325                  -38.65382823229464
0.12535000000000002       -38.658822528201824
0.12537500000000001       -38.66306335551856
0.1254                    -38.666480403037156
0.125425                  -38.66907162475142
0.12545                   -38.67089668855142
0.125475                  -38.672064352777994
0.1255                    -38.672715913449764
0.125525                  -38.67300720037071
0.12555                   -38.6730915309498
0.125575                  -38.67310560829894
0.12560000000000002       -38.67315968327525
0.12562500000000001       -38.67333252552254
0.12565                   -38.67367100327985
0.125675                  -38.674193469397494
0.1257                    -38.674895766358176
0.125725                  -38.67575852492896
0.12575                   -38.67675452305721
0.125775                  -38.6778551399905
0.1258                    -38.679035307204884
0.125825                  -38.68027673669306
0.12585000000000002       -38.68156952225725
0.12587500000000001       -38.6829124088524
0.1259                    -38.684312090387586
0.125925                  -38.68578184418276
0.12595                   -38.68733968516975
0.125975                  -38.68900608492175
0.126                     -38.69080120895791
0.126025                  -38.69274162353595
0.12605                   -38.69483652575449
0.126075                  -38.69708374135513
0.12610000000000002       -38.69946596688671
0.12612500000000001       -38.70194794117475
0.12615                   -38.70447534497458
0.126175                  -38.706976188825045
0.1262                    -38.70936522596785
0.126225                  -38.71155152583282
0.12625                   -38.71344881156703
0.126275                  -38.71498758723361
0.1263                    -38.71612756602582
0.126325                  -38.71686857403181
0.12635000000000002       -38.71725803873126
0.12637500000000002       -38.71739342800976
0.1264                    -38.71741857464963
0.126425                  -38.71751363011326
0.12645                   -38.71787931524902
0.126475                  -38.71871702238775
0.1265                    -38.72020702491471
0.126525                  -38.72248745073046
0.12655                   -38.72563671004682
0.126575                  -38.729661728041066
0.12660000000000002       -38.73449366407104
0.12662500000000002       -38.7399918882854
0.12665                   -38.74595594960216
0.126675                  -38.752144239439424
0.1267                    -38.7582971716142
0.126725                  -38.76416208923898
0.12675                   -38.76951687477727
0.126775                  -38.7741894311167
0.1268                    -38.77807080450686
0.126825                  -38.781120646441686
0.12685000000000002       -38.78336481045845
0.12687500000000002       -38.78488596603074
0.1269                    -38.785809003988135
0.126925                  -38.78628356776268
0.12695                   -38.78646620388383
0.126975                  -38.78650439394099
0.127                     -38.7865241877252
0.127025                  -38.78662242745717
0.12705                   -38.78686377598476
0.127075                  -38.787282066844725
0.12710000000000002       -38.78788497932789
0.12712500000000002       -38.78866076248238
0.12715                   -38.789585697233406
0.127175                  -38.79063116185311
0.1272                    -38.79176948685394
0.127225                  -38.79297816747512
0.12725                   -38.79424236156499
0.127275                  -38.795555870578575
0.1273                    -38.79692094348008
0.127325                  -38.79834725444198
0.12735000000000002       -38.79985031511301
0.12737500000000002       -38.80144944391387
0.1274                    -38.80316528995449
0.127425                  -38.805016851744824
0.12745                   -38.807017973137214
0.127475                  -38.80917344264744
0.1275                    -38.811475037253665
0.127525                  -38.813898081923945
0.12755                   -38.81639927191053
0.127575                  -38.81891655911424
0.12760000000000002       -38.82137178810006
0.12762500000000002       -38.82367646532006
0.12765                   -38.82574058056227
0.127675                  -38.82748383702858
0.1277                    -38.82884808296639
0.127725                  -38.82980928734435
0.12775                   -38.83038717288119
0.127775                  -38.83065068958028
0.1278                    -38.83071790689604
0.127825                  -38.83074958575434
0.12785                   -38.83093656564657
0.12787500000000002       -38.83148202723365
0.1279                    -38.83258051345014
0.127925                  -38.834396174754325
0.12795                   -38.837042951330545
0.127975                  -38.84056927629709
0.128                     -38.84494939525589
0.128025                  -38.8500826132296
0.12805                   -38.85580080093101
0.128075                  -38.86188344313379
0.1281                    -38.868078529555184
0.12812500000000002       -38.874126809237424
0.12815000000000001       -38.87978647192316
0.128175                  -38.88485526619223
0.1282                    -38.88918743860345
0.128225                  -38.89270363421102
0.12825                   -38.89539291941109
0.128275                  -38.897307203521336
0.1283                    -38.89854935743253
0.128325                  -38.8992570891821
0.12835                   -38.899585026910835
0.12837500000000002       -38.899687445061836
0.12840000000000001       -38.899703691938704
0.128425                  -38.89974773748135
0.12845                   -38.899902493654594
0.128475                  -38.90021880440907
0.1285                    -38.9007183755428
0.128525                  -38.901399497609084
0.12855                   -38.90224424261251
0.128575                  -38.903225877392714
0.1286                    -38.90431548426499
0.12862500000000002       -38.905487137172166
0.12865000000000001       -38.90672136360118
0.128675                  -38.90800695035141
0.1287                    -38.90934136897307
0.128725                  -38.91073018094764
0.12875                   -38.91218574513623
0.128775                  -38.91372543189639
0.1288                    -38.91536940820509
0.128825                  -38.91713795638938
0.12885                   -38.919048271778216
0.12887500000000002       -38.921110771606095
0.12890000000000001       -38.923325126651456
0.128925                  -38.92567645602408
0.12895                   -38.92813234069942
0.128975                  -38.93064144235805
0.129                     -38.93313449986777
0.129025                  -38.935528280333834
0.12905                   -38.9377326853391
0.129075                  -38.939660697366946
0.1291                    -38.94124027626996
0.12912500000000002       -38.942426787609485
0.12915000000000001       -38.94321417799166
0.129175                  -38.94364300509467
0.1292                    -38.94380363956542
0.129225                  -38.94383348200246
0.12925                   -38.94390781683964
0.129275                  -38.94422483794015
0.1293                    -38.94498627879175
0.129325                  -38.94637581327714
0.12935                   -38.948537839436064
0.12937500000000002       -38.951559345708766
0.12940000000000002       -38.955457271106
0.129425                  -38.9601731455675
0.12945                   -38.965575915884585
0.129475                  -38.97147283837021
0.1295                    -38.9776272832515
0.129525                  -38.983781385720846
0.12955                   -38.989680825607515
0.129575                  -38.99509872722067
0.1296                    -38.99985580240277
0.12962500000000002       -39.003834408091215
0.12965000000000002       -39.006985076764614
0.129675                  -39.00932516117916
0.1297                    -39.01093033154085
0.129725                  -39.01192058989157
0.12975                   -39.012443076986216
0.129775                  -39.01265416239954
0.1298                    -39.012703128664924
0.129825                  -39.012719255357176
0.12985                   -39.01280339831099
0.12987500000000002       -39.0130243818414
0.12990000000000002       -39.01341980978733
0.129925                  -39.01400035770207
0.12995                   -39.01475629521025
0.129975                  -39.01566491980111
0.13                      -39.01669773308436
0.130025                  -39.017826495652706
0.13005                   -39.01902767522929
0.130075                  -39.020285170087305
0.1301                    -39.02159147540936
0.13012500000000002       -39.02294762152755
0.13015000000000002       -39.024362241673074
0.130175                  -39.02585004839376
0.1302                    -39.027429862593756
0.130225                  -39.029122208525095
0.13025                   -39.03094641797738
0.130275                  -39.03291721338523
0.1303                    -39.035040869025906
0.130325                  -39.03731125618438
0.13035                   -39.03970630930286
0.13037500000000002       -39.04218563734481
0.13040000000000002       -39.044690079552744
0.130425                  -39.04714391555221
0.13045                   -39.04946016487322
0.130475                  -39.051548968229326
0.1305                    -39.053328491067255
0.130525                  -39.05473722203615
0.13055                   -39.055746067532745
0.130575                  -39.056368378484514
0.1306                    -39.05666607024939
0.13062500000000002       -39.056750345194494
0.13065000000000002       -39.05677617236437
0.130675                  -39.05693053051965
0.1307                    -39.0574153449836
0.130725                  -39.05842689193103
0.13075                   -39.06013406512535
0.130775                  -39.06265819733064
0.1308                    -39.06605705320945
0.130825                  -39.07031517066079
0.13085                   -39.075341981275564
0.13087500000000002       -39.08097818403591
0.13090000000000002       -39.08700980139686
0.130925                  -39.09318834915241
0.13095                   -39.09925473791087
0.130975                  -39.10496401691455
0.131                     -39.110107958453256
0.131025                  -39.11453279663351
0.13105                   -39.11815014150034
0.131075                  -39.120940080616904
0.1311                    -39.12294659148095
0.131125                  -39.12426643185374
0.13115000000000002       -39.125033479333936
0.131175                  -39.1254009366461
0.1312                    -39.12552385983683
0.131225                  -39.125544134899876
0.13125                   -39.12557941885709
0.131275                  -39.125716805234454
0.1313                    -39.12601121022028
0.131325                  -39.12648782620278
0.13135                   -39.12714754026661
0.131375                  -39.12797400842875
0.13140000000000002       -39.12894110788369
0.13142500000000001       -39.13001971517987
0.13145                   -39.13118310548868
0.131475                  -39.132410651737
0.1315                    -39.133689841913814
0.131525                  -39.13501686848099
0.13155                   -39.13639614717703
0.131575                  -39.137839100414986
0.1316                    -39.13936243049767
0.131625                  -39.14098596700062
0.13165000000000002       -39.14273006186885
0.13167500000000001       -39.144612473994144
0.1317                    -39.1466447564197
0.131725                  -39.14882832639391
0.13175                   -39.15115062294017
0.131775                  -39.15358197730443
0.1318                    -39.156073968283756
0.131825                  -39.158560043862806
0.13185                   -39.16095902250374
0.131875                  -39.16318173651978
0.13190000000000002       -39.165140581804245
0.13192500000000001       -39.16676116747518
0.13195                   -39.167994719231174
0.131975                  -39.1688294955937
0.132                     -39.16929932816498
0.132025                  -39.16948755996798
0.13205                   -39.16952513832592
0.132075                  -39.16958236553135
0.1321                    -39.16985471047003
0.132125                  -39.17054399119694
0.13215000000000002       -39.17183700080285
0.13217500000000001       -39.17388413994005
0.1322                    -39.17678075883823
0.132225                  -39.18055367570187
0.13225                   -39.18515475780259
0.132275                  -39.190462602201876
0.1323                    -39.19629234342763
0.132325                  -39.20241257471889
0.13235                   -39.20856743546422
0.132375                  -39.21450122293172
0.13240000000000002       -39.219982541434085
0.13242500000000001       -39.22482507357344
0.13245                   -39.228902550793016
0.132475                  -39.23215634633075
0.1325                    -39.234595178049744
0.132525                  -39.23628751297325
0.13255                   -39.237348223963345
0.132575                  -39.237921708751486
0.1326                    -39.23816395322579
0.132625                  -39.23822589326592
0.13265000000000002       -39.238239964018796
0.13267500000000002       -39.23831103610317
0.1327                    -39.23851216274516
0.132725                  -39.23888483443731
0.13275                   -39.23944286649294
0.132775                  -39.24017869771362
0.1328                    -39.241070777153595
0.132825                  -39.24209083833598
0.13285                   -39.2432101482199
0.132875                  -39.24440419167287
0.13290000000000002       -39.245655625911176
0.13292500000000002       -39.246955640028354
0.13295                   -39.248304035062034
0.132975                  -39.24970838681236
0.133                     -39.25118258779115
0.133025                  -39.25274493382092
0.13305                   -39.25441578559812
0.133075                  -39.256214753631646
0.1331                    -39.25815736594553
0.133125                  -39.260251292802636
0.13315000000000002       -39.26249240026797
0.13317500000000002       -39.264861135277165
0.1332                    -39.26731994211926
0.133225                  -39.26981250466751
0.13325                   -39.2722655452161
0.133275                  -39.27459366296444
0.1333                    -39.27670727494136
0.133325                  -39.2785231825006
0.13335                   -39.279976716148454
0.133375                  -39.28103392095154
0.13340000000000002       -39.281701945738874
0.13342500000000002       -39.28203577997908
0.13345                   -39.28213978468727
0.133475                  -39.28216306930292
0.1335                    -39.28228859430297
0.133525                  -39.28271679998643
0.13355                   -39.283645423297614
0.133575                  -39.28524782271994
0.1336                    -39.28765247742946
0.133625                  -39.29092630459127
0.13365000000000002       -39.29506404828342
0.13367500000000002       -39.29998528652389
0.1337                    -39.305539670602656
0.133725                  -39.31151997214756
0.13375                   -39.31768150238251
0.133775                  -39.323765622325695
0.1338                    -39.32952450756433
0.133825                  -39.33474416077812
0.13385                   -39.33926292142061
0.133875                  -39.34298337882478
0.13390000000000002       -39.34587655417491
0.13392500000000002       -39.34797832095266
0.13395                   -39.34937909616499
0.133975                  -39.350208679691946
0.134                     -39.350618617965274
0.134025                  -39.35076456469734
0.13405                   -39.35079082726966
0.134075                  -39.35081870976201
0.1341                    -39.35093952013831
0.134125                  -39.3512123392123
0.13415000000000002       -39.351665977871875
0.13417500000000002       -39.35230406866047
0.1342                    -39.353111996519374
0.134225                  -39.35406437352966
0.13425                   -39.35513196483997
0.134275                  -39.35628730824096
0.1343                    -39.35750865362209
0.134325                  -39.35878219871202
0.13435                   -39.360102850502024
0.134375                  -39.36147386436322
0.1344                    -39.362905706973194
0.13442500000000002       -39.36441438846681
0.13445000000000001       -39.36601936878513
0.134475                  -39.36774102437839
0.1345                    -39.36959761576073
0.134525                  -39.371601752175245
0.13455                   -39.37375650402967
0.134575                  -39.376051532632054
0.1346                    -39.37845983160284
0.134625                  -39.380935835327406
0.13465                   -39.38341568186319
0.13467500000000002       -39.38582027651236
0.13470000000000001       -39.3880614770079
0.134725                  -39.390051241581425
0.13475                   -39.391713016517784
0.134775                  -39.39299409029602
0.1348                    -39.393877220829836
0.134825                  -39.39438965514598
0.13485                   -39.39460777786558
0.134875                  -39.394656063164646
0.1349                    -39.39469971841219
0.13492500000000002       -39.39493129231386
0.13495000000000001       -39.39555243349981
0.134975                  -39.39675277486949
0.135                     -39.39868845305237
0.135025                  -39.40146296349396
0.13505                   -39.40511286801996
0.135075                  -39.409600336688484
0.1351                    -39.41481368937054
0.135125                  -39.420576109353696
0.13515                   -39.42666165815656
0.13517500000000002       -39.43281676491688
0.13520000000000001       -39.43878462948481
0.135225                  -39.444329580098476
0.13525                   -39.44925843833114
0.135275                  -39.45343638004155
0.1353                    -39.45679558373979
0.135325                  -39.45933600075834
0.13535                   -39.46111869064661
0.135375                  -39.46225315333336
0.1354                    -39.462880797180105
0.13542500000000002       -39.46315700977608
0.13545000000000001       -39.463234224014485
0.135475                  -39.46324794791815
0.1355                    -39.46330706082633
0.135525                  -39.463488907078876
0.13555                   -39.463838977307326
0.135575                  -39.46437436958021
0.1356                    -39.465089841961934
0.135625                  -39.46596513289663
0.13565                   -39.46697231976835
0.13567500000000002       -39.46808225533195
0.13570000000000002       -39.46926948855976
0.135725                  -39.47051545524468
0.13575                   -39.47181003849249
0.135775                  -39.47315179840678
0.1358                    -39.47454723553322
0.135825                  -39.47600940037142
0.13585                   -39.477556035959324
0.135875                  -39.47920730193892
0.1359                    -39.4809830356673
0.13592500000000002       -39.48289950177365
0.13595000000000002       -39.48496568158437
0.135975                  -39.48717934142125
0.136                     -39.48952334809684
0.136025                  -39.49196290583051
0.13605                   -39.494444501494065
0.136075                  -39.496897306593056
0.1361                    -39.49923756350571
0.136125                  -39.50137608634213
0.13615                   -39.50322848060112
0.13617500000000002       -39.50472711474682
0.13620000000000002       -39.505833369302906
0.136225                  -39.50654835776559
0.13625                   -39.506920251377586
0.136275                  -39.50704659621768
0.1363                    -39.507070576460016
0.136325                  -39.50717097957968
0.13635                   -39.50754653408605
0.136375                  -39.508396167619814
0.1364                    -39.50989742625393
0.13642500000000002       -39.5121856897574
0.13645000000000002       -39.515336848106
0.136475                  -39.51935576413693
0.1365                    -39.52417218072486
0.136525                  -39.52964482456327
0.13655                   -39.535573428083154
0.136575                  -39.54171736896824
0.1366                    -39.54781875090417
0.136625                  -39.55362714767348
0.13665                   -39.558923005102116
0.13667500000000002       -39.56353689209685
0.13670000000000002       -39.56736239709065
0.136725                  -39.57036139105904
0.13675                   -39.57256147240943
0.136775                  -39.574046487945964
0.1368                    -39.57494190786227
0.136825                  -39.575397384426694
0.13685                   -39.575568976689375
0.136875                  -39.575603288419686
0.1369                    -39.57562522280463
0.13692500000000002       -39.57573032885954
0.13695000000000002       -39.57598194038779
0.136975                  -39.57641261709459
0.137                     -39.577028886552355
0.137025                  -39.57781800989136
0.13705                   -39.57875546193459
0.137075                  -39.57981199428594
0.1371                    -39.580959471678675
0.137125                  -39.58217505436602
0.13715                   -39.58344365899879
0.13717500000000002       -39.584758900240075
0.13720000000000002       -39.5861228573082
0.137225                  -39.587545020613994
0.13725                   -39.589040683327596
0.137275                  -39.590628903936164
0.1373                    -39.59233004009984
0.137325                  -39.59416279523675
0.13735                   -39.596140759489536
0.137375                  -39.598268567924826
0.1374                    -39.600538011072864
0.13742500000000002       -39.60292466058987
0.13745000000000002       -39.605385746830954
0.137475                  -39.60786007876018
0.1375                    -39.61027068180221
0.137525                  -39.61253052983218
0.13755                   -39.61455128723805
0.137575                  -39.61625441994199
0.1376                    -39.61758347696121
0.137625                  -39.61851589947798
0.13765                   -39.61907248959633
0.137675                  -39.61932274277457
0.13770000000000002       -39.619384641802974
0.13772500000000001       -39.61941818906261
0.13775                   -39.61961282099688
0.137775                  -39.62016976566523
0.1378                    -39.62128121841181
0.137825                  -39.6231087861312
0.13785                   -39.62576389269528
0.137875                  -39.629292706860696
0.1379                    -39.63366766536029
0.137925                  -39.638786881990534
0.13795000000000002       -39.64448175869372
0.13797500000000001       -39.650532071213675
0.138                     -39.656686826350295
0.138025                  -39.662688415768514
0.13805                   -39.66829714105051
0.138075                  -39.673313137171675
0.1381                    -39.67759310030894
0.138125                  -39.68105998348002
0.13815                   -39.68370484237624
0.138175                  -39.68558112450475
0.13820000000000002       -39.68679270986668
0.13822500000000001       -39.687477765229076
0.13825                   -39.68779085750126
0.138275                  -39.68788575161816
0.1383                    -39.68790093738244
0.138325                  -39.6879492896386
0.13835                   -39.68811250089276
0.138375                  -39.68844017264705
0.1384                    -39.68895282836187
0.138425                  -39.68964769711893
0.13845000000000002       -39.6905059476249
0.13847500000000001       -39.69150011670515
0.1385                    -39.692600725770035
0.138525                  -39.69378143745298
0.13855                   -39.69502248715438
0.138575                  -39.696312452254844
0.1386                    -39.69764863948726
0.138625                  -39.699036455082236
0.13865                   -39.70048808450876
0.138675                  -39.70202069007519
0.13870000000000002       -39.703654193864935
0.13872500000000001       -39.70540861060946
0.13875                   -39.70730087620764
0.138775                  -39.70934120257815
0.1388                    -39.71152916636198
0.138825                  -39.71384996559254
0.13885                   -39.716271491653
0.138875                  -39.71874299356469
0.1389                    -39.72119609731106
0.138925                  -39.723548748762475
0.13895000000000002       -39.72571227523962
0.13897500000000002       -39.72760124928581
0.139                     -39.72914526824449
0.139025                  -39.73030124068062
0.13905                   -39.731064408908054
0.139075                  -39.73147623286604
0.1391                    -39.7316274711634
0.139125                  -39.73165531947541
0.13915                   -39.731734240722155
0.139175                  -39.732061028050516
0.13920000000000002       -39.73283553231208
0.13922500000000002       -39.73423921158687
0.13925                   -39.73641410075675
0.139275                  -39.739444882155986
0.1393                    -39.743346448459405
0.139325                  -39.74805872412629
0.13935                   -39.75344963308194
0.139375                  -39.75932607997627
0.1394                    -39.765451781301756
0.139425                  -39.77156987874659
0.13945000000000002       -39.777427620853814
0.13947500000000002       -39.78280011520451
0.1395                    -39.787510290428244
0.139525                  -39.79144275932376
0.13955                   -39.794550162556874
0.139575                  -39.79685165360885
0.1396                    -39.79842427791026
0.139625                  -39.79938891942424
0.13965                   -39.79989309149715
0.139675                  -39.80009305788987
0.13970000000000002       -39.80013758513928
0.13972500000000002       -39.80015511973156
0.13975                   -39.80024547215584
0.139775                  -39.80047631363403
0.1398                    -39.80088408152976
0.139825                  -39.80147834880941
0.13985                   -39.80224840260316
0.139875                  -39.80317071188912
0.1399                    -39.80421611633658
0.139925                  -39.80535587516316
0.13995000000000002       -39.806566094549225
0.13997500000000002       -39.807830420140455
0.14                      -39.80914116714568
0.140025                  -39.81049922181782
0.14005                   -39.81191307657004
0.140075                  -39.81339728207336
0.1401                    -39.81497046380311
0.140125                  -39.81665291891058
0.14015                   -39.818463737908594
0.140175                  -39.82041742048552
0.14020000000000002       -39.82252008229168
0.14022500000000002       -39.82476555420331
0.14025                   -39.827131904781695
0.140275                  -39.829579102347395
0.1403                    -39.832048607259566
0.140325                  -39.83446559600815
0.14035                   -39.83674424531604
0.140375                  -39.838796064473854
0.1404                    -39.84054071620098
0.140425                  -39.841918203116805
0.14045000000000002       -39.84290083019806
0.14047500000000002       -39.84350309272498
0.1405                    -39.84378766656995
0.140525                  -39.843866026861136
0.14055                   -39.84389286396034
0.140575                  -39.84405431336581
0.1406                    -39.844550934485746
0.140625                  -39.84557720992237
0.14065                   -39.847299952099476
0.140675                  -39.849838296270036
0.14070000000000002       -39.853247880185364
0.14072500000000002       -39.85751136936913
0.14075000000000001       -39.862536740968444
0.140775                  -39.8681637845158
0.1408                    -39.874178236272634
0.140825                  -39.880331970644804
0.14085                   -39.8863668641319
0.140875                  -39.892039446322734
0.1409                    -39.89714334606076
0.140925                  -39.901526861629186
0.14095000000000002       -39.90510369447978
0.14097500000000002       -39.90785587811108
0.14100000000000001       -39.90982904321737
0.141025                  -39.91112119973316
0.14105                   -39.91186701482645
0.141075                  -39.91222000466354
0.1411                    -39.912335092682454
0.141125                  -39.9123536510304
0.14115                   -39.912392529748814
0.141175                  -39.91253782148091
0.1412                    -39.912843346668105
0.14122500000000002       -39.91333319656469
0.14125000000000001       -39.91400722485677
0.141275                  -39.91484817464054
0.1413                    -39.915829161640445
0.141325                  -39.91692046248402
0.14135                   -39.918094905898116
0.141375                  -39.91933154958559
0.1414                    -39.920617665853875
0.141425                  -39.921949294997674
0.14145                   -39.92333072872033
0.14147500000000002       -39.92477326339233
0.14150000000000001       -39.92629345230223
0.141525                  -39.927910944272796
0.14155                   -39.929645884065266
0.141575                  -39.93151581683848
0.1416                    -39.93353210872992
0.141625                  -39.93569606099107
0.14165                   -39.93799511784553
0.141675                  -39.94039978741111
0.1417                    -39.94286204056303
0.14172500000000002       -39.945315961596826
0.14175000000000001       -39.94768125691512
0.141775                  -39.949869878543616
0.1418                    -39.95179552370638
0.141825                  -39.95338520450876
0.14185                   -39.95459154613331
0.141875                  -39.95540408148483
0.1419                    -39.95585766565027
0.141925                  -39.95603629857254
0.14195                   -39.95607112690979
0.14197500000000002       -39.9561321409101
0.14200000000000002       -39.95641397821075
0.142025                  -39.957117148152655
0.14205                   -39.95842674689259
0.142075                  -39.96049121930711
0.1421                    -39.963403858816775
0.142125                  -39.96718949737345
0.14215                   -39.971798255842415
0.142175                  -39.97710737568384
0.1422                    -39.982931144674005
0.14222500000000002       -39.989037891472876
0.14225000000000002       -39.99517209388185
0.142275                  -40.00107895621308
0.1423                    -40.0065284720455
0.142325                  -40.011336066012746
0.14235                   -40.015377405920475
0.142375                  -40.01859582574213
0.1424                    -40.02100186542933
0.142425                  -40.022665536219904
0.14245                   -40.02370287481146
0.14247500000000002       -40.024259004062145
0.14250000000000002       -40.02449018358546
0.142525                  -40.024547200499924
0.14255                   -40.024561980974234
0.142575                  -40.024638611256194
0.1426                    -40.02484918055017
0.142625                  -40.025234131341875
0.14265                   -40.02580623328814
0.142675                  -40.02655695205547
0.1427                    -40.02746388596858
0.14272500000000002       -40.02849806838128
0.14275000000000002       -40.02963022402789
0.142775                  -40.0308354430117
0.1428                    -40.0320961111803
0.142825                  -40.03340323708744
0.14285                   -40.03475649630338
0.142875                  -40.03616336034929
0.1429                    -40.03763761106867
0.142925                  -40.03919740948223
0.14295                   -40.04086295186497
0.14297500000000002       -40.042653662639005
0.14300000000000002       -40.04458488330879
0.143025                  -40.046664130124725
0.14305                   -40.04888718929871
0.143075                  -40.051234548089276
0.1431                    -40.05366885616026
0.143125                  -40.056134205241676
0.14315                   -40.05855795139519
0.143175                  -40.060855556854385
0.1432                    -40.062938509527186
0.14322500000000002       -40.064724840877936
0.14325000000000002       -40.066151195645915
0.143275                  -40.06718491996531
0.1433                    -40.06783433905667
0.143325                  -40.06815537936263
0.14335                   -40.06825299428822
0.143375                  -40.068276458428755
0.1434                    -40.068408421285746
0.143425                  -40.06884852879679
0.14345                   -40.06979327795516
0.14347500000000002       -40.071414423030156
0.14350000000000002       -40.07383859335793
0.143525                  -40.077130756431615
0.14355                   -40.081283766770156
0.143575                  -40.0862155324063
0.1436                    -40.091774398192186
0.143625                  -40.09775230726863
0.14365                   -40.103904293333684
0.143675                  -40.10997201425131
0.1437                    -40.11570848727992
0.14372500000000002       -40.12090102144178
0.14375000000000002       -40.12538960467565
0.14377500000000001       -40.129078665428196
0.1438                    -40.13194109101469
0.143825                  -40.13401449038813
0.14385                   -40.13539075019905
0.143875                  -40.13620077430172
0.1439                    -40.13659679043662
0.143925                  -40.13673469848952
0.14395                   -40.13675864521947
0.14397500000000002       -40.136789428505686
0.14400000000000002       -40.13691758807173
0.14402500000000001       -40.13720126878199
0.14405                   -40.13766827196431
0.144075                  -40.13832123148201
0.1441                    -40.13914461239811
0.144125                  -40.14011223290524
0.14415                   -40.14119421537188
0.144175                  -40.142362610195576
0.1442                    -40.14359532199528
0.14422500000000002       -40.14487831926287
0.14425000000000002       -40.146206362311794
0.14427500000000001       -40.14758260703067
0.1443                    -40.149017435562044
0.144325                  -40.150526763437675
0.14435                   -40.15212993113642
0.144375                  -40.15384716798543
0.1444                    -40.15569656942741
0.144425                  -40.15769058323178
0.14445                   -40.159832153475094
0.144475                  -40.16211088888789
0.14450000000000002       -40.16449984599867
0.14452500000000001       -40.16695367762005
0.14455                   -40.16940892865104
0.144575                  -40.171787119747265
0.1446                    -40.174000934512506
0.144625                  -40.17596334729002
0.14465                   -40.177598965899335
0.144675                  -40.17885631685257
0.1447                    -40.17971938321384
0.144725                  -40.18021652139283
0.14475000000000002       -40.18042500302051
0.14477500000000001       -40.180469868155946
0.1448                    -40.18051648991224
0.144825                  -40.180757133895796
0.14485                   -40.18139270614529
0.144875                  -40.1826116687332
0.1449                    -40.184568631832065
0.144925                  -40.187365317848375
0.14495                   -40.19103640573708
0.144975                  -40.1955422255476
0.14500000000000002       -40.20076945486133
0.14502500000000002       -40.20653997474564
0.14505                   -40.21262700013451
0.145075                  -40.218776645558606
0.1451                    -40.22473235629539
0.145125                  -40.23025924157813
0.14515                   -40.23516536417132
0.145175                  -40.23931748280084
0.1452                    -40.242649552041165
0.145225                  -40.24516333096676
0.14525000000000002       -40.246921562195254
0.14527500000000002       -40.248035169686425
0.1453                    -40.24864662748955
0.145325                  -40.24891197402611
0.14535                   -40.248983866280774
0.145375                  -40.248997638713284
0.1454                    -40.24906166151871
0.145425                  -40.249252518643374
0.14545                   -40.249614783872175
0.145475                  -40.25016457590982
0.14550000000000002       -40.25089569439294
0.14552500000000002       -40.25178700617541
0.14555                   -40.252809848169065
0.145575                  -40.25393448541092
0.1456                    -40.255135032615385
0.145625                  -40.256392628406736
0.14565                   -40.25769696759142
0.145675                  -40.25904649654824
0.1457                    -40.2604476418785
0.145725                  -40.2619133894175
0.14575000000000002       -40.26346140426186
0.14577500000000002       -40.26511174258236
0.1458                    -40.266884111886405
0.145825                  -40.26879463110031
0.14585                   -40.27085214089151
0.145875                  -40.273054301392754
0.1459                    -40.27538394304386
0.145925                  -40.277806341433035
0.14595                   -40.28026819900422
0.145975                  -40.282699077400046
0.14600000000000002       -40.285015802979146
0.14602500000000002       -40.28712997099041
0.14605                   -40.288958148456956
0.146075                  -40.29043380631698
0.1461                    -40.291519506193374
0.146125                  -40.29221753882752
0.14615                   -40.29257715213713
0.146175                  -40.292696766142356
0.1462                    -40.292720139401425
0.146225                  -40.29282625418959
0.14625000000000002       -40.293213601590566
0.14627500000000002       -40.29408042258585
0.1463                    -40.29560315075977
0.146325                  -40.29791569202824
0.14635                   -40.301092203044526
0.146375                  -40.30513568554282
0.1464                    -40.30997404395556
0.146425                  -40.31546434479544
0.14645                   -40.3214049842903
0.146475                  -40.327554448609966
0.14650000000000002       -40.333654476767435
0.14652500000000002       -40.33945483811594
0.14655                   -40.34473671381157
0.146575                  -40.349331874611345
0.1466                    -40.353135459063125
0.146625                  -40.35611108683469
0.14665                   -40.35828814005792
0.146675                  -40.35975212583403
0.1467                    -40.36062991531758
0.146725                  -40.3610722025565
0.14675000000000002       -40.36123567334198
0.14677500000000002       -40.36126713304132
0.1468                    -40.361291292992505
0.146825                  -40.36140318196171
0.14685                   -40.36166537220776
0.146875                  -40.36210951739747
0.1469                    -40.362741189279525
0.146925                  -40.3635467261029
0.14695                   -40.36450077643731
0.146975                  -40.36557340313191
0.14700000000000002       -40.366735937237756
0.14702500000000002       -40.3679651570678
0.14705000000000001       -40.369245729368274
0.147075                  -40.370571120598655
0.1471                    -40.37194332853936
0.147125                  -40.37337179489774
0.14715                   -40.374871768164226
0.147175                  -40.37646224583426
0.1472                    -40.37816349798567
0.147225                  -40.37999411413602
0.14725000000000002       -40.38196755461012
0.14727500000000002       -40.38408832818465
0.14730000000000001       -40.38634812953191
0.147325                  -40.38872249719005
0.14735                   -40.391168726244395
0.147375                  -40.393625822874654
0.1474                    -40.39601717237102
0.147425                  -40.39825629219006
0.14745                   -40.40025558109099
0.147475                  -40.40193741870929
0.14750000000000002       -40.40324641383168
0.14752500000000002       -40.40416115715733
0.14755000000000001       -40.40470361244489
0.147575                  -40.404944355060934
0.1476                    -40.40500226397864
0.147625                  -40.40503795453624
0.14765                   -40.40524110758363
0.147675                  -40.40581276715318
0.1477                    -40.406944490972876
0.147725                  -40.4087968103245
0.14775                   -40.41147969371603
0.14777500000000002       -40.41503757310756
0.14780000000000001       -40.41944099839972
0.147825                  -40.42458620004108
0.14785                   -40.43030286163752
0.147875                  -40.43636935903655
0.1479                    -40.442533746380306
0.147925                  -40.44853799905232
0.14795                   -40.45414257678601
0.147975                  -40.45914832826314
0.148                     -40.46341314418004
0.14802500000000002       -40.46686153060061
0.14805000000000001       -40.46948629959688
0.148075                  -40.4713426891298
0.1481                    -40.47253624052927
0.148125                  -40.4732065139831
0.14815                   -40.47350910151014
0.148175                  -40.473598370735274
0.1482                    -40.47361298526512
0.148225                  -40.4736656013693
0.14825                   -40.47383737074894
0.14827500000000002       -40.47417712346853
0.14830000000000002       -40.47470448082805
0.148325                  -40.47541573493664
0.14835                   -40.47629116456196
0.148375                  -40.477302524543354
0.1484                    -40.478419699017664
0.148425                  -40.47961587094391
0.14845                   -40.48087094589086
0.148475                  -40.48217329810866
0.1485                    -40.48352012558986
0.14852500000000002       -40.48491678487872
0.14855000000000002       -40.486375437709334
0.148575                  -40.48791322162028
0.1486                    -40.48955001438853
0.148625                  -40.49130575790117
0.14865                   -40.49319728718628
0.148675                  -40.49523469469065
0.1487                    -40.497417436420676
0.148725                  -40.49973061298814
0.14875                   -40.502142071556364
0.14877500000000002       -40.5046011039139
0.14880000000000002       -40.50703950076671
0.148825                  -40.50937552717512
0.14885                   -40.51152100950276
0.148875                  -40.51339121207158
0.1489                    -40.51491661173075
0.148925                  -40.51605515697125
0.14895                   -40.51680323854178
0.148975                  -40.51720349759138
0.149                     -40.51734781161321
0.14902500000000002       -40.517374326472364
0.14905000000000002       -40.51745817996206
0.149075                  -40.51779647052105
0.1491                    -40.51858891532848
0.149125                  -40.52001636603231
0.14915                   -40.522219787510835
0.149175                  -40.52528238371384
0.1492                    -40.52921725982115
0.149225                  -40.53396238009679
0.14925                   -40.53938369754896
0.14927500000000002       -40.5452863073775
0.14930000000000002       -40.55143244268741
0.149325                  -40.557564226447354
0.14935                   -40.563428449057774
0.149375                  -40.568800361192714
0.1494                    -40.57350361502695
0.149425                  -40.577424046733135
0.14945                   -40.580515889314455
0.149475                  -40.58280009281163
0.1495                    -40.58435552545184
0.14952500000000002       -40.585304750635075
0.14955000000000002       -40.58579667587366
0.149575                  -40.5859885738439
0.1496                    -40.58602978426008
0.149625                  -40.586048890544916
0.14965                   -40.58614544753329
0.149675                  -40.586386555412055
0.1497                    -40.586807862549406
0.149725                  -40.58741803857511
0.14975                   -40.58820544997843
0.14977500000000002       -40.58914570818325
0.14980000000000002       -40.590208915725974
0.149825                  -40.59136574695566
0.14985                   -40.59259188306039
0.149875                  -40.59387069212204
0.1499                    -40.59519433268228
0.149925                  -40.59656362117651
0.14995                   -40.59798703157193
0.149975                  -40.59947911538559
0.15                      -40.601058492765
0.15002500000000002       -40.60274543215336
0.15005000000000002       -40.60455896345626
0.15007500000000001       -40.60651349374052
0.1501                    -40.608615021792
0.150125                  -40.610857252588836
0.15015                   -40.613218142061285
0.150175                  -40.61565758806736
0.1502                    -40.618117057093045
0.150225                  -40.62052184610838
0.15025                   -40.62278640413066
0.15027500000000002       -40.62482269653778
0.15030000000000002       -40.62655104608674
0.15032500000000001       -40.62791232107244
0.15035                   -40.62887987526977
0.150375                  -40.629469385728925
0.1504                    -40.62974476537295
0.150425                  -40.62981868079801
0.15045                   -40.629846852873584
0.150475                  -40.63001616890418
0.1505                    -40.63052755544926
0.15052500000000002       -40.63157539767876
0.15055000000000002       -40.633325904436816
0.15057500000000001       -40.63589710676087
0.1506                    -40.63934309394814
0.150625                  -40.643644644309056
0.15065                   -40.648707656010174
0.150675                  -40.65436982341318
0.1507                    -40.66041495828511
0.150725                  -40.66659335932023
0.15075                   -40.67264582486247
0.15077500000000002       -40.6783284049491
0.15080000000000002       -40.683434887414656
0.15082500000000001       -40.687814340940704
0.15085                   -40.69138175743738
0.150875                  -40.694120836988006
0.1509                    -40.69607907520358
0.150925                  -40.69735635644748
0.15095                   -40.698089055249405
0.150975                  -40.698432083844494
0.151                     -40.698541352763506
0.151025                  -40.69855876787739
0.15105000000000002       -40.69860126762958
0.15107500000000001       -40.698754640803
0.1511                    -40.69907209762121
0.151125                  -40.69957691685242
0.15115                   -40.70026804482602
0.151175                  -40.70112732002438
0.1512                    -40.70212703432258
0.151225                  -40.703236774020944
0.15125                   -40.704428837150566
0.151275                  -40.70568191220435
0.15130000000000002       -40.70698304651833
0.15132500000000002       -40.708328169916726
0.15135                   -40.709721542659516
0.151375                  -40.71117447331255
0.1514                    -40.71270353992282
0.151425                  -40.71432840433009
0.15145                   -40.716069195986506
0.151475                  -40.717943407537774
0.1515                    -40.71996231389307
0.151525                  -40.72212709206035
0.15155000000000002       -40.72442504217428
0.15157500000000002       -40.726826529599435
0.1516                    -40.72928341334261
0.151625                  -40.73172973412555
0.15165                   -40.734085266275606
0.151675                  -40.73626218613623
0.1517                    -40.73817461203862
0.151725                  -40.73975020212732
0.15175                   -40.74094246022247
0.151775                  -40.74174201050498
0.15180000000000002       -40.74218496000412
0.15182500000000002       -40.7423566371233
0.15185                   -40.74238948207941
0.151875                  -40.7424546150158
0.1519                    -40.74274750766527
0.151925                  -40.74346908837735
0.15195                   -40.74480436704256
0.151975                  -40.74690114990606
0.152                     -40.749851545175034
0.152025                  -40.753678715779486
0.15205000000000002       -40.758330747175265
0.15207500000000002       -40.7636826421453
0.1521                    -40.769546440311416
0.152125                  -40.77568841729311
0.15215                   -40.781851385632564
0.152175                  -40.78777943002349
0.1522                    -40.793242073238865
0.152225                  -40.79805495269716
0.15225                   -40.80209459396333
0.152275                  -40.805305726675314
0.15230000000000002       -40.807700663231174
0.15232500000000002       -40.80935137053977
0.15235                   -40.810375823484144
0.152375                  -40.81092088259713
0.1524                    -40.81114419992944
0.152425                  -40.81119751702522
0.15245                   -40.81121324104431
0.152475                  -40.81129548502873
0.1525                    -40.81151597527118
0.152525                  -40.81191449742154
0.15255000000000002       -40.81250298143588
0.15257500000000002       -40.81327198113412
0.1526                    -40.81419820807262
0.152625                  -40.81525190840088
0.15265                   -40.81640316632647
0.152675                  -40.817626597731696
0.1527                    -40.818904276319955
0.152725                  -40.820227038592066
0.15275                   -40.82159449551534
0.152775                  -40.82301412489083
0.15280000000000002       -40.82449975058247
0.15282500000000002       -40.82606958113655
0.15285                   -40.827743842198814
0.152875                  -40.82954195267065
0.1529                    -40.831479203588245
0.152925                  -40.83356301229347
0.15295                   -40.83578902121008
0.152975                  -40.83813754072316
0.153                     -40.84057103207627
0.153025                  -40.84303341942742
0.15305000000000002       -40.84545195515871
0.15307500000000002       -40.847742113028715
0.1531                    -40.84981556218335
0.153125                  -40.85159073504151
0.15315                   -40.85300493294603
0.153175                  -40.85402642616042
0.1532                    -40.85466471089232
0.153225                  -40.854977073235084
0.15325                   -40.855069919357234
0.153275                  -40.855093942989946
0.15330000000000002       -40.855233033153
0.15332500000000002       -40.85568774684597
0.15335000000000001       -40.85665503067359
0.153375                  -40.858306528298144
0.1534                    -40.86076814917641
0.153425                  -40.864103542724294
0.15345                   -40.86830372218657
0.153475                  -40.87328436642056
0.1535                    -40.87889138768222
0.153525                  -40.88491430891544
0.15355000000000002       -40.89110598019051
0.15357500000000002       -40.89720631916116
0.15360000000000001       -40.902967210689674
0.153625                  -40.908175540210216
0.15365                   -40.91267160515393
0.153675                  -40.91636082092282
0.1537                    -40.919217611625236
0.153725                  -40.92128149106924
0.15375                   -40.92264640779683
0.153775                  -40.923445272087804
0.15380000000000002       -40.923832074808914
0.15382500000000002       -40.923964093139816
0.15385000000000001       -40.92398638060275
0.153875                  -40.92402014792212
0.1539                    -40.9241558866734
0.153925                  -40.92445131012561
0.15395                   -40.92493351086249
0.153975                  -40.92560425461543
0.154                     -40.92644709202217
0.154025                  -40.92743497608818
0.15405000000000002       -40.92853728286482
0.15407500000000002       -40.9297254757232
0.15410000000000001       -40.93097704408677
0.154125                  -40.932277702632604
0.15415                   -40.933622092740165
0.154175                  -40.935013351082546
0.1542                    -40.936461902952274
0.154225                  -40.937983734538356
0.15425                   -40.939598254760945
0.154275                  -40.94132573549893
0.1543                    -40.94318427114905
0.15432500000000002       -40.945186252886614
0.15435000000000001       -40.94733450686259
0.154375                  -40.94961846433299
0.1544                    -40.95201095640411
0.154425                  -40.95446638640388
0.15445                   -40.95692106351357
0.154475                  -40.95929633792145
0.1545                    -40.961504849949236
0.154525                  -40.963459723648256
0.15455                   -40.965085969525425
0.15457500000000002       -40.966332812263325
0.15460000000000002       -40.96718524181799
0.154625                  -40.967672904623186
0.15465                   -40.967874576011766
0.154675                  -40.96791690133393
0.1547                    -40.9679668140808
0.154725                  -40.968217929067485
0.15475                   -40.96887212370386
0.154775                  -40.97011830790749
0.1548                    -40.97211091189741
0.15482500000000002       -40.974950804090355
0.15485000000000002       -40.97867115767973
0.154875                  -40.98323023868638
0.1549                    -40.9885122614118
0.154925                  -40.99433645486332
0.15495                   -41.0004734337455
0.154975                  -41.00666700841587
0.155                     -41.012658835169866
0.155025                  -41.018212916405055
0.15505                   -41.02313698358791
0.15507500000000002       -41.02729824746268
0.15510000000000002       -41.03063181972794
0.155125                  -41.033141169154845
0.15515                   -41.034891095654025
0.155175                  -41.035994699035285
0.1552                    -41.03659652474674
0.155225                  -41.036854388176344
0.15525                   -41.03692229191577
0.155275                  -41.03693641156224
0.1553                    -41.03700544567236
0.15532500000000002       -41.03720584256276
0.15535000000000002       -41.03758166810037
0.155375                  -41.03814827764008
0.1554                    -41.038898575673464
0.155425                  -41.03981051621152
0.15545                   -41.04085459792028
0.155475                  -41.04200038559767
0.1555                    -41.04322146451003
0.155525                  -41.04449861966128
0.15555                   -41.04582135145564
0.15557500000000002       -41.04718804043459
0.15560000000000002       -41.04860513865876
0.155625                  -41.05008571081103
0.15565                   -41.051647519534086
0.155675                  -41.05331070753686
0.1557                    -41.05509503340634
0.155725                  -41.05701661221399
0.15575                   -41.05908421147213
0.155775                  -41.06129534084172
0.1558                    -41.0636326038344
0.15582500000000002       -41.066060985783615
0.15585000000000002       -41.06852686424362
0.155875                  -41.070959487469594
0.1559                    -41.07327544266117
0.155925                  -41.07538623486291
0.15595                   -41.07720856794145
0.155975                  -41.07867634611645
0.156                     -41.079752907485975
0.156025                  -41.08044167315623
0.15605                   -41.080793339759786
0.15607500000000002       -41.080908008218216
0.15610000000000002       -41.080931216512965
0.156125                  -41.08104365477395
0.15615                   -41.08144526186653
0.156175                  -41.082335282202614
0.1562                    -41.0838905525186
0.156225                  -41.086244676245045
0.15625                   -41.08947076433445
0.156275                  -41.0935700696059
0.1563                    -41.098468162794184
0.15632500000000002       -41.10401938012864
0.15635000000000002       -41.11001923117739
0.15637500000000001       -41.11622342595473
0.1564                    -41.12237130106337
0.156425                  -41.12821082517975
0.15645                   -41.13352214472715
0.156475                  -41.1381368411372
0.1565                    -41.14195069400001
0.156525                  -41.14492868825886
0.15655                   -41.14710211454064
0.15657500000000002       -41.14855870206331
0.15660000000000002       -41.14942761137324
0.15662500000000001       -41.14986166211586
0.15665                   -41.15001931330788
0.156675                  -41.15004866378244
0.1567                    -41.15007518070196
0.156725                  -41.150194120612525
0.15675                   -41.15046782184866
0.156775                  -41.15092734879969
0.1568                    -41.15157745542166
0.15682500000000002       -41.15240356182609
0.15685000000000002       -41.153379411488146
0.15687500000000001       -41.15447426258369
0.1569                    -41.15565879777991
0.156925                  -41.156909327675855
0.15695                   -41.15821022931509
0.156975                  -41.159554834948864
0.157                     -41.16094512929508
0.157025                  -41.162390623163354
0.15705                   -41.16390667795301
0.15707500000000002       -41.16551241306289
0.15710000000000002       -41.167228199132744
0.15712500000000001       -41.16907267885828
0.15715                   -41.1710592964275
0.157175                  -41.17319245815331
0.1572                    -41.1754636601752
0.157225                  -41.17784814776503
0.15725                   -41.18030284491749
0.157275                  -41.182766345251125
0.1573                    -41.18516163749071
0.15732500000000002       -41.1874019351113
0.15735000000000002       -41.189399514613484
0.15737500000000001       -41.19107690559994
0.1574                    -41.19237921617244
0.157425                  -41.19328593325271
0.15745                   -41.193820317005716
0.157475                  -41.194054588240895
0.1575                    -41.19410951194627
0.157525                  -41.194147670163794
0.15755                   -41.19436059452785
0.157575                  -41.194950852471166
0.15760000000000002       -41.19611099752774
0.15762500000000002       -41.19800186692477
0.15765                   -41.200732944460526
0.157675                  -41.20434736452133
0.1577                    -41.2088136312413
0.157725                  -41.214025330744136
0.15775                   -41.21980912591181
0.157775                  -41.22594026801909
0.1578                    -41.232163875943556
0.157825                  -41.238219458723925
0.15785000000000002       -41.24386571057969
0.15787500000000002       -41.24890257051814
0.1579                    -41.253187933987036
0.157925                  -41.25664718204235
0.15795                   -41.25927473319118
0.157975                  -41.26112795124955
0.158                     -41.26231476846296
0.158025                  -41.26297713932609
0.15805                   -41.263272817938244
0.158075                  -41.26335791887034
0.15810000000000002       -41.26337232392843
0.15812500000000002       -41.26342933972974
0.15815                   -41.26361023038868
0.158175                  -41.26396348543978
0.1582                    -41.26450805353731
0.158225                  -41.265239357670396
0.15825                   -41.26613674192885
0.158275                  -41.267171071643745
0.1583                    -41.26831146736683
0.158325                  -41.26953052154148
0.15835000000000002       -41.2708077377296
0.15837500000000002       -41.2721312663714
0.1584                    -41.27349823183661
0.158425                  -41.27491402969171
0.15845                   -41.276390932959934
0.158475                  -41.27794622387076
0.1585                    -41.279599922888494
0.158525                  -41.28137208085632
0.15855                   -41.28327957960073
0.158575                  -41.28533247133824
0.15860000000000002       -41.28753006531223
0.15862500000000002       -41.28985719839825
0.15865                   -41.292281340821326
0.158675                  -41.294751317656676
0.1587                    -41.29719841028118
0.158725                  -41.29954040360885
0.15875                   -41.301688765724755
0.158775                  -41.30355862896713
0.1588                    -41.30508066650154
0.158825                  -41.306213433456314
0.15885000000000002       -41.30695438135241
0.15887500000000002       -41.30734765639155
0.1589                    -41.30748701259754
0.158925                  -41.30751270763827
0.15895                   -41.3076020363373
0.158975                  -41.3079540744875
0.159                     -41.30877010324479
0.159025                  -41.31023191190742
0.15905                   -41.312480613355724
0.159075                  -41.31559868038914
0.15910000000000002       -41.31959760838372
0.15912500000000002       -41.32441296952369
0.15915                   -41.32990772912375
0.159175                  -41.33588365901181
0.1592                    -41.34209963935787
0.159225                  -41.34829472845287
0.15925                   -41.354213231985135
0.159275                  -41.3596287253975
0.1593                    -41.36436413354388
0.159325                  -41.36830554364434
0.15935000000000002       -41.37140833880694
0.15937500000000002       -41.373695342936045
0.15940000000000001       -41.37524777758116
0.159425                  -41.37619076103147
0.15945                   -41.37667568348847
0.159475                  -41.37686199238712
0.1595                    -41.37690072180283
0.159525                  -41.37692157359422
0.15955                   -41.377024628026376
0.159575                  -41.377276969804285
0.15960000000000002       -41.377713794951234
0.15962500000000002       -41.37834301834336
0.15965000000000001       -41.379152092021094
0.159675                  -41.38011568478611
0.1597                    -41.38120303436956
0.159725                  -41.38238410062962
0.15975                   -41.38363403803566
0.159775                  -41.38493588194641
0.1598                    -41.38628163447657
0.159825                  -41.387672098959605
0.15985000000000002       -41.389115839338054
0.15987500000000002       -41.39062755859154
0.15990000000000001       -41.39222605020011
0.159925                  -41.39393174117479
0.15995                   -41.39576377128328
0.159975                  -41.39773657725548
0.16                      -41.399856079349064
0.160025                  -41.4021157744543
0.16005                   -41.40449327131104
0.160075                  -41.406947990207016
0.16010000000000002       -41.40942082277302
0.16012500000000002       -41.41183645509281
0.16015000000000001       -41.41410877819204
0.160175                  -41.41614936277506
0.1602                    -41.41787841990016
0.160225                  -41.41923710058255
0.16025                   -41.420199518630135
0.160275                  -41.42078262294078
0.1603                    -41.42105208076687
0.160325                  -41.42112269489735
0.16035000000000002       -41.42115253533501
0.16037500000000002       -41.42133082829766
0.16040000000000001       -41.42186057543104
0.160425                  -41.42293771950179
0.16045                   -41.424729288476726
0.160475                  -41.427353236219204
0.1605                    -41.43086260793805
0.160525                  -41.435236201848234
0.16055                   -41.44037713493407
0.160575                  -41.44611974804864
0.16060000000000002       -41.452244227411995
0.16062500000000002       -41.45849731345777
0.16065000000000002       -41.46461665271703
0.160675                  -41.47035584780472
0.1607                    -41.4755071631148
0.160725                  -41.4799191817145
0.16075                   -41.483507442853764
0.160775                  -41.486257107187335
0.1608                    -41.48821782966975
0.160825                  -41.489492076351894
0.16085                   -41.49021892699292
0.16087500000000002       -41.49055584109598
0.16090000000000002       -41.490660887823935
0.160925                  -41.490677586061764
0.16095                   -41.49072386835795
0.160975                  -41.490885906395704
0.161                     -41.49121675753288
0.161025                  -41.49173913468225
0.16105                   -41.49245115190236
0.161075                  -41.493333696567035
0.1611                    -41.49435812034818
0.16112500000000002       -41.495493179414034
0.16115000000000002       -41.49671051451578
0.161175                  -41.49798835679226
0.1612                    -41.49931349315728
0.161225                  -41.50068176531533
0.16125                   -41.502097480369486
0.161275                  -41.503572086149234
0.1613                    -41.505122349596625
0.161325                  -41.50676813026755
0.16135                   -41.5085297255216
0.16137500000000002       -41.51042472914302
0.16140000000000002       -41.51246441537629
0.161425                  -41.51464982787043
0.16145                   -41.51696797864866
0.161475                  -41.519388783757265
0.1615                    -41.521863508381514
0.161525                  -41.52432550113148
0.16155                   -41.52669382454413
0.161575                  -41.52888003192477
0.1616                    -41.5307978363213
0.16162500000000002       -41.532374842075924
0.16165000000000002       -41.53356496826815
0.161675                  -41.534359801973785
0.1617                    -41.534796979505366
0.161725                  -41.53496386938986
0.16175                   -41.53499532840897
0.161775                  -41.53506506387524
0.1618                    -41.53537104731783
0.161825                  -41.536116338333706
0.16185                   -41.53748743976813
0.16187500000000002       -41.53963278966081
0.16190000000000002       -41.54264412218911
0.161925                  -41.54654317692109
0.16195                   -41.55127563570381
0.161975                  -41.55671329725302
0.162                     -41.56266447154274
0.162025                  -41.56889152069765
0.16205                   -41.57513353036482
0.162075                  -41.58113140038222
0.1621                    -41.58665230754615
0.16212500000000002       -41.59151058335165
0.16215000000000002       -41.59558256845717
0.162175                  -41.598813881626555
0.1622                    -41.60121863401781
0.162225                  -41.60287124605723
0.16225                   -41.603892494004135
0.162275                  -41.60443207188007
0.1623                    -41.60465021343744
0.162325                  -41.60470077019219
0.16235                   -41.60471765112207
0.16237500000000002       -41.604805815657
0.16240000000000002       -41.60503721564581
0.162425                  -41.60545134064172
0.16245                   -41.60605944327366
0.162475                  -41.606851175389046
0.1625                    -41.60780227178406
0.162525                  -41.60888205251739
0.16255                   -41.610059816729034
0.162575                  -41.61130958811431
0.1626                    -41.612613057369
0.16262500000000002       -41.6139608752143
0.16265000000000002       -41.6153526331081
0.16267500000000001       -41.616795914492855
0.1627                    -41.618304729465414
0.162725                  -41.61989750921889
0.16275                   -41.621594695832584
0.162775                  -41.623415876965325
0.1628                    -41.625376424055915
0.162825                  -41.62748370775941
0.16285                   -41.62973316365299
0.16287500000000002       -41.63210471414418
0.16290000000000002       -41.634560250781654
0.16292500000000001       -41.63704297446232
0.16295                   -41.639479323676134
0.162975                  -41.641783966666594
0.163                     -41.643867905120466
0.163025                  -41.64564918947544
0.16305                   -41.64706516997161
0.163075                  -41.64808471578937
0.1631                    -41.64871854005568
0.16312500000000002       -41.64902575968665
0.16315000000000002       -41.64911513697834
0.16317500000000001       -41.649140073472466
0.1632                    -41.649287271816206
0.163225                  -41.649759915439624
0.16325                   -41.65075708422897
0.163275                  -41.652451781634284
0.1633                    -41.65497028613664
0.163325                  -41.658375502461
0.16335                   -41.66265657762182
0.16337500000000002       -41.6677263174979
0.16340000000000002       -41.673426984775475
0.16342500000000001       -41.679543999918
0.16345                   -41.68582604018454
0.163475                  -41.69200917773524
0.1635                    -41.69784214421153
0.163525                  -41.70310965120783
0.16355                   -41.70765097530222
0.163575                  -41.71137170390021
0.1636                    -41.714247530878275
0.16362500000000002       -41.71632012555277
0.16365000000000002       -41.717686182733416
0.16367500000000001       -41.71848161554247
0.1637                    -41.71886334676995
0.163725                  -41.71899123441696
0.16375                   -41.71901235844849
0.163775                  -41.71904929064691
0.1638                    -41.719193200205275
0.163825                  -41.71950185739324
0.16385                   -41.72000191366799
0.16387500000000002       -41.72069435177042
0.16390000000000002       -41.721561761450936
0.16392500000000002       -41.72257610622678
0.16395                   -41.72370586272372
0.163975                  -41.724921764708
0.164                     -41.72620078185776
0.164025                  -41.72752832441474
0.16405                   -41.72889892421189
0.164075                  -41.73031576666244
0.1641                    -41.73178943970372
0.164125                  -41.73333615959328
0.16415000000000002       -41.734975586774496
0.16417500000000002       -41.73672822088899
0.1642                    -41.73861231520589
0.164225                  -41.74064030599798
0.16425                   -41.742814908565194
0.164275                  -41.7451252534117
0.1643                    -41.74754366351546
0.164325                  -41.75002383530977
0.16435                   -41.75250121570288
0.164375                  -41.754896220468765
0.16440000000000002       -41.75712060537471
0.16442500000000002       -41.759086811592084
0.16445                   -41.76071953292624
0.164475                  -41.76196819688897
0.1645                    -41.762818630673955
0.164525                  -41.76330200255321
0.16455                   -41.7634992598379
0.164575                  -41.76353974173756
0.1646                    -41.76359338005013
0.164625                  -41.76385680469384
0.16465000000000002       -41.764534598368506
0.16467500000000002       -41.76581774024872
0.1647                    -41.76786180984572
0.164725                  -41.77076770187024
0.16475                   -41.77456740076714
0.164775                  -41.77921680524846
0.1648                    -41.784596751207424
0.164825                  -41.79052236303531
0.16485                   -41.79675979819084
0.164875                  -41.80304847812418
0.16490000000000002       -41.80912615762365
0.16492500000000002       -41.814753791100685
0.16495                   -41.819737183269616
0.164975                  -41.8239428759406
0.165                     -41.827306560734144
0.165025                  -41.82983338714201
0.16505                   -41.83159067554868
0.165075                  -41.83269455288308
0.1651                    -41.83329274154424
0.165125                  -41.833546050717494
0.16515000000000002       -41.833611023815045
0.16517500000000002       -41.83362574360004
0.1652                    -41.833700100967405
0.165225                  -41.83391103537381
0.16525                   -41.834302494137845
0.165275                  -41.83488924891592
0.1653                    -41.835663324984544
0.165325                  -41.83660166993369
0.16535                   -41.8376737945654
0.165375                  -41.83884840385411
0.16540000000000002       -41.84009841895134
0.16542500000000002       -41.84140418413149
0.16545                   -41.842754977287655
0.165475                  -41.84414914644152
0.1655                    -41.845593259573675
0.165525                  -41.84710059846423
0.16555                   -41.848689195505955
0.165575                  -41.85037946744431
0.1656                    -41.85219140252421
0.165625                  -41.854141251566276
0.16565000000000002       -41.856237774667974
0.16567500000000002       -41.85847828608211
0.16570000000000001       -41.86084497302098
0.165725                  -41.86330217268558
0.16575                   -41.86579540427178
0.165775                  -41.8682529100374
0.1658                    -41.8705902304331
0.165825                  -41.87271792992127
0.16585                   -41.874552051724564
0.165875                  -41.876026298282376
0.16590000000000002       -41.877104420990854
0.16592500000000002       -41.87779097296249
0.16595000000000001       -41.87813852603093
0.165975                  -41.878249727079755
0.166                     -41.87827315685353
0.166025                  -41.87839278038525
0.16605                   -41.87881171399109
0.166075                  -41.87973192509975
0.1661                    -41.881332178761646
0.166125                  -41.88374693292314
0.16615000000000002       -41.887048900032475
0.16617500000000002       -41.89123762979892
0.16620000000000001       -41.89623577438013
0.166225                  -41.901893762164626
0.16625                   -41.90800254817908
0.166275                  -41.91431306395164
0.1663                    -41.920560098584176
0.166325                  -41.926487737090426
0.16635                   -41.93187326360798
0.166375                  -41.93654665659827
0.16640000000000002       -41.940403442199994
0.16642500000000002       -41.9434096367603
0.16645000000000001       -41.94559864273519
0.166475                  -41.9470610718687
0.1665                    -41.94792937035479
0.166525                  -41.9483596731743
0.16655                   -41.94851345298239
0.166575                  -41.94854126799488
0.1666                    -41.94857033809473
0.166625                  -41.94869691830768
0.16665000000000002       -41.94898363810886
0.16667500000000002       -41.94946126542757
0.16670000000000001       -41.95013383467809
0.166725                  -41.950985803308534
0.16675                   -41.95198987834117
0.166775                  -41.95311434697304
0.1668                    -41.95432908451462
0.166825                  -41.955609812270765
0.16685                   -41.95694055118941
0.166875                  -41.95831449534077
0.16690000000000002       -41.95973367391591
0.16692500000000002       -41.961207778983365
0.16695000000000002       -41.96275244003544
0.166975                  -41.964387080475674
0.167                     -41.96613235932006
0.167025                  -41.96800713902506
0.16705                   -41.970024960469374
0.167075                  -41.972190150232706
0.1671                    -41.974493902205936
0.167125                  -41.97691090766372
0.16715000000000002       -41.97939728407805
0.16717500000000002       -41.981890604780375
0.16720000000000002       -41.98431271017945
0.167225                  -41.98657567083151
0.16725                   -41.988590798569525
0.167275                  -41.99028003087163
0.1673                    -41.99158844551927
0.167325                  -41.992496213558994
0.16735                   -41.99302807811678
0.167375                  -41.993258532220224
0.1674                    -41.99331128455241
0.16742500000000002       -41.99335230754626
0.16745000000000002       -41.99357665608562
0.167475                  -41.99419018381229
0.1675                    -41.995388111142944
0.167525                  -41.99733297640347
0.16755                   -42.00013473410178
0.167575                  -42.00383561378578
0.1676                    -42.00840183767021
0.167625                  -42.013723482414306
0.16765                   -42.019622763696646
0.16767500000000002       -42.02586994931931
0.16770000000000002       -42.03220510763791
0.167725                  -42.038363112570494
0.16775                   -42.04409887591666
0.167775                  -42.04920974503975
0.1678                    -42.053552411965654
0.167825                  -42.057052477525836
0.16785                   -42.05970587720998
0.167875                  -42.06157252652609
0.1679                    -42.06276358788422
0.16792500000000002       -42.06342452766048
0.16795000000000002       -42.063716510671476
0.167975                  -42.06379863892384
0.168                     -42.06381312997173
0.168025                  -42.063874855522165
0.16805                   -42.06406586306301
0.168075                  -42.06443472457616
0.1681                    -42.06499991681661
0.168125                  -42.06575601822006
0.16815                   -42.06668134245463
0.16817500000000002       -42.067745705449624
0.16820000000000002       -42.06891728930715
0.168225                  -42.07016794395686
0.16825                   -42.07147666685745
0.168275                  -42.07283134152612
0.1683                    -42.07422903990299
0.168325                  -42.075675278129374
0.16835                   -42.077182573120844
0.168375                  -42.07876852163514
0.1684                    -42.0804534753994
0.16842500000000002       -42.082257777651776
0.16845000000000002       -42.08419850565263
0.168475                  -42.08628575051672
0.1685                    -42.08851864721559
0.168525                  -42.09088159990117
0.16855                   -42.0933413653433
0.168575                  -42.095845787966354
0.1686                    -42.09832496157478
0.168625                  -42.100695389193774
0.16865                   -42.102867324853676
0.16867500000000002       -42.10475495334785
0.16870000000000002       -42.106288478765705
0.168725                  -42.107426659665435
0.16875                   -42.10816796487322
0.168775                  -42.10855842814701
0.1688                    -42.108694509187046
0.168825                  -42.10871981956182
0.16885                   -42.108815376756404
0.168875                  -42.10918398474835
0.1689                    -42.1100302517529
0.16892500000000002       -42.11153849232086
0.16895000000000002       -42.11385119950482
0.16897500000000001       -42.11705084173776
0.169                     -42.12114742502393
0.169025                  -42.126073604992484
0.16905                   -42.131688219945744
0.169075                  -42.13778806098688
0.1691                    -42.14412663351743
0.169125                  -42.150437737868856
0.16915                   -42.15646104012066
0.16917500000000002       -42.16196652532766
0.16920000000000002       -42.1667748841069
0.16922500000000001       -42.170771471909056
0.16925                   -42.17391241437413
0.169275                  -42.1762225608829
0.1693                    -42.17778612105181
0.169325                  -42.178731765118336
0.16935                   -42.17921457996053
0.169375                  -42.17939747018854
0.1694                    -42.17943438265485
0.16942500000000002       -42.179457189935746
0.16945000000000002       -42.17956731985104
0.16947500000000001       -42.17983240890775
0.1695                    -42.180287523447404
0.169525                  -42.180939938315845
0.16955                   -42.18177615059207
0.169575                  -42.18276974897651
0.1696                    -42.18388892693809
0.169625                  -42.185102753937194
0.16965                   -42.1863857183005
0.16967500000000002       -42.18772043968676
0.16970000000000002       -42.18909874584738
0.16972500000000001       -42.19052147385611
0.16975                   -42.19199738253684
0.169775                  -42.19354147768733
0.1698                    -42.195172907837126
0.169825                  -42.19691244962056
0.16985                   -42.19877952641824
0.169875                  -42.20078872878244
0.1699                    -42.20294593656247
0.16992500000000002       -42.20524435355567
0.16995000000000002       -42.20766100104666
0.16997500000000001       -42.21015440611227
0.17                      -42.21266429381412
0.170025                  -42.21511399646495
0.17005                   -42.21741600684514
0.170075                  -42.219480645048094
0.1701                    -42.22122724219961
0.170125                  -42.22259666530137
0.17015                   -42.22356353185809
0.17017500000000002       -42.22414620347045
0.17020000000000002       -42.22441268817697
0.17022500000000002       -42.22448095470229
0.17025                   -42.224512836328365
0.170275                  -42.224701583464814
0.1703                    -42.225254071930024
0.170325                  -42.226369530794074
0.17035                   -42.228217276062175
0.170375                  -42.23091622198158
0.1704                    -42.23451884356465
0.17042500000000002       -42.239001793158224
0.17045000000000002       -42.24426459204444
0.17047500000000002       -42.25013682496208
0.1705                    -42.25639318680939
0.170525                  -42.26277470651365
0.17055                   -42.269013644390284
0.170575                  -42.274859052451426
0.1706                    -42.28009989240544
0.170625                  -42.28458295625141
0.17065                   -42.28822358886423
0.17067500000000002       -42.2910082553376
0.17070000000000002       -42.292989154986394
0.17072500000000002       -42.2942721621707
0.17075                   -42.295000193565926
0.170775                  -42.29533454072965
0.1708                    -42.295436723181474
0.170825                  -42.29545304872758
0.17085                   -42.295503416515
0.170875                  -42.29567510276988
0.1709                    -42.29602147408218
0.170925                  -42.29656490358701
0.17095000000000002       -42.297302709134044
0.17097500000000002       -42.29821473063403
0.171                     -42.29927120984894
0.171025                  -42.30043988233717
0.17105                   -42.30169156144342
0.171075                  -42.30300389892251
0.1711                    -42.304363362312216
0.171125                  -42.3057657137166
0.17115                   -42.307215379548865
0.171175                  -42.30872407404924
0.17120000000000002       -42.3103089210047
0.17122500000000002       -42.31199016797462
0.17125                   -42.313788469151135
0.171275                  -42.31572167756557
0.1713                    -42.31780115940576
0.171325                  -42.32002781447782
0.17135                   -42.32238821708509
0.171375                  -42.32485151712936
0.1714                    -42.32736788922494
0.171425                  -42.32986932303425
0.17145000000000002       -42.332273369963914
0.17147500000000002       -42.33449009538287
0.1715                    -42.33643196970121
0.171525                  -42.33802584436652
0.17155                   -42.3392256078487
0.171575                  -42.34002372004273
0.1716                    -42.340459685048764
0.171625                  -42.34062370647598
0.17165                   -42.340654282115615
0.171675                  -42.34072927604675
0.17170000000000002       -42.34105093849131
0.17172500000000002       -42.34182627482178
0.17175                   -42.343244939231035
0.171775                  -42.34545731688839
0.1718                    -42.34855558116728
0.171825                  -42.35256024831216
0.17185                   -42.35741413499686
0.171875                  -42.36298473443103
0.1719                    -42.369074976756416
0.171925                  -42.375441263051634
0.17195000000000002       -42.38181670195569
0.17197500000000002       -42.38793677126216
0.17200000000000001       -42.393564287787
0.172025                  -42.39851066579731
0.17205                   -42.40265097990088
0.172075                  -42.40593124869416
0.1721                    -42.40836747659997
0.172125                  -42.41003714423516
0.17215                   -42.41106482767993
0.172175                  -42.4116042959417
0.17220000000000002       -42.41181969426244
0.17222500000000002       -42.41186826178483
0.17225000000000001       -42.41188652429274
0.172275                  -42.41198116831104
0.1723                    -42.41222498712942
0.172325                  -42.41265753189194
0.17235                   -42.41328951285247
0.172375                  -42.41410964570222
0.1724                    -42.4150925459032
0.172425                  -42.41620641482305
0.17245000000000002       -42.41741957302142
0.17247500000000002       -42.418705293734035
0.17250000000000001       -42.4200447840587
0.172525                  -42.4214284762182
0.17255                   -42.42285597784385
0.172575                  -42.42433507560973
0.1726                    -42.4258801136702
0.172625                  -42.4275099277537
0.17265                   -42.42924537133557
0.172675                  -42.43110638235707
0.17270000000000002       -42.433108548525226
0.17272500000000002       -42.43525924730161
0.17275000000000001       -42.43755364058306
0.172775                  -42.439971041838255
0.1728                    -42.442472375232384
0.172825                  -42.44499954018373
0.17285                   -42.44747742414741
0.172875                  -42.44981904469502
0.1729                    -42.451933862765195
0.172925                  -42.45373874868858
0.17295000000000002       -42.45517049446816
0.17297500000000002       -42.45619826518846
0.17300000000000001       -42.45683408489089
0.173025                  -42.45713944792888
0.17305                   -42.45722647689031
0.173075                  -42.457252690050844
0.1731                    -42.457409307925545
0.173125                  -42.45790398336225
0.17315                   -42.45893972439777
0.173175                  -42.46069244565973
0.17320000000000002       -42.463289922418134
0.17322500000000002       -42.46679487635254
0.17325000000000002       -42.47119449723929
0.173275                  -42.47639795568272
0.1733                    -42.482242484562576
0.173325                  -42.48850752455787
0.17335                   -42.494935381343154
0.173375                  -42.50125597169281
0.1734                    -42.5072126732007
0.173425                  -42.51258613521177
0.17345000000000002       -42.517213199375576
0.17347500000000002       -42.52099878711117
0.17350000000000002       -42.523919631881846
0.173525                  -42.52601989831382
0.17355                   -42.527399840278186
0.173575                  -42.52819952139436
0.1736                    -42.528580121765344
0.173625                  -42.52870542953045
0.17365                   -42.52872579280328
0.173675                  -42.528766182361785
0.17370000000000002       -42.528919224550926
0.17372500000000002       -42.52924325401721
0.17375000000000002       -42.52976473725379
0.173775                  -42.53048392478357
0.1738                    -42.53138235025011
0.173825                  -42.53243080866411
0.17385                   -42.533596670719895
0.173875                  -42.534849751360085
0.1739                    -42.536166359394116
0.173925                  -42.53753152477028
0.17395000000000002       -42.53893966485801
0.17397500000000002       -42.540394076835426
0.17400000000000002       -42.541905633035036
0.174025                  -42.54349094625151
0.17405                   -42.54517012107829
0.174075                  -42.546964080020444
0.1741                    -42.548891403381155
0.174125                  -42.55096467892102
0.17415                   -42.55318651750364
0.174175                  -42.555545617969976
0.1742                    -42.55801349670396
0.17422500000000002       -42.56054266165635
0.17425000000000002       -42.563067039320536
0.174275                  -42.56550531079875
0.1743                    -42.56776746952211
0.174325                  -42.56976441068606
0.17435                   -42.57141977481038
0.174375                  -42.57268270048286
0.1744                    -42.57353971324562
0.174425                  -42.574023796962514
0.17445                   -42.574218832756195
0.17447500000000002       -42.57425806358191
0.17450000000000002       -42.57431599825861
0.174525                  -42.57459409576562
0.17455                   -42.57530151845494
0.174575                  -42.57663305305663
0.1746                    -42.57874683589628
0.174625                  -42.581744695686595
0.17465                   -42.58565771396683
0.174675                  -42.590439027108815
0.1747                    -42.5959650295627
0.17472500000000002       -42.60204509527023
0.17475000000000002       -42.608438845090404
0.174775                  -42.614878995671994
0.1748                    -42.62109706970747
0.174825                  -42.62684884845608
0.17485                   -42.631936481765436
0.174875                  -42.63622465164235
0.1749                    -42.63964904926378
0.174925                  -42.64221653572142
0.17495                   -42.64399752724571
0.17497500000000002       -42.64511217784601
0.17500000000000002       -42.645712659071364
0.17502500000000001       -42.645964156708864
0.17505                   -42.64602709917214
0.175075                  -42.64604266212344
0.1751                    -42.64612287602627
0.175125                  -42.64634584309622
0.17515                   -42.64675579063827
0.175175                  -42.647367066034754
0.1752                    -42.648170790117426
0.17522500000000002       -42.64914275754847
0.17525000000000002       -42.650251285517754
0.17527500000000001       -42.65146400725996
0.1753                    -42.652753001487476
0.175325                  -42.654098052280645
0.17535                   -42.65548816647025
0.175375                  -42.65692168341063
0.1754                    -42.6584053770503
0.175425                  -42.659952890752216
0.17545                   -42.66158270923337
0.17547500000000002       -42.66331572283847
0.17550000000000002       -42.66517233947602
0.17552500000000001       -42.667169093835604
0.17555                   -42.66931480769237
0.175575                  -42.67160655098492
0.1756                    -42.67402589213283
0.175625                  -42.67653613895118
0.17565                   -42.67908138531534
0.175675                  -42.681588133138604
0.1757                    -42.68397002250825
0.17572500000000002       -42.68613578269357
0.17575000000000002       -42.68799996416096
0.17577500000000001       -42.68949541620289
0.1758                    -42.69058595071261
0.175825                  -42.691277298037484
0.17585                   -42.69162441173681
0.175875                  -42.6917334650043
0.1759                    -42.69175748899975
0.175925                  -42.69188545295157
0.17595                   -42.692325545433064
0.17597500000000002       -42.693284327103704
0.17600000000000002       -42.69494413486326
0.17602500000000001       -42.69744150839395
0.17605                   -42.70084941891645
0.176075                  -42.705165702413666
0.1761                    -42.71030938505939
0.176125                  -42.71612562878356
0.17615                   -42.72239894093565
0.176175                  -42.72887322261364
0.1762                    -42.7352763196103
0.17622500000000002       -42.74134612245794
0.17625000000000002       -42.74685504225927
0.17627500000000002       -42.751629919006874
0.1763                    -42.755565079869186
0.176325                  -42.758627259661026
0.17635                   -42.760852261796146
0.176375                  -42.762334377615325
0.1764                    -42.763210504154216
0.176425                  -42.76364146228889
0.17645                   -42.763793152028725
0.17647500000000002       -42.76381990660851
0.17650000000000002       -42.76385181052929
0.17652500000000002       -42.763986962774744
0.17655                   -42.76428884354352
0.176575                  -42.764788215932015
0.1766                    -42.765488463956316
0.176625                  -42.76637299031553
0.17665                   -42.76741327782824
0.176675                  -42.76857641969718
0.1767                    -42.76983127443336
0.17672500000000002       -42.77115281244477
0.17675000000000002       -42.77252460451418
0.17677500000000002       -42.77393968718516
0.1768                    -42.77540018715562
0.176825                  -42.77691609402677
0.17685                   -42.778503470700755
0.176875                  -42.78018224017136
0.1769                    -42.781973551860375
0.176925                  -42.78389666691652
0.17695                   -42.785965343591215
0.17697500000000002       -42.7881838521852
0.17700000000000002       -42.790542971753325
0.17702500000000002       -42.79301655845909
0.17705                   -42.79555945509295
0.177075                  -42.79810756275755
0.1771                    -42.80058076914703
0.177125                  -42.80288910740187
0.17715                   -42.804942031638674
0.177175                  -42.806660108883875
0.1772                    -42.80798784510948
0.17722500000000002       -42.808905904839605
0.17725000000000002       -42.80944076164829
0.17727500000000002       -42.80966990986636
0.1773                    -42.809721199799185
0.177325                  -42.80976558704089
0.17735                   -42.810003505878726
0.177375                  -42.81064603926232
0.1774                    -42.8118929026757
0.177425                  -42.81390984542051
0.17745                   -42.81680830425949
0.177475                  -42.82062998309343
0.17750000000000002       -42.82533849856888
0.17752500000000002       -42.830819394740516
0.17755                   -42.83688879637059
0.177575                  -42.843309870673636
0.1776                    -42.849815244493676
0.177625                  -42.85613272069838
0.17765                   -42.86201117880144
0.177675                  -42.867243515690404
0.1777                    -42.871683906385705
0.177725                  -42.875257489178004
0.17775000000000002       -42.87796167597101
0.17777500000000002       -42.87985947384893
0.1778                    -42.88106627646091
0.177825                  -42.881732368062266
0.17785                   -42.882023765958266
0.177875                  -42.88210397820794
0.1779                    -42.88211882345851
0.177925                  -42.88218576111469
0.17795                   -42.88238835741125
0.177975                  -42.88277571275256
0.17800000000000002       -42.88336602072895
0.17802500000000002       -42.88415300196292
0.17805                   -42.88511379061315
0.178075                  -42.88621693432088
0.1781                    -42.88742944550107
0.178125                  -42.88872223178339
0.17815                   -42.89007364467515
0.178175                  -42.89147123508597
0.1782                    -42.89291203365472
0.178225                  -42.8944017592024
0.17825000000000002       -42.895953313762774
0.17827500000000002       -42.897584792350834
0.17830000000000001       -42.899317082840426
0.178325                  -42.90117102015806
0.17835                   -42.90316403809225
0.178375                  -42.905306351810495
0.1784                    -42.90759689107794
0.178425                  -42.91001944277574
0.17845                   -42.91253968418884
0.178475                  -42.91510392139568
0.17850000000000002       -42.91764032628122
0.17852500000000002       -42.92006325435801
0.17855000000000001       -42.9222808255162
0.178575                  -42.92420540642807
0.1786                    -42.92576603210432
0.178625                  -42.926921258115144
0.17865                   -42.92767056436135
0.178675                  -42.92806233758845
0.1787                    -42.92819670085447
0.178725                  -42.928222029598004
0.17875000000000002       -42.92832482437292
0.17877500000000002       -42.92871357224346
0.17880000000000001       -42.92959816396955
0.178825                  -42.931167185785945
0.17885                   -42.93356584815982
0.178875                  -42.93687737736632
0.1789                    -42.94111036681456
0.178925                  -42.94619390689856
0.17895                   -42.95198137198853
0.178975                  -42.95826265957183
0.17900000000000002       -42.964783587391125
0.17902500000000002       -42.97127020501936
0.17905000000000001       -42.97745510465969
0.179075                  -42.98310253325097
0.1791                    -42.98802927578364
0.179125                  -42.99211888994522
0.17915                   -42.99532783797168
0.179175                  -42.99768322648589
0.1792                    -42.99927303180916
0.179225                  -43.000230660085634
0.17925000000000002       -43.0007163152783
0.17927500000000002       -43.00089784459886
0.17930000000000001       -43.000933506167755
0.179325                  -43.00095853860534
0.17935                   -43.00107663774904
0.179375                  -43.001356611536856
0.1794                    -43.00183372985349
0.179425                  -43.00251471923591
0.17945                   -43.00338503517484
0.179475                  -43.00441699048469
0.17950000000000002       -43.00557749431575
0.17952500000000002       -43.00683449476055
0.17955000000000002       -43.00816163029321
0.179575                  -43.009540991018326
0.1796                    -43.01096419530598
0.179625                  -43.0124321562537
0.17965                   -43.01395393813245
0.179675                  -43.015545013970176
0.1797                    -43.017225086499515
0.179725                  -43.01901549175474
0.17975000000000002       -43.02093612728545
0.17977500000000002       -43.02300187315577
0.17980000000000002       -43.02521860970483
0.179825                  -43.02757915330226
0.17985                   -43.03005967331583
0.179875                  -43.03261734742698
0.1799                    -43.035190086090395
0.179925                  -43.03769905615333
0.17995                   -43.04005443700392
0.179975                  -43.04216437060893
0.18000000000000002       -43.04394648333541
0.18002500000000002       -43.04534076241643
0.18005000000000002       -43.04632208291446
0.180075                  -43.04691041802893
0.1801                    -43.04717681258264
0.180125                  -43.047243589295135
0.18015                   -43.04727795629649
0.180175                  -43.04747909385928
0.1802                    -43.04805977330897
0.180225                  -43.0492244390513
0.18025000000000002       -43.05114631881635
0.18027500000000002       -43.05394641344261
0.18030000000000002       -43.05767710933001
0.180325                  -43.062312666905676
0.18035                   -43.06774803106762
0.180375                  -43.073806387263794
0.1804                    -43.080254778367326
0.180425                  -43.08682604597677
0.18045                   -43.093244510029834
0.180475                  -43.09925228243982
0.18050000000000002       -43.104633017077674
0.18052500000000002       -43.109230263765625
0.18055000000000002       -43.112958376101886
0.180575                  -43.11580500227085
0.1806                    -43.11782538503971
0.180625                  -43.11912980822492
0.18065                   -43.119866368179245
0.180675                  -43.12020169553692
0.1807                    -43.12030226184285
0.180725                  -43.120318518602126
0.18075                   -43.12037343946321
0.18077500000000002       -43.12055621338621
0.18080000000000002       -43.12092101711781
0.180825                  -43.12149010761587
0.18085                   -43.12226000873167
0.180875                  -43.12320936284709
0.1809                    -43.12430706984533
0.180925                  -43.125519593084285
0.18095                   -43.1268166956241
0.180975                  -43.128175287823105
0.181                     -43.12958143344772
0.18102500000000002       -43.13103081226595
0.18105000000000002       -43.13252804357019
0.181075                  -43.13408524593255
0.1811                    -43.13572008528932
0.181125                  -43.13745340815685
0.18115                   -43.139306435051495
0.181175                  -43.14129745321559
0.1812                    -43.143438022697566
0.181225                  -43.14572888682687
0.18125                   -43.14815601537209
0.18127500000000002       -43.15068744036765
0.18130000000000002       -43.15327169567699
0.18132500000000001       -43.15583867500091
0.18135                   -43.15830353740309
0.181375                  -43.16057391038286
0.1814                    -43.16256010776555
0.181425                  -43.16418747443656
0.18145                   -43.16540940361883
0.181475                  -43.166219166802016
0.1815                    -43.1666585584057
0.18152500000000002       -43.16682155264215
0.18155000000000002       -43.166851703821045
0.18157500000000001       -43.16693283037684
0.1816                    -43.16727348492463
0.181625                  -43.16808667014627
0.18165                   -43.16956705287956
0.181675                  -43.171868424735706
0.1817                    -43.17508427632138
0.181725                  -43.179234073268844
0.18175                   -43.18425718227304
0.18177500000000002       -43.19001547681939
0.18180000000000002       -43.196304571065454
0.18182500000000001       -43.20287252327397
0.18185                   -43.209443863470455
0.181875                  -43.21574607496502
0.1819                    -43.22153531357563
0.181925                  -43.226618252685185
0.18195                   -43.230867499492696
0.181975                  -43.234228961468304
0.182                     -43.23672070257879
0.18202500000000002       -43.238424020165596
0.18205000000000002       -43.23946849365298
0.18207500000000001       -43.24001344207494
0.1821                    -43.240228487176125
0.182125                  -43.2402757469012
0.18215                   -43.24029565316771
0.182175                  -43.24039762523722
0.1822                    -43.24065598643057
0.182225                  -43.24111073133827
0.18225                   -43.241772147009605
0.18227500000000002       -43.24262793454582
0.18230000000000002       -43.24365138712406
0.18232500000000001       -43.24480932976119
0.18235                   -43.24606885045949
0.182375                  -43.247402264287814
0.1824                    -43.248790159240464
0.182425                  -43.25022269682726
0.18245                   -43.2516995313933
0.182475                  -43.25322875730273
0.1825                    -43.25482521642968
0.18252500000000002       -43.25650835235726
0.18255000000000002       -43.25829964836564
0.18257500000000002       -43.260219595856526
0.1826                    -43.26228415042867
0.182625                  -43.26450075536316
0.18265                   -43.26686422302359
0.182675                  -43.26935300973596
0.1827                    -43.271926626883854
0.182725                  -43.27452502615777
0.18275                   -43.277070721876036
0.18277500000000002       -43.27947414106803
0.18280000000000002       -43.28164223707947
0.18282500000000002       -43.283489823492054
0.18285                   -43.28495247877974
0.182875                  -43.28599935771132
0.1829                    -43.2866439423529
0.182925                  -43.286950766303
0.18295                   -43.287036492191675
0.182975                  -43.287064389951425
0.183                     -43.28723216071126
0.18302500000000002       -43.28775403649543
0.18305000000000002       -43.28883899544722
0.18307500000000002       -43.29066761377543
0.1831                    -43.29337041688946
0.183125                  -43.29701053813213
0.18315                   -43.30157304933772
0.183175                  -43.306962551380266
0.1832                    -43.31300960383456
0.183225                  -43.319485457618185
0.18325                   -43.326123475946126
0.18327500000000002       -43.33264473383797
0.18330000000000002       -43.33878470919433
0.18332500000000002       -43.34431782009606
0.18335                   -43.34907686772739
0.183375                  -43.352965181373264
0.1834                    -43.355960320871596
0.183425                  -43.35810939784282
0.18345                   -43.35951722463669
0.183475                  -43.36032939767889
0.1835                    -43.360712933303176
0.18352500000000002       -43.360837143924236
0.18355000000000002       -43.36085710093271
0.18357500000000002       -43.360901378453256
0.1836                    -43.36106495127726
0.183625                  -43.361407282897375
0.18365                   -43.36195491972631
0.183675                  -43.362707401844645
0.1837                    -43.36364505767168
0.183725                  -43.3647372687976
0.18375                   -43.36595002690216
0.18377500000000002       -43.36725198027004
0.18380000000000002       -43.36861859058545
0.18382500000000002       -43.37003440251153
0.18385                   -43.3714937009385
0.183875                  -43.37299995903499
0.1839                    -43.37456446796192
0.183925                  -43.37620442429581
0.18395                   -43.377940594579755
0.183975                  -43.37979454489091
0.184                     -43.38178537247704
0.184025                  -43.38392593621174
0.18405000000000002       -43.38621874880853
0.18407500000000002       -43.38865192845685
0.1841                    -43.39119584690388
0.184125                  -43.393801279426484
0.18415                   -43.39639988986357
0.184175                  -43.39890772420677
0.1842                    -43.40123202913345
0.184225                  -43.40328119115375
0.18425                   -43.40497698444862
0.184275                  -43.40626773037475
0.18430000000000002       -43.407140532153406
0.18432500000000002       -43.407630566198286
0.18435                   -43.40782556062205
0.184375                  -43.40786408601559
0.1844                    -43.407927069086725
0.184425                  -43.40822289957863
0.18445                   -43.40896747882748
0.184475                  -43.41036139063603
0.1845                    -43.412566923249955
0.184525                  -43.4156878459494
0.18455000000000002       -43.41975461629537
0.18457500000000002       -43.42471709401665
0.18460000000000001       -43.43044594265264
0.184625                  -43.43674282325023
0.18465                   -43.44335836130674
0.184675                  -43.45001584559853
0.1847                    -43.4564378399441
0.184725                  -43.46237247991947
0.18475                   -43.4676162660177
0.184775                  -43.47203066658834
0.18480000000000002       -43.47555074229839
0.18482500000000002       -43.478185156832375
0.18485000000000001       -43.48000815188793
0.184875                  -43.48114513192152
0.1849                    -43.48175425218145
0.184925                  -43.48200672816251
0.18495                   -43.482068468004364
0.184975                  -43.48208513544535
0.185                     -43.482172002880084
0.185025                  -43.48240910301773
0.18505                   -43.4828413817402
0.185075                  -43.48348291445019
0.18510000000000001       -43.48432385053726
0.185125                  -43.48533862271516
0.18515                   -43.486494078728015
0.185175                  -43.4877565014248
0.1852                    -43.48909689319647
0.185225                  -43.490494318577795
0.18525                   -43.491937442087206
0.185275                  -43.493424611951745
0.1853                    -43.494962905850144
0.185325                  -43.496566491691986
0.18535000000000001       -43.49825451458593
0.185375                  -43.500048566472636
0.1854                    -43.50196969187148
0.185425                  -43.50403487804515
0.18545                   -43.50625308651999
0.185475                  -43.50862108608584
0.1855                    -43.51111959433513
0.185525                  -43.51371045415966
0.18555                   -43.51633568770531
0.185575                  -43.518919220938486
0.1856                    -43.521371824739504
0.185625                  -43.52359938174719
0.18565                   -43.5255140152702
0.185675                  -43.52704700053437
0.1857                    -43.52816183810063
0.185725                  -43.52886552672995
0.18575                   -43.52921602739138
0.185775                  -43.52932421201933
0.1858                    -43.5293492248362
0.185825                  -43.529487066932475
0.18585                   -43.52995320830544
0.185875                  -43.53096097107227
0.1859                    -43.5326981556618
0.185925                  -43.53530477834539
0.18595                   -43.53885478959661
0.185975                  -43.54334424580895
0.186                     -43.5486876640808
0.186025                  -43.55472329603152
0.18605                   -43.56122693656282
0.186075                  -43.56793277964675
0.1861                    -43.57455889398147
0.186125                  -43.58083425548503
0.18615                   -43.58652404957755
0.186175                  -43.59145019850335
0.1862                    -43.595504758058404
0.186225                  -43.5986548633209
0.18625                   -43.600939114780246
0.186275                  -43.60245647834374
0.1863                    -43.6033497262875
0.186325                  -43.603786023229304
0.18635                   -43.60393739346151
0.186375                  -43.603963512898204
0.1864                    -43.60399864404789
0.186425                  -43.604143715971205
0.18645                   -43.60446369748496
0.186475                  -43.60498966046963
0.1865                    -43.60572438470357
0.186525                  -43.606650072304134
0.18655                   -43.6077367242902
0.186575                  -43.60894994405566
0.1866                    -43.610257298404164
0.186625                  -43.611632793933985
0.18665                   -43.61305942344074
0.186675                  -43.61453003091675
0.1867                    -43.61604689439652
0.186725                  -43.61762043161836
0.18675                   -43.6192673283803
0.186775                  -43.62100823271683
0.1868                    -43.622865017514826
0.186825                  -43.62485754874164
0.18685                   -43.6269999405564
0.186875                  -43.62929643310704
0.1869                    -43.6317372598615
0.186925                  -43.63429511717462
0.18695                   -43.636923033644834
0.186975                  -43.63955448821277
0.187                     -43.64210649246501
0.187025                  -43.64448601827614
0.18705                   -43.646599644632246
0.187075                  -43.64836568917496
0.1871                    -43.649727487699614
0.187125                  -43.65066601263177
0.18715                   -43.651209795749686
0.187175                  -43.6514402225912
0.1872                    -43.651490719791724
0.187225                  -43.651539116406816
0.18725                   -43.651793415620446
0.187275                  -43.65247220968507
0.1873                    -43.65378184182152
0.187325                  -43.6558930188386
0.18735                   -43.65891980960099
0.187375                  -43.662903789769786
0.1874                    -43.66780553494232
0.187425                  -43.673504795097244
0.18745                   -43.67980961285511
0.187475                  -43.6864735107776
0.1875                    -43.69321881604239
0.187525                  -43.69976336153076
0.18755                   -43.705847330007316
0.187575                  -43.711256981475
0.1876                    -43.71584244787216
0.18762500000000001       -43.7195276392888
0.18765                   -43.722311447982634
0.187675                  -43.724260669160266
0.1877                    -43.72549617055582
0.187725                  -43.72617465330841
0.18775                   -43.72646873761916
0.187775                  -43.72654804792242
0.1878                    -43.72656351831103
0.187825                  -43.726636408087494
0.18785                   -43.72685266078982
0.18787500000000001       -43.72726240995039
0.1879                    -43.72788375805692
0.187925                  -43.7287095162285
0.18795                   -43.729715425418625
0.187975                  -43.730868470421356
0.188                     -43.73213418879875
0.188025                  -43.73348228332826
0.18805                   -43.734890273804226
0.188075                  -43.73634528604562
0.1881                    -43.73784431237054
0.18812500000000001       -43.73939336453986
0.18815                   -43.74100589190239
0.188175                  -43.742700701108355
0.1882                    -43.74449945479344
0.188225                  -43.74642371159755
0.18825                   -43.74849144900299
0.188275                  -43.75071310459984
0.1883                    -43.75308736598757
0.188325                  -43.75559718713821
0.18835                   -43.75820673951302
0.18837500000000001       -43.760860142484724
0.1884                    -43.7634827938172
0.188425                  -43.765985899225015
0.18845                   -43.76827438270131
0.188475                  -43.770257793983134
0.1885                    -43.7718632054462
0.188525                  -43.77304852565895
0.18855                   -43.77381427564323
0.188575                  -43.774211781842105
0.1886                    -43.77434599614836
0.18862500000000001       -43.77437175242319
0.18865                   -43.77448313506622
0.188675                  -43.77489663470357
0.1887                    -43.77582973394054
0.188725                  -43.77747734009774
0.18875                   -43.779988933919796
0.188775                  -43.78344936061414
0.1888                    -43.787865841462796
0.188825                  -43.793163076609794
0.18885                   -43.79918733321202
0.188875                  -43.805719290256775
0.1889                    -43.81249428392637
0.188925                  -43.81922761521463
0.18895                   -43.825641887405304
0.188975                  -43.83149305070344
0.189                     -43.8365920093443
0.189025                  -43.840819284855684
0.18905                   -43.844131237350155
0.189075                  -43.84655756125966
0.1891                    -43.848190986311224
0.189125                  -43.84917112326165
0.18915                   -43.849665037381726
0.189175                  -43.84984732955553
0.1892                    -43.84988226300058
0.189225                  -43.84990987907258
0.18925                   -43.85003723597616
0.189275                  -43.85033503580441
0.1893                    -43.850839123022034
0.189325                  -43.85155575210342
0.18935                   -43.85246919725242
0.189375                  -43.853550225561634
0.1894                    -43.85476414198844
0.189425                  -43.85607746888441
0.18945                   -43.85746275251603
0.189475                  -43.85890140015146
0.1895                    -43.86038476665795
0.189525                  -43.86191388325674
0.18955                   -43.86349824591815
0.189575                  -43.86515398685255
0.1896                    -43.866901596930326
0.189625                  -43.86876321825321
0.18965                   -43.870759446359166
0.189675                  -43.872905609745565
0.1897                    -43.87520763644652
0.189725                  -43.87765784363254
0.18975                   -43.88023123736889
0.189775                  -43.88288311002154
0.1898                    -43.88554879741902
0.189825                  -43.88814635074391
0.18985                   -43.890582567393736
0.189875                  -43.892762332517876
0.1899                    -43.89460061554429
0.189925                  -43.89603584806453
0.18995                   -43.89704290562294
0.189975                  -43.89764364688038
0.19                      -43.897913018307364
0.190025                  -43.89797914413827
0.19005                   -43.89801655331668
0.190075                  -43.89823264372785
0.1901                    -43.898848497008075
0.190125                  -43.90007606546244
0.19015                   -43.90209440432304
0.190175                  -43.9050279112582
0.1902                    -43.9089294144857
0.190225                  -43.913770436121105
0.19025                   -43.919440115834846
0.190275                  -43.9257532179339
0.1903                    -43.93246649537371
0.190325                  -43.939301594478344
0.19035                   -43.945971804002895
0.190375                  -43.95220941641892
0.1904                    -43.95779037541975
0.190425                  -43.96255326760503
0.19045                   -43.96641053474792
0.190475                  -43.969350910924454
0.1905                    -43.97143333804657
0.190525                  -43.972773770552735
0.19055                   -43.97352715291834
0.190575                  -43.97386731255285
0.1906                    -43.97396751235354
0.190625                  -43.973983996093196
0.19065000000000001       -43.97404414892031
0.190675                  -43.97424003534852
0.1907                    -43.97462722400097
0.190725                  -43.97522809529952
0.19075                   -43.9760383473557
0.190775                  -43.97703520843148
0.1908                    -43.97818592274807
0.190825                  -43.979455347729875
0.19085                   -43.98081190208258
0.190875                  -43.98223153961243
0.19090000000000001       -43.98369980398882
0.190925                  -43.98521227915659
0.19095                   -43.98677385898693
0.190975                  -43.988397227605276
0.191                     -43.99010081232134
0.191025                  -43.99190630895309
0.19105                   -43.99383575292744
0.191075                  -43.99590807296025
0.1911                    -43.99813514317504
0.191125                  -44.00051753453916
0.19115000000000001       -44.00304041360226
0.191175                  -44.00567027700045
0.1912                    -44.00835336589605
0.191225                  -44.0110166060986
0.19125                   -44.013571723867095
0.191275                  -44.01592279049213
0.1913                    -44.01797689252624
0.191325                  -44.01965699405311
0.19135                   -44.020915469096984
0.191375                  -44.02174636326927
0.19140000000000001       -44.022194305166295
0.191425                  -44.02235819779763
0.19145                   -44.022388382427025
0.191475                  -44.0224768143246
0.1915                    -44.02284079323892
0.191525                  -44.02370178601127
0.19155                   -44.025261697863755
0.191575                  -44.027679456699225
0.1916                    -44.03105088941986
0.191625                  -44.035394571642925
0.19165000000000001       -44.04064566168499
0.191675                  -44.04665877264002
0.1917                    -44.05321981261455
0.191725                  -44.060065573870624
0.19175                   -44.066908827735645
0.191775                  -44.07346593025909
0.1918                    -44.0794835863663
0.191825                  -44.084761532225485
0.19185                   -44.08916848030225
0.191875                  -44.092649649365335
0.19190000000000002       -44.09522541578695
0.191925                  -44.09698186690722
0.19195                   -44.09805510029639
0.191975                  -44.09861182350055
0.192                     -44.09882907249621
0.192025                  -44.09887567934702
0.19205                   -44.098897558314405
0.192075                  -44.09900807936697
0.1921                    -44.09928391662186
0.192125                  -44.09976594674036
0.19215000000000002       -44.100464146670795
0.192175                  -44.101365072849276
0.1922                    -44.10244041477938
0.192225                  -44.10365527578933
0.19225                   -44.104975174794745
0.192275                  -44.10637119369184
0.1923                    -44.10782311954396
0.192325                  -44.109320767425906
0.19235                   -44.11086386710462
0.192375                  -44.11246094179718
0.1924                    -44.11412752564975
0.192425                  -44.11588391337975
0.19245                   -44.11775247974135
0.192475                  -44.11975451281394
0.1925                    -44.1219065171724
0.192525                  -44.12421607178604
0.19255                   -44.126677547790806
0.192575                  -44.12926824658023
0.1926                    -44.13194573355845
0.192625                  -44.134647240251816
0.19265                   -44.13729192682361
0.192675                  -44.13978651066632
0.1927                    -44.14203429027011
0.192725                  -44.143946988677754
0.19275                   -44.14545820881277
0.192775                  -44.14653675867922
0.1928                    -44.14719779244291
0.192825                  -44.14750972006489
0.19285                   -44.1475952060486
0.192875                  -44.14762527994639
0.1929                    -44.14780652075714
0.192925                  -44.14836230491643
0.19295                   -44.14951005195883
0.192975                  -44.15143710504122
0.193                     -44.154278230174945
0.193025                  -44.15809765300214
0.19305                   -44.16287808264438
0.193075                  -44.16851836028378
0.1931                    -44.17484031863668
0.193125                  -44.181604278395014
0.19315                   -44.18853148663251
0.193175                  -44.19533087205434
0.1932                    -44.20172689277331
0.193225                  -44.20748508992813
0.19325                   -44.212432281948715
0.193275                  -44.21646910795124
0.1933                    -44.219573738975726
0.193325                  -44.221796838757115
0.19335                   -44.22324905546458
0.193375                  -44.22408326119207
0.1934                    -44.22447428435496
0.193425                  -44.22459894493797
0.19345                   -44.22461883743018
0.193475                  -44.224667618225695
0.1935                    -44.224843693174165
0.193525                  -44.225208326060745
0.19355                   -44.22578843965784
0.193575                  -44.22658285739841
0.1936                    -44.227570485261516
0.193625                  -44.228718958007185
0.19365                   -44.229992523749175
0.193675                  -44.23135833528352
0.1937                    -44.232790759154746
0.193725                  -44.23427371148599
0.19375                   -44.235801312418474
0.193775                  -44.2373772828956
0.1938                    -44.23901349277727
0.193825                  -44.24072794799227
0.19385                   -44.24254234030515
0.193875                  -44.24447914619008
0.1939                    -44.24655820911493
0.19392500000000001       -44.2487928030167
0.19395                   -44.25118534921741
0.193975                  -44.25372320444051
0.194                     -44.25637518696817
0.194025                  -44.2590896823728
0.19405                   -44.261795196997404
0.194075                  -44.26440405803046
0.1941                    -44.266819583588514
0.194125                  -44.26894650054615
0.19415                   -44.2707037525905
0.19417500000000001       -44.27203823086071
0.1942                    -44.27293750352786
0.194225                  -44.27343943551145
0.19425                   -44.273636751707286
0.194275                  -44.27367512041178
0.1943                    -44.273744159467235
0.194325                  -44.27406177256241
0.19435                   -44.274853242824946
0.194375                  -44.27632737433
0.1944                    -44.2786525359189
0.19442500000000001       -44.28193563476751
0.19445                   -44.28620680167079
0.194475                  -44.29141193860761
0.1945                    -44.29741434352167
0.194525                  -44.304005504567485
0.19455                   -44.31092398656182
0.194575                  -44.31788026798625
0.1946                    -44.32458457767625
0.194625                  -44.33077435559522
0.19465                   -44.33623800620388
0.19467500000000001       -44.340832141256485
0.1947                    -44.34449045280562
0.194725                  -44.34722356753917
0.19475                   -44.34911050568602
0.194775                  -44.35028348427241
0.1948                    -44.35090858333943
0.194825                  -44.35116512631911
0.19485                   -44.35122649515026
0.194875                  -44.35124457588103
0.1949                    -44.35133924216031
0.19492500000000001       -44.35159339135937
0.19495                   -44.35205320609475
0.194975                  -44.352732647822315
0.195                     -44.3536207783222
0.195025                  -44.35469037643155
0.19505                   -44.355906448186396
0.195075                  -44.357233554345335
0.1951                    -44.35864130963172
0.195125                  -44.36010784505114
0.19515                   -44.36162138249793
0.19517500000000002       -44.36318029234027
0.1952                    -44.364792071069544
0.195225                  -44.36647160831673
0.19525                   -44.36823896309384
0.195275                  -44.37011670715138
0.1953                    -44.37212678619339
0.195325                  -44.37428684541259
0.19535                   -44.376606080584686
0.195375                  -44.3790808892195
0.1954                    -44.38169085451531
0.19542500000000002       -44.38439582332943
0.19545                   -44.38713495894412
0.195475                  -44.38982859532662
0.1955                    -44.39238345830389
0.195525                  -44.39470135991747
0.19555                   -44.39669087141303
0.195575                  -44.39828083576491
0.1956                    -44.399434017040406
0.195625                  -44.40015882943027
0.19565                   -44.40051704690219
0.195675                  -44.40062571720601
0.1957                    -44.400652174036665
0.195725                  -44.4008019692651
0.19575                   -44.401300587308185
0.195775                  -44.40237078298903
0.1958                    -44.40420813849565
0.195825                  -44.40695784037585
0.19585                   -44.410695669461695
0.195875                  -44.41541577459454
0.1959                    -44.421027020887024
0.195925                  -44.42735866423863
0.19595                   -44.434174935102995
0.195975                  -44.44119696355651
0.196                     -44.44812949849468
0.196025                  -44.45468921110592
0.19605                   -44.46063114073912
0.196075                  -44.46577009794055
0.1961                    -44.46999456511357
0.196125                  -44.47327172434694
0.19615                   -44.4756435156967
0.196175                  -44.477214869783154
0.1962                    -44.47813625630221
0.196225                  -44.4785832894458
0.19625                   -44.47873626180984
0.196275                  -44.47876216242715
0.1963                    -44.47880107233672
0.196325                  -44.47895797108737
0.19635                   -44.47930009216848
0.196375                  -44.47985918040514
0.1964                    -44.48063743741553
0.196425                  -44.48161564978642
0.19645                   -44.48276198344988
0.196475                  -44.484040154159025
0.1965                    -44.48541606973037
0.196525                  -44.486862488059565
0.19655                   -44.48836165012776
0.196575                  -44.489906153529304
0.1966                    -44.49149848779836
0.196625                  -44.4931496567537
0.19665                   -44.494877201458294
0.196675                  -44.49670277247779
0.1967                    -44.49864925312144
0.196725                  -44.50073736769474
0.19675                   -44.50298175622479
0.196775                  -44.50538666009236
0.1968                    -44.50794160554103
0.196825                  -44.510617729195886
0.19685                   -44.513365582015034
0.196875                  -44.51611529975955
0.1969                    -44.518779885549115
0.196925                  -44.52126199710612
0.19695000000000001       -44.52346409761329
0.196975                  -44.525301190659036
0.197                     -44.52671472919806
0.197025                  -44.527685796280124
0.19705                   -44.5282454235457
0.197075                  -44.528480027101494
0.1971                    -44.528530423105046
0.197125                  -44.52858368768681
0.19715                   -44.52885813013861
0.197175                  -44.52958269142914
0.19720000000000001       -44.53097298721528
0.197225                  -44.533206834489434
0.19725                   -44.53640233353405
0.197275                  -44.54060138523883
0.1973                    -44.545760933539356
0.197325                  -44.551753310587976
0.19735                   -44.55837594260509
0.197375                  -44.56536948633473
0.1974                    -44.57244236233522
0.197425                  -44.579298785244205
0.19745000000000001       -44.58566689832496
0.197475                  -44.59132359407296
0.1975                    -44.596113071677536
0.197525                  -44.599957088758515
0.19755                   -44.60285606803261
0.197575                  -44.60488151691423
0.1976                    -44.60616138715245
0.197625                  -44.60686084929171
0.19765                   -44.607161360510965
0.197675                  -44.60724083398383
0.19770000000000001       -44.607257232699325
0.197725                  -44.60733713704034
0.19775                   -44.60756993334975
0.197775                  -44.608007400064935
0.1978                    -44.608667761188684
0.197825                  -44.609542821348604
0.19785                   -44.61060662726817
0.197875                  -44.61182420021554
0.1979                    -44.613159192639074
0.197925                  -44.61457975053634
0.19795000000000001       -44.61606231162473
0.197975                  -44.61759344817104
0.198                     -44.61917010949624
0.198025                  -44.62079870800792
0.19805                   -44.62249344005216
0.198075                  -44.6242740885687
0.1981                    -44.62616338742379
0.198125                  -44.6281839071454
0.19815                   -44.63035440102428
0.198175                  -44.63268565059472
0.19820000000000002       -44.635176054641875
0.198225                  -44.63780746589002
0.19825                   -44.64054202056688
0.198275                  -44.64332084726787
0.1983                    -44.6460655140876
0.198325                  -44.64868283749194
0.19835                   -44.651073235800965
0.198375                  -44.653142214966024
0.1984                    -44.654813918777556
0.198425                  -44.656045083893325
0.19845000000000002       -44.65683734354745
0.198475                  -44.65724573290838
0.1985                    -44.65738152529195
0.198525                  -44.6574081644181
0.19855                   -44.65752997231637
0.198575                  -44.65797436324286
0.1986                    -44.658969306915495
0.198625                  -44.660718589528926
0.19865                   -44.66337788572928
0.198675                  -44.66703470511705
0.19870000000000002       -44.671694904015254
0.198725                  -44.67727770691033
0.19875                   -44.683620157460176
0.198775                  -44.69049074344342
0.1988                    -44.697610760669626
0.198825                  -44.70468095339967
0.19885                   -44.71141024262862
0.198875                  -44.71754305069961
0.1989                    -44.72288192017403
0.198925                  -44.727302799281084
0.19895                   -44.73076143065332
0.198975                  -44.73329056150316
0.199                     -44.734988973018766
0.199025                  -44.73600438679898
0.19905                   -44.736512978143814
0.199075                  -44.736698425187726
0.1991                    -44.73673315939863
0.199125                  -44.73676384968279
0.19915                   -44.736902295782556
0.199175                  -44.73722199209459
0.1992                    -44.73775980252767
0.199225                  -44.73852157602516
0.19925                   -44.73949019650025
0.199275                  -44.74063451213002
0.1993                    -44.741917789888205
0.199325                  -44.74330471646386
0.19935                   -44.744766419481095
0.199375                  -44.746283414674224
0.1994                    -44.747846714621744
0.199425                  -44.74945751508402
0.19945                   -44.75112589892673
0.199475                  -44.75286889709848
0.1995                    -44.75470808171002
0.199525                  -44.75666671015847
0.19955                   -44.75876635632174
0.199575                  -44.76102299580886
0.1996                    -44.763442662810235
0.199625                  -44.76601703458429
0.19965                   -44.7687195634261
0.199675                  -44.77150298534382
0.1997                    -44.774299110974056
0.199725                  -44.77702168891939
0.19975                   -44.7795728021608
0.199775                  -44.781852737926855
0.1998                    -44.783772631339424
0.199825                  -44.785268533567695
0.19985                   -44.78631502771286
0.199875                  -44.78693623728815
0.1999                    -44.78721213624424
0.199925                  -44.7872785098162
0.19995                   -44.78731969196449
0.199975                  -44.78755420665367
0.2                       -44.788214505112435
0.200025                  -44.78952294119453
0.20005                   -44.79166680340121
0.200075                  -44.7947755152913
0.2001                    -44.79890297999667
0.200125                  -44.80401749740967
0.20015                   -44.810000796020965
0.200175                  -44.81665660669439
0.2002                    -44.823728000789615
0.20022500000000001       -44.83092157323721
0.20025                   -44.83793562863687
0.200275                  -44.84448896692615
0.2003                    -44.85034676819949
0.200325                  -44.85534048306416
0.20035                   -44.859379500662996
0.200375                  -44.862453559157565
0.2004                    -44.86462618350697
0.200425                  -44.86602065603252
0.20045                   -44.86680094258193
0.20047500000000001       -44.86715047435225
0.2005                    -44.8672516784282
0.200525                  -44.86726870788422
0.20055                   -44.86733506621853
0.200575                  -44.86754691133923
0.2006                    -44.867961925813795
0.200625                  -44.868602892318904
0.20065                   -44.86946461191515
0.200675                  -44.87052259062552
0.2007                    -44.871741986426166
0.20072500000000001       -44.873085598211695
0.20075                   -44.87452010294688
0.200775                  -44.87602020619824
0.2008                    -44.87757077069016
0.200825                  -44.879167258871064
0.20085                   -44.88081493785945
0.200875                  -44.88252725923746
0.2009                    -44.88432368841429
0.200925                  -44.88622708713024
0.20095                   -44.88826062006916
0.20097500000000001       -44.89044411920689
0.201                     -44.892789924169236
0.201025                  -44.89529841280696
0.20105                   -44.89795369677275
0.201075                  -44.90072020948739
0.2011                    -44.90354107619771
0.201125                  -44.906339155017285
0.20115                   -44.9090214287901
0.201175                  -44.911487006769555
0.2012                    -44.913638407064546
0.20122500000000001       -44.915395125787406
0.20125                   -44.91670788009071
0.201275                  -44.917571474140686
0.2013                    -44.91803409667479
0.201325                  -44.918201087085265
0.20135                   -44.91823180676817
0.201375                  -44.91832915089401
0.2014                    -44.91872229510886
0.201425                  -44.91964431704982
0.20145                   -44.92130718838542
0.20147500000000002       -44.923877157959986
0.2015                    -44.92745365696063
0.201525                  -44.93205453534383
0.20155                   -44.937609728335744
0.201575                  -44.94396444385213
0.2016                    -44.95089178117962
0.201625                  -44.958113484942224
0.20165                   -44.965326463496524
0.201675                  -44.97223191112632
0.2017                    -44.97856349847333
0.20172500000000002       -44.9841112154911
0.20175                   -44.988738070987125
0.201775                  -44.992387888831615
0.2018                    -44.99508372691352
0.201825                  -44.996917761728675
0.20185                   -44.99803460371056
0.201875                  -44.998610754634214
0.2019                    -44.998833189080074
0.201925                  -44.99887983440746
0.20195                   -44.99890412260365
0.20197500000000002       -44.99902493676741
0.202                     -44.99932234268052
0.202025                  -44.999838640133014
0.20205                   -45.000583612882664
0.202075                  -45.00154247431182
0.2021                    -45.002684917434394
0.202125                  -45.0039738512434
0.20215                   -45.00537276823714
0.202175                  -45.00685114374724
0.2022                    -45.008387715266494
0.202225                  -45.00997184366894
0.20225                   -45.011603364177695
0.202275                  -45.013291380192086
0.2023                    -45.015052365174824
0.202325                  -45.016907775196415
0.20235                   -45.01888121040083
0.202375                  -45.020995065727654
0.2024                    -45.023266625331516
0.202425                  -45.02570369238995
0.20245                   -45.028300079272114
0.202475                  -45.031031552358236
0.2025                    -45.033853051436054
0.202525                  -45.03669810424575
0.20255                   -45.039481268896935
0.202575                  -45.042104131722056
0.2026                    -45.04446488265153
0.202625                  -45.046470850079466
0.20265                   -45.04805270993529
0.202675                  -45.04917852166091
0.2027                    -45.049865418822904
0.202725                  -45.050186795681185
0.20275                   -45.05027322717319
0.202775                  -45.050306108194
0.2028                    -45.05050399446838
0.202825                  -45.05110271231686
0.20285                   -45.05233129673005
0.202875                  -45.054386550384145
0.2029                    -45.0574093712401
0.202925                  -45.061465917778875
0.20295                   -45.066536179008324
0.202975                  -45.07251165745316
0.203                     -45.07920276556304
0.203025                  -45.08635531588908
0.20305                   -45.09367430661837
0.203075                  -45.100852225493036
0.2031                    -45.10759846430935
0.203125                  -45.11366626595442
0.20315                   -45.11887396757932
0.203175                  -45.12311812472923
0.2032                    -45.12637727977459
0.203225                  -45.128706478076865
0.20325000000000001       -45.1302239064852
0.203275                  -45.13109201651318
0.2033                    -45.13149604765531
0.203325                  -45.131622926055435
0.20335                   -45.13164311804712
0.203375                  -45.131697282564225
0.2034                    -45.13188865140488
0.203425                  -45.13228114081305
0.20345                   -45.13290240884106
0.203475                  -45.13375052466385
0.20350000000000001       -45.134802659335385
0.203525                  -45.136024238862724
0.20355                   -45.13737726864085
0.203575                  -45.138826957517026
0.2036                    -45.14034623809299
0.203625                  -45.14191819967307
0.20365                   -45.14353674726859
0.203675                  -45.145205937117495
0.2037                    -45.14693842140165
0.203725                  -45.14875330514012
0.20375000000000001       -45.150673544200245
0.203775                  -45.152722868917834
0.2038                    -45.1549221638496
0.203825                  -45.15728530277518
0.20385                   -45.15981462374421
0.203875                  -45.16249648891816
0.2039                    -45.165297637095925
0.203925                  -45.168163219613795
0.20395                   -45.171017436139216
0.203975                  -45.17376750490298
0.20400000000000001       -45.17631130199818
0.204025                  -45.17854842498072
0.20405                   -45.18039376302204
0.204075                  -45.18179201125473
0.2041                    -45.18273108763333
0.204125                  -45.18325222023476
0.20415                   -45.18345465185408
0.204175                  -45.18349347026525
0.2042                    -45.18356995260852
0.204225                  -45.183914878309935
0.20425000000000001       -45.184766341524885
0.204275                  -45.18634450040913
0.2043                    -45.18882628636032
0.204325                  -45.192323268254384
0.20435                   -45.19686559819108
0.204375                  -45.202394292893786
0.2044                    -45.20876311553298
0.204425                  -45.21575013906187
0.20445                   -45.22307784028214
0.204475                  -45.23043945237355
0.20450000000000002       -45.237528450185536
0.204525                  -45.244067594371316
0.20455                   -45.2498340082372
0.204575                  -45.25467732291881
0.2046                    -45.25852893037531
0.204625                  -45.26140167098504
0.20465                   -45.263380634559674
0.204675                  -45.26460693787041
0.2047                    -45.2652571639029
0.204725                  -45.26552149323002
0.20475000000000002       -45.26558340990035
0.204775                  -45.265603298772035
0.2048                    -45.26570740916643
0.204825                  -45.26598271113362
0.20485                   -45.266477279828365
0.204875                  -45.26720514214112
0.2049                    -45.2681540903924
0.204925                  -45.26929483782147
0.20495                   -45.270590034139545
0.204975                  -45.2720020078506
0.20500000000000002       -45.27349855936194
0.205025                  -45.275056591573744
0.20505                   -45.27666374215368
0.205075                  -45.27831841401502
0.2051                    -45.28002866843551
0.205125                  -45.28181037148708
0.20515                   -45.28368482504399
0.205175                  -45.28567594200787
0.2052                    -45.28780691275658
0.205225                  -45.29009630672999
0.20525000000000002       -45.29255367613597
0.205275                  -45.295174955671015
0.2053                    -45.297938225825874
0.205325                  -45.30080064839005
0.20535                   -45.30369750742907
0.205375                  -45.306544228964626
0.2054                    -45.30924197271445
0.205425                  -45.31168689992343
0.20545                   -45.313782582682606
0.205475                  -45.315454336571534
0.2055                    -45.316663662749605
0.205525                  -45.31742061401766
0.20555                   -45.31779186149089
0.205575                  -45.31790258865862
0.2056                    -45.31793105766535
0.205625                  -45.31809568177189
0.20565                   -45.31863554141293
0.205675                  -45.3197863148166
0.2057                    -45.321754384516225
0.205725                  -45.32469229922469
0.20575                   -45.32867875126111
0.205775                  -45.333705775187866
0.2058                    -45.33967504419208
0.205825                  -45.34640404182831
0.20585                   -45.353641653062596
0.205875                  -45.36109150396307
0.2059                    -45.36844034516635
0.205925                  -45.37538807345091
0.20595                   -45.38167574036233
0.205975                  -45.38710817027999
0.206                     -45.391568583274804
0.206025                  -45.39502377880501
0.20605                   -45.39751979368702
0.206075                  -45.39916926834918
0.2061                    -45.400132814379965
0.206125                  -45.40059730785571
0.20615                   -45.40075416295611
0.206175                  -45.400780294904315
0.2062                    -45.400823769454206
0.206225                  -45.40099521777347
0.20625                   -45.401365143919165
0.20627500000000001       -45.40196642157939
0.2063                    -45.402800680232346
0.206325                  -45.40384697775123
0.20635                   -45.40507115040242
0.206375                  -45.406434475879266
0.2064                    -45.40790069700165
0.206425                  -45.409440930243974
0.20645                   -45.41103642304903
0.206475                  -45.41267944701532
0.2065                    -45.414372776886786
0.20652500000000001       -45.416128207132274
0.20655                   -45.41796443776882
0.206575                  -45.41990448538411
0.2066                    -45.42197261967601
0.206625                  -45.424190755230136
0.20665                   -45.42657428018066
0.206675                  -45.429127477777214
0.2067                    -45.43183895501872
0.206725                  -45.43467776515162
0.20675                   -45.43759111350169
0.20677500000000001       -45.44050458855138
0.2068                    -45.443325705887986
0.206825                  -45.445951174819314
0.20685                   -45.44827772818603
0.206875                  -45.45021567643169
0.2069                    -45.45170367763597
0.206925                  -45.452722695130205
0.20695                   -45.453306873406845
0.206975                  -45.45354919116135
0.207                     -45.45360027141302
0.20702500000000001       -45.453659588077684
0.20705                   -45.45395937889498
0.207075                  -45.45474268121603
0.2071                    -45.45623786382197
0.207125                  -45.45863267565708
0.20715                   -45.46205106746592
0.207175                  -45.46653582908973
0.2072                    -45.47203945306114
0.207225                  -45.478424666421816
0.20725                   -45.485474887616945
0.20727500000000001       -45.49291360927518
0.2073                    -45.500430540351466
0.207325                  -45.507711423879336
0.20735                   -45.514467923790406
0.207375                  -45.52046394746792
0.2074                    -45.525535270886564
0.207425                  -45.52960030104928
0.20745                   -45.532661095629564
0.207475                  -45.53479514496285
0.2075                    -45.53613966771287
0.20752500000000002       -45.536871071334986
0.20755                   -45.537182651336124
0.207575                  -45.53726351870373
0.2076                    -45.53728121862554
0.207625                  -45.53736967285828
0.20765                   -45.53762311477257
0.207675                  -45.538095760568964
0.2077                    -45.53880621239787
0.207725                  -45.53974511059408
0.20775                   -45.540884378331164
0.20777500000000002       -45.54218651344176
0.2078                    -45.543612714082656
0.207825                  -45.54512908222168
0.20785                   -45.54671062588604
0.207875                  -45.548343182505455
0.2079                    -45.5500236451742
0.207925                  -45.55175896561558
0.20795                   -45.55356434959931
0.207975                  -45.555460905806726
0.208                     -45.55747283121009
0.20802500000000002       -45.559624089056705
0.20805                   -45.561934514948334
0.208075                  -45.56441539454539
0.2081                    -45.56706477580978
0.208125                  -45.569863055578146
0.20815                   -45.572769635846
0.208175                  -45.575721593472814
0.2082                    -45.57863527506849
0.208225                  -45.58141147512955
0.20825                   -45.5839443836657
0.20827500000000002       -45.58613385391926
0.2083                    -45.58789984224481
0.208325                  -45.589197243599166
0.20835                   -45.59002892780171
0.208375                  -45.59045469136345
0.2084                    -45.590594141968566
0.208425                  -45.59062221807529
0.20845                   -45.590757025688816
0.208475                  -45.59124079462747
0.2085                    -45.59231583093918
0.20852500000000002       -45.59419819008482
0.20855                   -45.59705227816253
0.208575                  -45.60096963046985
0.2086                    -45.605954711781
0.208625                  -45.611919785571246
0.20865                   -45.618689811305806
0.208675                  -45.62601708322872
0.2087                    -45.63360407473028
0.208725                  -45.64113186282158
0.20875                   -45.648290735763055
0.208775                  -45.65480926440611
0.2088                    -45.660478319927606
0.208825                  -45.66516724147214
0.20885                   -45.66883049626824
0.208875                  -45.67150454662042
0.2089                    -45.673296007013406
0.208925                  -45.67436330569187
0.20895                   -45.674894777556034
0.208975                  -45.675086319227944
0.209                     -45.67512144581059
0.209025                  -45.67515590408065
0.20905                   -45.67530807733225
0.209075                  -45.67565544020372
0.2091                    -45.67623644943437
0.209125                  -45.67705661040553
0.20915                   -45.67809710774124
0.209175                  -45.67932434236235
0.2092                    -45.680698936322266
0.209225                  -45.68218316960288
0.20925                   -45.6837462965463
0.209275                  -45.68536764899666
0.2093                    -45.6870377829437
0.209325                  -45.68875811524666
0.20935                   -45.69053952006361
0.209375                  -45.69240024564312
0.2094                    -45.69436333605922
0.209425                  -45.69645357636807
0.20945                   -45.69869389247998
0.209475                  -45.70110117170535
0.2095                    -45.70368163197535
0.209525                  -45.706426122863206
0.20955000000000001       -45.70930602261814
0.209575                  -45.712270617332386
0.2096                    -45.71524692738187
0.209625                  -45.71814282027846
0.20965                   -45.72085389447337
0.209675                  -45.723274060970596
0.2097                    -45.72530906511646
0.209725                  -45.72689149791743
0.20975                   -45.72799528576077
0.209775                  -45.72864735544356
0.20980000000000001       -45.72893424725612
0.209825                  -45.72900192740796
0.20985                   -45.729047887480576
0.209875                  -45.72930569170276
0.2099                    -45.7300232683063
0.209925                  -45.73143724818146
0.20995                   -45.73374636464888
0.209975                  -45.73708722829174
0.21                      -45.74151563504277
0.210025                  -45.746995976125284
0.21005000000000001       -45.753400372483654
0.210075                  -45.760517971651986
0.2101                    -45.768073566117124
0.210125                  -45.775753479753405
0.21015                   -45.783235687679074
0.210175                  -45.790220536160156
0.2102                    -45.79645832519023
0.210225                  -45.801770451366906
0.21025                   -45.80606173649321
0.210275                  -45.809322846918256
0.21030000000000001       -45.81162312495597
0.210325                  -45.813095461677605
0.21035                   -45.81391581972105
0.210375                  -45.81428051873493
0.2104                    -45.81438437886443
0.210425                  -45.814402334471886
0.21045                   -45.81447631370156
0.210475                  -45.81470820301172
0.2105                    -45.815158755771066
0.210525                  -45.815851508926414
0.21055000000000001       -45.81678024226089
0.210575                  -45.817918294742114
0.2106                    -45.81922812938713
0.210625                  -45.82066985131625
0.21065                   -45.82220783931313
0.210675                  -45.82381514161887
0.2107                    -45.82547571199433
0.210725                  -45.82718484959605
0.21075                   -45.82894832362858
0.210775                  -45.830780623088515
0.21080000000000002       -45.832702623321026
0.210825                  -45.83473877794021
0.21085                   -45.83691380375751
0.210875                  -45.83924878798292
0.2109                    -45.84175673913481
0.210925                  -45.84443781380057
0.21095                   -45.84727473030438
0.210975                  -45.850229149598654
0.211                     -45.85323997534137
0.211025                  -45.85622452154432
0.21105000000000002       -45.85908326955253
0.211075                  -45.86170848311528
0.2111                    -45.86399631916312
0.211125                  -45.8658613596998
0.21115                   -45.86725182944192
0.211175                  -45.86816329876578
0.2112                    -45.86864852761651
0.211225                  -45.868821358575254
0.21125                   -45.8688532176354
0.211275                  -45.86896174902275
0.21130000000000002       -45.86939224585686
0.211325                  -45.87039365298773
0.21135                   -45.872191824451576
0.211375                  -45.87496326668223
0.2114                    -45.878812704057744
0.211425                  -45.8837574503827
0.21145                   -45.88972080696805
0.211475                  -45.896535632606444
0.2115                    -45.90395797460311
0.211525                  -45.91168936691424
0.21155000000000002       -45.919405256806634
0.211575                  -45.926786178486545
0.2116                    -45.93354789050147
0.211625                  -45.93946682126334
0.21165                   -45.94439783173542
0.211675                  -45.9482824177575
0.2117                    -45.95114685779209
0.211725                  -45.95309122779276
0.21175                   -45.954271409091504
0.211775                  -45.95487701150512
0.21180000000000002       -45.9551084158328
0.211825                  -45.955155906895484
0.21185                   -45.9551832140457
0.211875                  -45.955316857726125
0.2119                    -45.95564169945212
0.211925                  -45.95620217794284
0.21195                   -45.95700801700921
0.211975                  -45.958042788621896
0.212                     -45.95927362643347
0.212025                  -45.9606605757957
0.21205                   -45.962164458032206
0.212075                  -45.96375261589259
0.2121                    -45.96540238569447
0.212125                  -45.96710251842352
0.21215                   -45.96885298998066
0.212175                  -45.97066368661022
0.2122                    -45.97255235540382
0.212225                  -45.974542034676475
0.21225                   -45.97665800322442
0.212275                  -45.97892418378605
0.2123                    -45.9813589528654
0.212325                  -45.98397045775771
0.21235                   -45.986751792527265
0.212375                  -45.98967667316573
0.2124                    -45.992696492665374
0.212425                  -45.995739742291526
0.21245                   -45.99871468821598
0.212475                  -46.001515862436364
0.2125                    -46.0040343822613
0.212525                  -46.00617142455591
0.21255                   -46.0078534653192
0.21257500000000001       -46.00904729462126
0.2126                    -46.00977247328509
0.212625                  -46.01010891970728
0.21265                   -46.010197748972104
0.212675                  -46.01023429738058
0.2127                    -46.01045333920723
0.212725                  -46.0111076657122
0.21275                   -46.01244225373967
0.212775                  -46.014667025858515
0.2128                    -46.0179315710982
0.21282500000000001       -46.022305099402615
0.21285                   -46.02776435820354
0.212875                  -46.03419131842452
0.2129                    -46.04138125467437
0.212925                  -46.04906054392344
0.21295                   -46.05691224995119
0.212975                  -46.06460651533732
0.213                     -46.07183210663984
0.213025                  -46.07832527444809
0.21305                   -46.0838924559996
0.21307500000000001       -46.08842423160576
0.2131                    -46.09189921643599
0.213125                  -46.09437801443044
0.21315                   -46.09598873073495
0.213175                  -46.09690659998145
0.2132                    -46.09733087644223
0.213225                  -46.097462186628476
0.21325                   -46.097483108798805
0.213275                  -46.097543944500444
0.2133                    -46.09775465927989
0.21332500000000001       -46.09818297539352
0.21335                   -46.09885775590443
0.213375                  -46.09977623717426
0.2134                    -46.100913398189945
0.213425                  -46.10223179502241
0.21345                   -46.10369048097138
0.213475                  -46.105252085224954
0.2135                    -46.106887625825486
0.213525                  -46.10857908197431
0.21355                   -46.11032006710588
0.21357500000000001       -46.112115088507366
0.2136                    -46.11397785771942
0.213625                  -46.11592897510938
0.21365                   -46.117993124725146
0.213675                  -46.120195761162464
0.2137                    -46.12255921377651
0.213725                  -46.1250982090504
0.21375                   -46.12781501280495
0.213775                  -46.13069467371466
0.2138                    -46.13370113164418
0.21382500000000002       -46.13677514892342
0.21385                   -46.13983504775306
0.213875                  -46.14278103826055
0.2139                    -46.1455034888781
0.213925                  -46.147894865535505
0.21395                   -46.14986434155511
0.213975                  -46.15135338789629
0.214                     -46.15235014137503
0.214025                  -46.15290014990181
0.21405                   -46.15311129460717
0.21407500000000002       -46.15315130164366
0.2141                    -46.15323721015221
0.214125                  -46.15361731194853
0.21415                   -46.15454723272681
0.214175                  -46.1562627895285
0.2142                    -46.15895287563301
0.214225                  -46.16273579516651
0.21425                   -46.16764217113427
0.214275                  -46.173606824145025
0.2143                    -46.180470958435606
0.21432500000000002       -46.18799472671608
0.21435                   -46.19587892943229
0.214375                  -46.20379340446646
0.2144                    -46.2114087479342
0.214425                  -46.218427523749384
0.21445                   -46.2246111691796
0.214475                  -46.22979940796854
0.2145                    -46.23392006625784
0.214525                  -46.23698857821956
0.21455                   -46.23909793010429
0.21457500000000002       -46.24040106972459
0.2146                    -46.241088691569374
0.214625                  -46.24136567194266
0.21465                   -46.24142925828394
0.214675                  -46.241451496925336
0.2147                    -46.2415674688135
0.214725                  -46.241869878127495
0.21475                   -46.24240958131928
0.214775                  -46.24320089436531
0.2148                    -46.24423006090926
0.21482500000000002       -46.245465130930306
0.21485                   -46.246865659625314
0.214875                  -46.248391014679875
0.2149                    -46.250006573574595
0.214925                  -46.25168758988281
0.21495                   -46.2534209117981
0.214975                  -46.25520498341174
0.215                     -46.25704862958472
0.215025                  -46.25896904369168
0.21505                   -46.26098922482605
0.21507500000000002       -46.263134926425266
0.2151                    -46.26543105820719
0.215125                  -46.26789748177287
0.21515                   -46.27054427452173
0.215175                  -46.27336678201608
0.2152                    -46.27634107373506
0.215225                  -46.279420675619846
0.21525                   -46.28253558484921
0.215275                  -46.28559450463957
0.2153                    -46.28849093212654
0.215325                  -46.29111320221049
0.21535                   -46.29335789997726
0.215375                  -46.29514531707343
0.2154                    -46.29643498705911
0.215425                  -46.29723893874818
0.21545                   -46.29763027308783
0.215475                  -46.297745055814225
0.2155                    -46.297776301211975
0.215525                  -46.29795989457936
0.21555                   -46.29855349092851
0.215575                  -46.29981053526913
0.2156                    -46.301952389795304
0.215625                  -46.30514198949164
0.21565                   -46.30946241405904
0.215675                  -46.314903266672786
0.2157                    -46.321356856027656
0.215725                  -46.32862499944043
0.21575                   -46.33643594394486
0.215775                  -46.344469601309115
0.2158                    -46.35238818269292
0.215825                  -46.359868563519385
0.21585000000000001       -46.36663244230364
0.215875                  -46.372470650195226
0.2159                    -46.37725880288699
0.215925                  -46.38096274372291
0.21595                   -46.3836336986709
0.215975                  -46.3853944950596
0.216                     -46.38641934070631
0.216025                  -46.3869103374374
0.21605                   -46.38707403397248
0.216075                  -46.387100938522195
0.21610000000000001       -46.38715013260484
0.216125                  -46.38734012982778
0.21615                   -46.38774609495367
0.216175                  -46.38840264561216
0.2162                    -46.389310821648245
0.216225                  -46.39044748735894
0.21625                   -46.391775431934256
0.216275                  -46.39325270225374
0.2163                    -46.39484014928213
0.216325                  -46.39650668387958
0.21635000000000001       -46.39823221103613
0.216375                  -46.40000855772744
0.2164                    -46.40183888239942
0.216425                  -46.403736053462694
0.21645                   -46.40572035275653
0.216475                  -46.4078166697461
0.2165                    -46.4100511848845
0.216525                  -46.41244746593343
0.21655                   -46.41502195901008
0.216575                  -46.417779046007084
0.21660000000000001       -46.420706119497794
0.216625                  -46.42376942019308
0.21665                   -46.42691159922357
0.216675                  -46.430052021534976
0.2167                    -46.433090656861175
0.216725                  -46.43591599336767
0.21675                   -46.43841679130607
0.216775                  -46.44049675824155
0.2168                    -46.442090504339845
0.216825                  -46.44317857697283
0.21685000000000001       -46.443799119400715
0.216875                  -46.44405384532963
0.2169                    -46.444106594142355
0.216925                  -46.444173668903346
0.21695                   -46.44450632036406
0.216975                  -46.4453669337555
0.217                     -46.44700149981304
0.217025                  -46.44961163748871
0.21705                   -46.453329675113615
0.217075                  -46.45820005517015
0.21710000000000002       -46.46416964027367
0.217125                  -46.47108845397011
0.21715                   -46.478721117372935
0.217175                  -46.48676789476647
0.2172                    -46.49489300682007
0.217225                  -46.502756881242505
0.21725                   -46.51004844401689
0.217275                  -46.51651352229201
0.2173                    -46.52197596958832
0.217325                  -46.52634917348703
0.21735000000000002       -46.52963700276784
0.217375                  -46.53192475740263
0.2174                    -46.53336203843365
0.217425                  -46.534140428143765
0.21745                   -46.53446932198235
0.217475                  -46.5345531510956
0.2175                    -46.53457265276769
0.217525                  -46.53467193756555
0.21755                   -46.53495205491868
0.217575                  -46.53547075810291
0.21760000000000002       -46.5362473654584
0.217625                  -46.53727110411552
0.21765                   -46.53851114173485
0.217675                  -46.539926638397375
0.2177                    -46.541475513812244
0.217725                  -46.543121121350595
0.21775                   -46.54483653597715
0.217775                  -46.54660659544814
0.2178                    -46.5484281120818
0.217825                  -46.55030876897853
0.21785000000000002       -46.55226514941
0.217875                  -46.55432017933486
0.2179                    -46.55650007042879
0.217925                  -46.558830714731485
0.21795                   -46.56133346156646
0.217975                  -46.56402032626352
0.218                     -46.56688891906632
0.218025                  -46.569917682665576
0.21805                   -46.573062302574456
0.218075                  -46.576254313058946
0.21810000000000002       -46.579402883785875
0.218125                  -46.582400494261606
0.21815                   -46.58513268886615
0.218175                  -46.58749141420559
0.2182                    -46.58939068260309
0.218225                  -46.5907826255432
0.21825                   -46.591671551687014
0.218275                  -46.59212353339242
0.2183                    -46.59226938288193
0.218325                  -46.592299631905135
0.21835000000000002       -46.59245119760543
0.218375                  -46.59298663298852
0.2184                    -46.594168019062806
0.218425                  -46.59622846257531
0.21845                   -46.599344670922
0.218475                  -46.603614107201935
0.2185                    -46.60903978092059
0.218525                  -46.61552486503463
0.21855                   -46.622878156918325
0.218575                  -46.63083006075347
0.2186                    -46.639057424243695
0.218625                  -46.64721438709057
0.21865                   -46.65496556272615
0.218675                  -46.66201752195474
0.2187                    -46.66814476294225
0.218725                  -46.67320713356688
0.21875                   -46.67715691214775
0.218775                  -46.680035248641936
0.2188                    -46.681959161249395
0.218825                  -46.68310151435736
0.21885                   -46.68366717410251
0.21887500000000001       -46.683868750319235
0.2189                    -46.683905005236134
0.218925                  -46.68394425442655
0.21895                   -46.6841140797862
0.218975                  -46.68449761185472
0.219                     -46.68513569499056
0.219025                  -46.68603355422007
0.21905                   -46.68717020882384
0.219075                  -46.68850883507134
0.2191                    -46.69000652333659
0.21912500000000001       -46.69162231482494
0.21915                   -46.69332292832978
0.219175                  -46.69508608461042
0.2192                    -46.69690171291424
0.219225                  -46.69877152706597
0.21925                   -46.700707480739496
0.219275                  -46.70272949130248
0.2193                    -46.70486262979256
0.219325                  -46.707133794858024
0.21935                   -46.70956779542849
0.21937500000000001       -46.71218280653099
0.2194                    -46.71498534038089
0.219425                  -46.717965152838616
0.21945                   -46.72109081029487
0.219475                  -46.72430688151901
0.2195                    -46.727533802271005
0.219525                  -46.73067132042375
0.21955                   -46.73360604078407
0.219575                  -46.73622297992087
0.2196                    -46.7384202955374
0.21962500000000001       -46.74012560155238
0.21965                   -46.741311673245754
0.219675                  -46.74200903502281
0.2197                    -46.74231301439873
0.219725                  -46.74238337629649
0.21975                   -46.742435570308274
0.219775                  -46.74272379525519
0.2198                    -46.743517318017595
0.219825                  -46.745072569059985
0.21985                   -46.74760429482631
0.21987500000000001       -46.75125935737282
0.2199                    -46.75609658977451
0.219925                  -46.7620754696365
0.21995                   -46.76905534769144
0.219975                  -46.77680568978158
0.22                      -46.78502641138519
0.220025                  -46.79337607434001
0.22005                   -46.801504651911955
0.220075                  -46.80908691538566
0.2201                    -46.815852377792105
0.22012500000000002       -46.82160820048458
0.22015                   -46.82625247900684
0.220175                  -46.829776723190896
0.2202                    -46.83225789627119
0.220225                  -46.833841808097375
0.22025                   -46.834720724792206
0.220275                  -46.83510860019497
0.2203                    -46.83521730471235
0.220325                  -46.83523668838422
0.22035                   -46.83532041543093
0.22037500000000002       -46.835578438940416
0.2204                    -46.836075939486896
0.220425                  -46.836837690923545
0.22045                   -46.83785624780701
0.220475                  -46.83910211735675
0.2205                    -46.84053416914904
0.220525                  -46.842108880959216
0.22055                   -46.84378751686044
0.220575                  -46.845540867013
0.2206                    -46.847351639423145
0.22062500000000002       -46.8492149039194
0.22065                   -46.851137113285795
0.220675                  -46.85313417969031
0.2207                    -46.855228921323416
0.220725                  -46.85744799462364
0.22075                   -46.859818275159085
0.220775                  -46.86236261034647
0.2208                    -46.865094969606076
0.220825                  -46.86801524853311
0.22085                   -46.87110428790164
0.22087500000000002       -46.87431996077877
0.2209                    -46.87759536597707
0.220925                  -46.88084015926951
0.22095                   -46.88394580352538
0.220975                  -46.88679502200253
0.221                     -46.889275048485274
0.221025                  -46.891293490247264
0.22105                   -46.89279490020694
0.221075                  -46.89377565129732
0.2211                    -46.894294556241874
0.22112500000000002       -46.89447696111514
0.22115                   -46.89451076078899
0.221175                  -46.8946338478255
0.2212                    -46.89511374698188
0.221225                  -46.89622139756408
0.22125                   -46.89820202141068
0.221275                  -46.901246596046406
0.2213                    -46.905467551878594
0.221325                  -46.91088191752047
0.22135                   -46.917404304032786
0.22137500000000002       -46.92485095301492
0.2214                    -46.932954715182106
0.221425                  -46.941389438129676
0.22145                   -46.949801000530925
0.221475                  -46.957841311263344
0.2215                    -46.96520114970228
0.221525                  -46.971637857429734
0.22155                   -46.97699461488738
0.221575                  -46.98120925503262
0.2216                    -46.9843120838902
0.22162500000000002       -46.986413732463845
0.22165                   -46.98768538449518
0.221675                  -46.98833459264164
0.2217                    -46.988580195249014
0.221725                  -46.98862957886969
0.22175                   -46.98866080457592
0.221775                  -46.98881110428978
0.2218                    -46.98917215686077
0.221825                  -46.989791557411934
0.22185                   -46.990679138865346
0.22187500000000002       -46.99181637365185
0.22190000000000001       -46.99316699507449
0.221925                  -46.99468719182689
0.22195                   -46.996334160039304
0.221975                  -46.9980723319917
0.222                     -46.99987712182748
0.222025                  -47.00173643730665
0.22205                   -47.00365044135734
0.222075                  -47.0056300942277
0.2221                    -47.007694899895625
0.222125                  -47.00987008829087
0.22215000000000001       -47.01218327337851
0.222175                  -47.01466051547694
0.2222                    -47.01732173668298
0.222225                  -47.02017560263641
0.22225                   -47.02321425910914
0.222275                  -47.02640862701379
0.2223                    -47.029705220844534
0.222325                  -47.033025568434255
0.22235                   -47.03626920058809
0.222375                  -47.039320814772054
0.22240000000000001       -47.04206161846477
0.222425                  -47.044384103138654
0.22245                   -47.04620871660036
0.222475                  -47.047500246495375
0.2225                    -47.048281357113595
0.222525                  -47.04864075430113
0.22255                   -47.04873393854087
0.222575                  -47.04877540367478
0.2226                    -47.04902231954635
0.222625                  -47.0497510084963
0.22265000000000001       -47.05122867324863
0.222675                  -47.05368366567855
0.2227                    -47.05727797004698
0.222725                  -47.06208545523967
0.22275                   -47.06807884830554
0.222775                  -47.07512737687576
0.2228                    -47.08300574458829
0.222825                  -47.0914136938555
0.22285                   -47.10000404548116
0.222875                  -47.10841596497371
0.22290000000000001       -47.11630946329478
0.222925                  -47.123396932512236
0.22295                   -47.12946791237401
0.222975                  -47.134404250819166
0.223                     -47.138184218011105
0.223025                  -47.14087572548788
0.22305                   -47.14262031059307
0.223075                  -47.14361071161984
0.2231                    -47.14406549966358
0.223125                  -47.14420428216318
0.22315000000000002       -47.144226501793
0.223175                  -47.14429596675096
0.2232                    -47.14453215923438
0.223225                  -47.14500827898924
0.22325                   -47.14575505956261
0.223275                  -47.14676876477782
0.2233                    -47.14802148724822
0.223325                  -47.14947192156388
0.22335                   -47.1510751096529
0.223375                  -47.152790153267084
0.22340000000000002       -47.15458543912832
0.223425                  -47.15644141225691
0.22345                   -47.15835127648514
0.223475                  -47.16032015597843
0.2235                    -47.162363225222364
0.223525                  -47.16450315896932
0.22355                   -47.16676704817482
0.223575                  -47.16918275984816
0.2236                    -47.17177465887971
0.223625                  -47.17455869480552
0.22365000000000002       -47.17753707832843
0.223675                  -47.18069307974525
0.2237                    -47.18398678996444
0.223725                  -47.1873528962421
0.22375                   -47.190701549407635
0.223775                  -47.193923178131236
0.2238                    -47.1968976276628
0.223825                  -47.19950731177641
0.22385                   -47.2016532699098
0.223875                  -47.20327226216285
0.22390000000000002       -47.20435247616366
0.223925                  -47.204945208698
0.22395                   -47.20517011543308
0.223975                  -47.20521230609532
0.224                     -47.20531061852889
0.224025                  -47.205737669875504
0.22405                   -47.206773545392615
0.224075                  -47.20867603181067
0.2241                    -47.21165096099213
0.224125                  -47.215826400169504
0.22415000000000002       -47.22123408587721
0.224175                  -47.22780069927645
0.2242                    -47.23535042361097
0.224225                  -47.24361884893338
0.22425                   -47.25227685805307
0.224275                  -47.2609618192467
0.2243                    -47.269312407420244
0.224325                  -47.27700284000094
0.22435                   -47.28377236113482
0.224375                  -47.28944646739702
0.22440000000000002       -47.293947560680564
0.224425                  -47.2972942509222
0.22445                   -47.29959014785288
0.224475                  -47.301004393165734
0.2245                    -47.30174715564655
0.224525                  -47.3020437047445
0.22455                   -47.30211047811267
0.224575                  -47.30213586339664
0.2246                    -47.30226739859784
0.224625                  -47.30260596468029
0.22465000000000002       -47.3032064936469
0.224675                  -47.30408389782945
0.2247                    -47.305222434607
0.224725                  -47.30658658288227
0.22475                   -47.30813168988923
0.224775                  -47.30981306648532
0.2248                    -47.31159275234022
0.224825                  -47.313443717726685
0.22485                   -47.315351710223325
0.224875                  -47.317315223051466
0.22490000000000002       -47.31934413584166
0.224925                  -47.32145748658195
0.22495                   -47.32368064258633
0.224975                  -47.326041935701
0.225                     -47.3285686965102
0.225025                  -47.33128262280677
0.22505                   -47.33419456737727
0.225075                  -47.33729910147709
0.2251                    -47.34056953474284
0.225125                  -47.343954355376155
0.22515000000000002       -47.34737619731834
0.22517500000000001       -47.3507343635663
0.2252                    -47.35391159597966
0.225225                  -47.3567851951039
0.22525                   -47.359241831081434
0.225275                  -47.361194573916336
0.2253                    -47.36259996758652
0.225325                  -47.36347254115942
0.22535                   -47.36389412173163
0.225375                  -47.36401575113383
0.2254                    -47.36405088213246
0.22542500000000001       -47.36425971842341
0.22545                   -47.36492587354962
0.225475                  -47.36632773533549
0.2255                    -47.36870783144749
0.225525                  -47.37224395307664
0.22555                   -47.377025740776624
0.225575                  -47.38303988096807
0.2256                    -47.39016607956522
0.225625                  -47.39818469219037
0.22565                   -47.40679545043739
0.22567500000000001       -47.415645302964506
0.2257                    -47.42436217263826
0.225725                  -47.43259059650388
0.22575                   -47.440024913763025
0.225775                  -47.44643598243325
0.2258                    -47.451688323285204
0.225825                  -47.455745980428546
0.22585                   -47.458667020842285
0.225875                  -47.46058818387871
0.2259                    -47.461702459709386
0.22592500000000001       -47.462233120123976
0.22595                   -47.46240785924384
0.225975                  -47.46243626314456
0.226                     -47.462492954871976
0.226025                  -47.462707652307245
0.22605                   -47.46316224021711
0.226075                  -47.463893977206595
0.2261                    -47.464903263362004
0.226125                  -47.466164050795484
0.22615                   -47.46763498720627
0.22617500000000001       -47.46926968437159
0.2262                    -47.47102499898429
0.226225                  -47.472866780601095
0.22625                   -47.47477306126123
0.226275                  -47.47673503995198
0.2263                    -47.478756402215645
0.226325                  -47.48085151150785
0.22635                   -47.48304286205833
0.226375                  -47.48535797271717
0.2264                    -47.4878257176157
0.22642500000000002       -47.49047200908738
0.22645                   -47.49331481457554
0.226475                  -47.496358700709074
0.2265                    -47.49958940706091
0.226525                  -47.50296927613091
0.22655                   -47.50643460412589
0.226575                  -47.509896033979444
0.2266                    -47.51324292116963
0.226625                  -47.51635214505757
0.22665                   -47.51910115290887
0.22667500000000002       -47.52138420864264
0.2267                    -47.523130019017756
0.226725                  -47.524318294586706
0.22675                   -47.524992527941656
0.226775                  -47.52526644448483
0.2268                    -47.52532222642796
0.226825                  -47.52539965740831
0.22685                   -47.525776623591625
0.226875                  -47.5267427227481
0.2269                    -47.5285688525849
0.22692500000000002       -47.53147638902761
0.22695                   -47.53560981045125
0.226975                  -47.54101634352753
0.227                     -47.547635443269755
0.227025                  -47.55529977340835
0.22705                   -47.563747961099295
0.227075                  -47.57264792539378
0.2271                    -47.58162820228701
0.227125                  -47.590313597572646
0.22715                   -47.59836086600079
0.22717500000000002       -47.60549007040648
0.2272                    -47.6115078646246
0.227225                  -47.61632010542492
0.22725                   -47.61993275210586
0.227275                  -47.62244169127185
0.2273                    -47.62401363233855
0.227325                  -47.62486129956592
0.22735                   -47.62521663966062
0.227375                  -47.62530563746403
0.2274                    -47.625327673339235
0.22742500000000002       -47.62544133786928
0.22745                   -47.6257574543567
0.227475                  -47.62633895275904
0.2275                    -47.627206354957245
0.227525                  -47.62834707519364
0.22755                   -47.62972654844938
0.227575                  -47.6312993467192
0.2276                    -47.63301884910605
0.227625                  -47.634844582277026
0.22765                   -47.636746917343864
0.22767500000000002       -47.63870928499044
0.2277                    -47.64072837482186
0.227725                  -47.64281288838002
0.22775                   -47.64498134050836
0.227775                  -47.647259215597835
0.2278                    -47.6496755722244
0.227825                  -47.65225904028068
0.22785                   -47.655033134328946
0.227875                  -47.65801094085188
0.2279                    -47.66118950323154
0.22792500000000002       -47.66454456106051
0.22795                   -47.66802660491828
0.227975                  -47.67155938113744
0.228                     -47.67504193638332
0.228025                  -47.67835498011955
0.22805                   -47.681371769396215
0.228075                  -47.68397295111689
0.2281                    -47.68606395469468
0.228125                  -47.6875927744027
0.22815                   -47.68856548660854
0.22817500000000002       -47.689056754815454
0.22820000000000001       -47.689212961277896
0.228225                  -47.68924645156149
0.22825                   -47.68942057346713
0.228275                  -47.69002654220502
0.2283                    -47.69135444115989
0.228325                  -47.69366165702423
0.22835                   -47.69714259061671
0.228375                  -47.70190350147619
0.2284                    -47.707945838474956
0.22842500000000002       -47.715160451350556
0.22845000000000001       -47.72333378867213
0.228475                  -47.73216571776751
0.2285                    -47.741297124809144
0.228525                  -47.75034415570797
0.22855                   -47.758935028046395
0.228575                  -47.766744943236745
0.2286                    -47.77352485747671
0.228625                  -47.77912073308077
0.22865                   -47.78348127257311
0.228675                  -47.786653810528335
0.22870000000000001       -47.78876970930287
0.228725                  -47.79002198075746
0.22875                   -47.79063871155045
0.228775                  -47.790856096175006
0.2288                    -47.79089450194837
0.228825                  -47.790940136221835
0.22885                   -47.791133758099214
0.228875                  -47.79156669314044
0.2289                    -47.792283364434105
0.228925                  -47.79328878968742
0.22895000000000001       -47.794559088356
0.228975                  -47.79605300403398
0.229                     -47.797722723094395
0.229025                  -47.79952276232556
0.22905                   -47.80141628192396
0.229075                  -47.80337873059409
0.2291                    -47.805399145054835
0.229125                  -47.80747964805113
0.22915                   -47.80963371040012
0.229175                  -47.81188360684993
0.22920000000000001       -47.81425728166055
0.229225                  -47.81678464088684
0.22925                   -47.819493186858885
0.229275                  -47.82240295687486
0.2293                    -47.82552092784411
0.229325                  -47.82883535886137
0.22935                   -47.83231088266482
0.229375                  -47.83588542172889
0.2294                    -47.839470094720326
0.229425                  -47.842953119880434
0.22945000000000002       -47.84620828588533
0.229475                  -47.849107879561615
0.2295                    -47.85153912687713
0.229525                  -47.85342236374624
0.22955                   -47.854728479352005
0.229575                  -47.85549283342366
0.2296                    -47.8558229605931
0.229625                  -47.855897978813374
0.22965                   -47.85595865411515
0.229675                  -47.85628838580334
0.22970000000000002       -47.85718674669275
0.229725                  -47.85893840930371
0.22975                   -47.86178111289147
0.229775                  -47.86587665036627
0.2298                    -47.87128863616336
0.229825                  -47.877970091947255
0.22985                   -47.885762752668306
0.229875                  -47.8944085874296
0.2299                    -47.90357251126934
0.229925                  -47.91287381756439
0.22995000000000002       -47.92192267836299
0.229975                  -47.93035732521283
0.23                      -47.93787738007589
0.230025                  -47.944269320152614
0.23005                   -47.949421185380544
0.230075                  -47.95332520426307
0.2301                    -47.956068755533096
0.230125                  -47.957815691225754
0.23015                   -47.958781243010876
0.230175                  -47.95920433512195
0.23020000000000002       -47.95932108127133
0.230225                  -47.95934262538174
0.23025                   -47.959439468110446
0.230275                  -47.95973322104415
0.2303                    -47.96029556455242
0.230325                  -47.96115323136345
0.23035                   -47.96229721288854
0.230375                  -47.96369413678741
0.2304                    -47.96529787280045
0.230425                  -47.96705981371416
0.23045000000000002       -47.96893683512334
0.230475                  -47.97089653161005
0.2305                    -47.97291983829855
0.230525                  -47.97500148890845
0.23055                   -47.97714889689347
0.230575                  -47.979379991149955
0.2306                    -47.9817203540932
0.230625                  -47.984199787246695
0.23065                   -47.98684826094337
0.230675                  -47.9896911625473
0.23070000000000002       -47.992743874399096
0.230725                  -47.996005972394016
0.23075                   -47.99945567643511
0.230775                  -48.00304550981874
0.2308                    -48.00670032911345
0.230825                  -48.01031887549346
0.23085                   -48.013779715347695
0.230875                  -48.016951879002
0.2309                    -48.01970973118295
0.230925                  -48.0219507350881
0.23095000000000002       -48.023613967185845
0.230975                  -48.02469668047451
0.231                     -48.02526605441116
0.231025                  -48.0254636008457
0.23105                   -48.02550051401436
0.231075                  -48.02564345301893
0.2311                    -48.026191636116565
0.231125                  -48.02744747227483
0.23115                   -48.02968402928769
0.231175                  -48.033113265885625
0.23120000000000002       -48.03785904587574
0.231225                  -48.04393849937013
0.23125                   -48.051254365622995
0.231275                  -48.05959966123648
0.2313                    -48.068674517512456
0.231325                  -48.078113495620684
0.23135                   -48.08752030819509
0.231375                  -48.09650584541515
0.2314                    -48.10472489736567
0.231425                  -48.11190710100371
0.23145000000000002       -48.117878441696156
0.23147500000000001       -48.12257100557321
0.2315                    -48.12602038998412
0.231525                  -48.12835193564258
0.23155                   -48.12975843422747
0.231575                  -48.130472939941384
0.2316                    -48.130740640857645
0.231625                  -48.13079343112293
0.23165                   -48.13082999352255
0.231675                  -48.13100305573866
0.23170000000000002       -48.131414250262345
0.23172500000000001       -48.1321158946694
0.23175                   -48.13311817181717
0.231775                  -48.1343997171065
0.2318                    -48.13591953021106
0.231825                  -48.13762837517382
0.23185                   -48.139478318847125
0.231875                  -48.141429657068564
0.2319                    -48.143455059877354
0.231925                  -48.14554122158636
0.23195                   -48.14768856064717
0.23197500000000001       -48.14990956347428
0.232                     -48.15222624393093
0.232025                  -48.15466697401621
0.23205                   -48.15726272737117
0.232075                  -48.16004265401257
0.2321                    -48.163028930240245
0.232125                  -48.16623101427471
0.23215                   -48.16963974822588
0.232175                  -48.17322210041945
0.2322                    -48.17691763395912
0.23222500000000001       -48.18063791151179
0.23225                   -48.18426992037155
0.232275                  -48.18768418928069
0.2323                    -48.19074759292421
0.232325                  -48.1933399895858
0.23235                   -48.19537295619625
0.232375                  -48.19680815056769
0.2324                    -48.19767241966225
0.232425                  -48.19806681970384
0.23245                   -48.198167272866726
0.23247500000000001       -48.198215607156705
0.2325                    -48.19850106120444
0.232525                  -48.199333763128024
0.23255                   -48.201012969254705
0.232575                  -48.20379376168241
0.2326                    -48.207856311387275
0.232625                  -48.213281661813916
0.23265                   -48.22003730535293
0.232675                  -48.22797470434522
0.2327                    -48.23683948465886
0.23272500000000002       -48.24629346704004
0.23275                   -48.25594618324477
0.232775                  -48.2653922471512
0.2328                    -48.27425010894656
0.232825                  -48.28219747258569
0.23285                   -48.28899908784089
0.232875                  -48.29452371070371
0.2329                    -48.29874860311381
0.232925                  -48.301751748669346
0.23295                   -48.30369367408351
0.23297500000000002       -48.30479208647644
0.233                     -48.30529325546378
0.233025                  -48.305444111803425
0.23305                   -48.30546846376411
0.233075                  -48.30554971701483
0.2331                    -48.30582124797422
0.233125                  -48.30636435244597
0.23315                   -48.307212662633646
0.233175                  -48.30836122649207
0.2332                    -48.309778132512264
0.23322500000000002       -48.311416628914714
0.23325                   -48.31322605720413
0.233275                  -48.31516048178624
0.2333                    -48.31718451604718
0.233325                  -48.319276393863944
0.23335                   -48.3214287182437
0.233375                  -48.32364748913876
0.2334                    -48.325949979657786
0.233425                  -48.32836185253142
0.23345                   -48.330913677229574
0.23347500000000002       -48.333636820229735
0.2335                    -48.33655861591631
0.233525                  -48.33969682382873
0.23355                   -48.343053629916895
0.233575                  -48.346609796533485
0.2336                    -48.35031991293618
0.233625                  -48.354109934440785
0.23365                   -48.35787822326811
0.233675                  -48.36150105128557
0.2337                    -48.36484298201411
0.23372500000000002       -48.36777176893435
0.23375                   -48.37017650550923
0.233775                  -48.371986904755815
0.2338                    -48.37319095852598
0.233825                  -48.37384799605584
0.23385                   -48.374094433908056
0.233875                  -48.37414029639584
0.2339                    -48.37425579024345
0.233925                  -48.37474864981772
0.23395                   -48.375934387438875
0.23397500000000002       -48.37810274630246
0.234                     -48.38148437246244
0.234025                  -48.38622189139961
0.23405                   -48.39234917808782
0.234075                  -48.39978170788136
0.2341                    -48.40831958427672
0.234125                  -48.417663309323544
0.23415                   -48.42744076803416
0.234175                  -48.437242432528535
0.2342                    -48.44666065612945
0.23422500000000002       -48.45532830956783
0.23425                   -48.46295204752879
0.234275                  -48.469336226782175
0.2343                    -48.47439484384866
0.234325                  -48.478150608395055
0.23435                   -48.48072211329818
0.234375                  -48.48230167399951
0.2344                    -48.48312751332899
0.234425                  -48.483454405620144
0.23445                   -48.48352665191829
0.23447500000000002       -48.48355645314215
0.23450000000000001       -48.48370958435488
0.234525                  -48.484098988005904
0.23455                   -48.48478571817972
0.234575                  -48.48578575192044
0.2346                    -48.487080639047704
0.234625                  -48.488629816416655
0.23465                   -48.490382626200905
0.234675                  -48.49228855609914
0.2347                    -48.494304834154924
0.23472500000000002       -48.49640112543874
0.23475000000000001       -48.49856157363617
0.234775                  -48.50078473000907
0.2348                    -48.50308199220804
0.234825                  -48.50547506864487
0.23485                   -48.5079927670952
0.234875                  -48.5106671775784
0.2349                    -48.513529173932206
0.234925                  -48.51660316173586
0.23495                   -48.51990117227297
0.23497500000000002       -48.52341671094987
0.23500000000000001       -48.52711913604084
0.235025                  -48.53094966296958
0.23505                   -48.5348202487869
0.235075                  -48.53861652050102
0.2351                    -48.542205523489706
0.235125                  -48.54544839747418
0.23515                   -48.54821721981244
0.235175                  -48.550414332029234
0.2352                    -48.551991667797225
0.235225                  -48.55296711614948
0.23525000000000001       -48.55343493169899
0.235275                  -48.55356771397169
0.2353                    -48.55360848437346
0.235325                  -48.55385274795814
0.23535                   -48.554621914256934
0.235375                  -48.55623081301737
0.2354                    -48.55895304870601
0.235425                  -48.56298843430358
0.23545                   -48.5684366637532
0.235475                  -48.57528074445434
0.23550000000000001       -48.583382605485006
0.235525                  -48.59249185824956
0.23555                   -48.60226707780946
0.235575                  -48.61230738064404
0.2356                    -48.62219069910986
0.235625                  -48.631514197219346
0.23565                   -48.63993191180364
0.235675                  -48.64718504297761
0.2357                    -48.65312135097808
0.235725                  -48.65770170051354
0.23575000000000002       -48.66099366445573
0.235775                  -48.6631539228041
0.2358                    -48.6644026466621
0.235825                  -48.664993903893034
0.23585                   -48.66518626413665
0.235875                  -48.665217263634595
0.2359                    -48.66528437996414
0.235925                  -48.665533894012114
0.23595                   -48.666057722275
0.235975                  -48.666897193525784
0.23600000000000002       -48.66805196466703
0.236025                  -48.66949189182988
0.23605                   -48.67116969148775
0.236075                  -48.673032575457704
0.2361                    -48.6750316090784
0.236125                  -48.67712818575305
0.23615                   -48.67929759877612
0.236175                  -48.681530117581254
0.2362                    -48.68383018403732
0.236225                  -48.68621433679036
0.23625000000000002       -48.688708302657275
0.236275                  -48.69134345469362
0.2363                    -48.69415262904614
0.236325                  -48.697165203730094
0.23635                   -48.70040142064021
0.236375                  -48.70386617490092
0.2364                    -48.70754284868163
0.236425                  -48.71138813493907
0.23645                   -48.715329065734075
0.236475                  -48.71926352179179
0.23650000000000002       -48.723065279295
0.236525                  -48.72659412478246
0.23655                   -48.729710784247004
0.236575                  -48.73229548040476
0.2366                    -48.73426801945797
0.236625                  -48.73560660907843
0.23665                   -48.73636230317017
0.236675                  -48.73666617861126
0.2367                    -48.73672710128665
0.236725                  -48.73681914681484
0.23675000000000002       -48.73725921744915
0.236775                  -48.738376891100266
0.2368                    -48.740479796419805
0.236825                  -48.74381862370292
0.23685                   -48.748556134253526
0.236875                  -48.7547441944784
0.2369                    -48.76231199053862
0.236925                  -48.77106728828649
0.23695                   -48.78071104197411
0.236975                  -48.79086399943696
0.23700000000000002       -48.801102396597514
0.237025                  -48.81099858798269
0.23705                   -48.820161722518606
0.237075                  -48.828273500738874
0.2371                    -48.83511470566862
0.237125                  -48.84057952108093
0.23715                   -48.84467643500748
0.237175                  -48.84751646360175
0.2372                    -48.849291172297086
0.237225                  -48.850244214857696
0.23725000000000002       -48.85064067010754
0.237275                  -48.850738295592265
0.2373                    -48.850764043898366
0.237325                  -48.85089800666635
0.23735                   -48.85126561110539
0.237375                  -48.85193763006069
0.2374                    -48.852936565494886
0.237425                  -48.85424734199531
0.23745                   -48.85583004025405
0.237475                  -48.85763257718726
0.23750000000000002       -48.85960170767052
0.23752500000000001       -48.861691352666966
0.23755                   -48.863867907110844
0.237575                  -48.86611272069578
0.2376                    -48.86842228784192
0.237625                  -48.870806797283315
0.23765                   -48.87328760332548
0.237675                  -48.87589396446234
0.2377                    -48.87865915200811
0.237725                  -48.88161586255133
0.23775000000000002       -48.88479084751668
0.23777500000000001       -48.888198829018506
0.2378                    -48.89183607745221
0.237825                  -48.89567440742101
0.23785                   -48.89965669604304
0.237875                  -48.90369522393678
0.2379                    -48.90767408503943
0.237925                  -48.91145655100044
0.23795                   -48.91489761514089
0.237975                  -48.91786105588922
0.23800000000000002       -48.92023939150079
0.23802500000000001       -48.921974233567916
0.23805                   -48.923073984331886
0.238075                  -48.9236257269052
0.2381                    -48.92379861513497
0.238125                  -48.92383705867534
0.23815                   -48.92404338170674
0.238175                  -48.92475118404482
0.2382                    -48.92629208566619
0.238225                  -48.9289596452091
0.23825000000000002       -48.932974834975475
0.23827500000000001       -48.938457449373836
0.2383                    -48.94540723349462
0.238325                  -48.95369742922179
0.23835                   -48.9630819817327
0.238375                  -48.973215993616286
0.2384                    -48.98368734386102
0.238425                  -48.994055909732445
0.23845                   -49.00389575315191
0.238475                  -49.012835151014386
0.2385                    -49.02058958805668
0.23852500000000001       -49.02698380696982
0.23855                   -49.03196059747637
0.238575                  -49.035575943368734
0.2386                    -49.03798208875585
0.238625                  -49.03940168330158
0.23865                   -49.04009715386539
0.238675                  -49.04033970031396
0.2387                    -49.04038185682473
0.238725                  -49.04043655742602
0.23875                   -49.04066433323212
0.23877500000000002       -49.0411689036042
0.2388                    -49.04200022746905
0.238825                  -49.043163214629296
0.23885                   -49.04462984374882
0.238875                  -49.04635240008169
0.2389                    -49.048275869886815
0.238925                  -49.0503480962214
0.23895                   -49.05252697055176
0.238975                  -49.05478456382678
0.239                     -49.05710857375976
0.23902500000000002       -49.05950171542291
0.23905                   -49.061979703129424
0.239075                  -49.06456831323551
0.2391                    -49.067299771143524
0.239125                  -49.07020847832685
0.23915                   -49.07332598100358
0.239175                  -49.07667513852139
0.2392                    -49.08026368171214
0.239225                  -49.08407770968887
0.23925                   -49.088076063418235
0.23927500000000002       -49.09218681761682
0.2393                    -49.096307233572894
0.239325                  -49.10030832908123
0.23935                   -49.10404471592404
0.239375                  -49.10736956666719
0.2394                    -49.110153608855605
0.239425                  -49.11230607410153
0.23945                   -49.11379475356297
0.239475                  -49.114661924228116
0.2395                    -49.11503305209217
0.23952500000000002       -49.115115892161015
0.23955                   -49.115188816064574
0.239575                  -49.11557872018311
0.2396                    -49.116630443327224
0.239625                  -49.11867098306351
0.23965                   -49.12197271981533
0.239675                  -49.126720200791844
0.2397                    -49.13298476399147
0.239725                  -49.140710445512056
0.23975                   -49.149713322905654
0.23977500000000002       -49.15969485399185
0.2398                    -49.17026805074595
0.239825                  -49.180993679281315
0.23985                   -49.191422313464344
0.239875                  -49.20113720401963
0.2399                    -49.209792732488964
0.239925                  -49.21714378904948
0.23995                   -49.22306270279324
0.239975                  -49.227542171883655
0.24                      -49.230684675628424
0.24002500000000002       -49.23268073293572
0.24005                   -49.233779768874825
0.240075                  -49.2342580451586
0.2401                    -49.23438804164171
0.240125                  -49.23441293931107
0.24015                   -49.23452865796092
0.240175                  -49.234874502727585
0.2402                    -49.23553212539566
0.240225                  -49.2365314122583
0.24025                   -49.23786120094686
0.24027500000000002       -49.23948245440695
0.2403                    -49.24134165541766
0.240325                  -49.24338264087825
0.24035                   -49.24555573962713
0.240375                  -49.24782376188877
0.2404                    -49.250164975428675
0.240425                  -49.25257359427419
0.24045                   -49.255058458049554
0.240475                  -49.25764051299691
0.2405                    -49.26034949179362
0.24052500000000002       -49.26321993210613
0.24055                   -49.266286480815644
0.240575                  -49.2695783849268
0.2406                    -49.2731132082196
0.240625                  -49.27689011533133
0.24065                   -49.280883459584544
0.240675                  -49.2850377873079
0.2407                    -49.289265606243255
0.240725                  -49.293449250603686
0.24075                   -49.29744784402206
0.24077500000000002       -49.30110971005089
0.24080000000000001       -49.30428967708089
0.240825                  -49.30686970989306
0.24085                   -49.30878036496346
0.240875                  -49.310019920519196
0.2409                    -49.31066785669073
0.240925                  -49.310889761305496
0.24095                   -49.31093170593626
0.240975                  -49.311103545125164
0.241                     -49.31175220986326
0.24102500000000002       -49.31322761655363
0.24105000000000001       -49.31584503191158
0.241075                  -49.31984842907072
0.2411                    -49.32537944590665
0.241125                  -49.33245601750711
0.24115                   -49.34096368310233
0.241175                  -49.3506610970719
0.2412                    -49.361199568657725
0.241225                  -49.372154703627885
0.24125                   -49.383066632050074
0.24127500000000002       -49.393484100630864
0.24130000000000001       -49.40300709375252
0.241325                  -49.41132277479273
0.24135                   -49.41823044921857
0.241375                  -49.42365283645269
0.2414                    -49.42763294339904
0.241425                  -49.43031790163677
0.24145                   -49.43193288713875
0.241475                  -49.43274938491441
0.2415                    -49.43305243399247
0.24152500000000002       -49.43311110124671
0.24155000000000001       -49.433155440822404
0.241575                  -49.43336184389019
0.2416                    -49.433847241169396
0.241625                  -49.434671329582756
0.24165                   -49.43584503230052
0.241675                  -49.437342866215644
0.2417                    -49.43911679897194
0.241725                  -49.44110947252297
0.24175                   -49.44326523889096
0.241775                  -49.44553815029817
0.24180000000000001       -49.44789671933043
0.241825                  -49.450325788785925
0.24185                   -49.4528261474251
0.241875                  -49.45541258100273
0.2419                    -49.45811090284545
0.241925                  -49.460954255949744
0.24195                   -49.463978730728215
0.241975                  -49.46721820163853
0.242                     -49.470698318761166
0.242025                  -49.47442981041987
0.24205000000000002       -49.47840161563921
0.242075                  -49.48257477706318
0.2421                    -49.48687836376295
0.242125                  -49.491208835750484
0.24215                   -49.49543411229148
0.242175                  -49.49940312150673
0.2422                    -49.5029608165959
0.242225                  -49.505967647206724
0.24225                   -49.508321442213976
0.242275                  -49.509978802208735
0.24230000000000002       -49.510972625528424
0.242325                  -49.51142245940018
0.24235                   -49.51153503952159
0.242375                  -49.51159359458961
0.2424                    -49.51193606394249
0.242425                  -49.51292404114406
0.24245                   -49.51490572723238
0.242475                  -49.51817721048961
0.2425                    -49.522946829915625
0.242525                  -49.529307177279804
0.24255000000000002       -49.53721849137981
0.242575                  -49.54650590837065
0.2426                    -49.556871404930554
0.242625                  -49.56791948379593
0.24265                   -49.579193903370495
0.242675                  -49.59022126429663
0.2427                    -49.60055626141673
0.242725                  -49.609823085649644
0.24275                   -49.61774793210263
0.242775                  -49.62417882075801
0.24280000000000002       -49.62909078807008
0.242825                  -49.63257664593161
0.24285                   -49.634825540191486
0.242875                  -49.63609310816865
0.2429                    -49.63666787979661
0.242925                  -49.636838602502486
0.24295                   -49.636866476667635
0.242975                  -49.636965074806454
0.243                     -49.63728925483281
0.243025                  -49.63793293682373
0.24305000000000002       -49.63893441619461
0.243075                  -49.640287081667296
0.2431                    -49.64195305707749
0.243125                  -49.6438773744792
0.24315                   -49.64600072660932
0.243175                  -49.64826950591731
0.2432                    -49.6506425596109
0.243225                  -49.653094728209375
0.24325                   -49.655617678197935
0.243275                  -49.6582187340988
0.24330000000000002       -49.660918373205334
0.243325                  -49.663746836592495
0.24335                   -49.66674003895717
0.243375                  -49.669934741545
0.2434                    -49.67336287919521
0.243425                  -49.67704505082901
0.24345                   -49.68098348047869
0.243475                  -49.685155163994594
0.2435                    -49.6895063231878
0.243525                  -49.69394956483839
0.24355000000000002       -49.69836516877146
0.243575                  -49.70260762932633
0.2436                    -49.70651793332265
0.243625                  -49.70994113639307
0.24365                   -49.71274773528468
0.243675                  -49.714856322510656
0.2437                    -49.71625427311235
0.243725                  -49.717012950818784
0.24375                   -49.71729425814366
0.243775                  -49.717346301945334
0.24380000000000002       -49.7174873816285
0.24382500000000001       -49.71807919924596
0.24385                   -49.71949184781337
0.243875                  -49.72206447315004
0.2439                    -49.72606631134782
0.243925                  -49.73166296777574
0.24395                   -49.73889231941151
0.243975                  -49.74765336943064
0.244                     -49.757709895044535
0.244025                  -49.76870897229057
0.24405000000000002       -49.78021262377729
0.24407500000000001       -49.791739129064595
0.2441                    -49.80280919215168
0.244125                  -49.812991401489995
0.24415                   -49.82194142047601
0.244175                  -49.82943017921254
0.2442                    -49.83535791699253
0.244225                  -49.83975300204393
0.24425                   -49.842756661792606
0.244275                  -49.84459668873144
0.24430000000000002       -49.84555450506828
0.24432500000000001       -49.84593048122031
0.24435                   -49.846012096369904
0.244375                  -49.846048551842756
0.2444                    -49.84623405225015
0.244425                  -49.84670044228635
0.24445                   -49.847518490815325
0.244475                  -49.848706045645585
0.2445                    -49.85024065588176
0.244525                  -49.85207410146489
0.24455000000000002       -49.854146531009235
0.24457500000000001       -49.856398477219216
0.2446                    -49.858779743694356
0.244625                  -49.86125487816051
0.24465                   -49.86380552686932
0.244675                  -49.86643031281251
0.2447                    -49.86914297029125
0.244725                  -49.87196933944462
0.24475                   -49.87494356723984
0.244775                  -49.87810359260816
0.24480000000000002       -49.8814858240572
0.24482500000000001       -49.88511892517177
0.24485                   -49.88901682955297
0.244875                  -49.89317147328069
0.2449                    -49.89754616751371
0.244925                  -49.90207091025315
0.24495                   -49.90664112284951
0.244975                  -49.91112118666855
0.245                     -49.91535369386054
0.245025                  -49.91917453073918
0.24505                   -49.92243288012163
0.24507500000000002       -49.92501413021196
0.2451                    -49.92686273067444
0.245125                  -49.92800146670001
0.24515                   -49.928543608502515
0.245175                  -49.92869501892492
0.2452                    -49.9287445172595
0.245225                  -49.929042423313234
0.24525                   -49.92996896775172
0.245275                  -49.9318958475162
0.2453                    -49.9351453622661
0.24532500000000002       -49.939952114373995
0.24535                   -49.94643212786809
0.245375                  -49.95456347865557
0.2454                    -49.96418123902477
0.245425                  -49.97498787613344
0.24545                   -49.98657838513749
0.245475                  -49.99847758382359
0.2455                    -50.01018537178738
0.245525                  -50.021224601291564
0.24555                   -50.0311857371109
0.24557500000000002       -50.039762842876584
0.2456                    -50.04677663249733
0.245625                  -50.052182208713916
0.24565                   -50.05606136002564
0.245675                  -50.05860149197096
0.2457                    -50.06006502630828
0.245725                  -50.06075411788974
0.24575                   -50.06097569385748
0.245775                  -50.0610111776157
0.2458                    -50.061094029781124
0.24582500000000002       -50.06139670534146
0.24585                   -50.062027082252555
0.245875                  -50.06303310612729
0.2459                    -50.064413484908094
0.245925                  -50.066131833936076
0.24595                   -50.06813170719745
0.245975                  -50.070350372828905
0.246                     -50.072729864755836
0.246025                  -50.07522460527274
0.24605                   -50.07780558719983
0.24607500000000002       -50.08046160529757
0.2461                    -50.083198269231076
0.246125                  -50.086035517302925
0.24615                   -50.08900414706513
0.246175                  -50.09214159417107
0.2462                    -50.09548694583306
0.246225                  -50.09907507247935
0.24625                   -50.10292985756708
0.246275                  -50.10705679714004
0.2463                    -50.11143566230168
0.24632500000000002       -50.11601435623281
0.24635                   -50.12070541670547
0.246375                  -50.12538668689439
0.2464                    -50.12990741161847
0.246425                  -50.13410038649829
0.24645                   -50.137799846644235
0.246475                  -50.14086366351719
0.2465                    -50.1431973244264
0.246525                  -50.144776333378395
0.24655                   -50.14566331398332
0.24657500000000002       -50.14601636280753
0.2466                    -50.1460861239655
0.246625                  -50.14620052156678
0.24665                   -50.14673786060838
0.246675                  -50.14809078240434
0.2467                    -50.150625032050144
0.246725                  -50.15463792537674
0.24675                   -50.160321662732635
0.246775                  -50.167736212013594
0.2468                    -50.17679545009333
0.24682500000000002       -50.187268744843905
0.24685                   -50.198798346455014
0.246875                  -50.21093102661923
0.2469                    -50.22316057159343
0.246925                  -50.2349762380629
0.24695                   -50.245911361676825
0.246975                  -50.255586169641205
0.247                     -50.26373959115722
0.247025                  -50.270246424764544
0.24705                   -50.275118373145716
0.24707500000000002       -50.27848981362352
0.24710000000000001       -50.28059130019281
0.247125                  -50.28171530878793
0.24715                   -50.28217940842939
0.247175                  -50.28229182704329
0.2472                    -50.28232342159911
0.247225                  -50.28248861845232
0.24725                   -50.28293626804188
0.247275                  -50.28374984390866
0.2473                    -50.28495522866369
0.24732500000000002       -50.28653360043378
0.24735000000000001       -50.28843670220897
0.247375                  -50.290601999589136
0.2474                    -50.292965798562214
0.247425                  -50.295473149237154
0.24745                   -50.298084134771756
0.247475                  -50.30077678604768
0.2475                    -50.30354726809492
0.247525                  -50.306408116173536
0.24755                   -50.30938519012655
0.24757500000000002       -50.31251375494199
0.24760000000000001       -50.31583380487951
0.247625                  -50.319384548559086
0.24765                   -50.32319795120741
0.247675                  -50.327291420572635
0.2477                    -50.33166009280691
0.247725                  -50.336269632954085
0.24775                   -50.34105088133834
0.247775                  -50.345897911415484
0.2478                    -50.35067099751866
0.24782500000000002       -50.35520555486269
0.24785000000000001       -50.359327315432274
0.247875                  -50.36287293280354
0.2479                    -50.365714037348084
0.247925                  -50.367781718418605
0.24795                   -50.36908773487315
0.247975                  -50.36973865196879
0.248                     -50.36993967617724
0.248025                  -50.36998617744763
0.24805                   -50.37024257505928
0.24807500000000002       -50.37111013399879
0.24810000000000001       -50.37298694746884
0.248125                  -50.376224675987935
0.24815                   -50.38108727716276
0.248175                  -50.3877169148941
0.2482                    -50.39611151436877
0.248225                  -50.40611713940217
0.24825                   -50.41743666584133
0.248275                  -50.42965428827296
0.2483                    -50.44227342922894
0.248325                  -50.45476384946546
0.24835000000000002       -50.46661243506604
0.248375                  -50.477371503524125
0.2484                    -50.48669870256709
0.248425                  -50.49438371588658
0.24845                   -50.5003589027234
0.248475                  -50.504693367929406
0.2485                    -50.50757235265511
0.248525                  -50.50926580923709
0.24855                   -50.510091236306295
0.248575                  -50.5103761433546
0.24860000000000002       -50.51042493238058
0.248625                  -50.51049373694471
0.24865                   -50.51077514728891
0.248675                  -50.5113930898507
0.2487                    -50.51240669001906
0.248725                  -50.51382091620052
0.24875                   -50.515601274557476
0.248775                  -50.517689798635004
0.2488                    -50.52001997857037
0.248825                  -50.52252896333526
0.24885000000000002       -50.5251661766834
0.248875                  -50.527898242984676
0.2489                    -50.53071068502063
0.248925                  -50.53360715280938
0.24895                   -50.53660696333547
0.248975                  -50.53974153703166
0.249                     -50.543050018541855
0.249025                  -50.54657409582265
0.24905                   -50.55035189659348
0.249075                  -50.554410913028825
0.24910000000000002       -50.558760189697395
0.249125                  -50.56338244526816
0.24915                   -50.56822727105008
0.249175                  -50.5732069160349
0.2492                    -50.57819628912661
0.249225                  -50.583038581103345
0.24925                   -50.587557292076
0.249275                  -50.59157448789368
0.2493                    -50.594933931813046
0.249325                  -50.597526551755124
0.24935000000000002       -50.599314757573815
0.249375                  -50.60035165824999
0.2494                    -50.60079141888569
0.249425                  -50.60088789242806
0.24945                   -50.60098016110554
0.249475                  -50.60146548899883
0.2495                    -50.60276209606766
0.249525                  -50.6052657838491
0.24955                   -50.60930551014714
0.249575                  -50.61510337568441
0.24960000000000002       -50.622744124725365
0.249625                  -50.6321582484673
0.24965                   -50.64312125130346
0.249675                  -50.65526976527018
0.2497                    -50.6681331677466
0.249725                  -50.68117738764002
0.24975                   -50.69385592114561
0.249775                  -50.70566198023303
0.2498                    -50.71617539742179
0.249825                  -50.72509854553608
0.24985000000000002       -50.73227707460867
0.249875                  -50.73770349793298
0.2499                    -50.74150418475537
0.249925                  -50.74391266690698
0.24995                   -50.745233909904385
0.249975                  -50.74580505469239
0.25                      -50.745958031675414
0.250025                  -50.74598851263953
0.25005                   -50.74613416878461
0.250075                  -50.746563473689704
0.25010000000000004       -50.747374641512685
0.25012500000000004       -50.7486029678318
0.25015000000000004       -50.75023399473216
0.25017500000000004       -50.7522196064345
0.25020000000000003       -50.7544943403913
0.25022500000000003       -50.75698976127364
0.25025000000000003       -50.75964553174191
0.250275                  -50.7624166448405
0.2503                    -50.765276993146735
0.250325                  -50.76821992044523
0.25035                   -50.77125658205518
0.250375                  -50.774412854422636
0.2504                    -50.77772527172925
0.250425                  -50.78123615383765
0.25045                   -50.784987856648186
0.250475                  -50.7890160233915
0.2505                    -50.79334188763954
0.250525                  -50.79796405136828
0.25055                   -50.80285064517441
0.250575                  -50.80793323814411
0.25060000000000004       -50.81310415138127
0.25062500000000004       -50.81821880943539
0.25065000000000004       -50.823104355894586
0.25067500000000004       -50.827574957072706
0.25070000000000003       -50.831453104505975
0.25072500000000003       -50.83459497420974
0.25075000000000003       -50.83691674628864
0.250775                  -50.83841799500459
0.2508                    -50.83919805494618
0.250825                  -50.839461784393905
0.25085                   -50.839512368360744
0.250875                  -50.83973055982191
0.2509                    -50.84054175231951
0.250925                  -50.84237415991181
0.25095                   -50.84561283039012
0.250975                  -50.85055501178374
0.251                     -50.85737243652776
0.251025                  -50.866085408378936
0.25105                   -50.876552285215425
0.251075                  -50.888476203803904
0.25110000000000005       -50.901428871603436
0.25112500000000004       -50.91488915808774
0.25115000000000004       -50.92829228613253
0.25117500000000004       -50.941083915065505
0.25120000000000003       -50.952772587228345
0.25122500000000003       -50.962974091292175
0.25125000000000003       -50.97144236020419
0.251275                  -50.97808346066501
0.2513                    -50.98295173305394
0.251325                  -50.98622974829241
0.25135                   -50.98819597031028
0.251375                  -50.98918545383447
0.2514                    -50.98954936324695
0.251425                  -50.98961858917974
0.25145                   -50.98967547415878
0.251475                  -50.989935956873566
0.2515                    -50.990542650597575
0.251525                  -50.99156778375406
0.25155                   -50.99302376226984
0.251575                  -50.99487847555659
0.25160000000000005       -50.997072373161316
0.25162500000000004       -50.99953471368843
0.25165000000000004       -51.002197092014754
0.25167500000000004       -51.00500320706064
0.25170000000000003       -51.00791465708622
0.25172500000000003       -51.010913188873445
0.25175000000000003       -51.014000186585875
0.251775                  -51.01719424676368
0.2518                    -51.020527503995154
0.251825                  -51.02404105993725
0.25185                   -51.02777956409995
0.251875                  -51.0317848240883
0.2519                    -51.0360883673239
0.251925                  -51.04070315133267
0.25195                   -51.04561506988312
0.251975                  -51.050775411964764
0.252                     -51.05609584923393
0.252025                  -51.06144770295059
0.25205                   -51.06666705495247
0.252075                  -51.07156666472078
0.2521                    -51.07595466822461
0.25212500000000004       -51.07965879062352
0.25215000000000004       -51.08255351543945
0.25217500000000004       -51.08458658241719
0.25220000000000004       -51.08580060114637
0.25222500000000003       -51.08634566944832
0.25225000000000003       -51.08647975006146
0.252275                  -51.086555099220476
0.2523                    -51.08699101382453
0.252325                  -51.08823522589262
0.25235                   -51.090718062262226
0.252375                  -51.09480470952737
0.2524                    -51.10075140755522
0.252425                  -51.10867110329362
0.25245                   -51.11851310328748
0.252475                  -51.13005970891635
0.2525                    -51.142940875535494
0.252525                  -51.15666579675459
0.25255                   -51.17066819431394
0.252575                  -51.184360243923415
0.2526                    -51.197188766827104
0.25262500000000004       -51.208686830477426
0.25265000000000004       -51.21851440767172
0.25267500000000004       -51.22648325393762
0.25270000000000004       -51.232563475753096
0.25272500000000003       -51.23687197708453
0.25275000000000003       -51.23964557800506
0.252775                  -51.24120360835671
0.2528                    -51.24190585325522
0.252825                  -51.24211175320654
0.25285                   -51.242145854602
0.252875                  -51.24227294750522
0.2529                    -51.24268447327303
0.252925                  -51.24349598011399
0.25295                   -51.244753924889544
0.252975                  -51.24644913892872
0.253                     -51.248533863113124
0.253025                  -51.25093938435761
0.25305                   -51.25359186280029
0.253075                  -51.2564247610228
0.2531                    -51.259387182412766
0.25312500000000004       -51.26244821445628
0.25315000000000004       -51.26559791822986
0.25317500000000004       -51.26884584220398
0.25320000000000004       -51.27221788180783
0.25322500000000003       -51.27575204275178
0.25325000000000003       -51.27949332832412
0.25327500000000003       -51.28348770090521
0.2533                    -51.28777498021924
0.253325                  -51.292380692383325
0.25335                   -51.29730725874633
0.253375                  -51.30252542504383
0.2534                    -51.307967340207206
0.253425                  -51.313523038837985
0.25345                   -51.31904211449692
0.253475                  -51.32434199438576
0.2535                    -51.32922341942687
0.253525                  -51.33349257211656
0.25355                   -51.33698794947597
0.253575                  -51.33960879924079
0.2536                    -51.34134100885711
0.25362500000000004       -51.342276016762504
0.25365000000000004       -51.342618764826476
0.25367500000000004       -51.34268193723984
0.25370000000000004       -51.34286556858599
0.25372500000000003       -51.34362324262662
0.25375000000000003       -51.34541816428461
0.25377500000000003       -51.348674015001265
0.2538                    -51.35372644323284
0.253825                  -51.36078118533958
0.25385                   -51.36988417828156
0.253875                  -51.380907728494655
0.2539                    -51.393555003720536
0.253925                  -51.40738299987832
0.25395                   -51.42184190516456
0.253975                  -51.43632667222669
0.254                     -51.450234889937995
0.254025                  -51.463024011642844
0.25405                   -51.474260899658766
0.254075                  -51.483657614461265
0.2541                    -51.49108933755164
0.25412500000000005       -51.49659296634795
0.25415000000000004       -51.500347774004865
0.25417500000000004       -51.5026420413371
0.25420000000000004       -51.50383128058698
0.25422500000000003       -51.504294321932505
0.25425000000000003       -51.504393112732096
0.25427500000000003       -51.50444079432034
0.2543                    -51.504680813898005
0.254325                  -51.50527787796494
0.25435                   -51.50631979284747
0.254375                  -51.507827909058825
0.2544                    -51.509773121548946
0.254425                  -51.51209420200814
0.25445                   -51.51471558316651
0.254475                  -51.517562436380295
0.2545                    -51.520571795400954
0.254525                  -51.5236993829009
0.25455                   -51.52692252033637
0.254575                  -51.530239933838445
0.2546                    -51.53366937685921
0.25462500000000005       -51.537243824202264
0.25465000000000004       -51.54100666650355
0.25467500000000004       -51.54500599612507
0.25470000000000004       -51.54928786466804
0.25472500000000003       -51.55388840525411
0.25475000000000003       -51.55882497699878
0.25477500000000003       -51.564086955221136
0.2548                    -51.569627342031374
0.254825                  -51.575356848952374
0.25485                   -51.58114233985536
0.254875                  -51.58681138297525
0.2549                    -51.592164074233395
0.254925                  -51.59699227997848
0.25495                   -51.601105127259174
0.254975                  -51.60435816117975
0.255                     -51.60668237490622
0.255025                  -51.608108593420084
0.25505                   -51.60878269256942
0.255075                  -51.608967965182025
0.2551                    -51.60903253430458
0.255125                  -51.60942181280199
0.25515000000000004       -51.61061825019249
0.25517500000000004       -51.61309259392249
0.25520000000000004       -51.61725229239784
0.25522500000000004       -51.62339328307439
0.25525000000000003       -51.631661192693755
0.25527500000000003       -51.64202700225353
0.2553                    -51.65428064336311
0.255325                  -51.66804397290531
0.25535                   -51.682802311200135
0.255375                  -51.697951440141374
0.2554                    -51.7128548978915
0.255425                  -51.72690487282787
0.25545                   -51.73957929251194
0.255475                  -51.750488050835806
0.2555                    -51.7594027780641
0.255525                  -51.76626695947348
0.25555                   -51.7711861406935
0.255575                  -51.77440086614962
0.2556                    -51.77624732394024
0.255625                  -51.77711200755269
0.25565000000000004       -51.77738688967384
0.25567500000000004       -51.77743073306538
0.25570000000000004       -51.77754053213711
0.25572500000000004       -51.77793507584586
0.25575000000000003       -51.77875063307737
0.25577500000000003       -51.78004709654325
0.2558                    -51.78182178233076
0.255825                  -51.78402755580424
0.25585                   -51.78659202055571
0.255875                  -51.78943505724902
0.2559                    -51.79248286146851
0.255925                  -51.795677599922094
0.25595                   -51.79898268371724
0.255975                  -51.80238429025135
0.256                     -51.80589006889771
0.256025                  -51.809525944270106
0.25605                   -51.81333166868064
0.256075                  -51.81735541117848
0.2561                    -51.82164735931755
0.256125                  -51.826252181986725
0.25615000000000004       -51.831200329161845
0.25617500000000004       -51.836498521522685
0.25620000000000004       -51.84212032552091
0.25622500000000004       -51.84799827309159
0.25625000000000003       -51.85401939596921
0.25627500000000003       -51.86002613792732
0.25630000000000003       -51.86582426735161
0.256325                  -51.87119860067477
0.25635                   -51.87593612919588
0.256375                  -51.87985468935448
0.2564                    -51.882833891825726
0.256425                  -51.884843938484806
0.25645                   -51.88596750121185
0.256475                  -51.8864102094242
0.2565                    -51.88649652736565
0.256525                  -51.88664973779793
0.25655                   -51.88735705944864
0.256575                  -51.889123197270536
0.2566                    -51.892417460157276
0.256625                  -51.89762069189374
0.25665000000000004       -51.904978515262535
0.25667500000000004       -51.91456680275454
0.25670000000000004       -51.92627398039028
0.25672500000000004       -51.93980291426353
0.25675000000000003       -51.954692909360375
0.25677500000000003       -51.97035996704493
0.25680000000000003       -51.98615113410186
0.256825                  -52.00140681533987
0.25685                   -52.01552363427831
0.256875                  -52.02801011269386
0.2569                    -52.03852828421617
0.256925                  -52.04691633159025
0.25695                   -52.05319015291904
0.256975                  -52.05752490772157
0.257                     -52.06022045877276
0.257025                  -52.06165666837168
0.25705                   -52.06224539818396
0.257075                  -52.06238575030713
0.2571                    -52.06242777938775
0.257125                  -52.06264797119484
0.25715000000000005       -52.06323764280144
0.25717500000000004       -52.06430345081995
0.25720000000000004       -52.065877674168995
0.25722500000000004       -52.067935022859274
0.25725000000000003       -52.07041245257716
0.25727500000000003       -52.073228771926466
0.25730000000000003       -52.076301569598
0.257325                  -52.07955996439079
0.25735                   -52.08295267671037
0.257375                  -52.086451743459605
0.2574                    -52.09005271643455
0.257425                  -52.09377234947436
0.25745                   -52.09764463401914
0.257475                  -52.10171570309194
0.2575                    -52.10603774761364
0.257525                  -52.110661832396694
0.25755                   -52.11562947577329
0.257575                  -52.12096310822388
0.2576                    -52.126656009354676
0.257625                  -52.132662920977815
0.25765000000000005       -52.13889307810832
0.25767500000000004       -52.14520770678114
0.25770000000000004       -52.15142395211139
0.25772500000000004       -52.157326631522466
0.25775000000000003       -52.16268816099233
0.25777500000000003       -52.167295592122954
0.25780000000000003       -52.17098214876967
0.257825                  -52.173659268274584
0.25785                   -52.17534426307873
0.257875                  -52.17617859930364
0.2579                    -52.17643258004052
0.257925                  -52.17649386948587
0.25795                   -52.17683954648396
0.257975                  -52.17799383399988
0.258                     -52.18047587221736
0.258025                  -52.18474351201385
0.25805                   -52.19113987331761
0.258075                  -52.19984927881767
0.2581                    -52.2108682149815
0.258125                  -52.2239953463123
0.25815000000000005       -52.23884250038427
0.25817500000000004       -52.2548661425012
0.25820000000000004       -52.27141638084609
0.25822500000000004       -52.28779824277414
0.25825000000000004       -52.303338155328696
0.25827500000000003       -52.31744758980683
0.25830000000000003       -52.32967597785094
0.258325                  -52.33974639580879
0.25835                   -52.34757000852082
0.258375                  -52.35323845087652
0.2584                    -52.356996598079576
0.258425                  -52.35920089192164
0.25845                   -52.3602700534563
0.258475                  -52.36063539574089
0.2585                    -52.360697127165714
0.258525                  -52.36079131627659
0.25855                   -52.361170004039465
0.258575                  -52.361994734483716
0.2586                    -52.36334188518447
0.258625                  -52.365216849864275
0.25865                   -52.36757346290382
0.25867500000000004       -52.37033504901834
0.25870000000000004       -52.37341402271163
0.25872500000000004       -52.37672787141663
0.25875000000000004       -52.38021041403706
0.25877500000000003       -52.383818213232914
0.25880000000000003       -52.3875327566425
0.258825                  -52.391359406329244
0.25885                   -52.395324137990244
0.258875                  -52.39946883288035
0.2589                    -52.40384549174479
0.258925                  -52.40850938137963
0.25895                   -52.413510949975986
0.258975                  -52.41888644666674
0.259                     -52.42464755989644
0.259025                  -52.430770967810176
0.25905                   -52.43718932116192
0.259075                  -52.44378566703054
0.2591                    -52.450393485211826
0.259125                  -52.456804209648524
0.25915                   -52.46278328845533
0.25917500000000004       -52.46809455059186
0.25920000000000004       -52.47253106637046
0.25922500000000004       -52.47594909000875
0.25925000000000004       -52.47830039691928
0.25927500000000003       -52.47965771157211
0.25930000000000003       -52.48022820402415
0.259325                  -52.4803512793768
0.25935                   -52.48047894222471
0.259375                  -52.48113954001955
0.2594                    -52.48288821718448
0.259425                  -52.48624949665675
0.25945                   -52.49165871553028
0.259475                  -52.49940942045379
0.2595                    -52.5096132902
0.259525                  -52.5221778281415
0.25955                   -52.53680513896141
0.259575                  -52.553012763439575
0.2596                    -52.570174988835376
0.259625                  -52.58758050783903
0.25965                   -52.604500055627355
0.25967500000000004       -52.62025606273057
0.25970000000000004       -52.63428577740886
0.25972500000000004       -52.64618999013065
0.25975000000000004       -52.6557614675916
0.25977500000000003       -52.662990209994106
0.25980000000000003       -52.668046142076086
0.25982500000000003       -52.67124314680238
0.25985                   -52.67299080653131
0.259875                  -52.673741409301876
0.2599                    -52.67393960591812
0.259925                  -52.67398076869114
0.25995                   -52.67418200995784
0.259975                  -52.674767443315886
0.26                      -52.67586704551312
0.260025                  -52.67752672324504
0.26005                   -52.67972609192577
0.260075                  -52.68240008644081
0.2601                    -52.6854607869053
0.260125                  -52.68881660542029
0.26015                   -52.69238703174701
0.26017500000000005       -52.69611224149493
0.26020000000000004       -52.69995781297599
0.26022500000000004       -52.70391542130354
0.26025000000000004       -52.708000613616605
0.26027500000000003       -52.712248650373006
0.26030000000000003       -52.716709043214564
0.26032500000000003       -52.72143899997496
0.26035                   -52.72649567712428
0.260375                  -52.731927073567995
0.2604                    -52.737761635661954
0.260425                  -52.74399714812233
0.26045                   -52.750590139668894
0.260475                  -52.75744765553448
0.2605                    -52.76442363943522
0.260525                  -52.77132214597536
0.26055                   -52.77790905684893
0.260575                  -52.78393288679075
0.2606                    -52.78915374588274
0.260625                  -52.79337780503147
0.26065                   -52.79649302112386
0.26067500000000005       -52.798500788294795
0.26070000000000004       -52.799537917381905
0.26072500000000004       -52.799884091415414
0.26075000000000004       -52.799951670993906
0.26077500000000003       -52.80025716834774
0.26080000000000003       -52.80137643560492
0.26082500000000003       -52.80388812200563
0.26085                   -52.808311815279936
0.260875                  -52.815048226917625
0.2609                    -52.82432873643201
0.260925                  -52.836180661298954
0.26095                   -52.85041294032151
0.260975                  -52.86662470534131
0.261                     -52.88423666149032
0.261025                  -52.90254250226184
0.26105                   -52.92077500543297
0.261075                  -52.938179319852296
0.2611                    -52.95408464905137
0.261125                  -52.96796542534055
0.26115                   -52.97948434828417
0.26117500000000005       -52.988512253044114
0.26120000000000004       -52.995123266576456
0.26122500000000004       -52.99956743472097
0.26125000000000004       -53.00222621237112
0.26127500000000003       -53.00355828936732
0.26130000000000003       -53.00404386416598
0.26132500000000003       -53.00413471635534
0.26135                   -53.004215597820036
0.261375                  -53.00458004674376
0.2614                    -53.005421229516536
0.261425                  -53.006836246147174
0.26145                   -53.00884077058857
0.261475                  -53.01139006852371
0.2615                    -53.01440234069367
0.261525                  -53.017780870770785
0.26155                   -53.02143242307718
0.261575                  -53.025280499329654
0.2616                    -53.029273180541736
0.261625                  -53.033386144167416
0.26165                   -53.03762192990682
0.261675                  -53.042006604904444
0.26170000000000004       -53.04658472703284
0.26172500000000004       -53.05141307751064
0.26175000000000004       -53.05655321931476
0.26177500000000004       -53.06206270763167
0.26180000000000003       -53.06798484384559
0.26182500000000003       -53.074337246120876
0.26185                   -53.08110013122601
0.261875                  -53.088205906038965
0.2619                    -53.09553224756951
0.261925                  -53.10290109836903
0.26195                   -53.11008575427073
0.261975                  -53.11682739338487
0.262                     -53.12286102639259
0.262025                  -53.12794910878694
0.26205                   -53.13191924109649
0.262075                  -53.134700873030695
0.2621                    -53.13635511019357
0.262125                  -53.13709189336176
0.26215                   -53.137270085321255
0.262175                  -53.13737821583692
0.26220000000000004       -53.13799642586492
0.26222500000000004       -53.13974300209671
0.26225000000000004       -53.14321128578776
0.26227500000000004       -53.14890428882941
0.26230000000000003       -53.15717487137248
0.26232500000000003       -53.168178843726665
0.26235                   -53.18184699982028
0.262375                  -53.197880072140435
0.2624                    -53.215768117776314
0.262425                  -53.23483309110712
0.26245                   -53.254290546243446
0.262475                  -53.27332383127967
0.2625                    -53.29116216768451
0.262525                  -53.3071530751685
0.26255                   -53.32082005193384
0.262575                  -53.33189837066223
0.2626                    -53.340345078038744
0.262625                  -53.34632321909201
0.26265                   -53.350164159909895
0.262675                  -53.352314874844254
0.26270000000000004       -53.35327865378099
0.26272500000000004       -53.353557697782996
0.26275000000000004       -53.3536047028892
0.26277500000000004       -53.353788233982414
0.26280000000000003       -53.354374012434896
0.26282500000000003       -53.355521688710816
0.26285000000000003       -53.35729462219316
0.262875                  -53.359678865980094
0.2629                    -53.36260702512434
0.262925                  -53.36598286631096
0.26295                   -53.36970334828383
0.262975                  -53.37367588834322
0.263                     -53.37782992149495
0.263025                  -53.38212289892877
0.26305                   -53.386541624715164
0.263075                  -53.391100153377515
0.2631                    -53.39583538720604
0.263125                  -53.400801141671195
0.26315                   -53.40606097510473
0.263175                  -53.41167970353141
0.26320000000000005       -53.417713402802576
0.26322500000000004       -53.4241979171819
0.26325000000000004       -53.43113642375455
0.26327500000000004       -53.43848732436551
0.26330000000000003       -53.446154457101514
0.26332500000000003       -53.45398211195169
0.26335000000000003       -53.46175739187128
0.263375                  -53.46922193800887
0.2634                    -53.47609389951944
0.263425                  -53.482099371724814
0.26345                   -53.48701059161069
0.263475                  -53.490686328360994
0.2635                    -53.493108562529066
0.263525                  -53.49440910019278
0.26355                   -53.494880459883554
0.263575                  -53.49496720042506
0.2636                    -53.49523655447353
0.263625                  -53.496330306211
0.26365                   -53.49890272710042
0.263675                  -53.50355155612047
0.26370000000000005       -53.5107501655964
0.26372500000000004       -53.520789105236574
0.26375000000000004       -53.533734266890356
0.26377500000000004       -53.54940716079541
0.26380000000000003       -53.56739045538159
0.26382500000000003       -53.58705919838064
0.26385000000000003       -53.60763519410797
0.263875                  -53.62825909924841
0.2639                    -53.64807225835904
0.263925                  -53.66629857050751
0.26395                   -53.68231621312118
0.263975                  -53.695710158836
0.264                     -53.70629910801992
0.264025                  -53.714134327577376
0.26405                   -53.71947219441716
0.264075                  -53.722726100505355
0.2641                    -53.72440601450314
0.264125                  -53.725054979761936
0.26415                   -53.7251911529259
0.264175                  -53.72526200836024
0.26420000000000005       -53.72561461261297
0.26422500000000004       -53.726483000968024
0.26425000000000004       -53.727991155510686
0.26427500000000004       -53.73016821936378
0.26430000000000003       -53.73297154322013
0.26432500000000003       -53.73631295680839
0.26435000000000003       -53.740084177231886
0.264375                  -53.7441783046632
0.2644                    -53.74850565301517
0.264425                  -53.75300344394682
0.26445                   -53.757639916939695
0.264475                  -53.7624140177915
0.2645                    -53.76735197657
0.264525                  -53.77250184463299
0.26455                   -53.777926592561386
0.264575                  -53.78369588718907
0.2646                    -53.78987636669913
0.264625                  -53.796520255771185
0.26465                   -53.80365254731062
0.264675                  -53.81125765260438
0.26470000000000005       -53.81926722112684
0.26472500000000004       -53.82755152746216
0.26475000000000004       -53.835917176582086
0.26477500000000004       -53.84411369077701
0.26480000000000004       -53.851850701234866
0.26482500000000003       -53.858825991625665
0.26485000000000003       -53.86476269819695
0.264875                  -53.86945187838642
0.2649                    -53.872794846538376
0.264925                  -53.87483859879184
0.26495                   -53.875797678976966
0.264975                  -53.87605713216337
0.265                     -53.876153621140105
0.265025                  -53.87673492885896
0.26505                   -53.87850134204085
0.265075                  -53.88213519941913
0.2651                    -53.888226733085986
0.265125                  -53.89720501646953
0.26515                   -53.90928238021958
0.265175                  -53.92441924854167
0.2652                    -53.94231421645098
0.26522500000000004       -53.96242154358993
0.26525000000000004       -53.983995259021555
0.26527500000000004       -54.00615594449676
0.26530000000000004       -54.02797326931729
0.26532500000000003       -54.04855489764445
0.26535000000000003       -54.06713098490762
0.265375                  -54.083123594868255
0.2654                    -54.09619224611661
0.265425                  -54.10625028256505
0.26545                   -54.113451258835646
0.265475                  -54.11814912353335
0.2655                    -54.12083970708342
0.265525                  -54.12209315726405
0.26555                   -54.12248723555802
0.265575                  -54.12254997478388
0.2656                    -54.12271762121776
0.265625                  -54.12331069601974
0.26565                   -54.12452802013544
0.265675                  -54.126456109010974
0.2657                    -54.12908972451491
0.26572500000000004       -54.13235866138828
0.26575000000000004       -54.13615598921534
0.26577500000000004       -54.14036380046076
0.26580000000000004       -54.144873782372414
0.26582500000000003       -54.14960134564544
0.26585000000000003       -54.154493322327156
0.26587500000000003       -54.15953016525069
0.2659                    -54.164724020534294
0.265925                  -54.170114008448394
0.26595                   -54.17575965925985
0.265975                  -54.18173291344424
0.266                     -54.188108638398276
0.266025                  -54.1949534287302
0.26605                   -54.202312650252125
0.266075                  -54.210196250585525
0.2661                    -54.21856466885054
0.266125                  -54.22731702141878
0.26615                   -54.23628436431527
0.266175                  -54.24523098991532
0.2662                    -54.25386622535061
0.26622500000000004       -54.261867995205364
0.26625000000000004       -54.2689175745909
0.26627500000000004       -54.27474274080929
0.26630000000000004       -54.27916433504258
0.26632500000000003       -54.28213956402195
0.26635000000000003       -54.28379468219448
0.26637500000000003       -54.28444031824806
0.2664                    -54.28456468753765
0.266425                  -54.284802974619566
0.26645                   -54.28588471410019
0.266475                  -54.28856436088061
0.2665                    -54.29354281617562
0.266525                  -54.30138908622712
0.26655                   -54.312471401412694
0.266575                  -54.32690614773337
0.2666                    -54.34453110551759
0.266625                  -54.36490699603441
0.26665                   -54.38734839518524
0.266675                  -54.41098184261472
0.2667                    -54.434825660810645
0.26672500000000005       -54.45788294125694
0.26675000000000004       -54.47923685137302
0.26677500000000004       -54.49813644346242
0.26680000000000004       -54.514061974715545
0.26682500000000003       -54.52676151057511
0.26685000000000003       -54.536254926713696
0.26687500000000003       -54.54280651869563
0.2669                    -54.54687218944149
0.266925                  -54.54903061131327
0.26695                   -54.549909238433
0.266975                  -54.55011549430837
0.267                     -54.55018127392029
0.267025                  -54.550525750636595
0.26705                   -54.55143808917184
0.267075                  -54.55307863767155
0.2671                    -54.55549490484249
0.267125                  -54.55864731467413
0.26715                   -54.562439388716314
0.267175                  -54.56674751378196
0.2672                    -54.57144658833062
0.26722500000000005       -54.57642931325375
0.26725000000000004       -54.58161838850539
0.26727500000000004       -54.58697211262529
0.26730000000000004       -54.59248465928107
0.26732500000000003       -54.598182549861704
0.26735000000000003       -54.60411861633433
0.26737500000000003       -54.610364230257574
0.2674                    -54.617000001509666
0.267425                  -54.62410476160529
0.26745                   -54.63174261464066
0.267475                  -54.6399482276399
0.2675                    -54.64871127802197
0.267525                  -54.65796190093467
0.26755                   -54.66755982796669
0.267575                  -54.67729040218025
0.2676                    -54.686870548814156
0.267625                  -54.695966924681876
0.26765                   -54.704226850984426
0.267675                  -54.71132041719767
0.2677                    -54.716989673831584
0.26772500000000005       -54.72109860402935
0.26775000000000004       -54.723676132466466
0.26777500000000004       -54.724944268115706
0.26780000000000004       -54.72532482057695
0.26782500000000004       -54.725420862931664
0.26785000000000003       -54.725972764646244
0.26787500000000003       -54.72779247477382
0.2679                    -54.731683057273116
0.267925                  -54.73835270565718
0.26795                   -54.748333337183944
0.267975                  -54.76191343246323
0.268                     -54.779093282607406
0.268025                  -54.79956851941017
0.26805                   -54.822744964392896
0.268075                  -54.84778459295085
0.2681                    -54.87367891225606
0.268125                  -54.899342537809666
0.26815                   -54.92371665255223
0.268175                  -54.945869953360464
0.2682                    -54.965084280893485
0.268225                  -54.980913828819894
0.26825000000000004       -54.993210611703915
0.26827500000000004       -55.00211412571869
0.26830000000000004       -55.008008775857114
0.26832500000000004       -55.0114574295047
0.26835000000000003       -55.013122400374016
0.26837500000000003       -55.01368582167118
0.2684                    -55.013779894057784
0.268425                  -55.013934510482265
0.26845                   -55.01454607939705
0.268475                  -55.01586775426517
0.2685                    -55.01801829745132
0.268525                  -55.02100478698087
0.26855                   -55.024753425324
0.268575                  -55.029142770782016
0.2686                    -55.03403459780064
0.268625                  -55.039299025090074
0.26865                   -55.04483220006783
0.268675                  -55.05056636336868
0.2687                    -55.05647326418423
0.268725                  -55.06256249456279
0.26875000000000004       -55.068876341671825
0.26877500000000004       -55.075482346618394
0.26880000000000004       -55.08246413565423
0.26882500000000004       -55.089910523155766
0.26885000000000003       -55.0979026120354
0.26887500000000003       -55.10649877840652
0.26890000000000003       -55.11571803438525
0.268925                  -55.12552319064806
0.26895                   -55.13580625340314
0.268975                  -55.146379292436016
0.269                     -55.156974311797164
0.269025                  -55.16725520996001
0.26905                   -55.176843621384535
0.269075                  -55.185358346701605
0.2691                    -55.192465465626164
0.269125                  -55.19793354312365
0.26915                   -55.20168617939434
0.269175                  -55.203843121408454
0.2692                    -55.20474168551857
0.269225                  -55.20493244012239
0.26925000000000004       -55.20514664845627
0.26927500000000004       -55.20623719630108
0.26930000000000004       -55.209098781858515
0.26932500000000004       -55.2145762676361
0.26935000000000003       -55.22337182368689
0.26937500000000003       -55.23596173166308
0.26940000000000003       -55.25253266600541
0.269425                  -55.27294524833586
0.26945                   -55.29672998029362
0.269475                  -55.32311748458803
0.2695                    -55.35110142704501
0.269525                  -55.37952868937072
0.26955                   -55.407207620422696
0.269575                  -55.433022069898556
0.2696                    -55.4560371497772
0.269625                  -55.47558299169398
0.26965                   -55.491305537992005
0.269675                  -55.50317836506351
0.2697                    -55.51147575857877
0.269725                  -55.51671337027311
0.26975000000000005       -55.51956741979331
0.26977500000000004       -55.520785652075055
0.26980000000000004       -55.521102910745114
0.26982500000000004       -55.521171690106925
0.26985000000000003       -55.52151423248553
0.26987500000000003       -55.52249857674772
0.26990000000000003       -55.524337210947365
0.269925                  -55.52710414143503
0.26995                   -55.53076449761173
0.269975                  -55.53521026497292
0.27                      -55.54029624010036
0.270025                  -55.54587157633929
0.27005                   -55.55180400660888
0.270075                  -55.55799562452723
0.2701                    -55.56439063510012
0.270125                  -55.57097649842313
0.27015                   -55.577780271867766
0.270175                  -55.58486175792489
0.2702                    -55.59230447890979
0.270225                  -55.60020480568195
0.27025000000000005       -55.60865905515097
0.27027500000000004       -55.61774826354448
0.27030000000000004       -55.62752073736032
0.27032500000000004       -55.63797332898744
0.27035000000000003       -55.64903348552466
0.27037500000000003       -55.66054518323778
0.27040000000000003       -55.67226255210545
0.270425                  -55.68385500870718
0.27045                   -55.69492684016726
0.270475                  -55.70505236244388
0.2705                    -55.71382516491606
0.270525                  -55.72091693320226
0.27055                   -55.72613850358603
0.270575                  -55.729493844447724
0.2706                    -55.73121721601892
0.270625                  -55.73178518487672
0.27065                   -55.73189837383984
0.270675                  -55.73243224406882
0.2707                    -55.73436093563258
0.270725                  -55.738662283710276
0.27075000000000005       -55.746214865168
0.27077500000000004       -55.75769901080858
0.27080000000000004       -55.77351324285167
0.27082500000000004       -55.79371591307399
0.27085000000000004       -55.817999309424735
0.27087500000000003       -55.845700432887426
0.27090000000000003       -55.875849130467074
0.270925                  -55.907250347520744
0.27095                   -55.9385930816979
0.270975                  -55.96857459844173
0.271                     -55.996025341351526
0.271025                  -56.020018658615605
0.27105                   -56.039950742893964
0.271075                  -56.05558027664891
0.2711                    -56.067023610748535
0.271125                  -56.074708551190184
0.27115                   -56.07929630745659
0.271175                  -56.08158541619719
0.2712                    -56.08241274839276
0.271225                  -56.08256514783464
0.27125000000000005       -56.08271161796955
0.27127500000000004       -56.08336135722002
0.27130000000000004       -56.08484836313303
0.27132500000000004       -56.08733952814973
0.27135000000000004       -56.090860545997984
0.27137500000000003       -56.095332664484225
0.27140000000000003       -56.10061327859438
0.271425                  -56.10653433577195
0.27145                   -56.11293420113385
0.271475                  -56.11968061922332
0.2715                    -56.12668431317313
0.271525                  -56.133904238802074
0.27155                   -56.14134634031921
0.271575                  -56.14905778633455
0.2716                    -56.15711822674004
0.271625                  -56.16562886690091
0.27165                   -56.174699432268994
0.271675                  -56.18443269469764
0.2717                    -56.19490634684964
0.271725                  -56.206152682839026
0.27175                   -56.218137643847435
0.27177500000000004       -56.230742048147675
0.27180000000000004       -56.24374889136902
0.27182500000000004       -56.25684110564472
0.27185000000000004       -56.269613795778504
0.27187500000000003       -56.281603548866784
0.27190000000000003       -56.29233496152861
0.27192500000000003       -56.30138131749096
0.27195                   -56.30843291554318
0.271975                  -56.31336364254487
0.272                     -56.316284815667274
0.272025                  -56.317575712469676
0.27205                   -56.3178827723561
0.272075                  -56.318083825872584
0.2721                    -56.319219014662764
0.272125                  -56.32239518158763
0.27215                   -56.328674430791324
0.272175                  -56.3389596904328
0.2722                    -56.35389038417181
0.272225                  -56.37376006190146
0.27225                   -56.398465541614
0.27227500000000004       -56.42749416983578
0.27230000000000004       -56.45995239652738
0.27232500000000004       -56.494634973817924
0.27235000000000004       -56.53012970326977
0.27237500000000003       -56.56494796873075
0.27240000000000003       -56.59766689449624
0.27242500000000003       -56.62706585384923
0.27245                   -56.65223935762889
0.272475                  -56.672670889077
0.2725                    -56.68825802367648
0.272525                  -56.69928715196433
0.27255                   -56.70636447541253
0.272575                  -56.71031665718259
0.2726                    -56.71207811081061
0.272625                  -56.71258193174104
0.27265                   -56.712668455779195
0.272675                  -56.713020537521146
0.2727                    -56.71412919498897
0.272725                  -56.716288339447814
0.27275                   -56.719613573692904
0.27277500000000005       -56.72407778384348
0.27280000000000004       -56.729555469516214
0.27282500000000004       -56.73586827014179
0.27285000000000004       -56.74282564375204
0.27287500000000003       -56.75025674621686
0.27290000000000003       -56.758031804900135
0.27292500000000003       -56.76607325605764
0.27295                   -56.77435828601891
0.272975                  -56.7829150107329
0.273                     -56.791814375293
0.273025                  -56.80115917024939
0.27305                   -56.8110706845182
0.273075                  -56.821672814643726
0.2731                    -56.83307322644184
0.273125                  -56.84534156924808
0.27315                   -56.858485739958155
0.273175                  -56.87242856786427
0.2732                    -56.88698869024036
0.273225                  -56.90187039523144
0.27325                   -56.91666741990278
0.27327500000000005       -56.93088480041836
0.27330000000000004       -56.9439807479694
0.27332500000000004       -56.95542729126405
0.27335000000000004       -56.964784516765675
0.27337500000000003       -56.9717793924261
0.27340000000000003       -56.97637732287078
0.27342500000000003       -56.97883366773014
0.27345                   -56.97971403073039
0.273475                  -56.97987614986005
0.2735                    -56.980411945977764
0.273525                  -56.98255447456851
0.27355                   -56.987559840954106
0.273575                  -56.99657760711035
0.2736                    -57.010524482841745
0.273625                  -57.02997539927467
0.27365                   -57.05508399411747
0.273675                  -57.08554168506488
0.2737                    -57.12058120836553
0.273725                  -57.15902677108197
0.27375                   -57.19938863357826
0.27377500000000005       -57.239994911159755
0.27380000000000004       -57.27914795776134
0.27382500000000004       -57.31528774466899
0.27385000000000004       -57.347141539610746
0.27387500000000004       -57.37383935285522
0.27390000000000003       -57.394978869781184
0.27392500000000003       -57.41063156916232
0.27395                   -57.421291753954236
0.273975                  -57.42777980432684
0.274                     -57.43111772387897
0.274025                  -57.432397600202734
0.27405                   -57.43266191519883
0.274075                  -57.432809823645236
0.2741                    -57.43353719664086
0.274125                  -57.435311932611256
0.27415                   -57.43838084668753
0.274175                  -57.44280090132633
0.2742                    -57.44848575752538
0.274225                  -57.45525846136424
0.27425                   -57.46290223576096
0.27427500000000005       -57.47120342449502
0.27430000000000004       -57.47998316746231
0.27432500000000004       -57.4891168788141
0.27435000000000004       -57.49854260526729
0.27437500000000004       -57.508260547994254
0.27440000000000003       -57.51832633323908
0.27442500000000003       -57.52884014036411
0.27445                   -57.53993285992972
0.274475                  -57.55174947857306
0.2745                    -57.56442927738577
0.274525                  -57.57808246933724
0.27455                   -57.59276367710234
0.274575                  -57.6084440357583
0.2746                    -57.62498537516362
0.274625                  -57.64212144866387
0.27465                   -57.659452040638655
0.274675                  -57.67645556577732
0.2747                    -57.6925241679142
0.274725                  -57.70702227205415
0.27475                   -57.719365308023654
0.274775                  -57.72911057006063
0.27480000000000004       -57.736047926029144
0.27482500000000004       -57.74027553429907
0.27485000000000004       -57.74224587297187
0.27487500000000004       -57.74277064665793
0.27490000000000003       -57.742979053071835
0.27492500000000003       -57.744231189931966
0.27495                   -57.74799538034463
0.274975                  -57.755703403657314
0.275                     -57.768600237032466
0.275025                  -57.78760498036549
0.27505                   -57.813197816277125
0.275075                  -57.845345000148356
0.2751                    -57.88347060638743
0.275125                  -57.9264802440146
0.27515                   -57.97283794025178
0.275175                  -58.02069245933854
0.2752                    -58.06804331062822
0.275225                  -58.11293009531431
0.27525                   -58.1536229797618
0.275275                  -58.1887889149026
0.27530000000000004       -58.217609597226954
0.27532500000000004       -58.23983387772372
0.27535000000000004       -58.25575839668738
0.27537500000000004       -58.26614298705341
0.27540000000000003       -58.27207843700084
0.27542500000000003       -58.27483074717151
0.27545000000000003       -58.27568692014523
0.275475                  -58.27582326462
0.2755                    -58.276210075710026
0.275525                  -58.277558538461555
0.27555                   -58.28030852201175
0.275575                  -58.28465057841204
0.2756                    -58.290572263192544
0.275625                  -58.297917755794074
0.27565                   -58.30645036003668
0.275675                  -58.31590938479024
0.2757                    -58.32605564838382
0.275725                  -58.336702868196184
0.27575                   -58.34773493581558
0.275775                  -58.3591110715286
0.27580000000000005       -58.37086182399343
0.27582500000000004       -58.38307881760698
0.27585000000000004       -58.395900301017235
0.27587500000000004       -58.40949335673264
0.27590000000000003       -58.42403260170318
0.27592500000000003       -58.43967477738339
0.27595000000000003       -58.45652904357473
0.275975                  -58.47462405280715
0.276                     -58.49387474136188
0.276025                  -58.51405378255006
0.27605                   -58.5347742485622
0.276075                  -58.55549064434417
0.2761                    -58.575524620189235
0.276125                  -58.59411904403999
0.27615                   -58.61051975051872
0.276175                  -58.62407867041953
0.2762                    -58.63436619788299
0.276225                  -58.641276016594574
0.27625                   -58.64510370725708
0.276275                  -58.646582356935625
0.27630000000000005       -58.646864147684596
0.27632500000000004       -58.64744536778314
0.27635000000000004       -58.65004141909165
0.27637500000000004       -58.6564260001049
0.27640000000000003       -58.668253213355314
0.27642500000000003       -58.6868825057888
0.27645000000000003       -58.71322478247744
0.276475                  -58.74762495105109
0.2765                    -58.78979266191734
0.276525                  -58.83878963740632
0.27655                   -58.89307854041849
0.276575                  -58.9506340966559
0.2766                    -59.00911135558401
0.276625                  -59.066058290813416
0.27665                   -59.119151235836725
0.276675                  -59.166424063268586
0.2767                    -59.20645851022265
0.276725                  -59.23850621189753
0.27675                   -59.262523539202896
0.276775                  -59.279116197473876
0.27680000000000005       -59.28940740350448
0.27682500000000004       -59.29485647422629
0.27685000000000004       -59.297060547606264
0.27687500000000004       -59.29757035541805
0.27690000000000003       -59.29774337337989
0.27692500000000003       -59.29864735907847
0.27695000000000003       -59.30101712430278
0.276975                  -59.305259244623336
0.277                     -59.31149404778079
0.277025                  -59.319621624279335
0.27705                   -59.329398366548894
0.277075                  -59.34051214329922
0.2771                    -59.35264709515958
0.277125                  -59.365532596790516
0.27715                   -59.37897452655031
0.277175                  -59.39286999373167
0.2772                    -59.4072086111154
0.277225                  -59.422064047450206
0.27725                   -59.437579061813324
0.277275                  -59.45394592316482
0.27730000000000005       -59.471382650715974
0.27732500000000004       -59.49010448528786
0.27735000000000004       -59.510289878086446
0.27737500000000004       -59.53204125133737
0.27740000000000004       -59.55534272188871
0.27742500000000003       -59.580019477170154
0.27745000000000003       -59.60570594231109
0.277475                  -59.631831565853936
0.2775                    -59.65763327143417
0.277525                  -59.68220178650205
0.27755                   -59.70456485442817
0.277575                  -59.72380393405673
0.2776                    -59.739193256364246
0.277625                  -59.75034267599117
0.27765                   -59.75732078310535
0.277675                  -59.760734251848724
0.2777                    -59.761744391719695
0.277725                  -59.76201162487175
0.27775                   -59.76357073341869
0.277775                  -59.76865098097161
0.27780000000000005       -59.77946287607202
0.27782500000000004       -59.797976209064586
0.27785000000000004       -59.82571262397415
0.27787500000000004       -59.8635721311918
0.27790000000000004       -59.91170857597449
0.27792500000000003       -59.969465443388046
0.27795000000000003       -60.03538068906209
0.277975                  -60.107266635141585
0.278                     -60.18236677887799
0.278025                  -60.25758409353253
0.27805                   -60.32976453680306
0.278075                  -60.39600643976097
0.2781                    -60.45395492366204
0.278125                  -60.502035559640404
0.27815                   -60.53958735283422
0.278175                  -60.56687246150062
0.2782                    -60.58496466921929
0.278225                  -60.595542860772895
0.27825                   -60.600632033832724
0.278275                  -60.60233870068035
0.2783                    -60.6026207181636
0.27832500000000004       -60.603117915250984
0.27835000000000004       -60.60505450054373
0.27837500000000004       -60.60921099697772
0.27840000000000004       -60.61595421309256
0.27842500000000003       -60.62530871146102
0.27845000000000003       -60.637051712356765
0.27847500000000003       -60.65081450790872
0.2785                    -60.66617647669042
0.278525                  -60.682741983586496
0.27855                   -60.70019511435514
0.278575                  -60.71833156886028
0.2786                    -60.737070400067836
0.278625                  -60.756450126816134
0.27865                   -60.776613928820325
0.278675                  -60.79778744732235
0.2787                    -60.8202508148888
0.278725                  -60.8443047407158
0.27875                   -60.87022953566962
0.278775                  -60.898236359330305
0.2788                    -60.92841181114444
0.27882500000000005       -60.96065997461457
0.27885000000000004       -60.9946495348085
0.27887500000000004       -61.02977677968724
0.27890000000000004       -61.06515719835008
0.27892500000000003       -61.099658021067185
0.27895000000000003       -61.13198056281131
0.27897500000000003       -61.160794203107194
0.279                     -61.18491365252579
0.279025                  -61.20349945143176
0.27905                   -61.2162513803576
0.279075                  -61.22355929029136
0.2791                    -61.22657870258304
0.279125                  -61.22720990263395
0.27915                   -61.22797647092929
0.279175                  -61.23181718670516
0.2792                    -61.24181875538347
0.279225                  -61.26092275121272
0.27925                   -61.291638652804735
0.279275                  -61.33578860287664
0.2793                    -61.39430221168058
0.27932500000000005       -61.46707431682131
0.27935000000000004       -61.55289640617336
0.27937500000000004       -61.64947277313806
0.27940000000000004       -61.753533079870806
0.27942500000000003       -61.86105041901924
0.27945000000000003       -61.96756470459511
0.27947500000000003       -62.068593498598226
0.2795                    -62.16008823620763
0.279525                  -62.23887042400949
0.27955                   -62.30297063817035
0.279575                  -62.351802615369664
0.2796                    -62.386137111098606
0.279625                  -62.40788606537936
0.27965                   -62.41975016330662
0.279675                  -62.42480699203409
0.2797                    -62.4261170530939
0.279725                  -62.42640592096889
0.27975                   -62.427853529862965
0.279775                  -62.43199585804999
0.2798                    -62.43972571023323
0.27982500000000005       -62.45136895623996
0.27985000000000004       -62.46680895955906
0.27987500000000004       -62.48563286186435
0.27990000000000004       -62.50727714513065
0.27992500000000003       -62.53115534755403
0.27995000000000003       -62.55675716222186
0.27997500000000003       -62.583714583257446
0.28                      -62.61183634237583
0.280025                  -62.64111569766403
0.28005                   -62.67171813121435
0.280075                  -62.703954711516644
0.2801                    -62.73824445600095
0.280125                  -62.77506612363736
0.28015                   -62.81489773535274
0.280175                  -62.85814178308926
0.2802                    -62.90503607525341
0.280225                  -62.955554416937204
0.28025                   -63.009307233360474
0.280275                  -63.0654587575505
0.2803                    -63.12268305446919
0.28032500000000005       -63.179184050747004
0.28035000000000004       -63.23280257117452
0.28037500000000004       -63.281223813432284
0.28040000000000004       -63.32228047570929
0.28042500000000004       -63.354321499565344
0.28045000000000003       -63.37659006171363
0.28047500000000003       -63.389536844993714
0.2805                    -63.39499560133012
0.280525                  -63.39617156133404
0.28055                   -63.397433211923165
0.280575                  -63.40393981293917
0.2806                    -63.42116534307379
0.280625                  -63.454386288575755
0.28065                   -63.50818830711154
0.280675                  -63.586025155501396
0.2807                    -63.68984359535513
0.280725                  -63.819778452634345
0.28075                   -63.9739262981005
0.280775                  -64.14822386903707
0.2808                    -64.33648365488403
0.28082500000000005       -64.53066328573992
0.28085000000000004       -64.72144881084236
0.28087500000000004       -64.89919077513301
0.28090000000000004       -65.05513093166188
0.28092500000000004       -65.18271424112318
0.28095000000000003       -65.27866217128158
0.28097500000000003       -65.34347950488413
0.281                     -65.38122061754916
0.281025                  -65.39859030758475
0.28105                   -65.40366326129205
0.281075                  -65.40457141318268
0.2811                    -65.408430273354
0.281125                  -65.42063315893617
0.28115                   -65.44451855593869
0.281175                  -65.48134790543259
0.2812                    -65.53051333017474
0.281225                  -65.58990341108071
0.28125                   -65.65636838435785
0.281275                  -65.72623260923096
0.2813                    -65.79580082186462
0.28132500000000005       -65.8618015987368
0.28135000000000004       -65.92171502784589
0.28137500000000004       -65.97394771504956
0.28140000000000004       -66.01784622596979
0.28142500000000004       -66.05357209089271
0.28145000000000003       -66.08188667023126
0.28147500000000003       -66.1039043221097
0.28150000000000003       -66.12086592454118
0.281525                  -66.13396676340709
0.28155                   -66.14425099687404
0.281575                  -66.15256641435025
0.2816                    -66.15956206325764
0.281625                  -66.16570831845934
0.28165                   -66.17132254136604
0.281675                  -66.17659076191876
0.2817                    -66.18158374080815
0.281725                  -66.18627179348817
0.28175                   -66.19054531393367
0.281775                  -66.19424667590617
0.2818                    -66.19721491068165
0.281825                  -66.19933890063056
0.28185000000000004       -66.20060979917159
0.28187500000000004       -66.20116075281005
0.28190000000000004       -66.2012827777476
0.28192500000000004       -66.20140984108887
0.28195000000000003       -66.2020727510353
0.28197500000000003       -66.20382854410968
0.28200000000000003       -66.20717773522756
0.282025                  -66.21248468693788
0.28205                   -66.21991594711223
0.282075                  -66.22940798924293
0.2821                    -66.24067022676832
0.282125                  -66.25322264862271
0.28215                   -66.26646116747958
0.282175                  -66.27973887718429
0.2822                    -66.29244881928321
0.282225                  -66.30409416525302
0.28225                   -66.31433489441802
0.282275                  -66.32300538166362
0.2823                    -66.33010358425196
0.282325                  -66.33575820731751
0.28235000000000005       -66.34018391619344
0.28237500000000004       -66.34363556975691
0.28240000000000004       -66.34637064329996
0.28242500000000004       -66.34862525136195
0.28245000000000003       -66.35060463610631
0.28247500000000003       -66.35248488217576
0.28250000000000003       -66.35441994736907
0.282525                  -66.35654742485912
0.28255                   -66.35898780777842
0.282575                  -66.36183493593565
0.2826                    -66.36513893599809
0.282625                  -66.36888633680297
0.28265                   -66.37298424846018
0.282675                  -66.37725592078871
0.2827                    -66.38145343521184
0.282725                  -66.3852899508201
0.28275                   -66.3884894383193
0.282775                  -66.39084715033918
0.2828                    -66.39229030283283
0.282825                  -66.39292660545169
0.28285000000000005       -66.39306905571394
0.28287500000000004       -66.39322886987023
0.28290000000000004       -66.39407391427592
0.28292500000000004       -66.39635631609436
0.28295000000000003       -66.40081867033298
0.28297500000000003       -66.40809226404565
0.28300000000000003       -66.41860238148497
0.283025                  -66.43249497804821
0.28305                   -66.44959617978851
0.283075                  -66.46941172200121
0.2831                    -66.49116810599041
0.283125                  -66.51389141637269
0.28315                   -66.53651399357851
0.283175                  -66.5579943045685
0.2832                    -66.57743241014518
0.283225                  -66.59416337818827
0.28325                   -66.60781436179786
0.283275                  -66.61831752095743
0.2833                    -66.62587922555507
0.283325                  -66.63091407560415
0.28335000000000005       -66.6339582374441
0.28337500000000004       -66.63557910296076
0.28340000000000004       -66.63629704301991
0.28342500000000004       -66.63653073103855
0.28345000000000004       -66.63657144229748
0.28347500000000003       -66.63658534940507
0.28350000000000003       -66.63663744683302
0.283525                  -66.63672731639845
0.28355                   -66.63682601927246
0.283575                  -66.63690500392532
0.2836                    -66.63695158074563
0.283625                  -66.63697031314558
0.28365                   -66.6369744121388
0.283675                  -66.63697468235033
0.2837                    -66.6369748165613
0.283725                  -66.63698045101036
0.28375                   -66.63702558106577
0.283775                  -66.63721450845483
0.2838                    -66.63777172168255
0.283825                  -66.63908748899254
0.28385000000000005       -66.64174482051885
0.28387500000000004       -66.6465146581518
0.28390000000000004       -66.65431067761295
0.28392500000000004       -66.6661020662587
0.28395000000000004       -66.68279060068764
0.28397500000000003       -66.70506571675959
0.28400000000000003       -66.7332568607182
0.284025                  -66.76720567035478
0.28405                   -66.80618134955705
0.284075                  -66.84886086559334
0.2841                    -66.89339081805183
0.284125                  -66.93753910044907
0.28415                   -66.97893109732328
0.284175                  -67.0153477769289
0.2842                    -67.04504475716453
0.284225                  -67.0670379098936
0.28425                   -67.08129881840412
0.284275                  -67.08881631731926
0.2843                    -67.09150659763579
0.284325                  -67.09198608820442
0.28435000000000005       -67.09324807439599
0.28437500000000004       -67.09829795040743
0.28440000000000004       -67.10980136126949
0.28442500000000004       -67.1297882466618
0.28445000000000004       -67.15944046500893
0.28447500000000003       -67.19897677915424
0.28450000000000003       -67.2476390529828
0.28452500000000003       -67.30377701841576
0.28455                   -67.36502361728907
0.284575                  -67.42854625344967
0.2846                    -67.49135016344275
0.284625                  -67.55059966031592
0.28465                   -67.60391473465609
0.284675                  -67.64959908621142
0.2847                    -67.68676452845027
0.284725                  -67.71533557718067
0.28475                   -67.73594214484703
0.284775                  -67.74973017459413
0.2848                    -67.75813311057858
0.284825                  -67.76264840187183
0.28485                   -67.7646543096497
0.28487500000000004       -67.76528756524118
0.28490000000000004       -67.7653868585257
0.28492500000000004       -67.7654944019769
0.28495000000000004       -67.76589974077045
0.28497500000000003       -67.76670685744553
0.28500000000000003       -67.76790679777731
0.28502500000000003       -67.76944235575468
0.28505                   -67.77125736195359
0.285075                  -67.77332927961217
0.2851                    -67.77568869184448
0.285125                  -67.77843180612804
0.28515                   -67.78173187648252
0.285175                  -67.78585276212974
0.2852                    -67.79116367876807
0.285225                  -67.7981499271051
0.28525                   -67.80741141024859
0.285275                  -67.819640135215
0.2853                    -67.83557005470473
0.285325                  -67.85589723353573
0.28535                   -67.88117451454292
0.28537500000000005       -67.91169142822027
0.28540000000000004       -67.94735591708684
0.28542500000000004       -67.98759864241771
0.28545000000000004       -68.03132248971507
0.28547500000000003       -68.076918601799
0.28550000000000003       -68.1223648350258
0.28552500000000003       -68.16541196517764
0.28555                   -68.20384708058154
0.285575                  -68.23580420908571
0.2856                    -68.26007396314934
0.285625                  -68.27635362157724
0.28565                   -68.28538277948394
0.285675                  -68.28892930758974
0.2857                    -68.28962102306286
0.285725                  -68.29065014366306
0.28575                   -68.29539994513304
0.285775                  -68.30705056437318
0.2858                    -68.32821486320529
0.285825                  -68.36064176410183
0.28585                   -68.40501040564027
0.28587500000000005       -68.46082834531862
0.28590000000000004       -68.52644169148518
0.28592500000000004       -68.59916211556278
0.28595000000000004       -68.67551104655152
0.28597500000000003       -68.75157095483777
0.28600000000000003       -68.82341578792662
0.28602500000000003       -68.88757005038418
0.28605                   -68.94142656491718
0.286075                  -68.98354720466358
0.2861                    -69.01378663735451
0.286125                  -69.03321539002168
0.28615                   -69.04386400839098
0.286175                  -69.04834835092447
0.2862                    -69.04945450415718
0.286225                  -69.04975764839102
0.28625                   -69.0513289157507
0.286275                  -69.05555811605635
0.2863                    -69.06309652182264
0.286325                  -69.07390659464431
0.28635                   -69.08739469154821
0.28637500000000005       -69.10259683803375
0.28640000000000004       -69.11838523805817
0.28642500000000004       -69.13366396929332
0.28645000000000004       -69.14752667624377
0.28647500000000004       -69.15935726571371
0.28650000000000003       -69.16886585863429
0.28652500000000003       -69.17606453713778
0.28655                   -69.18119802124339
0.286575                  -69.1846508811028
0.2866                    -69.18685401504435
0.286625                  -69.18820924079937
0.28665                   -69.18904352763724
0.286675                  -69.18959576320546
0.2867                    -69.19003103683309
0.286725                  -69.19047177273151
0.28675                   -69.19103254053145
0.286775                  -69.19184619199976
0.2868                    -69.19307264498744
0.286825                  -69.19488712929973
0.28685                   -69.19745065787932
0.28687500000000005       -69.2008704994301
0.28690000000000004       -69.20516141151901
0.28692500000000004       -69.21021877379441
0.28695000000000004       -69.21581255364742
0.28697500000000004       -69.22160674809454
0.28700000000000003       -69.22720344265679
0.28702500000000003       -69.2322050124446
0.28705                   -69.23628343886298
0.287075                  -69.23924328870336
0.2871                    -69.24106530779216
0.287125                  -69.24192091859896
0.28715                   -69.24215353576703
0.287175                  -69.2422292443741
0.2872                    -69.24266546441618
0.287225                  -69.24395038315862
0.28725                   -69.24646738187509
0.287275                  -69.25043733684502
0.2873                    -69.25588804494194
0.287325                  -69.2626549518326
0.28735                   -69.27041180276264
0.28737500000000005       -69.27872472109033
0.28740000000000004       -69.28711937594473
0.28742500000000004       -69.29514899787512
0.28745000000000004       -69.302451445264
0.28747500000000004       -69.30878630887453
0.28750000000000003       -69.3140476303605
0.28752500000000003       -69.31825317122069
0.28755000000000003       -69.32151602250505
0.287575                  -69.32400752590456
0.2876                    -69.32592125949301
0.287625                  -69.32744614501851
0.28765                   -69.32875310477593
0.287675                  -69.32999513935908
0.2877                    -69.33131641938124
0.287725                  -69.33286310395344
0.28775                   -69.33478790748208
0.287775                  -69.33724220924687
0.2878                    -69.34035340819224
0.287825                  -69.34419038218327
0.28785                   -69.3487250624945
0.28787500000000005       -69.35380194682935
0.28790000000000004       -69.35912870130156
0.28792500000000004       -69.36429910682668
0.28795000000000004       -69.3688543309437
0.28797500000000004       -69.37238039847182
0.28800000000000003       -69.37463015481627
0.28802500000000003       -69.37564910526069
0.28805000000000003       -69.37587882677349
0.288075                  -69.37621139127774
0.2881                    -69.37797430835613
0.288125                  -69.3828368376116
0.28815                   -69.39264233977467
0.288175                  -69.40918419190312
0.2882                    -69.43395203484256
0.288225                  -69.46787988591089
0.28825                   -69.51112883878346
0.288275                  -69.56293629505068
0.2883                    -69.62156184914683
0.288325                  -69.68435622748456
0.28835                   -69.74797122230218
0.288375                  -69.8087116357606
0.28840000000000005       -69.8630029100447
0.28842500000000004       -69.90791375323441
0.28845000000000004       -69.94164235385955
0.28847500000000004       -69.96386304193545
0.28850000000000003       -69.97584938907649
0.28852500000000003       -69.98033869531606
0.28855000000000003       -69.98116476514741
0.288575                  -69.98273659291738
0.2886                    -69.98946255904185
0.288625                  -70.00521113557151
0.28865                   -70.03287162311621
0.288675                  -70.07404795631389
0.2887                    -70.1288963978281
0.288725                  -70.19610731280827
0.28875                   -70.27302888058314
0.288775                  -70.3559297529337
0.2888                    -70.44039115609955
0.288825                  -70.52180231895106
0.28885                   -70.59590751230834
0.288875                  -70.65932670536408
0.28890000000000005       -70.70995849569611
0.28892500000000004       -70.74718586610838
0.28895000000000004       -70.77184484683293
0.28897500000000004       -70.78597153120936
0.28900000000000003       -70.79239317907809
0.28902500000000003       -70.79425608213386
0.28905000000000003       -70.79458060117983
0.289075                  -70.79590963674369
0.2891                    -70.80008433676471
0.289125                  -70.80815172912801
0.28915                   -70.82038880309848
0.289175                  -70.83641651122957
0.2892                    -70.85537273498316
0.289225                  -70.87611284295427
0.28925                   -70.89740857190436
0.289275                  -70.9181202537522
0.2893                    -70.9373240162846
0.289325                  -70.9543842069024
0.28935                   -70.96897085134894
0.289375                  -70.98103074859748
0.28940000000000005       -70.9907270165593
0.28942500000000004       -70.99836438364702
0.28945000000000004       -71.0043161772697
0.28947500000000004       -71.00896469079943
0.28950000000000004       -71.01266088904066
0.28952500000000003       -71.01570378208118
0.28955000000000003       -71.01833547096332
0.289575                  -71.02074552470233
0.2896                    -71.02307811073943
0.289625                  -71.02543683219639
0.28965                   -71.02788487820709
0.289675                  -71.03044107036408
0.2897                    -71.03307490550945
0.289725                  -71.03570513758
0.28975                   -71.03820646460514
0.289775                  -71.04042746284114
0.2898                    -71.04222032593378
0.289825                  -71.04347977551117
0.28985                   -71.044185432501
0.289875                  -71.044439734637
0.28990000000000005       -71.04449278229052
0.28992500000000004       -71.04474662522047
0.28995000000000004       -71.04573438188227
0.28997500000000004       -71.0480736867166
0.29000000000000004       -71.05239846798479
0.29002500000000003       -71.0592770873927
0.29005000000000003       -71.06912771467726
0.290075                  -71.08214306932136
0.2901                    -71.09823625510826
0.290125                  -71.11701745189072
0.29015                   -71.1378078810869
0.290175                  -71.15969292222987
0.2902                    -71.18161080904223
0.290225                  -71.20246748986277
0.29025                   -71.22126289426835
0.290275                  -71.237210231729
0.2903                    -71.24982931831093
0.290325                  -71.258998072213
0.29035                   -71.26495307202134
0.290375                  -71.26823912383523
0.29040000000000005       -71.26961700553917
0.29042500000000004       -71.26994573792092
0.29045000000000004       -71.27005933586913
0.29047500000000004       -71.27065758226004
0.29050000000000004       -71.27222653563928
0.29052500000000003       -71.27499842332765
0.29055000000000003       -71.27895358906034
0.290575                  -71.2838603776866
0.2906                    -71.28934312336952
0.290625                  -71.29496447860421
0.29065                   -71.3003067659149
0.290675                  -71.30503820437366
0.2907                    -71.30895369015794
0.290725                  -71.3119856397931
0.29075                   -71.31418702359213
0.290775                  -71.31569462432853
0.2908                    -71.31668437221171
0.290825                  -71.31733146630341
0.29085                   -71.31778576342208
0.290875                  -71.31816818920204
0.29090000000000005       -71.3185878357968
0.29092500000000004       -71.31917336616753
0.29095000000000004       -71.32010775772598
0.29097500000000004       -71.32165343336476
0.29100000000000004       -71.32415605857491
0.29102500000000003       -71.32801961623946
0.29105000000000003       -71.33365193797144
0.29107500000000003       -71.34138726190568
0.2911                    -71.35139902706604
0.291125                  -71.36362063226734
0.29115                   -71.37769334967457
0.291175                  -71.39295853092081
0.2912                    -71.40850559520774
0.291225                  -71.42327832778795
0.29125                   -71.4362306037775
0.291275                  -71.44651055408386
0.2913                    -71.45364218330938
0.291325                  -71.45766879163978
0.29135                   -71.45922576529199
0.291375                  -71.45952174275041
0.2914                    -71.46022431092562
0.29142500000000005       -71.46326454113218
0.29145000000000004       -71.4705889557723
0.29147500000000004       -71.48389492212158
0.29150000000000004       -71.50438581762575
0.29152500000000003       -71.53257765973278
0.29155000000000003       -71.5681819508357
0.29157500000000003       -71.6100820231404
0.2916                    -71.65641227717148
0.291625                  -71.70474012550739
0.29165                   -71.75233768856016
0.291675                  -71.79651425569907
0.2917                    -71.83496395439589
0.291725                  -71.86607160597714
0.29175                   -71.88911989896394
0.291775                  -71.90435646006898
0.2918                    -71.91290780539163
0.291825                  -71.91656009540957
0.29185                   -71.91745338162806
0.291875                  -71.91774890412574
0.2919                    -71.91932651507445
0.29192500000000005       -71.92355561181374
0.29195000000000004       -71.9311644802312
0.29197500000000004       -71.94221495690888
0.29200000000000004       -71.95617440831752
0.29202500000000003       -71.97206554380111
0.29205000000000003       -71.98866607684221
0.29207500000000003       -72.00472477247393
0.2921                    -72.01915893740973
0.292125                  -72.03120225978616
0.29215                   -72.04048162485205
0.292175                  -72.04701586337487
0.2922                    -72.05114520460896
0.292225                  -72.05341353020812
0.29225                   -72.05443307788735
0.292275                  -72.05476162513591
0.2923                    -72.05481610651503
0.292325                  -72.05483624261545
0.29235                   -72.05489973321008
0.292375                  -72.05497933149617
0.2924                    -72.05502361758836
0.29242500000000005       -72.05503892480912
0.29245000000000004       -72.0551503977761
0.29247500000000004       -72.05562548141204
0.29250000000000004       -72.05685214150569
0.29252500000000003       -72.05927479140057
0.29255000000000003       -72.06330083847038
0.29257500000000003       -72.06919784998783
0.2926                    -72.07700428489117
0.292625                  -72.08647523996689
0.29265                   -72.09707915287575
0.292675                  -72.10805272968499
0.2927                    -72.11851062100723
0.292725                  -72.12759502814394
0.29275                   -72.13464048642771
0.292775                  -72.13932298523873
0.2928                    -72.14176257069305
0.292825                  -72.14255562891192
0.29285                   -72.14272606810272
0.292875                  -72.1436004284478
0.2929                    -72.14662640391042
0.29292500000000005       -72.15316391173755
0.29295000000000004       -72.16428118663228
0.29297500000000004       -72.18058600114043
0.29300000000000004       -72.20211586737379
0.29302500000000004       -72.22830285108478
0.29305000000000003       -72.25801953346104
0.29307500000000003       -72.28970291716904
0.2931                    -72.32154263421269
0.293125                  -72.35170922532534
0.29315                   -72.37858929318878
0.293175                  -72.40098981873865
0.2932                    -72.4182766706295
0.293225                  -72.4304234036441
0.29325                   -72.43796395761608
0.293275                  -72.44186226455783
0.2933                    -72.44332754889543
0.293325                  -72.4436121760076
0.29335                   -72.44382811834653
0.293375                  -72.4448101449165
0.2934                    -72.44704187811368
0.29342500000000005       -72.45064807748815
0.29345000000000004       -72.45544519799853
0.29347500000000004       -72.46103376089938
0.29350000000000004       -72.46691107420264
0.29352500000000004       -72.47258173738012
0.29355000000000003       -72.47764624479882
0.29357500000000003       -72.4818543952607
0.2936                    -72.48511889320172
0.293625                  -72.48749360173086
0.29365                   -72.48912827829119
0.293675                  -72.49021560251882
0.2937                    -72.49094612709834
0.293725                  -72.49148276935587
0.29375                   -72.49195983177711
0.293775                  -72.49250402057987
0.2938                    -72.49326834642387
0.293825                  -72.4944656920261
0.29385                   -72.49638819466546
0.293875                  -72.49940159692184
0.2939                    -72.50390967838021
0.29392500000000005       -72.51029139509112
0.29395000000000004       -72.51882068610195
0.29397500000000004       -72.529584450533
0.29400000000000004       -72.54241683293398
0.29402500000000004       -72.55686716575232
0.29405000000000003       -72.57221471337712
0.29407500000000003       -72.58753613071063
0.29410000000000003       -72.60182206258546
0.294125                  -72.61412888952091
0.29415                   -72.62374226291041
0.294175                  -72.63032324194339
0.2942                    -72.63400780379199
0.294225                  -72.63543724341301
0.29425                   -72.63570942991281
0.294275                  -72.63625594324243
0.2943                    -72.63866376143557
0.294325                  -72.6444690930041
0.29435                   -72.6549537567689
0.294375                  -72.67097188718199
0.2944                    -72.69282863178192
0.29442500000000005       -72.72022493849012
0.29445000000000005       -72.75227477059947
0.29447500000000004       -72.78759344401006
0.29450000000000004       -72.82444800892773
0.29452500000000004       -72.86095261105073
0.29455000000000003       -72.8952842873637
0.29457500000000003       -72.92588940620887
0.29460000000000003       -72.95165017159411
0.294625                  -72.97198590433743
0.29465                   -72.98687506226752
0.294675                  -72.9967988067308
0.2947                    -73.00262144743394
0.294725                  -73.00543339681701
0.29475                   -73.00638602385183
0.294775                  -73.00654499129338
0.2948                    -73.00678113738192
0.294825                  -73.0077083717425
0.29485                   -73.00966879182481
0.294875                  -73.01275787362245
0.2949                    -73.01687788187799
0.294925                  -73.02180569930937
0.29495000000000005       -73.0272618363823
0.29497500000000004       -73.032969957549
0.29500000000000004       -73.03870015996428
0.29502500000000004       -73.0442936245616
0.29505000000000003       -73.0496702340451
0.29507500000000003       -73.05482355202554
0.29510000000000003       -73.0598087259346
0.295125                  -73.064728382243
0.29515                   -73.0697198173267
0.295175                  -73.07494443066327
0.2952                    -73.08057817019628
0.295225                  -73.08680042793459
0.29525                   -73.09377872769485
0.295275                  -73.10164771853003
0.2953                    -73.11048311719638
0.295325                  -73.12027376249678
0.29535                   -73.1308971616994
0.295375                  -73.14210517691313
0.2954                    -73.1535263486715
0.295425                  -73.16468957088043
0.29545000000000005       -73.17507051177418
0.29547500000000004       -73.18415777565141
0.29550000000000004       -73.19153112136672
0.29552500000000004       -73.19694013811377
0.29555000000000003       -73.20036970669432
0.29557500000000003       -73.20207915501672
0.29560000000000003       -73.2026054613777
0.295625                  -73.20272659443897
0.29565                   -73.20338784636188
0.295675                  -73.2056002684237
0.2957                    -73.21032474458579
0.295725                  -73.21835714900318
0.29575                   -73.23022945133718
0.295775                  -73.24613909704432
0.2958                    -73.26591521806
0.295825                  -73.28902583845645
0.29585                   -73.31462561804821
0.295875                  -73.34163905735291
0.2959                    -73.36886972868983
0.295925                  -73.39512244345867
0.29595000000000005       -73.41932298065879
0.29597500000000004       -73.44061981647617
0.29600000000000004       -73.4584546848576
0.29602500000000004       -73.47259365782583
0.29605000000000004       -73.4831169233848
0.29607500000000003       -73.49037215698023
0.29610000000000003       -73.49490181199155
0.296125                  -73.49735767511953
0.29615                   -73.49841625191993
0.296175                  -73.49870632720848
0.2962                    -73.49875625653792
0.296225                  -73.49896421343624
0.29625                   -73.49959063460162
0.296275                  -73.50076907471029
0.2963                    -73.50252987875295
0.296325                  -73.50483051033143
0.29635                   -73.50758686656911
0.296375                  -73.51070117326752
0.2964                    -73.51408373117879
0.296425                  -73.51766750645575
0.29645000000000005       -73.52141600075869
0.29647500000000004       -73.52532577374284
0.29650000000000004       -73.52942532879172
0.29652500000000004       -73.5337718627237
0.29655000000000004       -73.53844679337222
0.29657500000000003       -73.54355025402597
0.29660000000000003       -73.54919412979639
0.296625                  -73.55549291088022
0.29665                   -73.56255175823891
0.296675                  -73.57045170991225
0.2967                    -73.57923279067761
0.296725                  -73.5888767366123
0.29675                   -73.59929188279737
0.296775                  -73.61030326950035
0.2968                    -73.62165103314781
0.296825                  -73.63299957181087
0.29685                   -73.64395880735921
0.296875                  -73.65411720928716
0.2969                    -73.66308431102509
0.296925                  -73.67053854229867
0.29695000000000005       -73.67627468582592
0.29697500000000004       -73.68024450581927
0.29700000000000004       -73.68258434717814
0.29702500000000004       -73.68362483047352
0.29705000000000004       -73.68387999253572
0.29707500000000003       -73.68401595158599
0.29710000000000003       -73.68480189145555
0.29712500000000003       -73.68704837067467
0.29715                   -73.69153933319981
0.297175                  -73.69896460832761
0.2972                    -73.70985923330352
0.297225                  -73.72455485793492
0.29725                   -73.7431470817785
0.297275                  -73.7654810622658
0.2973                    -73.79115626078868
0.297325                  -73.81954982257072
0.29735                   -73.84985680598223
0.297375                  -73.88114427355353
0.2974                    -73.91241516836305
0.297425                  -73.94267701239768
0.29745000000000005       -73.97100990402036
0.29747500000000004       -73.99662821390979
0.29750000000000004       -74.01893090622922
0.29752500000000004       -74.03753656937754
0.29755000000000004       -74.0523009106711
0.29757500000000003       -74.0633163976606
0.29760000000000003       -74.07089560088215
0.29762500000000003       -74.0755413026938
0.29765                   -74.07790735839151
0.297675                  -74.0787545422948
0.2977                    -74.07890524920826
0.297725                  -74.07920012832673
0.29775                   -74.08045871859025
0.297775                  -74.08344514531228
0.2978                    -74.08883909388877
0.297825                  -74.09721169237443
0.29785                   -74.10900564775632
0.297875                  -74.12451898393145
0.2979                    -74.14389197295749
0.297925                  -74.1670972656756
0.29795                   -74.19393374567548
0.29797500000000005       -74.22402516324635
0.29800000000000004       -74.25682505281577
0.29802500000000004       -74.29162970086932
0.29805000000000004       -74.32760089942873
0.29807500000000003       -74.3637997831806
0.29810000000000003       -74.39923213576853
0.29812500000000003       -74.43290416312615
0.29815                   -74.4638859877559
0.298175                  -74.49137826970919
0.2982                    -74.51477577940338
0.298225                  -74.5337208689402
0.29825                   -74.548139976373
0.298275                  -74.55825771374305
0.2983                    -74.5645856059381
0.298325                  -74.56788573215904
0.29835                   -74.56911275368454
0.298375                  -74.56934045675285
0.2984                    -74.56968052966288
0.298425                  -74.57120165246533
0.29845                   -74.57485622412224
0.29847500000000005       -74.58142050283195
0.29850000000000004       -74.59145197990088
0.29852500000000004       -74.60526579685916
0.29855000000000004       -74.62293018996178
0.29857500000000003       -74.6442794294905
0.29860000000000003       -74.66894154893036
0.29862500000000003       -74.69637732332261
0.29865                   -74.7259264485321
0.298675                  -74.75685669546742
0.2987                    -74.78841197406578
0.298725                  -74.81985574239091
0.29875                   -74.8505070071853
0.298775                  -74.87976720637059
0.2988                    -74.90713741537174
0.298825                  -74.93222642825667
0.29885                   -74.95475118786456
0.298875                  -74.97453165816724
0.2989                    -74.99148249111344
0.298925                  -75.00560375405945
0.29895                   -75.01697260529207
0.29897500000000005       -75.02573721931195
0.29900000000000004       -75.03211356658429
0.29902500000000004       -75.03638492429657
0.29905000000000004       -75.03890330588187
0.29907500000000004       -75.04009142015173
0.29910000000000003       -75.04044337124684
0.29912500000000003       -75.04052213417039
0.29915                   -75.04095192379089
0.299175                  -75.04240393594851
0.2992                    -75.0455745603974
0.299225                  -75.05115599334177
0.29925                   -75.05980012361168
0.299275                  -75.07207752376712
0.2993                    -75.08843424631426
0.299325                  -75.10914982877065
0.29935                   -75.13430038524592
0.299375                  -75.16373085717865
0.2994                    -75.19704036779775
0.299425                  -75.23358411236859
0.29945                   -75.27249425299446
0.29947500000000005       -75.31272083374472
0.29950000000000004       -75.35309179298292
0.29952500000000004       -75.39238880928582
0.29955000000000004       -75.42943323748
0.29957500000000004       -75.4631742055171
0.29960000000000003       -75.49276958066113
0.29962500000000003       -75.51765047235578
0.29965                   -75.53756147698219
0.299675                  -75.55257187721439
0.2997                    -75.56305697551979
0.299725                  -75.56965285687286
0.29975                   -75.57319128188291
0.299775                  -75.5746234585971
0.2998                    -75.57494187095554
0.299825                  -75.57510831862726
0.29985                   -75.57599429715664
0.299875                  -75.57833737303062
0.2999                    -75.58271478163296
0.299925                  -75.58953343981867
0.29995                   -75.59903408885232
0.29997500000000005       -75.61130639181118
0.30000000000000004       -75.62631143570832
0.30002500000000004       -75.64390813062775
0.30005000000000004       -75.66388034759837
0.30007500000000004       -75.68596218161001
0.30010000000000003       -75.70985937743671
0.30012500000000003       -75.73526565919025
0.30015000000000003       -75.76187339406908
0.300175                  -75.78937863296343
0.3002                    -75.81748108774127
0.300225                  -75.84588003894548
0.30025                   -75.87426753846931
0.300275                  -75.90232058997896
0.3003                    -75.9296942414479
0.300325                  -75.95601769484142
0.30035                   -75.98089561060435
0.300375                  -76.00391669397607
0.3004                    -76.02467127782009
0.300425                  -76.04277885241034
0.30045                   -76.05792529210396
0.30047500000000005       -76.06990794058623
0.30050000000000004       -76.07868491236196
0.30052500000000004       -76.08442324259757
0.30055000000000004       -76.0875392449987
0.30057500000000004       -76.08872399888604
0.30060000000000003       -76.08894754892326
0.30062500000000003       -76.08943719300613
0.30065000000000003       -76.09162790177389
0.300675                  -76.0970859843335
0.3007                    -76.1074100393685
0.300725                  -76.12411556076228
0.30075                   -76.14851109685716
0.300775                  -76.18157467593713
0.3008                    -76.22383960597313
0.300825                  -76.27529909265319
0.30085                   -76.3353396264922
0.300875                  -76.4027136908771
0.3009                    -76.47556251193643
0.300925                  -76.55149831294165
0.30095                   -76.62775160342416
0.30097500000000005       -76.7013814121705
0.30100000000000005       -76.76953500893256
0.30102500000000004       -76.82973023564539
0.30105000000000004       -76.88012182120688
0.30107500000000004       -76.91970790690942
0.30110000000000003       -76.94843840813822
0.30112500000000003       -76.96720328686416
0.30115000000000003       -76.97770224553688
0.301175                  -76.98222050624094
0.3012                    -76.9833510749887
0.301225                  -76.98370846617229
0.30125                   -76.9856730769288
0.301275                  -76.99119328137097
0.3013                    -77.0016586339871
0.301325                  -77.01784583354583
0.30135                   -77.03993078650424
0.301375                  -77.06755507550623
0.3014                    -77.09993247961461
0.301425                  -77.13598001046
0.30145                   -77.17445773489149
0.301475                  -77.21410242529339
0.30150000000000005       -77.25374204546473
0.30152500000000004       -77.29238139389108
0.30155000000000004       -77.32925369154204
0.30157500000000004       -77.36383789349995
0.30160000000000003       -77.39584609574626
0.30162500000000003       -77.42518868952071
0.30165000000000003       -77.45192633602576
0.301675                  -77.47621739725807
0.3017                    -77.49826767075508
0.301725                  -77.51828692442777
0.30175                   -77.53645459703762
0.301775                  -77.55289565056762
0.3018                    -77.56766709282746
0.301825                  -77.58075592035561
0.30185                   -77.59208967488132
0.301875                  -77.60156087237065
0.3019                    -77.60906576252988
0.301925                  -77.61455599554233
0.30195                   -77.61809899321946
0.301975                  -77.61993972552139
0.30200000000000005       -77.62055404892601
0.30202500000000004       -77.62068267648169
0.30205000000000004       -77.62133585726184
0.30207500000000004       -77.62376204232501
0.30210000000000004       -77.62937865871548
0.30212500000000003       -77.63966858215053
0.30215000000000003       -77.65605085672397
0.302175                  -77.67973781467425
0.3022                    -77.71159270132719
0.302225                  -77.75200241135127
0.30225                   -77.80077947112181
0.302275                  -77.85710638649915
0.3023                    -77.91953394085728
0.302325                  -77.98604243508953
0.30235                   -78.05417027509546
0.302375                  -78.12120685242387
0.3024                    -78.1844362166952
0.302425                  -78.24140599113099
0.30245                   -78.29018548831536
0.302475                  -78.32957226313526
0.30250000000000005       -78.35921089179756
0.30252500000000004       -78.37960224484638
0.30255000000000004       -78.39200260737977
0.30257500000000004       -78.3982333847585
0.30260000000000004       -78.4004373673553
0.30262500000000003       -78.40082289543655
0.30265000000000003       -78.40143297765627
0.302675                  -78.40396574850202
0.3027                    -78.40965986396306
0.302725                  -78.41924690041404
0.30275                   -78.43296422324374
0.302775                  -78.4506163591464
0.3028                    -78.47167009601476
0.302825                  -78.49536766288074
0.30285                   -78.52084293697577
0.302875                  -78.54722748197928
0.3029                    -78.57373623795499
0.302925                  -78.59972662161854
0.30295                   -78.62472916188308
0.302975                  -78.64845188804753
0.30300000000000005       -78.6707637899349
0.30302500000000004       -78.69166428280451
0.30305000000000004       -78.71124562829851
0.30307500000000004       -78.72965400683897
0.30310000000000004       -78.74705302473669
0.30312500000000003       -78.76359157782484
0.30315000000000003       -78.77937676746467
0.30317500000000003       -78.79445226897698
0.3032                    -78.80878313037782
0.303225                  -78.82224905352558
0.30325                   -78.83464919422086
0.303275                  -78.84572178721062
0.3033                    -78.85518094711011
0.303325                  -78.86277059793278
0.30335                   -78.86833186158808
0.303375                  -78.87187608177415
0.3034                    -78.87365203878718
0.303425                  -78.87419399540937
0.30345                   -78.87433791353428
0.303475                  -78.87519676664684
0.30350000000000005       -78.87809177738916
0.30352500000000004       -78.88444337117176
0.30355000000000004       -78.89563213837137
0.30357500000000004       -78.91284490754983
0.30360000000000004       -78.93692358328155
0.30362500000000003       -78.96823481168562
0.30365000000000003       -79.00657730894164
0.30367500000000003       -79.0511412650977
0.3037                    -79.10053064563067
0.303725                  -79.15285401273215
0.30375                   -79.2058820518896
0.303775                  -79.25726014153952
0.3038                    -79.30475303447298
0.303825                  -79.34648858336297
0.30385                   -79.381162128938
0.303875                  -79.40816603106771
0.3039                    -79.42762098049157
0.303925                  -79.4403048151254
0.30395                   -79.44749517321306
0.303975                  -79.45075828823734
0.30400000000000005       -79.45172338747687
0.30402500000000005       -79.4518797873541
0.30405000000000004       -79.45242426512954
0.30407500000000004       -79.4541734204949
0.30410000000000004       -79.45754297506784
0.30412500000000003       -79.4625854985958
0.30415000000000003       -79.46907086277153
0.30417500000000003       -79.47659000284135
0.3042                    -79.48466218923302
0.304225                  -79.49282868917523
0.30425                   -79.50072087677458
0.304275                  -79.50809756431218
0.3043                    -79.51485322219435
0.304325                  -79.521004344631
0.30435                   -79.52666430232223
0.304375                  -79.53201705418888
0.3044                    -79.537297335553
0.304425                  -79.54278037598303
0.30445                   -79.54877920534882
0.304475                  -79.55564359042503
0.3045                    -79.56375270367539
0.30452500000000005       -79.57349429745696
0.30455000000000004       -79.58522630733727
0.30457500000000004       -79.5992216985611
0.30460000000000004       -79.6156028733633
0.30462500000000003       -79.63427684832097
0.30465000000000003       -79.65488560592038
0.30467500000000003       -79.67678670660621
0.3047                    -79.69907690989596
0.304725                  -79.72066602511052
0.30475                   -79.74039978252512
0.304775                  -79.75722018115616
0.3048                    -79.77034143369552
0.304825                  -79.77941199815882
0.30485                   -79.78463109653278
0.304875                  -79.78679332041847
0.3049                    -79.78724693699809
0.304925                  -79.7877674015978
0.30495                   -79.79036297425375
0.304975                  -79.79704024131138
0.305                     -79.80956177810145
0.30502500000000005       -79.82922663286709
0.30505000000000004       -79.85669892630352
0.30507500000000004       -79.89190310445477
0.30510000000000004       -79.93399780600808
0.30512500000000004       -79.9814340610613
0.30515000000000003       -80.03209667632478
0.30517500000000003       -80.08351895856366
0.3052                    -80.13315002178865
0.305225                  -80.17864227263235
0.30525                   -80.21811769640095
0.305275                  -80.25036964025705
0.3053                    -80.27496507671194
0.305325                  -80.29223053150922
0.30535                   -80.30312846801964
0.305375                  -80.30905284073967
0.3054                    -80.3115862912589
0.305425                  -80.31226404528877
0.30545                   -80.31238212014345
0.305475                  -80.31287383437935
0.3055                    -80.31426320818484
0.30552500000000005       -80.31668994029263
0.30555000000000004       -80.31999001916203
0.30557500000000004       -80.32380937501674
0.30560000000000004       -80.32772554195648
0.30562500000000004       -80.331354111134
0.30565000000000003       -80.33442250954275
0.30567500000000003       -80.33680238258813
0.3057                    -80.33850187042856
0.305725                  -80.3396281384005
0.30575                   -80.3403365680728
0.305775                  -80.34078470960074
0.3058                    -80.34110621600317
0.305825                  -80.34141338517209
0.30585                   -80.34182826954599
0.305875                  -80.34253361122653
0.3059                    -80.34382815858751
0.305925                  -80.34616786759781
0.30595                   -80.35017595355416
0.305975                  -80.35661053036935
0.306                     -80.3662873552376
0.30602500000000005       -80.37996495975023
0.30605000000000004       -80.39820808502016
0.30607500000000004       -80.42125128246283
0.30610000000000004       -80.44888706880235
0.30612500000000004       -80.48040206768161
0.30615000000000003       -80.5145802732666
0.30617500000000003       -80.54978493222906
0.3062                    -80.58411948926312
0.306225                  -80.61565402412467
0.30625                   -80.6426884142142
0.306275                  -80.66401066779017
0.3063                    -80.67910318660068
0.306325                  -80.68825495997906
0.30635                   -80.69255438359393
0.306375                  -80.69376151476752
0.3064                    -80.69408281780412
0.306425                  -80.69588854036485
0.30645                   -80.70141886253481
0.306475                  -80.71252051522677
0.3065                    -80.73044459292231
0.30652500000000005       -80.75572344812612
0.30655000000000004       -80.78813314791753
0.30657500000000004       -80.82673914802362
0.30660000000000004       -80.87001606603357
0.30662500000000004       -80.91602656812158
0.30665000000000003       -80.96263871035217
0.30667500000000003       -81.00775596715732
0.30670000000000003       -81.04953112043009
0.306725                  -81.08653612384776
0.30675                   -81.11786629037682
0.306775                  -81.14316827896465
0.3068                    -81.16259502485954
0.306825                  -81.17670339976657
0.30685                   -81.18631867311339
0.306875                  -81.19239203045325
0.3069                    -81.19587382904174
0.306925                  -81.19761786665613
0.30695                   -81.19832322726927
0.306975                  -81.19851243486409
0.307                     -81.19853905041433
0.30702500000000005       -81.19861496659725
0.30705000000000005       -81.19884730179118
0.30707500000000004       -81.19927637009775
0.30710000000000004       -81.19990892207588
0.30712500000000004       -81.20074390428815
0.30715000000000003       -81.2017906672105
0.30717500000000003       -81.2030813503945
0.30720000000000003       -81.2046798484825
0.307225                  -81.20668935817585
0.30725                   -81.20925932026857
0.307275                  -81.21259105657943
0.3073                    -81.2169400562837
0.307325                  -81.22261211127005
0.30735                   -81.22995058654016
0.307375                  -81.2393130707228
0.3074                    -81.25103730941596
0.307425                  -81.26539836592626
0.30745                   -81.28256100469031
0.307475                  -81.30253299585786
0.3075                    -81.32512611791925
0.30752500000000005       -81.34993191072786
0.30755000000000005       -81.37631859602277
0.30757500000000004       -81.40345396351972
0.30760000000000004       -81.43035639092486
0.30762500000000004       -81.45597260828772
0.30765000000000003       -81.47927662127408
0.30767500000000003       -81.49937994549137
0.30770000000000003       -81.51563982664351
0.307725                  -81.52775041546356
0.30775                   -81.53580272841963
0.307775                  -81.5403028906603
0.3078                    -81.54214408358843
0.307825                  -81.5425345500094
0.30785                   -81.54289036121926
0.307875                  -81.54470608072654
0.3079                    -81.54941830344299
0.307925                  -81.558276424491
0.30795                   -81.57223260687537
0.307975                  -81.59185970342986
0.308                     -81.61730262946136
0.308025                  -81.64826580282627
0.30805000000000005       -81.68403681608878
0.30807500000000004       -81.72354426686547
0.30810000000000004       -81.76544535928522
0.30812500000000004       -81.80823635514153
0.30815000000000003       -81.85037633954462
0.30817500000000003       -81.89041253266046
0.30820000000000003       -81.92709421700174
0.308225                  -81.9594629379524
0.30825                   -81.98690932649703
0.308275                  -82.00919146623318
0.3083                    -82.02641534654921
0.308325                  -82.0389833869952
0.30835                   -82.04752107870434
0.308375                  -82.05279368992495
0.3084                    -82.05562458020056
0.308425                  -82.05682440447649
0.30845                   -82.0571371632708
0.308475                  -82.05720552388914
0.3085                    -82.05755477483586
0.308525                  -82.05859256857408
0.30855000000000005       -82.06062036851793
0.30857500000000004       -82.06385215322169
0.30860000000000004       -82.06843623378434
0.30862500000000004       -82.07447675171395
0.30865000000000004       -82.08205230312915
0.30867500000000003       -82.0912299966249
0.30870000000000003       -82.10207397777693
0.308725                  -82.11464799879067
0.30875                   -82.129012010826
0.308775                  -82.14521309024133
0.3088                    -82.16327136486495
0.308825                  -82.18316204846806
0.30885                   -82.20479524572889
0.308875                  -82.22799582608387
0.3089                    -82.25248629212851
0.308925                  -82.27787604036669
0.30895                   -82.30366054764467
0.308975                  -82.32923364139606
0.309                     -82.35391500012177
0.309025                  -82.37699334008717
0.30905000000000005       -82.39778346397836
0.30907500000000004       -82.41569274728683
0.30910000000000004       -82.43029017887663
0.30912500000000004       -82.4413693206151
0.30915000000000004       -82.4489960434797
0.30917500000000003       -82.45353297769526
0.30920000000000003       -82.45563526274532
0.309225                  -82.45621594907702
0.30925                   -82.45638352744592
0.309275                  -82.45735770702096
0.3093                    -82.46037205894348
0.309325                  -82.46657317804845
0.30935                   -82.47692568971178
0.309375                  -82.49213112840481
0.3094                    -82.5125669198282
0.309425                  -82.53824981188956
0.30945                   -82.56882634806458
0.309475                  -82.6035913778752
0.3095                    -82.6415340119948
0.309525                  -82.68140866681932
0.30955000000000005       -82.72182678355777
0.30957500000000004       -82.76136251249324
0.30960000000000004       -82.79866343914301
0.30962500000000004       -82.83255582099932
0.30965000000000004       -82.86213338975489
0.30967500000000003       -82.88681999509919
0.30970000000000003       -82.90639931584862
0.30972500000000003       -82.92100915792784
0.30975                   -82.9311026708109
0.309775                  -82.93738312772662
0.3098                    -82.94072186525979
0.309825                  -82.94207010653778
0.30985                   -82.94237473347663
0.309875                  -82.94250606163465
0.3099                    -82.9432029310582
0.309925                  -82.94503756556142
0.30995                   -82.94840012167032
0.309975                  -82.95350089414924
0.31                      -82.9603868367753
0.310025                  -82.96896835256777
0.31005                   -82.97905211583499
0.310075                  -82.990375907348
0.3101                    -83.0026419801469
0.310125                  -83.01554623463227
0.31015                   -83.02880137125197
0.31017500000000003       -83.04215311274407
0.31020000000000003       -83.05538944660987
0.31022500000000003       -83.06834353847812
0.31025                   -83.08089144968935
0.310275                  -83.09294604509452
0.3103                    -83.10444852762384
0.310325                  -83.1153589326889
0.31035                   -83.12564672290748
0.310375                  -83.13528241866392
0.3104                    -83.14423103699276
0.310425                  -83.15244800248362
0.31045                   -83.15987811586811
0.310475                  -83.16645807099903
0.3105                    -83.1721228421466
0.310525                  -83.17681597252097
0.31055                   -83.18050336137142
0.310575                  -83.18318959046235
0.3106                    -83.18493521884076
0.310625                  -83.18587291826103
0.31065                   -83.18621995262534
0.31067500000000003       -83.18628444662164
0.31070000000000003       -83.18646321844167
0.31072500000000003       -83.18722967568291
0.31075                   -83.18911131712426
0.310775                  -83.19265760543259
0.3108                    -83.19840020422325
0.310825                  -83.2068086380041
0.31085                   -83.21824520679527
0.310875                  -83.23292339829922
0.3109                    -83.25087407351478
0.310925                  -83.27192337707751
0.31095                   -83.29568566016792
0.310975                  -83.3215737073231
0.311                     -83.34882723793916
0.311025                  -83.37655902486404
0.31105                   -83.40381609715989
0.311075                  -83.4296515297986
0.3111                    -83.45320053717474
0.311125                  -83.47375333013645
0.31115                   -83.49081683544765
0.311175                  -83.50415816842235
0.31120000000000003       -83.51382470156834
0.31122500000000003       -83.52013841912137
0.31125                   -83.5236654937863
0.311275                  -83.52516504387367
0.3113                    -83.52552326735334
0.311325                  -83.52568027825234
0.31135                   -83.52655695548012
0.311375                  -83.52898816579366
0.3114                    -83.53366719503353
0.311425                  -83.54110449229213
0.31145                   -83.55160220153104
0.311475                  -83.5652446003424
0.3115                    -83.58190353739553
0.311525                  -83.60125722302058
0.31155                   -83.62282020344124
0.311575                  -83.64598196073608
0.3116                    -83.67005128511076
0.311625                  -83.69430335490294
0.31165                   -83.7180263580923
0.311675                  -83.74056455692141
0.31170000000000003       -83.76135499468866
0.31172500000000003       -83.77995559159622
0.31175                   -83.79606314926214
0.311775                  -83.80952071077783
0.3118                    -83.82031469165456
0.311825                  -83.82856307573408
0.31185                   -83.83449664118484
0.311875                  -83.83843556401817
0.3119                    -83.84076381583921
0.311925                  -83.84190355960146
0.31195                   -83.84229132529686
0.311975                  -83.84235720928007
0.312                     -83.84250777429769
0.312025                  -83.8431128090643
0.31205                   -83.84449569354133
0.312075                  -83.84692683843872
0.3121                    -83.85061952817601
0.312125                  -83.85572748259797
0.31215                   -83.8623435426752
0.312175                  -83.87049905297286
0.31220000000000003       -83.88016373143458
0.31222500000000003       -83.89124605923307
0.31225                   -83.90359446077537
0.312275                  -83.9169997493636
0.3123                    -83.93119945849622
0.312325                  -83.94588472789113
0.31235                   -83.96071034025313
0.312375                  -83.97530829310071
0.3124                    -83.9893049367936
0.312425                  -84.00234123218866
0.31245                   -84.01409512359221
0.312475                  -84.0243044624522
0.3125                    -84.03278845357531
0.312525                  -84.0394653332317
0.31255                   -84.04436401675031
0.312575                  -84.04762781856343
0.3126                    -84.0495090353106
0.312625                  -84.05035411425476
0.31265                   -84.05058017677041
0.312675                  -84.05064467583159
0.31270000000000003       -84.05101078743738
0.31272500000000003       -84.05211165371087
0.31275000000000003       -84.05431675275521
0.312775                  -84.05790346954649
0.3128                    -84.06303643249906
0.312825                  -84.06975643517292
0.31285                   -84.07797986093374
0.312875                  -84.08750855001877
0.3129                    -84.09804907310102
0.312925                  -84.10923948430732
0.31295                   -84.12068090300087
0.312975                  -84.13197080238588
0.313                     -84.14273474128427
0.313025                  -84.15265350796892
0.31305                   -84.16148324374717
0.313075                  -84.1690670143516
0.3131                    -84.1753373743556
0.313125                  -84.18031055892601
0.31315                   -84.18407387168101
0.313175                  -84.18676848105663
0.31320000000000003       -84.18857011489189
0.31322500000000003       -84.18967004792093
0.31325000000000003       -84.19025836975172
0.313275                  -84.19051090993342
0.3133                    -84.19058050680124
0.313325                  -84.19059265349213
0.31335                   -84.19064502679268
0.313375                  -84.19081005547926
0.3134                    -84.19113952841124
0.313425                  -84.19167025864675
0.31345                   -84.19242996171275
0.313475                  -84.19344271283703
0.3135                    -84.19473355939795
0.313525                  -84.19633203306796
0.31355                   -84.19827440259127
0.313575                  -84.20060453205777
0.3136                    -84.20337318560298
0.313625                  -84.20663559051052
0.31365                   -84.21044708733511
0.313675                  -84.21485680184686
0.31370000000000003       -84.21989949356627
0.31372500000000003       -84.22558606660496
0.31375000000000003       -84.23189363527652
0.313775                  -84.23875644901878
0.3138                    -84.24605931005325
0.313825                  -84.25363526681018
0.31385                   -84.26126924184744
0.313875                  -84.26870879150178
0.3139                    -84.27568239052206
0.313925                  -84.28192454773074
0.31395                   -84.28720581127305
0.313975                  -84.29136451279888
0.314                     -84.29433618174082
0.314025                  -84.29617617492849
0.31405                   -84.29707138389425
0.314075                  -84.29733794464761
0.3141                    -84.29740356311305
0.314125                  -84.29777512368196
0.31415                   -84.29899432274227
0.314175                  -84.30158581459983
0.31420000000000003       -84.30600350346653
0.31422500000000003       -84.31258102365231
0.31425000000000003       -84.32149211842172
0.314275                  -84.33272564495982
0.3143                    -84.34607843143594
0.314325                  -84.36116734550023
0.31435                   -84.37745986370376
0.314375                  -84.39432032925943
0.3144                    -84.41106715912171
0.314425                  -84.42703476894772
0.31445                   -84.44163319857644
0.314475                  -84.45439856438207
0.3145                    -84.46502863409404
0.314525                  -84.47339989828782
0.31455                   -84.47956516073444
0.314575                  -84.48373339694427
0.3146                    -84.48623592025329
0.314625                  -84.48748434741165
0.31465                   -84.48792628236478
0.314675                  -84.48800408976601
0.3147                    -84.48812085523271
0.31472500000000003       -84.48861597491597
0.31475000000000003       -84.48975112993512
0.314775                  -84.4917059551078
0.3148                    -84.49458167114726
0.314825                  -84.49841037240326
0.31485                   -84.50316752158763
0.314875                  -84.50878541611695
0.3149                    -84.51516584118824
0.314925                  -84.52219069504852
0.31495                   -84.5297299653623
0.314975                  -84.53764697413334
0.315                     -84.5458012432242
0.315025                  -84.5540496455942
0.31505                   -84.56224669617946
0.315075                  -84.57024490818988
0.3151                    -84.57789610287077
0.315125                  -84.58505441136128
0.31515                   -84.59158144637814
0.315175                  -84.59735375523826
0.3152                    -84.60227221312482
0.31522500000000003       -84.60627252747534
0.31525000000000003       -84.609335581339
0.315275                  -84.61149603214449
0.3153                    -84.61284748483662
0.315325                  -84.61354274079395
0.31535                   -84.61378810611387
0.315375                  -84.61383147315831
0.3154                    -84.61394476007155
0.315425                  -84.61440216792887
0.31545                   -84.6154564427954
0.315475                  -84.6173157750623
0.3155                    -84.62012405202104
0.315525                  -84.62394688602373
0.31555                   -84.62876520083205
0.315575                  -84.63447725371934
0.3156                    -84.6409089283174
0.315625                  -84.6478310998213
0.31565                   -84.654981991845
0.315675                  -84.66209183951443
0.3157                    -84.66890693783901
0.31572500000000003       -84.6752103303163
0.31575000000000003       -84.68083696331504
0.31577500000000003       -84.68568200448898
0.3158                    -84.68970204041973
0.315825                  -84.69290985142192
0.31585                   -84.69536424953489
0.315875                  -84.69715694086554
0.3159                    -84.69839848690864
0.315925                  -84.69920522143178
0.31595                   -84.69968851590222
0.315975                  -84.69994719145333
0.316                     -84.70006327259718
0.316025                  -84.70010077365262
0.31605                   -84.70010687077564
0.316075                  -84.70011466341845
0.3161                    -84.70014675192827
0.316125                  -84.70021900684313
0.31615                   -84.70034411824767
0.316175                  -84.70053472671937
0.3162                    -84.70080609914149
0.31622500000000003       -84.70117839222362
0.31625000000000003       -84.70167853813808
0.31627500000000003       -84.7023417070526
0.3163                    -84.70321218515477
0.316325                  -84.70434339727917
0.31635                   -84.70579674215172
0.316375                  -84.70763892698159
0.3164                    -84.7099376014866
0.316425                  -84.71275529366804
0.31645                   -84.71614191754904
0.316475                  -84.7201264211815
0.3165                    -84.72470842540838
0.316525                  -84.72985092226492
0.31655                   -84.73547521138302
0.316575                  -84.7414592202877
0.3166                    -84.74764016197325
0.316625                  -84.7538221255042
0.31665                   -84.75978868743839
0.316675                  -84.76532001301493
0.3167                    -84.77021325085877
0.31672500000000003       -84.77430440057847
0.31675000000000003       -84.77748935089203
0.31677500000000003       -84.77974154575014
0.3168                    -84.78112381290153
0.316825                  -84.7817923169342
0.31685                   -84.7819913525515
0.316875                  -84.78203868776038
0.3169                    -84.78230226820321
0.316925                  -84.78317014883234
0.31695                   -84.78501638222086
0.316975                  -84.7881661550515
0.317                     -84.79286366723541
0.317025                  -84.7992460828859
0.31705                   -84.8073263771864
0.317075                  -84.81698711013925
0.3171                    -84.82798614122675
0.317125                  -84.83997413284739
0.31715                   -84.852522463937
0.317175                  -84.86515899857645
0.3172                    -84.87740817089622
0.31722500000000003       -84.888831213049
0.31725000000000003       -84.89906220474637
0.31727500000000003       -84.9078360450799
0.3173                    -84.9150054324054
0.317325                  -84.92054536628656
0.31735                   -84.92454533101551
0.317375                  -84.92719090016533
0.3174                    -84.9287377498226
0.317425                  -84.92948179080975
0.31745                   -84.92972924638909
0.317475                  -84.9297700554496
0.3175                    -84.9298571130208
0.317525                  -84.93019276385698
0.31755                   -84.93092284046804
0.317575                  -84.93213755601049
0.3176                    -84.93387784272593
0.317625                  -84.93614532409165
0.31765                   -84.93891402330215
0.317675                  -84.94214209548193
0.3177                    -84.9457822452171
0.317725                  -84.94978995510381
0.31775000000000003       -84.95412910785852
0.31777500000000003       -84.95877495932794
0.3178                    -84.96371467169433
0.317825                  -84.9689457387241
0.31785                   -84.97447265820921
0.317875                  -84.98030218458119
0.3179                    -84.98643748125119
0.317925                  -84.99287153210746
0.31795                   -84.99958029062854
0.317975                  -85.00651623376135
0.318                     -85.01360319755858
0.318025                  -85.02073353044497
0.31805                   -85.02776863294432
0.318075                  -85.03454380216732
0.3181                    -85.0408779355146
0.318125                  -85.04658807282905
0.31815                   -85.05150802054072
0.318175                  -85.05550951406173
0.3182                    -85.05852367726101
0.318225                  -85.06056007704045
0.31825000000000003       -85.06172057225643
0.31827500000000003       -85.06220548844604
0.3183                    -85.062310397636
0.318325                  -85.06241284820554
0.31835                   -85.0629496112382
0.318375                  -85.06438618896692
0.3184                    -85.06718128398461
0.318425                  -85.07174952838886
0.31845                   -85.0784259675776
0.318475                  -85.08743560146966
0.3185                    -85.0988707730531
0.318525                  -85.1126784509435
0.31855                   -85.12865857293875
0.318575                  -85.14647368093618
0.3186                    -85.16566914589407
0.318625                  -85.18570240986566
0.31865                   -85.20597890967174
0.318675                  -85.22589175601487
0.3187                    -85.24486189786168
0.318725                  -85.26237546246554
0.31875000000000003       -85.27801525998014
0.31877500000000003       -85.29148407037617
0.31880000000000003       -85.3026182236116
0.318825                  -85.3113910232891
0.31885                   -85.31790659981029
0.318875                  -85.32238566215202
0.3189                    -85.32514523313176
0.318925                  -85.32657473936722
0.31895                   -85.32711078487415
0.318975                  -85.32721262470729
0.319                     -85.32733986455443
0.319025                  -85.32793334583445
0.31905                   -85.32939962503617
0.319075                  -85.33209899016163
0.3191                    -85.33633661761613
0.319125                  -85.34235627411128
0.31915                   -85.35033590451455
0.319175                  -85.36038450027135
0.3192                    -85.37253978965764
0.319225                  -85.38676650421448
0.31925000000000003       -85.40295522677044
0.31927500000000003       -85.42092208715454
0.31930000000000003       -85.44040981733949
0.319325                  -85.46109087826791
0.31935                   -85.48257348886722
0.319375                  -85.50441138946496
0.3194                    -85.52611802895962
0.319425                  -85.54718555632996
0.31945                   -85.56710851763634
0.319475                  -85.58541153662019
0.3195                    -85.60167955606842
0.319525                  -85.61558853475225
0.31955                   -85.6269339495467
0.319575                  -85.63565417407153
0.3196                    -85.64184590103216
0.319625                  -85.64576928849019
0.31965                   -85.64784140131366
0.319675                  -85.6486176724731
0.3197                    -85.64876235095241
0.319725                  -85.64901003827725
0.31975000000000003       -85.65012127634135
0.31977500000000003       -85.65283563300257
0.31980000000000003       -85.65782581340139
0.319825                  -85.66565605064348
0.31985                   -85.67674749639352
0.319875                  -85.69135265104478
0.3199                    -85.70954014064077
0.319925                  -85.73119043185157
0.31995                   -85.75600241702415
0.319975                  -85.78351021233651
0.32                      -85.81310898839732
0.320025                  -85.84408819339077
0.32005                   -85.87567014339365
0.320075                  -85.90705166750587
0.3201                    -85.93744634111789
0.320125                  -85.9661248489775
0.32015                   -85.99245121222482
0.320175                  -86.01591299169175
0.3202                    -86.03614411071572
0.320225                  -86.05293956261133
0.32025000000000003       -86.06626190273842
0.32027500000000003       -86.07623998651577
0.32030000000000003       -86.08316083130569
0.320325                  -86.08745571686381
0.32035                   -86.089681695108
0.320375                  -86.09049958002672
0.3204                    -86.0906492865397
0.320425                  -86.09092314868434
0.32045                   -86.09213763146015
0.320475                  -86.09510370383548
0.3205                    -86.1005960931441
0.320525                  -86.10932170687994
0.32055                   -86.12188768550266
0.320575                  -86.1387698280727
0.3206                    -86.16028248869068
0.320625                  -86.18655144721887
0.32065                   -86.21749167648045
0.320675                  -86.25279230735251
0.3207                    -86.29191136098609
0.320725                  -86.33408287523368
0.32075000000000004       -86.3783387745844
0.32077500000000003       -86.42354710130904
0.32080000000000003       -86.46846696143865
0.320825                  -86.5118187331087
0.32085                   -86.55236586370197
0.320875                  -86.58900225329947
0.3209                    -86.62083725880291
0.320925                  -86.6472693019081
0.32095                   -86.66803937199796
0.320975                  -86.68325756300268
0.321                     -86.69339897362397
0.321025                  -86.69926924378305
0.32105                   -86.70194387132524
0.321075                  -86.70268845672972
0.3211                    -86.70286863708873
0.321125                  -86.70385856579992
0.32115                   -86.70695561940937
0.321175                  -86.71330705405401
0.3212                    -86.72385212575878
0.321225                  -86.73928116479752
0.32125                   -86.7600115148536
0.32127500000000003       -86.78617919783291
0.32130000000000003       -86.81764459823165
0.321325                  -86.8540102544941
0.32135                   -86.89464885235193
0.321375                  -86.93873960536088
0.3214                    -86.98531128228791
0.321425                  -87.03329014267709
0.32145                   -87.08155095853107
0.321475                  -87.12896915732313
0.3215                    -87.17447197031743
0.321525                  -87.21708637644234
0.32155                   -87.25598166191983
0.321575                  -87.29050461897333
0.3216                    -87.32020579717133
0.321625                  -87.34485577455428
0.32165                   -87.36445107722429
0.321675                  -87.37921005893938
0.3217                    -87.38955965882829
0.321725                  -87.3961144086546
0.32175                   -87.39964931775688
0.32177500000000003       -87.40106831493824
0.32180000000000003       -87.40136979853241
0.321825                  -87.40161059095165
0.32185                   -87.40286927662589
0.321875                  -87.40620958551638
0.3219                    -87.4126442223315
0.321925                  -87.42309937445302
0.32195                   -87.43838008281577
0.321975                  -87.45913674027082
0.322                     -87.4858331933483
0.322025                  -87.51871725952832
0.32205                   -87.55779492028935
0.322075                  -87.60280997889782
0.3221                    -87.65323152276474
0.322125                  -87.70825201818133
0.32215                   -87.7667991636941
0.322175                  -87.82756456349813
0.3222                    -87.88905165567402
0.322225                  -87.94964396575926
0.32225                   -88.00769257375461
0.32227500000000003       -88.0616188004094
0.32230000000000003       -88.11002491516516
0.32232500000000003       -88.15180279009391
0.32235                   -88.18622868786967
0.322375                  -88.2130325071354
0.3224                    -88.23243215561193
0.322425                  -88.24512802605243
0.32245                   -88.25225796560358
0.322475                  -88.25531842913904
0.3225                    -88.2560614921416
0.322525                  -88.25637931400829
0.32255                   -88.25818737897946
0.322575                  -88.26331586032536
0.3226                    -88.27341552808107
0.322625                  -88.28988154955759
0.32265                   -88.31379592850143
0.322675                  -88.34588753644016
0.3227                    -88.386507790011
0.322725                  -88.43561991420123
0.32275                   -88.49280020933963
0.32277500000000003       -88.55725058785967
0.32280000000000003       -88.62782262858016
0.32282500000000003       -88.70305427788713
0.32285                   -88.78122088797559
0.322875                  -88.86040228832636
0.3229                    -88.93856681605259
0.322925                  -89.0136715629815
0.32295                   -89.08377559071349
0.322975                  -89.14715982093637
0.323                     -89.20244431081775
0.323025                  -89.24869148041299
0.32305                   -89.28548339116176
0.323075                  -89.31296290627522
0.3231                    -89.33183244412746
0.323125                  -89.34330936492736
0.32315                   -89.34904263210186
0.323175                  -89.3509999936424
0.3232                    -89.35133760605322
0.323225                  -89.35226445343159
0.32325                   -89.35591241346435
0.32327500000000003       -89.36422013067443
0.32330000000000003       -89.37883582158166
0.32332500000000003       -89.40104144927497
0.32335                   -89.43169877480935
0.323375                  -89.47121673362518
0.3234                    -89.51953928300657
0.323425                  -89.57615306749103
0.32345                   -89.6401146355751
0.323475                  -89.71009719414276
0.3235                    -89.78445672882629
0.323525                  -89.86131654208963
0.32355                   -89.93866778861394
0.323575                  -90.01448153287379
0.3236                    -90.08682556544127
0.323625                  -90.1539772367941
0.32365                   -90.21452252544711
0.323675                  -90.26743199621377
0.3237                    -90.31210644161688
0.323725                  -90.34838858129304
0.32375                   -90.3765415461506
0.32377500000000003       -90.39719905283319
0.32380000000000003       -90.41129526998677
0.32382500000000003       -90.41998384198102
0.32385                   -90.42455528257328
0.323875                  -90.4263603146972
0.3239                    -90.42674430626364
0.323925                  -90.42699535262551
0.32395                   -90.4283062693178
0.323975                  -90.43174906273926
0.324                     -90.43825942273337
0.324025                  -90.44862836880549
0.32405                   -90.46349824376917
0.324075                  -90.48336063553813
0.3241                    -90.5085543919183
0.324125                  -90.53926257382906
0.32415                   -90.57550789767825
0.324175                  -90.61714690781469
0.3242                    -90.66386377471231
0.324225                  -90.71516521248762
0.32425                   -90.77037851989215
0.32427500000000004       -90.82865512136472
0.32430000000000003       -90.88898215418622
0.32432500000000003       -90.95020453300074
0.32435                   -91.01105942599438
0.324375                  -91.07022411778084
0.3244                    -91.1263767889742
0.324425                  -91.17826789546572
0.32445                   -91.22479779733882
0.324475                  -91.2650944220099
0.3245                    -91.2985834842749
0.324525                  -91.32504352620565
0.32455                   -91.34463902960175
0.324575                  -91.35792706572502
0.3246                    -91.36583601850472
0.324625                  -91.36961823701391
0.32465                   -91.37078136155841
0.324675                  -91.37100498038853
0.3247                    -91.37204995420655
0.324725                  -91.37566726173974
0.32475                   -91.3835118925264
0.324775                  -91.39706558687249
0.32480000000000003       -91.41757053159951
0.32482500000000003       -91.44597478186448
0.32485                   -91.48288936489529
0.324875                  -91.5285567722443
0.3249                    -91.58283080660696
0.324925                  -91.64516839037131
0.32495                   -91.71463478144531
0.324975                  -91.78992444819644
0.325                     -91.86940035937388
0.325025                  -91.95115434526925
0.32505                   -92.03309019170547
0.325075                  -92.11302904092278
0.3251                    -92.18883351858098
0.325125                  -92.25854314043494
0.32515                   -92.32050971908707
0.325175                  -92.37351875470307
0.3252                    -92.41688223700763
0.325225                  -92.45049058317902
0.32525                   -92.47481648509105
0.325275                  -92.49087023696822
0.32530000000000003       -92.50011304196299
0.32532500000000003       -92.50434019895363
0.32535000000000003       -92.50554881720004
0.325375                  -92.50580453033562
0.3254                    -92.50711915630204
0.325425                  -92.51134741748308
0.32545                   -92.52010676918744
0.325475                  -92.53472090013534
0.3255                    -92.55618499788837
0.325525                  -92.58514948459842
0.32555                   -92.62191846676396
0.325575                  -92.66645936492496
0.3256                    -92.71842083141301
0.325625                  -92.77715689658571
0.32565                   -92.84175615640764
0.325675                  -92.91107562195825
0.3257                    -92.98377949540034
0.325725                  -93.05838353321266
0.32575                   -93.13330574848466
0.325775                  -93.20692393509643
0.32580000000000003       -93.27763982354618
0.32582500000000003       -93.34394861922883
0.32585000000000003       -93.40451133947936
0.325875                  -93.45822597492497
0.3259                    -93.50429234005969
0.325925                  -93.54226485651657
0.32595                   -93.57208771066067
0.325975                  -93.59410798033446
0.326                     -93.60906432831317
0.326025                  -93.61805137670467
0.32605                   -93.62246243679856
0.326075                  -93.62391538673097
0.3261                    -93.62416780283274
0.326125                  -93.62502780776256
0.32615                   -93.62826657968245
0.326175                  -93.63553732734879
0.3262                    -93.64830410455583
0.326225                  -93.66778242315448
0.32625                   -93.69489245675891
0.326275                  -93.73022483010146
0.32630000000000003       -93.77401858926015
0.32632500000000003       -93.82615090414069
0.32635000000000003       -93.88613827692555
0.326375                  -93.95314939765814
0.3264                    -94.02603017183193
0.326425                  -94.10334170614232
0.32645                   -94.1834120331554
0.326475                  -94.26440194501866
0.3265                    -94.34438440263602
0.326525                  -94.4214355972774
0.32655                   -94.49373397610395
0.326575                  -94.55966164611185
0.3266                    -94.6179009224616
0.326625                  -94.66751784618141
0.32665                   -94.70802467092399
0.326675                  -94.73941480498469
0.3267                    -94.76216634705392
0.326725                  -94.77721372091268
0.32675                   -94.78589034089985
0.326775                  -94.78984804114779
0.32680000000000003       -94.79096070119525
0.32682500000000003       -94.79121993176746
0.32685000000000003       -94.79262999844858
0.326875                  -94.79710773802957
0.3269                    -94.80639152224873
0.326925                  -94.82196175746313
0.32695                   -94.84497426246618
0.326975                  -94.87620727108519
0.327                     -94.91602276187704
0.327025                  -94.96434321593887
0.32705                   -95.02064553897817
0.327075                  -95.08397449066904
0.3271                    -95.15297824176562
0.327125                  -95.22596829854608
0.32715                   -95.30100468801388
0.327175                  -95.37600482010889
0.3272                    -95.44887096826213
0.327225                  -95.51762733836613
0.32725                   -95.5805541100276
0.327275                  -95.6363037823352
0.32730000000000004       -95.68398565223268
0.32732500000000003       -95.72320772531185
0.32735000000000003       -95.75407137376084
0.327375                  -95.77712129080618
0.3274                    -95.79325997111437
0.327425                  -95.80364049782776
0.32745                   -95.80955296678853
0.327475                  -95.81231849517397
0.3275                    -95.81320125801892
0.327525                  -95.81334452323341
0.32755                   -95.81373229943962
0.327575                  -95.81517470101062
0.3276                    -95.81831279287435
0.327625                  -95.82363750419503
0.32765                   -95.83151699363712
0.327675                  -95.84222731877446
0.3277                    -95.85598211115324
0.327725                  -95.87295794454388
0.32775                   -95.89331303371563
0.327775                  -95.9171977117644
0.3278                    -95.94475577896716
0.32782500000000003       -95.97611633846591
0.32785000000000003       -96.01137623157166
0.327875                  -96.05057376982325
0.3279                    -96.09365522118863
0.327925                  -96.14043649940456
0.32795                   -96.19056371170642
0.327975                  -96.24347755115345
0.328                     -96.29838780887012
0.328025                  -96.35426521533836
0.32805                   -96.409857976474
0.328075                  -96.46373930440937
0.3281                    -96.5143895322314
0.328125                  -96.56031182152275
0.32815                   -96.60017429074009
0.328175                  -96.63296460246823
0.3282                    -96.65813730558625
0.328225                  -96.67573146412647
0.32825                   -96.68643785549669
0.328275                  -96.69160163432069
0.3283                    -96.69315653057923
0.32832500000000003       -96.69349772961199
0.32835000000000003       -96.69530958162125
0.32837500000000003       -96.70136909680369
0.3284                    -96.7143462748937
0.328425                  -96.736618693633
0.32845                   -96.77011230480511
0.328475                  -96.81617495579007
0.3285                    -96.87548511764048
0.328525                  -96.94799623876705
0.32855                   -97.03291692544869
0.328575                  -97.12872816220512
0.3286                    -97.23324013495153
0.328625                  -97.34369187930172
0.32865                   -97.45689592261837
0.328675                  -97.56942652528812
0.3287                    -97.67784385261254
0.328725                  -97.77893823195143
0.32875                   -97.86997058658854
0.328775                  -97.94888005975652
0.3288                    -98.0144304882366
0.32882500000000003       -98.06627501606326
0.32885000000000003       -98.10493152343929
0.32887500000000003       -98.13167709233113
0.3289                    -98.14838289890625
0.328925                  -98.15731817145647
0.32895                   -98.1609520047387
0.328975                  -98.1617761668964
0.329                     -98.16216331211697
0.329025                  -98.16426606152605
0.32905                   -98.16995522068282
0.329075                  -98.18079079214073
0.3291                    -98.19801732498236
0.329125                  -98.22257493102433
0.32915                   -98.25511827569797
0.329175                  -98.29603741737465
0.3292                    -98.34547610284234
0.329225                  -98.40334480432448
0.32925                   -98.46932733491393
0.329275                  -98.54288130089373
0.3293                    -98.62323395943937
0.32932500000000003       -98.70937627506876
0.32935000000000003       -98.80005911352781
0.32937500000000003       -98.89379651892723
0.3294                    -98.98888172335491
0.329425                  -99.08342167352399
0.32945                   -99.17539509041484
0.329475                  -99.2627370615118
0.3295                    -99.34344972863397
0.329525                  -99.41573393634027
0.32955                   -99.47813138879758
0.329575                  -99.52966210268615
0.3296                    -99.56993922424223
0.329625                  -99.59924389453236
0.32965                   -99.61854728173407
0.329675                  -99.62947445450665
0.3297                    -99.63421363946853
0.329725                  -99.63538227911457
0.32975                   -99.63586627368014
0.329775                  -99.6386499962642
0.3298                    -99.64665246608611
0.32982500000000003       -99.66258067307936
0.32985000000000003       -99.6888059738325
0.32987500000000003       -99.72726499359169
0.3299                    -99.77938333565446
0.329925                  -99.84601886181723
0.32995                   -99.9274212582622
0.329975                  -100.02320577694599
0.33                      -100.13234110697726
0.330025                  -100.25315390620898
0.33005                   -100.38335518030547
0.330075                  -100.52009589040941
0.3301                    -100.66006016872439
0.330125                  -100.79960336142048
0.33015                   -100.93493791119762
0.330175                  -101.06236249587025
0.3302                    -101.17851954915798
0.330225                  -101.28065544482894
0.33025                   -101.36684968949801
0.330275                  -101.43617818766033
0.3303                    -101.48878321537119
0.33032500000000004       -101.52583824827278
0.33035000000000003       -101.54941500104285
0.33037500000000003       -101.56227704127785
0.3304                    -101.5676342161885
0.330425                  -101.56889301129333
0.33045                   -101.56943133924445
0.330475                  -101.57241564542372
0.3305                    -101.58066729613913
0.330525                  -101.5965765292323
0.33055                   -101.6220568165596
0.330575                  -101.65853013401184
0.3306                    -101.70693356060035
0.330625                  -101.76773890565596
0.33065                   -101.8409789341583
0.330675                  -101.9262757567962
0.3307                    -102.02286883233191
0.330725                  -102.12964169170037
0.33075                   -102.24514793718944
0.330775                  -102.3676383363686
0.3308                    -102.49509191720855
0.33082500000000004       -102.62525480188631
0.33085000000000003       -102.75569094346582
0.33087500000000003       -102.88384873630153
0.3309                    -103.00714640966223
0.330925                  -103.12307703262306
0.33095                   -103.22933083761282
0.330975                  -103.32392863627857
0.331                     -103.40535598693654
0.331025                  -103.47268454951221
0.33105                   -103.5256659573549
0.331075                  -103.56478528912213
0.3311                    -103.59126578060915
0.331125                  -103.60702296969991
0.33115                   -103.61457354615698
0.331175                  -103.6169100012451
0.3312                    -103.61735537086558
0.331225                  -103.61941249770466
0.33125                   -103.62661978927142
0.331275                  -103.64242143855854
0.3313                    -103.67005560483551
0.331325                  -103.71246000308818
0.33135000000000003       -103.77219125601607
0.33137500000000003       -103.85135239723527
0.33140000000000003       -103.95152201325489
0.331425                  -104.07367858486431
0.33145                   -104.21811466140136
0.331475                  -104.3843377765752
0.3315                    -104.57095892123483
0.331525                  -104.77557561863863
0.33155                   -104.99466591585107
0.331575                  -105.22352205606994
0.3316                    -105.45626683011285
0.331625                  -105.68600734531935
0.33165                   -105.90518195381503
0.331675                  -106.10613508619738
0.3317                    -106.28190300333969
0.331725                  -106.42711512512479
0.33175                   -106.53883685869638
0.331775                  -106.61714475557008
0.3318                    -106.6652694093604
0.331825                  -106.68926096314264
0.33185000000000003       -106.69727320010657
0.33187500000000003       -106.69865654041035
0.33190000000000003       -106.70306148985807
0.331925                  -106.71969616419368
0.33195                   -106.75679766661193
0.331975                  -106.82130632769469
0.332                     -106.9186913755974
0.332025                  -107.05286454755449
0.33205                   -107.22612424456844
0.332075                  -107.43908742668097
0.3321                    -107.69058425763521
0.332125                  -107.9775107621564
0.33215                   -108.2946597107354
0.332175                  -108.63458240685326
0.3322                    -108.98757384804334
0.332225                  -109.34191201872524
0.33225                   -109.684494912528
0.332275                  -110.00196800986174
0.3323                    -110.28228829872108
0.332325                  -110.51644716075285
0.33235000000000003       -110.69987972037433
0.33237500000000003       -110.83307847703601
0.33240000000000003       -110.92117818517971
0.332425                  -110.97267066131886
0.33245                   -110.99770514564953
0.332475                  -111.00647611228413
0.3325                    -111.00803293743706
0.332525                  -111.0096155512725
0.33255                   -111.01645095580822
0.332575                  -111.03187316345745
0.3326                    -111.05762821083574
0.332625                  -111.09425700712207
0.33265                   -111.1414845293136
0.332675                  -111.19857261572167
0.3327                    -111.26461351047142
0.332725                  -111.33875446425542
0.33275                   -111.4203525018224
0.332775                  -111.50906430804922
0.3328                    -111.60487952132975
0.332825                  -111.70810662129078
0.33285000000000003       -111.81931936019527
0.33287500000000003       -111.9392691057688
0.33290000000000003       -112.06876580968456
0.332925                  -112.2085288196703
0.33295                   -112.35900924146428
0.332975                  -112.52018857248177
0.333                     -112.6913642738757
0.333025                  -112.87094197855224
0.33305                   -113.05626579992939
0.333075                  -113.24353131590199
0.3331                    -113.42783665364962
0.333125                  -113.60342858444909
0.33315                   -113.7641824826292
0.333175                  -113.90430855699006
0.3332                    -114.01920366155004
0.333225                  -114.10628997228159
0.33325                   -114.16563885271061
0.333275                  -114.2002076419374
0.3333                    -114.21562209547062
0.333325                  -114.21957380231576
0.33335000000000004       -114.22100438235705
0.33337500000000003       -114.22927442628324
0.33340000000000003       -114.25347007033287
0.333425                  -114.30192189965365
0.33345                   -114.38193911585375
0.333475                  -114.4997171847366
0.3335                    -114.66036022470618
0.333525                  -114.86796073670459
0.33355                   -115.12568830583893
0.333575                  -115.43584800309743
0.3336                    -115.79987445521007
0.333625                  -116.2182277636326
0.33365                   -116.69015319518573
0.333675                  -117.21326051973782
0.3337                    -117.7828779186248
0.333725                  -118.39115484697817
0.33375                   -119.02595822234902
0.333775                  -119.66977397855916
0.3338                    -120.29913085717537
0.333825                  -120.8854465526899
0.33385000000000004       -121.39833873016644
0.33387500000000003       -121.81173244535289
0.33390000000000003       -122.11121800948179
0.333925                  -122.29920046120738
0.33395                   -122.39475193203788
0.333975                  -122.42825400007965
0.334                     -122.43400700946063
0.334025                  -122.44420865274802
0.33405                   -122.4857415810254
0.334075                  -122.57937300672994
0.3341                    -122.74030724756284
0.334125                  -122.97919298916148
0.33415                   -123.30306341293202
0.334175                  -123.71597439122068
0.3342                    -124.2192537830803
0.334225                  -124.81132626692306
0.33425                   -125.48708690871499
0.334275                  -126.23681471094224
0.3343                    -127.04470653902875
0.334325                  -127.88735533100434
0.33435                   -128.7329653756413
0.33437500000000003       -129.54268430766697
0.33440000000000003       -130.2755451714702
0.33442500000000003       -130.8970959854346
0.33445                   -131.38865734886397
0.334475                  -131.75189384765423
0.3345                    -132.00560245392776
0.334525                  -132.1771106577284
0.33455                   -132.29370655395252
0.334575                  -132.3777553944517
0.3346                    -132.44575941911384
0.334625                  -132.50971705198427
0.33465                   -132.57900434586384
0.334675                  -132.6616468299527
0.3347                    -132.76455939220108
0.334725                  -132.89284375743804
0.33475                   -133.04850720497436
0.334775                  -133.22906671888163
0.3348                    -133.42654738305538
0.334825                  -133.62745830170732
0.33485                   -133.81437401314454
0.33487500000000003       -133.96950273175432
0.33490000000000003       -134.07979805590145
0.33492500000000003       -134.14195597641324
0.33495                   -134.16502142863231
0.334975                  -134.16929162291112
0.335                     -134.18226432116018
0.335025                  -134.23378346871868
0.33505                   -134.35229924648166
0.335075                  -134.5629756320933
0.3351                    -134.88738986849307
0.335125                  -135.34421403755593
0.33515                   -135.95035685776995
0.335175                  -136.7222687059247
0.3352                    -137.6773099577996
0.335225                  -138.83521530408657
0.33525                   -140.21976633646565
0.335275                  -141.8608125807938
0.3353                    -143.7966807999835
0.335325                  -146.07638897486794
0.33535                   -148.75817928070046
0.33537500000000003       -151.88803783678685
0.33540000000000003       -155.38983240670302
0.33542500000000003       -158.6934610012655
0.33545                   -160.55985177787295
0.335475                  -160.93558815232998
0.3355                    -161.15728866440858
0.335525                  -161.99664243257655
0.33555                   -163.74757730971874
0.335575                  -166.7237160926301
0.3356                    -171.78698045836396
0.335625                  -Inf
