% Model:              car_cabin_acoustics_transient_63-all.mph
% Version:            COMSOL 6.4.0.293
% Date:               Jul 23 2026, 08:11
% Dimension:          1
% Nodes:              13426
% Expressions:        1
% Description:        脉冲响应
% 时间 (s)                  Value
0                         0
2.5E-5                    -0.0015833012274571424
5.0E-5                    -0.0032914208058225283
7.500000000000001E-5      -0.00508701205486637
1.0E-4                    -0.006928038567989345
1.25E-4                   -0.008769756650112204
1.5000000000000001E-4     -0.01056687895617735
1.75E-4                   -0.01227581720682964
2.0E-4                    -0.013856894885589641
2.2500000000000002E-4     -0.015276419095785285
2.5E-4                    -0.016508504663463798
2.75E-4                   -0.017536553196001708
3.0000000000000003E-4     -0.0183543048754472
3.2500000000000004E-4     -0.01896640064426023
3.5E-4                    -0.019388416146243242
3.75E-4                   -0.01964635504556473
4.0E-4                    -0.019775616692637235
4.2500000000000003E-4     -0.019819479983665345
4.5000000000000004E-4     -0.019827170155806983
4.75E-4                   -0.019851596810456874
5.0E-4                    -0.01994686855014026
5.250000000000001E-4      -0.02016570144742426
5.5E-4                    -0.020556844671957654
5.75E-4                   -0.02116264684706076
6.000000000000001E-4      -0.022016881243558422
6.25E-4                   -0.023142937134848704
6.500000000000001E-4      -0.024552469097520024
6.75E-4                   -0.026244576431037482
7.0E-4                    -0.02820556195390352
7.250000000000001E-4      -0.030409294038310424
7.5E-4                    -0.03281816875430834
7.750000000000001E-4      -0.035384641359760716
8.0E-4                    -0.03805326912830525
8.25E-4                   -0.040763181778873815
8.500000000000001E-4      -0.043450872761952836
8.75E-4                   -0.04605318561831362
9.000000000000001E-4      -0.04851035578104696
9.25E-4                   -0.05076896064908698
9.5E-4                    -0.05278463039502677
9.750000000000001E-4      -0.054524379304923674
0.001                     -0.05596843254945653
0.001025                  -0.057111445693569025
0.0010500000000000002     -0.05796304295929391
0.001075                  -0.05854763375445055
0.0011                    -0.05890350336047449
0.0011250000000000001     -0.05908121078484628
0.00115                   -0.059141362420248096
0.001175                  -0.05915186224184109
0.0012000000000000001     -0.05918476604921297
0.001225                  -0.05931288738434605
0.00125                   -0.059606315391676115
0.001275                  -0.06012900969187021
0.0013000000000000002     -0.0609356344276427
0.001325                  -0.062068783478020216
0.00135                   -0.06355673214930078
0.0013750000000000001     -0.06541182830796981
0.0014                    -0.06762960886243727
0.001425                  -0.07018869668805178
0.0014500000000000001     -0.0730514994988598
0.001475                  -0.07616569681594804
0.0015                    -0.07946646517041216
0.001525                  -0.0828793562543095
0.0015500000000000002     -0.08632370931809775
0.001575                  -0.0897164493088965
0.0016                    -0.0929760977803536
0.0016250000000000001     -0.09602680623499248
0.00165                   -0.09880221290174765
0.001675                  -0.10124892529453022
0.0017000000000000001     -0.10332944300206359
0.0017250000000000002     -0.10502435808080926
0.00175                   -0.10633370340219978
0.001775                  -0.10727736074813572
0.0018000000000000002     -0.10789448801216404
0.001825                  -0.10824197564736135
0.00185                   -0.10839199331656656
0.0018750000000000001     -0.10842873537859835
0.0019                    -0.10844451554084941
0.001925                  -0.1085353944504874
0.0019500000000000001     -0.10879654763828754
0.001975                  -0.10931759430459181
0.002                     -0.11017810990441582
0.002025                  -0.11144353789394829
0.00205                   -0.11316169929085176
0.002075                  -0.11536007403043963
0.0021000000000000003     -0.11804399666610045
0.002125                  -0.12119587189797448
0.00215                   -0.12477547375451684
0.0021750000000000003     -0.12872134697781012
0.0022                    -0.1329532813043457
0.002225                  -0.1373757801043685
0.0022500000000000003     -0.1418823957859753
0.002275                  -0.1463607574501674
0.0023                    -0.15069807391053525
0.0023250000000000002     -0.154786860138162
0.00235                   -0.15853061038971217
0.002375                  -0.16184912950556352
0.0024000000000000002     -0.16468323737527238
0.002425                  -0.16699858168549803
0.00245                   -0.16878833085985123
0.002475                  -0.1700745711862196
0.0025                    -0.1709082966603248
0.0025250000000000003     -0.17136795296084958
0.00255                   -0.1715565732767752
0.002575                  -0.17159761820159755
0.0026000000000000003     -0.1716296996584665
0.002625                  -0.17180042572313592
0.00265                   -0.1722596463847414
0.0026750000000000003     -0.17315240824342357
0.0027                    -0.17461193875839356
0.002725                  -0.17675297891268746
0.0027500000000000003     -0.1796657687691194
0.002775                  -0.18341096537549223
0.0028                    -0.18801573875254596
0.0028250000000000003     -0.1934712507714677
0.00285                   -0.1997316745364923
0.002875                  -0.20671485881369298
0.0029000000000000002     -0.21430468309938944
0.002925                  -0.2223550840647401
0.00295                   -0.23069566368541958
0.002975                  -0.23913871452109448
0.003                     -0.2474874206973242
0.0030250000000000003     -0.2555449179251476
0.00305                   -0.26312382752104285
0.003075                  -0.2700558240650627
0.0031000000000000003     -0.2762007606573274
0.003125                  -0.28145486577786233
0.00315                   -0.28575754601639464
0.0031750000000000003     -0.28909638133600823
0.0032                    -0.2915099826973361
0.003225                  -0.2930884909072188
0.0032500000000000003     -0.2939716224158069
0.003275                  -0.29434430219938096
0.0033                    -0.29443005471767336
0.0033250000000000003     -0.2944824408088906
0.00335                   -0.29477492297988
0.003375                  -0.29558960867797457
0.0034000000000000002     -0.2972053591544652
0.003425                  -0.29988576215508017
0.0034500000000000004     -0.303867454230288
0.0034750000000000002     -0.3093492488266293
0.0035                    -0.31648248572959403
0.0035250000000000004     -0.32536297134589043
0.00355                   -0.33602483157075597
0.003575                  -0.34843655124682266
0.0036000000000000003     -0.3624994258181957
0.003625                  -0.3780485989345375
0.00365                   -0.39485680013207536
0.0036750000000000003     -0.41264082430641896
0.0037                    -0.43107070495687205
0.003725                  -0.44978142335705745
0.0037500000000000003     -0.46838686622626496
0.003775                  -0.48649559970131284
0.0038                    -0.503727876868506
0.0038250000000000003     -0.5197331539509626
0.00385                   -0.5342072741206088
0.003875                  -0.5469084067028447
0.0039000000000000003     -0.5576708201834752
0.0039250000000000005     -0.5664156313070381
0.00395                   -0.5731578124166438
0.003975                  -0.5780089472849828
0.004                     -0.5811754839284045
0.004025                  -0.5829525151592128
0.00405                   -0.5837133939237018
0.0040750000000000005     -0.5838957320148499
0.0041                    -0.5839845147951812
0.004125                  -0.5844931778694472
0.00415                   -0.585943531854384
0.004175                  -0.5888453962624205
0.004200000000000001      -0.5936767283916923
0.0042250000000000005     -0.6008649274285565
0.00425                   -0.6107698776206204
0.004275                  -0.6236691846649894
0.0043                    -0.6397459689344929
0.004325                  -0.6590795145181011
0.004350000000000001      -0.6816390348270418
0.004375                  -0.7072807984876002
0.0044                    -0.735748853189827
0.004425                  -0.7666795759854329
0.00445                   -0.7996102496767131
0.004475                  -0.8339917993081973
0.0045000000000000005     -0.86920570520041
0.004525                  -0.9045849293402786
0.00455                   -0.9394384487237109
0.004575                  -0.9730786927945514
0.0046                    -1.00485085689863
0.004625000000000001      -1.0341627480839035
0.0046500000000000005     -1.0605135624573099
0.004675                  -1.083519846559084
0.0047                    -1.1029369034051597
0.004725                  -1.1186740928505332
0.00475                   -1.130802843743807
0.004775000000000001      -1.1395567083655733
0.0048000000000000004     -1.145323386397996
0.004825                  -1.1486292478981832
0.00485                   -1.1501174131362968
0.004875                  -1.1505208374300224
0.0049                    -1.1506320639472742
0.0049250000000000006     -1.151271341366435
0.00495                   -1.1532546798458303
0.004975                  -1.1573631820132915
0.005                     -1.1643146889291014
0.005025                  -1.1747384760012487
0.005050000000000001      -1.1891534630159692
0.0050750000000000005     -1.2079501944714481
0.0051                    -1.231376715332637
0.005125                  -1.2595284139768008
0.00515                   -1.2923419184803884
0.005175                  -1.3295931962297949
0.005200000000000001      -1.3709000956328863
0.0052250000000000005     -1.4157296533595976
0.00525                   -1.4634105388351184
0.005275                  -1.5131509864177652
0.0053                    -1.5640624439804407
0.005325                  -1.615188921278011
0.005350000000000001      -1.6655416439416635
0.0053750000000000004     -1.7141381229376238
0.0054                    -1.760044177182427
0.005425                  -1.8024168713531812
0.00545                   -1.840545848806717
0.005475                  -1.8738902571096105
0.0055000000000000005     -1.9021084729991578
0.005525                  -1.9250781862800252
0.00555                   -1.942905088559701
0.005575                  -1.9559193547829374
0.0056                    -1.9646601684324452
0.005625000000000001      -1.969849562303481
0.0056500000000000005     -1.9723576730411678
0.005675                  -1.9731620306996014
0.0057                    -1.973303681241235
0.005725                  -1.973842794117189
0.00575                   -1.9758160150056847
0.005775000000000001      -1.9801972890737585
0.0058000000000000005     -1.987863308277105
0.005825                  -1.9995642149448347
0.00585                   -2.0158997825707865
0.005875                  -2.0373010224339025
0.0059                    -2.0640170342539372
0.005925000000000001      -2.0961069139184896
0.00595                   -2.1334366219723484
0.005975                  -2.1756808659749836
0.006                     -2.2223302164912133
0.006025                  -2.272703816231983
0.006050000000000001      -2.325968109494659
0.0060750000000000005     -2.381161971005917
0.0061                    -2.437228412694408
0.006125                  -2.4930526716293175
0.00615                   -2.5475059350513867
0.006175                  -2.5994932768457293
0.006200000000000001      -2.6480036429042353
0.0062250000000000005     -2.69215904797629
0.00625                   -2.7312596741038946
0.006275                  -2.764821425190471
0.0063                    -2.792602786144316
0.006325                  -2.8146185751902033
0.006350000000000001      -2.831139287959241
0.0063750000000000005     -2.8426760503526554
0.0064                    -2.8499525120253337
0.006425                  -2.8538661127692317
0.00645                   -2.85544188134324
0.006475000000000001      -2.855782207622641
0.006500000000000001      -2.8560158846588095
0.006525                  -2.857249242437253
0.00655                   -2.860521525758326
0.006575                  -2.866765945195277
0.0066                    -2.8767771691757478
0.006625000000000001      -2.891185504582936
0.0066500000000000005     -2.9104376690154132
0.006675                  -2.934783890598208
0.0067                    -2.9642710559449963
0.006725                  -2.998741722542566
0.00675                   -3.037838969050349
0.006775000000000001      -3.081017222811048
0.0068000000000000005     -3.12755932481023
0.006825                  -3.1766001173065916
0.00685                   -3.2271567238082923
0.006875                  -3.278165403621788
0.006900000000000001      -3.328524394907
0.006925000000000001      -3.3771415347668903
0.0069500000000000004     -3.422984726641931
0.006975                  -3.465132619722147
0.007                     -3.5028223081964494
0.007025                  -3.5354905918729562
0.007050000000000001      -3.562805477056637
0.0070750000000000006     -3.5846851853631145
0.0071                    -3.601302936075693
0.007125                  -3.6130770405778385
0.00715                   -3.620647195299527
0.007175                  -3.6248390640943287
0.007200000000000001      -3.6266201189156124
0.0072250000000000005     -3.6270501531600505
0.00725                   -3.6272298835024754
0.007275                  -3.6282506860441828
0.0073                    -3.631147897851796
0.007325000000000001      -3.6368593991224185
0.007350000000000001      -3.6461905025574373
0.0073750000000000005     -3.659785607763279
0.0074                    -3.678106679868422
0.007425                  -3.70141839426051
0.00745                   -3.7297797344759323
0.007475000000000001      -3.763041898761921
0.007500000000000001      -3.800852511896828
0.0075250000000000004     -3.8426662959045457
0.00755                   -3.8877624679873324
0.007575                  -3.935269149932758
0.0076                    -3.9841949410597532
0.007625000000000001      -4.03346749181444
0.0076500000000000005     -4.081978407862408
0.007675                  -4.128633141787809
0.0077                    -4.1724037629010144
0.007725                  -4.212381751726254
0.00775                   -4.24782739302637
0.007775000000000001      -4.278212092298074
0.0078000000000000005     -4.303250133165078
0.007825                  -4.322917070231199
0.007850000000000001      -4.337453057138661
0.007875                  -4.347350787601069
0.0079                    -4.353329155960676
0.007925                  -4.356294988449018
0.00795                   -4.357296067551965
0.007975000000000001      -4.357469069094612
0.008                     -4.357985957437114
0.008025000000000001      -4.360001929106333
0.00805                   -4.364607302703093
0.008075                  -4.372784978538423
0.0081                    -4.385374369300134
0.008125                  -4.403042126507533
0.008150000000000001      -4.4262596042427145
0.008175                  -4.455286819047427
0.0082                    -4.490162660374613
0.008225                  -4.530701237540052
0.00825                   -4.576494463165858
0.008275000000000001      -4.626921209294892
0.0083                    -4.681163566049287
0.008325                  -4.738230817227365
0.00835                   -4.7969916582274035
0.008375                  -4.856214865684485
0.008400000000000001      -4.914618056199674
0.008425                  -4.970923356123266
0.008450000000000001      -5.023917815849338
0.008475                  -5.072515376123298
0.0085                    -5.115816321866524
0.008525                  -5.1531596559125
0.00855                   -5.184163876524184
0.008575000000000001      -5.20875234480271
0.0086                    -5.2271607415453865
0.008625                  -5.239925852174434
0.00865                   -5.24785678779916
0.008675                  -5.251991420207396
0.008700000000000001      -5.2535420011681015
0.008725                  -5.253834495530144
0.00875                   -5.254246074666673
0.008775                  -5.2561446119180495
0.0088                    -5.260833092527331
0.008825000000000001      -5.269500812315199
0.00885                   -5.283182275658024
0.008875000000000001      -5.302723939159303
0.0089                    -5.3287584437901225
0.008925                  -5.3616857424634965
0.00895                   -5.401660532068021
0.008975                  -5.448585587782654
0.009000000000000001      -5.502110911911641
0.009025                  -5.561638983837583
0.00905                   -5.62633676250482
0.009075                  -5.695155373463624
0.0091                    -5.766858528913826
0.009125000000000001      -5.840060600456213
0.00915                   -5.913274820572077
0.009175                  -5.984971292171622
0.0092                    -6.053643356479762
0.009225                  -6.117879512734001
0.009250000000000001      -6.176436698940152
0.009275                  -6.228309610803694
0.009300000000000001      -6.272790161943627
0.009325                  -6.309511421382741
0.00935                   -6.338471504676297
0.009375                  -6.360034833704348
0.0094                    -6.374910599396957
0.009425000000000001      -6.38411070991174
0.00945                   -6.388891524174617
0.009475                  -6.390684917888603
0.0095                    -6.391024570081477
0.009525                  -6.391472870589299
0.009550000000000001      -6.3935527684081315
0.009575                  -6.398687512302391
0.009600000000000001      -6.408149865832876
0.009625                  -6.423021221999522
0.00965                   -6.444160215911051
0.009675000000000001      -6.472179969007307
0.0097                    -6.507432965164376
0.009725000000000001      -6.550002692171293
0.00975                   -6.599701502072738
0.009775                  -6.656074569064627
0.0098                    -6.718410274043602
0.009825                  -6.785757740929736
0.009850000000000001      -6.856952509631866
0.009875                  -6.93065137019092
0.0099                    -7.005377123445183
0.009925                  -7.079573417877862
0.00995                   -7.151668828388518
0.009975000000000001      -7.220148053035476
0.01                      -7.2836266661790905
0.010025000000000001      -7.340924533619817
0.01005                   -7.391132079591828
0.010075                  -7.433663396137008
0.010100000000000001      -7.468290893786599
0.010125                  -7.495157807811939
0.010150000000000001      -7.514767169376258
0.010175                  -7.527948413036053
0.0102                    -7.535805132740167
0.010225                  -7.539649192760281
0.01025                   -7.540927200804801
0.010275000000000001      -7.541145236815008
0.0103                    -7.541796879415601
0.010325                  -7.544298276119087
0.01035                   -7.549932577562288
0.010375                  -7.559804759842211
0.010400000000000001      -7.574806858102359
0.010425                  -7.595592997138513
0.010450000000000001      -7.622563321246137
0.010475                  -7.6558559361047624
0.0105                    -7.695346195769124
0.010525000000000001      -7.740653006021213
0.01055                   -7.791152181125196
0.010575000000000001      -7.845997198532259
0.0106                    -7.904147864743434
0.010625                  -7.964407362931587
0.01065                   -8.02546784253041
0.010675                  -8.08596410609307
0.010700000000000001      -8.144534070579976
0.010725                  -8.19988361513216
0.010750000000000001      -8.250852333493965
0.010775                  -8.296475803641952
0.0108                    -8.336039507123779
0.010825000000000001      -8.36911967279613
0.01085                   -8.395607173420549
0.010875000000000001      -8.415712103388282
0.0109                    -8.429948586856641
0.010925                  -8.439101371884329
0.01095                   -8.444177498899311
0.010975                  -8.446347505816874
0.011000000000000001      -8.446881105359394
0.011025                  -8.447082063776074
0.01105                   -8.448226278419122
0.011075                  -8.451506020365875
0.0111                    -8.45798220861012
0.011125000000000001      -8.468545600414398
0.01115                   -8.483887034637618
0.011175000000000001      -8.504476396724288
0.0112                    -8.53054977389504
0.011225                  -8.562104287201201
0.011250000000000001      -8.598900253163016
0.011275                  -8.640470563161163
0.011300000000000001      -8.686137394224483
0.011325                  -8.735036504524759
0.01135                   -8.786149352682287
0.011375                  -8.838343058248398
0.0114                    -8.89041776266672
0.011425000000000001      -8.941160265107307
0.01145                   -8.98940195640996
0.011475                  -9.034078174716768
0.0115                    -9.074285325254287
0.011525                  -9.109331633747368
0.011550000000000001      -9.138777406065518
0.011575                  -9.162461240634304
0.011600000000000001      -9.180509764939123
0.011625                  -9.193329995805232
0.01165                   -9.201585106787624
0.011675000000000001      -9.20615593628028
0.0117                    -9.208091732627468
0.011725000000000001      -9.208554250405975
0.01175                   -9.208759354542218
0.011775                  -9.20991984224766
0.0118                    -9.213192420198238
0.011825                  -9.21963086487774
0.011850000000000001      -9.230146516891988
0.011875                  -9.245476536976918
0.0119                    -9.266159847293668
0.011925                  -9.292520410222751
0.01195                   -9.32465743396278
0.011975000000000001      -9.362442191626872
0.012                     -9.405521337463483
0.012025000000000001      -9.453326834249756
0.01205                   -9.50509280245099
0.012075                  -9.559879698529432
0.012100000000000001      -9.616606166417771
0.012125                  -9.674088634958025
0.012150000000000001      -9.73108823133395
0.012175                  -9.786363860504988
0.0122                    -9.83872942859437
0.012225                  -9.887112285590948
0.01225                   -9.930609198228428
0.012275000000000001      -9.968535725162964
0.0123                    -10.000464915261436
0.012325000000000001      -10.026251870612198
0.01235                   -10.046041877209909
0.012375                  -10.060261350945446
0.012400000000000001      -10.0695925212941
0.012425                  -10.074934292880789
0.012450000000000001      -10.07735283924617
0.012475                  -10.078026047275003
0.0125                    -10.07818592475141
0.012525000000000001      -10.07906260072565
0.01255                   -10.081832754488655
0.012575000000000001      -10.087574390837846
0.0126                    -10.097229001402354
0.012625                  -10.111571429864824
0.01265                   -10.131187252805576
0.012675                  -10.156457208203342
0.012700000000000001      -10.18754812538906
0.012725                  -10.22440988736976
0.012750000000000001      -10.266778133134384
0.012775                  -10.314182625575441
0.0128                    -10.365961412970941
0.012825000000000001      -10.421281044559418
0.01285                   -10.479163114618045
0.012875000000000001      -10.538517264574947
0.0129                    -10.598180444771492
0.012925                  -10.656961727385028
0.012950000000000001      -10.713691305499466
0.012975                  -10.767271587409182
0.013000000000000001      -10.81672761623803
0.013025                  -10.861253553860706
0.01305                   -10.900251802912116
0.013075                  -10.933361600027185
0.0131                    -10.960474622283966
0.013125000000000001      -10.981736238834564
0.01315                   -10.997532355205866
0.013175000000000001      -11.008463128470307
0.0132                    -11.01530596343818
0.013225                  -11.018970967541176
0.013250000000000001      -11.020452363727921
0.013275                  -11.020779248700293
0.013300000000000001      -11.020968627401102
0.013325                  -11.021982986722591
0.01335                   -11.024693931708182
0.013375000000000001      -11.029852713386157
0.0134                    -11.038067907451863
0.013425000000000001      -11.049790094084752
0.01345                   -11.065303142266604
0.013475                  -11.084721592910826
0.0135                    -11.107993625674546
0.013525                  -11.134909141346796
0.013550000000000001      -11.165112553651742
0.013575                  -11.19811992549238
0.013600000000000001      -11.233340077985874
0.013625                  -11.27009922960754
0.01365                   -11.307668583198762
0.013675000000000001      -11.345294080024736
0.0137                    -11.382227306100617
0.013725000000000001      -11.4177563029167
0.01375                   -11.451234847393035
0.013775                  -11.482108671001479
0.013800000000000002      -11.509937124730916
0.013825                  -11.534408987226172
0.013850000000000001      -11.555351455940903
0.013875                  -11.57273182635485
0.013900000000000001      -11.586651899444426
0.013925                  -11.597335695704283
0.01395                   -11.60511152711383
0.013975000000000001      -11.610389830877502
0.014                     -11.613638367172335
0.014025000000000001      -11.615356420566805
0.01405                   -11.616049538586426
0.014075                  -11.616206125784199
0.014100000000000001      -11.616276930370182
0.014125                  -11.616658154821636
0.014150000000000001      -11.617678626243862
0.014175                  -11.61959119983475
0.0142                    -11.622568351318911
0.014225000000000002      -11.626701743541624
0.01425                   -11.632005423595952
0.014275000000000001      -11.638422211415593
0.0143                    -11.645832769658586
0.014325000000000001      -11.654066790578314
0.01435                   -11.662915694133202
0.014375                  -11.672146202071506
0.014400000000000001      -11.681514137605193
0.014425                  -11.690777804248755
0.014450000000000001      -11.69971032591156
0.014475                  -11.708110387982895
0.0145                    -11.715810908079094
0.014525000000000001      -11.72268528387609
0.01455                   -11.72865100847974
0.014575000000000001      -11.73367060175844
0.0146                    -11.737749966943321
0.014625                  -11.74093443249544
0.014650000000000002      -11.743302867460661
0.014675                  -11.744960354502503
0.014700000000000001      -11.746029962451555
0.014725                  -11.74664417767238
0.014750000000000001      -11.74693653294292
0.014775                  -11.747033919157852
0.0148                    -11.747049986328488
0.014825000000000001      -11.7470799442088
0.01485                   -11.74719696738302
0.014875000000000001      -11.74745030185522
0.0149                    -11.747865065893567
0.014925                  -11.748443641650443
0.014950000000000001      -11.749168469393432
0.014975                  -11.750005985758808
0.015000000000000001      -11.750911393481594
0.015025                  -11.751833914392297
0.015050000000000001      -11.75272216153388
0.015075                  -11.75352927091416
0.0151                    -11.754217458712372
0.015125000000000001      -11.75476171464407
0.01515                   -11.755152404293085
0.015175000000000001      -11.755396628839854
0.0152                    -11.755518274872678
0.015225                  -11.755556774175409
0.015250000000000001      -11.755564677568188
0.015275                  -11.75560422236607
0.015300000000000001      -11.755743134995457
0.015325                  -11.756049955226626
0.01535                   -11.756589194296456
0.015375000000000002      -11.757416645373528
0.0154                    -11.75857515215217
0.015425000000000001      -11.760091111674203
0.01545                   -11.761971943260075
0.015475000000000001      -11.764204699529873
0.0155                    -11.76675593087179
0.015525                  -11.769572844337715
0.015550000000000001      -11.772585724781282
0.015575                  -11.77571151315095
0.015600000000000001      -11.77885836743638
0.015625                  -11.781930969302529
0.01565                   -11.78483628758719
0.015675                  -11.787489472250744
0.015700000000000002      -11.789819532409203
0.015725                  -11.791774452372202
0.01575                   -11.79332542156579
0.015775                  -11.79446989766096
0.0158                    -11.795233285127216
0.015825000000000002      -11.795669089921486
0.01585                   -11.795857499686782
0.015875                  -11.795902431236806
0.0159                    -11.795927176506586
0.015925                  -11.796068858287505
0.015950000000000002      -11.796471972820859
0.015975                  -11.797281344209406
0.016                     -11.798634843964726
0.016025                  -11.800656237922542
0.016050000000000002      -11.803448513716695
0.016075000000000002      -11.80708801740553
0.0161                    -11.811619690465221
0.016125                  -11.817053650869894
0.01615                   -11.823363306592604
0.016175000000000002      -11.83048512822237
0.0162                    -11.838320140616009
0.016225                  -11.846737122423436
0.01625                   -11.855577427866297
0.016275                  -11.864661268745776
0.016300000000000002      -11.87379521862448
0.016325                  -11.882780628909483
0.01635                   -11.891422582727609
0.016375                  -11.899538962455097
0.0164                    -11.906969176252693
0.016425000000000002      -11.913582083151418
0.01645                   -11.9192826788674
0.016475                  -11.924017156999728
0.0165                    -11.92777604103165
0.016525                  -11.930595186906723
0.016550000000000002      -11.932554576348021
0.016575                  -11.933774947990646
0.0166                    -11.934412436476386
0.016625                  -11.934651499160243
0.01665                   -11.934696498074956
0.016675000000000002      -11.934762366096338
0.0167                    -11.935064818787005
0.016725                  -11.93581057810652
0.01675                   -11.937188054409365
0.016775                  -11.939358893783945
0.016800000000000002      -11.942450744243438
0.016825                  -11.946551531660159
0.01685                   -11.951705468755485
0.016875                  -11.957910950710133
0.016900000000000002      -11.965120420491147
0.016925000000000003      -11.973242216162808
0.01695                   -11.982144341005455
0.016975                  -11.991660024928134
0.017                     -12.001594872726448
0.017025000000000002      -12.011735322593198
0.01705                   -12.021858069735213
0.017075                  -12.031740049236742
0.0171                    -12.041168524853486
0.017125                  -12.049950802174127
0.017150000000000002      -12.057923081134426
0.017175                  -12.064957988388441
0.0172                    -12.070970386301614
0.017225                  -12.075921140966567
0.01725                   -12.079818641891329
0.017275000000000002      -12.082717993014748
0.0173                    -12.084717928393179
0.017325                  -12.08595563528487
0.01735                   -12.086599782006504
0.017375                  -12.08684213935096
0.017400000000000002      -12.0868882469636
0.017425                  -12.086947607676244
0.01745                   -12.087223894438718
0.017475                  -12.087905629829017
0.0175                    -12.089157752502953
0.017525000000000002      -12.091114424337396
0.01755                   -12.093873362102785
0.017575                  -12.097491902960865
0.0176                    -12.101984937269211
0.017625000000000002      -12.107324767061717
0.017650000000000002      -12.113442875027829
0.017675                  -12.120233517039857
0.0177                    -12.127558981379394
0.017725                  -12.135256290330661
0.017750000000000002      -12.14314505615073
0.017775                  -12.151036146107927
0.0178                    -12.158740763895723
0.017825                  -12.166079521643114
0.01785                   -12.172891062508072
0.017875000000000002      -12.179039802433145
0.0179                    -12.184422393621887
0.017925                  -12.18897257207312
0.01795                   -12.192664134878832
0.017975                  -12.195511895054958
0.018000000000000002      -12.197570575235916
0.018025                  -12.198931717934183
0.01805                   -12.199718800152308
0.018075                  -12.200080835607936
0.0181                    -12.200184822152924
0.018125000000000002      -12.200207441077065
0.01815                   -12.200326437562772
0.018175                  -12.200712108822822
0.0182                    -12.201519301625947
0.018225                  -12.2028802784418
0.018250000000000002      -12.204898756182985
0.018275                  -12.207645358064884
0.0183                    -12.211154651237702
0.018325                  -12.215423873342877
0.01835                   -12.220413381783699
0.018375000000000002      -12.226048791288548
0.0184                    -12.232224698905034
0.018425                  -12.238809831551938
0.01845                   -12.245653390759223
0.018475000000000002      -12.252592314039543
0.018500000000000003      -12.259459125057875
0.018525                  -12.266090008687256
0.01855                   -12.272332725788402
0.018575                  -12.278053979574581
0.018600000000000002      -12.283145863342233
0.018625                  -12.287531059333745
0.01865                   -12.291166519782335
0.018675                  -12.294045440831455
0.0187                    -12.296197433023126
0.018725000000000002      -12.297686891810818
0.01875                   -12.298609670620571
0.018775                  -12.299088249961711
0.0188                    -12.299265672534169
0.018825                  -12.2992985714368
0.018850000000000002      -12.299349653812893
0.018875                  -12.299580015140965
0.0189                    -12.30014165141181
0.018925                  -12.301170510605012
0.01895                   -12.302780385000931
0.018975000000000002      -12.3050578959521
0.019                     -12.308058766488006
0.019025                  -12.311805517571358
0.01905                   -12.316286663186418
0.019075                  -12.32145741918941
0.019100000000000002      -12.3272418819021
0.019125                  -12.333536575442034
0.01915                   -12.340215212483267
0.019175                  -12.347134462607784
0.019200000000000002      -12.354140477252924
0.019225000000000003      -12.36107588267162
0.01925                   -12.367786924936544
0.019275                  -12.374130436631095
0.0193                    -12.379980296014937
0.019325000000000002      -12.385233067923808
0.019350000000000003      -12.389812552058107
0.019375                  -12.393673017691043
0.0194                    -12.39680097157117
0.019425                  -12.399215383737829
0.019450000000000002      -12.400966378764364
0.019475                  -12.40213248164386
0.0195                    -12.402816582275742
0.019525                  -12.403140845201632
0.01955                   -12.403240838091005
0.019575000000000002      -12.403259181348998
0.0196                    -12.403339031684968
0.019625                  -12.403617705661826
0.01965                   -12.404220727453403
0.019675                  -12.405256551310995
0.019700000000000002      -12.406812166881856
0.019725                  -12.408949747689501
0.01975                   -12.411704452508951
0.019775                  -12.415083438210981
0.0198                    -12.419066092496454
0.019825000000000002      -12.423605446913854
0.01985                   -12.428630685474413
0.019875                  -12.434050622776018
0.0199                    -12.439757988623054
0.019925000000000002      -12.445634324684425
0.019950000000000002      -12.45155527399536
0.019975                  -12.457396027477888
0.02                      -12.463036684543825
0.020025                  -12.468367288463398
0.020050000000000002      -12.473292312286798
0.020075000000000003      -12.477734397757722
0.0201                    -12.481637187054414
0.020125                  -12.484967133599792
0.02015                   -12.487714230994174
0.020175000000000002      -12.489891655066286
0.020200000000000003      -12.491534369469493
0.020225                  -12.49269679653186
0.02025                   -12.493449698940877
0.020275                  -12.493876451743871
0.020300000000000002      -12.494068906428343
0.020325                  -12.49412305887507
0.02035                   -12.494134731081356
0.020375                  -12.494195463882168
0.0204                    -12.494388796200461
0.020425000000000002      -12.494787077729283
0.02045                   -12.495448928590411
0.020475                  -12.496417423544958
0.0205                    -12.497719041647862
0.020525                  -12.49936338645118
0.020550000000000002      -12.501343648282077
0.020575                  -12.503637749793466
0.0206                    -12.506210089733308
0.020625                  -12.509013778362663
0.02065                   -12.51199324170548
0.020675000000000002      -12.51508706125626
0.0207                    -12.51823091120228
0.020725                  -12.521360456773822
0.02075                   -12.524414084949822
0.020775000000000002      -12.527335352092573
0.020800000000000003      -12.530075051545278
0.020825                  -12.532592826879693
0.02085                   -12.534858282128507
0.020875                  -12.536851567559914
0.020900000000000002      -12.538563446807258
0.020925000000000003      -12.539994876899756
0.02095                   -12.541156155510063
0.020975                  -12.542065708325328
0.021                     -12.542748602965062
0.021025000000000002      -12.543234883793046
0.021050000000000003      -12.543557824181642
0.021075                  -12.54375218954433
0.0211                    -12.543852596346063
0.021125                  -12.54389204017716
0.021150000000000002      -12.543900650855022
0.021175                  -12.543904715504237
0.0212                    -12.543925992772873
0.021225                  -12.543981323824019
0.02125                   -12.54408252943751
0.021275000000000002      -12.544236568258235
0.0213                    -12.544445919551555
0.021325                  -12.544709145202361
0.02135                   -12.545021580359661
0.021375                  -12.5453761001299
0.021400000000000002      -12.545763910925237
0.021425                  -12.546175319174907
0.02145                   -12.546600436660517
0.021475                  -12.547029790171928
0.021500000000000002      -12.54745481284748
0.021525000000000002      -12.547868204764285
0.02155                   -12.548264160382853
0.021575                  -12.5486384696707
0.0216                    -12.548988507561276
0.021625000000000002      -12.549313132397796
0.021650000000000003      -12.549612517865121
0.021675                  -12.549887944490282
0.0217                    -12.550141576125835
0.021725                  -12.550376244115496
0.021750000000000002      -12.550595257415578
0.021775000000000003      -12.550802251262045
0.0218                    -12.551001080563957
0.021825                  -12.551195757642413
0.02185                   -12.551390427790842
0.021875000000000002      -12.55158937093616
0.0219                    -12.551797013879566
0.021925                  -12.552017935527779
0.02195                   -12.55225684739067
0.021975                  -12.552518533469586
0.022000000000000002      -12.552807737384764
0.022025                  -12.553128989932855
0.02205                   -12.553486376834162
0.022075                  -12.553883253722692
0.0221                    -12.554321922873104
0.022125000000000002      -12.554803293133347
0.02215                   -12.555326550430594
0.022175                  -12.55588887047846
0.0222                    -12.556485207458136
0.022225                  -12.557108192119257
0.022250000000000002      -12.557748169740623
0.022275                  -12.558393402670298
0.0223                    -12.559030453875016
0.022325                  -12.559644757402834
0.022350000000000002      -12.56022136941273
0.022375000000000003      -12.560745880123601
0.0224                    -12.561205453490047
0.022425                  -12.561589948521263
0.02245                   -12.561893064860339
0.022475000000000002      -12.562113446449835
0.022500000000000003      -12.562255671650512
0.022525                  -12.56233105671916
0.02255                   -12.562358202531358
0.022575                  -12.562363222024281
0.022600000000000002      -12.562379597898467
0.022625000000000003      -12.562447636209722
0.02265                   -12.562613500870036
0.022675                  -12.562927835786095
0.0227                    -12.563444004252878
0.022725000000000002      -12.564215998058279
0.02275                   -12.565296090311191
0.022775                  -12.566732325125287
0.0228                    -12.568565952955328
0.022825                  -12.570828931749043
0.022850000000000002      -12.573541620492124
0.022875                  -12.57671079271828
0.0229                    -12.580328092830133
0.022925                  -12.584369047479012
0.02295                   -12.588792727770386
0.022975000000000002      -12.593542135833571
0.023                     -12.5985453616353
0.023025                  -12.60371752337852
0.02305                   -12.608963468266246
0.023075000000000002      -12.614181171058114
0.023100000000000002      -12.619265727364654
0.023125                  -12.624113799107244
0.02315                   -12.628628333497588
0.023175                  -12.632723346980315
0.023200000000000002      -12.636328544583984
0.023225000000000003      -12.639393535527201
0.02325                   -12.641891409634356
0.023275                  -12.643821457145933
0.0233                    -12.645210846748974
0.023325000000000002      -12.64611512174585
0.023350000000000003      -12.64661742966635
0.023375                  -12.6468264627654
0.0234                    -12.64687315157278
0.023425                  -12.646906216644924
0.023450000000000002      -12.647086740904083
0.023475000000000003      -12.647581973164515
0.0235                    -12.648558610397334
0.023525                  -12.65017583088311
0.02355                   -12.65257836264377
0.023575000000000002      -12.655889872306485
0.0236                    -12.660206950255773
0.023625                  -12.665593950180858
0.02365                   -12.672078916362908
0.023675                  -12.679650801274589
0.023700000000000002      -12.688258139706738
0.023725                  -12.697809303535601
0.02375                   -12.708174412815822
0.023775                  -12.719188923413132
0.0238                    -12.730658848433954
0.023825000000000002      -12.742367500558052
0.02385                   -12.754083566506125
0.023875                  -12.765570246269277
0.0239                    -12.776595113041358
0.023925000000000002      -12.786940281184211
0.023950000000000003      -12.796412416180512
0.023975                  -12.804852089716833
0.024                     -12.812141981190187
0.024025                  -12.818213458334691
0.024050000000000002      -12.823051135467761
0.024075000000000003      -12.826695105414405
0.0241                    -12.82924066399845
0.024125                  -12.830835484380616
0.02415                   -12.831674340769098
0.024175000000000002      -12.83199161504687
0.024200000000000003      -12.832051934892213
0.024225                  -12.832139380011501
0.02425                   -12.832545749810906
0.024275                  -12.833558410737746
0.024300000000000002      -12.835448237595429
0.024325000000000003      -12.838458135835483
0.02435                   -12.84279258786822
0.024375                  -12.848608612512821
0.0244                    -12.856008468440596
0.024425000000000002      -12.865034373617739
0.02445                   -12.875665454878302
0.024475                  -12.887817084222453
0.0245                    -12.901342698807351
0.024525                  -12.916038136331236
0.024550000000000002      -12.931648442851653
0.024575                  -12.94787702311837
0.0246                    -12.964396903254363
0.024625                  -12.98086376398069
0.024650000000000002      -12.99693028497908
0.024675000000000002      -13.012261226509095
0.0247                    -13.026548575233445
0.024725                  -13.039526011288828
0.02475                   -13.050981926577137
0.024775000000000002      -13.060770250811842
0.024800000000000003      -13.068818427489763
0.024825                  -13.075132024954975
0.02485                   -13.079795658511959
0.024875                  -13.082970121523829
0.024900000000000002      -13.084885855237012
0.024925000000000003      -13.085833105917082
0.02495                   -13.08614930319769
0.024975                  -13.08620433015969
0.025                     -13.086384435775004
0.025025000000000002      -13.087075564030005
0.025050000000000003      -13.088646848205695
0.025075                  -13.091434955126369
0.0251                    -13.095729876542077
0.025125                  -13.101762666624007
0.025150000000000002      -13.109695526794019
0.025175000000000003      -13.119614548947647
0.0252                    -13.13152534840511
0.025225                  -13.145351747342044
0.02525                   -13.160937603343699
0.025275000000000002      -13.178051809241653
0.0253                    -13.196396411971927
0.025325                  -13.215617703227453
0.02535                   -13.235320019206222
0.025375                  -13.255081851041428
0.025400000000000002      -13.27447371720874
0.025425                  -13.293077095885442
0.02545                   -13.310503575754266
0.025475                  -13.326413278476162
0.025500000000000002      -13.34053155583736
0.025525000000000003      -13.35266298679313
0.02555                   -13.362701804178208
0.025575                  -13.37063806694018
0.0256                    -13.376559148518156
0.025625000000000002      -13.380646411567179
0.025650000000000003      -13.383167252250969
0.025675                  -13.384462990200856
0.0257                    -13.38493332296957
0.025725                  -13.385018234955597
0.025750000000000002      -13.385178340436353
0.025775000000000003      -13.38587465062627
0.0258                    -13.387548697777255
0.025825                  -13.390603844058667
0.02585                   -13.395388470516462
0.025875000000000002      -13.40218160161356
0.025900000000000003      -13.411181389166094
0.025925                  -13.422496765406397
0.02595                   -13.436142481501957
0.025975                  -13.452037672364035
0.026000000000000002      -13.470008023614863
0.026025                  -13.489791551883561
0.02605                   -13.511047933995224
0.026075                  -13.533371224159808
0.0261                    -13.556305674419722
0.026125000000000002      -13.579364221285214
0.02615                   -13.602049026630922
0.026175                  -13.623873277298966
0.0262                    -13.64438327644341
0.026225000000000002      -13.663179726464506
0.026250000000000002      -13.679937035525427
0.026275                  -13.694419500157533
0.0263                    -13.706493338863353
0.026325                  -13.716133775549544
0.026350000000000002      -13.723426680863707
0.026375000000000003      -13.72856464343023
0.0264                    -13.731837721254562
0.026425                  -13.73361947330974
0.02645                   -13.734349154871786
0.026475000000000002      -13.73451115156688
0.026500000000000003      -13.73461281571252
0.026525                  -13.735161859283508
0.02655                   -13.736644368216297
0.026575                  -13.739504357952923
0.026600000000000002      -13.744125617432871
0.026625000000000003      -13.750816412757326
0.02665                   -13.759797460930855
0.026675                  -13.771193449063663
0.0267                    -13.785028267880879
0.026725000000000002      -13.80122404612801
0.026750000000000003      -13.819604005172348
0.026775                  -13.839899088544826
0.0268                    -13.86175824653276
0.026825                  -13.884762160213441
0.026850000000000002      -13.908440065614922
0.026875                  -13.932289186272406
0.0269                    -13.955796108251521
0.026925                  -13.978459250861928
0.02695                   -13.999811421215288
0.026975000000000002      -14.019441318591939
0.027                     -14.037012802727613
0.027025                  -14.052280780962453
0.02705                   -14.065102714429516
0.027075000000000002      -14.075444990036537
0.027100000000000003      -14.08338373362943
0.027125                  -14.089100016978248
0.02715                   -14.092869794901581
0.027175                  -14.095049255564291
0.027200000000000002      -14.096056540040214
0.027225000000000003      -14.09635096277313
0.02725                   -14.096410934671466
0.027275                  -14.096711762752323
0.0273                    -14.097704393964678
0.027325000000000002      -14.099796012188433
0.027350000000000003      -14.103333213615056
0.027375                  -14.10858830034025
0.0274                    -14.115749061933514
0.027425                  -14.124912268948965
0.027450000000000002      -14.136080982137575
0.027475000000000003      -14.149165681671388
0.0275                    -14.16398913310707
0.027525                  -14.18029482058012
0.02755                   -14.197758683116788
0.027575000000000002      -14.216003780315727
0.027600000000000003      -14.234617387249923
0.027625                  -14.25316987972882
0.02765                   -14.271234631068815
0.027675                  -14.288408017060213
0.027700000000000002      -14.304328537374932
0.027725                  -14.31869403003466
0.02775                   -14.331275997723726
0.027775                  -14.341930189667234
0.027800000000000002      -14.350602788361467
0.027825000000000003      -14.357331822213498
0.02785                   -14.362243737790097
0.027875                  -14.36554538649747
0.0279                    -14.367511976160781
0.027925000000000002      -14.368471778501615
0.027950000000000003      -14.36878854840155
0.027975                  -14.368842691366464
0.028                     -14.369012214929313
0.028025                  -14.36965443066769
0.028050000000000002      -14.371089254811448
0.028075000000000003      -14.373584807551524
0.0281                    -14.377345852625822
0.028125                  -14.382505463460177
0.02815                   -14.389120158176688
0.028175000000000002      -14.397168615499062
0.028200000000000003      -14.406553964686209
0.028225                  -14.417109529931036
0.02825                   -14.428607797200216
0.028275                  -14.440772254600517
0.028300000000000002      -14.453291634523385
0.028325000000000003      -14.4658359599745
0.02835                   -14.478073676542715
0.028375                  -14.489689047805523
0.0284                    -14.500398920947166
0.028425000000000002      -14.50996794670762
0.028450000000000003      -14.518221376410574
0.028475                  -14.525054665645706
0.0285                    -14.53043928762682
0.028525000000000002      -14.534424388235358
0.028550000000000002      -14.537134179603907
0.028575                  -14.538761244276468
0.0286                    -14.539556180255047
0.028625                  -14.53981423414464
0.028650000000000002      -14.539859727325604
0.028675000000000003      -14.540029169792717
0.0287                    -14.540653978591518
0.028725                  -14.542043681235535
0.02875                   -14.544470402957483
0.028775000000000002      -14.548155325999115
0.028800000000000003      -14.553257684184551
0.028825                  -14.559866728181582
0.02885                   -14.567996972911551
0.028875                  -14.577586920450143
0.028900000000000002      -14.588501337296385
0.028925000000000003      -14.600537049263435
0.02895                   -14.613432094919903
0.028975                  -14.626877945292946
0.029                     -14.640534352561584
0.029025000000000002      -14.654046237697404
0.029050000000000003      -14.667061876035506
0.029075                  -14.679251505440421
0.0291                    -14.690325382579841
0.029125                  -14.700050268116126
0.029150000000000002      -14.708263347664756
0.029175000000000003      -14.714882701518997
0.0292                    -14.71991362169373
0.029225                  -14.723450327580265
0.02925                   -14.725672928601238
0.029275000000000002      -14.726839793554507
0.029300000000000003      -14.727275779365206
0.029325                  -14.727357017530805
0.02935                   -14.727493133549237
0.029375000000000002      -14.728107873021528
0.029400000000000003      -14.729619129456182
0.029425                  -14.732419324428665
0.02945                   -14.736856998448452
0.029475                  -14.74322035080224
0.029500000000000002      -14.751723337452596
0.029525000000000003      -14.762494812060385
0.02955                   -14.775571084549789
0.029575                  -14.790892175959879
0.0296                    -14.808301963265171
0.029625000000000002      -14.827552324489005
0.029650000000000003      -14.848311301346948
0.029675                  -14.870175182353641
0.0297                    -14.892684264977527
0.029725                  -14.9153418776085
0.029750000000000002      -14.937636035188826
0.029775000000000003      -14.95906288003346
0.0298                    -14.9791508446379
0.029825                  -14.997484296408565
0.02985                   -15.013725318460915
0.029875000000000002      -15.02763227585054
0.029900000000000003      -15.039073932507218
0.029925                  -15.048038124090198
0.02995                   -15.054634339749173
0.029975                  -15.059089986459531
0.030000000000000002      -15.061740554992337
0.030025000000000003      -15.063014323921164
0.03005                   -15.063412580018333
0.030075                  -15.063486566612047
0.030100000000000002      -15.06381248168946
0.030125000000000002      -15.064965840113276
0.03015                   -15.06749641075442
0.030175                  -15.071904770997111
0.0302                    -15.078621322128953
0.030225000000000002      -15.087988410347805
0.030250000000000003      -15.10024602245683
0.030275                  -15.115521385746566
0.0303                    -15.133822700814637
0.030325                  -15.155037167836852
0.030350000000000002      -15.178933417766647
0.030375000000000003      -15.205168412317123
0.0304                    -15.233298810929963
0.030425                  -15.262796701229725
0.03045                   -15.293069438411084
0.030475000000000002      -15.323483133482373
0.030500000000000003      -15.353389076429062
0.030525                  -15.382152097605054
0.03055                   -15.409179591738935
0.030575                  -15.4339496969196
0.030600000000000002      -15.456036982875819
0.030625000000000003      -15.475134000731428
0.03065                   -15.49106720677515
0.030675                  -15.503806098154536
0.0307                    -15.513464863033498
0.030725000000000002      -15.520296399846778
0.030750000000000003      -15.524679130883497
0.030775                  -15.527097551940042
0.0308                    -15.528117860503471
0.030825                  -15.528360250610884
0.030850000000000002      -15.528469542000922
0.030875000000000003      -15.529085740123463
0.0309                    -15.53081593772803
0.030925                  -15.534208713991948
0.030950000000000002      -15.539731909484846
0.030975000000000003      -15.547754392907727
0.031                     -15.558532214193768
0.031025                  -15.57219936993901
0.03105                   -15.588763290059775
0.031075000000000002      -15.608105077605716
0.031100000000000003      -15.629984478473702
0.031125                  -15.654049502765153
0.03115                   -15.6798505433881
0.031175                  -15.706858722700263
0.031200000000000002      -15.734488034205881
0.031225000000000003      -15.762120633548886
0.03125                   -15.789134383857428
0.031275000000000004      -15.814931500692179
0.0313                    -15.83896690865788
0.031325                  -15.860774758954
0.03135                   -15.87999150739568
0.031375                  -15.896374047730134
0.031400000000000004      -15.909811647756207
0.031425                  -15.920330832640898
0.03145                   -15.928092861718746
0.031475                  -15.933383992593377
0.0315                    -15.936599251143125
0.031525000000000004      -15.93822086422201
0.03155                   -15.938792816475974
0.031575                  -15.938893141470565
0.0316                    -15.939105554224147
0.031625                  -15.939991903178212
0.031650000000000005      -15.942066704177977
0.031675                  -15.945774760787687
0.0317                    -15.951472613388942
0.031725                  -15.959414322911185
0.03175                   -15.969741899700516
0.031775000000000005      -15.982480537122079
0.0318                    -15.997538695502184
0.031825                  -16.014712990014065
0.03185                   -16.033697747491548
0.031875                  -16.054098993488964
0.031900000000000005      -16.075452497650833
0.031925                  -16.097245335334506
0.03195                   -16.11894021916268
0.031975                  -16.14000163005173
0.032                     -16.159922558865723
0.032025000000000005      -16.17825049145357
0.03205                   -16.19461116912303
0.032075                  -16.208728667324547
0.032100000000000004      -16.220440479099437
0.032125                  -16.229706569353358
0.032150000000000005      -16.23661176146818
0.032175                  -16.241361288436543
0.0322                    -16.24426983156213
0.032225000000000004      -16.245744821845946
0.03225                   -16.246265140991923
0.032275                  -16.24635659594411
0.0323                    -16.246565640444402
0.032325                  -16.247432788531626
0.032350000000000004      -16.2494670345162
0.032375                  -16.25312239763613
0.0324                    -16.258777484675164
0.032425                  -16.266718742331115
0.03245                   -16.277127875344636
0.032475000000000004      -16.29007374705343
0.0325                    -16.305508955681383
0.032525                  -16.32327118270612
0.03255                   -16.343089323267478
0.032575                  -16.36459431423656
0.032600000000000004      -16.38733445565912
0.032625                  -16.41079486289984
0.03265                   -16.43442048524372
0.032675                  -16.457641888356815
0.0327                    -16.479902741923368
0.032725000000000004      -16.500687711061826
0.03275                   -16.5195492604997
0.032775                  -16.53613178589205
0.0328                    -16.550191522603637
0.032825                  -16.561610868685094
0.032850000000000004      -16.570406092874656
0.032875                  -16.576727851995887
0.0329                    -16.580854464539062
0.032925                  -16.583178414509398
0.03295                   -16.584187026839277
0.032975000000000004      -16.5844386096337
0.033                     -16.584535567489496
0.033025                  -16.585096047853167
0.03305                   -16.586725606238446
0.033075                  -16.589990200496235
0.033100000000000004      -16.595391591603537
0.033125                  -16.60334598012957
0.03315                   -16.614166477399333
0.033175                  -16.628049820371444
0.0332                    -16.645067598338677
0.033225000000000005      -16.665162164664213
0.03325                   -16.688147345098628
0.033275                  -16.713714006329838
0.0333                    -16.741440491540697
0.033325                  -16.770807841384713
0.033350000000000005      -16.801219580478563
0.033375                  -16.83202565078419
0.0334                    -16.862549815434487
0.033425                  -16.89211955566742
0.03345                   -16.920097171280016
0.033475000000000005      -16.94591051665703
0.0335                    -16.969081612808733
0.033525                  -16.989251321732
0.03355                   -17.006198389713006
0.033575                  -17.019851472990513
0.033600000000000005      -17.03029323291188
0.033625                  -17.037756177354733
0.03365                   -17.04261055661827
0.033675000000000004      -17.045345212498507
0.0337                    -17.046542754577597
0.033725000000000005      -17.046850746669982
0.03375                   -17.046950709065637
0.033775                  -17.047526690617104
0.033800000000000004      -17.049234975750743
0.033825                  -17.052676216066253
0.033850000000000005      -17.05837096746056
0.033875                  -17.066739317319325
0.0339                    -17.078085034344824
0.033925000000000004      -17.09258448232651
0.03395                   -17.110280409966233
0.033975                  -17.131080650952658
0.034                     -17.15476172256432
0.034025                  -17.18097727326967
0.034050000000000004      -17.209271275327968
0.034075                  -17.239095765335044
0.0341                    -17.269832788542992
0.034125                  -17.300819996195564
0.03415                   -17.33137908675174
0.034175000000000004      -17.360845994269248
0.0342                    -17.388601447224307
0.034225                  -17.414100295934425
0.03425                   -17.43689788682707
0.034275                  -17.456671790144142
0.034300000000000004      -17.473237389163963
0.034325                  -17.48655621157087
0.03435                   -17.496736394704186
0.034375                  -17.504025266894786
0.0344                    -17.508794621807706
0.034425000000000004      -17.511519785632867
0.03445                   -17.512753966523427
0.034475                  -17.5130995960373
0.0345                    -17.51317841789923
0.034525                  -17.513601972033936
0.034550000000000004      -17.51494390249789
0.034575                  -17.517715235827946
0.0346                    -17.522343478396376
0.034625                  -17.529156104687065
0.03465                   -17.53836877609943
0.034675000000000004      -17.550078450460543
0.0347                    -17.564261411697874
0.034725                  -17.58077615359976
0.03475                   -17.599370972447186
0.034775                  -17.619696040427336
0.034800000000000005      -17.641319627530923
0.034825                  -17.66374800241877
0.03485                   -17.686448369649654
0.034875                  -17.70887399959725
0.0349                    -17.73049049758811
0.034925000000000005      -17.75080196937776
0.03495                   -17.769375706191337
0.034975                  -17.78586396923354
0.035                     -17.800021528221638
0.035025                  -17.811717813527252
0.035050000000000005      -17.820942869226894
0.035075                  -17.827806715866444
0.0351                    -17.83253220079398
0.035125                  -17.835441875094826
0.03515                   -17.836939835472556
0.035175000000000005      -17.83748976445474
0.0352                    -17.837590569406395
0.035225                  -17.83775105759169
0.035250000000000004      -17.838465007461643
0.035275                  -17.840187835031987
0.035300000000000005      -17.8433158437333
0.035325                  -17.848168819874
0.03535                   -17.85497652019461
0.035375000000000004      -17.863869409221046
0.0354                    -17.87487384795567
0.035425000000000005      -17.887911808294156
0.03545                   -17.902805079079297
0.035475                  -17.919283825974663
0.035500000000000004      -17.936999254239566
0.035525                  -17.955539989993007
0.03555                   -17.974451636679266
0.035575                  -17.993258782479064
0.0356                    -18.011488544027525
0.035625000000000004      -18.0286945535887
0.03565                   -18.044480158817088
0.035675                  -18.058519536380736
0.0357                    -18.070575448952617
0.035725                  -18.080512514912463
0.035750000000000004      -18.088305111485724
0.035775                  -18.09403937702252
0.0358                    -18.09790918237224
0.035825                  -18.100206359622348
0.03585                   -18.101305860937643
0.035875000000000004      -18.101646829173227
0.0359                    -18.10171076719552
0.035925                  -18.10199808380673
0.03595                   -18.103004277662475
0.035975                  -18.10519691728604
0.036000000000000004      -18.108994413943154
0.036025                  -18.114747395163967
0.03605                   -18.12272329672744
0.036075                  -18.13309461912642
0.0361                    -18.145931150925247
0.036125000000000004      -18.161196346975903
0.03615                   -18.178747957538256
0.036175                  -18.198342922991017
0.0362                    -18.219646463467726
0.036225                  -18.242245189210582
0.036250000000000004      -18.265663924856625
0.036275                  -18.28938577458271
0.0363                    -18.312874758880636
0.036325                  -18.33560014142467
0.03635                   -18.357061359406167
0.036375000000000005      -18.37681230357432
0.0364                    -18.394483598564936
0.036425                  -18.409801539845102
0.03645                   -18.422602470000488
0.036475                  -18.432841626707837
0.036500000000000005      -18.440595850344955
0.036525                  -18.44605996494392
0.03655                   -18.449537093230898
0.036575                  -18.451423581882512
0.0366                    -18.45218954985721
0.036625000000000005      -18.45235629811286
0.03665                   -18.45247191981748
0.036675                  -18.45308643247015
0.0367                    -18.454727639153848
0.036725                  -18.45787874689496
0.036750000000000005      -18.462958559695902
0.036775                  -18.47030485246438
0.0368                    -18.48016134219996
0.036825000000000004      -18.49266851710967
0.03685                   -18.50785846583601
0.036875000000000005      -18.525653762507314
0.0369                    -18.5458703977203
0.036925                  -18.568224686351073
0.036950000000000004      -18.592344015111703
0.036975                  -18.61778120285001
0.037000000000000005      -18.644032126037818
0.037025                  -18.670556108733816
0.03705                   -18.69679839695806
0.037075000000000004      -18.722213847348485
0.0371                    -18.746290782888323
0.037125000000000005      -18.76857383361346
0.03715                   -18.788684517664326
0.037175                  -18.806338352942763
0.037200000000000004      -18.82135743591006
0.037225                  -18.83367767974407
0.03725                   -18.84335024942715
0.037275                  -18.85053713088356
0.0373                    -18.855501179560452
0.037325000000000004      -18.85859136365305
0.03735                   -18.86022420826811
0.037375                  -18.860862632808125
0.0374                    -18.860993445705507
0.037425                  -18.86110472621987
0.037450000000000004      -18.861664203332708
0.037475                  -18.863099565199995
0.0375                    -18.865781428788623
0.037525                  -18.870009494052795
0.03755                   -18.876002219045112
0.037575000000000004      -18.8838901920799
0.0376                    -18.89371324689283
0.037625                  -18.90542126272691
0.03765                   -18.918878505340565
0.037675                  -18.933871287285644
0.037700000000000004      -18.950118647241993
0.037725                  -18.96728566211252
0.03775                   -18.984998909507965
0.037775                  -19.002863494795378
0.0378                    -19.020480953938815
0.037825000000000004      -19.03746725337675
0.03785                   -19.05347004649156
0.037875                  -19.068184328489057
0.0379                    -19.081365670602676
0.037925                  -19.09284031750197
0.037950000000000005      -19.102511597455006
0.037975                  -19.110362312853937
0.038                     -19.11645303053795
0.038025                  -19.120916452621096
0.03805                   -19.12394829313268
0.038075000000000005      -19.125795290062655
0.0381                    -19.126741128908158
0.038125                  -19.127091133554195
0.03815                   -19.127156593285658
0.038175                  -19.12723954868499
0.038200000000000005      -19.127618767213843
0.038225                  -19.128537516865705
0.03825                   -19.13019360842903
0.038275                  -19.132732036076078
0.0383                    -19.136240410909593
0.038325000000000005      -19.140747257499747
0.03835                   -19.146223130645467
0.038375                  -19.152584407558958
0.038400000000000004      -19.159699517318135
0.038425                  -19.167397282928043
0.038450000000000005      -19.175476971169875
0.038475                  -19.183719573094248
0.0385                    -19.19189977723465
0.038525000000000004      -19.19979805393261
0.03855                   -19.207212249130492
0.038575000000000005      -19.21396809589474
0.0386                    -19.219928096380915
0.038625                  -19.224998307508923
0.038650000000000004      -19.22913267788221
0.038675                  -19.23233472481914
0.038700000000000005      -19.234656498400334
0.038725                  -19.236194941330822
0.03875                   -19.237085905615817
0.038775000000000004      -19.237496217202008
0.0388                    -19.23761427836006
0.038825                  -19.23763975915965
0.03885                   -19.23777295269749
0.038875                  -19.23820435645394
0.038900000000000004      -19.239104999846578
0.038925                  -19.240617972891958
0.03895                   -19.242851530341277
0.038975                  -19.245874056389606
0.039                     -19.249711082261292
0.039025000000000004      -19.254344456109603
0.03905                   -19.259713673645344
0.039075                  -19.265719289560813
0.0391                    -19.27222824456051
0.039125                  -19.279080861344745
0.039150000000000004      -19.28609918677348
0.039175                  -19.293096289434793
0.0392                    -19.299886065971947
0.039225                  -19.30629307071714
0.03925                   -19.31216186662039
0.039275000000000004      -19.317365405660517
0.0393                    -19.32181198672135
0.039325                  -19.325450408591188
0.03935                   -19.328273032468207
0.039375                  -19.33031658613054
0.039400000000000004      -19.331660672100025
0.039425                  -19.332424074389362
0.03945                   -19.33275908217012
0.039475                  -19.332844154438142
0.0395                    -19.332875330298396
0.039525000000000005      -19.33305684073227
0.03955                   -19.333591398823344
0.039575                  -19.334670638536895
0.0396                    -19.336466141615738
0.039625                  -19.339121443541256
0.039650000000000005      -19.342745348614965
0.039675                  -19.347406816233104
0.0397                    -19.35313160937113
0.039725                  -19.35990082476876
0.03975                   -19.367651353576
0.039775000000000005      -19.376278251546026
0.0398                    -19.385638928999995
0.039825                  -19.395559002573577
0.039850000000000003      -19.405839583638635
0.039875                  -19.41626571377835
0.039900000000000005      -19.426615598544654
0.039925                  -19.436670240917074
0.03995                   -19.44622304023871
0.039975000000000004      -19.45508890596884
0.04                      -19.463112442782073
0.040025000000000005      -19.470174797248493
0.04005                   -19.476198817109363
0.040075                  -19.481152259745308
0.040100000000000004      -19.48504889163859
0.040125                  -19.48794743779932
0.040150000000000005      -19.489948460000445
0.040175                  -19.491189355582556
0.0402                    -19.491837765743576
0.040225000000000004      -19.49208375678856
0.04025                   -19.4921311856683
0.040275000000000005      -19.492188681155387
0.0403                    -19.492460665835573
0.040325                  -19.49313881553827
0.040350000000000004      -19.49439430702783
0.040375                  -19.496371147304117
0.040400000000000005      -19.499180813958294
0.040425                  -19.502898370042114
0.04045                   -19.507560151990546
0.040475000000000004      -19.513163067216063
0.0405                    -19.51966547995503
0.040525                  -19.526989609959347
0.04055                   -19.535025318538068
0.040575                  -19.543635110182038
0.040600000000000004      -19.552660135862517
0.040625                  -19.5619269469951
0.04065                   -19.57125471857117
0.040675                  -19.580462638191353
0.0407                    -19.5893771470763
0.040725000000000004      -19.597838721851883
0.04075                   -19.605707903715583
0.040775                  -19.612870315189873
0.0408                    -19.61924045341951
0.040825                  -19.624764110733828
0.040850000000000004      -19.629419344400368
0.040875                  -19.633215993434206
0.0409                    -19.63619381565114
0.040925                  -19.63841938748244
0.04095                   -19.639981967614332
0.040975000000000004      -19.64098856959874
0.041                     -19.641558515984777
0.041025                  -19.64181775660554
0.04105                   -19.641893227266088
0.041075                  -19.64190750426434
0.041100000000000005      -19.641973977798173
0.041125                  -19.6421927266258
0.04115                   -19.642647230618525
0.041175                  -19.643402010059273
0.0412                    -19.644501233213646
0.041225000000000005      -19.645968288814043
0.04125                   -19.647806279119113
0.041275                  -19.64999935317738
0.0413                    -19.652514769556436
0.041325                  -19.65530555360838
0.041350000000000005      -19.658313596712887
0.041375                  -19.661473034168562
0.0414                    -19.6647137346953
0.041425000000000003      -19.66796473793632
0.04145                   -19.671157486775673
0.041475000000000005      -19.674228718310054
0.0415                    -19.677122900195258
0.041525                  -19.679794126736418
0.041550000000000004      -19.682207420080772
0.041575                  -19.684339414512092
0.041600000000000005      -19.686178434294554
0.041625                  -19.687724005917808
0.04165                   -19.688985872245148
0.041675000000000004      -19.689982597535884
0.0417                    -19.69073986757222
0.041725000000000005      -19.691288597603936
0.04175                   -19.691662962449467
0.041775                  -19.691898458232743
0.041800000000000004      -19.69203009465336
0.041825                  -19.692090801439345
0.041850000000000005      -19.69211011396318
0.041875                  -19.692113182244604
0.0419                    -19.69212012604245
0.041925000000000004      -19.692145737695334
0.04195                   -19.692199514910463
0.041975000000000005      -19.692285988747074
0.042                     -19.6924052983207
0.042025                  -19.692553953775874
0.042050000000000004      -19.69272572312781
0.042075                  -19.692912576728528
0.042100000000000005      -19.69310562522705
0.042125                  -19.693295992623238
0.04215                   -19.69347557483609
0.042175000000000004      -19.69363764544386
0.0422                    -19.693777283113732
0.042225                  -19.69389160886482
0.04225                   -19.693979834824187
0.042275                  -19.69404313870489
0.042300000000000004      -19.694084389111094
0.042325                  -19.694107755348178
0.04235                   -19.69411824124703
0.042375                  -19.69412118535705
0.0424                    -19.69412176967921
0.042425000000000004      -19.694124576051635
0.04245                   -19.69413322369508
0.042475                  -19.694150113750638
0.0425                    -19.694176297485022
0.042525                  -19.694211474857767
0.042550000000000004      -19.694254120026564
0.042575                  -19.69430172078489
0.0426                    -19.694351110502243
0.042625                  -19.694398864406004
0.04265                   -19.69444172742253
0.042675000000000005      -19.694477038561043
0.0427                    -19.69450311709732
0.042725                  -19.69451957855247
0.04275                   -19.694527553462397
0.042775                  -19.69452978884408
0.042800000000000005      -19.694530620610976
0.042825                  -19.69453581440255
0.04285                   -19.694552281748376
0.042875                  -19.694587687549777
0.0429                    -19.694649972923504
0.042925000000000005      -19.694746823976168
0.04295                   -19.694885121629753
0.042975                  -19.69507040989327
0.043000000000000003      -19.695306419813974
0.043025                  -19.69559468373734
0.043050000000000005      -19.695934269601523
0.043075                  -19.696321658072986
0.0431                    -19.69675077679907
0.043125000000000004      -19.697213196414612
0.04315                   -19.697698482766675
0.043175000000000005      -19.698194689728943
0.0432                    -19.698688967587135
0.043225                  -19.69916825388409
0.043250000000000004      -19.69962000735121
0.043275                  -19.70003294155989
0.043300000000000005      -19.70039771351474
0.043325                  -19.700707523741603
0.04335                   -19.700958588490998
0.043375000000000004      -19.701150451301483
0.0434                    -19.701286109997326
0.043425000000000005      -19.701371945730084
0.04345                   -19.701417452292745
0.043475                  -19.701434775934953
0.043500000000000004      -19.70143808755298
0.043525                  -19.701442819697007
0.043550000000000005      -19.701464809674043
0.043575                  -19.70151939657391
0.0436                    -19.701620523894178
0.043625000000000004      -19.701779900331214
0.04365                   -19.702006269154786
0.043675000000000005      -19.702304831477495
0.0437                    -19.702676860915908
0.043725                  -19.703119537010885
0.043750000000000004      -19.703626012849625
0.043775                  -19.704185719232697
0.0438                    -19.704784894150553
0.043825                  -19.705407313016302
0.04385                   -19.706035182796487
0.043875000000000004      -19.70665015261638
0.0439                    -19.70723438525552
0.043925                  -19.707771628751676
0.04395                   -19.708248225512563
0.043975                  -19.708653998128337
0.044000000000000004      -19.708982956509004
0.044025                  -19.70923377983992
0.04405                   -19.709410038731324
0.044075                  -19.709520137203405
0.0441                    -19.709576969995794
0.044125000000000004      -19.709597307198717
0.04415                   -19.70960093439433
0.044175                  -19.709609591402984
0.0442                    -19.70964576545566
0.044225                  -19.709731404398497
0.044250000000000005      -19.709886621789764
0.044275                  -19.710128468090172
0.0443                    -19.710469840405352
0.044325                  -19.710918597461955
0.04435                   -19.711476936935703
0.044375000000000005      -19.71214107933442
0.0444                    -19.712901286967405
0.044425                  -19.71374222883764
0.04445                   -19.714643683422118
0.044475                  -19.71558155219254
0.044500000000000005      -19.71652913836479
0.044525                  -19.717458628763225
0.04455                   -19.71834270283167
0.044575000000000004      -19.719156182624463
0.0446                    -19.719877631834773
0.044625000000000005      -19.720490811123852
0.04465                   -19.720985901499972
0.044675                  -19.72136041724123
0.044700000000000004      -19.72161974450601
0.044725                  -19.721777260634518
0.044750000000000005      -19.721854011216454
0.044775                  -19.721877946044955
0.0448                    -19.721882739704213
0.044825000000000004      -19.721906246307416
0.04485                   -19.721988659429822
0.044875000000000005      -19.722170466338103
0.0449                    -19.7224902992015
0.044925                  -19.722982794359847
0.044950000000000004      -19.723676573494075
0.044975                  -19.724592457564466
0.045000000000000005      -19.725742015785
0.045025                  -19.72712653805428
0.04505                   -19.728736500725216
0.045075000000000004      -19.730551573091187
0.0451                    -19.73254118636756
0.045125000000000005      -19.734665659260926
0.04515                   -19.73687784558728
0.045175                  -19.739125241095955
0.045200000000000004      -19.741352460063137
0.045225                  -19.743503968796684
0.045250000000000005      -19.745526944410866
0.045275                  -19.747374114467885
0.0453                    -19.749006427519976
0.045325000000000004      -19.750395407063365
0.04535                   -19.751525052318158
0.045375000000000006      -19.752393168405614
0.0454                    -19.75301203513604
0.045425                  -19.753408356390917
0.045450000000000004      -19.75362246912417
0.045475                  -19.753706830108005
0.0455                    -19.753723837330323
0.045525                  -19.753743079080927
0.04555                   -19.75383813515019
0.045575000000000004      -19.754083079516217
0.0456                    -19.754548851223973
0.045625                  -19.75529966920579
0.04565                   -19.756389667402146
0.045675                  -19.757859918981566
0.045700000000000005      -19.759736003310156
0.045725                  -19.76202624736947
0.04575                   -19.764720745465606
0.045775                  -19.767791228272532
0.0458                    -19.771191815519348
0.045825000000000005      -19.774860647058475
0.04585                   -19.778722345874222
0.045875                  -19.782691225254542
0.0459                    -19.78667511255716
0.045925                  -19.7905796257262
0.045950000000000005      -19.79431270813979
0.045975                  -19.797789204753904
0.046                     -19.80093524999358
0.046025                  -19.80369223719211
0.04605                   -19.806020151710946
0.046075000000000005      -19.807900075420896
0.0461                    -19.80933570818013
0.046125                  -19.810353800416024
0.046150000000000004      -19.811003447039838
0.046175                  -19.811354253100312
0.046200000000000005      -19.811493441842764
0.046225                  -19.811522032247616
0.04625                   -19.8115502621724
0.046275000000000004      -19.81169247216592
0.0463                    -19.812061692071087
0.046325000000000005      -19.81276418690021
0.04635                   -19.813894220291164
0.046375                  -19.815529283994756
0.046400000000000004      -19.81772602162505
0.046425                  -19.820517045844873
0.046450000000000005      -19.823908811751224
0.046475                  -19.82788066679825
0.0465                    -19.832385150272604
0.046525000000000004      -19.83734956410261
0.04655                   -19.842678782632387
0.046575000000000005      -19.84825921312328
0.0466                    -19.853963762762472
0.046625                  -19.859657614021092
0.046650000000000004      -19.865204561077572
0.046675                  -19.870473618990815
0.046700000000000005      -19.875345587930923
0.046725                  -19.87971924049655
0.04675                   -19.883516803806113
0.046775000000000004      -19.886688431364117
0.0468                    -19.889215402834274
0.046825000000000006      -19.89111185113474
0.04685                   -19.892424892203202
0.046875                  -19.893233118289174
0.046900000000000004      -19.893643504602355
0.046925                  -19.89378686513414
0.046950000000000006      -19.893812070456033
0.046975                  -19.893879303378977
0.047                     -19.89415267421744
0.047025000000000004      -19.89479254452739
0.04705                   -19.895947916781257
0.047075                  -19.89774923909486
0.0471                    -19.90030195131825
0.047125                  -19.903681064379736
0.047150000000000004      -19.90792702141936
0.047175                  -19.91304303914015
0.0472                    -19.918994072425782
0.047225                  -19.92570748543286
0.04725                   -19.933075448412854
0.047275000000000005      -19.940959011694105
0.0473                    -19.949193737124297
0.047325                  -19.957596694171762
0.04735                   -19.965974555250636
0.047375                  -19.974132456391466
0.047400000000000005      -19.98188323003476
0.047425                  -19.989056572193796
0.04745                   -19.995507682356994
0.047475                  -20.001124916360126
0.0475                    -20.005836023411028
0.047525000000000005      -20.00961259927644
0.04755                   -20.01247247601315
0.047575                  -20.014479879040195
0.0476                    -20.015743306604147
0.047625                  -20.016411214862828
0.047650000000000005      -20.016665713561697
0.047675                  -20.016714583225554
0.0477                    -20.01678200772055
0.047725000000000004      -20.017098471684086
0.04775                   -20.017890299584874
0.047775000000000005      -20.019369313861894
0.0478                    -20.021723067661664
0.047825                  -20.02510606829711
0.047850000000000004      -20.029632356008573
0.047875                  -20.035369743532275
0.047900000000000005      -20.042335958673952
0.047925                  -20.050496866263327
0.04795                   -20.059766877735925
0.047975000000000004      -20.070011585234383
0.048                     -20.081052581116484
0.048025000000000005      -20.092674341937276
0.04805                   -20.104632968235194
0.048075                  -20.116666479465284
0.048100000000000004      -20.128506271095837
0.048125                  -20.139889254475204
0.048150000000000005      -20.150570127804322
0.048175                  -20.160333177708438
0.0482                    -20.169002994490178
0.048225000000000004      -20.176453507248567
0.04825                   -20.182614811227026
0.048275000000000005      -20.187477367836976
0.0483                    -20.191093301395586
0.048325                  -20.193574684536614
0.048350000000000004      -20.195088881912273
0.048375                  -20.195851193273842
0.048400000000000006      -20.19611518739208
0.048425                  -20.19616123580873
0.04845                   -20.196283833003168
0.048475000000000004      -20.196778325339345
0.0485                    -20.197927668087278
0.048525000000000006      -20.19998979451899
0.04855                   -20.203186122234698
0.048575                  -20.207691648489686
0.048600000000000004      -20.21362700622143
0.048625                  -20.221052771385366
0.048650000000000006      -20.22996623307138
0.048675                  -20.240300761013085
0.0487                    -20.25192782869025
0.048725000000000004      -20.264661671133254
0.04875                   -20.278266471423887
0.048775                  -20.292465876360435
0.0488                    -20.306954539499408
0.048825                  -20.321411281440543
0.048850000000000005      -20.335513348850473
0.048875                  -20.348951154687526
0.0489                    -20.361442804214086
0.048925                  -20.372747667360432
0.04895                   -20.38267825926942
0.048975000000000005      -20.391109745212148
0.049                     -20.39798649560973
0.049025                  -20.40332527671744
0.04905                   -20.407214860667096
0.049075                  -20.40981205736333
0.049100000000000005      -20.411334389383036
0.049125                  -20.412049828826646
0.04915                   -20.412264174632824
0.049175                  -20.41230675863138
0.0492                    -20.412515224094104
0.049225000000000005      -20.41322012421704
0.04925                   -20.414730047879566
0.049275                  -20.417317907652503
0.049300000000000004      -20.42120893286264
0.049325                  -20.42657080990208
0.049350000000000005      -20.433506311489293
0.049375                  -20.44204866124589
0.0494                    -20.45215979105727
0.049425000000000004      -20.463731564390827
0.04945                   -20.476589955064686
0.049475000000000005      -20.4905020830836
0.0495                    -20.505185912916506
0.049525                  -20.520322312881113
0.049550000000000004      -20.535569058300823
0.049575                  -20.55057624104675
0.049600000000000005      -20.565002433398902
0.049625                  -20.578530857768445
0.04965                   -20.590884750509776
0.049675000000000004      -20.60184109209319
0.0497                    -20.611241918233702
0.049725000000000005      -20.61900253204835
0.04975                   -20.625116102827906
0.049775                  -20.629654350918546
0.049800000000000004      -20.63276426148747
0.049825                  -20.63466101891735
0.049850000000000005      -20.635617583685125
0.049875                  -20.63595152338131
0.0499                    -20.63600984394597
0.049925000000000004      -20.636152639413318
0.04995                   -20.636736390062463
0.049975000000000006      -20.638097698475725
0.05                      -20.640538173760397
0.050025                  -20.64431107089895
0.050050000000000004      -20.649610178632475
0.050075                  -20.65656133618024
0.050100000000000006      -20.665216853000846
0.050125                  -20.67555300883642
0.05015                   -20.6874707216968
0.050175000000000004      -20.70079938470974
0.0502                    -20.715303783069036
0.050225000000000006      -20.730693904210106
0.05025                   -20.746637344413948
0.050275                  -20.76277389335294
0.050300000000000004      -20.778731749213932
0.050325                  -20.794144690381632
0.050350000000000006      -20.808669418922516
0.050375                  -20.822002212629403
0.0504                    -20.833893992624088
0.050425000000000005      -20.84416294584496
0.05045                   -20.852703943271006
0.050475                  -20.859494163840505
0.0505                    -20.864594559416958
0.050525                  -20.86814705781751
0.050550000000000005      -20.87036767294737
0.050575                  -20.871535945883792
0.0506                    -20.8719813536214
0.050625                  -20.872067475226874
0.05065                   -20.872174789641615
0.050675000000000005      -20.87268299621169
0.0507                    -20.873953707303222
0.050725                  -20.87631427662577
0.05075                   -20.880043413865472
0.050775                  -20.885359111735387
0.050800000000000005      -20.89240928811641
0.050825                  -20.901265431474933
0.05085                   -20.91191943510324
0.050875000000000004      -20.924283713375686
0.0509                    -20.93819460630052
0.050925000000000005      -20.953418990622342
0.05095                   -20.96966392011622
0.050975                  -20.986589009906073
0.051000000000000004      -21.003821158506334
0.051025                  -21.020971070374685
0.051050000000000005      -21.03765090982657
0.051075                  -21.053492297763
0.0511                    -21.06816377270531
0.051125000000000004      -21.081386794809557
0.05115                   -21.092949391041536
0.051175000000000005      -21.1027166307408
0.0512                    -21.110637283775127
0.051225                  -21.11674623854194
0.051250000000000004      -21.121162524727218
0.051275                  -21.12408306953297
0.051300000000000005      -21.125772586868422
0.051325                  -21.126550229787846
0.05135                   -21.12677380683145
0.051375000000000004      -21.126822461899174
0.0514                    -21.127078744127495
0.051425000000000005      -21.127910957249973
0.05145                   -21.129656591720398
0.051475                  -21.132607524948174
0.051500000000000004      -21.13699754234603
0.051525                  -21.142992598420285
0.051550000000000006      -21.15068411206227
0.051575                  -21.160085477586076
0.0516                    -21.17113187228526
0.051625000000000004      -21.18368334822709
0.05165                   -21.197531104655262
0.051675000000000006      -21.212406741623116
0.0517                    -21.22799419091226
0.051725                  -21.243943905732813
0.051750000000000004      -21.259888769341423
0.051775                  -21.27546106255914
0.051800000000000006      -21.290309723616765
0.051825                  -21.304117056153874
0.05185                   -21.31661400848355
0.051875000000000004      -21.327593172887966
0.0519                    -21.336918745627337
0.051925000000000006      -21.34453284631778
0.05195                   -21.350457809864714
0.051975                  -21.354794317054
0.052000000000000005      -21.357715496819857
0.052025                  -21.359457387396784
0.05205                   -21.360306360344403
0.052075                  -21.36058427210179
0.0521                    -21.360632202105112
0.052125000000000005      -21.36079366367056
0.05215                   -21.36139814105505
0.052175                  -21.36274572633944
0.0522                    -21.36509351865374
0.052225                  -21.36864432103504
0.052250000000000005      -21.37353803940514
0.052275                  -21.379846062178718
0.0523                    -21.38756878175091
0.052325                  -21.396636310439284
0.05235                   -21.406912340377403
0.052375000000000005      -21.418200995063962
0.0524                    -21.430256415808856
0.052425                  -21.44279471717228
0.052450000000000004      -21.45550783284971
0.052475                  -21.468078662420705
0.052500000000000005      -21.48019682896645
0.052525                  -21.49157427982143
0.05255                   -21.501959921018162
0.052575000000000004      -21.511152482574808
0.0526                    -21.51901087516181
0.052625000000000005      -21.52546142120677
0.05265                   -21.530501519863876
0.052675                  -21.53419952245573
0.052700000000000004      -21.536690833698643
0.052725                  -21.53817049152341
0.052750000000000005      -21.53888269204507
0.052775                  -21.539107897385918
0.0528                    -21.539148280231718
0.052825000000000004      -21.539312315586
0.05285                   -21.53989933009422
0.052875000000000005      -21.541184771391233
0.0529                    -21.543406876550183
0.052925                  -21.546755313114552
0.052950000000000004      -21.55136225016323
0.052975                  -21.557296199114372
0.053000000000000005      -21.564558849440036
0.053025                  -21.57308501436961
0.05305                   -21.58274569435671
0.053075000000000004      -21.593354158341334
0.0531                    -21.60467483140369
0.053125000000000006      -21.616434660568512
0.05315                   -21.628336509455654
0.053175                  -21.640074012114297
0.053200000000000004      -21.651347205579178
0.053225                  -21.66187817153162
0.053250000000000006      -21.67142586365065
0.053275                  -21.679799291792822
0.0533                    -21.686868286580573
0.053325000000000004      -21.692571181840744
0.05335                   -21.69691892342486
0.053375000000000006      -21.699995328989196
0.0534                    -21.70195346524169
0.053425                  -21.70300835384815
0.053450000000000004      -21.703426441123558
0.053475                  -21.703512449688116
0.053500000000000006      -21.70359435869703
0.053525                  -21.704007327307803
0.05355                   -21.70507738594546
0.053575000000000005      -21.70710568035735
0.0536                    -21.710353977122434
0.053625000000000006      -21.715032040120462
0.05365                   -21.721287378074337
0.053675                  -21.729197753065268
0.053700000000000005      -21.738766734124052
0.053725                  -21.749922479600432
0.05375                   -21.762519834407414
0.053775                  -21.77634572852478
0.0538                    -21.7911277557755
0.053825000000000005      -21.806545692491266
0.05385                   -21.822245582841898
0.053875                  -21.837855874301823
0.0539                    -21.85300494117272
0.053925                  -21.867339199605226
0.053950000000000005      -21.880540911365816
0.053975                  -21.89234471431837
0.054                     -21.902551921946003
0.054025000000000004      -21.91104171329946
0.05405                   -21.917778490723492
0.054075000000000005      -21.92281490706587
0.0541                    -21.9262903377999
0.054125                  -21.9284248695582
0.054150000000000004      -21.929509164260054
0.054175                  -21.92989080811509
0.054200000000000005      -21.929957944477604
0.054225                  -21.930121105748395
0.05425                   -21.93079420019378
0.054275000000000004      -21.932375582566802
0.0543                    -21.93523005787653
0.054325000000000005      -21.939672554205906
0.05435                   -21.94595407162078
0.054375                  -21.954250385270065
0.054400000000000004      -21.96465386197449
0.054425                  -21.97716864530404
0.054450000000000005      -21.991709373142847
0.054475                  -22.00810350834873
0.0545                    -22.026097278831443
0.054525000000000004      -22.045365128889863
0.05455                   -22.065522471032967
0.054575000000000005      -22.086141392373243
0.0546                    -22.10676881308497
0.054625                  -22.12694642418631
0.054650000000000004      -22.146231562931774
0.054675                  -22.16421803731158
0.054700000000000006      -22.18055581085342
0.054725                  -22.19496842873371
0.05475                   -22.207267124164712
0.054775000000000004      -22.21736069786423
0.0548                    -22.22526050731336
0.054825000000000006      -22.231080216384846
0.05485                   -22.235030307838443
0.054875                  -22.237407712517037
0.054900000000000004      -22.23858122137478
0.054925                  -22.238973588210314
0.054950000000000006      -22.239041382686477
0.054975                  -22.239253709733738
0.055                     -22.240070881094027
0.055025000000000004      -22.241924026048288
0.05505                   -22.245196485149116
0.055075000000000006      -22.25020766736709
0.0551                    -22.257199888151597
0.055125                  -22.26632855794323
0.055150000000000005      -22.277655964768815
0.055175                  -22.29114879078749
0.055200000000000006      -22.306679415393983
0.055225                  -22.324030977282764
0.05525                   -22.34290608375078
0.055275000000000005      -22.36293895731653
0.0553                    -22.38371069045232
0.055325000000000006      -22.40476713706556
0.05535                   -22.42563880926062
0.055375                  -22.445861982188116
0.055400000000000005      -22.465000057524126
0.055425                  -22.482664120999164
0.05545                   -22.498531576001493
0.055475000000000003      -22.51236176433097
0.0555                    -22.524007608570116
0.055525000000000005      -22.533422527409343
0.05555                   -22.5406621703257
0.055575                  -22.545880862885895
0.055600000000000004      -22.549323011491296
0.055625                  -22.551310047186696
0.055650000000000005      -22.552223757532666
0.055675                  -22.552487039397626
0.0557                    -22.552543193658302
0.055725000000000004      -22.55283487909887
0.05575                   -22.5537837626408
0.055775000000000005      -22.555771768833324
0.0558                    -22.559124667742104
0.055825                  -22.56409856905687
0.055850000000000004      -22.570869727964762
0.055875                  -22.57952792466435
0.055900000000000005      -22.59007355685549
0.055925                  -22.602418479753837
0.05595                   -22.616390533728982
0.055975000000000004      -22.63174160634229
0.056                     -22.648158974703108
0.056025000000000005      -22.665279559767043
0.05605                   -22.682706595179592
0.056075                  -22.70002807411261
0.056100000000000004      -22.716836199088725
0.056125                  -22.732746938358925
0.056150000000000005      -22.747418707714793
0.056175                  -22.76056916854629
0.0562                    -22.77198917749709
0.056225000000000004      -22.781553048373155
0.05625                   -22.789224490373215
0.056275000000000006      -22.79505785374134
0.0563                    -22.799194619688944
0.056325                  -22.801855384351143
0.056350000000000004      -22.80332787377795
0.056375                  -22.803951760003862
0.056400000000000006      -22.804101207516958
0.056425                  -22.804166156854194
0.05645                   -22.80453335097871
0.056475000000000004      -22.80556804326863
0.0565                    -22.8075972117934
0.056525000000000006      -22.810894963151224
0.05655                   -22.81567065861409
0.056575                  -22.822060149306026
0.056600000000000004      -22.830120373519748
0.056625                  -22.83982745021148
0.056650000000000006      -22.85107829559612
0.056675                  -22.86369568886309
0.0567                    -22.877436611475975
0.056725000000000005      -22.89200357635793
0.05675                   -22.907058545371257
0.056775000000000006      -22.922238907062177
0.0568                    -22.93717485800746
0.056825                  -22.951507411720353
0.056850000000000005      -22.964906164368088
0.056875                  -22.977085893674094
0.056900000000000006      -22.987821072095386
0.056925                  -22.996957448596152
0.05695                   -23.004419998062133
0.056975000000000005      -23.01021674678281
0.057                     -23.014438239797762
0.057025                  -23.01725269680597
0.057050000000000003      -23.018897179348095
0.057075                  -23.019665335438702
0.057100000000000005      -23.019892476420473
0.057125                  -23.019938860863046
0.05715                   -23.02017210821903
0.057175000000000004      -23.02094964647228
0.0572                    -23.022602026044368
0.057225000000000005      -23.025417823452873
0.05725                   -23.0296307297443
0.057275                  -23.035409285237783
0.057300000000000004      -23.04284959400853
0.057325                  -23.051971234159687
0.057350000000000005      -23.06271647381983
0.057375                  -23.074952804719466
0.0574                    -23.08847870965471
0.057425000000000004      -23.103032481192187
0.05745                   -23.11830380202645
0.057475000000000005      -23.13394768089024
0.0575                    -23.149600214486675
0.057525                  -23.164895523010593
0.057550000000000004      -23.17948309640726
0.057575                  -23.19304470572851
0.057600000000000005      -23.205309994838437
0.057625                  -23.216069886234227
0.05765                   -23.22518701953531
0.057675000000000004      -23.2326025929638
0.0577                    -23.23833918828653
0.057725000000000005      -23.24249941070132
0.05775                   -23.2452604429178
0.057775                  -23.246864870283876
0.057800000000000004      -23.247608355952906
0.057825                  -23.247824912174725
0.057850000000000006      -23.247870614689262
0.057875                  -23.24810664017241
0.0579                    -23.248882478482837
0.057925000000000004      -23.250520094974124
0.05795                   -23.253299709301572
0.057975000000000006      -23.257447731860413
0.058                     -23.26312727060418
0.058025                  -23.270431498776254
0.058050000000000004      -23.279380062666128
0.058075                  -23.28991860818401
0.058100000000000006      -23.30192141283799
0.058125                  -23.315197020718426
0.05815                   -23.329496687194634
0.058175000000000004      -23.344525343375917
0.0582                    -23.35995468685143
0.058225000000000006      -23.375437897359063
0.05825                   -23.39062537048966
0.058275                  -23.40518076969675
0.058300000000000005      -23.41879662968113
0.058325                  -23.431208716137565
0.058350000000000006      -23.442208369388897
0.058375                  -23.451652139481695
0.0584                    -23.459468158014573
0.058425000000000005      -23.46565887962499
0.05845                   -23.470300048555476
0.058475000000000006      -23.47353598244199
0.0585                    -23.475571493440878
0.058525                  -23.47666096436025
0.058550000000000005      -23.477095247571867
0.058575                  -23.47718714713102
0.058600000000000006      -23.47725627755455
0.058625000000000003      -23.477614071124137
0.05865                   -23.478549639753233
0.058675000000000005      -23.48031710057958
0.0587                    -23.48312486001598
0.058725                  -23.48712723070596
0.058750000000000004      -23.492418638238615
0.058775                  -23.49903056446777
0.058800000000000005      -23.506931273312883
0.058825                  -23.516028271822197
0.05885                   -23.526173371392993
0.058875000000000004      -23.537170128495536
0.0589                    -23.548783359154164
0.058925000000000005      -23.560750336886308
0.05895                   -23.572793202437154
0.058975                  -23.58463204078868
0.059000000000000004      -23.595998024077094
0.059025                  -23.606645986897146
0.059050000000000005      -23.616365801351662
0.059075                  -23.624991959417297
0.0591                    -23.632410852370906
0.059125000000000004      -23.63856535895693
0.05915                   -23.643456508289
0.059175000000000005      -23.64714215819115
0.0592                    -23.649732809739024
0.059225                  -23.65138484817503
0.059250000000000004      -23.652291644577975
0.059275                  -23.6526730605623
0.059300000000000005      -23.652763963552704
0.059325                  -23.65280238170112
0.05935                   -23.6530179088202
0.059375000000000004      -23.653620917765203
0.0594                    -23.654793064304958
0.059425000000000006      -23.656679471723848
0.05945                   -23.65938288717913
0.059475                  -23.662960000314314
0.059500000000000004      -23.667420016754935
0.059525                  -23.672725485872355
0.059550000000000006      -23.678795294156984
0.059575                  -23.6855096525803
0.0596                    -23.692716828437078
0.059625000000000004      -23.70024130011253
0.05965                   -23.70789294899657
0.059675000000000006      -23.715476849679927
0.0597                    -23.722803182005837
0.059725                  -23.7296967713902
0.059750000000000004      -23.73600577155177
0.059775                  -23.7416090395314
0.059800000000000006      -23.746421817461844
0.059825                  -23.750399426897598
0.05985                   -23.753538794455427
0.059875000000000005      -23.755877754143626
0.0599                    -23.757492202307585
0.059925000000000006      -23.758491305202014
0.05995                   -23.759011067166718
0.059975                  -23.759206651543252
0.060000000000000005      -23.759243901939623
0.060025                  -23.75929053649145
0.06005                   -23.759507483599638
0.060075                  -23.76004079780889
0.0601                    -23.76101454406118
0.060125000000000005      -23.762524973092276
0.06015                   -23.764636235561113
0.060175                  -23.767377802125775
0.060200000000000004      -23.77074367456373
0.060225                  -23.774693391620772
0.060250000000000005      -23.779154754261768
0.060275                  -23.784028119749628
0.0603                    -23.78919204395284
0.060325000000000004      -23.794509988380202
0.06035                   -23.79983775520211
0.060375000000000005      -23.805031273078438
0.0604                    -23.80995433243342
0.060425                  -23.814485864196108
0.060450000000000004      -23.818526373475073
0.060475                  -23.82200318025774
0.060500000000000005      -23.82487418219059
0.060525                  -23.82712993679268
0.06055                   -23.828793956963118
0.060575000000000004      -23.829921217580214
0.0606                    -23.830594974652684
0.060625000000000005      -23.83092209416433
0.06065                   -23.8310271686645
0.060675                  -23.831045760682738
0.060700000000000004      -23.831117150206943
0.060725                  -23.831376978017552
0.060750000000000005      -23.831950168874915
0.060775                  -23.83294449118429
0.0608                    -23.834445066475155
0.060825000000000004      -23.83651008676406
0.06085                   -23.839167934329538
0.060875                  -23.842415829775735
0.0609                    -23.846220063016194
0.060925                  -23.850517789937737
0.060950000000000004      -23.85522030666297
0.060975                  -23.8602176451693
0.061                     -23.86538427047941
0.061025                  -23.870585603133282
0.06105                   -23.875685044128012
0.061075000000000004      -23.880551146277647
0.0611                    -23.885064559333
0.061125                  -23.889124379063922
0.06115                   -23.89265355466122
0.061175                  -23.895603054523452
0.061200000000000004      -23.897954556109426
0.061225                  -23.899721507417183
0.06125                   -23.900948500380785
0.061275                  -23.901708993398888
0.0613                    -23.90210151417569
0.061325000000000005      -23.90224455826565
0.06135                   -23.90227046750111
0.061375                  -23.90231862188859
0.0614                    -23.902528306623758
0.061425                  -23.903031622601215
0.061450000000000005      -23.903946795839484
0.061475                  -23.905372211417856
0.0615                    -23.907381454226805
0.061525                  -23.910019585522463
0.06155                   -23.913300824063054
0.061575000000000005      -23.917207736052877
0.0616                    -23.921691971215587
0.061625                  -23.926676514626337
0.06165                   -23.93205935684896
0.061675                  -23.93771841998667
0.061700000000000005      -23.943517516405027
0.061725                  -23.949313062632946
0.06175                   -23.954961226365384
0.061775000000000004      -23.960325153019348
0.0618                    -23.965281903360896
0.061825000000000005      -23.96972873821619
0.06185                   -23.97358841199168
0.061875                  -23.976813183827264
0.061900000000000004      -23.97938732191278
0.061925                  -23.981327959026558
0.061950000000000005      -23.982684250168624
0.061975                  -23.983534879536155
0.062                     -23.98398405688006
0.062025000000000004      -23.984156225775344
0.06205                   -23.9841897730193
0.062075000000000005      -23.984230075483765
0.0621                    -23.98442224654837
0.062125                  -23.984903948942424
0.062150000000000004      -23.985798626251178
0.062175                  -23.98720947443019
0.062200000000000005      -23.989214430875656
0.062225                  -23.9918624053771
0.06225                   -23.995170917699824
0.062275000000000004      -23.999125243084126
0.0623                    -24.003679101479698
0.062325000000000005      -24.008756860282677
0.06235                   -24.01425715495646
0.062375                  -24.02005776857117
0.062400000000000004      -24.026021551771727
0.062425                  -24.032003111337247
0.062450000000000006      -24.03785595126788
0.062475                  -24.043439718578853
0.0625                    -24.04862719008928
0.062525                  -24.05331063939387
0.06255000000000001       -24.057407246801805
0.062575                  -24.060863259675237
0.0626                    -24.06365667476377
0.062625                  -24.065798294289138
0.06265                   -24.067331098402786
0.06267500000000001       -24.068327971693073
0.0627                    -24.0688879136339
0.062725                  -24.069130945549624
0.06275                   -24.069191994234057
0.062775                  -24.069214080897112
0.06280000000000001       -24.06934117168154
0.062825                  -24.06971105260064
0.06285                   -24.07044857904145
0.062875                  -24.071659620758545
0.0629                    -24.073425980939778
0.06292500000000001       -24.075801515913028
0.06295                   -24.078809623498234
0.062975                  -24.082442205450583
0.063                     -24.08666014485113
0.063025                  -24.09139527417937
0.06305000000000001       -24.096553745430338
0.063075                  -24.102020651372364
0.0631                    -24.10766568858319
0.063125                  -24.113349600471548
0.06315                   -24.118931094856467
0.06317500000000001       -24.124273898996776
0.0632                    -24.12925359846348
0.063225                  -24.133763907745344
0.06325                   -24.137722041852324
0.063275                  -24.14107289988049
0.0633                    -24.143791832187908
0.063325                  -24.145885839280336
0.06335                   -24.1473931377851
0.063375                  -24.148381120832532
0.0634                    -24.14894283004694
0.06342500000000001       -24.149192137688118
0.06345                   -24.149257904774313
0.063475                  -24.149277430302334
0.0635                    -24.14938953586016
0.063525                  -24.149727638769157
0.06355                   -24.150413156772682
0.063575                  -24.151549560746023
0.0636                    -24.153217352116275
0.063625                  -24.155470191957306
0.06365                   -24.15833235210867
0.063675                  -24.1617975977072
0.0637                    -24.165829547216468
0.063725                  -24.1703634919531
0.06375                   -24.175309593580717
0.063775                  -24.180557316468672
0.0638                    -24.185980893898993
0.063825                  -24.191445575036656
0.06385                   -24.196814356053086
0.063875                  -24.201954866880882
0.0639                    -24.20674606791414
0.063925                  -24.21108441130789
0.06395                   -24.214889141238206
0.063975                  -24.218106447057966
0.064                     -24.220712241509762
0.064025                  -24.222713409995706
0.06405                   -24.22414746164759
0.06407500000000001       -24.225080602655776
0.0641                    -24.22560434048991
0.064125                  -24.22583080794737
0.06415                   -24.225887062964215
0.064175                  -24.22590866985339
0.06420000000000001       -24.226032897911388
0.064225                  -24.226391883782128
0.06425                   -24.227106095792994
0.064275                  -24.22827841404979
0.0643                    -24.229989102419054
0.06432500000000001       -24.2322919008259
0.06435                   -24.2352114115127
0.064375                  -24.238741893536968
0.0644                    -24.242847517803238
0.064425                  -24.247464071863035
0.06445000000000001       -24.25250204089182
0.064475                  -24.25785093002315
0.0645                    -24.26338463524584
0.064525                  -24.268967617484787
0.06455                   -24.274461589947375
0.06457500000000001       -24.27973239538074
0.0646                    -24.284656730716424
0.064625                  -24.289128374520125
0.06465                   -24.29306358972822
0.064675                  -24.296405411039856
0.06470000000000001       -24.29912658206365
0.064725                  -24.301230979088867
0.06475                   -24.30275344166151
0.064775                  -24.303758019203055
0.0648                    -24.304334731258844
0.06482500000000001       -24.30459502023222
0.06485                   -24.304666144095307
0.064875                  -24.304684808417395
0.0649                    -24.30479036971883
0.064925                  -24.305117955061746
0.06495000000000001       -24.305791836963742
0.064975                  -24.30691938041918
0.065                     -24.308585843002916
0.065025                  -24.310850262897503
0.06505                   -24.313742616220992
0.06507500000000001       -24.31726236677916
0.0651                    -24.321378470327844
0.065125                  -24.326030833146874
0.06515                   -24.33113316247068
0.065175                  -24.336577085363047
0.06520000000000001       -24.3422373544987
0.065225                  -24.347977906015174
0.06525                   -24.353658488651714
0.065275                  -24.35914154777305
0.0653                    -24.36429902574649
0.06532500000000001       -24.369018734447042
0.06535                   -24.37320996863564
0.065375                  -24.37680806160854
0.0654                    -24.379777636257785
0.065425                  -24.382114373113414
0.06545000000000001       -24.3838451979147
0.065475                  -24.38502687924242
0.0655                    -24.38574311539088
0.065525                  -24.386100272541483
0.06555                   -24.386222007658628
0.06557500000000001       -24.386243064892206
0.0656                    -24.38630257086419
0.065625                  -24.386537171082363
0.06565                   -24.387074347581844
0.065675                  -24.388026238774756
0.06570000000000001       -24.389484249249264
0.065725                  -24.391514693082243
0.06575                   -24.394155662187742
0.065775                  -24.397415253983358
0.0658                    -24.40127123235761
0.06582500000000001       -24.40567213420941
0.06585                   -24.41053977203068
0.065875                  -24.415773022368555
0.0659                    -24.42125273197695
0.065925                  -24.426847519896025
0.06595000000000001       -24.432420206933458
0.065975                  -24.43783456687191
0.066                     -24.442962069243308
0.066025                  -24.44768827461519
0.06605                   -24.45191855235857
0.06607500000000001       -24.455582819056822
0.0661                    -24.45863904282293
0.066125                  -24.4610753228377
0.06615                   -24.46291043069482
0.066175                  -24.464192785488375
0.06620000000000001       -24.46499792192707
0.066225                  -24.465424593795927
0.06625                   -24.465589727990462
0.066275                  -24.465622502432772
0.0663                    -24.46565786133542
0.066325                  -24.46582980216145
0.06635                   -24.466264770571268
0.066375                  -24.467075484354
0.0664                    -24.468355477440483
0.066425                  -24.47017461364601
0.06645000000000001       -24.472575769847296
0.066475                  -24.475572832587385
0.0665                    -24.479150092869272
0.066525                  -24.483263062907294
0.06655                   -24.487840677273788
0.066575                  -24.492788780510274
0.0666                    -24.49799474530151
0.066625                  -24.50333301152027
0.06665                   -24.50867128908733
0.066675                  -24.51387712934296
0.06670000000000001       -24.518824543440978
0.066725                  -24.52340033502777
0.06675                   -24.527509820517118
0.066775                  -24.531081634992688
0.0668                    -24.5340713651403
0.066825                  -24.536463810950515
0.06685                   -24.538273751868388
0.066875                  -24.539545175773437
0.0669                    -24.540349014834742
0.066925                  -24.540779514749982
0.06695000000000001       -24.540949437352918
0.066975                  -24.54098435627641
0.067                     -24.54101634797475
0.067025                  -24.541177404321704
0.06705                   -24.54159289824823
0.067075                  -24.542375421896633
0.0671                    -24.543619289952563
0.067125                  -24.54539596208358
0.06715                   -24.547750590738474
0.067175                  -24.550699846658087
0.0672                    -24.554231116583995
0.06722500000000001       -24.55830310762639
0.06725                   -24.56284783201756
0.067275                  -24.567773885838147
0.0673                    -24.57297087716999
0.067325                  -24.57831480473027
0.06735000000000001       -24.583674139558298
0.067375                  -24.588916322391242
0.0674                    -24.593914360905607
0.067425                  -24.598553196932087
0.06745                   -24.602735516550656
0.06747500000000001       -24.606386697212102
0.0675                    -24.609458625953835
0.067525                  -24.61193218000094
0.06755                   -24.613818232498016
0.067575                  -24.615157127223096
0.06760000000000001       -24.61601665124107
0.067625                  -24.616488617450834
0.06765                   -24.616684244004166
0.067675                  -24.61672857965812
0.0677                    -24.61675426970041
0.06772500000000001       -24.61689498425553
0.06775                   -24.617278839307637
0.067775                  -24.61802213187329
0.0678                    -24.619223686680982
0.067825                  -24.62096007530215
0.06785000000000001       -24.623281922899043
0.067875                  -24.62621146535866
0.0679                    -24.62974146288902
0.067925                  -24.6338355170072
0.06795                   -24.63842977770468
0.06797500000000001       -24.64343596770121
0.068                     -24.64874559241754
0.068025                  -24.654235149216824
0.06805                   -24.659772099637273
0.068075                  -24.665221326290823
0.06810000000000001       -24.67045176471791
0.068125                  -24.67534288273031
0.06815                   -24.679790678283776
0.068175                  -24.683712883550974
0.0682                    -24.68705309822749
0.06822500000000001       -24.68978362824455
0.06825                   -24.691906874326474
0.068275                  -24.693455193983496
0.0683                    -24.694489245132857
0.068325                  -24.695094903531974
0.06835000000000001       -24.695378923596838
0.068375                  -24.695463577722382
0.0684                    -24.695480558974378
0.068425                  -24.69556446366304
0.06845                   -24.695846183212915
0.06847500000000001       -24.69644652980664
0.0685                    -24.697470399556096
0.068525                  -24.699001743197748
0.06855                   -24.701099570512703
0.068575                  -24.70379516368558
0.06860000000000001       -24.707090619097556
0.068625                  -24.71095877857186
0.06865                   -24.715344551403394
0.068675                  -24.72016756890242
0.0687                    -24.725326054940687
0.06872500000000001       -24.730701740600807
0.06875                   -24.736165600385334
0.068775                  -24.741584143896652
0.0688                    -24.746825963194826
0.068825                  -24.75176821507873
0.06885000000000001       -24.75630271200689
0.068875                  -24.76034130731433
0.0689                    -24.763820290719956
0.068925                  -24.76670355831809
0.06895                   -24.76898438512036
0.06897500000000001       -24.77068570397156
0.069                     -24.771858877225025
0.069025                  -24.772581031077316
0.06905                   -24.77295110096381
0.069075                  -24.773084804505743
0.0691                    -24.773108811917993
0.069125                  -24.77315441980561
0.06915                   -24.773351051831995
0.069175                  -24.773819909322476
0.0692                    -24.774668078210517
0.06922500000000001       -24.775983368391657
0.06925                   -24.777830120435663
0.069275                  -24.78024616559365
0.0693                    -24.783241070680916
0.069325                  -24.786795741823987
0.06935                   -24.790863401909853
0.069375                  -24.79537189725174
0.0694                    -24.80022723079945
0.069425                  -24.805318163634794
0.06945                   -24.81052167530736
0.06947500000000001       -24.815709029014638
0.0695                    -24.82075215233103
0.069525                  -24.8255300209518
0.06955                   -24.82993472441077
0.069575                  -24.833876901067654
0.0696                    -24.83729025595707
0.069625                  -24.84013491909539
0.06965                   -24.84239946171868
0.069675                  -24.84410146026237
0.0697                    -24.845286577949643
0.06972500000000001       -24.846026216028786
0.06975                   -24.846413865146694
0.069775                  -24.846560356641653
0.0698                    -24.84658826926332
0.069825                  -24.846625785984912
0.06985                   -24.84680031676916
0.069875                  -24.84723220654309
0.0699                    -24.848028834665396
0.069925                  -24.849279385162873
0.06995                   -24.85105052874079
0.06997500000000001       -24.85338321085351
0.07                      -24.856290687518936
0.070025                  -24.85975789422617
0.07005                   -24.86374217495448
0.070075                  -24.868175339420198
0.0701                    -24.87296695851861
0.070125                  -24.878008751967464
0.07015                   -24.88317987013525
0.070175                  -24.888352826116417
0.0702                    -24.893399796859086
0.07022500000000001       -24.898198986354473
0.07025                   -24.902640732281508
0.070275                  -24.906633042312393
0.0703                    -24.910106268855042
0.070325                  -24.913016671369867
0.07035                   -24.915348672034252
0.07037500000000001       -24.917115680336607
0.0704                    -24.91835944067439
0.070425                  -24.919147938763565
0.07045                   -24.919571981830273
0.07047500000000001       -24.919740638633773
0.07050000000000001       -24.919775783741002
0.070525                  -24.919806032866685
0.07055                   -24.91996038081418
0.070575                  -24.920361860472497
0.0706                    -24.921121531652474
0.07062500000000001       -24.922333084451687
0.07065                   -24.92406830601846
0.070675                  -24.926373614848977
0.0707                    -24.929267815696022
0.07072500000000001       -24.932741172997996
0.07075000000000001       -24.936755843225818
0.070775                  -24.94124764812661
0.0708                    -24.946129112797873
0.070825                  -24.95129363620803
0.07085                   -24.956620608821844
0.07087500000000001       -24.96198124444025
0.0709                    -24.96724485369835
0.070925                  -24.972285257655805
0.07095                   -24.97698702435809
0.070975                  -24.981251211579227
0.07100000000000001       -24.98500031680957
0.071025                  -24.988182171343787
0.07105                   -24.990772567967596
0.071075                  -24.992776478540044
0.0711                    -24.99422779455834
0.07112500000000001       -24.99518760531497
0.07115                   -24.995741108720946
0.071175                  -24.995993323602136
0.0712                    -24.99606383435815
0.071225                  -24.99608084564063
0.07125000000000001       -24.996174854043378
0.071275                  -24.99647225518381
0.0713                    -24.99708919889724
0.071325                  -24.998125984543545
0.07135                   -24.99966225526495
0.07137500000000001       -25.00175320727277
0.0714                    -25.004426980582835
0.071425                  -25.00768334340147
0.07145                   -25.01149372548354
0.071475                  -25.015802597755258
0.07150000000000001       -25.020530137612237
0.071525                  -25.025576062863173
0.07155                   -25.03082446380347
0.071575                  -25.036149414257945
0.0716                    -25.041421100941214
0.07162500000000001       -25.046512178801635
0.07165                   -25.051304040903165
0.071675                  -25.055692687378745
0.0717                    -25.059593890910897
0.071725                  -25.062947386825577
0.07175000000000001       -25.065719863574127
0.071775                  -25.06790659190326
0.0718                    -25.069531604648127
0.071825                  -25.070646418903397
0.07185                   -25.07132737271336
0.07187500000000001       -25.071671723687956
0.0719                    -25.071792721980692
0.071925                  -25.07181392084819
0.07195                   -25.071863022002695
0.071975                  -25.072065569201442
0.07200000000000001       -25.072538802492
0.072025                  -25.07338596892406
0.07205                   -25.07469135578447
0.072075                  -25.07651627229002
0.0721                    -25.078896157923644
0.07212500000000001       -25.08183894267134
0.07215                   -25.08532472834474
0.072175                  -25.089306802598603
0.0722                    -25.093713939556114
0.072225                  -25.098453884457584
0.07225000000000001       -25.103417865922957
0.072275                  -25.108485930058023
0.0723                    -25.113532847927665
0.072325                  -25.11843431439832
0.07235                   -25.123073134701617
0.072375                  -25.127345087806926
0.0724                    -25.13116416476654
0.072425                  -25.134466906587217
0.07245                   -25.137215609544164
0.072475                  -25.13940022433504
0.07250000000000001       -25.141038845727998
0.072525                  -25.142176766799693
0.07255                   -25.14288415110483
0.072575                  -25.143252451582935
0.0726                    -25.14338977152405
0.072625                  -25.143415416287056
0.07265                   -25.14345392185544
0.072675                  -25.143628866413348
0.0727                    -25.144056774087886
0.072725                  -25.14484140720422
0.07275000000000001       -25.146068717054245
0.072775                  -25.147802685929776
0.0728                    -25.15008224770922
0.072825                  -25.152919423075062
0.07285                   -25.156298750566393
0.072875                  -25.160178037839323
0.0729                    -25.164490400145688
0.072925                  -25.16914749648222
0.07295                   -25.174043819556825
0.072975                  -25.17906184540601
0.07300000000000001       -25.184077804302643
0.073025                  -25.188967798996423
0.07305                   -25.19361397200671
0.073075                  -25.197910413212476
0.0731                    -25.201768504449895
0.073125                  -25.205121420430714
0.07315                   -25.207927544979867
0.073175                  -25.210172616825837
0.0732                    -25.21187048692674
0.073225                  -25.213062445239288
0.07325000000000001       -25.213815153707955
0.073275                  -25.21421729850978
0.0733                    -25.214375142973374
0.073325                  -25.21440721869668
0.07335                   -25.214438433101623
0.073375                  -25.214593895368793
0.0734                    -25.21499276926197
0.073425                  -25.2157424519198
0.07345                   -25.216933354318627
0.073475                  -25.218634524358478
0.07350000000000001       -25.220890310073287
0.07352500000000001       -25.223718210811498
0.07355                   -25.22710801050968
0.073575                  -25.231022231130744
0.0736                    -25.235397887391365
0.073625                  -25.240149467356158
0.07365000000000001       -25.245173008698167
0.073675                  -25.25035108904951
0.0737                    -25.255558502909217
0.073725                  -25.26066835944317
0.07375000000000001       -25.265558307871217
0.07377500000000001       -25.270116582650786
0.0738                    -25.27424756162498
0.073825                  -25.277876548208628
0.07385                   -25.280953523869027
0.073875                  -25.283455668505717
0.07390000000000001       -25.2853885112056
0.073925                  -25.286785648213858
0.07395                   -25.287707043758893
0.073975                  -25.28823600704703
0.07400000000000001       -25.28847500987283
0.07402500000000001       -25.288540569169115
0.07405                   -25.28855746394132
0.074075                  -25.288652584361454
0.0741                    -25.288948721827023
0.074125                  -25.28955860336392
0.07415000000000001       -25.2905794537428
0.074175                  -25.292088336579937
0.0742                    -25.294138484218056
0.074225                  -25.29675677792367
0.07425000000000001       -25.299942487158795
0.07427500000000001       -25.303667321243246
0.0743                    -25.307876790123977
0.074325                  -25.312492814513988
0.07435                   -25.31741747066352
0.074375                  -25.32253770299295
0.07440000000000001       -25.327730790612733
0.074425                  -25.332870313635883
0.07445                   -25.337832334715124
0.074475                  -25.342501493055014
0.0745                    -25.346776704651305
0.07452500000000001       -25.350576175431403
0.07455                   -25.353841463996957
0.074575                  -25.356540377129207
0.0746                    -25.35866854193611
0.074625                  -25.3602495698907
0.07465000000000001       -25.361333805289537
0.074675                  -25.361995728448687
0.0747                    -25.36233015679311
0.074725                  -25.36244744996893
0.07475                   -25.362467974359184
0.07477500000000001       -25.362516115446777
0.0748                    -25.36271414238734
0.074825                  -25.36317622837675
0.07485                   -25.364002914496957
0.074875                  -25.365276276016214
0.07490000000000001       -25.367056011259372
0.074925                  -25.369376626788473
0.07495                   -25.372245841116477
0.074975                  -25.37564427451077
0.075                     -25.379526436257414
0.07502500000000001       -25.383822964437424
0.07505                   -25.388444018143428
0.075075                  -25.393283669609076
0.0751                    -25.398225095703584
0.075125                  -25.40314632679374
0.07515000000000001       -25.407926278543094
0.075175                  -25.412450771377703
0.0752                    -25.41661823550001
0.075225                  -25.420344808324074
0.07525                   -25.42356855694052
0.07527500000000001       -25.42625260033845
0.0753                    -25.428386962810826
0.075325                  -25.429989058021853
0.07535                   -25.43110277820496
0.075375                  -25.431796239716043
0.07540000000000001       -25.432158309319377
0.075425                  -25.43229410015887
0.07545                   -25.432319678311536
0.075475                  -25.432356257372064
0.0755                    -25.432524178373654
0.07552500000000001       -25.432936975612172
0.07555                   -25.433695816883684
0.075575                  -25.434884581364088
0.0756                    -25.436565802375455
0.075625                  -25.438777658187025
0.07565                   -25.441532144178556
0.075675                  -25.444814506197886
0.0757                    -25.448583959464234
0.075725                  -25.45277566133775
0.07575                   -25.45730385103933
0.07577500000000001       -25.462066016412574
0.0758                    -25.466947898791517
0.075825                  -25.471829104046147
0.07585                   -25.47658905332343
0.075875                  -25.48111298345443
0.0759                    -25.48529769691847
0.075925                  -25.489056766630846
0.07595                   -25.49232492277662
0.075975                  -25.49506138737465
0.076                     -25.49725197573521
0.07602500000000001       -25.498909849548777
0.07605                   -25.500074879842344
0.076075                  -25.50081165444115
0.0761                    -25.50120623853504
0.076125                  -25.5013618633993
0.07615                   -25.501393773002725
0.076175                  -25.501423498115656
0.0762                    -25.501572851000663
0.076225                  -25.501957940646335
0.07625                   -25.50268349983132
0.07627500000000001       -25.5038377930156
0.0763                    -25.505488340588904
0.076325                  -25.507678652933905
0.07635                   -25.510426119501982
0.076375                  -25.513721145744285
0.0764                    -25.51752757601561
0.076425                  -25.521784384912493
0.07645                   -25.52640856422776
0.076475                  -25.53129907917765
0.0765                    -25.5363417174021
0.07652500000000001       -25.541414609429847
0.07655                   -25.546394162169925
0.076575                  -25.551161120109917
0.0766                    -25.555606454821973
0.076625                  -25.559636784286432
0.07665                   -25.5631790408677
0.07667500000000001       -25.566184140820134
0.0767                    -25.5686294578851
0.076725                  -25.570519966322856
0.07675                   -25.571887990732584
0.07677500000000001       -25.57279157638963
0.07680000000000001       -25.573311569229183
0.076825                  -25.573547563796843
0.07685                   -25.57361293591541
0.076875                  -25.57362922106578
0.0769                    -25.57372012753508
0.07692500000000001       -25.574005484692016
0.07695                   -25.57459542205877
0.076975                  -25.575585055912523
0.077                     -25.577049929337683
0.07702500000000001       -25.579042411561975
0.07705000000000001       -25.581589215555315
0.077075                  -25.58469014146344
0.0771                    -25.58831809932371
0.077125                  -25.592420409175737
0.07715                   -25.596921321449017
0.07717500000000001       -25.601725646699695
0.0772                    -25.606723332881295
0.077225                  -25.61179478219824
0.07725                   -25.61681666039771
0.07727500000000001       -25.621667921580396
0.07730000000000001       -25.626235753798554
0.077325                  -25.630421147156465
0.07735                   -25.634143798496893
0.077375                  -25.637346095703922
0.0774                    -25.639995969531903
0.07742500000000001       -25.642088459598035
0.07745                   -25.643645910292797
0.077475                  -25.644716787311577
0.0775                    -25.64537318109489
0.07752500000000001       -25.645707134413623
0.07755000000000001       -25.645825992884657
0.077575                  -25.645847025584764
0.0776                    -25.64589159570736
0.077625                  -25.646079177382738
0.07765                   -25.646521514719176
0.07767500000000001       -25.64731720427776
0.0777                    -25.648546954760732
0.077725                  -25.6502697402145
0.07775                   -25.652520018075073
0.07777500000000001       -25.65530613323454
0.07780000000000001       -25.658609975950192
0.077825                  -25.662387906480063
0.07785                   -25.66657290420516
0.077875                  -25.671077845025177
0.0779                    -25.67579975945455
0.077925                  -25.68062487683596
0.07795                   -25.685434220505616
0.077975                  -25.690109486955283
0.078                     -25.694538921521243
0.07802500000000001       -25.698622896199588
0.07805000000000001       -25.70227890361823
0.078075                  -25.705445705863916
0.0781                    -25.708086417433016
0.078125                  -25.710190356329274
0.07815                   -25.711773563183137
0.078175                  -25.712877960980407
0.0782                    -25.713569202587543
0.078225                  -25.713933324562134
0.07825                   -25.71407238891419
0.07827500000000001       -25.71409934557543
0.07830000000000001       -25.714132384606195
0.078325                  -25.714289067285062
0.07835                   -25.71468052920235
0.078375                  -25.7154060374772
0.0784                    -25.716548160210763
0.078425                  -25.718168771685114
0.07845                   -25.720306074120728
0.078475                  -25.722972768347688
0.0785                    -25.726155453548625
0.07852500000000001       -25.729815281982855
0.07855000000000001       -25.73388983974435
0.078575                  -25.738296170494056
0.0786                    -25.742934807184845
0.078625                  -25.747694628756058
0.07865                   -25.75245831663425
0.078675                  -25.75710815195999
0.0787                    -25.761531871245744
0.078725                  -25.765628288027354
0.07875                   -25.769312392917282
0.078775                  -25.772519665394093
0.07880000000000001       -25.77520936761394
0.078825                  -25.7773666420971
0.07885                   -25.779003298536832
0.078875                  -25.780157246205874
0.0789                    -25.78089060267008
0.078925                  -25.7812865816037
0.07895                   -25.781445327518657
0.078975                  -25.781478919012702
0.079                     -25.781505801706032
0.079025                  -25.78164493573873
0.07905000000000001       -25.782009950277235
0.079075                  -25.78270358985594
0.0791                    -25.783812716369624
0.079125                  -25.785404098456436
0.07915                   -25.78752117934963
0.079175                  -25.790181967385205
0.0792                    -25.79337814229333
0.079225                  -25.7970754168959
0.07925                   -25.801215139328345
0.079275                  -25.80571706672091
0.07930000000000001       -25.810483188788247
0.079325                  -25.81540243058435
0.07935                   -25.82035601970976
0.079375                  -25.82522326677246
0.0794                    -25.82988748138414
0.079425                  -25.834241731882056
0.07945                   -25.838194157416186
0.079475                  -25.841672557417642
0.0795                    -25.844628016079774
0.079525                  -25.84703736732683
0.07955000000000001       -25.84890436639881
0.079575                  -25.850259503942972
0.0796                    -25.85115847270218
0.079625                  -25.85167937037685
0.07965                   -25.851918789936363
0.079675                  -25.851987006122652
0.07970000000000001       -25.852002510750637
0.079725                  -25.852086177635336
0.07975                   -25.852355349935294
0.079775                  -25.85291813903716
0.07980000000000001       -25.853868206443146
0.07982500000000001       -25.855280270711695
0.07985                   -25.857206542841066
0.079875                  -25.85967424801817
0.0799                    -25.862684341555514
0.079925                  -25.866211473934662
0.07995000000000001       -25.870205205677973
0.079975                  -25.874592418609375
0.08                      -25.879280817258223
0.080025                  -25.884163364195715
0.08005000000000001       -25.889123447760262
0.08007500000000001       -25.89404054205513
0.0801                    -25.898796089683053
0.080125                  -25.90327931987742
0.08015                   -25.90739271072028
0.080175                  -25.911056815622867
0.08020000000000001       -25.91421420184263
0.080225                  -25.91683229193307
0.08025                   -25.918904955697787
0.080275                  -25.92045276714621
0.08030000000000001       -25.921521913754233
0.08032500000000001       -25.92218181900766
0.08035                   -25.92252160864101
0.080375                  -25.922645611529305
0.0804                    -25.922668134133385
0.080425                  -25.92270778029137
0.08045000000000001       -25.922881604930836
0.080475                  -25.92329939120489
0.0805                    -25.924058326965476
0.080525                  -25.92523833045067
0.08055000000000001       -25.926898239018804
0.08057500000000001       -25.929073031187677
0.0806                    -25.931772203408038
0.080625                  -25.93497937086964
0.08065                   -25.938653107836693
0.080675                  -25.942728988941795
0.08070000000000001       -25.94712273987565
0.080725                  -25.951734355443143
0.08075                   -25.956452996720092
0.080775                  -25.96116243905594
0.08080000000000001       -25.965746811218974
0.08082500000000001       -25.970096345471596
0.08085                   -25.97411285103118
0.080875                  -25.977714630951482
0.0809                    -25.980840585822417
0.080925                  -25.983453286549857
0.08095000000000001       -25.985540851227526
0.080975                  -25.987117524814224
0.081                     -25.9882229309253
0.081025                  -25.98892003774506
0.08105000000000001       -25.989291949844144
0.08107500000000001       -25.98943769983434
0.0811                    -25.989467264411964
0.081125                  -25.9894960656925
0.08115                   -25.989639239427458
0.081175                  -25.990005956637138
0.0812                    -25.990694075430593
0.081225                  -25.991785377167037
0.08125                   -25.993341607945762
0.081275                  -25.99540150511838
0.08130000000000001       -25.997978941384755
0.08132500000000001       -26.001062268065297
0.08135                   -26.004614886028172
0.081375                  -26.00857701894363
0.0814                    -26.012868610398378
0.081425                  -26.01739321536744
0.08145                   -26.022042709270327
0.081475                  -26.026702596298215
0.0815                    -26.03125766514051
0.081525                  -26.03559771706063
0.08155000000000001       -26.03962308076842
0.08157500000000001       -26.043249632579652
0.0816                    -26.046413060024097
0.081625                  -26.049072142351747
0.08165                   -26.0512108709801
0.081675                  -26.052839294180032
0.0817                    -26.05399303939706
0.081725                  -26.054731538904328
0.08175                   -26.055135054994608
0.081775                  -26.055300664847884
0.08180000000000001       -26.05533741846785
0.08182500000000001       -26.055360922668743
0.08185                   -26.055487628324943
0.081875                  -26.055829106609885
0.0819                    -26.056486593554972
0.081925                  -26.057546062639073
0.08195                   -26.059074054487958
0.081975                  -26.061114453516918
0.082                     -26.063686355793592
0.082025                  -26.066783122571966
0.08205                   -26.070372661574282
0.08207500000000001       -26.07439892463536
0.0821                    -26.078784557102637
0.082125                  -26.083434582777272
0.08215                   -26.088240959760974
0.082175                  -26.093087799218694
0.0822                    -26.097857002974383
0.082225                  -26.102434049427107
0.08225                   -26.10671364289594
0.082275                  -26.110604941231408
0.0823                    -26.114036091737702
0.08232500000000001       -26.11695783647786
0.08235                   -26.1193459939583
0.082375                  -26.121202682729137
0.0824                    -26.122556220059707
0.082425                  -26.123459701071205
0.08245                   -26.123988335548994
0.082475                  -26.12423568617762
0.0825                    -26.124309008777708
0.082525                  -26.124323938920014
0.08255                   -26.124398797973818
0.08257500000000001       -26.124648804496175
0.0826                    -26.1251804744062
0.082625                  -26.126086477115024
0.08265                   -26.127441186829877
0.082675                  -26.129297131029595
0.0827                    -26.131682494000636
0.082725                  -26.1345997844742
0.08275                   -26.13802572463978
0.082775                  -26.1419123646516
0.0828                    -26.14618937353113
0.08282500000000001       -26.150767405421206
0.08285000000000001       -26.15554239093627
0.082875                  -26.160400558626996
0.0829                    -26.165223953403924
0.082925                  -26.16989618946386
0.08295                   -26.17430815722008
0.08297500000000001       -26.178363399117238
0.083                     -26.18198287960992
0.083025                  -26.185108900679282
0.08305                   -26.187707955541715
0.08307500000000001       -26.18977236781969
0.08310000000000001       -26.191320628259685
0.083125                  -26.19239641190307
0.08315                   -26.19306633060598
0.083175                  -26.19341654399586
0.0832                    -26.193548411786058
0.08322500000000001       -26.193573418162885
0.08325                   -26.193607632232347
0.083275                  -26.19376598612495
0.0833                    -26.19415665445025
0.08332500000000001       -26.194875806576043
0.08335000000000001       -26.196002978633516
0.083375                  -26.197597277561368
0.0834                    -26.199694587309818
0.083425                  -26.202305899769595
0.08345                   -26.20541684201616
0.08347500000000001       -26.20898841870257
0.0835                    -26.21295893531229
0.083525                  -26.21724701584018
0.08355                   -26.22175557874304
0.08357500000000001       -26.226376589359646
0.08360000000000001       -26.230996367406682
0.083625                  -26.235501196834573
0.08365                   -26.23978296460408
0.083675                  -26.243744547001864
0.0837                    -26.247304668656607
0.08372500000000001       -26.25040198133584
0.08375                   -26.252998146680543
0.083775                  -26.255079757772318
0.0838                    -26.2566589960448
0.08382500000000001       -26.257772988666925
0.08385000000000001       -26.258481902519208
0.083875                  -26.258865879377872
0.0839                    -26.259020978302967
0.083925                  -26.259054341632897
0.08395                   -26.259078837659395
0.08397500000000001       -26.259207454522958
0.084                     -26.25954772593879
0.084025                  -26.260196460952212
0.08405                   -26.26123502876135
0.08407500000000001       -26.262725417938043
0.08410000000000001       -26.264707249477684
0.084125                  -26.267195877263305
0.08415                   -26.270181659727932
0.084175                  -26.273630434438804
0.0842                    -26.277485174470925
0.08422500000000001       -26.28166875315121
0.08425                   -26.286087693463884
0.084275                  -26.29063673174384
0.0843                    -26.295203984160437
0.08432500000000001       -26.299676471094454
0.08435000000000001       -26.303945731162695
0.084375                  -26.30791324558471
0.0844                    -26.311495396650614
0.084425                  -26.314627702330306
0.08445                   -26.317268102609155
0.084475                  -26.31939912074039
0.0845                    -26.321028781776434
0.084525                  -26.322190237835834
0.08455                   -26.32294012010948
0.08457500000000001       -26.323355706770425
0.08460000000000001       -26.323531059037318
0.084625                  -26.323572330609217
0.08465                   -26.323592495529265
0.084675                  -26.32370576449064
0.0847                    -26.324021969204516
0.084725                  -26.32464118938941
0.08475                   -26.32564887877632
0.084775                  -26.327111717362595
0.0848                    -26.329074379309183
0.08482500000000001       -26.331557361620717
0.08485000000000001       -26.33455597009923
0.084875                  -26.338040507747188
0.0849                    -26.341957658284528
0.084925                  -26.34623300507751
0.08495                   -26.350774574920365
0.084975                  -26.355477248313008
0.085                     -26.3602278349719
0.085025                  -26.36491057742684
0.08505                   -26.369412819025197
0.08507500000000001       -26.373630557810532
0.08510000000000001       -26.377473606581674
0.085125                  -26.380870093338935
0.08515                   -26.383770065676117
0.085175                  -26.38614800665451
0.0852                    -26.388004126158155
0.085225                  -26.389364357317152
0.08525                   -26.390279057989407
0.085275                  -26.39082048768868
0.0853                    -26.391079195916145
0.085325                  -26.39115951429059
0.08535000000000001       -26.39117438882273
0.085375                  -26.391239818010558
0.0854                    -26.39146917632525
0.085425                  -26.391967701509962
0.08545                   -26.392827409298228
0.085475                  -26.394122672697033
0.0855                    -26.3959066671949
0.085525                  -26.398208840477402
0.08555                   -26.401033517585088
0.085575                  -26.404359701755663
0.08560000000000001       -26.408142078988345
0.085625                  -26.41231318200473
0.08565                   -26.416786618077506
0.085675                  -26.4214612166083
0.0857                    -26.4262259080672
0.085725                  -26.43096510796889
0.08575                   -26.43556435020527
0.085775                  -26.439915895603733
0.0858                    -26.443924036153028
0.085825                  -26.4475098245198
0.08585000000000001       -26.450614982983467
0.085875                  -26.453204785316938
0.0859                    -26.455269757719485
0.085925                  -26.456826107690784
0.08595                   -26.457914858704534
0.085975                  -26.4585997390197
0.08600000000000001       -26.45896394011693
0.086025                  -26.459105919579788
0.08605                   -26.459134471086372
0.086075                  -26.459163318010567
0.08610000000000001       -26.459305505721854
0.08612500000000001       -26.459667871041766
0.08615                   -26.460345856543924
0.086175                  -26.461418914310674
0.0862                    -26.46294671063145
0.086225                  -26.464966302297036
0.08625000000000001       -26.467490408818797
0.086275                  -26.47050685502319
0.0863                    -26.473979206684298
0.086325                  -26.47784856959031
0.08635000000000001       -26.48203647103994
0.08637500000000001       -26.48644869365618
0.0864                    -26.490979886221716
0.086425                  -26.495518736893366
0.08645                   -26.499953462800285
0.086475                  -26.504177348939628
0.08650000000000001       -26.508094060586977
0.086525                  -26.5116224588283
0.08655                   -26.514700669212758
0.086575                  -26.5172891887796
0.08660000000000001       -26.519372865453256
0.08662500000000001       -26.520961643402256
0.08665                   -26.52209003471006
0.086675                  -26.522815347150726
0.0867                    -26.52321476525197
0.086725                  -26.52338144263264
0.08675000000000001       -26.523419813979633
0.086775                  -26.5234403721875
0.0868                    -26.523554178566147
0.086825                  -26.523867381324546
0.08685000000000001       -26.524476010549517
0.08687500000000001       -26.52546129823091
0.0869                    -26.52688574164638
0.086925                  -26.528790089896177
0.08695                   -26.53119138878359
0.086975                  -26.53408217055048
0.08700000000000001       -26.537430823902355
0.087025                  -26.541183127769816
0.08705                   -26.545264880722392
0.087075                  -26.54958550829303
0.08710000000000001       -26.55404248428654
0.08712500000000001       -26.55852636129763
0.08715                   -26.562926172276153
0.087175                  -26.567134941312393
0.0872                    -26.57105503006189
0.087225                  -26.57460304820125
0.08725000000000001       -26.577714073117164
0.087275                  -26.580344955793805
0.0873                    -26.582476535492322
0.087325                  -26.58411464296497
0.08735000000000001       -26.585289837143435
0.08737500000000001       -26.586055889179143
0.0874                    -26.586487095692345
0.087425                  -26.58667456550849
0.08745                   -26.586721677014793
0.087475                  -26.586738943520437
0.08750000000000001       -26.586838549818385
0.087525                  -26.587128833948135
0.08755                   -26.587708984503035
0.087575                  -26.588664207154462
0.08760000000000001       -26.59006158638372
0.08762500000000001       -26.59194683196906
0.08765                   -26.594342056788697
0.087675                  -26.59724468498237
0.0877                    -26.6006275391957
0.087725                  -26.604440103998016
0.08775                   -26.60861091096318
0.087775                  -26.613050940694755
0.0878                    -26.617657889786095
0.087825                  -26.62232110811886
0.08785000000000001       -26.626926976091067
0.08787500000000001       -26.631364464594313
0.0879                    -26.635530605098538
0.087925                  -26.63933559503856
0.08795                   -26.642707276206863
0.087975                  -26.645594751488165
0.088                     -26.6479709473006
0.088025                  -26.64983398354181
0.08805                   -26.651207276480974
0.088075                  -26.652138368751928
0.08810000000000001       -26.652696549711763
0.08812500000000001       -26.652969394216175
0.08815                   -26.65305840407047
0.088175                  -26.65307398067499
0.0882                    -26.653129987496524
0.088225                  -26.65333817603797
0.08825                   -26.653802749217768
0.088275                  -26.654615322756207
0.0883                    -26.655850520208123
0.088325                  -26.65756240292499
0.08835000000000001       -26.659781894753536
0.08837500000000001       -26.662515314788312
0.0884                    -26.66574408181809
0.088425                  -26.66942560278818
0.08845                   -26.67349530600642
0.088475                  -26.677869729268913
0.0885                    -26.682450525007294
0.088525                  -26.687129200631684
0.08855                   -26.69179237441764
0.088575                  -26.696327297749786
0.0886                    -26.700627375555328
0.08862500000000001       -26.704597410419577
0.08865                   -26.708158303758402
0.088675                  -26.71125097028738
0.0887                    -26.713839259538233
0.088725                  -26.71591172874841
0.08875                   -26.71748217227504
0.088775                  -26.71858887991226
0.0888                    -26.719292665597102
0.088825                  -26.719673774247457
0.08885                   -26.719827833460364
0.08887500000000001       -26.719861064841833
0.0889                    -26.719885004260796
0.088925                  -26.720010999989057
0.08895                   -26.720344762407798
0.088975                  -26.720981229681282
0.089                     -26.721999992243543
0.089025                  -26.72346148727318
0.08905                   -26.72540413483935
0.089075                  -26.72784254227018
0.0891                    -26.73076685446067
0.08912500000000001       -26.734143276956242
0.08915000000000001       -26.737915747161466
0.089175                  -26.74200867828088
0.0892                    -26.74633065201089
0.089225                  -26.75077889116997
0.08925                   -26.75524430423941
0.08927500000000001       -26.759616862288844
0.0893                    -26.763791047189653
0.089325                  -26.767671100472008
0.08935                   -26.77117580634053
0.08937500000000001       -26.774242561183456
0.08940000000000001       -26.776830515330943
0.089425                  -26.778922619589697
0.08945                   -26.78052646673287
0.089475                  -26.781673883111246
0.0895                    -26.78241929357074
0.08952500000000001       -26.782836949283983
0.08955                   -26.78301716847161
0.089575                  -26.78306179047237
0.0896                    -26.783079081382716
0.08962500000000001       -26.783178352881052
0.08965000000000001       -26.78346456445732
0.089675                  -26.78403317374677
0.0897                    -26.784965481514558
0.089725                  -26.786324689068046
0.08975                   -26.788152848711118
0.08977500000000001       -26.790468844478283
0.0898                    -26.793267492769285
0.089825                  -26.796519802359036
0.08985                   -26.800174382069244
0.08987500000000001       -26.804159933533384
0.08990000000000001       -26.80838871737059
0.089925                  -26.812760835277444
0.08995                   -26.81716912986765
0.089975                  -26.82150447060299
0.09                      -26.825661170071516
0.09002500000000001       -26.829542262327365
0.09005                   -26.833064375811475
0.090075                  -26.836161948665485
0.0901                    -26.838790564219444
0.09012500000000001       -26.84092922810769
0.09015000000000001       -26.842581463653218
0.090175                  -26.84377516555012
0.0902                    -26.84456121931828
0.090225                  -26.845010960931486
0.09025                   -26.84521261291127
0.09027500000000001       -26.84526688604738
0.0903                    -26.845281976680603
0.090325                  -26.845368216249504
0.09035                   -26.845632641868455
0.09037500000000001       -26.84617375449882
0.09040000000000001       -26.84707671611958
0.090425                  -26.84840921110481
0.09045                   -26.850218161951855
0.090475                  -26.852527447757613
0.0905                    -26.855336727410656
0.09052500000000001       -26.858621420094046
0.09055                   -26.86233384487474
0.090575                  -26.86640547024664
0.0906                    -26.870750174851846
0.09062500000000001       -26.875268373726758
0.09065000000000001       -26.879851822051407
0.090675                  -26.884388872535382
0.0907                    -26.88876993545999
0.090725                  -26.892892874235127
0.09075                   -26.896668066086807
0.09077500000000001       -26.90002286855979
0.0908                    -26.902905258409643
0.090825                  -26.905286449554062
0.09085                   -26.907162349205294
0.09087500000000001       -26.908553773083522
0.09090000000000001       -26.909505407740333
0.090925                  -26.910083575963263
0.09095                   -26.910372925363383
0.090975                  -26.910472216348914
0.091                     -26.910489430368102
0.091025                  -26.910536450292135
0.09105                   -26.910723581068016
0.091075                  -26.91115418044592
0.0911                    -26.911919657796798
0.09112500000000001       -26.913095075589347
0.09115000000000001       -26.91473555515483
0.091175                  -26.916873648169602
0.0912                    -26.919517789915467
0.091225                  -26.92265190166794
0.09125                   -26.926236159073724
0.091275                  -26.930208892485858
0.0913                    -26.934489535248332
0.091325                  -26.93898248827788
0.09135                   -26.943581725612056
0.09137500000000001       -26.94817592778255
0.09140000000000001       -26.95265390006208
0.091425                  -26.956910013037543
0.09145                   -26.960849395634632
0.091475                  -26.964392617252265
0.0915                    -26.96747961686572
0.091525                  -26.97007267258645
0.09155                   -26.972158253775838
0.091575                  -26.973747656745978
0.0916                    -26.97487639065832
0.09162500000000001       -26.975602348071508
0.09165000000000001       -26.97600286007271
0.091675                  -26.97617079467807
0.0917                    -26.97620990553348
0.091725                  -26.976229673245093
0.09175                   -26.97633990248873
0.091775                  -26.976645344164453
0.0918                    -26.97724060410338
0.091825                  -26.978205579806747
0.09185                   -26.97960163647808
0.09187500000000001       -26.981468695434238
0.09190000000000001       -26.98382336401018
0.091925                  -26.986658188238852
0.09195                   -26.98994205956033
0.091975                  -26.993621756045712
0.092                     -26.997624548464305
0.092025                  -27.00186175337645
0.09205                   -27.006233070868
0.092075                  -27.010631505370952
0.0921                    -27.014948636283037
0.09212500000000001       -27.019079982967547
0.09215000000000001       -27.022930198247938
0.092175                  -27.02641782739245
0.0922                    -27.029479386807264
0.092225                  -27.032072548248184
0.09225                   -27.034178259196267
0.092275                  -27.035801685804522
0.0923                    -27.036971928127077
0.092325                  -27.03774052403281
0.09235                   -27.03817882376751
0.09237500000000001       -27.038374377164462
0.09240000000000001       -27.038426526190136
0.09242500000000001       -27.038441433960582
0.09245                   -27.038526805837883
0.092475                  -27.038786568172355
0.0925                    -27.03931576623134
0.092525                  -27.04019592622936
0.09255                   -27.041491099070463
0.092575                  -27.043244767593304
0.0926                    -27.04547775692264
0.09262500000000001       -27.04818724094479
0.09265000000000001       -27.051346888658202
0.09267500000000001       -27.05490814370456
0.0927                    -27.058802580140146
0.092725                  -27.062945228858354
0.09275                   -27.067238723565197
0.092775                  -27.071578074614745
0.0928                    -27.07585584534193
0.092825                  -27.079967480942134
0.09285                   -27.08381652655046
0.09287500000000001       -27.087319470763397
0.09290000000000001       -27.09040996459493
0.09292500000000001       -27.093042194034336
0.09295                   -27.09519322612078
0.092975                  -27.096864201727318
0.093                     -27.0980803099052
0.093025                  -27.098889544682958
0.09305                   -27.099360311189212
0.093075                  -27.099578009429862
0.0931                    -27.099640777026682
0.09312500000000001       -27.099654613604827
0.09315000000000001       -27.099728137299742
0.09317500000000001       -27.099967237231375
0.0932                    -27.100469885068257
0.093225                  -27.101321355177163
0.09325                   -27.10259007813592
0.093275                  -27.104324318688846
0.0933                    -27.10654982869205
0.093325                  -27.10926858022028
0.09335                   -27.112458635534765
0.09337500000000001       -27.116075160554544
0.09340000000000001       -27.12005253819633
0.09342500000000001       -27.12430748880124
0.09345                   -27.128743058326382
0.093475                  -27.133253292749536
0.0935                    -27.137728381176906
0.093525                  -27.1420600226115
0.09355                   -27.14614675441289
0.093575                  -27.1498989761068
0.0936                    -27.15324341180122
0.09362500000000001       -27.156126778609256
0.09365000000000001       -27.158518466662507
0.09367500000000001       -27.160412086816446
0.0937                    -27.161825802131645
0.093725                  -27.16280142484417
0.09375                   -27.163402327407642
0.093775                  -27.163710279761226
0.0938                    -27.163821381063137
0.093825                  -27.163841299311105
0.09385                   -27.1638800641991
0.09387500000000001       -27.164046676086826
0.09390000000000001       -27.164443797099857
0.09392500000000001       -27.165162780131517
0.09395                   -27.166279269582
0.093975                  -27.167849576134774
0.094                     -27.169907988925406
0.094025                  -27.172465144176627
0.09405                   -27.175507521590315
0.094075                  -27.178998090078363
0.0941                    -27.1828780741666
0.094125                  -27.187069762940435
0.09415000000000001       -27.191480236117055
0.09417500000000001       -27.19600583832527
0.0942                    -27.200537194804436
0.094225                  -27.20496453157685
0.09425                   -27.20918304287222
0.094275                  -27.21309804022014
0.0943                    -27.216629622777972
0.094325                  -27.21971662798981
0.09435                   -27.22231965543427
0.094375                  -27.22442300340136
0.09440000000000001       -27.226035414844727
0.09442500000000001       -27.227189593358887
0.09445                   -27.227940516491863
0.094475                  -27.22836263849993
0.0945                    -27.228546133255055
0.094525                  -27.228592376740245
0.09455                   -27.22860890470795
0.094575                  -27.228704103095637
0.0946                    -27.228981896342205
0.094625                  -27.229536692528185
0.09465000000000001       -27.230448825768292
0.09467500000000001       -27.231780707508378
0.0947                    -27.233573861502606
0.094725                  -27.235846974407405
0.09475                   -27.23859504705995
0.094775                  -27.24178968228967
0.0948                    -27.245380495008185
0.094825                  -27.249297580692563
0.09485                   -27.253454930606598
0.094875                  -27.257754637734926
0.09490000000000001       -27.262091698206433
0.09492500000000001       -27.266359180951063
0.09495                   -27.27045351558267
0.094975                  -27.274279637067135
0.095                     -27.27775572730764
0.095025                  -27.28081730939543
0.09505                   -27.283420480049525
0.095075                  -27.285544108702236
0.0951                    -27.28719088561268
0.095125                  -27.288387163080756
0.09515000000000001       -27.28918159927471
0.09517500000000001       -27.289642678968114
0.0952                    -27.28985524526572
0.095225                  -27.2899162273591
0.09525                   -27.289929788549987
0.095275                  -27.290002144379493
0.0953                    -27.290236312041564
0.09532500000000001       -27.290727049749837
0.09535                   -27.291556229634008
0.095375                  -27.292788861897318
0.09540000000000001       -27.294469953473865
0.09542500000000001       -27.29662234340242
0.09545000000000001       -27.299245611544315
0.095475                  -27.30231610884617
0.0955                    -27.30578810759541
0.095525                  -27.30959602042471
0.09555                   -27.31365758857804
0.095575                  -27.317877894673693
0.0956                    -27.322154014621244
0.095625                  -27.326380089432554
0.09565000000000001       -27.330452572520013
0.09567500000000001       -27.33427539377714
0.09570000000000001       -27.33776478008067
0.095725                  -27.340853484048036
0.09575                   -27.34349419927527
0.095775                  -27.345661980133805
0.0958                    -27.347355535622924
0.095825                  -27.34859732676711
0.09585                   -27.3494324617633
0.095875                  -27.349926448184235
0.09590000000000001       -27.350161922651534
0.09592500000000001       -27.350234531545972
0.09595000000000001       -27.35024817836774
0.095975                  -27.350309882205348
0.096                     -27.350524506494427
0.096025                  -27.350989618021508
0.09605                   -27.351790724037603
0.096075                  -27.35299711210498
0.0961                    -27.3546584849548
0.096125                  -27.356802543293274
0.09615000000000001       -27.3594336251424
0.09617500000000001       -27.362532462692503
0.09620000000000001       -27.36605706830384
0.096225                  -27.36994471159672
0.09625                   -27.374114900860988
0.096275                  -27.378473235750587
0.0963                    -27.38291595607315
0.096325                  -27.38733497535017
0.09635                   -27.391623159814856
0.096375                  -27.39567959577424
0.09640000000000001       -27.399414582727864
0.09642500000000001       -27.40275409774743
0.09645000000000001       -27.40564349902424
0.096475                  -27.40805027278819
0.0965                    -27.409965676429245
0.096525                  -27.41140518889818
0.09655                   -27.412407743662882
0.096575                  -27.413033785367013
0.0966                    -27.41336225442401
0.096625                  -27.413486659917574
0.09665000000000001       -27.41351044692138
0.09667500000000001       -27.413541897266622
0.09670000000000001       -27.413688821614954
0.096725                  -27.41405330532445
0.09675                   -27.41472676190066
0.096775                  -27.415785527399056
0.0968                    -27.41728719900366
0.096825                  -27.419267883296463
0.09685                   -27.421740476511776
0.096875                  -27.424694052179138
0.09690000000000001       -27.428094382588238
0.09692500000000001       -27.431885570858952
0.09695000000000001       -27.4359927213913
0.096975                  -27.440325529488796
0.097                     -27.44478262755937
0.097025                  -27.44925648730966
0.09705                   -27.453638646789713
0.097075                  -27.457825010143576
0.0971                    -27.46172095848923
0.097125                  -27.465246014104217
0.09715000000000001       -27.468337817950147
0.09717500000000001       -27.47095521248403
0.09720000000000001       -27.473080266497803
0.097225                  -27.47471913405578
0.09725                   -27.475901702091367
0.097275                  -27.47668004677378
0.0973                    -27.477125782933314
0.097325                  -27.477326449354745
0.09735                   -27.47738112190861
0.097375                  -27.47739548351758
0.0974                    -27.47747660320847
0.09742500000000001       -27.47772768550508
0.09745000000000001       -27.478243046746318
0.097475                  -27.47910355795412
0.0975                    -27.4803727665333
0.097525                  -27.482093873492023
0.09755                   -27.484287701139827
0.097575                  -27.486951740284415
0.0976                    -27.490060317499342
0.097625                  -27.493565873552413
0.09765                   -27.497401294930587
0.09767500000000001       -27.501483192948342
0.09770000000000001       -27.505715980696802
0.097725                  -27.509996558809597
0.09775                   -27.51421938863649
0.097775                  -27.518281708000618
0.0978                    -27.522088632283015
0.097825                  -27.52555788382484
0.09785                   -27.528623906647635
0.097875                  -27.53124115146729
0.0979                    -27.53338635704258
0.09792500000000001       -27.535059706035465
0.09795000000000001       -27.53628479369393
0.097975                  -27.537107411921404
0.098                     -27.537593215363685
0.098025                  -27.53782439573527
0.09805                   -27.53789554189592
0.098075                  -27.53790890317743
0.0981                    -27.537969300220038
0.098125                  -27.538178940325146
0.09815                   -27.53863239334973
0.09817500000000001       -27.539411970610562
0.09820000000000001       -27.540583724875994
0.098225                  -27.542194256343695
0.09825                   -27.544268469624264
0.098275                  -27.546808382131196
0.0983                    -27.54979303665457
0.098325                  -27.553179521795386
0.09835                   -27.556905054752185
0.098375                  -27.560890033061742
0.0984                    -27.565041916796048
0.09842500000000001       -27.569259762102103
0.09845000000000001       -27.573439192755863
0.09847500000000001       -27.577477570652746
0.0985                    -27.58127911092528
0.098525                  -27.584759684457907
0.09855                   -27.587851061207193
0.098575                  -27.59050437235773
0.09860000000000001       -27.592692607333277
0.098625                  -27.59441201128662
0.09865                   -27.595682307072032
0.09867500000000001       -27.59654572915254
0.09870000000000001       -27.597064921181925
0.09872500000000001       -27.59731980981301
0.09875                   -27.597403620665833
0.098775                  -27.5974182451418
0.0988                    -27.597469196712062
0.098825                  -27.59766041139809
0.09885                   -27.59808914944913
0.098875                  -27.598841244671025
0.0989                    -27.59998692609253
0.09892500000000001       -27.60157740565006
0.09895000000000001       -27.603642387405568
0.09897500000000001       -27.606188610459267
0.099                     -27.609199490941634
0.099025                  -27.612635879808032
0.09905                   -27.616437903997188
0.099075                  -27.62052781019555
0.0991                    -27.624813684408103
0.099125                  -27.629193878401992
0.09915                   -27.633561937729244
0.09917500000000001       -27.637811797506657
0.09920000000000001       -27.64184299354309
0.09922500000000001       -27.64556562968692
0.09925                   -27.64890484888703
0.099275                  -27.651804576132744
0.0993                    -27.654230335874537
0.099325                  -27.656170993304336
0.09935                   -27.657639325434022
0.099375                  -27.658671390736504
0.0994                    -27.65932473104426
0.09942500000000001       -27.659675502057098
0.09945000000000001       -27.659814685051924
0.09947500000000001       -27.65984357873196
0.0995                    -27.65986880408954
0.099525                  -27.65999707531181
0.09955                   -27.66032999589131
0.099575                  -27.660959131965193
0.0996                    -27.661961595988597
0.099625                  -27.66339634509066
0.09965                   -27.665301361969604
0.09967500000000001       -27.667691844001347
0.09970000000000001       -27.67055948020856
0.09972500000000001       -27.673872847470683
0.09975                   -27.677578908261463
0.099775                  -27.681605543604448
0.0998                    -27.685865008209266
0.099825                  -27.690258151427468
0.09985                   -27.694679209512138
0.099875                  -27.699020943662717
0.0999                    -27.70317987657554
0.09992500000000001       -27.707061369697005
0.09995000000000001       -27.71058428572303
0.09997500000000001       -27.71368499708037
0.1                       -27.716320531215185
0.100025                  -27.71847068645334
0.10005                   -27.720139005792852
0.100075                  -27.721352557020666
0.1001                    -27.7221605320374
0.100125                  -27.722631741886467
0.10015                   -27.722851142469516
0.10017500000000001       -27.72291557556732
0.10020000000000001       -27.722928947733404
0.10022500000000001       -27.722997094139266
0.10025                   -27.723222584925736
0.100275                  -27.72369972850178
0.1003                    -27.72451001080637
0.100325                  -27.725718183633788
0.10035                   -27.72736918079825
0.100375                  -27.729486000269524
0.1004                    -27.732068645381954
0.10042500000000001       -27.735094170508106
0.10045000000000001       -27.738517827688966
0.10047500000000001       -27.742275261992347
0.1005                    -27.7462856561985
0.100525                  -27.750455681275458
0.10055                   -27.75468406969752
0.100575                  -27.758866595882672
0.1006                    -27.76290122391302
0.100625                  -27.766693169250075
0.10065                   -27.770159620069144
0.100675                  -27.77323387624545
0.10070000000000001       -27.775868690220097
0.10072500000000001       -27.778038633202563
0.10075                   -27.779741360554997
0.100775                  -27.780997708828142
0.1008                    -27.781850620034625
0.100825                  -27.782362952145032
0.10085                   -27.78261429423536
0.100875                  -27.78269695636954
0.1009                    -27.782711345112773
0.100925                  -27.782760963513926
0.10095000000000001       -27.7829472885646
0.10097500000000001       -27.783364779697607
0.101                     -27.784096259867344
0.101025                  -27.78520888781337
0.10105                   -27.78675090823079
0.101075                  -27.788749327819524
0.1011                    -27.79120862151005
0.101125                  -27.794110526315272
0.10115                   -27.797414931774185
0.101175                  -27.801061827234506
0.10120000000000001       -27.80497421864197
0.10122500000000001       -27.809061882536984
0.10125                   -27.81322578426279
0.101275                  -27.817362952836252
0.1013                    -27.821371578548803
0.101325                  -27.825156083177728
0.10135                   -27.828631908492678
0.101375                  -27.831729777828293
0.1014                    -27.834399208363546
0.101425                  -27.836611087903677
0.10145000000000001       -27.838359177788796
0.10147500000000001       -27.83966046036689
0.1015                    -27.84055431169802
0.101525                  -27.8411005436776
0.10155                   -27.841376420325417
0.101575                  -27.841472806635245
0.1016                    -27.841489651869544
0.10162500000000001       -27.841531040244973
0.10165                   -27.841700059427318
0.101675                  -27.84209374106222
0.10170000000000001       -27.842798318560668
0.10172500000000001       -27.843885027058818
0.10175000000000001       -27.84540664079778
0.101775                  -27.8473949061611
0.1018                    -27.849858986232103
0.101825                  -27.852784986760742
0.10185                   -27.856136585414767
0.10187500000000001       -27.859856737526236
0.1019                    -27.863870383573428
0.101925                  -27.86808803777706
0.10195000000000001       -27.872410095034756
0.10197500000000001       -27.876731656792046
0.10200000000000001       -27.880947647367314
0.102025                  -27.884957972789245
0.10205                   -27.888672466292093
0.102075                  -27.89201536974451
0.1021                    -27.894929119242782
0.10212500000000001       -27.897377235701974
0.10215                   -27.89934616624068
0.102175                  -27.900845977071953
0.10220000000000001       -27.901909860110365
0.10222500000000001       -27.90259247954191
0.10225000000000001       -27.902967246872556
0.102275                  -27.903122669353277
0.1023                    -27.903157963656717
0.102325                  -27.90317816166243
0.10235                   -27.903288956704813
0.102375                  -27.903591546283547
0.1024                    -27.904177721658492
0.102425                  -27.905125437338683
0.10245000000000001       -27.90649506609412
0.10247500000000001       -27.908326509832598
0.10250000000000001       -27.910637295520495
0.102525                  -27.913421740138233
0.10255                   -27.916651221067998
0.102575                  -27.920275539739347
0.1026                    -27.9242253181356
0.102625                  -27.928415321249357
0.10265                   -27.93274855527594
0.102675                  -27.937120952974524
0.10270000000000001       -27.941426426147558
0.10272500000000001       -27.94556204264408
0.10275000000000001       -27.94943307366415
0.102775                  -27.952957658080134
0.1028                    -27.956070845028794
0.102825                  -27.958727804315203
0.10285                   -27.960906035286435
0.102875                  -27.96260645673524
0.1029                    -27.963853320007992
0.102925                  -27.964692950967592
0.10295000000000001       -27.965191389549325
0.10297500000000001       -27.965431054133486
0.10300000000000001       -27.96550660810218
0.103025                  -27.965520244839745
0.10305                   -27.965576633222856
0.103075                  -27.96577777760384
0.1031                    -27.966218044739964
0.103125                  -27.96697959622936
0.10315                   -27.968128440521053
0.103175                  -27.969711285499052
0.10320000000000001       -27.97175333306808
0.10322500000000001       -27.974257113023118
0.10325000000000001       -27.9772024064846
0.103275                  -27.980547260832314
0.1033                    -27.984230049748536
0.103325                  -27.9881724850461
0.10335                   -27.99228344287474
0.103375                  -27.99646342732625
0.1034                    -28.00060946125672
0.103425                  -28.00462016931254
0.10345000000000001       -28.00840080366065
0.10347500000000001       -28.011867960498805
0.10350000000000001       -28.014953746238366
0.103525                  -28.017609176687316
0.10355                   -28.019806629983023
0.103575                  -28.021541222700748
0.1036                    -28.022831035718617
0.103625                  -28.02371617843795
0.10365                   -28.02425674272735
0.103675                  -28.02452975728757
0.10370000000000001       -28.02462530518276
0.10372500000000001       -28.024642008940482
0.10375000000000001       -28.024682116764662
0.103775                  -28.024846439007334
0.1038                    -28.02522938614238
0.103825                  -28.025914349001987
0.10385                   -28.02696964053997
0.103875                  -28.028445187801992
0.1039                    -28.030370125142564
0.103925                  -28.03275139698112
0.10395                   -28.035573432290285
0.10397500000000001       -28.038798905113147
0.10400000000000001       -28.042370547119766
0.104025                  -28.046213930907893
0.10405                   -28.050241097880672
0.104075                  -28.054354863721215
0.1041                    -28.058453599561787
0.104125                  -28.062436259903407
0.10415                   -28.066207411183363
0.104175                  -28.069682009415622
0.1042                    -28.072789682869434
0.10422500000000001       -28.075478296888164
0.10425000000000001       -28.077716612299092
0.104275                  -28.079495894951233
0.1043                    -28.080830389203356
0.104325                  -28.081756629231556
0.10435                   -28.082331624816806
0.104375                  -28.082630018610498
0.1044                    -28.08274036581679
0.104425                  -28.082760731478828
0.10445                   -28.082793832751754
0.10447500000000001       -28.082941972411763
0.10450000000000001       -28.083302015185577
0.104525                  -28.08396065102093
0.10455                   -28.08499017058622
0.104575                  -28.086444949936407
0.1046                    -28.08835880542112
0.104625                  -28.09074333849509
0.10465                   -28.093587344900676
0.104675                  -28.09685731529598
0.1047                    -28.100499006204668
0.10472500000000001       -28.104440012505783
0.10475000000000001       -28.108593226964874
0.10477500000000001       -28.11286103009664
0.1048                    -28.117140016726765
0.104825                  -28.12132603596206
0.10485                   -28.125319300931366
0.104875                  -28.129029315545345
0.10490000000000001       -28.132379369167793
0.104925                  -28.13531036734591
0.10495                   -28.137783797540166
0.10497500000000001       -28.139783671974516
0.10500000000000001       -28.141317343036356
0.10502500000000001       -28.14241514686294
0.10505                   -28.143128893927646
0.105075                  -28.143529287353445
0.1051                    -28.143702406229842
0.105125                  -28.143745438841286
0.10515000000000001       -28.14376188675776
0.105175                  -28.1438564835884
0.1052                    -28.144130081364864
0.10522500000000001       -28.14467475350568
0.10525000000000001       -28.145569347405115
0.10527500000000001       -28.146875693679544
0.1053                    -28.14863564501249
0.105325                  -28.150869077380122
0.10535                   -28.15357294206916
0.105375                  -28.156721409954336
0.10540000000000001       -28.160267101422555
0.105425                  -28.16414334744887
0.10545                   -28.16826738099339
0.10547500000000001       -28.17254431457919
0.10550000000000001       -28.176871721317145
0.10552500000000001       -28.18114460466272
0.10555                   -28.1852605188436
0.105575                  -28.189124589156
0.1056                    -28.192654180860703
0.105625                  -28.195782978307484
0.10565                   -28.198464262422803
0.105675                  -28.20067321401949
0.1057                    -28.202408120628558
0.10572500000000001       -28.203690422784092
0.10575000000000001       -28.204563598186454
0.10577500000000001       -28.20509094476092
0.1058                    -28.20535238214013
0.105825                  -28.20544044176962
0.10585                   -28.205455655687025
0.105875                  -28.205501581098783
0.1059                    -28.205679711324564
0.105925                  -28.206084523694813
0.10595                   -28.20679890262855
0.10597500000000001       -28.207890153042406
0.10600000000000001       -28.209406787424175
0.10602500000000001       -28.211376231388968
0.10605                   -28.213803549257506
0.106075                  -28.2166712448829
0.1061                    -28.219940145126618
0.106125                  -28.223551325428918
0.10615                   -28.227428990189026
0.106175                  -28.23148417661042
0.1062                    -28.235619110899577
0.10622500000000001       -28.239732012055985
0.10625000000000001       -28.243722112921787
0.10627500000000001       -28.247494652631765
0.1063                    -28.250965590843897
0.106325                  -28.254065803367574
0.10635                   -28.256744541501803
0.106375                  -28.25897197303704
0.1064                    -28.260740669870025
0.106425                  -28.262065962897474
0.10645                   -28.26298514580591
0.10647500000000001       -28.263555571542064
0.10650000000000001       -28.263851744485784
0.10652500000000001       -28.263961563808564
0.10655                   -28.263981916017002
0.106575                  -28.26401384503162
0.1066                    -28.26415754519344
0.106625                  -28.26450742623331
0.10665                   -28.265147490295377
0.106675                  -28.266147241051645
0.1067                    -28.267558315646482
0.10672500000000001       -28.269411993671227
0.10675000000000001       -28.27171769553097
0.10677500000000001       -28.274462537195628
0.1068                    -28.277611960992157
0.106825                  -28.281111414212006
0.10685                   -28.284889000244874
0.106875                  -28.288858982141715
0.1069                    -28.292925977550976
0.106925                  -28.296989648656673
0.10695                   -28.300949663028405
0.10697500000000001       -28.304710683155875
0.10700000000000001       -28.30818713569039
0.10702500000000001       -28.31130751742134
0.10705                   -28.314018014438332
0.107075                  -28.316285243496214
0.1071                    -28.318097968975597
0.107125                  -28.319467702617857
0.10715                   -28.320428153109557
0.107175                  -28.32103355467879
0.1072                    -28.32135596400545
0.107225                  -28.32148166899885
0.10725000000000001       -28.32150689801736
0.10727500000000001       -28.32153305144493
0.1073                    -28.321661697806427
0.107325                  -28.321989583469982
0.10735                   -28.32260389906616
0.107375                  -28.323578028385775
0.1074                    -28.324967978485613
0.107425                  -28.326809655006816
0.10745                   -28.32911710624095
0.107475                  -28.33188181505161
0.10750000000000001       -28.33507307095829
0.10752500000000001       -28.338639406930785
0.10755                   -28.34251103806803
0.107575                  -28.34660319373173
0.1076                    -28.350820192408676
0.107625                  -28.35506007133143
0.10765                   -28.35921955263148
0.107675                  -28.363199106553996
0.1077                    -28.36690786194618
0.107725                  -28.37026811639796
0.10775000000000001       -28.37321921398443
0.10777500000000001       -28.375720587567365
0.1078                    -28.37775380403819
0.107825                  -28.3793235026164
0.10785                   -28.38045717526225
0.107875                  -28.381203800607114
0.1079                    -28.381631404385637
0.10792500000000001       -28.38182367608799
0.10795                   -28.38187581985107
0.107975                  -28.3818898547209
0.10800000000000001       -28.38196960362973
0.10802500000000001       -28.38221562112086
0.10805000000000001       -28.38272030740451
0.108075                  -28.383563441923094
0.1081                    -28.38480834496114
0.108125                  -28.386498842929694
0.10815                   -28.38865717378772
0.10817500000000001       -28.391282925494647
0.1082                    -28.394353054070216
0.108225                  -28.39782298022465
0.10825000000000001       -28.401628715952402
0.10827500000000001       -28.40568992629597
0.10830000000000001       -28.40991378813979
0.108325                  -28.41419946903965
0.10835                   -28.418443016591016
0.108375                  -28.422542424680806
0.1084                    -28.426402629109777
0.10842500000000001       -28.429940183206735
0.10845                   -28.43308737532682
0.108475                  -28.435795574872735
0.10850000000000001       -28.438037631034096
0.10852500000000001       -28.439809197048717
0.10855000000000001       -28.44112890966438
0.108575                  -28.442037415017246
0.1086                    -28.442595294260645
0.108625                  -28.44288000083256
0.10865                   -28.442981972461393
0.10867500000000001       -28.4430001218304
0.1087                    -28.443036938188296
0.108725                  -28.443193447133677
0.10875000000000001       -28.443564277385093
0.10877500000000001       -28.444233072524206
0.10880000000000001       -28.44526846403868
0.108825                  -28.446720791416627
0.10885                   -28.448619717577305
0.108875                  -28.450972845495613
0.1089                    -28.453765396232733
0.108925                  -28.456960961259725
0.10895                   -28.460503294345784
0.108975                  -28.464319061730123
0.10900000000000001       -28.468321425231835
0.10902500000000001       -28.47241429296682
0.10905000000000001       -28.47649703822232
0.109075                  -28.480469460721103
0.1091                    -28.484236747933195
0.109125                  -28.487714189002592
0.10915                   -28.4908314015256
0.109175                  -28.493535852392302
0.1092                    -28.495795487788065
0.109225                  -28.49760033279239
0.10925000000000001       -28.498962975317127
0.10927500000000001       -28.499917909033744
0.10930000000000001       -28.500519771524683
0.109325                  -28.500840573055612
0.10935                   -28.5009660642518
0.109375                  -28.500991434346233
0.1094                    -28.501016563234117
0.109425                  -28.501141069054917
0.10945                   -28.501459398214713
0.109475                  -28.502056197357216
0.10950000000000001       -28.503002188178563
0.10952500000000001       -28.50435073796467
0.10955000000000001       -28.506135283284053
0.109575                  -28.508367723327876
0.1096                    -28.511037854730894
0.109625                  -28.51411387291115
0.10965                   -28.517543917462447
0.109675                  -28.521258592286507
0.1097                    -28.52517434638081
0.109725                  -28.52919756006959
0.10975000000000001       -28.533229145737003
0.10977500000000001       -28.53716944371383
0.10980000000000001       -28.54092317484752
0.109825                  -28.544404203261
0.10985                   -28.54753986728873
0.109875                  -28.550274654304495
0.1099                    -28.55257302596439
0.109925                  -28.55442124307668
0.10995                   -28.55582809162438
0.109975                  -28.556824470233124
0.11000000000000001       -28.557461860781075
0.11002500000000001       -28.55780976380394
0.11005000000000001       -28.557952234922425
0.110075                  -28.55798370432129
0.1101                    -28.558004295800448
0.110125                  -28.558114883590346
0.11015                   -28.55841213352429
0.110175                  -28.558983770789045
0.1102                    -28.559904300571116
0.110225                  -28.561231382198713
0.11025000000000001       -28.563003023785036
0.11027500000000001       -28.565235724843838
0.11030000000000001       -28.567923650668487
0.110325                  -28.571038876040458
0.11035                   -28.57453268848982
0.110375                  -28.57833789421404
0.1104                    -28.58237202424515
0.110425                  -28.58654129604968
0.11045                   -28.590745148159375
0.110475                  -28.59488113456411
0.1105                    -28.598849943448755
0.11052500000000001       -28.6025602933371
0.11055000000000001       -28.60593346040499
0.110575                  -28.608907204628174
0.1106                    -28.61143888967398
0.110625                  -28.61350763114138
0.11065                   -28.615115357931987
0.110675                  -28.61628672924056
0.1107                    -28.617067911184655
0.110725                  -28.617524278356377
0.11075                   -28.617737162510156
0.11077500000000001       -28.617799819578025
0.11080000000000001       -28.617812824394203
0.110825                  -28.6178791280874
0.11085                   -28.618099025315942
0.110875                  -28.61856527763884
0.1109                    -28.619358626414396
0.110925                  -28.620543905340167
0.11095000000000001       -28.62216693102421
0.110975                  -28.624252311792798
0.111                     -28.62680227215955
0.11102500000000001       -28.629796544671763
0.11105000000000001       -28.633193333681646
0.11107500000000001       -28.636931308308668
0.1111                    -28.640932535796782
0.111125                  -28.64510622306238
0.11115                   -28.64935309509376
0.111175                  -28.653570205825
0.11120000000000001       -28.657655952127215
0.111225                  -28.661515046587024
0.11125                   -28.66506320148453
0.11127500000000001       -28.668231286042193
0.11130000000000001       -28.67096874202317
0.11132500000000001       -28.673246078568837
0.11135                   -28.675056314164387
0.111375                  -28.676415289161625
0.1114                    -28.677360832887278
0.111425                  -28.677950831023402
0.11145000000000001       -28.678260297554772
0.111475                  -28.67837760733793
0.1115                    -28.678400087142286
0.11152500000000001       -28.67842919267886
0.11155000000000001       -28.678565515569492
0.11157500000000001       -28.678903867365257
0.1116                    -28.67952867843362
0.111625                  -28.68050992928758
0.11165                   -28.68189980259504
0.111675                  -28.68373020767973
0.11170000000000001       -28.686011287737983
0.111725                  -28.688730975002432
0.11175                   -28.691855612238328
0.11177500000000001       -28.695331611660908
0.11180000000000001       -28.699088075963175
0.11182500000000001       -28.70304026205109
0.11185                   -28.70709372785995
0.111875                  -28.71114896802427
0.1119                    -28.715106317097568
0.111925                  -28.718870881397155
0.11195000000000001       -28.722357254135297
0.111975                  -28.725493774613025
0.112                     -28.72822611152642
0.11202500000000001       -28.730519982585385
0.11205000000000001       -28.73236286635279
0.11207500000000001       -28.73376461512452
0.1121                    -28.73475693655277
0.112125                  -28.735391772731447
0.11215                   -28.73573866455892
0.112175                  -28.735881242511233
0.1122                    -28.735913029216036
0.112225                  -28.73593277200419
0.11225                   -28.736039543549808
0.11227500000000001       -28.736327855452238
0.11230000000000001       -28.73688302375088
0.11232500000000001       -28.737777008191273
0.11235                   -28.73906492032457
0.112375                  -28.740782361163348
0.1124                    -28.742943709063393
0.112425                  -28.745541434539682
0.11245                   -28.748546472451384
0.112475                  -28.751909634843837
0.1125                    -28.755564001081623
0.11252500000000001       -28.759428177151378
0.11255000000000001       -28.76341027469425
0.11257500000000001       -28.767412424171805
0.1126                    -28.77133560746318
0.112625                  -28.775084575083483
0.11265                   -28.778572603921454
0.112675                  -28.7817258543664
0.1127                    -28.784487101742453
0.112725                  -28.786818646039535
0.11275                   -28.78870424495375
0.11277500000000001       -28.79014996611135
0.11280000000000001       -28.791183912005547
0.11282500000000001       -28.791854831908914
0.11285                   -28.792229694807073
0.112875                  -28.792390352302142
0.1129                    -28.79242946702124
0.112925                  -28.792445917710193
0.11295                   -28.792539915271757
0.112975                  -28.792808073944833
0.113                     -28.793338678998648
0.11302500000000001       -28.79420737787733
0.11305000000000001       -28.79547349732683
0.11307500000000001       -28.797177156567642
0.1131                    -28.799337307968965
0.113125                  -28.80195079373557
0.11315                   -28.80499246145181
0.113175                  -28.80841633437972
0.1132                    -28.81215778552766
0.113225                  -28.816136619055108
0.11325                   -28.820260920044145
0.11327500000000001       -28.824431495723474
0.11330000000000001       -28.828546699742944
0.11332500000000001       -28.832507408038687
0.11335                   -28.836221902112964
0.113375                  -28.839610414794873
0.1134                    -28.842609105800506
0.113425                  -28.845173259910514
0.11345                   -28.847279538569254
0.113475                  -28.848927164354656
0.1135                    -28.850137974251552
0.11352500000000001       -28.850955338392616
0.11355000000000001       -28.85144200188597
0.11357500000000001       -28.85167696448251
0.1136                    -28.851751562494243
0.113625                  -28.85176495664502
0.11365                   -28.851819256479125
0.113675                  -28.85201452569988
0.1137                    -28.852443913498135
0.113725                  -28.85318914553497
0.11375                   -28.854316586329787
0.113775                  -28.85587405426035
0.11380000000000001       -28.85788853317246
0.11382500000000001       -28.860364882594382
0.11385                   -28.863285603435628
0.113875                  -28.866611669308657
0.1139                    -28.870284386597596
0.113925                  -28.8742282004392
0.11395                   -28.878354320291347
0.113975                  -28.882564999332807
0.114                     -28.88675826835278
0.114025                  -28.890832898982982
0.11405000000000001       -28.894693355038775
0.11407500000000001       -28.89825448609553
0.11410000000000001       -28.901445725488713
0.114125                  -28.904214576211924
0.11415                   -28.906529202273255
0.114175                  -28.908379988478746
0.1142                    -28.909779985834145
0.11422500000000001       -28.91076421942957
0.11425                   -28.91138789687926
0.114275                  -28.911723614056598
0.11430000000000001       -28.911857707175557
0.11432500000000001       -28.91188594304267
0.11435000000000001       -28.9119087702688
0.114375                  -28.912026372166647
0.1144                    -28.912333766790162
0.114425                  -28.912916191820624
0.11445                   -28.91384499317344
0.11447500000000001       -28.91517420810314
0.1145                    -28.916937998192825
0.114525                  -28.919149046858518
0.11455000000000001       -28.921797991644684
0.11457500000000001       -28.924853915205002
0.11460000000000001       -28.928265871864255
0.114625                  -28.931965380391084
0.11465                   -28.93586976947203
0.114675                  -28.93988622189994
0.1147                    -28.943916328393925
0.11472500000000001       -28.947860934129118
0.11475                   -28.95162504238804
0.114775                  -28.955122532016073
0.11480000000000001       -28.9582804499382
0.11482500000000001       -28.961042657583405
0.11485000000000001       -28.96337264049749
0.114875                  -28.96525533251822
0.1149                    -28.966697857423235
0.114925                  -28.967729148829147
0.11495                   -28.968398469575764
0.11497500000000001       -28.968772910865212
0.115                     -28.9689340051768
0.115025                  -28.968973632110064
0.11505000000000001       -28.968989430315123
0.11507500000000001       -28.969079950052624
0.11510000000000001       -28.969339789222147
0.115125                  -28.96985495137919
0.11515                   -28.97069864853169
0.115175                  -28.9719277460502
0.1152                    -28.97358001375041
0.11522500000000001       -28.975672308033985
0.11525                   -28.97819976669777
0.115275                  -28.981136052255092
0.11530000000000001       -28.98443463280497
0.11532500000000001       -28.988031043005343
0.11535000000000001       -28.991846022946845
0.115375                  -28.995789391199022
0.1154                    -28.99976447170465
0.115425                  -29.003672864387614
0.11545                   -29.007419328246385
0.115475                  -29.01091653515255
0.1155                    -29.014089454047777
0.115525                  -29.01687913961939
0.11555000000000001       -29.019245726886904
0.11557500000000001       -29.02117047250848
0.11560000000000001       -29.022656733040538
0.115625                  -29.02372982693915
0.11565                   -29.0244357871629
0.115675                  -29.02483907085012
0.1157                    -29.02501934777691
0.115725                  -29.025067536674168
0.11575                   -29.025081295280867
0.115775                  -29.025160194498486
0.11580000000000001       -29.025400818487466
0.11582500000000001       -29.025892031276115
0.11585000000000001       -29.026710637481138
0.115875                  -29.027917641650753
0.1159                    -29.029555279396707
0.115925                  -29.031644955794942
0.11595                   -29.034186184315796
0.115975                  -29.037156574422703
0.116                     -29.040512869409646
0.116025                  -29.044192989383948
0.11605000000000001       -29.04811898889711
0.11607500000000001       -29.052200796044602
0.11610000000000001       -29.0563405615401
0.116125                  -29.060437414152783
0.11615                   -29.06439239492944
0.116175                  -29.068113328715356
0.1162                    -29.071519389284628
0.116225                  -29.074545125007504
0.11625                   -29.077143735755676
0.116275                  -29.079289428041353
0.11630000000000001       -29.080978722513056
0.11632500000000001       -29.08223064320528
0.11635000000000001       -29.083085777878253
0.116375                  -29.083604259435273
0.1164                    -29.083862775743512
0.116425                  -29.083950765523237
0.11645                   -29.083965998320018
0.116475                  -29.08400976488714
0.1165                    -29.084181919584108
0.116525                  -29.084576018657717
0.11655000000000001       -29.085274788385508
0.11657500000000001       -29.086346136515026
0.11660000000000001       -29.087839891066437
0.116625                  -29.089785414329263
0.11665                   -29.09219019865062
0.116675                  -29.095039506078912
0.1167                    -29.098297067596803
0.116725                  -29.10190681091261
0.11675                   -29.105795539904985
0.116775                  -29.109876445227677
0.11680000000000001       -29.11405328583922
0.11682500000000001       -29.11822504708137
0.11685000000000001       -29.12229085429674
0.116875                  -29.12615490378024
0.1169                    -29.129731166846334
0.116925                  -29.132947629273673
0.11695                   -29.13574984797005
0.116975                  -29.13810363907885
0.117                     -29.13999675558102
0.117025                  -29.14143946536329
0.11705                   -29.14246399947845
0.11707500000000001       -29.143122901084865
0.11710000000000001       -29.143486364280506
0.117125                  -29.143638704908675
0.11715                   -29.143674149161924
0.117175                  -29.1436921580759
0.1172                    -29.14379252544282
0.117225                  -29.144070492981683
0.11725000000000001       -29.14461212039249
0.117275                  -29.1454901305093
0.1173                    -29.146760422909928
0.11732500000000001       -29.148459414982252
0.11735000000000001       -29.150602329515994
0.11737500000000001       -29.15318250416376
0.1174                    -29.15617175218212
0.117425                  -29.159521757147417
0.11745                   -29.163166438190938
0.117475                  -29.16702517809543
0.11750000000000001       -29.17100676584955
0.117525                  -29.17501386965826
0.11755                   -29.17894782780194
0.11757500000000001       -29.182713525028788
0.11760000000000001       -29.18622411312905
0.11762500000000001       -29.18940533738764
0.11765                   -29.192199246532855
0.117675                  -29.194567092533752
0.1177                    -29.196491267092245
0.117725                  -29.1979761718479
0.11775000000000001       -29.19904797617473
0.117775                  -29.199753276347717
0.1178                    -29.20015672883157
0.11782500000000001       -29.200337784627713
0.11785000000000001       -29.200386697618946
0.11787500000000001       -29.20040001507772
0.1179                    -29.200475781337115
0.117925                  -29.20070869547663
0.11795                   -29.201185461103837
0.117975                  -29.201980552030342
0.11800000000000001       -29.203152593465337
0.118025                  -29.20474152615725
0.11805                   -29.206766682617108
0.11807500000000001       -29.20922586195861
0.11810000000000001       -29.212095444617354
0.11812500000000001       -29.21533154172803
0.11815                   -29.21887212761584
0.118175                  -29.22264005907865
0.1182                    -29.226546843392587
0.118225                  -29.23049697992751
0.11825000000000001       -29.23439266974127
0.118275                  -29.238138665444538
0.1183                    -29.241647021823013
0.11832500000000001       -29.244841507692602
0.11835000000000001       -29.247661452204298
0.11837500000000001       -29.250064824464985
0.1184                    -29.252030383085092
0.118425                  -29.253558780262786
0.11845                   -29.254672560478046
0.118475                  -29.255415053281048
0.11850000000000001       -29.255848219103914
0.118525                  -29.256049562585936
0.11855                   -29.256108276057354
0.11857500000000001       -29.256120813778107
0.11860000000000001       -29.25618612342437
0.11862500000000001       -29.25640077433302
0.11865                   -29.25685422229895
0.118675                  -29.257624439220685
0.1187                    -29.258774114119213
0.118725                  -29.260347601834653
0.11875                   -29.262368758936898
0.118775                  -29.264839764885583
0.1188                    -29.26774098188657
0.11882500000000001       -29.271031860687792
0.11885000000000001       -29.274652853094445
0.11887500000000001       -29.278528246610236
0.1189                    -29.28256979376933
0.118925                  -29.286680970026467
0.11895                   -29.29076166132254
0.118975                  -29.294713057567368
0.119                     -29.298442513189013
0.119025                  -29.301868132261784
0.11905                   -29.304922844721524
0.11907500000000001       -29.307557762240393
0.11910000000000001       -29.309744636951265
0.11912500000000001       -29.311477291834073
0.11915                   -29.312771945648155
0.119175                  -29.313666414446008
0.1192                    -29.314218232050738
0.119225                  -29.31450178942044
0.11925                   -29.314604643839253
0.119275                  -29.31462319030227
0.1193                    -29.314657917142103
0.11932500000000001       -29.31480848475763
0.11935000000000001       -29.31516887014265
0.11937500000000001       -29.31582281153892
0.1194                    -29.316839768362218
0.119425                  -29.318271583364606
0.11945                   -29.32014999872965
0.119475                  -29.32248513732782
0.1195                    -29.32526501639795
0.119525                  -29.328456114988356
0.11955                   -29.332004969961343
0.11957500000000001       -29.335840729559113
0.11960000000000001       -29.339878549828704
0.11962500000000001       -29.344023679140413
0.11965                   -29.348176041331115
0.119675                  -29.352235100542444
0.1197                    -29.35610477252377
0.119725                  -29.359698139795473
0.11975                   -29.36294173297867
0.119775                  -29.365779158490035
0.1198                    -29.368173883485085
0.11982500000000001       -29.37011103120286
0.11985000000000001       -29.371598091483403
0.11987500000000001       -29.37266450907028
0.1199                    -29.373360172624892
0.119925                  -29.37375288616486
0.11995                   -29.373924958047738
0.119975                  -29.37396908734413
0.12                      -29.373983761008144
0.120025                  -29.374068396194048
0.12005                   -29.37431846995606
0.12007500000000002       -29.374820873904362
0.12010000000000001       -29.375649715401664
0.12012500000000001       -29.376862761269265
0.12015                   -29.378498686647646
0.120175                  -29.380575252546425
0.1202                    -29.38308849251413
0.120225                  -29.3860129433632
0.12025                   -29.389302908437752
0.120275                  -29.392894695862473
0.1203                    -29.396709729931032
0.120325                  -29.400658392768445
0.12035000000000001       -29.40464441729311
0.12037500000000001       -29.408569623132323
0.12040000000000001       -29.4123387663989
0.120425                  -29.415864263903664
0.12045                   -29.419070553913087
0.120475                  -29.421897869828978
0.1205                    -29.424305230217193
0.12052500000000001       -29.42627248751751
0.12055                   -29.42780132658236
0.120575                  -29.428915160050103
0.12060000000000001       -29.42965792689883
0.12062500000000001       -29.430091859437752
0.12065000000000001       -29.43029433860348
0.120675                  -29.43035400430037
0.1207                    -29.43036632396774
0.120725                  -29.43042884684077
0.12075                   -29.430636382783746
0.12077500000000001       -29.431076343356178
0.1208                    -29.431824469941095
0.120825                  -29.432941150875042
0.12085000000000001       -29.43446849841092
0.12087500000000001       -29.436428318920992
0.12090000000000001       -29.438821067819738
0.120925                  -29.44162583589734
0.12095                   -29.44480136758244
0.120975                  -29.44828806547268
0.121                     -29.4520108906587
0.12102500000000001       -29.45588302639195
0.12105                   -29.459810135144494
0.121075                  -29.463695007880837
0.12110000000000001       -29.467442381305545
0.12112500000000001       -29.470963685801163
0.12115000000000001       -29.474181485287723
0.121175                  -29.477033381344558
0.1212                    -29.479475177896767
0.121225                  -29.481483138893264
0.12125                   -29.483055217984997
0.12127500000000001       -29.48421119358713
0.1213                    -29.484991701460146
0.121325                  -29.48545621621653
0.12135000000000001       -29.485680089043367
0.12137500000000001       -29.485750797864398
0.12140000000000001       -29.48576360526548
0.121425                  -29.485816846812433
0.12145                   -29.486007086951055
0.121475                  -29.48642438152408
0.1215                    -29.48714787591722
0.12152500000000001       -29.488241947398564
0.12155                   -29.489753071121925
0.121575                  -29.491707553413256
0.12160000000000001       -29.49411023517169
0.12162500000000001       -29.496944224153285
0.12165000000000001       -29.500171669053362
0.121675                  -29.5037355420278
0.1217                    -29.507562350936936
0.121725                  -29.51156565958152
0.12175                   -29.515650255113496
0.12177500000000001       -29.519716768417016
0.1218                    -29.52366652747383
0.121825                  -29.527406407457143
0.12185000000000001       -29.530853436238985
0.12187500000000001       -29.533938921386287
0.12190000000000001       -29.536611885088284
0.121925                  -29.53884162641224
0.12195                   -29.540619274409345
0.121975                  -29.541958248467218
0.122                     -29.54289360066759
0.122025                  -29.543480274947882
0.12205                   -29.54379037560205
0.122075                  -29.54390958934553
0.12210000000000001       -29.54393294766975
0.12212500000000001       -29.543960147259693
0.12215000000000001       -29.54409066459656
0.122175                  -29.544418906286086
0.1222                    -29.54502962979887
0.122225                  -29.545993851509714
0.12225                   -29.54736543192146
0.122275                  -29.549178493663277
0.1223                    -29.551445788144367
0.122325                  -29.55415808334721
0.12235000000000001       -29.55728459969936
0.12237500000000001       -29.56077447465421
0.12240000000000001       -29.56455919086109
0.122425                  -29.568555858979956
0.12245                   -29.572671205802365
0.122475                  -29.57680608307156
0.1225                    -29.580860284105487
0.122525                  -29.58473743592893
0.12254999999999999       -29.588349725894886
0.12257500000000002       -29.59162222513079
0.12260000000000001       -29.594496587362098
0.12262500000000001       -29.59693393066975
0.12265000000000001       -29.598916750452876
0.122675                  -29.600449762192945
0.1227                    -29.601559629541995
0.122725                  -29.602293593121196
0.12275                   -29.602717074253103
0.122775                  -29.602910381800438
0.12279999999999999       -29.602964695975437
0.12282500000000002       -29.602977537844684
0.12285000000000001       -29.603047955698955
0.12287500000000001       -29.603271668930695
0.12290000000000001       -29.603736406950162
0.122925                  -29.60451766611183
0.12295                   -29.605675083254877
0.122975                  -29.60724959217285
0.123                     -29.609261491036918
0.123025                  -29.611709506307925
0.12304999999999999       -29.614570893605663
0.12307500000000002       -29.61780256981236
0.12310000000000001       -29.621343224726285
0.12312500000000001       -29.62511631621236
0.12315000000000001       -29.629033811484504
0.123175                  -29.633000500531526
0.1232                    -29.636918677558967
0.123225                  -29.64069296454118
0.12325                   -29.644235039357817
0.123275                  -29.647468031022267
0.12329999999999999       -29.650330357137598
0.12332500000000002       -29.652778804092694
0.12335000000000002       -29.654790687837416
0.12337500000000001       -29.65636498053925
0.12340000000000001       -29.657522343278373
0.123425                  -29.658304063716628
0.12345                   -29.658769956515627
0.123475                  -29.65899533930992
0.1235                    -29.65906724477462
0.123525                  -29.659080066984792
0.12355                   -29.659130865998446
0.12357500000000002       -29.659314567569538
0.12360000000000002       -29.659719295237792
0.12362500000000001       -29.66042206066872
0.12365000000000001       -29.661485016519006
0.12367500000000001       -29.662952446081448
0.1237                    -29.664848627412752
0.123725                  -29.66717666838646
0.12375                   -29.669918364800367
0.123775                  -29.673035087795554
0.1238                    -29.676469660795167
0.12382500000000002       -29.680149141312473
0.12385000000000002       -29.6839883807627
0.12387500000000001       -29.687894197448234
0.12390000000000001       -29.69176996594863
0.12392500000000001       -29.695520402114983
0.12395                   -29.699056308584588
0.123975                  -29.702299042787903
0.124                     -29.705184478911846
0.124025                  -29.707666257568775
0.12405                   -29.70971815143504
0.12407500000000002       -29.7113354202922
0.12410000000000002       -29.712535082191277
0.12412500000000001       -29.71335508554774
0.12415000000000001       -29.713852426066314
0.12417500000000001       -29.71410030859381
0.1242                    -29.714184503702047
0.124225                  -29.714199089048495
0.12425                   -29.71424179427502
0.124275                  -29.714409184312327
0.1243                    -29.71479191936826
0.12432500000000002       -29.71547032133953
0.12435000000000002       -29.71651045726741
0.12437500000000001       -29.71796092249547
0.12440000000000001       -29.719850471254013
0.12442500000000001       -29.722186602318395
0.12445                   -29.72495516384285
0.124475                  -29.728120995961426
0.1245                    -29.731629583647347
0.124525                  -29.735409646970474
0.12455                   -29.73937655269619
0.12457499999999999       -29.74343639168601
0.12460000000000002       -29.747490532534663
0.12462500000000001       -29.751440435193718
0.12465000000000001       -29.755192490893187
0.12467500000000001       -29.75866264820217
0.1247                    -29.761780590867154
0.124725                  -29.764493251750324
0.12475                   -29.766767478490554
0.124775                  -29.76859170914365
0.1248                    -29.769976567735995
0.12482499999999999       -29.77095434723592
0.12485000000000002       -29.771577407172654
0.12487500000000001       -29.771915571057544
0.12490000000000001       -29.772052661116373
0.12492500000000001       -29.772082351410674
0.12495                   -29.772103552839347
0.124975                  -29.772215563398674
0.125                     -29.772513224084246
0.125025                  -29.77308231549003
0.12505                   -29.77399541374465
0.125075                  -29.77530839861279
0.12510000000000002       -29.777057773267956
0.12512500000000001       -29.77925891629255
0.12515                   -29.78190534362369
0.125175                  -29.784969012996232
0.1252                    -29.78840165733628
0.125225                  -29.792137087851867
0.12525                   -29.796094363607807
0.125275                  -29.800181683640574
0.1253                    -29.80430082183087
0.125325                  -29.808351895637767
0.12535000000000002       -29.81223823930915
0.12537500000000001       -29.815871142116745
0.1254                    -29.819174213976112
0.125425                  -29.822087155366365
0.12545                   -29.824568735797357
0.125475                  -29.826598824238392
0.1255                    -29.828179363955364
0.125525                  -29.829334240211423
0.12555                   -29.830108048692274
0.125575                  -29.830563831396717
0.12560000000000002       -29.830779901214406
0.12562500000000001       -29.830845923066178
0.12565                   -29.830858455636893
0.125675                  -29.830916181680692
0.1257                    -29.831115065941283
0.125725                  -29.831543678177947
0.12575                   -29.83227890566589
0.125775                  -29.833382256426113
0.1258                    -29.83489692319062
0.125825                  -29.836845740638218
0.12585000000000002       -29.839230126557872
0.12587500000000001       -29.842030052951163
0.1259                    -29.845205047139913
0.125925                  -29.84869617706153
0.12595                   -29.852428930465784
0.125975                  -29.85631685611956
0.126                     -29.86026579798466
0.126025                  -29.864178522428702
0.12605                   -29.867959515724557
0.126075                  -29.871519716196353
0.12610000000000002       -29.874780943914327
0.12612500000000001       -29.877679801841378
0.12615                   -29.88017084604866
0.126175                  -29.88222885837108
0.1262                    -29.883850100986976
0.126225                  -29.885052486254203
0.12625                   -29.885874653344075
0.126275                  -29.88637400197398
0.1263                    -29.886623788980774
0.126325                  -29.886709442064472
0.12635000000000002       -29.886724283899934
0.12637500000000002       -29.886764886999035
0.1264                    -29.886926294247445
0.126425                  -29.88729734194552
0.12645                   -29.88795631227582
0.126475                  -29.888967121820546
0.1265                    -29.890376223823544
0.126525                  -29.89221036621597
0.12655                   -29.894475306827477
0.126575                  -29.897155543361748
0.12660000000000002       -29.90021507013425
0.12662500000000002       -29.903599127641264
0.12665                   -29.90723686611549
0.126675                  -29.911044801760276
0.1267                    -29.91493090592347
0.126725                  -29.91879913482346
0.12675                   -29.922554182438283
0.126775                  -29.926106223659232
0.1268                    -29.929375410417947
0.126825                  -29.932295891382342
0.12685000000000002       -29.93481914643688
0.12687500000000002       -29.93691646007359
0.1269                    -29.938580401579692
0.126925                  -29.93982523210436
0.12695                   -29.94068621610306
0.126975                  -29.94121787356017
0.127                     -29.941491265894275
0.127025                  -29.941590458916593
0.12705                   -29.94160834759868
0.127075                  -29.941642057524845
0.12710000000000002       -29.9417881555615
0.12712500000000002       -29.94213790725878
0.12715                   -29.942772811453167
0.127175                  -29.943760624758177
0.1272                    -29.945152061804986
0.127225                  -29.94697832308281
0.12725                   -29.94924956285999
0.127275                  -29.95195436663449
0.1273                    -29.955060262386013
0.127325                  -29.958515243967167
0.12735000000000002       -29.962250239614193
0.12737500000000002       -29.96618241517073
0.1274                    -29.97021916173427
0.127425                  -29.974262582769413
0.12745                   -29.97821426814934
0.127475                  -29.98198012398666
0.1275                    -29.985475019245232
0.127525                  -29.988627014340988
0.12755                   -29.991380953951033
0.127575                  -29.993701235904243
0.12760000000000002       -29.995573609172364
0.12762500000000002       -29.997005904459428
0.12765                   -29.998027657658714
0.127675                  -29.998688645847533
0.1277                    -29.99905641359267
0.127725                  -29.999212920348462
0.12775                   -29.999250484360523
0.127775                  -29.999267232265254
0.1278                    -29.999362285002668
0.127825                  -29.999630919258426
0.12785                   -30.00015993985791
0.12787500000000002       -30.0010234835127
0.1279                    -30.002279449704833
0.127925                  -30.003966722150878
0.12795                   -30.00610330609676
0.127975                  -30.008685464412544
0.128                     -30.011687890660383
0.128025                  -30.015064911411294
0.12805                   -30.01875266441395
0.128075                  -30.022672155114748
0.1281                    -30.02673305295435
0.12812500000000002       -30.030838052456396
0.12815000000000001       -30.03488759418808
0.128175                  -30.038784719099368
0.1282                    -30.04243981835032
0.128225                  -30.045775041017208
0.12825                   -30.048728134970354
0.128275                  -30.051255521886922
0.1283                    -30.05333444498355
0.128325                  -30.054964075792498
0.12835                   -30.05616552138941
0.12837500000000002       -30.056980732418637
0.12840000000000001       -30.057470371172865
0.128425                  -30.057710753986676
0.12845                   -30.057790029810914
0.128475                  -30.0578037942803
0.1285                    -30.057850364042885
0.128525                  -30.05802594877823
0.12855                   -30.058419958347358
0.128575                  -30.059110670842564
0.1286                    -30.06016146545462
0.12862500000000002       -30.061617793871164
0.12865000000000001       -30.06350502727162
0.128675                  -30.065827274715012
0.1287                    -30.068567224486856
0.128725                  -30.07168701426412
0.12875                   -30.075130090140846
0.128775                  -30.07882396998076
0.1288                    -30.082683784653838
0.128825                  -30.08661643305168
0.12885                   -30.09052515510785
0.12887500000000002       -30.094314303224397
0.12890000000000001       -30.097894078340683
0.128925                  -30.101184993947374
0.12895                   -30.10412184073207
0.128975                  -30.10665694660361
0.129                     -30.108762561027262
0.129025                  -30.110432237364982
0.12905                   -30.111681139750534
0.129075                  -30.112545258659253
0.1291                    -30.1130795779994
0.12912500000000002       -30.11335529239217
0.12915000000000001       -30.113456222740137
0.129175                  -30.11347461825702
0.1292                    -30.11350656176719
0.129225                  -30.113647211196344
0.12925                   -30.113986113653304
0.129275                  -30.11460282007219
0.1293                    -30.115563009392954
0.129325                  -30.11691530342965
0.12935                   -30.118688918778584
0.12937500000000002       -30.120892262185016
0.12940000000000002       -30.123512532409368
0.129425                  -30.126516346336814
0.12945                   -30.129851361256637
0.129475                  -30.133448820260327
0.1295                    -30.137226904989248
0.129525                  -30.141094741062467
0.12955                   -30.14495686815802
0.129575                  -30.148717960754546
0.1296                    -30.152287568814465
0.12962500000000002       -30.15558464185972
0.12965000000000002       -30.15854160618304
0.129675                  -30.161107783901315
0.1297                    -30.163251973869873
0.129725                  -30.164964056826243
0.12975                   -30.16625553823175
0.129775                  -30.167158999015342
0.1298                    -30.167726483123968
0.129825                  -30.168026907580312
0.12985                   -30.16814263196739
0.12987500000000002       -30.168165366778442
0.12990000000000002       -30.168191631595818
0.129925                  -30.168317993272957
0.12995                   -30.16863632085613
0.129975                  -30.169229288438466
0.13                      -30.170166340704117
0.130025                  -30.171500310240877
0.13005                   -30.173264842612994
0.130075                  -30.175472746527486
0.1301                    -30.17811534390391
0.13012500000000002       -30.181162849808757
0.13015000000000002       -30.18456576643722
0.130175                  -30.188257229954566
0.1302                    -30.19215620542427
0.130225                  -30.196171384761353
0.13025                   -30.200205607344483
0.130275                  -30.204160594443433
0.1303                    -30.20794176886564
0.130325                  -30.211462921967318
0.13035                   -30.214650492820642
0.13037500000000002       -30.217447239677252
0.13040000000000002       -30.21981511188089
0.130425                  -30.221737170040818
0.13045                   -30.2232184515527
0.130475                  -30.2242857345168
0.1305                    -30.224986212168226
0.130525                  -30.225385148200875
0.13055                   -30.225562637019976
0.130575                  -30.225609638644094
0.1306                    -30.225623493115688
0.13062500000000002       -30.225703142250516
0.13065000000000002       -30.225944296754825
0.130675                  -30.226434784491257
0.1307                    -30.22725030205548
0.130725                  -30.228450768417282
0.13075                   -30.230077448020793
0.130775                  -30.232150973309352
0.1308                    -30.234670354912367
0.130825                  -30.237613023300916
0.13085                   -30.240935900014247
0.13087500000000002       -30.244577450911795
0.13090000000000002       -30.248460629650143
0.130925                  -30.252496578161924
0.13095                   -30.256588913932344
0.130975                  -30.260638403113923
0.131                     -30.26454779587059
0.131025                  -30.26822658762442
0.13105                   -30.271595468639042
0.131075                  -30.274590235633973
0.1311                    -30.277164963137643
0.131125                  -30.279294268365188
0.13115000000000002       -30.28097454984851
0.131175                  -30.282224134196657
0.1312                    -30.283082323823134
0.131225                  -30.283607397404566
0.13125                   -30.283873670347234
0.131275                  -30.283967771090946
0.1313                    -30.283984327811808
0.131325                  -30.284021287049715
0.13135                   -30.284175100046827
0.131375                  -30.2845360141771
0.13140000000000002       -30.285183696630718
0.13142500000000001       -30.286183396939652
0.13145                   -30.287582825780838
0.131475                  -30.289409891670637
0.1315                    -30.291671396504793
0.131525                  -30.294352747079056
0.13155                   -30.297418694249156
0.131575                  -30.300815065632598
0.1316                    -30.304471413062245
0.131625                  -30.3083044537857
0.13165000000000002       -30.312222146219874
0.13167500000000001       -30.316128208639892
0.1317                    -30.31992686434315
0.131725                  -30.323527581405607
0.13175                   -30.326849570747182
0.131775                  -30.329825813999868
0.1318                    -30.332406413085067
0.131825                  -30.334561086025694
0.13185                   -30.336280676925934
0.131875                  -30.33757759986621
0.13190000000000002       -30.338485193499373
0.13192500000000001       -30.33905602169513
0.13195                   -30.339359211805448
0.131975                  -30.339476972391417
0.132                     -30.339500473524758
0.132025                  -30.339525302863688
0.13205                   -30.339646728392395
0.132075                  -30.339955003774428
0.1321                    -30.340530945327025
0.132125                  -30.341441991951207
0.13215000000000002       -30.342738932632667
0.13217500000000001       -30.344453452215205
0.1322                    -30.346596606879825
0.132225                  -30.349158297847296
0.13225                   -30.352107766802977
0.132275                  -30.35539509082912
0.1323                    -30.358953609581
0.132325                  -30.36270317446515
0.13235                   -30.36655407020596
0.132375                  -30.370411425122526
0.13240000000000002       -30.37417989951259
0.13242500000000001       -30.377768423606916
0.13245                   -30.38109474930039
0.132475                  -30.384089584573147
0.1325                    -30.386700096829614
0.132525                  -30.38889260109983
0.13255                   -30.39065428998443
0.132575                  -30.391993912220553
0.1326                    -30.392941362789053
0.132625                  -30.393546205967525
0.13265000000000002       -30.393875209808794
0.13267500000000002       -30.39400902248415
0.1327                    -30.39403816457691
0.132725                  -30.394058544341593
0.13275                   -30.394166723712313
0.132775                  -30.39445517099519
0.1328                    -30.395007732148954
0.132825                  -30.395895537481664
0.13285                   -30.397173536067456
0.132875                  -30.398877818033377
0.13290000000000002       -30.401023846919614
0.13292500000000002       -30.403605682301247
0.13295                   -30.40659622833275
0.132975                  -30.409948498247523
0.133                     -30.413597839452695
0.133025                  -30.417465020070672
0.13305                   -30.421460037081758
0.133075                  -30.42548647027892
0.1331                    -30.42944617687944
0.133125                  -30.433244100740833
0.13315000000000002       -30.43679295949135
0.13317500000000002       -30.44001757397195
0.1332                    -30.4428586180795
0.133225                  -30.4452755934772
0.13325                   -30.44724887180726
0.133275                  -30.448780695105935
0.1333                    -30.449895080263822
0.133325                  -30.4506366320885
0.13335                   -30.451068327943524
0.133375                  -30.451268391222364
0.13340000000000002       -30.451326417649064
0.13342500000000002       -30.451338954894254
0.13345                   -30.451404760513636
0.133475                  -30.45161997502316
0.1335                    -30.452073446233896
0.133525                  -30.45284242876636
0.13355                   -30.453988860473544
0.133575                  -30.4555563871357
0.1336                    -30.457568270126036
0.133625                  -30.46002627057201
0.13365000000000002       -30.462910559467495
0.13367500000000002       -30.46618065767255
0.1337                    -30.469777364107497
0.133725                  -30.473625586035155
0.13375                   -30.477637943549766
0.133775                  -30.481718982838405
0.1338                    -30.485769801209383
0.133825                  -30.489692863164105
0.13385                   -30.493396772759645
0.133875                  -30.49680076475989
0.13390000000000002       -30.49983868669922
0.13392500000000002       -30.502462266344157
0.13395                   -30.504643493572946
0.133975                  -30.50637599082981
0.134                     -30.507675299517597
0.134025                  -30.50857806765553
0.13405                   -30.509140183059408
0.134075                  -30.509433952308697
0.1341                    -30.509544475253804
0.134125                  -30.509565404831722
0.13415000000000002       -30.509594310432362
0.13417500000000002       -30.509727878927762
0.1342                    -30.51005719065929
0.134225                  -30.510663298932904
0.13425                   -30.51161332228049
0.134275                  -30.512957230658657
0.1343                    -30.51472547176568
0.134325                  -30.51692754360804
0.13435                   -30.519551576037706
0.134375                  -30.522564938730202
0.1344                    -30.525915847369774
0.13442500000000002       -30.529535894993522
0.13445000000000001       -30.53334339291864
0.134475                  -30.537247366969147
0.1345                    -30.541152021529278
0.134525                  -30.544961458105533
0.13455                   -30.54858441840613
0.134575                  -30.551938816089034
0.1346                    -30.55495582750826
0.134625                  -30.557583330558383
0.13465                   -30.55978851177022
0.13467500000000002       -30.561559503857964
0.13470000000000001       -30.56290596670079
0.134725                  -30.563858581174813
0.13475                   -30.564467483689857
0.134775                  -30.564799725882118
0.1348                    -30.564935895005707
0.134825                  -30.564966073032416
0.13485                   -30.564985344006807
0.134875                  -30.56508907847614
0.1349                    -30.5653682304686
0.13492500000000002       -30.565904877049906
0.13495000000000001       -30.566768214148322
0.134975                  -30.56801119673766
0.135                     -30.569667978445473
0.135025                  -30.571752267052787
0.13505                   -30.574256669897494
0.135075                  -30.577153058447895
0.1351                    -30.580393935696613
0.135125                  -30.58391474489887
0.13515                   -30.58763701493586
0.13517500000000002       -30.591472197738963
0.13520000000000001       -30.595326018440815
0.135225                  -30.5991031310419
0.13525                   -30.602711853248014
0.135275                  -30.60606874546025
0.1353                    -30.609102802029703
0.135325                  -30.611759038560603
0.13535                   -30.614001287166897
0.135375                  -30.615814051107378
0.1354                    -30.617203319105947
0.13542500000000002       -30.618196294999898
0.13545000000000001       -30.618840056611095
0.135475                  -30.619199215073213
0.1355                    -30.6193526985367
0.135525                  -30.61938982893945
0.13555                   -30.619405894864478
0.135575                  -30.61949744583736
0.1356                    -30.619757543165655
0.135625                  -30.62027119991808
0.13565                   -30.621111228936883
0.13567500000000002       -30.622334694419916
0.13570000000000002       -30.623980131395506
0.135725                  -30.626065660183013
0.13575                   -30.628588081423935
0.135775                  -30.631522993059793
0.1358                    -30.634825925147382
0.135825                  -30.638434442981996
0.13585                   -30.642271125001184
0.135875                  -30.64624728083398
0.1359                    -30.65026723827968
0.13592500000000002       -30.654232997749823
0.13595000000000002       -30.658049030672917
0.135975                  -30.66162698635569
0.136                     -30.664890071329847
0.136025                  -30.667776877258028
0.13605                   -30.670244458213162
0.136075                  -30.672270494822346
0.1361                    -30.67385442961085
0.136125                  -30.675017512191562
0.13615                   -30.675801751291477
0.13617500000000002       -30.676267829157517
0.13620000000000002       -30.676492088786915
0.136225                  -30.67656275219833
0.13625                   -30.676575565813646
0.136275                  -30.67662909508991
0.1363                    -30.676819903965868
0.136325                  -30.677237855565828
0.13635                   -30.67796175983019
0.136375                  -30.679055572782087
0.1364                    -30.680565322775728
0.13642500000000002       -30.68251690317958
0.13645000000000002       -30.684914830327415
0.136475                  -30.68774202185917
0.1365                    -30.6909606052357
0.136525                  -30.694513720592536
0.13655                   -30.698328237520883
0.136575                  -30.70231826323347
0.1366                    -30.70638928144762
0.136625                  -30.710442728935497
0.13665                   -30.714380791911037
0.13667500000000002       -30.718111189092227
0.13670000000000002       -30.721551704026723
0.136725                  -30.72463423726782
0.13675                   -30.72730816970019
0.136775                  -30.729542861302544
0.1368                    -30.73132915345886
0.136825                  -30.73267979517876
0.13685                   -30.73362877103955
0.136875                  -30.734229567577852
0.1369                    -30.734552471346444
0.13692500000000002       -30.734681042265954
0.13695000000000002       -30.734707947194583
0.136975                  -30.73473036862554
0.137                     -30.734845220909385
0.137025                  -30.735144411182848
0.13705                   -30.73571037492648
0.137075                  -30.736612098080776
0.1371                    -30.73790181063846
0.137125                  -30.739612502479044
0.13715                   -30.741756372776106
0.13717500000000002       -30.744324281304518
0.13720000000000002       -30.747286224944645
0.137225                  -30.750592817023534
0.13725                   -30.75417770219056
0.137275                  -30.757960796682134
0.1373                    -30.76185220459804
0.137325                  -30.765756626867283
0.13735                   -30.76957805273519
0.137375                  -30.773224505689605
0.1374                    -30.77661260843807
0.13742500000000002       -30.779671736135327
0.13745000000000002       -30.7823475441918
0.137475                  -30.784604686478993
0.1375                    -30.786428580427327
0.137525                  -30.787826125250408
0.13755                   -30.788825335340068
0.137575                  -30.78947390917532
0.1376                    -30.789836811039994
0.137625                  -30.789992994747415
0.13765                   -30.790031442225
0.137675                  -30.790046722801033
0.13770000000000002       -30.790134299898156
0.13772500000000001       -30.790385820096375
0.13775                   -30.790884615599673
0.137775                  -30.791701636146055
0.1378                    -30.792892001932735
0.137825                  -30.794492337005238
0.13785                   -30.796519004630184
0.137875                  -30.798967324178804
0.1379                    -30.80181180457192
0.137925                  -30.805007383813493
0.13795000000000002       -30.808491618929917
0.13797500000000001       -30.812187727120268
0.138                     -30.81600833860322
0.138025                  -30.81985978617402
0.13805                   -30.823646727660158
0.138075                  -30.82727687714064
0.1381                    -30.830665610711243
0.138125                  -30.833740214140665
0.13815                   -30.83644355379468
0.138175                  -30.838736978731166
0.13820000000000002       -30.840602299964996
0.13822500000000001       -30.842042740657124
0.13825                   -30.843082805595422
0.138275                  -30.843767076336555
0.1383                    -30.84415799596318
0.138325                  -30.844332760814524
0.13835                   -30.844379482427602
0.138375                  -30.844392818662456
0.1384                    -30.844469296885006
0.138425                  -30.84470256344011
0.13845000000000002       -30.84517879268319
0.13847500000000001       -30.845972476521204
0.1385                    -30.847142793237108
0.138525                  -30.848730724109114
0.13855                   -30.850757049827536
0.138575                  -30.85322131771249
0.1386                    -30.856101826842227
0.138625                  -30.85935663285504
0.13865                   -30.86292552873319
0.138675                  -30.866732913666336
0.13870000000000002       -30.87069142057089
0.13872500000000001       -30.874706135625427
0.13875                   -30.87867921205241
0.138775                  -30.882514657213406
0.1388                    -30.88612305871917
0.138825                  -30.88942601324854
0.13885                   -30.892360032170867
0.138875                  -30.894879721172444
0.1389                    -30.896960066266143
0.138925                  -30.89859770417649
0.13895000000000002       -30.899811108552665
0.13897500000000002       -30.900639681422497
0.139                     -30.90114179796709
0.139025                  -30.901391908202008
0.13905                   -30.901476847951265
0.139075                  -30.90149155070833
0.1391                    -30.901534379603525
0.139125                  -30.90170231375081
0.13915                   -30.902086225708647
0.139175                  -30.902766477461945
0.13920000000000002       -30.903809042617244
0.13922500000000002       -30.905262334153317
0.13925                   -30.90715488195556
0.139275                  -30.90949396429885
0.1393                    -30.912265254089842
0.139325                  -30.915433495517274
0.13935                   -30.91894418114538
0.139375                  -30.922726154739813
0.1394                    -30.92669502262605
0.139425                  -30.93075721768349
0.13945000000000002       -30.934814526888292
0.13947500000000002       -30.938768867482484
0.1395                    -30.942527080222707
0.139525                  -30.946005502418245
0.13955                   -30.949134089845934
0.139575                  -30.951859875693742
0.1396                    -30.95414958612175
0.139625                  -30.95599127453092
0.13965                   -30.95739488790546
0.139675                  -30.95839173551734
0.13970000000000002       -30.95903288916277
0.13972500000000002       -30.95938660105263
0.13975                   -30.95953487680713
0.139775                  -30.9595693835729
0.1398                    -30.959586904782256
0.139825                  -30.959684572188838
0.13985                   -30.959955112213812
0.139875                  -30.960482337878954
0.1399                    -30.961337100925498
0.139925                  -30.9625738927933
0.13995000000000002       -30.96422824983154
0.13997500000000002       -30.966315079294034
0.14                      -30.968827980076362
0.140025                  -30.97173958733899
0.14005                   -30.975002924545034
0.140075                  -30.978553701365833
0.1401                    -30.982313452745878
0.140125                  -30.986193374661916
0.14015                   -30.990098677414114
0.140175                  -30.993933249445995
0.14020000000000002       -30.99760440554345
0.14022500000000002       -31.001027484517024
0.14025                   -31.004130064474115
0.140275                  -31.006855579282156
0.1403                    -31.009166147738153
0.140325                  -31.011044466262412
0.14035                   -31.012494664613612
0.140375                  -31.013542079292268
0.1404                    -31.014231957439446
0.140425                  -31.014627161326636
0.14045000000000002       -31.01480499623595
0.14047500000000002       -31.014853329365618
0.1405                    -31.0148662018384
0.140525                  -31.01493915834994
0.14055                   -31.015164528870024
0.140575                  -31.015626894410815
0.1406                    -31.016398955244536
0.140625                  -31.01753799663047
0.14065                   -31.019083115898475
0.140675                  -31.021053337484847
0.14070000000000002       -31.023446700985815
0.14072500000000002       -31.02624036308521
0.14075000000000001       -31.029391708776824
0.140775                  -31.03284042200357
0.1408                    -31.036511422051397
0.140825                  -31.04031853124077
0.14085                   -31.04416870328609
0.140875                  -31.047966611927002
0.1409                    -31.051619377928866
0.140925                  -31.055041201066565
0.14095000000000002       -31.05815766370702
0.14097500000000002       -31.060909485001375
0.14100000000000001       -31.06325552962567
0.141025                  -31.06517491167253
0.14105                   -31.066668080911676
0.141075                  -31.06775683250904
0.1411                    -31.068483239026804
0.141125                  -31.0689075613395
0.14115                   -31.06910524920728
0.141175                  -31.069163189231155
0.1412                    -31.069175395054003
0.14122500000000002       -31.069238360146258
0.14125000000000001       -31.06944630649631
0.141275                  -31.069886563116995
0.1413                    -31.07063529736527
0.141325                  -31.07175380109084
0.14135                   -31.073285504328645
0.141375                  -31.075253853470244
0.1414                    -31.07766115036022
0.141425                  -31.0804884051843
0.14145                   -31.083696210802497
0.14147500000000002       -31.087226600688002
0.14150000000000001       -31.091005808202965
0.141525                  -31.094947803007532
0.14155                   -31.098958442547463
0.141575                  -31.102940044561276
0.1416                    -31.106796162263585
0.141625                  -31.11043632914326
0.14165                   -31.113780536772012
0.141675                  -31.116763217779916
0.1417                    -31.11933652762373
0.14172500000000002       -31.121472752447254
0.14175000000000001       -31.12316571470132
0.141775                  -31.124431100784072
0.1418                    -31.12530569251718
0.141825                  -31.125845543037023
0.14185                   -31.12612319377395
0.141875                  -31.126224079013163
0.1419                    -31.12624230509047
0.141925                  -31.12627602046283
0.14195                   -31.126422609586776
0.14197500000000002       -31.126773947599222
0.14200000000000002       -31.127411944930003
0.142025                  -31.128404592522156
0.14205                   -31.12980269101296
0.142075                  -31.131637412901828
0.1421                    -31.133918807228472
0.142125                  -31.136635313286636
0.14215                   -31.13975430490918
0.142175                  -31.143223641246593
0.1422                    -31.14697415504199
0.14222500000000002       -31.15092296655505
0.14225000000000002       -31.154977472019304
0.142275                  -31.159039821523127
0.1423                    -31.163011674321034
0.142325                  -31.166799001671926
0.14235                   -31.170316700071957
0.142375                  -31.173492782510515
0.1424                    -31.176271932794272
0.142425                  -31.17861823786376
0.14245                   -31.1805169541937
0.14247500000000002       -31.18197521465337
0.14250000000000002       -31.183021638576108
0.142525                  -31.183704866614782
0.14255                   -31.18409109935893
0.142575                  -31.184260770920996
0.1426                    -31.18430453253633
0.142625                  -31.18431875424235
0.14265                   -31.18440077345373
0.142675                  -31.18464412728092
0.1427                    -31.185134001200943
0.14272500000000002       -31.185943111344294
0.14275000000000002       -31.18712821283975
0.142775                  -31.188727394214407
0.1428                    -31.190758279651316
0.142825                  -31.193217218719237
0.14285                   -31.19607949859105
0.142875                  -31.199300568188484
0.1429                    -31.202818218477894
0.142925                  -31.206555619658328
0.14295                   -31.21042507570158
0.14297500000000002       -31.214332321257395
0.14300000000000002       -31.218181157106898
0.143025                  -31.22187819997565
0.14305                   -31.225337512338967
0.143075                  -31.228484879274284
0.1431                    -31.231261513274106
0.143125                  -31.23362699427077
0.14315                   -31.23556129003894
0.143175                  -31.237065749745334
0.1432                    -31.23816301792479
0.14322500000000002       -31.23889587412188
0.14325000000000002       -31.23932506104573
0.143275                  -31.23952621757503
0.1433                    -31.23958607896153
0.143325                  -31.23959814247721
0.14335                   -31.239658020815884
0.143375                  -31.239858717067634
0.1434                    -31.24028605423279
0.143425                  -31.241014479990742
0.14345                   -31.24210344527786
0.14347500000000002       -31.243594524937862
0.14350000000000002       -31.24550941214148
0.143525                  -31.247848877206398
0.14355                   -31.250592737505638
0.143575                  -31.253700839800157
0.1436                    -31.25711501094058
0.143625                  -31.26076188882289
0.14365                   -31.264556504211605
0.143675                  -31.268406447173632
0.1437                    -31.272216421163378
0.14372500000000002       -31.275892965116693
0.14375000000000002       -31.279349111035685
0.14377500000000001       -31.28250874299124
0.1438                    -31.285310434230645
0.143825                  -31.287710562403692
0.14385                   -31.28968553814209
0.143875                  -31.291233027685962
0.1439                    -31.292372103362865
0.143925                  -31.29314231316675
0.14395                   -31.293601718706228
0.14397500000000002       -31.29382400558445
0.14400000000000002       -31.29389481835397
0.14402500000000001       -31.29390751073096
0.14405                   -31.2939585288115
0.144075                  -31.29414265964845
0.1441                    -31.294548379711927
0.144125                  -31.295253528263704
0.14415                   -31.296321510905912
0.144175                  -31.297798210239094
0.1442                    -31.299709745521298
0.14422500000000002       -31.30206118324562
0.14425000000000002       -31.30483625728668
0.14427500000000001       -31.307998112184162
0.1443                    -31.311491037595175
0.144325                  -31.315243117296383
0.14435                   -31.319169673765895
0.144375                  -31.323177350891296
0.1444                    -31.327168644475613
0.144425                  -31.33104666481444
0.14445                   -31.33471989955456
0.144475                  -31.33810673997212
0.14450000000000002       -31.341139540931398
0.14452500000000001       -31.343768004615903
0.14455                   -31.34596171028198
0.144575                  -31.34771165539437
0.1446                    -31.349030725209076
0.144625                  -31.349953064997457
0.14465                   -31.350532387944767
0.144675                  -31.350839308422678
0.1447                    -31.350957841165247
0.144725                  -31.35098124878839
0.14475000000000002       -31.351007450846303
0.14477500000000001       -31.35113422596448
0.1448                    -31.351454444266537
0.144825                  -31.352051560929077
0.14485                   -31.35299558452447
0.144875                  -31.354339707530187
0.1449                    -31.356117752853564
0.144925                  -31.35834255128371
0.14495                   -31.36100532214083
0.144975                  -31.364076084572936
0.14500000000000002       -31.367505081331927
0.14502500000000002       -31.371225151764254
0.14505                   -31.375154947537325
0.145075                  -31.37920284478357
0.1451                    -31.383271371550457
0.145125                  -31.387261941518105
0.14515                   -31.39107966575834
0.145175                  -31.39463800560074
0.1452                    -31.397863032818574
0.145225                  -31.400697079114295
0.14525000000000002       -31.403101585198883
0.14527500000000002       -31.405058999577204
0.1453                    -31.406573626427328
0.145325                  -31.407671377763084
0.14535                   -31.408398443821742
0.145375                  -31.40881895344667
0.1454                    -31.40901174935747
0.145425                  -31.409066448303097
0.14545                   -31.409078990637095
0.145475                  -31.40914690625393
0.14550000000000002       -31.40936453350314
0.14552500000000002       -31.409818424998377
0.14555                   -31.41058316024428
0.145575                  -31.41171776130145
0.1456                    -31.41326287613544
0.145625                  -31.415238856731392
0.14565                   -31.417644817277846
0.145675                  -31.420458713338473
0.1457                    -31.423638437384636
0.145725                  -31.42712388070666
0.14575000000000002       -31.430839867913775
0.14577500000000002       -31.43469982942583
0.1458                    -31.438610041166495
0.145825                  -31.442474230854142
0.14585                   -31.446198328696457
0.145875                  -31.4496951286897
0.1459                    -31.452888626569585
0.145925                  -31.4557178126827
0.14595                   -31.458139722802315
0.145975                  -31.46013158642645
0.14600000000000002       -31.461691958605755
0.14602500000000002       -31.462840775176787
0.14605                   -31.46361832903466
0.146075                  -31.464083222987846
0.1461                    -31.46430940899932
0.146125                  -31.46438247079899
0.14615                   -31.464395344205517
0.146175                  -31.464443695176914
0.1462                    -31.464621188764205
0.146225                  -31.46501488285695
0.14625000000000002       -31.46570096975745
0.14627500000000002       -31.466741067638388
0.1463                    -31.46817923458302
0.146325                  -31.470039842033557
0.14635                   -31.47232640387581
0.146375                  -31.47502141371065
0.1464                    -31.478087197590774
0.146425                  -31.48146774401397
0.14645                   -31.485091428624862
0.146475                  -31.488874509329197
0.14650000000000002       -31.492725229958328
0.14652500000000002       -31.496548338987573
0.14655                   -31.50024980595985
0.146575                  -31.503741504004033
0.1466                    -31.506945623730196
0.146625                  -31.509798592910133
0.14665                   -31.512254298069795
0.146675                  -31.51428643788747
0.1467                    -31.51588988257747
0.146725                  -31.517080965768617
0.14675000000000002       -31.51789669251642
0.14677500000000002       -31.518392905298363
0.1468                    -31.51864150530702
0.146825                  -31.518726875525477
0.14685                   -31.51874169201384
0.146875                  -31.518782338484506
0.1469                    -31.518944155509946
0.146925                  -31.51931675946258
0.14695                   -31.51997965823513
0.146975                  -31.520998372249707
0.14700000000000002       -31.522421241928335
0.14702500000000002       -31.52427706850083
0.14705000000000001       -31.526573695570445
0.147075                  -31.529297595903955
0.1471                    -31.53241448295794
0.147125                  -31.53587092106964
0.14715                   -31.53959686336446
0.147175                  -31.543509003663978
0.1472                    -31.547514789563383
0.147225                  -31.551516910106898
0.14725000000000002       -31.555418044982865
0.14727500000000002       -31.55912564475953
0.14730000000000001       -31.56255650508557
0.147325                  -31.56564090326611
0.14735                   -31.56832608381224
0.147375                  -31.570578910195415
0.1474                    -31.57238754187123
0.147425                  -31.57376204643516
0.14745                   -31.574733913451904
0.147475                  -31.575354495394095
0.14750000000000002       -31.57569245834718
0.14752500000000002       -31.575830376967716
0.14755000000000001       -31.57586065144133
0.147575                  -31.575880956514272
0.1476                    -31.57598945268535
0.147625                  -31.57627999695783
0.14765                   -31.57683758567027
0.147675                  -31.57773424604976
0.1477                    -31.57902556790793
0.147725                  -31.58074803417868
0.14775                   -31.58291727063147
0.14777500000000002       -31.58552729280997
0.14780000000000001       -31.588550783593092
0.147825                  -31.59194038914871
0.14785                   -31.595630975772025
0.147875                  -31.599542746520232
0.1479                    -31.603585076145887
0.147925                  -31.607660887240545
0.14795                   -31.611671361537045
0.147975                  -31.615520759859393
0.148                     -31.61912111402696
0.14802500000000002       -31.62239655555606
0.14805000000000001       -31.62528706011549
0.148075                  -31.627751413433643
0.1481                    -31.629769242807946
0.148125                  -31.63134200661321
0.14815                   -31.63249288941282
0.148175                  -31.633265608930937
0.1482                    -31.63372219938255
0.148225                  -31.633939889659402
0.14825                   -31.634007241234762
0.14827500000000002       -31.63401974672105
0.14830000000000002       -31.634075114075436
0.148325                  -31.634268472791476
0.14835                   -31.634687737274678
0.148375                  -31.635409349978204
0.1484                    -31.636494604308556
0.148425                  -31.63798671662148
0.14845                   -31.639908779701855
0.148475                  -31.642262688756656
0.1485                    -31.6450290867771
0.14852500000000002       -31.648168330609863
0.14855000000000002       -31.651622433576087
0.148575                  -31.655317896341835
0.1486                    -31.65916929641078
0.148625                  -31.663083469672408
0.14865                   -31.66696408664665
0.148675                  -31.670716403263643
0.1487                    -31.67425195299106
0.148725                  -31.67749294539441
0.14875                   -31.680376146798558
0.14877500000000002       -31.68285604188318
0.14880000000000002       -31.684907110143477
0.148825                  -31.686525096544127
0.14885                   -31.68772720881746
0.148875                  -31.688551231390925
0.1489                    -31.68905360411768
0.148925                  -31.68930656900361
0.14895                   -31.68939453646816
0.148975                  -31.689409861488368
0.149                     -31.68944824728319
0.14902500000000002       -31.68960400901433
0.14905000000000002       -31.68996543228101
0.149075                  -31.69061045175473
0.1491                    -31.69160285551594
0.149125                  -31.69298919224904
0.14915                   -31.69479652328155
0.149175                  -31.69703112132828
0.1492                    -31.69967817438937
0.149225                  -31.70270250805647
0.14925                   -31.70605029389398
0.14927500000000002       -31.709651666940907
0.14930000000000002       -31.713424133153275
0.149325                  -31.71727660934674
0.14935                   -31.721113905637853
0.149375                  -31.724841435366788
0.1494                    -31.728369921841526
0.149425                  -31.73161986658778
0.14945                   -31.73452555127914
0.149475                  -31.73703836562578
0.1495                    -31.73912928579974
0.14952500000000002       -31.740790371068638
0.14955000000000002       -31.742035197834397
0.149575                  -31.74289820706752
0.1496                    -31.743432999505252
0.149625                  -31.74370966910395
0.14965                   -31.743811315486894
0.149675                  -31.74382991747676
0.1497                    -31.743861780051223
0.149725                  -31.74400278499221
0.14975                   -31.744343680867168
0.14977500000000002       -31.744965641391985
0.14980000000000002       -31.745936303935483
0.149825                  -31.747306473595206
0.14985                   -31.749107644735336
0.149875                  -31.751350452946237
0.1499                    -31.754024127745694
0.149925                  -31.757096971512148
0.14995                   -31.760517844505706
0.149975                  -31.764218590727843
0.15                      -31.768117296183753
0.15002500000000002       -31.772122231365643
0.15005000000000002       -31.776136295173593
0.15007500000000001       -31.780061749880716
0.1501                    -31.7838050180168
0.150125                  -31.78728130392697
0.15015                   -31.790418806612195
0.150175                  -31.793162306996656
0.1502                    -31.795475941862897
0.150225                  -31.79734501723454
0.15025                   -31.79877676385422
0.15027500000000002       -31.7997999936096
0.15030000000000002       -31.80046367468678
0.15032500000000001       -31.800834500989097
0.15035                   -31.800993584179537
0.150375                  -31.801032441312085
0.1504                    -31.801048484926667
0.150425                  -31.801140244177226
0.15045                   -31.801402554530984
0.150475                  -31.801921950220823
0.1505                    -31.80277247907781
0.15052500000000002       -31.804012135223303
0.15055000000000002       -31.80568007320049
0.15057500000000001       -31.807794729338678
0.1506                    -31.8103529342199
0.150625                  -31.81333005562985
0.15065                   -31.816681165736263
0.150675                  -31.820343180773783
0.1507                    -31.824237877565746
0.150725                  -31.828275650233614
0.15075                   -31.832359834060195
0.15077500000000002       -31.83639139347769
0.15080000000000002       -31.840273749426586
0.15082500000000001       -31.84391750967955
0.15085                   -31.847244865650644
0.150875                  -31.85019343166642
0.1509                    -31.8527193278317
0.150925                  -31.85479934469427
0.15095                   -31.856432075106834
0.150975                  -31.857637953272974
0.151                     -31.858458199496454
0.151025                  -31.858952727782874
0.15105000000000002       -31.859197128309923
0.15107500000000001       -31.859278884405768
0.1511                    -31.859293021279235
0.151125                  -31.85933740948128
0.15115                   -31.859507959105482
0.151175                  -31.859893941176985
0.1512                    -31.860573661452612
0.151225                  -31.861610690444877
0.15125                   -31.863050823692184
0.151275                  -31.86491991001867
0.15130000000000002       -31.867222644579407
0.15132500000000002       -31.86994237952531
0.15135                   -31.87304195963213
0.151375                  -31.87646554458705
0.1514                    -31.88014133516074
0.151425                  -31.883985078633856
0.15145                   -31.887904191166527
0.151475                  -31.891802303033376
0.1515                    -31.895584008636746
0.151525                  -31.89915958876891
0.15155000000000002       -31.90244946929451
0.15157500000000002       -31.90538818936588
0.1516                    -31.907927673847524
0.151625                  -31.910039638294137
0.15165                   -31.911716999088256
0.151675                  -31.91297421373807
0.1517                    -31.91384653362102
0.151725                  -31.914388209906672
0.15175                   -31.914669749155756
0.151775                  -31.914774364593463
0.15180000000000002       -31.914793809329154
0.15182500000000002       -31.914823806740987
0.15185                   -31.914959309745345
0.151875                  -31.91528982458138
0.1519                    -31.9158950267529
0.151925                  -31.916840878204518
0.15195                   -31.91817642736996
0.151975                  -31.919931439273558
0.152                     -31.92211496321932
0.152025                  -31.924714902455847
0.15205000000000002       -31.927698605086388
0.15207500000000002       -31.931014449801832
0.1521                    -31.93459435510851
0.152125                  -31.938357098017537
0.15215                   -31.942212289210264
0.152175                  -31.94606481820944
0.1522                    -31.949819555912082
0.152225                  -31.95338608482095
0.15225                   -31.9566832211093
0.152275                  -31.959643098505744
0.15230000000000002       -31.962214602466744
0.15232500000000002       -31.96436597392193
0.15235                   -31.96608644375816
0.152375                  -31.967386809905097
0.1524                    -31.968298925317413
0.152425                  -31.968874123673167
0.15245                   -31.969180666369603
0.152475                  -31.969300345722424
0.1525                    -31.96932442202749
0.152525                  -31.969349104004113
0.15255000000000002       -31.969470801754483
0.15257500000000002       -31.969781388375598
0.1526                    -31.97036370125749
0.152625                  -31.971287498083218
0.15265                   -31.972606057239567
0.152675                  -31.974353579578295
0.1527                    -31.97654351006756
0.152725                  -31.979167855549274
0.15275                   -31.982197530112156
0.152775                  -31.98558371390042
0.15280000000000002       -31.989260165841877
0.15282500000000002       -31.993146387170825
0.15285                   -31.997151492246743
0.152875                  -32.00117860770878
0.1529                    -32.00512959229915
0.152925                  -32.00890984962839
0.15295                   -32.01243299652042
0.152975                  -32.015625151787546
0.153                     -32.01842862516761
0.153025                  -32.02080481370033
0.15305000000000002       -32.02273615204463
0.15307500000000002       -32.02422701215237
0.1531                    -32.02530350341985
0.153125                  -32.02601218337396
0.15315                   -32.02641774722804
0.153175                  -32.026599818442534
0.1532                    -32.026649008380225
0.153225                  -32.02666244864548
0.15325                   -32.02673902309094
0.153275                  -32.026974537120736
0.15330000000000002       -32.027457060112575
0.15332500000000002       -32.02826266356921
0.15335000000000001       -32.02945175455783
0.153375                  -32.03106617293192
0.1534                    -32.033127183630924
0.153425                  -32.03563445379221
0.15345                   -32.03856606008641
0.153475                  -32.04187952603232
0.1535                    -32.04551384339438
0.153525                  -32.04939238744551
0.15355000000000002       -32.05342659432825
0.15357500000000002       -32.05752023157086
0.15360000000000001       -32.061574061792626
0.153625                  -32.06549067664669
0.15365                   -32.06917926493092
0.153675                  -32.072560077112676
0.1537                    -32.07556835930691
0.153725                  -32.0781575533059
0.15375                   -32.0803015949302
0.153775                  -32.08199618908919
0.15380000000000002       -32.08325899388309
0.15382500000000002       -32.08412870446484
0.15385000000000001       -32.08466308638047
0.153875                  -32.08493606382752
0.1539                    -32.0850340171491
0.153925                  -32.08505148302524
0.15395                   -32.08508647824856
0.153975                  -32.085235682706255
0.154                     -32.08558971923851
0.154025                  -32.08622875823604
0.15405000000000002       -32.087218654607234
0.15407500000000002       -32.08860779587062
0.15410000000000001       -32.090424804507634
0.154125                  -32.092677197184514
0.15415                   -32.09535105970266
0.154175                  -32.098411751070074
0.1542                    -32.101805604282006
0.154225                  -32.105462546599774
0.15425                   -32.10929951973045
0.154275                  -32.11322454188883
0.1543                    -32.117141220986184
0.15432500000000002       -32.12095350297825
0.15435000000000001       -32.124570423550246
0.154375                  -32.127910626445434
0.1544                    -32.130906419038794
0.154425                  -32.1335071557096
0.15445                   -32.13568177178635
0.154475                  -32.137420333942416
0.1545                    -32.13873452456019
0.154525                  -32.13965703459295
0.15455                   -32.14023989813875
0.15457500000000002       -32.140551858433476
0.15460000000000002       -32.14067490562253
0.154625                  -32.14070016841137
0.15465                   -32.14072337229242
0.154675                  -32.14084009525056
0.1547                    -32.141141057391906
0.154725                  -32.14170767442162
0.15475                   -32.14260808757161
0.154775                  -32.14389385612492
0.1548                    -32.145597464952445
0.15482500000000002       -32.14773076031562
0.15485000000000002       -32.15028438431003
0.154875                  -32.153228233279386
0.1549                    -32.156512919730275
0.154925                  -32.16007217208382
0.15495                   -32.163826063415584
0.154975                  -32.167684920690135
0.155                     -32.171553731592994
0.155025                  -32.17533683873383
0.15505                   -32.17894269260409
0.15507500000000002       -32.18228842692422
0.15510000000000002       -32.18530402422565
0.155125                  -32.187935856361115
0.15515                   -32.19014941395534
0.155175                  -32.19193107945471
0.1552                    -32.1932888482772
0.155225                  -32.19425195860963
0.15525                   -32.194869449047026
0.155275                  -32.19520772065422
0.1553                    -32.19534723242094
0.15532500000000002       -32.19537850324168
0.15535000000000002       -32.19539762703417
0.155375                  -32.1955015289284
0.1554                    -32.195783199117514
0.155425                  -32.19632713737036
0.15545                   -32.19720522648278
0.155475                  -32.198473228680065
0.1555                    -32.20016806699828
0.155525                  -32.20230601580981
0.15555                   -32.20488188265333
0.15557500000000002       -32.20786921894383
0.15560000000000002       -32.211221551390395
0.155625                  -32.2148745803778
0.15565                   -32.218749247536856
0.155675                  -32.2227555337245
0.1557                    -32.226796812318604
0.155725                  -32.23077455293086
0.15575                   -32.23459314925914
0.155775                  -32.238164633648594
0.1558                    -32.2414130415032
0.15582500000000002       -32.244278201906596
0.15585000000000002       -32.246718756789214
0.155875                  -32.24871424886855
0.1559                    -32.25026616652302
0.155925                  -32.25139788894015
0.15595                   -32.252153533800026
0.155975                  -32.25259576853399
0.156                     -32.25280270096889
0.156025                  -32.25286401246906
0.15605                   -32.2528765337885
0.15607500000000002       -32.25293948895671
0.15610000000000002       -32.253149644868714
0.156125                  -32.253596604017915
0.15615                   -32.25435846596733
0.156175                  -32.25549806121906
0.1562                    -32.257059930929394
0.156225                  -32.25906818931441
0.15625                   -32.26152536439647
0.156275                  -32.264412268581836
0.1563                    -32.267688904885944
0.15632500000000002       -32.27129636877534
0.15635000000000002       -32.27515966090185
0.15637500000000001       -32.27919128388295
0.1564                    -32.28329545831645
0.156425                  -32.2873727611715
0.15645                   -32.29132496545508
0.156475                  -32.29505984547163
0.1565                    -32.29849570869659
0.156525                  -32.30156542440842
0.15655                   -32.30421974117117
0.15657500000000002       -32.306429719510824
0.15660000000000002       -32.30818815114722
0.15662500000000001       -32.30950988941446
0.15665                   -32.31043107371786
0.156675                  -32.31100729022537
0.1567                    -32.311310767553174
0.156725                  -32.31142675633567
0.15675                   -32.311449282260895
0.156775                  -32.31147649128434
0.1568                    -32.31160582219865
0.15682500000000002       -32.31192924541803
0.15685000000000002       -32.31252879847376
0.15687500000000001       -32.31347262968667
0.1569                    -32.31481173354057
0.156925                  -32.31657752633021
0.15695                   -32.31878037055801
0.156975                  -32.321409113016784
0.157                     -32.324431656049455
0.157025                  -32.32779653551481
0.15705                   -32.33143543385217
0.15707500000000002       -32.33526651372263
0.15710000000000002       -32.33919841854317
0.15712500000000001       -32.34313475252543
0.15715                   -32.34697882641983
0.157175                  -32.35063843790082
0.1572                    -32.354030449085755
0.157225                  -32.35708492932183
0.15725                   -32.359748649704436
0.157275                  -32.36198774654272
0.1573                    -32.36378941291146
0.15732500000000002       -32.36516252828692
0.15735000000000002       -32.36613719297476
0.15737500000000001       -32.36676319293894
0.1574                    -32.367107477847426
0.157425                  -32.36725078694916
0.15745                   -32.36728360060845
0.157475                  -32.36730162758689
0.1575                    -32.36740105809074
0.157525                  -32.36767381980434
0.15755                   -32.368203069105135
0.157575                  -32.369059133597005
0.15760000000000002       -32.37029609664785
0.15762500000000002       -32.37194918162654
0.15765                   -32.37403305486326
0.157675                  -32.37654112374849
0.1577                    -32.379445861411725
0.157725                  -32.382700143510974
0.15775                   -32.3862395371784
0.157775                  -32.3899854384998
0.1578                    -32.39384891457039
0.157825                  -32.397735070847
0.15785000000000002       -32.40154773603797
0.15787500000000002       -32.405194237011386
0.1579                    -32.40859002690856
0.157925                  -32.41166293221251
0.15795                   -32.41435679972563
0.157975                  -32.41663435221292
0.158                     -32.41847910085515
0.158025                  -32.419896211619005
0.15805                   -32.420912278282984
0.158075                  -32.4215740136056
0.15810000000000002       -32.421945928114994
0.15812500000000002       -32.42210711944899
0.15815                   -32.42214734074475
0.158175                  -32.422162551695486
0.1582                    -32.42225017893236
0.158225                  -32.422504322733104
0.15825                   -32.423011145005354
0.158275                  -32.42384466009016
0.1583                    -32.42506312673048
0.158325                  -32.42670620836264
0.15835000000000002       -32.428793031574216
0.15837500000000002       -32.43132123088697
0.1584                    -32.43426702355981
0.158425                  -32.437586312297256
0.15845                   -32.441216767937334
0.158475                  -32.44508079973717
0.1585                    -32.44908927924066
0.158525                  -32.45314584654275
0.15855                   -32.4571515968734
0.158575                  -32.46100992272152
0.15860000000000002       -32.464631274052415
0.15862500000000002       -32.46793759809966
0.15865                   -32.470866231755046
0.158675                  -32.473373043974895
0.1587                    -32.47543466215319
0.158725                  -32.47704966333854
0.15875                   -32.47823866579905
0.158775                  -32.4790433153187
0.1588                    -32.479524219870044
0.158825                  -32.479757942038965
0.15885000000000002       -32.47983320722673
0.15887500000000002       -32.47984652436723
0.1589                    -32.479897442744516
0.158925                  -32.48008368257042
0.15895                   -32.48049637835313
0.158975                  -32.481215663639695
0.159                     -32.48230680491949
0.159025                  -32.48381706313159
0.15905                   -32.48577342522337
0.159075                  -32.488181307384046
0.15910000000000002       -32.491024287579584
0.15912500000000002       -32.49426487931876
0.15915                   -32.497846312535174
0.159175                  -32.50169524239878
0.1592                    -32.505725264176746
0.159225                  -32.5098410735088
0.15925                   -32.51394307839525
0.159275                  -32.517932243698944
0.1593                    -32.521714932918606
0.159325                  -32.525207507079315
0.15935000000000002       -32.52834044803063
0.15937500000000002       -32.53106179376443
0.15940000000000001       -32.533339706173734
0.159425                  -32.535164035565
0.15945                   -32.5365467988079
0.159475                  -32.537521546022575
0.1595                    -32.538141650383345
0.159525                  -32.538477613007544
0.15955                   -32.53861352627896
0.159575                  -32.53864288120144
0.15960000000000002       -32.53866393523515
0.15962500000000002       -32.538774875286656
0.15965000000000001       -32.53906901586711
0.159675                  -32.53963026554413
0.1597                    -32.5405290770083
0.159725                  -32.5418190690866
0.15975                   -32.54353447476697
0.159775                  -32.54568852963264
0.1598                    -32.54827287178071
0.159825                  -32.55125797887163
0.15985000000000002       -32.554594621832095
0.15987500000000002       -32.55821626925708
0.15990000000000001       -32.56204233311069
0.159925                  -32.56598210642399
0.15995                   -32.56993920901761
0.159975                  -32.57381632967016
0.16                      -32.57752003447892
0.160025                  -32.58096540314245
0.16005                   -32.58408025887577
0.160075                  -32.58680877436114
0.16010000000000002       -32.58911426540122
0.16012500000000002       -32.5909810246591
0.16015000000000001       -32.59241509791749
0.160175                  -32.593443961672754
0.1602                    -32.5941151199726
0.160225                  -32.594493696312384
0.16025                   -32.59465914934504
0.160275                  -32.5947012858487
0.1603                    -32.59471577834155
0.160325                  -32.59479941640964
0.16035000000000002       -32.59504532970238
0.16037500000000002       -32.59553841704921
0.16040000000000001       -32.59635120138379
0.160425                  -32.59754030573599
0.16045                   -32.59914371331568
0.160475                  -32.60117893654067
0.1605                    -32.60364217752448
0.160525                  -32.60650851763513
0.16055                   -32.6097331277114
0.160575                  -32.613253444741844
0.16060000000000002       -32.61699221665951
0.16062500000000002       -32.6208612758782
0.16065000000000002       -32.62476586595796
0.160675                  -32.628609316160386
0.1607                    -32.63229783752521
0.160725                  -32.63574520325892
0.16075                   -32.638877077135746
0.160775                  -32.641634767158195
0.1608                    -32.64397820799137
0.160825                  -32.64588801379016
0.16085                   -32.647366491092015
0.16087500000000002       -32.64843755663876
0.16090000000000002       -32.649145563813974
0.160925                  -32.649553099965814
0.16095                   -32.64973787138666
0.160975                  -32.64978883970564
0.161                     -32.64980181021769
0.161025                  -32.64987469745958
0.16105                   -32.65010270539747
0.161075                  -32.65057365910477
0.1611                    -32.651363712753856
0.16112500000000002       -32.65253363663081
0.16115000000000002       -32.6541258555102
0.161175                  -32.656162373968876
0.1612                    -32.6586436828574
0.161225                  -32.66154869680388
0.16125                   -32.66483572674941
0.161275                  -32.6684444454601
0.1613                    -32.6722987590762
0.161325                  -32.67631045549472
0.16135                   -32.68038346235961
0.16137500000000002       -32.68441851545359
0.16140000000000002       -32.68831801426554
0.161425                  -32.69199082732383
0.16145                   -32.69535680716393
0.161475                  -32.69835078465499
0.1615                    -32.70092583520327
0.161525                  -32.70305564449973
0.16155                   -32.70473584737134
0.161575                  -32.7059842673394
0.1616                    -32.706840043302016
0.16162500000000002       -32.70736168948161
0.16165000000000002       -32.70762419146041
0.161675                  -32.707715291126014
0.1617                    -32.7077311536858
0.161725                  -32.707771638515155
0.16175                   -32.707935411433894
0.161775                  -32.708315139009486
0.1618                    -32.70899299646243
0.161825                  -32.71003670111741
0.16185                   -32.71149625488641
0.16187500000000002       -32.713401543893056
0.16190000000000002       -32.71576090289944
0.161925                  -32.71856070836182
0.16195                   -32.72176601821884
0.161975                  -32.725322230268276
0.162                     -32.72915768553632
0.162025                  -32.73318709977459
0.16205                   -32.73731566667753
0.162075                  -32.74144364232654
0.1621                    -32.745471193618435
0.16212500000000002       -32.74930327592938
0.16215000000000002       -32.75285429873484
0.162175                  -32.75605234366217
0.1622                    -32.758842718130815
0.162225                  -32.76119065907908
0.16225                   -32.76308304401276
0.162275                  -32.76452901845269
0.1623                    -32.76555950664802
0.162325                  -32.76622563240775
0.16235                   -32.7665961351092
0.16237500000000002       -32.766753918570096
0.16240000000000002       -32.76679191428396
0.162425                  -32.76680847311858
0.16245                   -32.76690251957858
0.162475                  -32.76716870976771
0.1625                    -32.767692828802495
0.162525                  -32.768547646876904
0.16255                   -32.769789427163154
0.162575                  -32.77145524516214
0.1626                    -32.77356123989216
0.16262500000000002       -32.77610187419461
0.16265000000000002       -32.77905023602275
0.16267500000000001       -32.78235936628966
0.1627                    -32.785964553029
0.162725                  -32.78978648764272
0.16275                   -32.79373513836775
0.162775                  -32.79771416045838
0.1628                    -32.8016256337799
0.162825                  -32.80537489842587
0.16285                   -32.808875249376314
0.16287500000000002       -32.812052253526964
0.16290000000000002       -32.81484746745845
0.16292500000000001       -32.81722136206922
0.16295                   -32.819155299679146
0.162975                  -32.820652458420156
0.163                     -32.82173765475687
0.163025                  -32.82245607424302
0.16305                   -32.82287097920961
0.163075                  -32.82306051615807
0.1631                    -32.8231137918052
0.16312500000000002       -32.82312642237115
0.16315000000000002       -32.82319578415192
0.16317500000000001       -32.82341620402328
0.1632                    -32.823874326576544
0.163225                  -32.82464488113894
0.16325                   -32.82578704855327
0.163275                  -32.82734159612528
0.1633                    -32.8293289114841
0.163325                  -32.83174802403933
0.16335                   -32.8345766578818
0.16337500000000002       -32.83777231383158
0.16340000000000002       -32.84127433225597
0.16342500000000001       -32.845006843639865
0.16345                   -32.848882472170814
0.163475                  -32.85280662044784
0.1635                    -32.85668213264867
0.163525                  -32.86041411099346
0.16355                   -32.863914647952036
0.163575                  -32.867107235890025
0.1636                    -32.869930627724806
0.16362500000000002       -32.87234194687262
0.16365000000000002       -32.874318881563475
0.16367500000000001       -32.87586084571613
0.1637                    -32.87698904328566
0.163725                  -32.87774543186987
0.16375                   -32.87819064051829
0.163775                  -32.87840095223403
0.1638                    -32.878464510063
0.163825                  -32.87847694409764
0.16385                   -32.87853664328023
0.16387500000000002       -32.878739909684775
0.16390000000000002       -32.87917623407067
0.16392500000000002       -32.87992392082205
0.16395                   -32.88104626938321
0.163975                  -32.882588489760295
0.164                     -32.88457549346878
0.164025                  -32.88701066027391
0.16405                   -32.889875636845915
0.164075                  -32.89313117750738
0.1641                    -32.896718990947335
0.164125                  -32.90056451146076
0.16415000000000002       -32.904580470375734
0.16417500000000002       -32.90867110445539
0.1642                    -32.912736804995816
0.164225                  -32.916678986002836
0.16425                   -32.92040493412924
0.164275                  -32.92383239867578
0.1643                    -32.92689368811552
0.164325                  -32.92953906077342
0.16435                   -32.931739231033944
0.164375                  -32.93348685727689
0.16440000000000002       -32.93479693117304
0.16442500000000002       -32.93570604669155
0.16445                   -32.93627058733875
0.164475                  -32.936563927771594
0.1645                    -32.93667279728034
0.164525                  -32.93669299461052
0.16455                   -32.93672467398189
0.164575                  -32.93686743977739
0.1646                    -32.93721549204428
0.164625                  -32.93785305738258
0.16465000000000002       -32.93885032135472
0.16467500000000002       -32.940260050999676
0.1647                    -32.94211506128909
0.164725                  -32.94442663929579
0.16475                   -32.9471839961725
0.164775                  -32.950354771286186
0.1648                    -32.95388656639817
0.164825                  -32.9577094419423
0.16485                   -32.96173926360772
0.164875                  -32.96588174710097
0.16490000000000002       -32.97003701385778
0.16492500000000002       -32.97410444247471
0.16495                   -32.97798758166121
0.164975                  -32.98159888235647
0.165                     -32.98486401071239
0.165025                  -32.98772552065996
0.16505                   -32.990145694630485
0.165075                  -32.99210840255532
0.1651                    -32.99361988034814
0.165125                  -32.994708386609666
0.16515000000000002       -32.99542275656473
0.16517500000000002       -32.9958299312512
0.1652                    -32.99601159385635
0.165225                  -32.9960600904854
0.16525                   -32.99607384701391
0.165275                  -32.99615251548725
0.1653                    -32.99639209229075
0.165325                  -32.99688024646642
0.16535                   -32.99769208128278
0.165375                  -32.998886527145864
0.16540000000000002       -33.00050353107969
0.16542500000000002       -33.00256216922807
0.16545                   -33.00505976593523
0.165475                  -33.00797205756295
0.1655                    -33.01125439274032
0.165525                  -33.01484391456996
0.16555                   -33.01866262579757
0.165575                  -33.02262119656707
0.1656                    -33.02662333778412
0.165625                  -33.03057053311495
0.16565000000000002       -33.03436690115474
0.16567500000000002       -33.03792394812211
0.16570000000000001       -33.04116497206972
0.165725                  -33.044028892970054
0.16575                   -33.04647330925718
0.165775                  -33.048476619626015
0.1658                    -33.05003909723011
0.165825                  -33.05118285906016
0.16585                   -33.051950732693435
0.165875                  -33.052404081864296
0.16590000000000002       -33.05261970751644
0.16592500000000002       -33.05268598866388
0.16595000000000001       -33.05269846475136
0.165975                  -33.052755086455626
0.166                     -33.05295137422445
0.166025                  -33.05337572349114
0.16605                   -33.05410508340437
0.166075                  -33.055201213607795
0.1661                    -33.05670769292459
0.166125                  -33.05864781665785
0.16615000000000002       -33.06102347743308
0.16617500000000002       -33.063815079739676
0.16620000000000001       -33.06698249206116
0.166225                  -33.07046699409871
0.16625                   -33.074194131459976
0.166275                  -33.07807734777033
0.1663                    -33.082022226094786
0.166325                  -33.08593113963708
0.16635                   -33.08970808781782
0.166375                  -33.09326347988775
0.16640000000000002       -33.09651862580978
0.16642500000000002       -33.099409704332096
0.16645000000000001       -33.10189100130549
0.166475                  -33.10393724675608
0.1665                    -33.10554492537119
0.166525                  -33.106732489275885
0.16655                   -33.10753946087699
0.166575                  -33.10802447326572
0.1666                    -33.10826235225612
0.166625                  -33.108340393966145
0.16665000000000002       -33.10835403196444
0.16667500000000002       -33.10840211636012
0.16670000000000001       -33.10858204278071
0.166725                  -33.10898497192963
0.16675                   -33.10969137114368
0.166775                  -33.110767089504265
0.1668                    -33.11226014936677
0.166825                  -33.11419840156017
0.16685                   -33.11658815080944
0.166875                  -33.119413813825275
0.16690000000000002       -33.12263862648782
0.16692500000000002       -33.12620636999526
0.16695000000000002       -33.13004404009568
0.166975                  -33.13406533998947
0.167                     -33.13817483776117
0.167025                  -33.142272595047146
0.16705                   -33.14625904698937
0.167075                  -33.150039896302644
0.1671                    -33.15353077823979
0.167125                  -33.15666145968105
0.16715000000000002       -33.15937935510366
0.16717500000000002       -33.161652174492104
0.16720000000000002       -33.16346956198133
0.167225                  -33.16484363681227
0.16725                   -33.16580840677917
0.167275                  -33.16641808493971
0.1673                    -33.166744398915526
0.167325                  -33.16687303481832
0.16735                   -33.1668994014659
0.167375                  -33.16692393274866
0.1674                    -33.16704716543947
0.16742500000000002       -33.16736483610997
0.16745000000000002       -33.16796323473832
0.167475                  -33.16891503537165
0.1675                    -33.1702757975839
0.167525                  -33.17208129836886
0.16755                   -33.17434581442751
0.167575                  -33.177061431298995
0.1676                    -33.18019840999804
0.167625                  -33.183706595153176
0.16765                   -33.18751780241138
0.16767500000000002       -33.19154907844816
0.16770000000000002       -33.19570668579932
0.167725                  -33.19989062860808
0.16775                   -33.20399950612924
0.167775                  -33.207935460395824
0.1678                    -33.21160897466653
0.167825                  -33.21494328161491
0.16785                   -33.21787815555622
0.167875                  -33.22037289134501
0.1679                    -33.22240831291304
0.16792500000000002       -33.223987704705394
0.16795000000000002       -33.225136616523244
0.167975                  -33.22590155281535
0.168                     -33.22634761726005
0.168025                  -33.22655523860456
0.16805                   -33.22661615070649
0.168075                  -33.22662883587982
0.1681                    -33.22669366430178
0.168125                  -33.226907972757814
0.16815                   -33.22736132372699
0.16817500000000002       -33.22813117185302
0.16820000000000002       -33.22927914084909
0.168225                  -33.23084808175271
0.16825                   -33.232860045127126
0.168275                  -33.235315257128676
0.1683                    -33.23819214396954
0.168325                  -33.24144840266656
0.16835                   -33.24502306943921
0.168375                  -33.24883949206027
0.1684                    -33.25280907033363
0.16842500000000002       -33.25683559130842
0.16845000000000002       -33.26081995464747
0.168475                  -33.264665060663326
0.1685                    -33.26828062076853
0.168525                  -33.27158764902899
0.16855                   -33.274522405189934
0.168575                  -33.27703958420724
0.1686                    -33.279114584245065
0.168625                  -33.28074473253811
0.16865                   -33.28194940374228
0.16867500000000002       -33.28276902492628
0.16870000000000002       -33.2832630212718
0.168725                  -33.28350681289065
0.16875                   -33.28358802233674
0.168775                  -33.2836020914944
0.1688                    -33.28364753360688
0.168825                  -33.28382106034838
0.16885                   -33.28421282510759
0.168875                  -33.284902012934786
0.1689                    -33.28595298639815
0.16892500000000002       -33.287412166721154
0.16895000000000002       -33.289305792957975
0.16897500000000001       -33.29163866045988
0.169                     -33.294393895181365
0.169025                  -33.29753377397913
0.16905                   -33.301001554361676
0.169075                  -33.30472423151797
0.1691                    -33.3086160973405
0.169125                  -33.3125829371716
0.16915                   -33.31652666693288
0.16917500000000002       -33.32035018806121
0.16920000000000002       -33.32396222216937
0.16922500000000001       -33.327281883245014
0.16925                   -33.330242753685525
0.169275                  -33.332796251993294
0.1693                    -33.33491411404746
0.169325                  -33.336589855012846
0.16935                   -33.33783913263551
0.169375                  -33.33869899157253
0.1694                    -33.33922602865901
0.16942500000000002       -33.33949357663447
0.16945000000000002       -33.339588055114795
0.16947500000000001       -33.339604679414144
0.1695                    -33.33964274800188
0.169525                  -33.339800746755536
0.16955                   -33.34017151258553
0.169575                  -33.34083769117919
0.1696                    -33.34186770490859
0.169625                  -33.34331241912981
0.16965                   -33.345202660078726
0.16967500000000002       -33.347547697206636
0.16970000000000002       -33.350334758807215
0.16972500000000001       -33.353529603690475
0.16975                   -33.357078124844705
0.169775                  -33.36090891483275
0.1698                    -33.36493667850009
0.169825                  -33.3690663379877
0.16985                   -33.37319763980348
0.169875                  -33.377230045729426
0.1699                    -33.3810676705927
0.16992500000000002       -33.384624022211284
0.16995000000000002       -33.38782630353586
0.16997500000000001       -33.39061905487297
0.17                      -33.39296694491337
0.170025                  -33.394856561893256
0.17005                   -33.39629710832563
0.170075                  -33.397319961191194
0.1701                    -33.397977120473314
0.170125                  -33.39833862840385
0.17015                   -33.398489095854416
0.17017500000000002       -33.398523517609306
0.17020000000000002       -33.39854259228831
0.17022500000000002       -33.39864778397277
0.17025                   -33.398936370697186
0.170275                  -33.39949672041503
0.1703                    -33.40040401907637
0.170325                  -33.40171664978357
0.17035                   -33.40347338854892
0.170375                  -33.405691542891546
0.1704                    -33.40836611616275
0.17042500000000002       -33.41147003466445
0.17045000000000002       -33.41495542773732
0.17047500000000002       -33.41875590436952
0.1705                    -33.422789724864295
0.170525                  -33.42696372418886
0.17055                   -33.431177806484015
0.170575                  -33.43532979970871
0.1706                    -33.43932043748681
0.170625                  -33.44305822379614
0.17065                   -33.446463936753844
0.17067500000000002       -33.44947454138388
0.17070000000000002       -33.452046308043954
0.17072500000000002       -33.454156972278135
0.17075                   -33.45580682132282
0.170775                  -33.45701864942977
0.1708                    -33.4578365849435
0.170825                  -33.458323852649265
0.17085                   -33.45855959128217
0.170875                  -33.45863489467074
0.1709                    -33.45864828296146
0.170925                  -33.45870083590231
0.17095000000000002       -33.458891232483275
0.17097500000000002       -33.4593109405666
0.171                     -33.46003978752916
0.171025                  -33.46114211998916
0.17105                   -33.46266372930312
0.171075                  -33.464629681664746
0.1711                    -33.467043149179865
0.171125                  -33.46988529290718
0.17115                   -33.47311620203339
0.171175                  -33.47667684646079
0.17120000000000002       -33.48049195447844
0.17122500000000002       -33.48447368431013
0.17125                   -33.488525919798924
0.171275                  -33.4925489880995
0.1713                    -33.49644457292874
0.171325                  -33.500120582561294
0.17135                   -33.503495728994736
0.171375                  -33.506503584679834
0.1714                    -33.50909590629011
0.171425                  -33.5112450506079
0.17145000000000002       -33.51294535410611
0.17147500000000002       -33.51421340258313
0.1715                    -33.5150871768333
0.171525                  -33.51562412089048
0.17155                   -33.515898236852344
0.171575                  -33.515996360976466
0.1716                    -33.5160138166069
0.171625                  -33.51604966843644
0.17165                   -33.51620181857165
0.171675                  -33.51656218779399
0.17170000000000002       -33.517212216111474
0.17172500000000002       -33.51821889661653
0.17175                   -33.51963152761685
0.171775                  -33.521479331931964
0.1718                    -33.523770051028634
0.171825                  -33.52648957702668
0.17185                   -33.52960263907778
0.171875                  -33.53305451360727
0.1719                    -33.53677368177689
0.171925                  -33.540675313711205
0.17195000000000002       -33.544665419123014
0.17197500000000002       -33.548645469754334
0.17200000000000001       -33.55251727243784
0.172025                  -33.556187854511165
0.17205                   -33.559574117517265
0.172075                  -33.56260702188354
0.1721                    -33.565235085169945
0.172125                  -33.56742700916899
0.17215                   -33.56917329525041
0.172175                  -33.57048676046777
0.17220000000000002       -33.57140192581602
0.17222500000000002       -33.571973308807046
0.17225000000000001       -33.57227271118019
0.172275                  -33.572385645270714
0.1723                    -33.572407086102125
0.172325                  -33.57243676830703
0.17235                   -33.572574266202466
0.172375                  -33.572914101468704
0.1724                    -33.57354111653057
0.172425                  -33.574526334232026
0.17245000000000002       -33.57592349747134
0.17247500000000002       -33.577766448045054
0.17250000000000001       -33.580067463929765
0.172525                  -33.5828166303537
0.17255                   -33.58598227383157
0.172575                  -33.589512441255195
0.1726                    -33.59333735949011
0.172625                  -33.59737276611578
0.17265                   -33.60152396050458
0.172675                  -33.605690388104776
0.17270000000000002       -33.60977054149371
0.17272500000000002       -33.613666941484865
0.17275000000000001       -33.617290952169085
0.172775                  -33.62056718673189
0.1728                    -33.62343727706052
0.172825                  -33.62586280949697
0.17285                   -33.62782727053346
0.172875                  -33.62933689764593
0.1729                    -33.630420388735715
0.172925                  -33.63112748502917
0.17295000000000002       -33.63152650268451
0.17297500000000002       -33.631700943790705
0.17300000000000001       -33.63174536443632
0.173025                  -33.631760713425635
0.17305                   -33.631849378394946
0.173075                  -33.632110185970284
0.1731                    -33.63263359961771
0.173125                  -33.6334973441497
0.17315                   -33.63476266115539
0.173175                  -33.636471366855034
0.17320000000000002       -33.63864384499257
0.17322500000000002       -33.64127806419394
0.17325000000000002       -33.644349663351456
0.173275                  -33.647813101479336
0.1733                    -33.65160382145579
0.173325                  -33.65564133146264
0.17335                   -33.6598330652202
0.173375                  -33.66407884394879
0.1734                    -33.66827573122678
0.173425                  -33.672323048531304
0.17345000000000002       -33.67612730617053
0.17347500000000002       -33.67960680318452
0.17350000000000002       -33.68269566169662
0.173525                  -33.68534708641277
0.17355                   -33.687535677772985
0.173575                  -33.6892586758588
0.1736                    -33.69053606875075
0.173625                  -33.69140956002015
0.17365                   -33.69194045138658
0.173675                  -33.69220655419893
0.17370000000000002       -33.69229829360137
0.17372500000000002       -33.692314209064264
0.17375000000000002       -33.69235608240593
0.173775                  -33.69252393859144
0.1738                    -33.69291116558068
0.173825                  -33.69359998826911
0.17385                   -33.694657509690316
0.173875                  -33.69613250202687
0.1739                    -33.69805309259746
0.173925                  -33.70042544775137
0.17395000000000002       -33.70323351221954
0.17397500000000002       -33.70643981446014
0.17400000000000002       -33.70998730127589
0.174025                  -33.713802118818975
0.17405                   -33.71779721346765
0.174075                  -33.7218765865527
0.1741                    -33.72594000332329
0.174125                  -33.729887930797936
0.17415                   -33.733626463177345
0.174175                  -33.737071989012506
0.1742                    -33.74015536256151
0.17422500000000002       -33.74282536323232
0.17425000000000002       -33.745051261253906
0.174275                  -33.74682435324922
0.1743                    -33.748158385681855
0.174325                  -33.74908884384457
0.17435                   -33.74967114523882
0.174375                  -33.74997783479267
0.1744                    -33.750094931575966
0.174425                  -33.75011761932906
0.17445                   -33.750145503968184
0.17447500000000002       -33.75027767905523
0.17450000000000002       -33.75060784484927
0.174525                  -33.75121971871346
0.17455                   -33.7521829557285
0.174575                  -33.75354977016328
0.1746                    -33.75535241293038
0.174625                  -33.757601619223834
0.17465                   -33.760286095954655
0.174675                  -33.76337307193112
0.1747                    -33.766809886393595
0.17472500000000002       -33.77052654487166
0.17475000000000002       -33.77443912680783
0.174775                  -33.77845388856055
0.1748                    -33.782471870025304
0.174825                  -33.78639378512148
0.17485                   -33.79012495774307
0.174875                  -33.793580057262936
0.1749                    -33.79668739269422
0.174925                  -33.79939254285176
0.17495                   -33.80166113111763
0.17497500000000002       -33.80348059645408
0.17500000000000002       -33.80486086483428
0.17502500000000001       -33.805833884078965
0.17505                   -33.80645204637213
0.175075                  -33.80678558240537
0.1751                    -33.80691906526002
0.175125                  -33.80694720742837
0.17515                   -33.80697016830622
0.175175                  -33.80708861059692
0.1752                    -33.80739875194081
0.17522500000000002       -33.807987653250684
0.17525000000000002       -33.80892896895346
0.17527500000000001       -33.8102793583311
0.1753                    -33.81207572335263
0.175325                  -33.81433339871711
0.17535                   -33.81704537606464
0.175375                  -33.82018259804417
0.1754                    -33.82369531057294
0.175425                  -33.8275154145244
0.17545                   -33.831559712619125
0.17547500000000002       -33.835733904987734
0.17550000000000002       -33.83993714945122
0.17552500000000001       -33.84406697193641
0.17555                   -33.84802429062083
0.175575                  -33.85171830629779
0.1756                    -33.85507101264507
0.175625                  -33.85802109453272
0.17565                   -33.86052701031856
0.175675                  -33.86256909432078
0.1757                    -33.86415056631017
0.17572500000000002       -33.86529739293158
0.17575000000000002       -33.866057007708726
0.17577500000000001       -33.866495957596825
0.1758                    -33.86669660085842
0.175825                  -33.866753029745084
0.17585                   -33.86676642926822
0.175875                  -33.86684010844957
0.1759                    -33.86707445215381
0.175925                  -33.86756204022075
0.17595                   -33.868383167245646
0.17597500000000002       -33.86960197266292
0.17600000000000002       -33.871263358712525
0.17602500000000001       -33.873390835388946
0.17605                   -33.87598538844863
0.176075                  -33.87902542063512
0.1761                    -33.882467768931434
0.176125                  -33.886249753206506
0.17615                   -33.8902921654193
0.176175                  -33.8945030650279
0.1762                    -33.898782207057
0.17622500000000002       -33.903025896253894
0.17625000000000002       -33.90713203589606
0.17627500000000002       -33.9110051250727
0.1763                    -33.91456095536707
0.176325                  -33.917730768017734
0.17635                   -33.92046465624441
0.176375                  -33.92273403391228
0.1764                    -33.924533039409205
0.176425                  -33.925878799823586
0.17645                   -33.92681054169272
0.17647500000000002       -33.9273875966974
0.17650000000000002       -33.92768640956035
0.17652500000000002       -33.92779670724996
0.17655                   -33.92781703028632
0.176575                  -33.927849856347514
0.1766                    -33.92799656242022
0.176625                  -33.92835247441878
0.17665                   -33.92900224338962
0.176675                  -33.93001576664817
0.1767                    -33.931444842357735
0.17672500000000002       -33.93332070916649
0.17675000000000002       -33.935652580504495
0.17677500000000002       -33.93842723775879
0.1768                    -33.941609699335295
0.176825                  -33.94514493497635
0.17685                   -33.948960547978785
0.176875                  -33.9529703035648
0.1769                    -33.95707834117487
0.176925                  -33.96118387365666
0.17695                   -33.96518614915107
0.17697500000000002       -33.968989433889554
0.17700000000000002       -33.97250776789558
0.17702500000000002       -33.975669252067206
0.17705                   -33.978419644936025
0.177075                  -33.98072508024875
0.1771                    -33.9825737610417
0.177125                  -33.983976539662805
0.17715                   -33.98496635293836
0.177175                  -33.985596543473996
0.1772                    -33.985938157807276
0.17722500000000002       -33.98607636588374
0.17725000000000002       -33.986106190804975
0.17727500000000002       -33.98612777058298
0.1773                    -33.98624139336755
0.177325                  -33.98654255399053
0.17735                   -33.98711727332256
0.177375                  -33.98803790420509
0.1774                    -33.98935962039022
0.177425                  -33.99111774996241
0.17745                   -33.99332607407898
0.177475                  -33.99597616734084
0.17750000000000002       -33.99903780929031
0.17752500000000002       -34.002460448861434
0.17755                   -34.00617565644855
0.177575                  -34.01010045301943
0.1776                    -34.01414136393741
0.177625                  -34.01819900862316
0.17765                   -34.02217300780771
0.177675                  -34.02596696989167
0.1777                    -34.02949330869041
0.177725                  -34.03267764809029
0.17775000000000002       -34.035462585691334
0.17777500000000002       -34.037810617306235
0.1778                    -34.039706066117006
0.177825                  -34.04115591218526
0.17785                   -34.04218947674859
0.177875                  -34.04285697751081
0.1779                    -34.04322703183492
0.177925                  -34.04338324037409
0.17795                   -34.04342003074382
0.177975                  -34.04343797670014
0.17800000000000002       -34.043538831327844
0.17802500000000002       -34.04382052241148
0.17805                   -34.04437235488952
0.178075                  -34.04527065027208
0.1781                    -34.046575027838514
0.178125                  -34.04832549926178
0.17815                   -34.05054050898777
0.178175                  -34.05321600904679
0.1782                    -34.05632561061034
0.178225                  -34.05982180696979
0.17825000000000002       -34.06363821505131
0.17827500000000002       -34.067692736461694
0.17830000000000001       -34.071891495885055
0.178325                  -34.07613337612703
0.17835                   -34.08031493714043
0.178375                  -34.08433548299143
0.1784                    -34.08810202790668
0.178425                  -34.091533911941674
0.17845                   -34.09456682951464
0.178475                  -34.09715606029761
0.17850000000000002       -34.09927873095977
0.17852500000000002       -34.10093498612858
0.17855000000000001       -34.10214800476305
0.178575                  -34.10296286022333
0.1786                    -34.10344428453601
0.178625                  -34.1036734555515
0.17865                   -34.10374397613588
0.178675                  -34.103757254278655
0.1787                    -34.10381752008229
0.178725                  -34.10402672918198
0.17875000000000002       -34.10447960240947
0.17877500000000002       -34.10525903950241
0.17880000000000001       -34.10643212199887
0.178825                  -34.10804688908893
0.17885                   -34.110130032131906
0.178875                  -34.11268561068384
0.1789                    -34.11569484690871
0.178925                  -34.11911700765258
0.17895                   -34.12289133559468
0.178975                  -34.12693994407863
0.17900000000000002       -34.13117154590025
0.17902500000000002       -34.1354858461012
0.17905000000000001       -34.139778394525734
0.179075                  -34.14394566753815
0.1791                    -34.14789013187971
0.179125                  -34.151525038964444
0.17915                   -34.154778706281235
0.179175                  -34.157598064535996
0.1792                    -34.15995128429736
0.179225                  -34.16182934267408
0.17925000000000002       -34.16324644635355
0.17927500000000002       -34.164239288683085
0.17930000000000001       -34.16486518132902
0.179325                  -34.16519916119211
0.17935                   -34.165330226764105
0.179375                  -34.16535690171707
0.1794                    -34.16538235491818
0.179425                  -34.165509324042816
0.17945                   -34.165835094380796
0.179475                  -34.166446776085934
0.17950000000000002       -34.167417103486684
0.17952500000000002       -34.16880095104418
0.17955000000000002       -34.17063272414654
0.179575                  -34.17292474113859
0.1796                    -34.175666677594776
0.179625                  -34.17882609642686
0.17965                   -34.18235003938834
0.179675                  -34.186167608241476
0.1797                    -34.190193418690654
0.179725                  -34.1943317687189
0.17975000000000002       -34.19848132695507
0.17977500000000002       -34.20254011808812
0.17980000000000002       -34.20641056312634
0.179825                  -34.210004324320295
0.17985                   -34.21324670926967
0.179875                  -34.21608040687334
0.1799                    -34.21846835920147
0.179925                  -34.22039561684583
0.17995                   -34.22187007854139
0.179975                  -34.22292207561344
0.18000000000000002       -34.22360282419642
0.18002500000000002       -34.223981829029
0.18005000000000002       -34.224143377946184
0.180075                  -34.22418231251739
0.1801                    -34.224199295046645
0.180125                  -34.22429581383943
0.18015                   -34.22456917681437
0.180175                  -34.225107738727736
0.1802                    -34.22598659077159
0.180225                  -34.22726391486986
0.18025000000000002       -34.22897817061746
0.18027500000000002       -34.23114624246596
0.18030000000000002       -34.233762630288375
0.180325                  -34.23679971948497
0.18035                   -34.240209118778104
0.180375                  -34.243924006154835
0.1804                    -34.247862377453245
0.180425                  -34.251931049387736
0.18045                   -34.256030231107665
0.180475                  -34.260058447607626
0.18050000000000002       -34.26391757647024
0.18052500000000002       -34.267517748442444
0.18055000000000002       -34.270781863795506
0.180575                  -34.273649491249024
0.1806                    -34.276079944528334
0.180625                  -34.27805437240955
0.18065                   -34.279576749332826
0.180675                  -34.280673712291005
0.1807                    -34.28139325195077
0.180725                  -34.28180232768822
0.18075                   -34.28198353332966
0.18077500000000002       -34.28203098926212
0.18080000000000002       -34.28204567441274
0.180825                  -34.282130436613855
0.18085                   -34.28238493138524
0.180875                  -34.28290073749746
0.1809                    -34.283756883959384
0.180925                  -34.28501599897792
0.18095                   -34.28672125891684
0.180975                  -34.288894276321514
0.181                     -34.291534022534535
0.18102500000000002       -34.294616833960106
0.18105000000000002       -34.298097503105424
0.181075                  -34.301911407490465
0.1811                    -34.305977582730975
0.181125                  -34.310202602047994
0.18115                   -34.314485084826345
0.181175                  -34.31872062353824
0.1812                    -34.322806893409954
0.181225                  -34.326648694656406
0.18125                   -34.3301626746925
0.18127500000000002       -34.333281488652204
0.18130000000000002       -34.33595718119078
0.18132500000000001       -34.338163610271465
0.18135                   -34.33989778268642
0.181375                  -34.34118002862198
0.1814                    -34.34205300499266
0.181425                  -34.34257958038498
0.18145                   -34.34283971404638
0.181475                  -34.342926493568456
0.1815                    -34.3429415376317
0.18152500000000002       -34.34298999928989
0.18155000000000002       -34.34317542077678
0.18157500000000001       -34.34359469278269
0.1816                    -34.34433336053332
0.181625                  -34.3454614974032
0.18165                   -34.34703033615633
0.181675                  -34.34906981026627
0.1817                    -34.35158711506384
0.181725                  -34.35456635242668
0.18175                   -34.35796927487635
0.18177500000000002       -34.36173709664874
0.18180000000000002       -34.36579329187512
0.18182500000000001       -34.370047254865256
0.18185                   -34.37439865621467
0.181875                  -34.37874229289008
0.1819                    -34.382973202581894
0.181925                  -34.386991794500574
0.18195                   -34.39070874230515
0.181975                  -34.39404939140807
0.182                     -34.39695745318662
0.18202500000000002       -34.39939779236297
0.18205000000000002       -34.401358159602474
0.18207500000000001       -34.4028497767353
0.1821                    -34.403906743504685
0.182125                  -34.40458429833639
0.18215                   -34.4049560270382
0.182175                  -34.40511016853018
0.1822                    -34.40514521226416
0.182225                  -34.40516501544058
0.18225                   -34.40527368809775
0.18227500000000002       -34.40557050036401
0.18230000000000002       -34.40614505932584
0.18232500000000001       -34.407072984504936
0.18235                   -34.408412282734474
0.182375                  -34.41020058733522
0.1824                    -34.41245338492759
0.182425                  -34.41516330781123
0.18245                   -34.41830052221011
0.182475                  -34.42181419424984
0.1825                    -34.42563496765373
0.18252500000000002       -34.42967834120318
0.18255000000000002       -34.433848791547014
0.18257500000000002       -34.43804444971296
0.1826                    -34.4421621096128
0.182625                  -34.44610232596722
0.18265                   -34.44977434931733
0.182675                  -34.45310064867853
0.1827                    -34.456020788816865
0.182725                  -34.458494459075695
0.18275                   -34.46050349307043
0.18277500000000002       -34.462052771222446
0.18280000000000002       -34.463169957856614
0.18282500000000002       -34.463904087565794
0.18285                   -34.46432307753808
0.182875                  -34.46451029944199
0.1829                    -34.46456039267968
0.182925                  -34.464574537614375
0.18295                   -34.46465543107496
0.182975                  -34.46490221646274
0.183                     -34.4654056175612
0.18302500000000002       -34.46624350990486
0.18305000000000002       -34.46747713804737
0.18307500000000002       -34.46914815328301
0.1831                    -34.47127660633386
0.183125                  -34.47385998509382
0.18315                   -34.47687334038524
0.183175                  -34.48027049431459
0.1832                    -34.4839862775842
0.183225                  -34.48793969541929
0.18325                   -34.49203787812077
0.18327500000000002       -34.4961806333768
0.18330000000000002       -34.500265385281324
0.18332500000000002       -34.50419226155464
0.18335                   -34.50786907771423
0.183375                  -34.51121596656939
0.1834                    -34.51416941448685
0.183425                  -34.516685492618855
0.18345                   -34.51874211088154
0.183475                  -34.52034017299216
0.1835                    -34.52150356936158
0.18352500000000002       -34.522278007347154
0.18355000000000002       -34.522728741120886
0.18357500000000002       -34.52293732201676
0.1836                    -34.522997540935314
0.183625                  -34.5230107742358
0.18365                   -34.52308097159661
0.183675                  -34.52330953773799
0.1837                    -34.523790359887435
0.183725                  -34.52460522048746
0.18375                   -34.52581981154753
0.18377500000000002       -34.527480535186406
0.18380000000000002       -34.52961223631483
0.18382500000000002       -34.53221696997375
0.18385                   -34.5352738592628
0.183875                  -34.538740051560666
0.1839                    -34.54255273221421
0.183925                  -34.54663210740947
0.18395                   -34.55088522299861
0.183975                  -34.555210445309655
0.184                     -34.559502395304875
0.184025                  -34.56365710093674
0.18405000000000002       -34.56757711624407
0.18407500000000002       -34.57117635146931
0.1841                    -34.57438436758471
0.184125                  -34.577149911615564
0.18415                   -34.57944350555386
0.184175                  -34.581258949843004
0.1842                    -34.58261365967248
0.184225                  -34.58354781504163
0.18425                   -34.58412236956573
0.184275                  -34.58441602400499
0.18430000000000002       -34.58452132450914
0.18432500000000002       -34.58454008931403
0.18435                   -34.58457839881674
0.184375                  -34.58474140143895
0.1844                    -34.58512819140483
0.184425                  -34.58582700538662
0.18445                   -34.58691096446508
0.184475                  -34.58843455796081
0.1845                    -34.59043102848272
0.184525                  -34.59291077499473
0.18455000000000002       -34.59586084459611
0.18457500000000002       -34.59924553559589
0.18460000000000001       -34.60300808571384
0.184625                  -34.607073371182494
0.18465                   -34.61135149654782
0.184675                  -34.61574211264603
0.1847                    -34.620139263377496
0.184725                  -34.62443653251568
0.18475                   -34.62853224196372
0.184775                  -34.632334444547624
0.18480000000000002       -34.63576545914528
0.18482500000000002       -34.6387657145159
0.18485000000000001       -34.64129670048509
0.184875                  -34.64334286990939
0.1849                    -34.64491238971704
0.184925                  -34.646036700942695
0.18495                   -34.646768911995
0.184975                  -34.647181112089974
0.185                     -34.64736074868982
0.185025                  -34.64740626033792
0.18505                   -34.6474221918323
0.185075                  -34.647514040691675
0.18510000000000001       -34.647783091932126
0.185125                  -34.648321492891306
0.18515                   -34.649207802586226
0.185175                  -34.65050322274168
0.1852                    -34.652248682255845
0.185225                  -34.65446290553176
0.18525                   -34.65714154967835
0.185275                  -34.660257447721385
0.1853                    -34.66376194611881
0.185325                  -34.66758727639621
0.18535000000000001       -34.671649853986594
0.185375                  -34.675854353892795
0.1854                    -34.68009837432504
0.185425                  -34.68427746794119
0.18545                   -34.688290297785734
0.185475                  -34.69204366345945
0.1855                    -34.69545714409606
0.185525                  -34.69846711939259
0.18555                   -34.701029958372885
0.185575                  -34.703124206824285
0.1856                    -34.704751656378356
0.185625                  -34.70593723792665
0.18565                   -34.706727745614515
0.185675                  -34.707189460790524
0.1857                    -34.707404803793594
0.185725                  -34.707468191603176
0.18575                   -34.70748131825345
0.185775                  -34.7075481006754
0.1858                    -34.707769544558175
0.185825                  -34.70823878323359
0.18585                   -34.70903652864613
0.185875                  -34.71022714890355
0.1859                    -34.711855553725286
0.185925                  -34.71394502936785
0.18595                   -34.71649612022931
0.185975                  -34.71948660702438
0.186                     -34.72287258268318
0.186025                  -34.72659057834329
0.18605                   -34.73056064435897
0.186075                  -34.73469024664314
0.1861                    -34.73887879859163
0.186125                  -34.74302261523198
0.18615                   -34.747020051152084
0.186175                  -34.750776569226105
0.1862                    -34.754209484924694
0.186225                  -34.75725214227565
0.18625                   -34.759857302697064
0.186275                  -34.76199956629023
0.1863                    -34.76367669495424
0.186325                  -34.764909765004354
0.18635                   -34.76574214012872
0.186375                  -34.76623731929512
0.1864                    -34.76647577435007
0.186425                  -34.766550944644486
0.18645                   -34.766564597941944
0.186475                  -34.7666217960049
0.1865                    -34.76682571862553
0.186525                  -34.767272601561444
0.18655                   -34.768047032838766
0.186575                  -34.769217829816334
0.1866                    -34.77083468823153
0.186625                  -34.772925756222506
0.18665                   -34.775496242988936
0.186675                  -34.77852812505046
0.1867                    -34.7819809645107
0.186725                  -34.78579380470893
0.18675                   -34.78988806048633
0.186775                  -34.79417127445592
0.1868                    -34.79854156878948
0.186825                  -34.80289258600557
0.18685                   -34.80711868413079
0.186875                  -34.81112013352241
0.1869                    -34.81480805650345
0.186925                  -34.81810885821402
0.18695                   -34.82096791839573
0.186975                  -34.823352348865384
0.187                     -34.825252668717084
0.187025                  -34.82668330621581
0.18705                   -34.8276818993515
0.187075                  -34.82830743193295
0.1871                    -34.828637304538596
0.187125                  -34.828763495488296
0.18715                   -34.82878801281839
0.187175                  -34.82881787157175
0.1872                    -34.82895985023721
0.187225                  -34.82931528569801
0.18725                   -34.8299751583656
0.187275                  -34.8310156997993
0.1873                    -34.83249472598988
0.187325                  -34.83444886271584
0.18735                   -34.83689178699122
0.187375                  -34.8398135624375
0.1874                    -34.84318109801581
0.187425                  -34.84693971034545
0.18745                   -34.85101572113138
0.187475                  -34.855319974403706
0.1875                    -34.859752114887684
0.187525                  -34.86420543066589
0.18755                   -34.868572032375944
0.187575                  -34.87274811962684
0.1876                    -34.87663907512983
0.18762500000000001       -34.88016412986584
0.18765                   -34.883260359414614
0.187675                  -34.885885802372876
0.1877                    -34.88802153549365
0.187725                  -34.88967259453342
0.18775                   -34.890867691511545
0.187775                  -34.891657744131564
0.1878                    -34.89211329710063
0.187825                  -34.8923209737355
0.18785                   -34.89237914583716
0.18787500000000001       -34.89239304752761
0.1879                    -34.892469582861764
0.187925                  -34.8927120870015
0.18795                   -34.89321529706538
0.187975                  -34.89406077276703
0.188                     -34.895312980485464
0.188025                  -34.897016219572514
0.18805                   -34.899192528590945
0.188075                  -34.90184066372305
0.1881                    -34.904936193483806
0.18812500000000001       -34.90843270459423
0.18815                   -34.91226406477972
0.188175                  -34.91634764071977
0.1882                    -34.920588324891966
0.188225                  -34.92488318533912
0.18825                   -34.929126519383445
0.188275                  -34.93321506809327
0.1883                    -34.937053134910656
0.188325                  -34.94055735101229
0.18835                   -34.94366084285109
0.18837500000000001       -34.94631658419734
0.1884                    -34.94849975508353
0.188425                  -34.950208981427636
0.18845                   -34.95146638876705
0.188475                  -34.952316467651364
0.1885                    -34.95282381252507
0.188525                  -34.95306985607064
0.18855                   -34.953148773096785
0.188575                  -34.95316276907027
0.1886                    -34.95321699628059
0.18862500000000001       -34.95341435452263
0.18865                   -34.95385043328617
0.188675                  -34.95460883984706
0.1887                    -34.95575713406656
0.188725                  -34.95734355815093
0.18875                   -34.95939471019327
0.188775                  -34.96191426597983
0.1888                    -34.96488280604476
0.188825                  -34.96825875583406
0.18885                   -34.971980397485886
0.188875                  -34.97596886352558
0.1889                    -34.98013197719175
0.188925                  -34.98436876284043
0.18895                   -34.98857441482898
0.188975                  -34.99264548653909
0.189                     -34.99648504484186
0.189025                  -35.000007531187805
0.18905                   -35.003143079946234
0.189075                  -35.00584106814126
0.1891                    -35.00807270781797
0.189125                  -35.00983254126085
0.18915                   -35.011138757407934
0.189175                  -35.012032311386264
0.1892                    -35.01257489390339
0.189225                  -35.0128458589065
0.18925                   -35.01293827243333
0.189275                  -35.01295428962579
0.1893                    -35.01300009816948
0.189325                  -35.01318068381514
0.18935                   -35.01359467709667
0.189375                  -35.014329530792864
0.1894                    -35.01545725667338
0.189425                  -35.01703091959789
0.18945                   -35.01908204918729
0.189475                  -35.02161908605079
0.1895                    -35.02462693271517
0.189525                  -35.02806763051752
0.18955                   -35.03188213417924
0.189575                  -35.03599310691732
0.1896                    -35.040308612197336
0.189625                  -35.044726535214245
0.18965                   -35.04913952977399
0.189675                  -35.053440256521256
0.1897                    -35.057526658571064
0.189725                  -35.06130701255518
0.18975                   -35.064704498451185
0.189775                  -35.06766105114119
0.1898                    -35.07014029027127
0.189825                  -35.0721293713183
0.18985                   -35.07363965732422
0.189875                  -35.07470617403139
0.1899                    -35.075385876959125
0.189925                  -35.07575482285025
0.18995                   -35.0759043956394
0.189975                  -35.075936785042636
0.19                      -35.07595995140197
0.190025                  -35.07608233204695
0.19005                   -35.07640755183228
0.190075                  -35.0770293943687
0.1901                    -35.078027272255945
0.190125                  -35.0794624062972
0.19015                   -35.081374887352744
0.190175                  -35.08378175225342
0.1902                    -35.08667615891594
0.190225                  -35.09002769710813
0.19025                   -35.09378382162217
0.190275                  -35.09787234524846
0.1903                    -35.10220488126435
0.190325                  -35.106681080688666
0.19035                   -35.111193470079684
0.190375                  -35.11563266318164
0.1904                    -35.1198926964046
0.190425                  -35.12387622603864
0.19045                   -35.127499326005946
0.190475                  -35.13069563994704
0.1905                    -35.13341967070272
0.190525                  -35.13564903284656
0.19055                   -35.137385547719845
0.190575                  -35.1386551222116
0.1906                    -35.1395064182894
0.190625                  -35.140008385581424
0.19065000000000001       -35.14024678974481
0.190675                  -35.140319921043776
0.1907                    -35.14033370749819
0.190725                  -35.1403964832589
0.19075                   -35.14061367481623
0.190775                  -35.141082665639864
0.1908                    -35.14188808514089
0.190825                  -35.14309774228551
0.19085                   -35.14475938989558
0.190875                  -35.14689846478704
0.19090000000000001       -35.149516903404376
0.190925                  -35.15259308424439
0.19095                   -35.15608289863532
0.190975                  -35.159921901713616
0.191                     -35.16402844708012
0.191025                  -35.168307663099355
0.19105                   -35.172656087826866
0.191075                  -35.17696674504569
0.1911                    -35.18113441796285
0.191125                  -35.18506086185575
0.19115000000000001       -35.188659694202755
0.191175                  -35.19186071186584
0.1912                    -35.194613410154325
0.191225                  -35.19688951746075
0.19125                   -35.198684409828296
0.191275                  -35.20001732937702
0.1913                    -35.20093039518493
0.191325                  -35.2014864606629
0.19135                   -35.201765933267495
0.191375                  -35.20186272653235
0.19140000000000001       -35.20187955761196
0.191425                  -35.20192283362147
0.19145                   -35.20209738598606
0.191475                  -35.20250131387058
0.1915                    -35.203221186559844
0.191525                  -35.20432783208308
0.19155                   -35.20587290746251
0.191575                  -35.20788640684621
0.1916                    -35.21037521947568
0.191625                  -35.21332280173808
0.19165000000000001       -35.216689978026764
0.191675                  -35.22041683519178
0.1917                    -35.224425626371804
0.191725                  -35.22862455342687
0.19175                   -35.232912254701304
0.191775                  -35.23718278834353
0.1918                    -35.24133087298763
0.191825                  -35.24525712939626
0.19185                   -35.24887306061507
0.191875                  -35.25210551574893
0.19190000000000002       -35.25490040430859
0.191925                  -35.25722546383557
0.19195                   -35.259071931671336
0.191975                  -35.26045502962866
0.192                     -35.26141323432077
0.192025                  -35.262006371752534
0.19205                   -35.26231263802936
0.192075                  -35.26242470452064
0.1921                    -35.26244511204887
0.192125                  -35.26248119219004
0.19215000000000002       -35.26263977325543
0.192175                  -35.26302193381193
0.1922                    -35.26371805851121
0.192225                  -35.2648034310902
0.19225                   -35.266334569654695
0.192275                  -35.268346471889586
0.1923                    -35.27085089469523
0.192325                  -35.273835745763755
0.19235                   -35.277265615372436
0.192375                  -35.281083426590804
0.1924                    -35.28521313251183
0.192425                  -35.289563341434636
0.19245                   -35.294031706748605
0.192475                  -35.29850987945279
0.1925                    -35.30288878987778
0.192525                  -35.307064003456254
0.19255                   -35.31094088539386
0.192575                  -35.31443931250773
0.1926                    -35.31749768829419
0.192625                  -35.320076049444225
0.19265                   -35.32215809736628
0.192675                  -35.323752044423
0.1927                    -35.32489022811088
0.192725                  -35.32562751311624
0.19275                   -35.32603856654618
0.192775                  -35.32621415127653
0.1928                    -35.326256632499295
0.192825                  -35.32627493036145
0.19285                   -35.32637917539583
0.192875                  -35.32667533278021
0.1929                    -35.327260056917616
0.192925                  -35.32821602083114
0.19295                   -35.32960793735366
0.192975                  -35.33147945322827
0.193                     -35.333851055146354
0.193025                  -35.33671908036562
0.19305                   -35.34005587554105
0.193075                  -35.34381109721089
0.1931                    -35.34791409733305
0.193125                  -35.35227728871144
0.19315                   -35.35680033959254
0.193175                  -35.36137500590339
0.1932                    -35.36589037555362
0.193225                  -35.37023827411488
0.19325                   -35.374318567174626
0.193275                  -35.37804409359475
0.1933                    -35.38134497703859
0.193325                  -35.38417209080308
0.19335                   -35.38649949242589
0.193375                  -35.388325697735304
0.1934                    -35.38967372584999
0.193425                  -35.390589913112684
0.19345                   -35.391141560563526
0.193475                  -35.39141354181687
0.1935                    -35.391504052048944
0.193525                  -35.39151972103737
0.19355                   -35.3915703417421
0.193575                  -35.39176347991605
0.1936                    -35.392199229951885
0.193625                  -35.39296536880589
0.19365                   -35.394133135215434
0.193675                  -35.3957538276906
0.1937                    -35.39785637410232
0.193725                  -35.4004459801456
0.19375                   -35.40350391531491
0.193775                  -35.40698844483015
0.1938                    -35.41083686557562
0.193825                  -35.41496855491046
0.19385                   -35.419288894637404
0.193875                  -35.42369389015438
0.1939                    -35.42807526878747
0.19392500000000001       -35.43232581363447
0.19395                   -35.43634467208794
0.193975                  -35.44004237348841
0.194                     -35.44334529950055
0.194025                  -35.446199374402866
0.19405                   -35.44857278006863
0.194075                  -35.45045755033887
0.1941                    -35.45186995893718
0.194125                  -35.452849680289624
0.19415                   -35.453457769228784
0.19417500000000001       -35.45377356906911
0.1942                    -35.453890713755165
0.194225                  -35.45391243526805
0.19425                   -35.453946419838374
0.194275                  -35.45409947455497
0.1943                    -35.45447226963259
0.194325                  -35.45515441184838
0.19435                   -35.45622008312559
0.194375                  -35.457724446988166
0.1944                    -35.459700986802716
0.19442500000000001       -35.46215989543593
0.19445                   -35.46508758803502
0.194475                  -35.46844735968975
0.1945                    -35.472181159181616
0.194525                  -35.476212400234
0.19455                   -35.480449684094744
0.194575                  -35.48479126355212
0.1946                    -35.489130040502104
0.194625                  -35.49335885905626
0.19465                   -35.49737583609029
0.19467500000000001       -35.50108946311252
0.1947                    -35.504423218959204
0.194725                  -35.50731945292537
0.19475                   -35.50974233231722
0.194775                  -35.51167969569535
0.1948                    -35.51314371070768
0.194825                  -35.514170299811546
0.19485                   -35.514817364082205
0.194875                  -35.51516190016436
0.1949                    -35.515296163927246
0.19492500000000001       -35.51532308287414
0.19495                   -35.515351155172155
0.194975                  -35.5154890948201
0.195                     -35.51584048965693
0.195025                  -35.516498732363694
0.19505                   -35.51754246583976
0.195075                  -35.519031755327376
0.1951                    -35.52100516257585
0.195125                  -35.523477854277175
0.19515                   -35.52644082985425
0.19517500000000002       -35.529861304074196
0.1952                    -35.533684229319874
0.195225                  -35.53783489202024
0.19525                   -35.542222469106235
0.195275                  -35.54674438500172
0.1953                    -35.55129126941784
0.195325                  -35.55575228318723
0.19535                   -35.560020555785385
0.195375                  -35.563998466202776
0.1954                    -35.5676025002553
0.19542500000000002       -35.570767433374385
0.19545                   -35.573449618553205
0.195475                  -35.575629203420284
0.1955                    -35.57731115611653
0.195525                  -35.57852504340297
0.19555                   -35.57932357203444
0.195575                  -35.57977997130457
0.1956                    -35.57998435628318
0.195625                  -35.580039263669754
0.19565                   -35.58005459235042
0.195675                  -35.58014220681572
0.1957                    -35.58041047294589
0.195725                  -35.580958992786556
0.19575                   -35.581873789191604
0.195775                  -35.583223164539625
0.1958                    -35.58505442233126
0.195825                  -35.58739159852872
0.19585                   -35.590234302992585
0.195875                  -35.59355772202447
0.1959                    -35.59731378230968
0.195925                  -35.601433425802554
0.19595                   -35.60582989564301
0.195975                  -35.610402886516425
0.196                     -35.61504337070236
0.196025                  -35.61963887540684
0.19605                   -35.62407896004275
0.196075                  -35.628260626132445
0.1961                    -35.632093389423105
0.196125                  -35.635503755021965
0.19615                   -35.638438862383424
0.196175                  -35.64086910719807
0.1962                    -35.64278959979057
0.196225                  -35.644220381495714
0.19625                   -35.64520538767057
0.196275                  -35.64581021397194
0.1963                    -35.64611880665746
0.196325                  -35.646229253733416
0.19635                   -35.6462488983827
0.196375                  -35.646289026991745
0.1964                    -35.64645940022133
0.196425                  -35.64686289708029
0.19645                   -35.64759052998683
0.196475                  -35.6487170651487
0.1965                    -35.650297449428706
0.196525                  -35.652364204427904
0.19655                   -35.654925902910676
0.196575                  -35.65796679375638
0.1966                    -35.661447590928276
0.196625                  -35.6653073908974
0.19665                   -35.66946663288812
0.196675                  -35.673830968665584
0.1967                    -35.67829586501523
0.196725                  -35.682751724491084
0.19675                   -35.68708928056948
0.196775                  -35.69120500424515
0.1968                    -35.69500625237839
0.196825                  -35.69841589529828
0.19685                   -35.701376183042875
0.196875                  -35.703851645875226
0.1969                    -35.705830873845635
0.196925                  -35.7073270794713
0.19695000000000001       -35.7083774133547
0.196975                  -35.709041070368556
0.197                     -35.70939628928783
0.197025                  -35.70953640710477
0.19705                   -35.709565177095236
0.197075                  -35.70959159442545
0.1971                    -35.709724493321595
0.197125                  -35.710067185388134
0.19715                   -35.710712400409946
0.197175                  -35.7117377705254
0.19720000000000001       -35.71320206807991
0.197225                  -35.71514236897676
0.19725                   -35.717572269064064
0.197275                  -35.72048123293638
0.1973                    -35.72383510413381
0.197325                  -35.72757775453266
0.19735                   -35.731633800104326
0.197375                  -35.735912261602884
0.1974                    -35.74031100374766
0.197425                  -35.74472174697696
0.19745000000000001       -35.7490354139826
0.197475                  -35.753147551222135
0.1975                    -35.756963555566024
0.197525                  -35.76040343987838
0.19755                   -35.76340588963491
0.197575                  -35.76593139562212
0.1976                    -35.767964294119786
0.197625                  -35.769513603303636
0.19765                   -35.77061260939598
0.197675                  -35.77131722405248
0.19770000000000001       -35.77170320097866
0.197725                  -35.77186236035752
0.19775                   -35.7718980204935
0.197775                  -35.771919874278865
0.1978                    -35.77203857199257
0.197825                  -35.77236028110071
0.19785                   -35.77298148877462
0.197875                  -35.77398429524974
0.1979                    -35.775432417906636
0.197925                  -35.777368089264144
0.19795000000000001       -35.77980998908968
0.197975                  -35.782752303497915
0.198                     -35.78616495390436
0.198025                  -35.78999498747669
0.19805                   -35.79416906962336
0.198075                  -35.79859696945072
0.1981                    -35.80317588255923
0.198125                  -35.807795393857575
0.19815                   -35.812342848345054
0.198175                  -35.81670887231772
0.19820000000000002       -35.82079277343304
0.198225                  -35.82450754744561
0.19825                   -35.82778423347914
0.198275                  -35.830575388752294
0.1983                    -35.83285749687211
0.198325                  -35.834632179030876
0.19835                   -35.83592614140488
0.198375                  -35.83678986057181
0.1984                    -35.83729507717237
0.198425                  -35.837531231689404
0.19845000000000002       -35.83760103095869
0.198475                  -35.837615376632655
0.1985                    -35.83768791523907
0.198525                  -35.83792948292104
0.19855                   -35.83844271678892
0.198575                  -35.83931709036947
0.1986                    -35.84062460483795
0.198625                  -35.842416332794045
0.19865                   -35.844719969531525
0.198675                  -35.847538500106154
0.19870000000000002       -35.8508500407979
0.198725                  -35.85460886229824
0.19875                   -35.85874755047175
0.198775                  -35.863180210162646
0.1988                    -35.86780656969987
0.198825                  -35.872516800204195
0.19885                   -35.877196826518386
0.198875                  -35.881733877792826
0.1989                    -35.88602200774957
0.198925                  -35.88996730949261
0.19895                   -35.89349255897124
0.198975                  -35.896541045517665
0.199                     -35.899079386825306
0.199025                  -35.90109917760453
0.19905                   -35.90261738301285
0.199075                  -35.90367545585627
0.1991                    -35.90433722590694
0.199125                  -35.90468567573587
0.19915                   -35.90481877582038
0.199175                  -35.904844598762466
0.1992                    -35.90487596576872
0.199225                  -35.90502489688444
0.19925                   -35.90539713985863
0.199275                  -35.906087041989984
0.1993                    -35.90717300665566
0.199325                  -35.9087137436457
0.19935                   -35.91074548221256
0.199375                  -35.913280270056575
0.1994                    -35.916305432205775
0.199425                  -35.91978421253232
0.19945                   -35.92365756888801
0.199475                  -35.92784704187818
0.1995                    -35.93225856854409
0.199525                  -35.936787067320715
0.19955                   -35.94132158148537
0.199575                  -35.945750737065595
0.1996                    -35.949968250091366
0.199625                  -35.95387820928571
0.19965                   -35.957399865477285
0.199675                  -35.96047167911114
0.1997                    -35.9630544121018
0.199725                  -35.96513309856482
0.19975                   -35.96671778808509
0.199775                  -35.96784302146047
0.1998                    -35.96856606787785
0.199825                  -35.968964019524236
0.19985                   -35.969129900203576
0.199875                  -35.969167994797424
0.1999                    -35.969188643580544
0.199925                  -35.96930276791853
0.19995                   -35.969616401406896
0.199975                  -35.970225493824394
0.2                       -35.971211235949085
0.200025                  -35.97263612340516
0.20005                   -35.974540939531394
0.200075                  -35.97694279298028
0.2001                    -35.97983429733549
0.200125                  -35.98318392916416
0.20015                   -35.986937549067704
0.200175                  -35.99102101882396
0.2002                    -35.99534379803606
0.20022500000000001       -35.999803357418415
0.20025                   -36.004290204822496
0.200275                  -36.00869328646432
0.2003                    -36.012905501835796
0.200325                  -36.01682905867007
0.20035                   -36.020380395926324
0.200375                  -36.02349441920366
0.2004                    -36.02612782443519
0.200425                  -36.028261331094676
0.20045                   -36.02990070315243
0.20047500000000001       -36.03107650118893
0.2005                    -36.03184257811216
0.200525                  -36.03227339912255
0.20055                   -36.032460329308826
0.200575                  -36.03250708550298
0.2006                    -36.03252458970345
0.200625                  -36.03262548762724
0.20065                   -36.03291860716666
0.200675                  -36.03350362823795
0.2007                    -36.0344662191404
0.20072500000000001       -36.035873867090956
0.20075                   -36.03777259430445
0.200775                  -36.04018470806735
0.2008                    -36.04310768571422
0.200825                  -36.046514244987684
0.20085                   -36.050353598426
0.200875                  -36.05455383851944
0.2009                    -36.05902534976629
0.200925                  -36.06366509596834
0.20095                   -36.06836158793318
0.20097500000000001       -36.07300030029028
0.201                     -36.07746927868392
0.201025                  -36.08166466249615
0.20105                   -36.08549584552256
0.201075                  -36.08889000910976
0.2011                    -36.091795789667486
0.201125                  -36.094185884507354
0.20115                   -36.09605845465927
0.201175                  -36.09743724747208
0.2012                    -36.098370431243644
0.20122500000000001       -36.0989282041137
0.20125                   -36.0991993051978
0.201275                  -36.099286613108525
0.2013                    -36.09930206215787
0.201325                  -36.099361137406014
0.20135                   -36.09957722535257
0.201375                  -36.10005609771104
0.2014                    -36.10089079261716
0.201425                  -36.10215713272164
0.20145                   -36.103910085175855
0.20147500000000002       -36.1061811268342
0.2015                    -36.108976731190864
0.201525                  -36.11227804346961
0.20155                   -36.11604175843908
0.201575                  -36.12020216328284
0.2016                    -36.124674256522695
0.201625                  -36.129357805006926
0.20165                   -36.134142156012686
0.201675                  -36.13891158256239
0.2017                    -36.14355090936585
0.20172500000000002       -36.14795114672012
0.20175                   -36.15201485241146
0.201775                  -36.155660948859406
0.2018                    -36.15882874527735
0.201825                  -36.161480952234726
0.20185                   -36.163605527141485
0.201875                  -36.16521625100758
0.2019                    -36.166352005442555
0.201925                  -36.16707478961913
0.20195                   -36.16746658496292
0.20197500000000002       -36.16762523607373
0.202                     -36.167659566024476
0.202025                  -36.16768398003177
0.20205                   -36.167812832147355
0.202075                  -36.16815483495524
0.2021                    -36.16880778324252
0.202125                  -36.1698538410054
0.20215                   -36.171355609174455
0.202175                  -36.17335315144494
0.2022                    -36.175862109809806
0.202225                  -36.17887299178028
0.20225                   -36.18235165950707
0.202275                  -36.18624099851794
0.2023                    -36.190463691898984
0.202325                  -36.19492597586627
0.20235                   -36.19952220640637
0.202375                  -36.20414002590102
0.2024                    -36.20866588555511
0.202425                  -36.21299065633132
0.20245                   -36.217015050181
0.202475                  -36.22065457647805
0.2025                    -36.22384377680264
0.202525                  -36.22653951463524
0.20255                   -36.22872314392181
0.202575                  -36.230401439382625
0.2026                    -36.231606238243394
0.202625                  -36.23239281332349
0.20265                   -36.23283706630974
0.202675                  -36.23303169290603
0.2027                    -36.23308152434901
0.202725                  -36.233098289509826
0.20275                   -36.2331950667014
0.202775                  -36.23348070389925
0.2028                    -36.23405448102899
0.202825                  -36.23500126981728
0.20285                   -36.23638741753978
0.202875                  -36.23825754313821
0.2029                    -36.2406323898774
0.202925                  -36.24350783000327
0.20295                   -36.24685506548508
0.202975                  -36.25062201637532
0.203                     -36.254735835963324
0.203025                  -36.25910644112955
0.20305                   -36.26363089869908
0.203075                  -36.26819846599326
0.2031                    -36.27269604832182
0.203125                  -36.27701381016116
0.20315                   -36.281050662521864
0.203175                  -36.28471934849
0.2032                    -36.287950863440706
0.203225                  -36.29069797629744
0.20325000000000001       -36.29293766255872
0.203275                  -36.294672316452505
0.2033                    -36.295929675118934
0.203325                  -36.296761457860434
0.20335                   -36.29724079343739
0.203375                  -36.297458573358746
0.2034                    -36.29751892487954
0.203425                  -36.29753404068533
0.20345                   -36.29761863094627
0.203475                  -36.29788427678862
0.20350000000000001       -36.298433962679475
0.203525                  -36.29935705012579
0.20355                   -36.30072492845007
0.203575                  -36.30258754250809
0.2036                    -36.30497095434251
0.203625                  -36.30787604799595
0.20365                   -36.31127843582425
0.203675                  -36.31512957216647
0.2037                    -36.31935902749323
0.203725                  -36.32387782451093
0.20375000000000001       -36.3285826886461
0.203775                  -36.33336102064624
0.2038                    -36.33809636080152
0.203825                  -36.34267408484924
0.20385                   -36.34698705336464
0.203875                  -36.35094093153636
0.2039                    -36.35445890627027
0.203925                  -36.35748555324969
0.20395                   -36.359989647400106
0.203975                  -36.36196576433798
0.20400000000000001       -36.363434584714085
0.204025                  -36.364441883734905
0.20405                   -36.365056259758866
0.204075                  -36.365365723783015
0.2041                    -36.36547333132808
0.204125                  -36.36549208602934
0.20415                   -36.36553937767313
0.204175                  -36.36573123533629
0.2042                    -36.36617667881433
0.204225                  -36.366972439844695
0.20425000000000001       -36.36819830066456
0.204275                  -36.369913263490275
0.2043                    -36.372152722936484
0.204325                  -36.37492676640029
0.20435                   -36.37821967691451
0.204375                  -36.381990660510525
0.2044                    -36.386175767091856
0.204425                  -36.39069092150315
0.20445                   -36.39543593128999
0.204475                  -36.40029929123574
0.20450000000000002       -36.40516356410624
0.204525                  -36.409911084398175
0.20455                   -36.414429709679055
0.204575                  -36.41861833461993
0.2046                    -36.42239188789966
0.204625                  -36.42568555283967
0.20465                   -36.42845798883577
0.204675                  -36.430693381003294
0.2047                    -36.432402207228705
0.204725                  -36.43362068115059
0.20475000000000002       -36.43440890179991
0.204775                  -36.434847810723255
0.2048                    -36.43503512063357
0.204825                  -36.43508043194993
0.20485                   -36.435099792084806
0.204875                  -36.43520997541391
0.2049                    -36.43552276924235
0.204925                  -36.43613954364038
0.20495                   -36.437146362498765
0.204975                  -36.43860986179198
0.20500000000000002       -36.440574081248606
0.205025                  -36.443058389717336
0.20505                   -36.44605659452128
0.205075                  -36.449537272729174
0.2051                    -36.45344530899912
0.205125                  -36.457704571801486
0.20515                   -36.46222160878019
0.205175                  -36.466890194343264
0.2052                    -36.47159652015783
0.205225                  -36.476224784234496
0.20525000000000002       -36.4806629090798
0.205275                  -36.484808106293855
0.2053                    -36.488572005961785
0.205325                  -36.49188508549855
0.20535                   -36.49470016449652
0.205375                  -36.4969947785771
0.2054                    -36.498772303916354
0.205425                  -36.50006177144341
0.20545                   -36.50091638123533
0.205475                  -36.50141079843802
0.2055                    -36.501637377289796
0.205525                  -36.50170151526642
0.20555                   -36.50171638177102
0.205575                  -36.501797293186506
0.2056                    -36.50205601785095
0.205625                  -36.50259529116693
0.20565                   -36.503503804116
0.205675                  -36.504851900024704
0.2057                    -36.506688176881596
0.205725                  -36.50903714816481
0.20575                   -36.51189806611035
0.205775                  -36.515244959430774
0.2058                    -36.51902788420831
0.205825                  -36.523175333405774
0.20585                   -36.52759769854156
0.205875                  -36.53219162810649
0.2059                    -36.53684508308844
0.205925                  -36.541442852651535
0.20595                   -36.54587226494699
0.205975                  -36.55002881159314
0.206                     -36.55382140165569
0.206025                  -36.55717697346575
0.20605                   -36.56004422084717
0.206075                  -36.56239623358046
0.2061                    -36.5642319081634
0.206125                  -36.56557605083073
0.20615                   -36.566478166057465
0.206175                  -36.5670099955129
0.2062                    -36.567261939722734
0.206225                  -36.56733855308812
0.20625                   -36.567353348884744
0.20627500000000001       -36.567423182136196
0.2063                    -36.56766249387296
0.206325                  -36.56817770055505
0.20635                   -36.56906199866895
0.206375                  -36.57039082871241
0.2064                    -36.57221820728486
0.206425                  -36.57457409316282
0.20645                   -36.57746290520872
0.206475                  -36.58086325858676
0.2065                    -36.58472893259004
0.20652500000000001       -36.58899102977746
0.20655                   -36.59356123340486
0.206575                  -36.59833601978248
0.2066                    -36.603201635948416
0.206625                  -36.608039612997075
0.20665                   -36.61273255390592
0.206675                  -36.61716991423079
0.2067                    -36.621253486883475
0.206725                  -36.62490231013004
0.20675                   -36.62805674183319
0.20677500000000001       -36.6306814824957
0.2068                    -36.63276738317845
0.206825                  -36.634331938855915
0.20685                   -36.63541843909653
0.206875                  -36.636093821248146
0.2069                    -36.63644534148814
0.206925                  -36.636576241425786
0.20695                   -36.636600638519965
0.206975                  -36.636637904692805
0.207                     -36.63680681783683
0.20702500000000001       -36.63721977541509
0.20705                   -36.637977349149686
0.207075                  -36.63916343679324
0.2071                    -36.64084123352389
0.207125                  -36.643050204036165
0.20715                   -36.64580418919194
0.207175                  -36.64909073011367
0.2072                    -36.65287163948073
0.207225                  -36.657084795913434
0.20725                   -36.66164708398888
0.20727500000000001       -36.666458351003385
0.2073                    -36.67140620370066
0.207325                  -36.67637142577899
0.20735                   -36.68123376235411
0.207375                  -36.685877793154724
0.2074                    -36.690198604465735
0.207425                  -36.69410697271183
0.20745                   -36.69753379131724
0.207475                  -36.70043350720791
0.2075                    -36.70278638282977
0.20752500000000002       -36.7045994612516
0.20755                   -36.70590618197524
0.207575                  -36.706764668775826
0.2076                    -36.7072547831254
0.207625                  -36.70747410255967
0.20765                   -36.70753303846768
0.207675                  -36.70754934906002
0.2077                    -36.707642328889925
0.207725                  -36.707926965825266
0.20775                   -36.70850835057912
0.20777500000000002       -36.709476604510705
0.2078                    -36.710902560678335
0.207825                  -36.71283439353678
0.20785                   -36.7152953466116
0.207875                  -36.71828265706563
0.2079                    -36.72176772307444
0.207925                  -36.72569750583545
0.20795                   -36.72999710418427
0.207975                  -36.73457338753774
0.208                     -36.7393195237732
0.20802500000000002       -36.74412019454065
0.20805                   -36.74885725356599
0.208075                  -36.753415556144176
0.2081                    -36.75768867265733
0.208125                  -36.76158419769671
0.20815                   -36.76502838066588
0.208175                  -36.76796983403048
0.2082                    -36.770382120822674
0.208225                  -36.772265081399304
0.20825                   -36.773644827303414
0.20827500000000002       -36.77457240290958
0.2083                    -36.775121188325286
0.208325                  -36.77538318475669
0.20835                   -36.7754643817574
0.208375                  -36.775479450988286
0.2084                    -36.77554604113296
0.208425                  -36.77577896261817
0.20845                   -36.7762845492267
0.208475                  -36.777155468019714
0.2085                    -36.77846622132227
0.20852500000000002       -36.78026954728976
0.20855                   -36.78259388117122
0.208575                  -36.78544199000128
0.2086                    -36.78879084094604
0.208625                  -36.79259270946325
0.20865                   -36.796777479190254
0.208675                  -36.80125603240601
0.2087                    -36.80592457954296
0.208725                  -36.810669730354554
0.20875                   -36.81537407010858
0.208775                  -36.819921973970615
0.2088                    -36.82420537403075
0.208825                  -36.82812918844992
0.20885                   -36.83161613261423
0.208875                  -36.834610658698345
0.2089                    -36.83708181213539
0.208925                  -36.83902484927752
0.20895                   -36.8404615267872
0.208975                  -36.841439045717244
0.209                     -36.84202770685119
0.209025                  -36.84231740358834
0.20905                   -36.842413139801906
0.209075                  -36.84242980891463
0.2091                    -36.8424865044066
0.209125                  -36.84270064995499
0.20915                   -36.843182239579505
0.209175                  -36.84402846578804
0.2092                    -36.84531898878939
0.209225                  -36.84711206474716
0.20925                   -36.84944170822276
0.209275                  -36.852316015629256
0.2093                    -36.85571672460869
0.209325                  -36.85960003034578
0.20935                   -36.863898625310995
0.209375                  -36.86852487509969
0.2094                    -36.87337499134047
0.209425                  -36.87833401480305
0.20945                   -36.883281379914685
0.209475                  -36.88809679828171
0.2095                    -36.892666176050646
0.209525                  -36.896887270450655
0.20955000000000001       -36.90067479657307
0.209575                  -36.903964717441575
0.2096                    -36.90671748859957
0.209625                  -36.908920081291924
0.20965                   -36.910586672948924
0.209675                  -36.91175796597843
0.2097                    -36.91249917090777
0.209725                  -36.912896762455716
0.20975                   -36.913054182205556
0.209775                  -36.91308671504168
0.20980000000000001       -36.91311580545531
0.209825                  -36.91326310266652
0.20985                   -36.91364453008676
0.209875                  -36.914364665986845
0.2099                    -36.91551170023757
0.209925                  -36.91715319904185
0.20995                   -36.9193328681916
0.209975                  -36.92206845792511
0.21                      -36.925350900973484
0.210025                  -36.929144721558494
0.21005000000000001       -36.93338969834458
0.210075                  -36.938003709938656
0.2101                    -36.942886638819104
0.210125                  -36.947925160147534
0.21015                   -36.95299819770924
0.210175                  -36.95798279252933
0.2102                    -36.96276010304624
0.210225                  -36.967221241603404
0.21025                   -36.97127265260508
0.210275                  -36.97484075439685
0.21030000000000001       -36.97787560010176
0.210325                  -36.98035336124888
0.21035                   -36.982277499613545
0.210375                  -36.98367856347862
0.2104                    -36.98461261977231
0.210425                  -36.98515840799728
0.21045                   -36.98541337038317
0.210475                  -36.98548877075923
0.2105                    -36.98550415884614
0.210525                  -36.98558146496309
0.21055000000000001       -36.985839021927504
0.210575                  -36.986385806867446
0.2106                    -36.98731617744659
0.210625                  -36.98870534691811
0.21065                   -36.990605803023335
0.210675                  -36.99304482950928
0.2107                    -36.99602323815735
0.210725                  -36.99951536553208
0.21075                   -37.00347033369877
0.210775                  -37.00781451925723
0.21080000000000002       -37.01245512153218
0.210825                  -37.017284670162056
0.21085                   -37.022186266466186
0.210875                  -37.02703931402265
0.2109                    -37.03172546430549
0.210925                  -37.03613448552012
0.21095                   -37.04016975920068
0.210975                  -37.0437531213252
0.211                     -37.046828793305295
0.211025                  -37.0493661925737
0.21105000000000002       -37.051361470569084
0.211075                  -37.05283769429177
0.2111                    -37.053843661784384
0.211125                  -37.05445141675427
0.21115                   -37.05475259789911
0.211175                  -37.05485381961668
0.2112                    -37.05487132894365
0.211225                  -37.054925216348686
0.21125                   -37.05513347439284
0.211275                  -37.05560619858885
0.21130000000000002       -37.05644021044657
0.211325                  -37.057714355814284
0.21135                   -37.05948569469504
0.211375                  -37.0617867542266
0.2114                    -37.06462396673148
0.211425                  -37.06797736160274
0.21145                   -37.07180152489572
0.211475                  -37.076027785233435
0.2115                    -37.08056753034803
0.211525                  -37.08531650676004
0.21155000000000002       -37.09015990751555
0.211575                  -37.09497801168914
0.2116                    -37.099652106945875
0.211625                  -37.10407040538945
0.21165                   -37.10813365558294
0.211675                  -37.11176016185015
0.2117                    -37.11488994666705
0.211725                  -37.11748783281617
0.21175                   -37.11954527727413
0.211775                  -37.12108085540536
0.21180000000000002       -37.12213936764638
0.211825                  -37.12278961642943
0.21185                   -37.123120973346126
0.211875                  -37.12323892059117
0.2119                    -37.12325980253614
0.211925                  -37.123305060101416
0.21195                   -37.123495241076526
0.211975                  -37.12394408372091
0.212                     -37.1247529600515
0.212025                  -37.12600594119638
0.21205                   -37.12776571250338
0.212075                  -37.13007052325366
0.2121                    -37.13293230716829
0.212125                  -37.1363360574028
0.21215                   -37.140240485042916
0.212175                  -37.14457993463043
0.2122                    -37.14926747526076
0.212225                  -37.154199032710665
0.21225                   -37.15925837855926
0.212275                  -37.16432274841344
0.2123                    -37.16926882554825
0.212325                  -37.17397880113697
0.21235                   -37.178346210321834
0.212375                  -37.18228124677796
0.2124                    -37.18571527843657
0.212425                  -37.18860432376314
0.21245                   -37.19093130011621
0.212475                  -37.19270692046641
0.2125                    -37.193969188055206
0.212525                  -37.194781515424054
0.21255                   -37.19522956925743
0.21257500000000001       -37.195417010480476
0.2126                    -37.19546035561939
0.212625                  -37.195483227359375
0.21265                   -37.19561028774356
0.212675                  -37.19596115622116
0.2127                    -37.196644607716074
0.212725                  -37.197753324933686
0.21275                   -37.19935944668494
0.212775                  -37.20151111268407
0.2128                    -37.20423015752713
0.21282500000000001       -37.20751105451621
0.21285                   -37.21132115540729
0.212875                  -37.21560221646405
0.2129                    -37.22027314567058
0.212925                  -37.22523385191106
0.21295                   -37.23037002591298
0.212975                  -37.235558636681716
0.213                     -37.24067388832406
0.213025                  -37.2455933531443
0.21305                   -37.250203980321274
0.21307500000000001       -37.25440767766473
0.2131                    -37.25812617853134
0.213125                  -37.26130493750126
0.21315                   -37.263915846052086
0.213175                  -37.26595862090798
0.2132                    -37.26746078928139
0.213225                  -37.26847627207913
0.21325                   -37.269082642940184
0.213275                  -37.26937721234164
0.2133                    -37.26947214718225
0.21332500000000001       -37.26948888354783
0.21335                   -37.26955212149204
0.213375                  -37.26978370483261
0.2134                    -37.270296686730276
0.213425                  -37.271189864826226
0.21345                   -37.272543040292994
0.213475                  -37.27441321592608
0.2135                    -37.276831901943005
0.213525                  -37.279803646757415
0.21355                   -37.28330585557125
0.21357500000000001       -37.28728990374175
0.2136                    -37.29168349587356
0.213625                  -37.29639416677324
0.21365                   -37.301313768262084
0.213675                  -37.306323738173106
0.2137                    -37.311300906832486
0.213725                  -37.316123564435884
0.21375                   -37.32067749258077
0.213775                  -37.32486165721775
0.2138                    -37.32859327026593
0.21382500000000002       -37.3318119539542
0.21385                   -37.33448278516796
0.213875                  -37.336598054801705
0.2139                    -37.33817764602007
0.213925                  -37.33926801091147
0.21395                   -37.33993980205122
0.213975                  -37.34028428858095
0.214                     -37.34040875060083
0.214025                  -37.340431096959946
0.21405                   -37.34047398723477
0.21407500000000002       -37.34065875759324
0.2141                    -37.34109945254384
0.214125                  -37.34189725161461
0.21415                   -37.343135553940286
0.214175                  -37.34487594710318
0.2142                    -37.34715524195995
0.214225                  -37.34998370495772
0.21425                   -37.35334456561038
0.214275                  -37.357194821021075
0.2143                    -37.36146730300166
0.21432500000000002       -37.36607391778174
0.21435                   -37.370909914972586
0.214375                  -37.375858993098454
0.2144                    -37.38079900574895
0.214425                  -37.38560799770118
0.21445                   -37.39017027684426
0.214475                  -37.39438221792925
0.2145                    -37.39815750009043
0.214525                  -37.40143150287268
0.21455                   -37.40416462505027
0.21457500000000002       -37.40634434528105
0.2146                    -37.40798591058633
0.214625                  -37.40913161349501
0.21465                   -37.40984869629914
0.214675                  -37.41022599579373
0.2147                    -37.41036950896994
0.214725                  -37.41039711511035
0.21475                   -37.41043272956804
0.214775                  -37.41060018763702
0.2148                    -37.411017163223754
0.21482500000000002       -37.411789417630615
0.21485                   -37.41300565066795
0.214875                  -37.414733192021124
0.2149                    -37.41701472791759
0.214925                  -37.419866209092376
0.21495                   -37.423276032916334
0.214975                  -37.42720553702783
0.215                     -37.43159078530135
0.215025                  -37.43634557078265
0.21505                   -37.44136550569116
0.21507500000000002       -37.44653301738366
0.2151                    -37.45172302332103
0.215125                  -37.45680902001078
0.21515                   -37.46166929329234
0.215175                  -37.46619294286934
0.2152                    -37.47028541496823
0.215225                  -37.47387325492279
0.21525                   -37.47690782667733
0.215275                  -37.47936779755046
0.2153                    -37.481260251460974
0.215325                  -37.482620368152624
0.21535                   -37.48350968470599
0.215375                  -37.48401303324545
0.2154                    -37.48423431981771
0.215425                  -37.48429136924416
0.21545                   -37.48431010584032
0.215475                  -37.48441836823117
0.2155                    -37.48473966757208
0.215525                  -37.48538719315667
0.21555                   -37.486458349526416
0.215575                  -37.488030077273976
0.2156                    -37.490155168443906
0.215625                  -37.492859739346855
0.21565                   -37.49614197094475
0.215675                  -37.49997217155452
0.2157                    -37.50429415992341
0.215725                  -37.50902791002098
0.21575                   -37.51407334345819
0.215775                  -37.51931510278891
0.2158                    -37.52462809095313
0.215825                  -37.52988352107959
0.21585000000000001       -37.534955189409466
0.215875                  -37.53972566496514
0.2159                    -37.5440920852657
0.215925                  -37.54797125972468
0.21595                   -37.5513038121333
0.215975                  -37.55405714022517
0.216                     -37.55622703158444
0.216025                  -37.55783784746728
0.21605                   -37.558941264642506
0.216075                  -37.55961364461166
0.21610000000000001       -37.55995217395391
0.216125                  -37.56006998400848
0.21615                   -37.56009050868442
0.216175                  -37.560141373324555
0.2162                    -37.56034812424567
0.216225                  -37.56082810827219
0.21625                   -37.56168479587594
0.216275                  -37.56300281279212
0.2163                    -37.56484390590737
0.216325                  -37.56724402249097
0.21635000000000001       -37.57021162986357
0.216375                  -37.573727347365335
0.2164                    -37.57774490560622
0.216425                  -37.58219339080665
0.21645                   -37.58698067585592
0.216475                  -37.59199788597059
0.2165                    -37.59712469728805
0.216525                  -37.60223522354926
0.21655                   -37.60720421173539
0.216575                  -37.611913244827754
0.21660000000000001       -37.61625664132256
0.216625                  -37.62014674878481
0.21665                   -37.62351835365215
0.216675                  -37.626331971484326
0.2167                    -37.62857583917781
0.216725                  -37.630266500100305
0.21675                   -37.63144795014539
0.216775                  -37.632189392023754
0.2168                    -37.632581721100166
0.216825                  -37.63273293353165
0.21685000000000001       -37.63276270206896
0.216875                  -37.632796403695764
0.2169                    -37.63295890486299
0.216925                  -37.63336841447635
0.21695                   -37.634130703300904
0.216975                  -37.63533396321793
0.217                     -37.637044543422775
0.217025                  -37.639303755876085
0.21705                   -37.64212589158779
0.217075                  -37.64549753472119
0.21710000000000002       -37.64937820476316
0.217125                  -37.65370229953176
0.21715                   -37.65838225489838
0.217175                  -37.66331278220371
0.2172                    -37.66837599315368
0.217225                  -37.67344717659683
0.21725                   -37.67840095449642
0.217275                  -37.683117518336
0.2173                    -37.68748863480003
0.217325                  -37.69142311307249
0.21735000000000002       -37.69485144685895
0.217375                  -37.69772938238422
0.2174                    -37.7000402177856
0.217425                  -37.701795706607356
0.21745                   -37.70303551424066
0.217475                  -37.70382525591464
0.2175                    -37.704253222597366
0.217525                  -37.704425971507845
0.21755                   -37.70446301628704
0.217575                  -37.70449089491751
0.21760000000000002       -37.704636919415975
0.217625                  -37.70502291987383
0.21765                   -37.70575928762883
0.217675                  -37.70693960022628
0.2177                    -37.708636076932
0.217725                  -37.710896070599084
0.21775                   -37.71373975220213
0.217775                  -37.717159090510414
0.2178                    -37.721118172936194
0.217825                  -37.72555485599696
0.21785000000000002       -37.73038367634565
0.217875                  -37.73549989728471
0.2179                    -37.740784512692464
0.217925                  -37.746109982361325
0.21795                   -37.75134643231503
0.217975                  -37.75636802348938
0.218                     -37.76105917503492
0.218025                  -37.765320326920424
0.21805                   -37.76907294221789
0.218075                  -37.772263483003634
0.21810000000000002       -37.77486614430994
0.218125                  -37.77688419550954
0.21815                   -37.77834985392529
0.218175                  -37.7793226962102
0.2182                    -37.77988669342073
0.218225                  -37.78014603003781
0.21825                   -37.780219930483526
0.218275                  -37.780236765142305
0.2183                    -37.780327739242786
0.218325                  -37.780620481496484
0.21835000000000002       -37.7812328458679
0.218375                  -37.782267221118396
0.2184                    -37.783805611361586
0.218425                  -37.785905709581655
0.21845                   -37.78859813758221
0.218475                  -37.791884972488596
0.2185                    -37.795739623619674
0.218525                  -37.80010806577961
0.21855                   -37.80491137706621
0.218575                  -37.81004947240211
0.2186                    -37.815405869628655
0.218625                  -37.820853275001674
0.21865                   -37.82625973158633
0.218675                  -37.831495040041965
0.2187                    -37.83643713946504
0.218725                  -37.84097812899117
0.21875                   -37.84502962081063
0.218775                  -37.8485271431515
0.2188                    -37.85143335725019
0.218825                  -37.85373991338486
0.21885                   -37.85546784414698
0.21887500000000001       -37.85666647342822
0.2189                    -37.85741090145797
0.218925                  -37.8577982038155
0.21895                   -37.857942550317276
0.218975                  -37.85796950375783
0.219                     -37.85800979582694
0.219025                  -37.85819289691434
0.21905                   -37.85864069825223
0.219075                  -37.859461610492644
0.2191                    -37.86074535476842
0.21912500000000001       -37.862558683340566
0.21915                   -37.86494221989155
0.219175                  -37.867908556898755
0.2192                    -37.871441691403724
0.219225                  -37.87549782254435
0.21925                   -37.8800074758
0.219275                  -37.88487886128213
0.2193                    -37.89000231798167
0.219325                  -37.89525564438409
0.21935                   -37.90051007043585
0.21937500000000001       -37.90563658905188
0.2194                    -37.91051233999055
0.219425                  -37.91502672771172
0.21945                   -37.91908696002274
0.219475                  -37.92262271723044
0.2195                    -37.925589702177575
0.219525                  -37.92797187841978
0.21955                   -37.92978227377789
0.219575                  -37.93106230508154
0.2196                    -37.9318796616532
0.21962500000000001       -37.9323248641598
0.21965                   -37.93250668637527
0.219675                  -37.93254668554581
0.2197                    -37.93257312917944
0.219725                  -37.93271463051677
0.21975                   -37.933093811570785
0.219775                  -37.93382130266857
0.2198                    -37.93499036306522
0.219825                  -37.936672371123954
0.21985                   -37.93891338756938
0.21987500000000001       -37.94173194401387
0.2199                    -37.945118153528604
0.219925                  -37.94903418225233
0.21995                   -37.95341606234145
0.219975                  -37.958176768261
0.22                      -37.96321042187496
0.220025                  -37.968397438681386
0.22005                   -37.97361037993723
0.220075                  -37.97872023583929
0.2201                    -37.983602836172246
0.22012500000000002       -37.988145069713106
0.22015                   -37.99225059462223
0.220175                  -37.99584474065729
0.2202                    -37.9988783406869
0.220225                  -38.00133028249823
0.22025                   -38.003208639516814
0.220275                  -38.004550316547544
0.2203                    -38.00541922868657
0.220325                  -38.00590311231505
0.22035                   -38.00610914088916
0.22037500000000002       -38.00615858018654
0.2204                    -38.00618076413941
0.220425                  -38.00630670131868
0.22045                   -38.00666263307767
0.220475                  -38.00736385826999
0.2205                    -38.00850911833953
0.220525                  -38.0101758030689
0.22055                   -38.01241619418945
0.220575                  -38.015254914058524
0.2206                    -38.018687691979345
0.22062500000000002       -38.02268150331149
0.22065                   -38.02717607775455
0.220675                  -38.03208671434708
0.2207                    -38.03730828310242
0.220725                  -38.04272023835728
0.22075                   -38.04819241881279
0.220775                  -38.05359136634748
0.2208                    -38.05878686279613
0.220825                  -38.06365836395965
0.22085                   -38.06810100582825
0.22087500000000002       -38.07203087134294
0.2209                    -38.07538923781558
0.220925                  -38.07814557470313
0.22095                   -38.08029912644763
0.220975                  -38.08187899162745
0.221                     -38.082942692535426
0.221025                  -38.08357331261336
0.22105                   -38.083875356987555
0.221075                  -38.08396955835321
0.2211                    -38.083986902524984
0.22112500000000002       -38.08406218253927
0.22115                   -38.08432740635965
0.221175                  -38.08490538163023
0.2212                    -38.085903783377006
0.221225                  -38.08740997967061
0.22125                   -38.089486848939046
0.221275                  -38.09216977367044
0.2213                    -38.09546494113269
0.221325                  -38.09934902444579
0.22135                   -38.103770258423744
0.22137500000000002       -38.10865086532408
0.2214                    -38.113890727221985
0.221425                  -38.119372145570324
0.22145                   -38.124965476414346
0.221475                  -38.13053538398372
0.2215                    -38.1359474187058
0.221525                  -38.14107460103558
0.22155                   -38.14580368273295
0.221575                  -38.15004076464109
0.2216                    -38.15371597591856
0.22162500000000002       -38.156786963921874
0.22165                   -38.1592410047415
0.221675                  -38.16109561831338
0.2217                    -38.16239765419735
0.221725                  -38.1632208987421
0.22175                   -38.16366233536772
0.221775                  -38.16383726143151
0.2218                    -38.163873522973034
0.221825                  -38.16390516941705
0.22185                   -38.164065852582084
0.22187500000000002       -38.16448229825805
0.22190000000000001       -38.165268165686065
0.221925                  -38.16651858293463
0.22195                   -38.16830560731719
0.221975                  -38.170674812568926
0.222                     -38.1736431511427
0.222025                  -38.17719818288826
0.22205                   -38.18129870227014
0.222075                  -38.18587673653613
0.2221                    -38.1908408281124
0.222125                  -38.19608045732311
0.22215000000000001       -38.20147140798998
0.222175                  -38.20688183069092
0.2222                    -38.21217871903843
0.222225                  -38.217234486165836
0.22225                   -38.22193331457504
0.222275                  -38.22617695506909
0.2223                    -38.22988967125454
0.222325                  -38.233022065327035
0.22235                   -38.235553577232146
0.222375                  -38.2374935198277
0.22240000000000001       -38.23888059287628
0.222425                  -38.23978090300174
0.22245                   -38.24028459911978
0.222475                  -38.24050130748663
0.2225                    -38.24055461245899
0.222525                  -38.24057587474747
0.22255                   -38.240697706438084
0.222575                  -38.241047431066534
0.2226                    -38.24174084870356
0.222625                  -38.24287660254207
0.22265000000000001       -38.244531407650044
0.222675                  -38.24675635729657
0.2227                    -38.2495744702957
0.222725                  -38.25297958645587
0.22275                   -38.25693665831438
0.222775                  -38.26138342734361
0.2228                    -38.26623341301766
0.222825                  -38.271380084858954
0.22285                   -38.27670203246186
0.222875                  -38.28206889856949
0.22290000000000001       -38.2873477980896
0.222925                  -38.292409914357364
0.22295                   -38.29713694595106
0.222975                  -38.301427075585536
0.223                     -38.305200148910615
0.223025                  -38.308401786057125
0.22305                   -38.31100620157449
0.223075                  -38.313017576364345
0.2231                    -38.31446990413261
0.223125                  -38.31542531934978
0.22315000000000002       -38.31597099768867
0.223175                  -38.316214797424976
0.2232                    -38.316279876098065
0.223225                  -38.31629856688303
0.22325                   -38.31640583127874
0.223275                  -38.31673261821881
0.2233                    -38.317399455420905
0.223325                  -38.31851057872101
0.22335                   -38.32014887200002
0.223375                  -38.322371847048856
0.22340000000000002       -38.32520884213032
0.223425                  -38.32865956248525
0.22345                   -38.332694027515295
0.223475                  -38.3372539293506
0.2235                    -38.34225534722898
0.223525                  -38.347592702826255
0.22355                   -38.353143784883585
0.223575                  -38.35877561911207
0.2236                    -38.36435091386547
0.223625                  -38.36973477633971
0.22365000000000002       -38.374801371165944
0.223675                  -38.37944018610668
0.2237                    -38.38356158038508
0.223725                  -38.387101321079044
0.22375                   -38.39002386157399
0.223775                  -38.39232418113256
0.2238                    -38.39402808235368
0.223825                  -38.39519092841867
0.22385                   -38.39589488847863
0.223875                  -38.3962448410941
0.22390000000000002       -38.39636315663269
0.223925                  -38.3963836354841
0.22395                   -38.39644491698521
0.223975                  -38.39668369292862
0.224                     -38.39722805996212
0.224025                  -38.39819132888588
0.22405                   -38.39966657848327
0.224075                  -38.40172220010681
0.2241                    -38.4043986297462
0.224125                  -38.407706409324646
0.22415000000000002       -38.41162566059419
0.224175                  -38.41610699482976
0.2242                    -38.421073820828916
0.224225                  -38.4264259536844
0.22425                   -38.43204436876335
0.224275                  -38.43779689104235
0.2243                    -38.443544561678905
0.224325                  -38.44914838420781
0.22435                   -38.45447612511509
0.224375                  -38.459408830803945
0.22440000000000002       -38.46384672768644
0.224425                  -38.46771419587975
0.22445                   -38.47096354989959
0.224475                  -38.47357742025521
0.2245                    -38.47556960462326
0.224525                  -38.47698434143204
0.22455                   -38.47789404628208
0.224575                  -38.47839563631893
0.2246                    -38.47860564345629
0.224625                  -38.4786543792243
0.22465000000000002       -38.47867945850571
0.224675                  -38.47881901478977
0.2247                    -38.479204945817095
0.224725                  -38.479956517062206
0.22475                   -38.48117462388488
0.224775                  -38.482936974388714
0.2248                    -38.485294407136045
0.224825                  -38.48826850367714
0.22485                   -38.49185059767071
0.224875                  -38.49600222199899
0.22490000000000002       -38.500656974112005
0.224925                  -38.50572371908773
0.22495                   -38.51109099086757
0.224975                  -38.51663239643894
0.225                     -38.52221277749579
0.225025                  -38.527694841923676
0.22505                   -38.53294594631602
0.225075                  -38.537844693691255
0.2251                    -38.54228701035458
0.225125                  -38.54619138429473
0.22515000000000002       -38.5495029851819
0.22517500000000001       -38.55219644184939
0.2252                    -38.55427712424793
0.225225                  -38.5557808587854
0.22525                   -38.55677209302446
0.225275                  -38.55734061163331
0.2253                    -38.557596984126825
0.225325                  -38.557666990986725
0.22535                   -38.557685324279525
0.225375                  -38.55778888967675
0.2254                    -38.55811004834304
0.22542500000000001       -38.558770130560625
0.22545                   -38.55987353041677
0.225475                  -38.561502655275966
0.2255                    -38.563713958160186
0.225525                  -38.56653522844554
0.22555                   -38.56996425888785
0.225575                  -38.573968946844246
0.2256                    -38.578488826157475
0.225625                  -38.5834379647809
0.22565                   -38.588709103128
0.22567500000000001       -38.594178850894366
0.2257                    -38.599713707740506
0.225725                  -38.605176628280844
0.22575                   -38.61043381726085
0.225775                  -38.615361419741404
0.2258                    -38.619851766421476
0.225825                  -38.62381884805464
0.22585                   -38.62720272617124
0.225875                  -38.629972639324336
0.2259                    -38.63212863237579
0.22592500000000001       -38.633701616771525
0.22595                   -38.63475185682216
0.225975                  -38.6353659644498
0.226                     -38.63565256638466
0.226025                  -38.635736877786556
0.22605                   -38.63575447040047
0.226075                  -38.63584455898446
0.2261                    -38.63614314599883
0.226125                  -38.63677636217456
0.22615                   -38.6378543216015
0.22617500000000001       -38.63946577719216
0.2262                    -38.64167381886922
0.226225                  -38.644512805550534
0.22625                   -38.64798666550249
0.226275                  -38.65206863991861
0.2263                    -38.65670248319083
0.226325                  -38.66180507151978
0.22635                   -38.66727031045962
0.226375                  -38.67297417314849
0.2264                    -38.67878064622413
0.22642500000000002       -38.684548312204505
0.22645                   -38.69013725837095
0.226475                  -38.695415976147856
0.2265                    -38.70026790474492
0.226525                  -38.70459728093637
0.22655                   -38.70833398470166
0.226575                  -38.71143711789978
0.2266                    -38.713897118238144
0.226625                  -38.71573628975992
0.22665                   -38.71700771861477
0.22667500000000002       -38.71779263272087
0.2267                    -38.71819634952701
0.226725                  -38.7183430313996
0.22675                   -38.718369528320565
0.226775                  -38.71841862936374
0.2268                    -38.71863206643355
0.226825                  -38.71914361636718
0.22685                   -38.72007263250838
0.226875                  -38.72151830699891
0.2269                    -38.723554923466956
0.22692500000000002       -38.726228309651816
0.22695                   -38.72955364353962
0.226975                  -38.733514707003835
0.227                     -38.73806461940915
0.227025                  -38.743128021423125
0.22705                   -38.74860461752431
0.227075                  -38.754373925680305
0.2271                    -38.760301026079176
0.227125                  -38.7662430498695
0.22715                   -38.77205610639801
0.22717500000000002       -38.777602316620886
0.2272                    -38.78275660445149
0.227225                  -38.78741289961907
0.22725                   -38.79148942702646
0.227275                  -38.79493279905182
0.2273                    -38.797720687404166
0.227325                  -38.79986292680987
0.22735                   -38.80140098908572
0.227375                  -38.80240585694446
0.2274                    -38.80297441554864
0.22742500000000002       -38.80322455999835
0.22745                   -38.80328928320607
0.227475                  -38.80331005711737
0.2275                    -38.803429848954316
0.227525                  -38.80378612290412
0.22755                   -38.80450416784362
0.227575                  -38.805691065810855
0.2276                    -38.80743057714764
0.227625                  -38.80977916978977
0.22765                   -38.812763365037156
0.22767500000000002       -38.816378512742055
0.2277                    -38.82058904709132
0.227725                  -38.825330211449064
0.22775                   -38.83051117825993
0.227775                  -38.83601942902749
0.2278                    -38.8417262014356
0.227825                  -38.847492757837486
0.22785                   -38.85317718422875
0.227875                  -38.85864139452537
0.2279                    -38.86375799472525
0.22792500000000002       -38.8684166583006
0.22795                   -38.87252968011285
0.227975                  -38.876036412120534
0.228                     -38.878906339333966
0.228025                  -38.881140626166754
0.22805                   -38.8827720470988
0.228075                  -38.88386330559458
0.2281                    -38.88450383498209
0.228125                  -38.8848052579901
0.22815                   -38.88489575214854
0.22817500000000002       -38.88491362195963
0.22820000000000001       -38.88500041310118
0.228225                  -38.8852939182359
0.22825                   -38.885921419247
0.228275                  -38.88699348913642
0.2283                    -38.88859864140195
0.228325                  -38.890799068682234
0.22835                   -38.89362765887242
0.228375                  -38.897086418350256
0.2284                    -38.90114637043994
0.22842500000000002       -38.905748934313955
0.22845000000000001       -38.91080872643925
0.228475                  -38.91621766464498
0.2285                    -38.92185019542002
0.228525                  -38.92756941011312
0.22855                   -38.93323376785173
0.228575                  -38.9387041052568
0.2286                    -38.94385058869747
0.228625                  -38.948559257016726
0.22865                   -38.95273781380531
0.228675                  -38.956320359637424
0.22870000000000001       -38.95927080580338
0.228725                  -38.961584779710414
0.22875                   -38.96328991417395
0.228775                  -38.96444450269408
0.2288                    -38.96513459401135
0.228825                  -38.965469685114506
0.22885                   -38.96557724640981
0.228875                  -38.965596371228564
0.2289                    -38.96567088125031
0.228925                  -38.9659422386424
0.22895000000000001       -38.96654261539976
0.228975                  -38.9675884525322
0.229                     -38.96917480928744
0.229025                  -38.971370758763356
0.22905                   -38.97421603418253
0.229075                  -38.97771907247605
0.2291                    -38.981856540777244
0.229125                  -38.986574368548204
0.22915                   -38.99179024458537
0.229175                  -38.9973974752247
0.22920000000000001       -39.00327003905503
0.229225                  -39.00926861617425
0.22925                   -39.01524731891349
0.229275                  -39.021060809008844
0.2293                    -39.02657145678829
0.229325                  -39.031656184411375
0.22935                   -39.03621264037292
0.229375                  -39.04016437809503
0.2294                    -39.04346475764471
0.229425                  -39.04609935470066
0.22945000000000002       -39.04808674118308
0.229475                  -39.04947759210944
0.2295                    -39.05035216675492
0.229525                  -39.050816302199664
0.22955                   -39.050996137372096
0.229575                  -39.05103185044646
0.2296                    -39.05107073831685
0.229625                  -39.051259992178885
0.22965                   -39.05173952821576
0.229675                  -39.05263521877152
0.22970000000000002       -39.054052840027
0.229725                  -39.056073010397334
0.22975                   -39.05874734296342
0.229775                  -39.062095978161125
0.2298                    -39.06610660202308
0.229825                  -39.07073499223361
0.22985                   -39.07590707040094
0.229875                  -39.08152237536242
0.2299                    -39.0874588102255
0.229925                  -39.09357845681942
0.22995000000000002       -39.09973419748884
0.229975                  -39.105776838530886
0.23                      -39.11156239536967
0.230025                  -39.1169591802343
0.23005                   -39.12185433177304
0.230075                  -39.126159444908936
0.2301                    -39.12981499909123
0.230125                  -39.13279334285336
0.23015                   -39.13510006919738
0.230175                  -39.13677370489194
0.23020000000000002       -39.137883731029575
0.230225                  -39.138527045195026
0.23025                   -39.138823060557044
0.230275                  -39.13890770826136
0.2303                    -39.138926662394724
0.230325                  -39.1390281391559
0.23035                   -39.139355633320584
0.230375                  -39.14004094695369
0.2304                    -39.14119784018913
0.230425                  -39.14291659505047
0.23045000000000002       -39.14525973416368
0.230475                  -39.148259079969804
0.2305                    -39.151914279286395
0.230525                  -39.15619285476816
0.23055                   -39.16103178043358
0.230575                  -39.16634051411353
0.2306                    -39.17200535661228
0.230625                  -39.17789494703044
0.23065                   -39.18386664809922
0.230675                  -39.18977352715645
0.23070000000000002       -39.19547160072768
0.230725                  -39.20082698698666
0.23075                   -39.20572260388978
0.230775                  -39.21006406399695
0.2308                    -39.213784451104644
0.230825                  -39.21684771828053
0.23085                   -39.219250519197445
0.230875                  -39.22102237041016
0.2309                    -39.22222413547136
0.230925                  -39.22294491573135
0.23095000000000002       -39.223297520413546
0.230975                  -39.22341276394074
0.231                     -39.22343289675389
0.231025                  -39.2235045141116
0.23105                   -39.22377130465674
0.231075                  -39.22436699775646
0.2311                    -39.22540884803126
0.231125                  -39.22699196020313
0.23115                   -39.229184710829784
0.231175                  -39.232025468890555
0.23120000000000002       -39.23552075730447
0.231225                  -39.23964493442874
0.23125                   -39.244341409990334
0.231275                  -39.2495253449733
0.2313                    -39.25508772089169
0.231325                  -39.26090060203923
0.23135                   -39.26682335663809
0.231375                  -39.272709551849914
0.2314                    -39.27841419647858
0.231425                  -39.28380097734262
0.23145000000000002       -39.28874912410268
0.23147500000000001       -39.293159545558126
0.2315                    -39.29695990965398
0.231525                  -39.3001083895678
0.23155                   -39.30259586722044
0.231575                  -39.30444646934602
0.2316                    -39.305716404177865
0.231625                  -39.306491162106965
0.23165                   -39.3068812343163
0.231675                  -39.30701658291515
0.23170000000000002       -39.307040159311796
0.23172500000000001       -39.3071008110894
0.23175                   -39.30734594010636
0.231775                  -39.30791427643596
0.2318                    -39.30892911611609
0.231825                  -39.31049233851039
0.23185                   -39.31267947481567
0.231875                  -39.31553604622194
0.2319                    -39.31907533132167
0.231925                  -39.32327765982873
0.23195                   -39.328091265154924
0.23197500000000001       -39.33343466312597
0.232                     -39.33920045918997
0.232025                  -39.345260423156006
0.23205                   -39.351471610550036
0.232075                  -39.357683255488006
0.2321                    -39.363744114594546
0.232125                  -39.36950990845884
0.23215                   -39.37485049001436
0.232175                  -39.37965637120521
0.2322                    -39.383844262455426
0.23222500000000001       -39.38736132429375
0.23225                   -39.39018789553385
0.232275                  -39.392338544124726
0.2323                    -39.393861379766136
0.232325                  -39.39483566491794
0.23235                   -39.39536785566288
0.232375                  -39.39558628908511
0.2324                    -39.39563480361735
0.232425                  -39.39566562915128
0.23245                   -39.395831912611555
0.23247500000000001       -39.39628025219998
0.2325                    -39.39714360136121
0.232525                  -39.39853487462725
0.23255                   -39.400541545373216
0.232575                  -39.40322147369575
0.2326                    -39.406600144243214
0.232625                  -39.41066943137821
0.23265                   -39.41538794436168
0.232675                  -39.42068293960525
0.2327                    -39.42645372148497
0.23272500000000002       -39.432576388864106
0.23275                   -39.43890972285564
0.232775                  -39.44530195461535
0.2328                    -39.45159810294292
0.232825                  -39.45764753361007
0.23285                   -39.46331136931033
0.232875                  -39.46846937436376
0.2329                    -39.47302595439163
0.232925                  -39.47691494923604
0.23295                   -39.48010295667304
0.23297500000000002       -39.48259100207305
0.233                     -39.48441446021346
0.233025                  -39.485641233500246
0.23305                   -39.48636828862289
0.233075                  -39.486716743899635
0.2331                    -39.486825775919215
0.233125                  -39.486845671803515
0.23315                   -39.48693038978106
0.233175                  -39.4872300051577
0.2332                    -39.48788341245321
0.23322500000000002       -39.48901163009238
0.23325                   -39.49071201504986
0.233275                  -39.49305364490562
0.2333                    -39.496074067249644
0.233325                  -39.49977755406566
0.23335                   -39.504134933715676
0.233375                  -39.50908500692984
0.2334                    -39.51453748690705
0.233425                  -39.52037733834322
0.23345                   -39.52647032731562
0.23347500000000002       -39.53266953541507
0.2335                    -39.538822539970646
0.233525                  -39.544778920918674
0.23355                   -39.55039772744839
0.233575                  -39.55555452753697
0.2336                    -39.56014767371311
0.233625                  -39.564103450431084
0.23365                   -39.56737982207734
0.233675                  -39.56996857357628
0.2337                    -39.57189572345482
0.23372500000000002       -39.57322018600619
0.23375                   -39.57403075774319
0.233775                  -39.57444159631911
0.2338                    -39.57458644085604
0.233825                  -39.574611885917335
0.23385                   -39.57467006388865
0.233875                  -39.57491111108932
0.2339                    -39.57547579228454
0.233925                  -39.57648863870298
0.23395                   -39.57805191945175
0.23397500000000002       -39.58024071898446
0.234                     -39.583099337489216
0.234025                  -39.58663916966553
0.23405                   -39.59083815262628
0.234075                  -39.59564180722826
0.2341                    -39.60096583021646
0.234125                  -39.60670012826173
0.23415                   -39.61271412060591
0.234175                  -39.61886307644355
0.2342                    -39.62499519888914
0.23422500000000002       -39.63095912259042
0.23425                   -39.63661146038751
0.234275                  -39.64182401954031
0.2343                    -39.64649031307265
0.234325                  -39.650531018670996
0.23435                   -39.65389808657964
0.234375                  -39.65657726724405
0.2344                    -39.65858891513114
0.234425                  -39.65998702141624
0.23445                   -39.660856528040746
0.23447500000000002       -39.66130907155523
0.23450000000000001       -39.66147739019197
0.234525                  -39.661508696070484
0.23455                   -39.6615573625126
0.234575                  -39.66177730244335
0.2346                    -39.6623144181403
0.234625                  -39.66329948719859
0.23465                   -39.66484181764842
0.234675                  -39.66702396033409
0.2347                    -39.669897712510206
0.23472500000000002       -39.67348158622335
0.23475000000000001       -39.677759850832416
0.234775                  -39.682683192698924
0.2348                    -39.688170967867705
0.234825                  -39.69411495647675
0.23485                   -39.7003844618618
0.234875                  -39.70683253451461
0.2349                    -39.713303043571074
0.234925                  -39.719638269445824
0.23495                   -39.725686654264656
0.23497500000000002       -39.731310325742314
0.23500000000000001       -39.73639200861399
0.235025                  -39.740840958157115
0.23505                   -39.74459759362348
0.235075                  -39.74763657436756
0.2351                    -39.74996814470472
0.235125                  -39.75163766961698
0.23515                   -39.75272338538545
0.235175                  -39.75333248939991
0.2352                    -39.753595784333484
0.235225                  -39.75366116724698
0.23525000000000001       -39.75368630948197
0.235275                  -39.753830906066355
0.2353                    -39.75424888363022
0.235325                  -39.755080945221984
0.23535                   -39.75644780196226
0.235375                  -39.7584443988943
0.2354                    -39.76113538947185
0.235425                  -39.76455205324036
0.23545                   -39.76869078709372
0.235475                  -39.77351323395021
0.23550000000000001       -39.77894804509488
0.235525                  -39.78489420476248
0.23555                   -39.79122577880275
0.235575                  -39.79779788488945
0.2356                    -39.804453621788326
0.235625                  -39.81103164254498
0.23565                   -39.81737401464008
0.235675                  -39.823333983102486
0.2357                    -39.828783244042555
0.235725                  -39.8336183490553
0.23575000000000002       -39.8377658969948
0.235775                  -39.84118622831682
0.2358                    -39.84387541585109
0.235825                  -39.84586543963224
0.23585                   -39.84722253565349
0.235875                  -39.84804381144838
0.2359                    -39.84845231749232
0.235925                  -39.84859084563357
0.23595                   -39.84861478883758
0.235975                  -39.84868443731546
0.23600000000000002       -39.84895710373311
0.236025                  -39.84957946583245
0.23605                   -39.850680491170806
0.236075                  -39.85236526944459
0.2361                    -39.85471002692046
0.236125                  -39.857758538487005
0.23615                   -39.86152008875716
0.236175                  -39.86596906672466
0.2362                    -39.871046210239726
0.236225                  -39.87666144811227
0.23625000000000002       -39.88269821997586
0.236275                  -39.88901908843265
0.2363                    -39.89547239631691
0.236325                  -39.90189966678677
0.23635                   -39.90814339873242
0.236375                  -39.91405487850208
0.2364                    -39.919501615037355
0.236425                  -39.9243740124225
0.23645                   -39.92859092357554
0.236475                  -39.932103781496636
0.23650000000000002       -39.93489907809402
0.236525                  -39.936999050847234
0.23655                   -39.93846053824032
0.236575                  -39.93937206855112
0.2366                    -39.93984934539701
0.236625                  -39.940029380185685
0.23665                   -39.9400635905117
0.236675                  -39.940110230812195
0.2367                    -39.94032654574354
0.236725                  -39.940861038394104
0.23675000000000002       -39.94184622694418
0.236775                  -39.943392228157
0.2368                    -39.9455814580084
0.236825                  -39.94846468256724
0.23685                   -39.95205858910047
0.236875                  -39.956344980721276
0.2369                    -39.96127162943103
0.236925                  -39.966754753318654
0.23695                   -39.97268301499217
0.236975                  -39.978922871241934
0.23700000000000002       -39.98532504022305
0.237025                  -39.991731794586144
0.23705                   -39.99798474023648
0.237075                  -40.00393270458204
0.2371                    -40.00943933920348
0.237125                  -40.01439004335584
0.23715                   -40.01869783898386
0.237175                  -40.02230787565021
0.2372                    -40.02520031341335
0.237225                  -40.02739141942677
0.23725000000000002       -40.02893281398181
0.237275                  -40.02990890654524
0.2373                    -40.03043266411862
0.237325                  -40.03063994542087
0.23735                   -40.03068270870226
0.237375                  -40.030721454127416
0.2374                    -40.030917291579755
0.237425                  -40.03142403163296
0.23745                   -40.032380683350375
0.237475                  -40.0339047108116
0.23750000000000002       -40.03608635471247
0.23752500000000001       -40.03898426988681
0.23755                   -40.04262266749443
0.237575                  -40.0469900844965
0.2376                    -40.052039834701134
0.237625                  -40.05769212632068
0.23765                   -40.06383776157791
0.237675                  -40.07034326548695
0.2377                    -40.077057225065204
0.237725                  -40.083817559200135
0.23775000000000002       -40.09045938633582
0.23777500000000001       -40.096823115889464
0.2378                    -40.10276236401257
0.237825                  -40.1081512888734
0.23785                   -40.11289095801274
0.237875                  -40.11691440183915
0.2379                    -40.12019007215451
0.237925                  -40.12272350951214
0.23795                   -40.124557122721555
0.237975                  -40.12576809070176
0.23800000000000002       -40.1264645030195
0.23802500000000001       -40.12677995280076
0.23805                   -40.12686687732988
0.238075                  -40.12688900247282
0.2381                    -40.127013284323034
0.238125                  -40.127401754779626
0.23815                   -40.12820366880849
0.238175                  -40.12954832307804
0.2382                    -40.13153887246887
0.238225                  -40.13424741671209
0.23825000000000002       -40.1377115677666
0.23827500000000001       -40.1419326423948
0.2383                    -40.146875555782195
0.238325                  -40.15247042229742
0.23835                   -40.15861579951781
0.238375                  -40.16518344234764
0.2384                    -40.17202436671332
0.238425                  -40.17897595892081
0.23845                   -40.1858698101625
0.238475                  -40.192539909529145
0.2385                    -40.198830797388105
0.23852500000000001       -40.204605268281185
0.23855                   -40.209751222017154
0.238575                  -40.21418729540486
0.2386                    -40.21786696506861
0.238625                  -40.2207808915826
0.23865                   -40.22295737192315
0.238675                  -40.224460874128425
0.2387                    -40.22538873699463
0.238725                  -40.225866220285425
0.23875                   -40.226040179734426
0.23877500000000002       -40.22607171019423
0.2388                    -40.22612814600719
0.238825                  -40.226374828868316
0.23885                   -40.22696705119876
0.238875                  -40.22804256016976
0.2389                    -40.2297149678861
0.238925                  -40.2320683610684
0.23895                   -40.235153342798775
0.238975                  -40.238984672765085
0.239                     -40.24354060333752
0.23902500000000002       -40.24876393832984
0.23905                   -40.25456477048436
0.239075                  -40.26082478346936
0.2391                    -40.26740293563505
0.239125                  -40.27414227770311
0.23915                   -40.28087759755694
0.239175                  -40.28744353579004
0.2392                    -40.29368277970769
0.239225                  -40.299453925252266
0.23925                   -40.30463859952616
0.23927500000000002       -40.309147463682756
0.2393                    -40.31292476752425
0.239325                  -40.31595120143621
0.23935                   -40.318244884109674
0.239375                  -40.31986042951029
0.2394                    -40.32088614592165
0.239425                  -40.321439525248344
0.23945                   -40.321661274242324
0.239475                  -40.321708214493285
0.2395                    -40.32174543060934
0.23952500000000002       -40.321938074150616
0.23955                   -40.32244323504905
0.239575                  -40.32340227483739
0.2396                    -40.32493398065653
0.239625                  -40.32712884987704
0.23965                   -40.3300447562991
0.239675                  -40.333704183730966
0.2397                    -40.3380931439007
0.239725                  -40.34316182491341
0.23975                   -40.348826944999786
0.23977500000000002       -40.35497571502967
0.2398                    -40.36147124327006
0.239825                  -40.36815914878133
0.23985                   -40.374875088106386
0.239875                  -40.38145284683189
0.2399                    -40.38773260720206
0.239925                  -40.393568979541044
0.23995                   -40.398838382741786
0.239975                  -40.40344538038851
0.24                      -40.407327625302365
0.24002500000000002       -40.41045913525028
0.24005                   -40.41285171255333
0.240075                  -40.41455442439633
0.2401                    -40.41565117109464
0.240125                  -40.41625647795347
0.24015                   -40.41650974445347
0.240175                  -40.41656826539244
0.2402                    -40.41659939741934
0.240225                  -40.41677227867921
0.24025                   -40.417249519043914
0.24027500000000002       -40.418179265694825
0.2403                    -40.419688017135975
0.240325                  -40.4218745122262
0.24035                   -40.424804963699884
0.240375                  -40.42850984153023
0.2404                    -40.4329823431744
0.240425                  -40.43817861713572
0.24045                   -40.44401973458986
0.240475                  -40.45039533189369
0.2405                    -40.45716877554186
0.24052500000000002       -40.464183631962186
0.24055                   -40.47127115966035
0.240575                  -40.47825848379568
0.2406                    -40.484977067288824
0.240625                  -40.49127106249637
0.24065                   -40.4970051176783
0.240675                  -40.50207122639869
0.2407                    -40.506394247471114
0.240725                  -40.50993578766221
0.24075                   -40.512696226093595
0.24077500000000002       -40.514714762615604
0.24080000000000001       -40.516067484850126
0.240825                  -40.51686356146319
0.24085                   -40.517239773832316
0.240875                  -40.517353686964086
0.2409                    -40.517375827577276
0.240925                  -40.51748127945836
0.24095                   -40.517841122871786
0.240975                  -40.51861413761122
0.241                     -40.519939161543206
0.24102500000000002       -40.52192845248024
0.24105000000000001       -40.52466234535881
0.241075                  -40.528185432971966
0.2411                    -40.53250443006654
0.241125                  -40.537587809649494
0.24115                   -40.54336722820948
0.241175                  -40.54974068408122
0.2412                    -40.55657728111309
0.241225                  -40.56372339926034
0.24125                   -40.57101000658942
0.24127500000000002       -40.57826078627489
0.24130000000000001       -40.58530070128392
0.241325                  -40.59196458301728
0.24135                   -40.59810531277904
0.241375                  -40.6036011705422
0.2414                    -40.608361956621096
0.241425                  -40.61233354899932
0.24145                   -40.61550064006411
0.241475                  -40.61788749659051
0.2415                    -40.619556698944244
0.24152500000000002       -40.62060593107751
0.24155000000000001       -40.62116300297745
0.241575                  -40.62137938349812
0.2416                    -40.62142259737768
0.241625                  -40.62146789152755
0.24165                   -40.6216896008619
0.241675                  -40.6222526439841
0.2417                    -40.623304556894766
0.241725                  -40.62496843268125
0.24175                   -40.62733708145811
0.241775                  -40.630468661950765
0.24180000000000001       -40.6343839675943
0.241825                  -40.63906547843423
0.24185                   -40.64445821712134
0.241875                  -40.65047237389135
0.2419                    -40.656987592374364
0.241925                  -40.66385873637212
0.24195                   -40.670922888997225
0.241975                  -40.678007272325694
0.242                     -40.68493772148396
0.242025                  -40.69154730615543
0.24205000000000002       -40.697684669427815
0.242075                  -40.703221652904524
0.2421                    -40.7080598010822
0.242125                  -40.712135388232575
0.24215                   -40.715422686022094
0.242175                  -40.71793528579008
0.2422                    -40.71972539929111
0.242225                  -40.72088117754529
0.24225                   -40.721522200229174
0.242275                  -40.72179338917141
0.24230000000000002       -40.72185768183434
0.242325                  -40.72188785926109
0.24235                   -40.7220579555813
0.242375                  -40.72253468310795
0.2424                    -40.72346929077219
0.242425                  -40.7249902380094
0.24245                   -40.72719701574148
0.242475                  -40.73015538520863
0.2425                    -40.73389423785851
0.242525                  -40.7384042081339
0.24255000000000002       -40.74363809769448
0.242575                  -40.74951309551126
0.2426                    -40.75591470418693
0.242625                  -40.76270220969806
0.24265                   -40.769715461008886
0.242675                  -40.77678266002836
0.2427                    -40.783728804538995
0.242725                  -40.790384381234546
0.24275                   -40.79659387753159
0.242775                  -40.80222367381536
0.24280000000000002       -40.807168895688015
0.242825                  -40.811358850248155
0.24285                   -40.814760740661555
0.242875                  -40.81738144578474
0.2429                    -40.81926726030255
0.242925                  -40.82050160767878
0.24295                   -40.82120085411441
0.242975                  -40.82150845770582
0.243                     -40.82158777539781
0.243025                  -40.82161391558432
0.24305000000000002       -40.82176506341463
0.243075                  -40.822213718792646
0.2431                    -40.82311827579339
0.243125                  -40.82461534047524
0.24315                   -40.82681313636519
0.243175                  -40.82978628780032
0.2432                    -40.8335722048086
0.243225                  -40.838169222356626
0.24325                   -40.84353657361773
0.243275                  -40.84959620262016
0.24330000000000002       -40.856236346951775
0.243325                  -40.863316746864236
0.24335                   -40.87067526436285
0.243375                  -40.87813562678583
0.2434                    -40.885515947133115
0.243425                  -40.89263762216408
0.24345                   -40.89933417385653
0.243475                  -40.905459585047
0.2435                    -40.910895690010925
0.243525                  -40.91555821781465
0.24355000000000002       -40.919401150536174
0.243575                  -40.922419147168576
0.2436                    -40.92464789165729
0.243625                  -40.92616234223692
0.24365                   -40.92707297977942
0.243675                  -40.927520265769076
0.2437                    -40.92766761729516
0.243725                  -40.92769328063297
0.24375                   -40.92778153276932
0.243775                  -40.92811366066536
0.24380000000000002       -40.92885916274808
0.24382500000000001       -40.930167589609354
0.24385                   -40.93216139578212
0.243875                  -40.93493011660933
0.2439                    -40.93852611800629
0.243925                  -40.942962095798585
0.24395                   -40.94821042766158
0.243975                  -40.954204405874755
0.244                     -40.96084130387662
0.244025                  -40.96798715453342
0.24405000000000002       -40.97548304403661
0.24407500000000001       -40.98315265413103
0.2441                    -40.99081071973529
0.244125                  -40.99827201283969
0.24415                   -41.00536042159937
0.244175                  -41.01191767081825
0.2442                    -41.0178112311013
0.244225                  -41.022940992025525
0.24425                   -41.02724433074421
0.244275                  -41.03069928973014
0.24430000000000002       -41.0333256811938
0.24432500000000001       -41.0351840537897
0.24435                   -41.03637258045461
0.244375                  -41.03702204484202
0.2444                    -41.037289208666856
0.244425                  -41.037348925940066
0.24445                   -41.037385427709495
0.244475                  -41.0375832306036
0.2445                    -41.03811812504774
0.244525                  -41.03914867755761
0.24455000000000002       -41.040808640488
0.24457500000000001       -41.0432006070276
0.2446                    -41.04639118381253
0.244625                  -41.05040788219067
0.24465                   -41.0552378547124
0.244675                  -41.0608285275909
0.2447                    -41.06709010360995
0.244725                  -41.07389983386299
0.24475                   -41.08110788156365
0.244775                  -41.08854452841936
0.24480000000000002       -41.09602840615836
0.24482500000000001       -41.10337537632198
0.24485                   -41.11040763490996
0.244875                  -41.11696258990695
0.2449                    -41.1229010538937
0.244925                  -41.12811431450645
0.24495                   -41.13252969412574
0.244975                  -41.136114285883195
0.245                     -41.1388766519695
0.245025                  -41.140866385661056
0.24505                   -41.1421715617324
0.24507500000000002       -41.14291422126015
0.2451                    -41.14324414676942
0.245125                  -41.14333127420732
0.24515                   -41.14335715372007
0.245175                  -41.143505908906405
0.2452                    -41.14395515423624
0.245225                  -41.144867315184186
0.24525                   -41.14638175950649
0.245275                  -41.1486080959212
0.2453                    -41.15162093309749
0.24532500000000002       -41.15545632148071
0.24535                   -41.16011002617828
0.245375                  -41.16553770290919
0.2454                    -41.17165697199557
0.245425                  -41.17835130820539
0.24545                   -41.185475587656796
0.245475                  -41.192863058249465
0.2455                    -41.20033342944591
0.245525                  -41.20770171407603
0.24555                   -41.214787403620825
0.24557500000000002       -41.22142352421899
0.2456                    -41.22746510845446
0.245625                  -41.232796631924806
0.24565                   -41.237338005934376
0.245675                  -41.24104878810919
0.2457                    -41.24393036802918
0.245725                  -41.246025998951126
0.24575                   -41.24741867086597
0.245775                  -41.24822694470106
0.2458                    -41.248598982602836
0.24582500000000002       -41.2487051063096
0.24585                   -41.24872928830661
0.245875                  -41.24886002528036
0.2459                    -41.249281059870924
0.245925                  -41.25016240697583
0.24595                   -41.25165210887056
0.245975                  -41.253869094134394
0.246                     -41.25689745384242
0.246025                  -41.26078237912197
0.24605                   -41.265527930335494
0.24607500000000002       -41.27109673203368
0.2461                    -41.277411610613946
0.246125                  -41.284359113912274
0.24615                   -41.29179477427155
0.246175                  -41.29954989996542
0.2462                    -41.30743960615371
0.246225                  -41.315271728945994
0.24625                   -41.32285620898857
0.246275                  -41.33001448946098
0.2463                    -41.33658845287847
0.24632500000000002       -41.3424484263945
0.24635                   -41.347499819505636
0.246375                  -41.35168802182119
0.2464                    -41.35500127947076
0.246425                  -41.35747138125883
0.24645                   -41.35917211162918
0.246475                  -41.3602155569385
0.2465                    -41.36074647407032
0.246525                  -41.36093503657765
0.24655                   -41.36096835596413
0.24657500000000002       -41.361041229928034
0.2466                    -41.36134659408675
0.246625                  -41.362066150441734
0.24665                   -41.363361618405904
0.246675                  -41.365367007645524
0.2467                    -41.36818225165081
0.246725                  -41.37186847171805
0.24675                   -41.37644506673412
0.246775                  -41.381888747383535
0.2468                    -41.388134555569486
0.24682500000000002       -41.39507883157846
0.24685                   -41.40258401317239
0.246875                  -41.410485073027054
0.2469                    -41.41859732525103
0.246925                  -41.42672526081888
0.24695                   -41.4346720096303
0.246975                  -41.442248978629394
0.247                     -41.44928518656122
0.247025                  -41.455635811754405
0.24705                   -41.461189493735844
0.24707500000000002       -41.46587398417572
0.24710000000000001       -41.46965982632081
0.247125                  -41.472561850141574
0.24715                   -41.47463839534713
0.247175                  -41.47598830649493
0.2472                    -41.47674587297708
0.247225                  -41.47707400151027
0.24725                   -41.477156001492574
0.247275                  -41.47718642857783
0.2473                    -41.47736146664411
0.24732500000000002       -41.47786933369957
0.24735000000000001       -41.478881176419804
0.247375                  -41.48054287582913
0.2474                    -41.4829681286512
0.247425                  -41.48623310032883
0.24745                   -41.49037287099758
0.247475                  -41.4953798178849
0.2475                    -41.50120399853611
0.247525                  -41.50775551981369
0.24755                   -41.51490879818171
0.24757500000000002       -41.52250853789394
0.24760000000000001       -41.53037717656201
0.247625                  -41.53832347450971
0.24765                   -41.54615185894404
0.247675                  -41.553672081089665
0.2477                    -41.560708709541444
0.247725                  -41.56710997163124
0.24775                   -41.57275547098541
0.247775                  -41.577562356058905
0.2478                    -41.58148959083418
0.24782500000000002       -41.58454008139066
0.24785000000000001       -41.58676053387452
0.247875                  -41.588239051262484
0.2479                    -41.58910060762652
0.247925                  -41.5895006588568
0.24795                   -41.589617248931276
0.247975                  -41.589642044328684
0.248                     -41.589770772731015
0.248025                  -41.590193555631075
0.24805                   -41.59108561047634
0.24807500000000002       -41.5925987610834
0.24810000000000001       -41.59485414069999
0.248125                  -41.59793640569406
0.24815                   -41.60188970405164
0.248175                  -41.606715565103656
0.2482                    -41.61237279732595
0.248225                  -41.61877940074733
0.24825                   -41.62581641993629
0.248275                  -41.63333358317268
0.2483                    -41.641156494275734
0.248325                  -41.64909506773631
0.24835000000000002       -41.6569528286871
0.248375                  -41.66453664150198
0.2484                    -41.67166638998186
0.248425                  -41.67818411384295
0.24845                   -41.68396211545574
0.248475                  -41.688909590527636
0.2485                    -41.69297740699438
0.248525                  -41.69616075482792
0.24855                   -41.698499509534706
0.248575                  -41.700076284829635
0.24860000000000002       -41.70101228469172
0.248625                  -41.701461190842544
0.24865                   -41.70160142893415
0.248675                  -41.7016272380917
0.2487                    -41.7017390197887
0.248725                  -41.70213346253942
0.24875                   -41.702993930736255
0.248775                  -41.704481573467625
0.2488                    -41.70672755780852
0.248825                  -41.709826766506225
0.24885000000000002       -41.71383322713631
0.248875                  -41.71875746242353
0.2489                    -41.72456587189272
0.248925                  -41.73118217451951
0.24895                   -41.738490861008025
0.248975                  -41.74634252297571
0.249                     -41.75456084538097
0.249025                  -41.7629509697041
0.24905                   -41.771308861772795
0.249075                  -41.77943125421419
0.24910000000000002       -41.78712568493456
0.249125                  -41.79422012584371
0.24915                   -41.800571695819464
0.249175                  -41.806073982618635
0.2492                    -41.810662561445184
0.249225                  -41.81431839122319
0.24925                   -41.81706888779929
0.249275                  -41.81898660770432
0.2493                    -41.82018561598628
0.249325                  -41.82081574550698
0.24935000000000002       -41.82105507231583
0.249375                  -41.821101023827474
0.2494                    -41.821160598249776
0.249425                  -41.82144020328295
0.24945                   -41.822135621068064
0.249475                  -41.8234225787824
0.2495                    -41.825448355746886
0.249525                  -41.8283247944336
0.24955                   -41.832123009817856
0.249575                  -41.83687001341405
0.24960000000000002       -41.84254738791439
0.249625                  -41.84909206708654
0.24965                   -41.85639919395814
0.249675                  -41.86432694839418
0.2497                    -41.87270315329074
0.249725                  -41.88133338798672
0.24975                   -41.890010260697316
0.249775                  -41.89852342288167
0.2498                    -41.906669852891284
0.249825                  -41.914263900199664
0.24985000000000002       -41.92114657105666
0.249875                  -41.92719355638242
0.2499                    -41.93232155561195
0.249925                  -41.936492535294924
0.24995                   -41.93971567417747
0.249975                  -41.94204687942087
0.25                      -41.94358590109924
0.250025                  -41.94447121242579
0.25005                   -41.944872949847046
0.250075                  -41.94498431061045
0.25010000000000004       -41.945011879049076
0.25012500000000004       -41.9451653936241
0.25015000000000004       -41.94564747525682
0.25017500000000004       -41.9466438171287
0.25020000000000003       -41.94831429232545
0.25022500000000003       -41.95078537463822
0.25025000000000003       -41.95414419544651
0.250275                  -41.9584344807927
0.2503                    -41.96365453096675
0.250325                  -41.96975732211547
0.25035                   -41.976652726358154
0.250375                  -41.984211763780124
0.2504                    -41.992272716676894
0.250425                  -42.00064885442937
0.25045                   -42.00913743853321
0.250475                  -42.017529605222215
0.2505                    -42.02562066289684
0.250525                  -42.033220299258
0.25055                   -42.040162174884856
0.250575                  -42.04631239130624
0.25060000000000004       -42.05157636566807
0.25062500000000004       -42.05590372113367
0.25065000000000004       -42.059290908798694
0.25067500000000004       -42.06178140619181
0.25070000000000003       -42.06346347946274
0.25072500000000003       -42.0644656395107
0.25075000000000003       -42.064950054813096
0.250775                  -42.06510429525043
0.2508                    -42.06513186421685
0.250825                  -42.06524202670248
0.25085                   -42.06563945842797
0.250875                  -42.06651422826634
0.2509                    -42.06803258810292
0.250925                  -42.07032898707401
0.25095                   -42.07349965690233
0.250975                  -42.07759803705891
0.251                     -42.08263222658129
0.251025                  -42.08856456589796
0.25105                   -42.09531336798633
0.251075                  -42.10275673387022
0.25110000000000005       -42.11073830296644
0.25112500000000004       -42.119074704804945
0.25115000000000004       -42.127564397023136
0.25117500000000004       -42.13599749863013
0.25120000000000003       -42.14416616225173
0.25122500000000003       -42.151874980461
0.25125000000000003       -42.15895089584498
0.251275                  -42.16525208797393
0.2513                    -42.17067534691331
0.251325                  -42.17516151342775
0.25135                   -42.17869866802873
0.251375                  -42.181322878204526
0.2514                    -42.18311645599464
0.251425                  -42.18420382488794
0.25145                   -42.18474523365206
0.251475                  -42.18492867409489
0.2515                    -42.184960451437874
0.251525                  -42.1850549149785
0.25155                   -42.185423881850056
0.251575                  -42.186266280180675
0.25160000000000005       -42.18775850457894
0.25162500000000004       -42.1900459227831
0.25165000000000004       -42.19323590387657
0.25167500000000004       -42.19739266130871
0.25170000000000003       -42.20253412230072
0.25172500000000003       -42.208630951683304
0.25175000000000003       -42.215607773979606
0.251775                  -42.22334655280985
0.2518                    -42.23169200133868
0.251825                  -42.240458811829185
0.25185                   -42.24944040782282
0.251875                  -42.25841884200037
0.2519                    -42.26717539106378
0.251925                  -42.27550134210897
0.25195                   -42.283208429783286
0.251975                  -42.290138376591514
0.252                     -42.2961710150473
0.252025                  -42.301230532235365
0.25205                   -42.30528947336464
0.252075                  -42.308370265656805
0.2521                    -42.31054416834592
0.25212500000000004       -42.31192770694166
0.25215000000000004       -42.312676797415385
0.25217500000000004       -42.3129788964836
0.25220000000000004       -42.31304361788979
0.25222500000000003       -42.3130923252277
0.25225000000000003       -42.31334724710901
0.252275                  -42.31402066184698
0.2523                    -42.31530467077606
0.252325                  -42.31736202813285
0.25235                   -42.320318427906614
0.252375                  -42.3242565704762
0.2524                    -42.329212249083106
0.252425                  -42.33517261143389
0.25245                   -42.34207666651173
0.252475                  -42.34981802129745
0.2525                    -42.35824974626467
0.252525                  -42.36719118212243
0.25255                   -42.37643641416976
0.252575                  -42.38576405714835
0.2526                    -42.39494791677189
0.25262500000000004       -42.4037680299796
0.25265000000000004       -42.4120215413273
0.25267500000000004       -42.41953285484936
0.25270000000000004       -42.426162515154424
0.25272500000000003       -42.4318143219957
0.25275000000000003       -42.43644026911162
0.252775                  -42.440043016679105
0.2528                    -42.44267574914225
0.252825                  -42.44443942515683
0.25285                   -42.44547758087079
0.252875                  -42.4459689887614
0.2529                    -42.446118590665236
0.252925                  -42.44614720764937
0.25295                   -42.44628057722727
0.252975                  -42.44673828044525
0.253                     -42.44772310130864
0.253025                  -42.44941131493156
0.25305                   -42.45194433571713
0.253075                  -42.45542207959255
0.2531                    -42.45989831043992
0.25312500000000004       -42.46537815427962
0.25315000000000004       -42.47181787760127
0.25317500000000004       -42.479126939164054
0.25320000000000004       -42.48717223742453
0.25322500000000003       -42.49578438824743
0.25325000000000003       -42.50476578018141
0.25327500000000003       -42.51390006918183
0.2533                    -42.522962694844885
0.253325                  -42.53173193136048
0.25335                   -42.539999935215036
0.253375                  -42.54758322536211
0.2534                    -42.554332036583695
0.253425                  -42.560138027468604
0.25345                   -42.564939901950545
0.253475                  -42.56872661473882
0.2535                    -42.57153796912462
0.253525                  -42.573462569900016
0.25355                   -42.574633251606244
0.253575                  -42.57522024970868
0.2536                    -42.57542250766792
0.25362500000000004       -42.57545760731948
0.25365000000000004       -42.5755508685361
0.25367500000000004       -42.57592418606918
0.25370000000000004       -42.57678515969228
0.25372500000000003       -42.57831703390486
0.25375000000000003       -42.58066990245581
0.25377500000000003       -42.583953557822944
0.2538                    -42.58823228256128
0.253825                  -42.59352179249597
0.25385                   -42.59978845365204
0.253875                  -42.60695080655549
0.2539                    -42.61488334305276
0.253925                  -42.62342239175396
0.25395                   -42.63237387884212
0.253975                  -42.641522642808454
0.254                     -42.650642897938155
0.254025                  -42.659509367212536
0.25405                   -42.66790854738506
0.254075                  -42.675649534743265
0.2541                    -42.682573836471455
0.25412500000000005       -42.68856362476044
0.25415000000000004       -42.69354796094143
0.25417500000000004       -42.697506622977116
0.25420000000000004       -42.70047130528974
0.25422500000000003       -42.70252411493132
0.25425000000000003       -42.70379344962255
0.25427500000000003       -42.70444749742406
0.2543                    -42.70468573201433
0.254325                  -42.70472888176866
0.25435                   -42.704807919040974
0.254375                  -42.705152646581865
0.2544                    -42.70598045321029
0.254425                  -42.707485776034595
0.25445                   -42.709830748717756
0.254475                  -42.713137441832544
0.2545                    -42.71748201873926
0.254525                  -42.72289104349407
0.25455                   -42.729340088996196
0.254575                  -42.73675470506107
0.2546                    -42.74501371726842
0.25462500000000005       -42.75395473769275
0.25465000000000004       -42.763381677770596
0.25467500000000004       -42.77307396257647
0.25470000000000004       -42.7827970574333
0.25472500000000003       -42.79231383688442
0.25475000000000003       -42.80139625924285
0.25477500000000003       -42.80983676499308
0.2548                    -42.81745880202563
0.254825                  -42.8241259013765
0.25485                   -42.829748787272464
0.254875                  -42.83429010424291
0.2549                    -42.837766476623635
0.254925                  -42.840247772336674
0.25495                   -42.84185361046631
0.254975                  -42.84274731638316
0.255                     -42.84312767501846
0.255025                  -42.843218950848645
0.25505                   -42.843259724628346
0.255075                  -42.8434911389222
0.2551                    -42.844145148483044
0.255125                  -42.84543334249838
0.25515000000000004       -42.84753685086087
0.25517500000000004       -42.85059777379107
0.25520000000000004       -42.85471249060321
0.25522500000000004       -42.85992711482457
0.25525000000000003       -42.866235272882314
0.25527500000000003       -42.8735782937644
0.2553                    -42.88184780748988
0.255325                  -42.890890660115055
0.25535                   -42.90051596167852
0.255375                  -42.910503991250536
0.2554                    -42.9206165921225
0.255425                  -42.93060860429068
0.25545                   -42.94023980699018
0.255475                  -42.94928678889874
0.2555                    -42.95755413603872
0.255525                  -42.96488433472149
0.25555                   -42.9711658339935
0.255575                  -42.976338800001315
0.2556                    -42.98039821983281
0.255625                  -42.98339416629011
0.25565000000000004       -42.98542920533131
0.25567500000000004       -42.986653099879376
0.25570000000000004       -42.987255122399034
0.25572500000000004       -42.9874544210539
0.25575000000000003       -42.98748898100488
0.25577500000000003       -42.98760377878491
0.2558                    -42.988038743753386
0.255825                  -42.98901712053844
0.25585                   -42.990734777036224
0.255875                  -42.99335093210252
0.2559                    -42.99698069344934
0.255925                  -43.00168970596917
0.25595                   -43.00749111824245
0.255975                  -43.01434498266528
0.256                     -43.02216011297073
0.256025                  -43.03079833128859
0.25605                   -43.040080944453365
0.256075                  -43.04979719590748
0.2561                    -43.0597143466769
0.256125                  -43.06958895001897
0.25615000000000004       -43.07917880514802
0.25617500000000004       -43.08825501342139
0.25620000000000004       -43.09661352387903
0.25622500000000004       -43.104085551953816
0.25625000000000003       -43.11054629133459
0.25627500000000003       -43.115921416649684
0.25630000000000003       -43.12019099152883
0.256325                  -43.12339054546547
0.25635                   -43.125609252176034
0.256375                  -43.12698531738419
0.2564                    -43.12769884983492
0.256425                  -43.1279626319148
0.25645                   -43.128011314860686
0.256475                  -43.12808963206219
0.2565                    -43.12844025119902
0.256525                  -43.12929187509951
0.25655                   -43.13084815866872
0.256575                  -43.13327794309197
0.2566                    -43.13670722696807
0.256625                  -43.14121320410873
0.25665000000000004       -43.1468206045474
0.25667500000000004       -43.15350048170024
0.25670000000000004       -43.161171495499666
0.25672500000000004       -43.16970364821
0.25675000000000003       -43.17892433561247
0.25677500000000003       -43.188626480902826
0.25680000000000003       -43.19857842298774
0.256825                  -43.20853513795519
0.25685                   -43.218250287691255
0.256875                  -43.22748852030003
0.2569                    -43.2360374017346
0.256925                  -43.24371834532484
0.25695                   -43.25039593242546
0.256975                  -43.25598508660558
0.257                     -43.26045567448392
0.257025                  -43.26383425220034
0.25705                   -43.26620284659151
0.257075                  -43.2676948399785
0.2571                    -43.26848820123824
0.257125                  -43.2687964585911
0.25715000000000005       -43.26885792938579
0.25717500000000004       -43.268923801711196
0.25720000000000004       -43.26924569963058
0.25722500000000004       -43.27006336069055
0.25725000000000003       -43.271593017224994
0.25727500000000003       -43.27401701004235
0.25730000000000003       -43.277475082969715
0.257325                  -43.28205771705703
0.25735                   -43.287801769701844
0.257375                  -43.29468858987766
0.2574                    -43.30264468716672
0.257425                  -43.311544938916356
0.25745                   -43.32121822532825
0.257475                  -43.33145528571958
0.2575                    -43.34201849092052
0.257525                  -43.35265312922347
0.25755                   -43.363099711380045
0.257575                  -43.37310672111762
0.2576                    -43.38244318044644
0.257625                  -43.390910372976606
0.25765000000000005       -43.398352081629554
0.25767500000000004       -43.40466275453671
0.25770000000000004       -43.40979311505922
0.25772500000000004       -43.41375287382103
0.25775000000000003       -43.416610372209206
0.25777500000000003       -43.41848917354379
0.25780000000000003       -43.419561803428195
0.257825                  -43.420041008265294
0.25785                   -43.42016903680001
0.257875                  -43.42020554453942
0.2579                    -43.42041477111839
0.257925                  -43.421052647536186
0.25795                   -43.42235445939331
0.257975                  -43.42452363221054
0.258                     -43.42772212491914
0.258025                  -43.432062826264264
0.25805                   -43.437604252857504
0.258075                  -43.44434775115513
0.2581                    -43.45223731042975
0.258125                  -43.46116199954856
0.25815000000000005       -43.47096094564657
0.25817500000000004       -43.48143067610187
0.25820000000000004       -43.49233454612743
0.25822500000000004       -43.50341387429567
0.25825000000000004       -43.514400311462964
0.25827500000000003       -43.52502888155592
0.25830000000000003       -43.53505106434489
0.258325                  -43.54424725049243
0.25835                   -43.55243789702642
0.258375                  -43.55949275364969
0.2584                    -43.56533761941164
0.258425                  -43.56995822223456
0.25845                   -43.5734009818728
0.258475                  -43.57577060640516
0.2585                    -43.577224666489016
0.258525                  -43.57796547283223
0.25855                   -43.578229735088485
0.258575                  -43.578276593212486
0.2586                    -43.57837467924213
0.258625                  -43.57878888824622
0.25865                   -43.5797675164718
0.25867500000000004       -43.58153037065173
0.25870000000000004       -43.584258374651945
0.25872500000000004       -43.588085107565355
0.25875000000000004       -43.593090608756704
0.25877500000000003       -43.599297685505675
0.25880000000000003       -43.606670860377754
0.258825                  -43.61511799855367
0.25885                   -43.624494558840325
0.258875                  -43.63461031430163
0.2589                    -43.64523828842558
0.258925                  -43.656125551265205
0.25895                   -43.66700542031314
0.258975                  -43.67761051899099
0.259                     -43.68768606996724
0.259025                  -43.69700275090865
0.25905                   -43.70536842646815
0.259075                  -43.71263810007517
0.2591                    -43.71872150632516
0.259125                  -43.72358788806929
0.25915                   -43.72726766440721
0.25917500000000004       -43.729850884011796
0.25920000000000004       -43.73148255607561
0.25922500000000004       -43.73235514073703
0.25925000000000004       -43.732698645451265
0.25927500000000003       -43.7327689004249
0.25930000000000003       -43.7328346672567
0.259325                  -43.73316426853003
0.25935                   -43.73401241584263
0.259375                  -43.73560786715672
0.2594                    -43.738142471025334
0.259425                  -43.74176206500916
0.25945                   -43.746559596878214
0.259475                  -43.7525707360281
0.2595                    -43.75977214220807
0.259525                  -43.76808245990869
0.25955                   -43.77736600855529
0.259575                  -43.787439039230506
0.2596                    -43.798078326685044
0.259625                  -43.80903176114799
0.25965                   -43.82003050060782
0.25967500000000004       -43.83080214635159
0.25970000000000004       -43.84108432084246
0.25972500000000004       -43.85063796753575
0.25975000000000004       -43.859259667369415
0.25977500000000003       -43.866792285244365
0.25980000000000003       -43.87313332707101
0.25982500000000003       -43.878240503910504
0.25985                   -43.882134158280195
0.259875                  -43.884896396853875
0.2599                    -43.88666697713161
0.259925                  -43.88763619462266
0.25995                   -43.888035193808825
0.259975                  -43.88812426610823
0.26                      -43.88817979199746
0.260025                  -43.88848052926717
0.26005                   -43.889293947779464
0.260075                  -43.89086327027047
0.2601                    -43.89339580850474
0.260125                  -43.89705309482707
0.26015                   -43.90194321007168
0.26017500000000005       -43.90811560669167
0.26020000000000004       -43.9155586247487
0.26022500000000004       -43.924199799134385
0.26025000000000004       -43.93390895803102
0.26027500000000003       -43.94450401302549
0.26030000000000003       -43.9557592384982
0.26032500000000003       -43.96741573135188
0.26035                   -43.979193633684645
0.260375                  -43.99080559555933
0.2604                    -44.00197086055015
0.260425                  -44.012429283629906
0.26045                   -44.02195455055187
0.260475                  -44.03036587057484
0.2605                    -44.03753746740364
0.260525                  -44.04340529864494
0.26055                   -44.04797058756624
0.260575                  -44.05129994158051
0.2606                    -44.05352204331808
0.260625                  -44.054821112900925
0.26065                   -44.0554275344344
0.26067500000000005       -44.05560619893898
0.26070000000000004       -44.05564322834263
0.26072500000000004       -44.055831805628415
0.26075000000000004       -44.05645784616851
0.26077500000000003       -44.05778621139309
0.26080000000000003       -44.06004809835751
0.26082500000000003       -44.06343014878119
0.26085                   -44.06806571918605
0.260875                  -44.074028647978054
0.2609                    -44.081329750689704
0.260925                  -44.08991617296019
0.26095                   -44.099673631393486
0.260975                  -44.110431472851424
0.261                     -44.12197038036841
0.261025                  -44.134032447148954
0.26105                   -44.146333229721726
0.261075                  -44.158575281073794
0.2611                    -44.17046256165346
0.261125                  -44.18171504063003
0.26115                   -44.19208274358219
0.26117500000000005       -44.201358487540205
0.26120000000000004       -44.20938857924944
0.26122500000000004       -44.216080842144066
0.26125000000000004       -44.22140947987967
0.26127500000000003       -44.22541647037497
0.26130000000000003       -44.22820939880247
0.26132500000000003       -44.22995586118104
0.26135                   -44.230874781147264
0.261375                  -44.23122516203493
0.2614                    -44.23129293025842
0.261425                  -44.23137660644352
0.26145                   -44.23177256707804
0.261475                  -44.23276063713456
0.2615                    -44.23459069294567
0.261525                  -44.23747086638741
0.26155                   -44.24155783769046
0.261575                  -44.246949594443834
0.2616                    -44.25368092494722
0.261625                  -44.261721807960384
0.26165                   -44.2709787580369
0.261675                  -44.28129908391242
0.26170000000000004       -44.292477913987284
0.26172500000000004       -44.304267735597556
0.26175000000000004       -44.31639008329893
0.26177500000000004       -44.32854889857125
0.26180000000000003       -44.34044497546114
0.26182500000000003       -44.35179081324293
0.26185                   -44.36232512998602
0.261875                  -44.37182626223909
0.2619                    -44.38012369634127
0.261925                  -44.387107052392174
0.26195                   -44.39273197270194
0.261975                  -44.39702254543085
0.262                     -44.400070107055996
0.262025                  -44.40202849505638
0.26205                   -44.40310604327163
0.262075                  -44.40355480631539
0.2621                    -44.40365764995508
0.262125                  -44.403713941648626
0.26215                   -44.40402461685462
0.262175                  -44.404877386409545
0.26220000000000004       -44.406532797320054
0.26222500000000004       -44.409211775570945
0.26225000000000004       -44.413085177115555
0.26227500000000004       -44.418265762493476
0.26230000000000003       -44.42480289887787
0.26232500000000003       -44.43268018462061
0.26235                   -44.44181608608752
0.262375                  -44.45206757289222
0.2624                    -44.46323663254407
0.262425                  -44.47507943635472
0.26245                   -44.48731781429422
0.262475                  -44.49965257937997
0.2625                    -44.51177812775761
0.262525                  -44.52339763811625
0.26255                   -44.53423811543235
0.262575                  -44.54406448227692
0.2626                    -44.552691927805064
0.262625                  -44.5599957879985
0.26265                   -44.565918352572396
0.262675                  -44.570472168540206
0.26270000000000004       -44.573739624611825
0.26272500000000004       -44.57586883525267
0.26275000000000004       -44.57706607603101
0.26277500000000004       -44.577585230828944
0.26280000000000003       -44.57771487835324
0.26282500000000003       -44.577763758289
0.26285000000000003       -44.578045412126926
0.262875                  -44.578862793220075
0.2629                    -44.580493593784055
0.262925                  -44.58317695550257
0.26295                   -44.5871021280744
0.262975                  -44.59239952789599
0.263                     -44.59913453553156
0.263025                  -44.607304260330935
0.26305                   -44.61683739451146
0.263075                  -44.62759717535207
0.2631                    -44.63938736939842
0.263125                  -44.65196108323801
0.26315                   -44.66503208948695
0.263175                  -44.67828823503909
0.26320000000000005       -44.691406376085425
0.26322500000000004       -44.70406816969701
0.26325000000000004       -44.71597595710533
0.26327500000000004       -44.72686791332894
0.26330000000000003       -44.73653162516513
0.26332500000000003       -44.744815305215596
0.26335000000000003       -44.75163595806194
0.263375                  -44.756983982632555
0.2634                    -44.760923910529655
0.263425                  -44.76359122468974
0.26345                   -44.76518545275639
0.263475                  -44.76595996063368
0.2635                    -44.76620906260937
0.263525                  -44.76625320021831
0.26355                   -44.766423015786216
0.263575                  -44.76704315973222
0.2636                    -44.76841663144946
0.263625                  -44.77081037457009
0.26365                   -44.77444274286413
0.263675                  -44.77947333607807
0.26370000000000005       -44.78599558584754
0.26372500000000004       -44.794032356549494
0.26375000000000004       -44.803534716569274
0.26377500000000004       -44.81438393044818
0.26380000000000003       -44.8263966180206
0.26382500000000003       -44.83933291858969
0.26385000000000003       -44.85290738314751
0.263875                  -44.866802194992786
0.2639                    -44.88068219206164
0.263925                  -44.89421104049808
0.26395                   -44.90706780020893
0.263975                  -44.91896304395789
0.264                     -44.92965365714863
0.264025                  -44.938955468735024
0.26405                   -44.94675295227853
0.264075                  -44.953005389890144
0.2641                    -44.95774910153298
0.264125                  -44.9610955903859
0.26415                   -44.963225718046225
0.264175                  -44.96438027524843
0.26420000000000005       -44.964847530314046
0.26422500000000004       -44.964948500215066
0.26425000000000004       -44.965020787631005
0.26427500000000004       -44.965401860391054
0.26430000000000003       -44.96641262389488
0.26432500000000003       -44.968342064826615
0.26435000000000003       -44.971433640701804
0.264375                  -44.9758739691989
0.2644                    -44.981784245851195
0.264425                  -44.98921469646213
0.26445                   -44.998142255005
0.264475                  -45.00847154820923
0.2645                    -45.02003916110048
0.264525                  -45.03262104879199
0.26455                   -45.04594284471354
0.264575                  -45.05969269239452
0.2646                    -45.07353609876624
0.264625                  -45.0871321781179
0.26465                   -45.100150538244804
0.264675                  -45.112287968372094
0.26470000000000005       -45.12328403797522
0.26472500000000004       -45.1329347210815
0.26475000000000004       -45.141103231862544
0.26477500000000004       -45.1477273967211
0.26480000000000004       -45.15282308893337
0.26482500000000003       -45.15648349839738
0.26485000000000003       -45.158874278134476
0.264875                  -45.16022487418793
0.2649                    -45.160816580457464
0.264925                  -45.1609680437081
0.26495                   -45.16101906340133
0.264975                  -45.16131358234268
0.265                     -45.16218275238938
0.265025                  -45.163928896195685
0.26505                   -45.16681108634955
0.265075                  -45.171032942847376
0.2651                    -45.176733121988605
0.265125                  -45.18397884377377
0.26515                   -45.192762685386654
0.265175                  -45.20300275554335
0.2652                    -45.21454625526455
0.26522500000000004       -45.22717632008681
0.26525000000000004       -45.24062192210493
0.26527500000000004       -45.25457048475093
0.26530000000000004       -45.268682729683256
0.26532500000000003       -45.28260913907698
0.26535000000000003       -45.29600728838182
0.265375                  -45.308559198794484
0.2654                    -45.319987792035036
0.265425                  -45.330071518624834
0.26545                   -45.338656286791604
0.265475                  -45.345663947175055
0.2655                    -45.35109678403192
0.265525                  -45.35503771207435
0.26555                   -45.35764615650214
0.265575                  -45.35914987438233
0.2656                    -45.35983323013901
0.265625                  -45.360022642726946
0.26565                   -45.36007006125196
0.265675                  -45.36033539338591
0.2657                    -45.36116881055861
0.26572500000000004       -45.36289379687085
0.26575000000000004       -45.36579171073804
0.26577500000000004       -45.37008850627319
0.26580000000000004       -45.37594413022532
0.26582500000000003       -45.383444980718075
0.26585000000000003       -45.39259969185992
0.26587500000000003       -45.40333839435127
0.2659                    -45.41551549335728
0.265925                  -45.42891589564603
0.26595                   -45.44326450239349
0.265975                  -45.458238657851425
0.266                     -45.473483106484345
0.266025                  -45.488626866331295
0.26605                   -45.50330128387494
0.266075                  -45.51715841029824
0.2661                    -45.529888748742295
0.266125                  -45.54123738561141
0.26615                   -45.551017551511144
0.266175                  -45.55912076754869
0.2662                    -45.565522919120355
0.26622500000000004       -45.57028584951729
0.26625000000000004       -45.573554357170174
0.26627500000000004       -45.575548783766834
0.26630000000000004       -45.57655366446164
0.26632500000000003       -45.57690314794687
0.26635000000000003       -45.57696406313095
0.26637500000000003       -45.577117601014095
0.2664                    -45.577740596490216
0.266425                  -45.57918734588842
0.26645                   -45.58177279871596
0.266475                  -45.5857578350283
0.2665                    -45.5913372004606
0.266525                  -45.5986305324909
0.26655                   -45.60767678178877
0.266575                  -45.6184322137037
0.2666                    -45.63077206442137
0.266625                  -45.6444958181887
0.26665                   -45.65933595921745
0.266675                  -45.674969928380726
0.2667                    -45.691034877730694
0.26672500000000005       -45.707144667194314
0.26675000000000004       -45.72290839547941
0.26677500000000004       -45.73794961509883
0.26680000000000004       -45.75192526796121
0.26682500000000003       -45.76454331361971
0.26685000000000003       -45.775578025669894
0.26687500000000003       -45.78488201564586
0.2669                    -45.792394211120914
0.266925                  -45.79814325678504
0.26695                   -45.80224610355087
0.266975                  -45.80490187172703
0.267                     -45.80638138626854
0.267025                  -45.807013052941656
0.26705                   -45.80716594881846
0.267075                  -45.80723112451578
0.2671                    -45.80760215677492
0.267125                  -45.80865595699629
0.26715                   -45.8107347506086
0.267175                  -45.81413001372493
0.2672                    -45.81906900705904
0.26722500000000005       -45.82570439852561
0.26725000000000004       -45.83410732570403
0.26727500000000004       -45.844264121575065
0.26730000000000004       -45.856076810214844
0.26732500000000003       -45.869367367929584
0.26735000000000003       -45.88388563209263
0.26737500000000003       -45.899320617487334
0.2674                    -45.91531486370876
0.267425                  -45.9314812872487
0.26745                   -45.94742185445685
0.267475                  -45.96274723923411
0.2675                    -45.977096500176735
0.267525                  -45.99015572717342
0.26755                   -46.00167458784525
0.267575                  -46.01147976545285
0.2676                    -46.01948442859086
0.267625                  -46.02569310372013
0.26765                   -46.030201616254864
0.267675                  -46.03319209582436
0.2677                    -46.03492337171629
0.26772500000000005       -46.035717380576585
0.26775000000000004       -46.03594244136124
0.26777500000000004       -46.035994404021025
0.26780000000000004       -46.03627674283695
0.26782500000000004       -46.037180649159744
0.26785000000000003       -46.039066097167556
0.26787500000000003       -46.04224473074538
0.2679                    -46.046965270860355
0.267925                  -46.053401988850304
0.26795                   -46.06164664425683
0.267975                  -46.07170415204703
0.268                     -46.08349212289219
0.268025                  -46.09684430639742
0.26805                   -46.111517852849964
0.268075                  -46.127204185933465
0.2681                    -46.14354314093848
0.268125                  -46.16013986880603
0.26815                   -46.1765838406399
0.268175                  -46.1924691218735
0.2682                    -46.20741493824306
0.268225                  -46.22108544951789
0.26825000000000004       -46.23320760458108
0.26827500000000004       -46.243585991878064
0.26830000000000004       -46.25211373256281
0.26832500000000004       -46.258778687498314
0.26835000000000003       -46.2636645473641
0.26837500000000003       -46.26694671891447
0.2684                    -46.268883273422745
0.268425                  -46.26980154746187
0.26845                   -46.2700812484796
0.268475                  -46.27013509581701
0.2685                    -46.27038811313926
0.268525                  -46.27125668543271
0.26855                   -46.27312841825937
0.268575                  -46.27634371066588
0.2686                    -46.281179799279926
0.268625                  -46.287837870131256
0.26865                   -46.29643368126763
0.268675                  -46.30699200082041
0.2687                    -46.31944504229966
0.268725                  -46.33363496631971
0.26875000000000004       -46.34932040679487
0.26877500000000004       -46.3661868599699
0.26880000000000004       -46.3838606382292
0.26882500000000004       -46.401925933556754
0.26885000000000003       -46.41994436038807
0.26887500000000003       -46.437476164761414
0.26890000000000003       -46.45410211421036
0.268925                  -46.46944494475769
0.26895                   -46.48318916407507
0.268975                  -46.49509801715457
0.269                     -46.505026528329736
0.269025                  -46.512929743867545
0.26905                   -46.518865599750626
0.269075                  -46.522992201838605
0.2691                    -46.525559691582075
0.269125                  -46.52689723692259
0.26915                   -46.52739599560584
0.269175                  -46.52748911800977
0.2692                    -46.52762997468073
0.269225                  -46.5282698116852
0.26925000000000004       -46.529835969496276
0.26927500000000004       -46.53271167190124
0.26930000000000004       -46.53721822679552
0.26932500000000004       -46.54360030504197
0.26935000000000003       -46.552014795241604
0.26937500000000003       -46.56252358181669
0.26940000000000003       -46.575090463636656
0.269425                  -46.58958231591406
0.26945                   -46.605774489775634
0.269475                  -46.62336033012953
0.2695                    -46.64196456237961
0.269525                  -46.66116014514535
0.26955                   -46.680488008798505
0.269575                  -46.699478905968554
0.2696                    -46.71767640671658
0.269625                  -46.7346599021002
0.26965                   -46.750066364210745
0.269675                  -46.76360957689358
0.2697                    -46.77509562114377
0.269725                  -46.78443358199238
0.26975000000000005       -46.79164073237434
0.26977500000000004       -46.7968418193822
0.26980000000000004       -46.80026249053078
0.26982500000000004       -46.80221730553792
0.26985000000000003       -46.803093136883675
0.26987500000000003       -46.80332903346966
0.26990000000000003       -46.80339378472743
0.269925                  -46.80376247375286
0.26995                   -46.80489325972137
0.269975                  -46.80720550563364
0.27                      -46.81106019631584
0.270025                  -46.816743401764604
0.27005                   -46.82445335509138
0.270075                  -46.83429154687761
0.2701                    -46.84625809395947
0.270125                  -46.860251517525484
0.27015                   -46.87607295375181
0.270175                  -46.89343470748662
0.2702                    -46.911972933024344
0.270225                  -46.93126407617296
0.27025000000000005       -46.95084453508866
0.27027500000000004       -46.97023279864341
0.27030000000000004       -46.98895311491832
0.27032500000000004       -47.00655955234322
0.27035000000000003       -47.02265917195766
0.27037500000000003       -47.03693296267784
0.27040000000000003       -47.04915322884972
0.270425                  -47.05919627567059
0.27045                   -47.06704951132413
0.270475                  -47.07281245396193
0.2705                    -47.07669155914537
0.270525                  -47.078989220501654
0.27055                   -47.08008769285356
0.270575                  -47.08042900030086
0.2706                    -47.0804920940799
0.270625                  -47.08076860767374
0.27065                   -47.081738528859596
0.270675                  -47.083846993240044
0.2707                    -47.087483231770875
0.270725                  -47.0929625069838
0.27075000000000005       -47.10051167517621
0.27077500000000004       -47.110258832455614
0.27080000000000004       -47.122227348949444
0.27082500000000004       -47.13633446615017
0.27085000000000004       -47.15239451834024
0.27087500000000003       -47.17012672693411
0.27090000000000003       -47.18916739189838
0.270925                  -47.20908615512585
0.27095                   -47.229405830549986
0.270975                  -47.24962508739634
0.271                     -47.26924304923551
0.271025                  -47.287784655868215
0.27105                   -47.304825459191726
0.271075                  -47.3200144231679
0.2711                    -47.333093303572696
0.271125                  -47.34391131609694
0.27115                   -47.35243406477625
0.271175                  -47.35874607882379
0.2712                    -47.36304675699199
0.271225                  -47.36563999291721
0.27125000000000005       -47.36691819643761
0.27127500000000004       -47.367341784890385
0.27130000000000004       -47.367415460567095
0.27132500000000004       -47.36766270203974
0.27135000000000004       -47.36859988491907
0.27137500000000003       -47.37071133529618
0.27140000000000003       -47.37442643980528
0.271425                  -47.38009972505445
0.27145                   -47.387994606606654
0.271475                  -47.39827131520804
0.2715                    -47.41097934600649
0.271525                  -47.42605464479525
0.27155                   -47.443321634736435
0.271575                  -47.462500082588136
0.2716                    -47.48321668790687
0.271625                  -47.505021136312
0.27165                   -47.52740617839581
0.271675                  -47.549831077883276
0.2717                    -47.57174752637521
0.271725                  -47.59262687011457
0.27175                   -47.61198727038423
0.27177500000000004       -47.629419263644586
0.27180000000000004       -47.64460814001747
0.27182500000000004       -47.65735164937944
0.27185000000000004       -47.66757178524117
0.27187500000000003       -47.67531977607443
0.27190000000000003       -47.68077389559318
0.27192500000000003       -47.684230232161994
0.27195                   -47.68608706835569
0.271975                  -47.6868239536881
0.272                     -47.686976860953976
0.272025                  -47.68711097676697
0.27205                   -47.68779269189479
0.272075                  -47.68956225022518
0.2721                    -47.69290832350219
0.272125                  -47.698245543653
0.27215                   -47.70589578307552
0.272175                  -47.71607375352805
0.2722                    -47.7288773115469
0.272225                  -47.744282715155194
0.27225                   -47.76214496462221
0.27227500000000004       -47.782203262983394
0.27230000000000004       -47.80409152974582
0.27232500000000004       -47.827353773695464
0.27235000000000004       -47.85146396249924
0.27237500000000003       -47.8758498110157
0.27240000000000003       -47.89991965218341
0.27242500000000003       -47.92309127355628
0.27245                   -47.94482133242279
0.272475                  -47.96463374680174
0.2725                    -47.982145345671874
0.272525                  -47.997087090443074
0.27255                   -48.00931937491684
0.272575                  -48.018840271450365
0.2726                    -48.02578608647551
0.272625                  -48.03042416305235
0.27265                   -48.033138450196226
0.272675                  -48.034408875311996
0.2727                    -48.03478594741017
0.272725                  -48.03486224931334
0.27275                   -48.03524254009894
0.27277500000000005       -48.036514104424654
0.27280000000000004       -48.039218791781984
0.27282500000000004       -48.04382793310651
0.27285000000000004       -48.05072104972606
0.27287500000000003       -48.06016901600878
0.27290000000000003       -48.07232212409851
0.27292500000000003       -48.08720333377416
0.27295                   -48.10470686646043
0.272975                  -48.12460220344998
0.273                     -48.14654345229247
0.273025                  -48.17008392857155
0.27305                   -48.19469564286187
0.273075                  -48.219793172589576
0.2731                    -48.244761136211515
0.273125                  -48.26898418835425
0.27315                   -48.291878151220864
0.273175                  -48.31292063515697
0.2732                    -48.33167933226279
0.273225                  -48.34783614073578
0.27325                   -48.36120542854648
0.27327500000000005       -48.371745081555645
0.27330000000000004       -48.379559479751244
0.27332500000000004       -48.384894151613864
0.27335000000000004       -48.38812249477547
0.27337500000000003       -48.38972553870941
0.27340000000000003       -48.39026619026904
0.27342500000000003       -48.39035969810745
0.27345                   -48.39064218186658
0.273475                  -48.39173901219782
0.2735                    -48.39423463745469
0.273525                  -48.39864518375224
0.27355                   -48.40539485884488
0.273575                  -48.41479690963005
0.2736                    -48.42703964588792
0.273625                  -48.442177860259605
0.27365                   -48.46012984213475
0.273675                  -48.48068008456888
0.2737                    -48.50348769428753
0.273725                  -48.52810040809313
0.27375                   -48.553973969717404
0.27377500000000005       -48.580496412122585
0.27380000000000004       -48.607016516899826
0.27382500000000004       -48.632875396997576
0.27385000000000004       -48.65743980256162
0.27387500000000004       -48.680135430462386
0.27390000000000003       -48.70047828551054
0.27392500000000003       -48.71810205520131
0.27395                   -48.73277956644061
0.273975                  -48.744436711432925
0.274                     -48.75315774385841
0.274025                  -48.759181501400725
0.27405                   -48.762888823583516
0.274075                  -48.764782109547575
0.2741                    -48.765458511663226
0.274125                  -48.76557862639481
0.27415                   -48.765832698706866
0.274175                  -48.76690631299813
0.2742                    -48.76944734419596
0.274225                  -48.77403564596637
0.27425                   -48.781156620166456
0.27427500000000005       -48.79117949458078
0.27430000000000004       -48.8043408698998
0.27432500000000004       -48.82073389771677
0.27435000000000004       -48.840303316594394
0.27437500000000004       -48.86284648563325
0.27440000000000003       -48.88802048689126
0.27442500000000003       -48.915355286925795
0.27445                   -48.94427282174941
0.274475                  -48.97411167322642
0.2745                    -49.00415672563405
0.274525                  -49.03367283429907
0.27455                   -49.06194113169536
0.274575                  -49.08829619068942
0.2746                    -49.11216192825534
0.274625                  -49.13308394147055
0.27465                   -49.150755987369486
0.274675                  -49.16503858861703
0.2747                    -49.17596826558112
0.274725                  -49.183756612259714
0.27475                   -49.18877925741272
0.274775                  -49.19155556870008
0.27480000000000004       -49.19272065392376
0.27482500000000004       -49.192991703140876
0.27485000000000004       -49.19313095492526
0.27487500000000004       -49.193907563511125
0.27490000000000003       -49.19606043542851
0.27492500000000003       -49.20026376395104
0.27495                   -49.20709659351761
0.274975                  -49.217017361719435
0.275                     -49.230344041736586
0.275025                  -49.247240268028406
0.27505                   -49.26770767454862
0.275075                  -49.29158459067316
0.2751                    -49.31855119465353
0.275125                  -49.34814117919917
0.27515                   -49.379759898446736
0.275175                  -49.41270880441063
0.2752                    -49.446215719870146
0.275225                  -49.479470128054714
0.27525                   -49.511662206911105
0.275275                  -49.54202384496035
0.27530000000000004       -49.56986942078185
0.27532500000000004       -49.59463379964676
0.27535000000000004       -49.61590488876623
0.27537500000000004       -49.63344826410054
0.27540000000000003       -49.64722185937007
0.27542500000000003       -49.65737945670707
0.27545000000000003       -49.664262646317106
0.275475                  -49.66838189774605
0.2755                    -49.67038826533779
0.275525                  -49.671037914524696
0.27555                   -49.67115203061232
0.275575                  -49.67157474378294
0.2756                    -49.67313151389024
0.275625                  -49.67659004462645
0.27565                   -49.68262533221101
0.275675                  -49.691789986113534
0.2757                    -49.704490554626275
0.275725                  -49.720970284255664
0.27575                   -49.74129854830657
0.275775                  -49.76536708175834
0.27580000000000005       -49.792893123640695
0.27582500000000004       -49.823429550515854
0.27585000000000004       -49.856382036906375
0.27587500000000004       -49.89103315471789
0.27590000000000003       -49.926573088254926
0.27592500000000003       -49.96213627723399
0.27595000000000003       -49.99684281704026
0.275975                  -50.029842886075045
0.276                     -50.06036191090776
0.276025                  -50.08774372377836
0.27605                   -50.111488725153244
0.276075                  -50.131284130831034
0.2761                    -50.14702380782386
0.276125                  -50.158815968953164
0.27615                   -50.166978013973555
0.276175                  -50.172018929019835
0.2762                    -50.174610715313705
0.276225                  -50.17555115689816
0.27625                   -50.17572075110732
0.276275                  -50.17603678033957
0.27630000000000005       -50.17740733484082
0.27632500000000004       -50.18068769036523
0.27635000000000004       -50.186640912642915
0.27637500000000004       -50.19590401052195
0.27640000000000003       -50.20896047650666
0.27642500000000003       -50.22611968902724
0.27645000000000003       -50.247503422383204
0.276475                  -50.2730396050707
0.2765                    -50.30246344954005
0.276525                  -50.33532609582332
0.27655                   -50.371010909996805
0.276575                  -50.40875749822321
0.2766                    -50.44769328865335
0.276625                  -50.48687216543037
0.27665                   -50.525319109142714
0.276675                  -50.56207914285143
0.2767                    -50.596268182515516
0.276725                  -50.62712276451918
0.27675                   -50.65404521167131
0.276775                  -50.6766407340608
0.27680000000000005       -50.694743327966584
0.27682500000000004       -50.70842814147194
0.27685000000000004       -50.71800913276672
0.27687500000000004       -50.7240221874352
0.27690000000000003       -50.72719517070336
0.27692500000000003       -50.72840746369732
0.27695000000000003       -50.72864222081805
0.276975                  -50.72893482836835
0.277                     -50.730320874755144
0.277025                  -50.73378646329677
0.27705                   -50.74022304937709
0.277075                  -50.75038830382937
0.2771                    -50.76487390604199
0.277125                  -50.784080723810334
0.27715                   -50.80820156914089
0.277175                  -50.837211618880275
0.2772                    -50.87086661632711
0.277225                  -50.90870906559736
0.27725                   -50.950082723743286
0.277275                  -50.99415571164072
0.27730000000000005       -51.03995243267207
0.27732500000000004       -51.086394152333824
0.27735000000000004       -51.13234752514301
0.27737500000000004       -51.17667957544013
0.27740000000000004       -51.21831672156201
0.27742500000000003       -51.25630451513251
0.27745000000000003       -51.28986403301226
0.277475                  -51.31844050575576
0.2775                    -51.34173995204029
0.277525                  -51.35975037996477
0.27755                   -51.37274545069851
0.277575                  -51.38127018448281
0.2776                    -51.38611004048934
0.277625                  -51.388246219945025
0.27765                   -51.38880108661681
0.277675                  -51.38897804852079
0.2777                    -51.39000011321202
0.277725                  -51.39305074221333
0.27775                   -51.399219777388055
0.277775                  -51.40945629149681
0.27780000000000005       -51.424529390815515
0.27782500000000004       -51.44499737639718
0.27785000000000004       -51.4711852981847
0.27787500000000004       -51.50317080627599
0.27790000000000004       -51.54077827107797
0.27792500000000003       -51.583581338060114
0.27795000000000003       -51.630914316888465
0.277975                  -51.681892983864266
0.278                     -51.73544540348128
0.278025                  -51.79035315931799
0.27805                   -51.84530285930383
0.278075                  -51.89894692424531
0.2781                    -51.94997152991853
0.278125                  -51.997168287938464
0.27815                   -52.03950504184626
0.278175                  -52.076190302859544
0.2782                    -52.106725629802256
0.278225                  -52.13094085486999
0.27825                   -52.14900848752638
0.278275                  -52.16143570588527
0.2783                    -52.16903470935095
0.27832500000000004       -52.17287441968313
0.27835000000000004       -52.17421818361671
0.27837500000000004       -52.17445300017907
0.27840000000000004       -52.175015822817976
0.27842500000000003       -52.17732181063212
0.27845000000000003       -52.18269828349506
0.27847500000000003       -52.19232686254891
0.2785                    -52.207195099166135
0.278525                  -52.22805798179365
0.27855                   -52.25540914399779
0.278575                  -52.28946138444283
0.2786                    -52.330136198198396
0.278625                  -52.37706231866537
0.27865                   -52.42958366907964
0.278675                  -52.486777501184754
0.2787                    -52.54748373399846
0.278725                  -52.610346476476295
0.27875                   -52.67386831038909
0.278775                  -52.73647704170629
0.2788                    -52.796603292099704
0.27882500000000005       -52.85276560550058
0.27885000000000004       -52.9036579384185
0.27887500000000004       -52.948232868599206
0.27890000000000004       -52.98577303606411
0.27892500000000003       -53.01594358870666
0.27895000000000003       -53.038819882822914
0.27897500000000003       -53.054887228605274
0.279                     -53.065012636165974
0.279025                  -53.07039169419078
0.27905                   -53.07247626244318
0.279075                  -53.07289011290951
0.2791                    -53.0733398647307
0.279125                  -53.07552770827979
0.27915                   -53.081070891050544
0.279175                  -53.09143117152481
0.2792                    -53.107855793205204
0.279225                  -53.131330224127126
0.27925                   -53.16254206752607
0.279275                  -53.2018552115452
0.2793                    -53.24929341132892
0.27932500000000005       -53.304532980377566
0.27935000000000004       -53.366904962049595
0.27937500000000004       -53.43540789623753
0.27940000000000004       -53.50873292740098
0.27942500000000003       -53.58530334953434
0.27945000000000003       -53.66333056834429
0.27947500000000003       -53.740887691507524
0.2795                    -53.816000396471125
0.279525                  -53.886752393744345
0.27955                   -53.95139997708575
0.279575                  -54.00848734582241
0.2796                    -54.056952262559534
0.279625                  -54.0962108627512
0.27965                   -54.126211588932534
0.279675                  -54.14745138436288
0.2797                    -54.16095193505578
0.279725                  -54.168198868754914
0.27975                   -54.17105122268158
0.279775                  -54.17163126097179
0.2798                    -54.17220547183261
0.27982500000000005       -54.175066479290976
0.27985000000000004       -54.182423244212536
0.27987500000000004       -54.19630404224633
0.27990000000000004       -54.21847397133878
0.27992500000000003       -54.25036663681631
0.27995000000000003       -54.29302842283458
0.27997500000000003       -54.34707342217461
0.28                      -54.41264757772676
0.280025                  -54.48940173899223
0.28005                   -54.57647499101944
0.280075                  -54.672491574362795
0.2801                    -54.77557669524673
0.280125                  -54.88339810407577
0.28015                   -54.99324089737559
0.280175                  -55.10212183818821
0.2802                    -55.20694589444765
0.280225                  -55.30470134037064
0.28025                   -55.392681151490265
0.280275                  -55.46870923057416
0.2803                    -55.531342988077284
0.28032500000000005       -55.580021977546366
0.28035000000000004       -55.61513761871537
0.28037500000000004       -55.63801117190968
0.28040000000000004       -55.65078300273327
0.28042500000000004       -55.65623112026693
0.28045000000000003       -55.65754671861602
0.28047500000000003       -55.658096932178594
0.2805                    -55.661200877530945
0.280525                  -55.66993684328024
0.28055                   -55.68698926480057
0.280575                  -55.71453628804741
0.2806                    -55.7541735557195
0.280625                  -55.80686752494032
0.28065                   -55.87293163396335
0.280675                  -55.95202029914412
0.2807                    -56.04313836513221
0.280725                  -56.144666676252484
0.28075                   -56.25440738258212
0.280775                  -56.3696549229308
0.2808                    -56.487299639829004
0.28082500000000005       -56.60396991649749
0.28085000000000004       -56.71621493183657
0.28087500000000004       -56.820723330422204
0.28090000000000004       -56.914563964153416
0.28092500000000004       -56.99542528323767
0.28095000000000003       -57.06182294827578
0.28097500000000003       -57.1132440207822
0.281                     -57.15020259830499
0.281025                  -57.17419528537604
0.28105                   -57.187561854473266
0.281075                  -57.19327183547308
0.2811                    -57.194667285081906
0.281125                  -57.19519380301676
0.28115                   -57.1981470550077
0.281175                  -57.20645359880292
0.2812                    -57.222495936449704
0.281225                  -57.247984750970595
0.28125                   -57.28387733509277
0.281275                  -57.330340254632944
0.2813                    -57.38675531996651
0.28132500000000005       -57.45176959441209
0.28135000000000004       -57.52339124230771
0.28137500000000004       -57.599132258650265
0.28140000000000004       -57.67619557202912
0.28142500000000004       -57.75169753343815
0.28145000000000003       -57.82290838144466
0.28147500000000003       -57.88748517160588
0.28150000000000003       -57.94366699210511
0.281525                  -57.9904039679832
0.28155                   -58.02740066275503
0.281575                  -58.05506933413013
0.2816                    -58.0744050647894
0.281625                  -58.0868081649746
0.28165                   -58.09388579518127
0.281675                  -58.097263693274144
0.2817                    -58.09843181573694
0.281725                  -58.09863752696909
0.28175                   -58.098829781025714
0.281775                  -58.09964961057855
0.2818                    -58.10145699152987
0.281825                  -58.104381728351925
0.28185000000000004       -58.1083859512284
0.28187500000000004       -58.1133275220101
0.28190000000000004       -58.11901635998102
0.28192500000000004       -58.12525877841824
0.28195000000000003       -58.13188791652796
0.28197500000000003       -58.138780877945955
0.28200000000000003       -58.14586490660345
0.282025                  -58.15311566357294
0.28205                   -58.16055055831258
0.282075                  -58.16821946549341
0.2821                    -58.17619434368457
0.282125                  -58.184558488843116
0.28215                   -58.19339561249639
0.282175                  -58.20277879342923
0.2822                    -58.21275953204711
0.282225                  -58.223357433155485
0.28225                   -58.23455137299341
0.282275                  -58.24627328648901
0.2823                    -58.25840574325814
0.282325                  -58.2707841510239
0.28235000000000005       -58.283203863833826
0.28237500000000004       -58.29543184834586
0.28240000000000004       -58.30722194492764
0.28242500000000004       -58.318332240207404
0.28245000000000003       -58.32854272582087
0.28247500000000003       -58.337671341434884
0.28250000000000003       -58.345586745449566
0.282525                  -58.35221664269996
0.28255                   -58.3575511063306
0.282575                  -58.361640964639
0.2826                    -58.364591871372724
0.282625                  -58.3665550753482
0.28265                   -58.36771612409856
0.282675                  -58.36828276587842
0.2827                    -58.36847317821799
0.282725                  -58.36850541582028
0.28275                   -58.36858868588735
0.282775                  -58.368916755083916
0.2828                    -58.3696635226162
0.282825                  -58.370980590778274
0.28285000000000005       -58.37299652835323
0.28287500000000004       -58.375817449981675
0.28290000000000004       -58.3795285139953
0.28292500000000004       -58.38419596017113
0.28295000000000003       -58.38986934801422
0.28297500000000003       -58.396583691099025
0.28300000000000003       -58.40436121953057
0.283025                  -58.41321255886137
0.28305                   -58.423137179322964
0.283075                  -58.434123023062625
0.2831                    -58.4461452710527
0.283125                  -58.45916427906601
0.28315                   -58.473122785009146
0.283175                  -58.487942572124616
0.2832                    -58.50352087440852
0.283225                  -58.519726916939064
0.28325                   -58.5363990950496
0.283275                  -58.55334339997676
0.2833                    -58.570333754861664
0.283325                  -58.58711491532891
0.28335000000000005       -58.603408495983615
0.28337500000000004       -58.618922506302866
0.28340000000000004       -58.63336451143769
0.28342500000000004       -58.64645815038362
0.28345000000000004       -58.657962265922194
0.28347500000000003       -58.667691408185135
0.28350000000000003       -58.675536044923305
0.283525                  -58.68148052893353
0.28355                   -58.68561680171385
0.283575                  -58.68815197609558
0.2836                    -58.6894083529559
0.283625                  -58.6898150595301
0.28365                   -58.68989127224263
0.283675                  -58.69022179748859
0.2837                    -58.69142650489411
0.283725                  -58.694125633892654
0.28375                   -58.69890328638469
0.283775                  -58.70627149048376
0.2838                    -58.7166371016356
0.283825                  -58.73027354698297
0.28385000000000005       -58.747299086254365
0.28387500000000004       -58.767662913441505
0.28390000000000004       -58.79114008301431
0.28392500000000004       -58.81733589682902
0.28395000000000004       -58.8457000184619
0.28397500000000003       -58.875550184958165
0.28400000000000003       -58.9061049323052
0.284025                  -58.93652420299134
0.28405                   -58.96595604587512
0.284075                  -58.993586907728144
0.2841                    -59.01869237073038
0.284125                  -59.04068474394779
0.28415                   -59.05915379393509
0.284175                  -59.0738971725652
0.2842                    -59.084937792765295
0.284225                  -59.09252647650804
0.28425                   -59.09712951073236
0.284275                  -59.09940209908265
0.2843                    -59.10014989042982
0.284325                  -59.10028163231854
0.28435000000000005       -59.10075644477587
0.28437500000000004       -59.10252922845481
0.28440000000000004       -59.106497390154445
0.28442500000000004       -59.11345154186074
0.28445000000000004       -59.12403226448947
0.28447500000000003       -59.13869450770977
0.28450000000000003       -59.15768077520059
0.28452500000000003       -59.18100398314097
0.28455                   -59.20844077671627
0.284575                  -59.23953605306461
0.2846                    -59.273619355330624
0.284625                  -59.30983359038449
0.28465                   -59.34717610598864
0.284675                  -59.38455145088569
0.2847                    -59.42083409778075
0.284725                  -59.45493811397604
0.28475                   -59.48588942203952
0.284775                  -59.51289518286973
0.2848                    -59.535404242599625
0.284825                  -59.55315274665766
0.28485                   -59.566190065456006
0.28487500000000004       -59.57488205328303
0.28490000000000004       -59.579891091892364
0.28492500000000004       -59.58213488632555
0.28495000000000004       -59.58272811546521
0.28497500000000003       -59.582912452377634
0.28500000000000003       -59.583980986560846
0.28502500000000003       -59.58720274977321
0.28505                   -59.593752104215476
0.285075                  -59.60464649929619
0.2851                    -59.620694824210034
0.285125                  -59.642457497113284
0.28515                   -59.67021868818051
0.285175                  -59.70397070069842
0.2852                    -59.74341044446063
0.285225                  -59.787948030908105
0.28525                   -59.83672768439612
0.285275                  -59.88866126087726
0.2853                    -59.942474544601446
0.285325                  -59.9967660184555
0.28535                   -60.050076918767246
0.28537500000000005       -60.100970123307356
0.28540000000000004       -60.14811391315101
0.28542500000000004       -60.19036516016247
0.28545000000000004       -60.2268453750777
0.28547500000000003       -60.25700267752214
0.28550000000000003       -60.28065337808453
0.28552500000000003       -60.29799852539453
0.28555                   -60.309613278900365
0.285575                  -60.31640989275281
0.2856                    -60.31957787670531
0.285625                  -60.32050701969901
0.28565                   -60.320700093864154
0.285675                  -60.32168214315575
0.2857                    -60.324912497024606
0.285725                  -60.331704382163636
0.28575                   -60.34315559317364
0.285775                  -60.36009243626255
0.2858                    -60.38302826479658
0.285825                  -60.412137414773724
0.28585                   -60.447245166367495
0.28587500000000005       -60.48783436675593
0.28590000000000004       -60.533069365571194
0.28592500000000004       -60.581837715389824
0.28595000000000004       -60.632809463064774
0.28597500000000003       -60.68451267713398
0.28600000000000003       -60.735422140187005
0.28602500000000003       -60.7840560780422
0.28605                   -60.82907377189305
0.286075                  -60.86936542903917
0.2861                    -60.904125282936505
0.286125                  -60.932899922069154
0.28615                   -60.95560639316151
0.286175                  -60.97251831608857
0.2862                    -60.98422235052397
0.286225                  -60.99155101059766
0.28625                   -60.995500318241234
0.286275                  -60.997141770116386
0.2863                    -60.99753757549478
0.286325                  -60.99766646519085
0.28635                   -60.99836511088378
0.28637500000000005       -61.00028782453001
0.28640000000000004       -61.003885101516495
0.28642500000000004       -61.0093999119288
0.28645000000000004       -61.016879470727865
0.28647500000000004       -61.026199469183226
0.28650000000000003       -61.03709734183713
0.28652500000000003       -61.0492110062394
0.28655                   -61.06211957611745
0.286575                  -61.0753827837752
0.2866                    -61.08857627069179
0.286625                  -61.10132050646812
0.28665                   -61.11330183841581
0.286675                  -61.12428500916823
0.2867                    -61.13411732782107
0.286725                  -61.142725439387746
0.28675                   -61.15010621505063
0.286775                  -61.15631362910733
0.2868                    -61.161443595392754
0.286825                  -61.1656186025029
0.28685                   -61.168973651279714
0.28687500000000005       -61.17164454670123
0.28690000000000004       -61.17375910722341
0.28692500000000004       -61.17543139356226
0.28695000000000004       -61.176758675266136
0.28697500000000004       -61.177820599399354
0.28700000000000003       -61.178679915839574
0.28702500000000003       -61.17938412578432
0.28705                   -61.179967533680575
0.287075                  -61.180453367894366
0.2871                    -61.18085584914525
0.287125                  -61.181182283292024
0.28715                   -61.18143539856261
0.287175                  -61.18161620888007
0.2872                    -61.18172764811577
0.287225                  -61.18177908571716
0.28725                   -61.18179162307798
0.287275                  -61.181803812352925
0.2873                    -61.18187717401877
0.287325                  -61.18210066832109
0.28735                   -61.182593149576846
0.28737500000000005       -61.18350283828789
0.28740000000000004       -61.18500300318793
0.28742500000000004       -61.187283358144946
0.28745000000000004       -61.190537132117235
0.28747500000000004       -61.194944320313816
0.28750000000000003       -61.20065220479337
0.28752500000000003       -61.207754780272
0.28755000000000003       -61.216273175090386
0.287575                  -61.226139452573925
0.2876                    -61.237186263103645
0.287625                  -61.2491446352249
0.28765                   -61.26165171736103
0.287675                  -61.27426950505033
0.2877                    -61.28651450181774
0.287725                  -61.29789693741544
0.28775                   -61.30796674654817
0.287775                  -61.316362185415
0.2878                    -61.32285596910569
0.287825                  -61.3273934145795
0.28785                   -61.33011746170092
0.28787500000000005       -61.33137662158386
0.28790000000000004       -61.33171373480407
0.28792500000000004       -61.33183562322502
0.28795000000000004       -61.33256589695107
0.28797500000000004       -61.33478497873153
0.28800000000000003       -61.33936258231909
0.28802500000000003       -61.34708834066071
0.28805000000000003       -61.358606100701834
0.288075                  -61.374356768969534
0.2881                    -61.3945337396858
0.288125                  -61.41905406734212
0.28815                   -61.44754772296715
0.288175                  -61.47936649458818
0.2882                    -61.51361331474031
0.288225                  -61.54919184847632
0.28825                   -61.58487485757181
0.288275                  -61.6193881705713
0.2883                    -61.65150516363441
0.288325                  -61.68014473272479
0.28835                   -61.70446419264333
0.288375                  -61.7239378562715
0.28840000000000005       -61.7384126699579
0.28842500000000004       -61.74813429633117
0.28845000000000004       -61.75374021095605
0.28847500000000004       -61.75622019144012
0.28850000000000003       -61.75684824827276
0.28852500000000003       -61.75709283923061
0.28855000000000003       -61.758513724515474
0.288575                  -61.76265401756134
0.2886                    -61.77093511492914
0.288625                  -61.78456072681139
0.28865                   -61.80443466035569
0.288675                  -61.831095721424745
0.2887                    -61.86467233650888
0.288725                  -61.904859266455176
0.28875                   -61.95091884053676
0.288775                  -62.001709115643294
0.2888                    -62.05574089511556
0.288825                  -62.11126420571058
0.28885                   -62.16638231466973
0.288875                  -62.219187642322005
0.28890000000000005       -62.26790945906315
0.28892500000000004       -62.311059085020936
0.28895000000000004       -62.34755579873557
0.28897500000000004       -62.3768169861785
0.28900000000000003       -62.398799778810925
0.28902500000000003       -62.41398812497341
0.28905000000000003       -62.4233274904206
0.289075                  -62.42811724727503
0.2891                    -62.42987638311911
0.289125                  -62.4302003053578
0.28915                   -62.43062526758468
0.289175                  -62.432513279400446
0.2892                    -62.436965601851746
0.289225                  -62.44476823384037
0.28925                   -62.456368943819385
0.289275                  -62.471882690738
0.2893                    -62.491120606750066
0.289325                  -62.51363687887438
0.28935                   -62.538787628744
0.289375                  -62.565796010812704
0.28940000000000005       -62.59381813402156
0.28942500000000004       -62.62200504897771
0.28945000000000004       -62.64955690660165
0.28947500000000004       -62.67576644732412
0.28950000000000004       -62.70005017860324
0.28952500000000003       -62.721966852024934
0.28955000000000003       -62.74122401110452
0.289575                  -62.757674286025605
0.2896                    -62.771303671250394
0.289625                  -62.78221424535242
0.28965                   -62.790603706618306
0.289675                  -62.796743763460455
0.2897                    -62.80095893826824
0.289725                  -62.80360681447351
0.28975                   -62.805060273329545
0.289775                  -62.80569190041817
0.2898                    -62.80586051146909
0.289825                  -62.80589964044219
0.28985                   -62.80610783122662
0.289875                  -62.80674064757835
0.28990000000000005       -62.808004423853276
0.28992500000000004       -62.81005187204216
0.28995000000000004       -62.81297971315796
0.28997500000000004       -62.81682850481186
0.29000000000000004       -62.82158478275136
0.29002500000000003       -62.82718552453599
0.29005000000000003       -62.83352478833506
0.290075                  -62.840462202128606
0.2901                    -62.84783280029159
0.290125                  -62.855457559345744
0.29015                   -62.863153914024956
0.290175                  -62.87074554407468
0.2902                    -62.87807080805197
0.290225                  -62.88498935886345
0.29025                   -62.891386677558955
0.290275                  -62.89717647948316
0.2903                    -62.90230115608546
0.290325                  -62.9067305941622
0.29035                   -62.91045983346016
0.290375                  -62.91350607006961
0.29040000000000005       -62.9159054937459
0.29042500000000004       -62.91771036940012
0.29045000000000004       -62.918986655525934
0.29047500000000004       -62.91981231836584
0.29050000000000004       -62.92027636761121
0.29052500000000003       -62.92047851274699
0.29055000000000003       -62.920529225347146
0.290575                  -62.92054989478609
0.2906                    -62.920672692326924
0.290625                  -62.92103972631659
0.29065                   -62.92180108415926
0.290675                  -62.92311141829258
0.2907                    -62.92512484680812
0.290725                  -62.92798810396745
0.29075                   -62.93183208966023
0.290775                  -62.936762213120645
0.2908                    -62.94284817627145
0.290825                  -62.950114059987726
0.29085                   -62.95852972993266
0.290875                  -62.968004658922126
0.29090000000000005       -62.978385246194776
0.29092500000000004       -62.98945655813342
0.29095000000000004       -63.00094911603088
0.29097500000000004       -63.012550947746526
0.29100000000000004       -63.0239246192943
0.29102500000000003       -63.034728397624846
0.29105000000000003       -63.04464015358326
0.29107500000000003       -63.05338215519802
0.2911                    -63.060744582064515
0.291125                  -63.06660551245563
0.29115                   -63.070945336361675
0.291175                  -63.07385399558373
0.2912                    -63.07553009786275
0.291225                  -63.07627172579765
0.29125                   -63.07645955808498
0.291275                  -63.07653362266504
0.2913                    -63.07696551718493
0.291325                  -63.07822822220523
0.29135                   -63.08076569754373
0.291375                  -63.08496432353232
0.2914                    -63.09112798561728
0.29142500000000005       -63.099458258166585
0.29145000000000004       -63.11004075587935
0.29147500000000004       -63.12283833299424
0.29150000000000004       -63.1376914583046
0.29152500000000003       -63.1543257591635
0.29155000000000003       -63.17236638785248
0.29157500000000003       -63.19135853242364
0.2916                    -63.21079305403793
0.291625                  -63.23013585276204
0.29165                   -63.24885917947067
0.291675                  -63.26647281589863
0.2917                    -63.28255291521778
0.291725                  -63.29676636058019
0.29175                   -63.308888766855446
0.291775                  -63.318814723045364
0.2918                    -63.326559540151194
0.291825                  -63.33225256137864
0.29185                   -63.336122887386416
0.291875                  -63.33847904569289
0.2919                    -63.33968459909882
0.29192500000000005       -63.34013191042358
0.29195000000000004       -63.34021625831096
0.29197500000000004       -63.340312253332755
0.29200000000000004       -63.340754087420336
0.29202500000000003       -63.34182063421694
0.29205000000000003       -63.343725876517794
0.29207500000000003       -63.34661463143085
0.2921                    -63.350563121065655
0.292125                  -63.35558362279901
0.29215                   -63.36163223230425
0.292175                  -63.36861868313683
0.2922                    -63.37641718429501
0.292225                  -63.38487734043709
0.29225                   -63.39383438349021
0.292275                  -63.40311815165296
0.2923                    -63.41256047645221
0.292325                  -63.42200085050506
0.29235                   -63.43129043162286
0.292375                  -63.44029458233794
0.2924                    -63.44889424249082
0.29242500000000005       -63.45698648370263
0.29245000000000004       -63.46448460098728
0.29247500000000004       -63.47131806538921
0.29250000000000004       -63.47743259771518
0.29252500000000003       -63.48279053591044
0.29255000000000003       -63.48737156926851
0.29257500000000003       -63.49117381513828
0.2926                    -63.49421512032948
0.292625                  -63.4965343819352
0.29265                   -63.49819261865949
0.292675                  -63.49927349818952
0.2927                    -63.49988303461433
0.292725                  -63.50014820860537
0.29275                   -63.500214334134725
0.292775                  -63.50024109586832
0.2928                    -63.50039730070595
0.292825                  -63.5008545082885
0.29285                   -63.50177981425553
0.292875                  -63.50332814937492
0.2929                    -63.50563451980748
0.29292500000000005       -63.50880664057834
0.29295000000000004       -63.512918408730314
0.29297500000000004       -63.51800463056148
0.29300000000000004       -63.52405736475284
0.29302500000000004       -63.53102417481643
0.29305000000000003       -63.53880850130659
0.29307500000000003       -63.54727227134698
0.2931                    -63.55624076621784
0.293125                  -63.56550966229928
0.29315                   -63.57485404723605
0.293175                  -63.584039099508225
0.2932                    -63.59283199581512
0.293225                  -63.60101448178821
0.29325                   -63.6083954341084
0.293275                  -63.61482266267092
0.2933                    -63.6201931559541
0.293325                  -63.62446099011561
0.29335                   -63.62764221254318
0.293375                  -63.629816172723494
0.2934                    -63.631123001065646
0.29342500000000005       -63.63175721244858
0.29345000000000004       -63.63195771369153
0.29347500000000004       -63.63199478755293
0.29350000000000004       -63.632154875716324
0.29352500000000004       -63.63272416460048
0.29355000000000003       -63.63397207173363
0.29357500000000003       -63.636135726293915
0.2936                    -63.639406443469696
0.293625                  -63.64391902693521
0.29365                   -63.64974451210869
0.293675                  -63.65688670415494
0.2937                    -63.66528259782929
0.293725                  -63.674806509652186
0.29375                   -63.68527752155899
0.293775                  -63.69646964718697
0.2938                    -63.708123997153876
0.293825                  -63.719962153535675
0.29385                   -63.73169997008208
0.293875                  -63.74306107571094
0.2939                    -63.75378945795069
0.29392500000000005       -63.76366063051709
0.29395000000000004       -63.77249103608171
0.29397500000000004       -63.78014548189653
0.29400000000000004       -63.786542534542136
0.29402500000000004       -63.791657894203624
0.29405000000000003       -63.795525818294514
0.29407500000000003       -63.79823867987113
0.29410000000000003       -63.799944737207156
0.294125                  -63.800844159851664
0.29415                   -63.80118331815496
0.294175                  -63.8012473163151
0.2942                    -63.80135074625728
0.294225                  -63.80182667278926
0.29425                   -63.803013934597665
0.294275                  -63.805242958817786
0.2943                    -63.80882043241125
0.294325                  -63.81401334019068
0.29435                   -63.82103305440318
0.294375                  -63.830020327058094
0.2944                    -63.841032176846156
0.29442500000000005       -63.854031761024274
0.29445000000000005       -63.868882353162746
0.29447500000000004       -63.88534648263548
0.29450000000000004       -63.90309110794357
0.29452500000000004       -63.92169938504963
0.29455000000000003       -63.94068915400496
0.29457500000000003       -63.95953770559573
0.29460000000000003       -63.97771173826435
0.294625                  -63.99470073807407
0.29465                   -64.01005139983599
0.294675                  -64.0234002711908
0.2947                    -64.03450164857331
0.294725                  -64.04324796100296
0.29475                   -64.04968045527711
0.294775                  -64.05398888628827
0.2948                    -64.0565000119935
0.294825                  -64.05765582800217
0.29485                   -64.05798347687508
0.294875                  -64.05805949448671
0.2949                    -64.05847143596458
0.294925                  -64.05977994672804
0.29495000000000005       -64.06248405371177
0.29497500000000004       -64.06699193888333
0.29500000000000004       -64.07359882447012
0.29502500000000004       -64.08247293465602
0.29505000000000003       -64.09364986729247
0.29507500000000003       -64.10703514849794
0.29510000000000003       -64.12241427360416
0.295125                  -64.13946916968555
0.29515                   -64.1577997295843
0.295175                  -64.17694885610223
0.2952                    -64.1964293355726
0.295225                  -64.21575084097378
0.29525                   -64.23444545766192
0.295275                  -64.25209033419128
0.2953                    -64.26832635241797
0.295325                  -64.28287205934487
0.29535                   -64.29553250397271
0.295375                  -64.30620303016495
0.2954                    -64.31486842238841
0.295425                  -64.32159805747845
0.29545000000000005       -64.32653787899244
0.29547500000000004       -64.32990006209856
0.29550000000000004       -64.33195117696809
0.29552500000000004       -64.3329995264917
0.29555000000000003       -64.33338217227457
0.29557500000000003       -64.33345199910244
0.29560000000000003       -64.33356502131919
0.295625                  -64.33406802473374
0.29565                   -64.33528658473531
0.295675                  -64.33751351421253
0.2957                    -64.3409978636695
0.295725                  -64.34593470205793
0.29575                   -64.35245603222813
0.295775                  -64.36062332137554
0.2958                    -64.3704222324007
0.295825                  -64.38176019759028
0.29585                   -64.39446745938878
0.295875                  -64.40830209595441
0.2959                    -64.42295933793127
0.295925                  -64.4380851749054
0.29595000000000005       -64.45329386740414
0.29597500000000004       -64.46818855872483
0.29600000000000004       -64.48238377006099
0.29602500000000004       -64.49552821924503
0.29605000000000004       -64.50732619268705
0.29607500000000003       -64.51755568097212
0.29610000000000003       -64.52608169340687
0.296125                  -64.53286358345238
0.29615                   -64.53795579414587
0.296175                  -64.54150208924023
0.2962                    -64.54372396948224
0.296225                  -64.54490450308207
0.29625                   -64.54536916401976
0.296275                  -64.54546541717603
0.2963                    -64.54554270866045
0.296325                  -64.5459342648992
0.29635                   -64.54694173981518
0.296375                  -64.54882333486368
0.2964                    -64.55178560861118
0.296425                  -64.5559788389662
0.29645000000000005       -64.56149553467641
0.29647500000000004       -64.56837152458172
0.29650000000000004       -64.57658898428944
0.29652500000000004       -64.58608077608828
0.29655000000000004       -64.59673555539494
0.29657500000000003       -64.60840322313058
0.29660000000000003       -64.6209004632934
0.296625                  -64.63401626862978
0.29665                   -64.64751750440145
0.296675                  -64.66115468297458
0.2967                    -64.67466820188892
0.296725                  -64.68779532288008
0.29675                   -64.70027814202564
0.296775                  -64.71187272225747
0.2968                    -64.72235942142179
0.296825                  -64.7315542543261
0.29685                   -64.7393208994222
0.296875                  -64.74558272636902
0.2969                    -64.75033400489583
0.296925                  -64.75364929760784
0.29695000000000005       -64.75568997206828
0.29697500000000004       -64.75670680541785
0.29700000000000004       -64.7570378091264
0.29702500000000004       -64.75710067056791
0.29705000000000004       -64.75737956703512
0.29707500000000003       -64.75840651903154
0.29710000000000003       -64.76073787150914
0.29712500000000003       -64.76492687638122
0.29715                   -64.77149366250904
0.297175                  -64.78089411510337
0.2972                    -64.7934893495525
0.297225                  -64.80951755270738
0.29725                   -64.82906998580964
0.297275                  -64.85207292135938
0.2973                    -64.8782772193225
0.297325                  -64.90725710495187
0.29735                   -64.93841946774212
0.297375                  -64.97102461045345
0.2974                    -65.00421875386449
0.297425                  -65.03707771305972
0.29745000000000005       -65.06866005067297
0.29747500000000004       -65.09806677330636
0.29750000000000004       -65.12450342261951
0.29752500000000004       -65.14733944186622
0.29755000000000004       -65.16615923109924
0.29757500000000003       -65.18079956890708
0.29760000000000003       -65.19136914372186
0.29762500000000003       -65.19824769542132
0.29765                   -65.20206445916331
0.297675                  -65.20365785711496
0.2977                    -65.20402029624476
0.297725                  -65.2042331855887
0.29775                   -65.20539776655686
0.297775                  -65.20856710187518
0.2978                    -65.2146837736245
0.297825                  -65.22452675981967
0.29785                   -65.2386698284566
0.297875                  -65.25745276828063
0.2979                    -65.28096596919097
0.297925                  -65.30904829390494
0.29795                   -65.34129777397568
0.29797500000000005       -65.37709434533325
0.29800000000000004       -65.41563353757954
0.29802500000000004       -65.45596965747552
0.29805000000000004       -65.49706653272419
0.29807500000000003       -65.5378533418238
0.29810000000000003       -65.57728252099692
0.29812500000000003       -65.61438632438772
0.29815                   -65.64832843405961
0.298175                  -65.67844717666519
0.2982                    -65.70428746162206
0.298225                  -65.72561946939844
0.29825                   -65.74244328164268
0.298275                  -65.75497989411265
0.2983                    -65.76365019166137
0.298325                  -65.76904432747705
0.29835                   -65.77188442609652
0.298375                  -65.7729835957568
0.2984                    -65.77320396091223
0.298425                  -65.77341592245038
0.29845                   -65.77446024613624
0.29847500000000005       -65.7771139919922
0.29850000000000004       -65.78206082162359
0.29852500000000004       -65.78986590138979
0.29855000000000004       -65.80095546785029
0.29857500000000003       -65.81560112031661
0.29860000000000003       -65.83390901727884
0.29862500000000003       -65.85581433096259
0.29865                   -65.88108149359653
0.298675                  -65.90931088875561
0.2987                    -65.93995264704641
0.298725                  -65.97232804693971
0.29875                   -66.00565866080484
0.298775                  -66.03910281385023
0.2988                    -66.07179817563912
0.298825                  -66.10290845587309
0.29885                   -66.13167134722673
0.298875                  -66.15744422660137
0.2989                    -66.17974385932416
0.298925                  -66.1982765502031
0.29895                   -66.21295590117501
0.29897500000000005       -66.22390649845045
0.29900000000000004       -66.23145328134675
0.29902500000000004       -66.23609781792427
0.29905000000000004       -66.23848398856072
0.29907500000000004       -66.2393564398017
0.29910000000000003       -66.2395155057017
0.29912500000000003       -66.23977213608197
0.29915                   -66.2409058310437
0.299175                  -66.24362780763508
0.2992                    -66.24855078012365
0.299225                  -66.25616595348572
0.29925                   -66.26682720936638
0.299275                  -66.28074205318842
0.2993                    -66.29796867911398
0.299325                  -66.3184184484809
0.29935                   -66.3418631295271
0.299375                  -66.3679463664308
0.2994                    -66.39619898058902
0.299425                  -66.42605782578505
0.29945                   -66.45688798390593
0.29947500000000005       -66.48800804005009
0.29950000000000004       -66.5187179988791
0.29952500000000004       -66.5483291532726
0.29955000000000004       -66.57619491491852
0.29957500000000004       -66.60174129898002
0.29960000000000003       -66.62449548669937
0.29962500000000003       -66.64411072604753
0.29965                   -66.66038585000231
0.299675                  -66.67327792948774
0.2997                    -66.68290701081472
0.299725                  -66.68955247125551
0.29975                   -66.69364117834664
0.299775                  -66.69572827461265
0.2998                    -66.69647194794707
0.299825                  -66.69660390413904
0.29985                   -66.69689739462649
0.299875                  -66.69813457948956
0.2999                    -66.70107476538172
0.299925                  -66.70642471319509
0.29995                   -66.71481182587347
0.29997500000000005       -66.72676066917622
0.30000000000000004       -66.74267300426965
0.30002500000000004       -66.76281134864838
0.30005000000000004       -66.78728603700668
0.30007500000000004       -66.81604584568754
0.30010000000000003       -66.84887245524153
0.30012500000000003       -66.8853792715712
0.30015000000000003       -66.92501537593921
0.300175                  -66.96707562622902
0.3002                    -67.01071810058511
0.300225                  -67.054990034897
0.30025                   -67.09886305276711
0.300275                  -67.1412777843944
0.3003                    -67.18119697699207
0.300325                  -67.21766497435412
0.30035                   -67.24987005857602
0.300375                  -67.27720482856913
0.3004                    -67.29931891506781
0.300425                  -67.31615822911502
0.30045                   -67.3279857526275
0.30047500000000005       -67.33538055207207
0.30050000000000004       -67.33921397545066
0.30052500000000004       -67.3406044830917
0.30055000000000004       -67.34085482194183
0.30057500000000004       -67.3413768816365
0.30060000000000003       -67.34361033202778
0.30062500000000003       -67.34894103704487
0.30065000000000003       -67.35862446184038
0.300675                  -67.37371812808294
0.3007                    -67.39502592540805
0.300725                  -67.42305599383566
0.30075                   -67.4579930897777
0.300775                  -67.49968585929535
0.3008                    -67.54764920939407
0.300825                  -67.60108187785204
0.30085                   -67.65889920190291
0.300875                  -67.71978080922422
0.3009                    -67.78223238398962
0.300925                  -67.84465976397013
0.30095                   -67.90545242335875
0.30097500000000005       -67.96307199723395
0.30100000000000005       -68.01614017162744
0.30102500000000004       -68.06351937994418
0.30105000000000004       -68.10437962883677
0.30107500000000004       -68.13824558657092
0.30110000000000003       -68.16501980525493
0.30112500000000003       -68.18498039945501
0.30115000000000003       -68.19875423567326
0.301175                  -68.20726917479737
0.3012                    -68.21169070417683
0.301225                  -68.2133491457313
0.30125                   -68.21366351771452
0.301275                  -68.21406726429205
0.3013                    -68.21593976838393
0.301325                  -68.2205461452393
0.30135                   -68.22898654757185
0.301375                  -68.24215528408317
0.3014                    -68.2607095238187
0.301425                  -68.28504718959839
0.30145                   -68.31529375268082
0.301475                  -68.35129792860216
0.30150000000000005       -68.39263662357281
0.30152500000000004       -68.43862978254027
0.30155000000000004       -68.48836593146247
0.30157500000000004       -68.54073905954104
0.30160000000000003       -68.59449697188788
0.30162500000000003       -68.64830035479633
0.30165000000000003       -68.70079059936992
0.301675                  -68.75066304634733
0.3017                    -68.79674096509719
0.301725                  -68.83804456957124
0.30175                   -68.87384902066634
0.301775                  -68.90372591557775
0.3018                    -68.92756424773847
0.301825                  -68.94556900959391
0.30185                   -68.95823811329747
0.301875                  -68.96632066005142
0.3019                    -68.97076137315496
0.301925                  -68.97263694425763
0.30195                   -68.97309005479354
0.301975                  -68.97326607287826
0.30200000000000005       -68.97425617858487
0.30202500000000004       -68.97704926049857
0.30205000000000004       -68.98249361866468
0.30207500000000004       -68.99126847805161
0.30210000000000004       -69.00386464724883
0.30212500000000003       -69.02057334668527
0.30215000000000003       -69.04148222652634
0.302175                  -69.06647779243852
0.3022                    -69.09525374636536
0.302225                  -69.12732507643312
0.30225                   -69.16204801935551
0.302275                  -69.19864614409815
0.3023                    -69.2362427029501
0.302325                  -69.27389907782955
0.30235                   -69.31065862332476
0.302375                  -69.34559450947053
0.3024                    -69.37785938028232
0.302425                  -69.40673389647746
0.30245                   -69.43167069340454
0.302475                  -69.45233012393506
0.30250000000000005       -69.46860449112127
0.30252500000000004       -69.4806283050811
0.30255000000000004       -69.4887733255613
0.30257500000000004       -69.49362861230499
0.30260000000000004       -69.49596723688475
0.30262500000000003       -69.49670245195452
0.30265000000000003       -69.49683682661896
0.302675                  -69.49740808929769
0.3027                    -69.49943519210824
0.302725                  -69.50386754332979
0.30275                   -69.51153962924802
0.302775                  -69.52313252295806
0.3028                    -69.53914316023233
0.302825                  -69.55986181806752
0.30285                   -69.58535799857563
0.302875                  -69.61547488025863
0.3029                    -69.64983257238012
0.302925                  -69.68784050710886
0.30295                   -69.72871933871025
0.302975                  -69.77153260273468
0.30300000000000005       -69.8152280351528
0.30302500000000004       -69.85868781442358
0.30305000000000004       -69.90078608498555
0.30307500000000004       -69.94045102745231
0.30310000000000004       -69.97672763644049
0.30312500000000003       -70.00883650074847
0.30315000000000003       -70.03622349660462
0.30317500000000003       -70.05859560301558
0.3032                    -70.07593910478386
0.303225                  -70.08851817137226
0.30325                   -70.09685392203987
0.303275                  -70.10168620839114
0.3033                    -70.10392210046236
0.303325                  -70.10457618310639
0.30335                   -70.10470810865164
0.303375                  -70.10536244731134
0.3034                    -70.10751492637363
0.303425                  -70.11202791511795
0.30345                   -70.11961672897118
0.303475                  -70.13082716935205
0.30350000000000005       -70.14602379556045
0.30352500000000004       -70.16538777871953
0.30355000000000004       -70.18892281622215
0.30357500000000004       -70.21646744796553
0.30360000000000004       -70.24771214462409
0.30362500000000003       -70.28221968513209
0.30365000000000003       -70.31944755263346
0.30367500000000003       -70.35877132335584
0.3037                    -70.39950828485658
0.303725                  -70.44094076722249
0.30375                   -70.48233888537408
0.303775                  -70.52298254918705
0.3038                    -70.56218268790357
0.303825                  -70.59930164269323
0.30385                   -70.63377258818475
0.303875                  -70.66511769500906
0.3039                    -70.69296456792502
0.303925                  -70.7170602850391
0.30395                   -70.73728219084651
0.303975                  -70.75364452395038
0.30400000000000005       -70.76630000401687
0.30402500000000005       -70.7755356864879
0.30405000000000004       -70.7817627252008
0.30407500000000004       -70.7855001104027
0.30410000000000004       -70.78735291669756
0.30412500000000003       -70.78798604615085
0.30415000000000003       -70.78809482033068
0.30417500000000003       -70.78837401968774
0.3042                    -70.78948706677922
0.304225                  -70.7920369999381
0.30425                   -70.79654070655656
0.304275                  -70.80340761823368
0.3043                    -70.81292375614494
0.304325                  -70.82524168839818
0.30435                   -70.84037664746232
0.304375                  -70.85820877855906
0.3044                    -70.87849125536624
0.304425                  -70.90086379424417
0.30445                   -70.92487091598659
0.304475                  -70.94998415256103
0.3045                    -70.97562726656213
0.30452500000000005       -71.00120342051996
0.30455000000000004       -71.0261231143279
0.30457500000000004       -71.04983163360635
0.30460000000000004       -71.07183472733526
0.30462500000000003       -71.09172124877914
0.30465000000000003       -71.10918156650249
0.30467500000000003       -71.12402072169036
0.3047                    -71.13616557773616
0.304725                  -71.14566555039558
0.30475                   -71.15268688765441
0.304775                  -71.1575008525462
0.3048                    -71.16046653628912
0.304825                  -71.16200937191509
0.30485                   -71.1625966774206
0.304875                  -71.16271170578506
0.3049                    -71.16282772061334
0.304925                  -71.1633835573428
0.30495                   -71.16476198592316
0.304975                  -71.16727197752682
0.305                     -71.17113571031025
0.30502500000000005       -71.17648085164703
0.30505000000000004       -71.18333834582154
0.30507500000000004       -71.19164562330434
0.30510000000000004       -71.20125484354764
0.30512500000000004       -71.21194550465991
0.30515000000000003       -71.22344050833651
0.30517500000000003       -71.23542458415356
0.3052                    -71.24756387465949
0.305225                  -71.25952545403379
0.30525                   -71.27099561123943
0.305275                  -71.281695881328
0.3053                    -71.2913960363424
0.305325                  -71.29992352953224
0.30535                   -71.30716918960205
0.305375                  -71.31308924370671
0.3054                    -71.31770399294587
0.305425                  -71.32109364436968
0.30545                   -71.32339190097734
0.305475                  -71.32477793639738
0.3055                    -71.3254673455129
0.30552500000000005       -71.32570258205281
0.30555000000000004       -71.32574328845148
0.30557500000000004       -71.32585681672548
0.30560000000000004       -71.32630914454624
0.30562500000000004       -71.3273563167528
0.30565000000000003       -71.3292364976812
0.30567500000000003       -71.3321627041949
0.3057                    -71.33631629170335
0.305725                  -71.34184127785991
0.30575                   -71.34883960422323
0.305775                  -71.357367448047
0.3058                    -71.36743269974738
0.305825                  -71.37899371623276
0.30585                   -71.39195944282277
0.305875                  -71.4061909681906
0.3059                    -71.4215045368631
0.305925                  -71.43767600118805
0.30595                   -71.4544466647249
0.305975                  -71.47153043794302
0.306                     -71.488622199053
0.30602500000000005       -71.50540723436387
0.30605000000000004       -71.52157162476132
0.30607500000000004       -71.53681344375681
0.30610000000000004       -71.5508546071882
0.30612500000000004       -71.5634531593558
0.30615000000000003       -71.5744157024468
0.30617500000000003       -71.58360957660017
0.3062                    -71.59097427587162
0.306225                  -71.59653144919987
0.30625                   -71.60039271219202
0.306275                  -71.60276441118705
0.3063                    -71.60394846468236
0.306325                  -71.60433848483221
0.30635                   -71.60441056442852
0.306375                  -71.60470839858877
0.3064                    -71.60582277981224
0.306425                  -71.60836593431979
0.30645                   -71.61294161802167
0.306475                  -71.62011232233161
0.3065                    -71.63036532053253
0.30652500000000005       -71.64407958436651
0.30655000000000004       -71.66149579278064
0.30657500000000004       -71.6826917298324
0.30660000000000004       -71.70756531298304
0.30662500000000004       -71.73582727491474
0.30665000000000003       -71.76700511206414
0.30667500000000003       -71.80045928997814
0.30670000000000003       -71.83541185000773
0.306725                  -71.87098649925274
0.30675                   -71.90625804938726
0.306775                  -71.94030784861141
0.3068                    -71.97228081484619
0.306825                  -72.00143904900963
0.30685                   -72.02720699769196
0.306875                  -72.0492038565621
0.3069                    -72.06726030206495
0.306925                  -72.08141849902432
0.30695                   -72.091916343861
0.306975                  -72.09915869434181
0.307                     -72.10367960259126
0.30702500000000005       -72.10610013315186
0.30705000000000005       -72.10708618268634
0.30707500000000004       -72.10730995455349
0.30710000000000004       -72.10741761690778
0.30712500000000004       -72.108004443391
0.30715000000000003       -72.10959760470749
0.30717500000000003       -72.11264588632251
0.30720000000000003       -72.11751502031368
0.307225                  -72.12448703726297
0.30725                   -72.133762022501
0.307275                  -72.14546084642063
0.3073                    -72.15962777193205
0.307325                  -72.17623226006661
0.30735                   -72.19516974540676
0.307375                  -72.21626160617343
0.3074                    -72.23925497517189
0.307425                  -72.26382337367015
0.30745                   -72.28956936560272
0.307475                  -72.31603050832877
0.3075                    -72.34268979140018
0.30752500000000005       -72.36899146079435
0.30755000000000005       -72.3943626021233
0.30757500000000004       -72.41824013792578
0.30760000000000004       -72.44010205522763
0.30762500000000004       -72.45950082513728
0.30765000000000003       -72.47609623806169
0.30767500000000003       -72.48968441806747
0.30770000000000003       -72.50021974139047
0.307725                  -72.50782682679235
0.30775                   -72.51280065977429
0.307775                  -72.51559413985942
0.3078                    -72.5167936945125
0.307825                  -72.51708485458828
0.30785                   -72.51721065108336
0.307875                  -72.51792624386474
0.3079                    -72.51995328620441
0.307925                  -72.52393723072925
0.30795                   -72.53041022129696
0.307975                  -72.5397615262808
0.308                     -72.55221677273981
0.308025                  -72.56782662532297
0.30805000000000005       -72.58646505333579
0.30807500000000004       -72.6078369411223
0.30810000000000004       -72.63149449983752
0.30812500000000004       -72.6568616845564
0.30815000000000003       -72.68326555448405
0.30817500000000003       -72.7099732113831
0.30820000000000003       -72.73623260824542
0.308225                  -72.76131516008948
0.30825                   -72.7845577653506
0.308275                  -72.80540163554862
0.3083                    -72.8234253128955
0.308325                  -72.83836949200611
0.30835                   -72.85015177876795
0.308375                  -72.85887027618162
0.3084                    -72.8647957976254
0.308425                  -72.86835346159741
0.30845                   -72.87009528750329
0.308475                  -72.8706660640146
0.3085                    -72.87076512495003
0.308525                  -72.87110673204148
0.30855000000000005       -72.87238156905468
0.30857500000000004       -72.87522146597573
0.30860000000000004       -72.88016897406082
0.30862500000000004       -72.88765289046977
0.30865000000000004       -72.89797035289797
0.30867500000000003       -72.91127572071319
0.30870000000000003       -72.92757615217924
0.308725                  -72.94673359118023
0.30875                   -72.96847276190461
0.308775                  -72.99239469001176
0.3088                    -73.0179952029563
0.308825                  -73.04468779902511
0.30885                   -73.07183019635923
0.308875                  -73.09875375660064
0.3089                    -73.12479481275857
0.308925                  -73.14932673555411
0.30895                   -73.17179138709585
0.308975                  -73.19172846401929
0.309                     -73.2088011436081
0.309025                  -73.22281645396166
0.30905000000000005       -73.23373893737912
0.30907500000000004       -73.24169647901934
0.30910000000000004       -73.24697760188673
0.30912500000000004       -73.2500200518364
0.30915000000000004       -73.25139106942116
0.30917500000000003       -73.25176029467288
0.30920000000000003       -73.25186671321131
0.309225                  -73.25248139825602
0.30925                   -73.25436800912894
0.309275                  -73.25824306812716
0.3093                    -73.2647379869725
0.309325                  -73.27436469148792
0.30935                   -73.28748652206428
0.309375                  -73.30429588810654
0.3094                    -73.32479994837645
0.309425                  -73.34881537182638
0.30945                   -73.37597296460926
0.309475                  -73.40573258723848
0.3095                    -73.43740830368732
0.309525                  -73.4702030779122
0.30955000000000005       -73.50325158550217
0.30957500000000004       -73.53566889827954
0.30960000000000004       -73.56660201194029
0.30962500000000004       -73.59528055031214
0.30965000000000004       -73.62106266215565
0.30967500000000003       -73.64347227797994
0.30970000000000003       -73.66222456067783
0.30972500000000003       -73.67723749509948
0.30975                   -73.6886289741951
0.309775                  -73.6967002451359
0.3098                    -73.70190792583021
0.309825                  -73.70482777440873
0.30985                   -73.70611386911045
0.309875                  -73.7064568200309
0.3099                    -73.70654417656577
0.309925                  -73.70702546164425
0.30995                   -73.70848341496112
0.309975                  -73.7114122006494
0.31                      -73.71620263201724
0.310025                  -73.72313394418808
0.31005                   -73.73237131724723
0.310075                  -73.74396820003803
0.3101                    -73.75787246807985
0.310125                  -73.77393552749118
0.31015                   -73.79192361582338
0.31017500000000003       -73.81153070425081
0.31020000000000003       -73.83239254434363
0.31022500000000003       -73.85410152560834
0.31025                   -73.8762221071614
0.310275                  -73.89830663498422
0.3103                    -73.91991133778255
0.310325                  -73.94061223764989
0.31035                   -73.96002065131428
0.310375                  -73.97779788609877
0.3104                    -73.9936686498112
0.310425                  -74.00743262523918
0.31045                   -74.01897363763965
0.310475                  -74.02826587989315
0.3105                    -74.03537675109648
0.310525                  -74.04046599937044
0.31055                   -74.04378102447909
0.310575                  -74.0456483811967
0.3106                    -74.04646171738092
0.310625                  -74.0466665616765
0.31065                   -74.04674252692055
0.31067500000000003       -74.04718360374814
0.31070000000000003       -74.04847728441312
0.31072500000000003       -74.0510832866738
0.31075                   -74.05541265668896
0.310775                  -74.06180802859096
0.3108                    -74.07052581457974
0.310825                  -74.08172110370603
0.31085                   -74.09543606010891
0.310875                  -74.11159262324253
0.3109                    -74.12999030362874
0.310925                  -74.15030980248854
0.31095                   -74.17212304179316
0.310975                  -74.1949099519116
0.311                     -74.21808198461873
0.311025                  -74.2410117939522
0.31105                   -74.26306789305409
0.311075                  -74.28365241047229
0.3111                    -74.3022394316566
0.311125                  -74.31841094737719
0.31115                   -74.33188724815031
0.311175                  -74.3425487836574
0.31120000000000003       -74.35044711022226
0.31122500000000003       -74.35580353029144
0.31125                   -74.35899522969538
0.311275                  -74.36052996651823
0.3113                    -74.36101147939249
0.311325                  -74.36109859619711
0.31135                   -74.36146143615254
0.311375                  -74.3627381041818
0.3114                    -74.36549494639695
0.311425                  -74.37019287444008
0.31145                   -74.37716158620937
0.311475                  -74.38658280954934
0.3115                    -74.39848304598779
0.311525                  -74.41273572950882
0.31155                   -74.42907224821722
0.311575                  -74.44710089284132
0.3116                    -74.46633246556635
0.311625                  -74.48621099554846
0.31165                   -74.50614777409658
0.311675                  -74.5255567436912
0.31170000000000003       -74.54388916173394
0.31172500000000003       -74.56066545421704
0.31175                   -74.5755023136692
0.311775                  -74.58813338857011
0.3118                    -74.59842234874489
0.311825                  -74.6063676594778
0.31185                   -74.6120990010998
0.311875                  -74.6158658690403
0.3119                    -74.61801941599342
0.311925                  -74.61898899936821
0.31195                   -74.61925514005392
0.311975                  -74.61932067939426
0.312                     -74.61968186935513
0.312025                  -74.62080097902972
0.31205                   -74.62308177746716
0.312075                  -74.62684899064021
0.3121                    -74.63233256201076
0.312125                  -74.63965729171656
0.31215                   -74.64883819342815
0.312175                  -74.65978168572703
0.31220000000000003       -74.67229251540735
0.31222500000000003       -74.68608607769453
0.31225                   -74.70080555099669
0.312275                  -74.71604299999765
0.3123                    -74.73136333348732
0.312325                  -74.74632976884752
0.31235                   -74.76052928402916
0.312375                  -74.77359645915928
0.3124                    -74.78523415235999
0.312425                  -74.79522963897818
0.31245                   -74.80346517004153
0.312475                  -74.80992234204201
0.3125                    -74.81468016676581
0.312525                  -74.81790722811711
0.31255                   -74.81984875147666
0.312575                  -74.82080974370984
0.3126                    -74.82113556231083
0.312625                  -74.82119133267342
0.31265                   -74.82134156164796
0.312675                  -74.82193111998947
0.31270000000000003       -74.82326852668263
0.31272500000000003       -74.82561220714771
0.31275000000000003       -74.82916014543792
0.312775                  -74.83404312554926
0.3128                    -74.84032156356062
0.312825                  -74.84798577358173
0.31285                   -74.85695938937818
0.312875                  -74.8671055739871
0.3129                    -74.87823558222304
0.312925                  -74.89011918824214
0.31295                   -74.902496452134
0.312975                  -74.91509027656814
0.313                     -74.92761919328333
0.313025                  -74.93980982390943
0.31305                   -74.95140849106117
0.313075                  -74.96219151155215
0.3131                    -74.97197378295269
0.313125                  -74.9806153778311
0.31315                   -74.98802597637359
0.313175                  -74.99416708817569
0.31320000000000003       -74.99905212450666
0.31322500000000003       -75.00274447772098
0.31325000000000003       -75.00535384040313
0.313275                  -75.00703104372033
0.3133                    -75.00796170874706
0.313325                  -75.00835899240604
0.31335                   -75.00845568133829
0.313375                  -75.00849585068738
0.3134                    -75.00872627044748
0.313425                  -75.00938771574991
0.31345                   -75.01070632439604
0.313475                  -75.01288515183461
0.3135                    -75.01609610081319
0.313525                  -75.02047244423841
0.31355                   -75.0261022129654
0.313575                  -75.03302277575682
0.3136                    -75.041216983375
0.313625                  -75.0506112703488
0.31365                   -75.06107609402841
0.313675                  -75.072429032779
0.31370000000000003       -75.08444075966386
0.31372500000000003       -75.09684394817984
0.31375000000000003       -75.10934495208319
0.313775                  -75.12163785653964
0.3138                    -75.13342023994555
0.313825                  -75.14440973955885
0.31385                   -75.15436033172539
0.313875                  -75.16307715477522
0.3139                    -75.17042872512786
0.313925                  -75.1763555308373
0.31395                   -75.18087424758717
0.313975                  -75.18407718394143
0.314                     -75.18612696276345
0.314025                  -75.18724683523249
0.31405                   -75.18770735860511
0.314075                  -75.18781041394162
0.3141                    -75.18787167952588
0.314125                  -75.18820270289734
0.31415                   -75.18909364044548
0.314175                  -75.190797587656
0.31420000000000003       -75.19351724220473
0.31422500000000003       -75.19739445494787
0.31425000000000003       -75.20250304590488
0.314275                  -75.20884511025152
0.3143                    -75.21635092477004
0.314325                  -75.22488247615024
0.31435                   -75.23424054265757
0.314375                  -75.24417515552675
0.3144                    -75.25439913550949
0.314425                  -75.26460423089632
0.31445                   -75.2744791809539
0.314475                  -75.28372881149566
0.3145                    -75.29209305334147
0.314525                  -75.29936459691078
0.31455                   -75.30540380734594
0.314575                  -75.31014956462279
0.3146                    -75.31362488710818
0.314625                  -75.31593654394393
0.31465                   -75.3172683399879
0.314675                  -75.31786832214253
0.3147                    -75.31803074151365
0.31472500000000003       -75.31807413524089
0.31475000000000003       -75.31831729473912
0.314775                  -75.3190551145163
0.3148                    -75.32053634723532
0.314825                  -75.32294513157721
0.31485                   -75.32638783111149
0.314875                  -75.33088625475793
0.3149                    -75.33637777111485
0.314925                  -75.34272222946841
0.31495                   -75.3497149996882
0.314975                  -75.35710489818229
0.315                     -75.36461533727602
0.315025                  -75.37196676432688
0.31505                   -75.3788983823892
0.315075                  -75.38518727854901
0.3151                    -75.39066341429694
0.315125                  -75.39521942255755
0.31515                   -75.3988147424052
0.315175                  -75.40147422536252
0.3152                    -75.40328189135263
0.31522500000000003       -75.40437092159354
0.31525000000000003       -75.40491119980288
0.315275                  -75.40509575381822
0.3153                    -75.4051273349711
0.315325                  -75.4052061356129
0.31535                   -75.4055193376208
0.315375                  -75.40623286992634
0.3154                    -75.40748547285939
0.315425                  -75.40938494108919
0.31545                   -75.41200626722761
0.315475                  -75.41539134230611
0.3155                    -75.41954986153326
0.315525                  -75.42446111291967
0.31555                   -75.43007639419267
0.315575                  -75.43632189543976
0.3156                    -75.4431019674146
0.315625                  -75.45030274963084
0.31565                   -75.45779615911995
0.315675                  -75.465444241098
0.3157                    -75.47310386388267
0.31572500000000003       -75.48063170669377
0.31575000000000003       -75.48788943236383
0.31577500000000003       -75.49474886539276
0.3158                    -75.50109693819276
0.315825                  -75.50684013981638
0.31585                   -75.51190820017702
0.315875                  -75.51625677598122
0.3159                    -75.51986897560758
0.315925                  -75.52275564981106
0.31595                   -75.52495446689433
0.315975                  -75.52652788511742
0.316                     -75.52756022144477
0.316025                  -75.52815407510509
0.31605                   -75.52842638582824
0.316075                  -75.52850439048134
0.3161                    -75.52852169627388
0.316125                  -75.52861462203715
0.31615                   -75.5289188808517
0.316175                  -75.52956659940295
0.3162                    -75.53068360280685
0.31622500000000003       -75.53238684638416
0.31625000000000003       -75.53478185281699
0.31627500000000003       -75.53796002030066
0.3163                    -75.54199570550526
0.316325                  -75.54694305040486
0.31635                   -75.55283260786052
0.316375                  -75.55966791887688
0.3164                    -75.56742229461628
0.316425                  -75.57603615095096
0.31645                   -75.58541531728628
0.316475                  -75.59543077138841
0.3165                    -75.60592022831156
0.316525                  -75.61669192654736
0.31655                   -75.62753080963554
0.316575                  -75.63820709648058
0.3166                    -75.64848697621336
0.316625                  -75.65814488649916
0.31665                   -75.66697657672991
0.316675                  -75.67481195805429
0.3167                    -75.68152663670588
0.31672500000000003       -75.68705104264113
0.31675000000000003       -75.69137621146902
0.31677500000000003       -75.69455554646225
0.3168                    -75.69670225225052
0.316825                  -75.69798254483545
0.31685                   -75.69860514690092
0.316875                  -75.6988079205528
0.3169                    -75.6988427288922
0.316925                  -75.6989597295908
0.31695                   -75.69939228634024
0.316975                  -75.70034355410004
0.317                     -75.70197557987203
0.317025                  -75.70440149656312
0.31705                   -75.70768110879732
0.317075                  -75.7118199048992
0.3171                    -75.71677129953437
0.317125                  -75.72244172747146
0.31715                   -75.72869807609803
0.317175                  -75.73537686650823
0.3172                    -75.74229455975978
0.31722500000000003       -75.74925836702721
0.31725000000000003       -75.75607697627336
0.31727500000000003       -75.76257066752164
0.3173                    -75.76858036544466
0.317325                  -75.77397526111855
0.31735                   -75.77865872262662
0.317375                  -75.78257230924964
0.3174                    -75.78569779733151
0.317425                  -75.78805721331554
0.31745                   -75.78971095287446
0.317475                  -75.79075414243385
0.3175                    -75.79131146781448
0.317525                  -75.79153075084284
0.31755                   -75.79157559976389
0.317575                  -75.7916174899053
0.3176                    -75.79182764268731
0.317625                  -75.79236906657293
0.31765                   -75.7933891058549
0.317675                  -75.79501281113649
0.3177                    -75.79733739842257
0.317725                  -75.80042800553052
0.31775000000000003       -75.80431489235816
0.31777500000000003       -75.8089921688648
0.3178                    -75.81441807050182
0.317825                  -75.82051674136838
0.31785                   -75.82718143169708
0.317875                  -75.83427896676122
0.3179                    -75.84165530950975
0.317925                  -75.84914202280368
0.31795                   -75.85656342241725
0.317975                  -75.86374419019336
0.318                     -75.87051719938681
0.318025                  -75.87673130151313
0.31805                   -75.88225883069231
0.318075                  -75.88700258010863
0.3181                    -75.89090198930434
0.318125                  -75.89393826900968
0.31815                   -75.89613819506322
0.318175                  -75.89757631600122
0.3182                    -75.89837534001953
0.318225                  -75.89870450416616
0.31825000000000003       -75.8987757841017
0.31827500000000003       -75.89883787793694
0.3183                    -75.89916799504557
0.318325                  -75.90006159350958
0.31835                   -75.90182032829946
0.318375                  -75.90473859508482
0.3184                    -75.90908917573574
0.318425                  -75.9151085994443
0.31845                   -75.9229829194563
0.318475                  -75.93283466399492
0.3185                    -75.94471175039955
0.318525                  -75.95857915144076
0.31855                   -75.97431406178342
0.318575                  -75.99170522178562
0.3186                    -76.01045690950862
0.318625                  -76.03019789998187
0.31865                   -76.05049542264472
0.318675                  -76.07087382627108
0.3187                    -76.0908372846925
0.318725                  -76.10989548273751
0.31875000000000003       -76.12759085405074
0.31877500000000003       -76.14352564615942
0.31880000000000003       -76.15738691594574
0.318825                  -76.16896755718133
0.31885                   -76.17818165722768
0.318875                  -76.18507286862027
0.3189                    -76.18981502145625
0.318925                  -76.19270483212644
0.31895                   -76.19414720558778
0.318975                  -76.19463419724401
0.319                     -76.19471912907136
0.319025                  -76.19498760544113
0.31905                   -76.19602724349804
0.319075                  -76.1983978432839
0.3191                    -76.20260351570184
0.319125                  -76.20906801396585
0.31915                   -76.21811422582675
0.319175                  -76.2299485156566
0.3192                    -76.24465037771631
0.319225                  -76.26216767831956
0.31925000000000003       -76.28231761938753
0.31927500000000003       -76.30479343288876
0.31930000000000003       -76.32917668287318
0.319325                  -76.3549548873376
0.31935                   -76.38154397161165
0.319375                  -76.40831482371189
0.3194                    -76.43462294187914
0.319425                  -76.45983987146202
0.31945                   -76.48338486777304
0.319475                  -76.50475503867534
0.3195                    -76.52355215375405
0.319525                  -76.53950439663718
0.31955                   -76.55248160962417
0.319575                  -76.56250301433263
0.3196                    -76.56973693162902
0.319625                  -76.57449260575825
0.31965                   -76.57720479471396
0.319675                  -76.57841224907916
0.3197                    -76.57873151127772
0.319725                  -76.57882760943215
0.31975000000000003       -76.57938320630753
0.31977500000000003       -76.58106762570993
0.31980000000000003       -76.58450696806815
0.319825                  -76.59025629856198
0.31985                   -76.59877468582648
0.319875                  -76.61040371785889
0.3199                    -76.62535004425989
0.319925                  -76.64367249192289
0.31995                   -76.66527435190635
0.319975                  -76.68990150330016
0.32                      -76.71714708990386
0.320025                  -76.74646344498318
0.32005                   -76.77718181374391
0.320075                  -76.80854010162358
0.3201                    -76.83971835043637
0.320125                  -76.86988093064156
0.32015                   -76.89822359309302
0.320175                  -76.9240226490484
0.3202                    -76.94668279856744
0.320225                  -76.96577967959125
0.32025000000000003       -76.98109321001638
0.32027500000000003       -76.99262833503154
0.32030000000000003       -77.00062085837257
0.320325                  -77.00552748081417
0.32035                   -77.00800075600861
0.320375                  -77.0088511468187
0.3204                    -77.00899948428334
0.320425                  -77.00942374169459
0.32045                   -77.01110411056051
0.320475                  -77.01496998355681
0.3205                    -77.02185176289036
0.320525                  -77.03243959544952
0.32055                   -77.04725034582464
0.320575                  -77.0666034641077
0.3206                    -77.09060594932076
0.320625                  -77.11914635630248
0.32065                   -77.1518977026094
0.320675                  -77.18832913917463
0.3207                    -77.22772627261192
0.320725                  -77.26921998958677
0.32075000000000004       -77.31182347827661
0.32077500000000003       -77.35447680798005
0.32080000000000003       -77.3960978772591
0.320825                  -77.43563781836446
0.32085                   -77.47213815299295
0.320875                  -77.50478627196561
0.3209                    -77.53296532047935
0.320925                  -77.5562944681677
0.32095                   -77.57465595982379
0.320975                  -77.58820630532927
0.321                     -77.59737035619169
0.321025                  -77.60281861874078
0.32105                   -77.60542971466707
0.321075                  -77.60624116194867
0.3211                    -77.60639242611293
0.321125                  -77.60706442102446
0.32115                   -77.60941937315293
0.321175                  -77.61454433347306
0.3212                    -77.62340080045688
0.321225                  -77.63678208006814
0.32125                   -77.65527928882423
0.32127500000000003       -77.6792563830171
0.32130000000000003       -77.70883429300224
0.321325                  -77.74388413489842
0.32135                   -77.78402951147469
0.321375                  -77.82865802355553
0.3214                    -77.87694220845319
0.321425                  -77.92787011760933
0.32145                   -77.98028555925657
0.321475                  -78.03293760068053
0.3215                    -78.08453823100895
0.321525                  -78.13382616788375
0.32155                   -78.17963375589743
0.321575                  -78.22095292430674
0.3216                    -78.25699547427432
0.321625                  -78.2872427734505
0.32165                   -78.31148039039681
0.321675                  -78.32981433454177
0.3217                    -78.34266726373214
0.321725                  -78.35075500745876
0.32175                   -78.35504567234995
0.32177500000000003       -78.35670511672657
0.32180000000000003       -78.35703347637349
0.321825                  -78.35739762036518
0.32185                   -78.35916399277724
0.321875                  -78.36363544232829
0.3219                    -78.3719945884459
0.321925                  -78.38525523298037
0.32195                   -78.40422246618792
0.321975                  -78.42946152808787
0.322                     -78.46127519846347
0.322025                  -78.49968947786478
0.32205                   -78.54444752434921
0.322075                  -78.5950121513081
0.3221                    -78.65057758686231
0.322125                  -78.7100915282649
0.32215                   -78.77228866722874
0.322175                  -78.83573669469907
0.3222                    -78.89889521188123
0.322225                  -78.96018691803356
0.32225                   -79.01807894461538
0.32227500000000003       -79.07117039731708
0.32230000000000003       -79.11828034671312
0.32232500000000003       -79.15852909051108
0.32235                   -79.19140491339398
0.322375                  -79.21680912453853
0.3224                    -79.2350739728884
0.322425                  -79.2469509024439
0.32245                   -79.2535699557768
0.322475                  -79.25637428366494
0.3225                    -79.25703608374437
0.322525                  -79.25736149873347
0.32255                   -79.25919198187414
0.322575                  -79.26430860878581
0.3226                    -79.27434420137571
0.322625                  -79.29070639023378
0.32265                   -79.3145132452009
0.322675                  -79.34654206429033
0.3227                    -79.38719141288465
0.322725                  -79.43645653307797
0.32275                   -79.49391867742874
0.32277500000000003       -79.55874956896183
0.32280000000000003       -79.62973283629974
0.32282500000000003       -79.70530466055979
0.32285                   -79.78361568311465
0.322875                  -79.86261519951287
0.3229                    -79.94015667418543
0.322925                  -80.01412069060656
0.32295                   -80.08254793471019
0.322975                  -80.14377140502305
0.323                     -80.19653471955806
0.323025                  -80.24008307630356
0.32305                   -80.27421566034542
0.323075                  -80.29929293358106
0.3231                    -80.316198405166
0.323125                  -80.32626073268348
0.32315                   -80.33114687384341
0.323175                  -80.33273950505523
0.3232                    -80.33301181974046
0.323225                  -80.33391062581076
0.32325                   -80.33725529045839
0.32327500000000003       -80.34465648188828
0.32330000000000003       -80.35745556433102
0.32332500000000003       -80.37668331470117
0.32335                   -80.40303543237184
0.323375                  -80.43686198114835
0.3234                    -80.47816820422096
0.323425                  -80.52662483990417
0.32345                   -80.58158691637111
0.323475                  -80.64212082253592
0.3235                    -80.70704007093045
0.323525                  -80.77495046447925
0.32355                   -80.8443052620066
0.323575                  -80.91347035023875
0.3236                    -80.98079835678816
0.323625                  -81.04470917370932
0.32365                   -81.10377274081634
0.323675                  -81.1567884686115
0.3237                    -81.20285475734491
0.323725                  -81.24142206662327
0.32375                   -81.27232406329196
0.32377500000000003       -81.29578345946055
0.32380000000000003       -81.31239194691506
0.32382500000000003       -81.32306657536941
0.32385                   -81.32898742476597
0.323875                  -81.33152304346417
0.3239                    -81.3321506396356
0.323925                  -81.33237749060999
0.32395                   -81.33366875070642
0.323975                  -81.33738516645492
0.324                     -81.34473250853665
0.324025                  -81.35672307131729
0.32405                   -81.3741485305645
0.324075                  -81.39756282347977
0.3241                    -81.42727347278468
0.324125                  -81.46333984346663
0.32415                   -81.50557711909046
0.324175                  -81.5535652240356
0.3242                    -81.60666240811841
0.324225                  -81.66402368043693
0.32425                   -81.72462466656108
0.32427500000000004       -81.78729171011115
0.32430000000000003       -81.85073906954342
0.32432500000000003       -81.9136137971244
0.32435                   -81.9745482975467
0.324375                  -82.03221965685636
0.3244                    -82.08541368084602
0.324425                  -82.13309032527151
0.32445                   -82.17444606504374
0.324475                  -82.2089680048253
0.3245                    -82.23647443484565
0.324525                  -82.25713726228085
0.32455                   -82.27148327447841
0.324575                  -82.28037327694031
0.3246                    -82.28496043211697
0.324625                  -82.28663118632882
0.32465                   -82.28693364878862
0.324675                  -82.28749897575958
0.3247                    -82.28996120240409
0.324725                  -82.29588021650216
0.32475                   -82.3066714491429
0.324775                  -82.3235446449357
0.32480000000000003       -82.34745299168281
0.32482500000000003       -82.37905309743465
0.32485                   -82.41867587764418
0.324875                  -82.46630834636257
0.3249                    -82.52158651795524
0.324925                  -82.58380000606678
0.32495                   -82.65190932538594
0.324975                  -82.72457720426877
0.325                     -82.80021522651836
0.325025                  -82.877046668774
0.32505                   -82.95318535876577
0.325075                  -83.02672871855252
0.3251                    -83.09586098490455
0.325125                  -83.15896024201443
0.32515                   -83.21470088547478
0.325175                  -83.26214203336926
0.3252                    -83.30079269841184
0.325225                  -83.33064645704711
0.32525                   -83.35218169221024
0.325275                  -83.36632763829505
0.32530000000000003       -83.37440054930457
0.32532500000000003       -83.37801746212972
0.32535000000000003       -83.3789966831057
0.325375                  -83.37925417753924
0.3254                    -83.38070374341561
0.325425                  -83.38516672511126
0.32545                   -83.39429467704414
0.325475                  -83.40950629785644
0.3255                    -83.4319384008476
0.325525                  -83.46240978382674
0.32555                   -83.50139657967716
0.325575                  -83.54901786008412
0.3256                    -83.60503078757412
0.325625                  -83.66883533524711
0.32565                   -83.73948933413409
0.325675                  -83.81573518596937
0.3257                    -83.89603986463035
0.325725                  -83.97864968417446
0.32575                   -84.06166057110542
0.325775                  -84.1431031671199
0.32580000000000003       -84.22104009458481
0.32582500000000003       -84.29367038461496
0.32585000000000003       -84.35943381241967
0.325875                  -84.41710623979216
0.3259                    -84.46587661089123
0.325925                  -84.50539739297096
0.32595                   -84.53580297278845
0.325975                  -84.55769433564255
0.326                     -84.572092494574
0.326025                  -84.58036673002846
0.32605                   -84.58414601737229
0.326075                  -84.58522272488926
0.3261                    -84.58545686273509
0.326125                  -84.58668730331915
0.32615                   -84.59065405930099
0.326175                  -84.59893342946825
0.3262                    -84.61288598507318
0.326225                  -84.6336161591814
0.32625                   -84.66194164259838
0.326275                  -84.69837080682191
0.32630000000000003       -84.74308683976093
0.32632500000000003       -84.79593804760356
0.32635000000000003       -84.8564347105527
0.326375                  -84.92375385797942
0.3264                    -84.9967541982771
0.326425                  -85.07400402658538
0.32645                   -85.15382504420899
0.326475                  -85.23435446270597
0.3265                    -85.31362634967336
0.326525                  -85.38967080614188
0.32655                   -85.46062642020476
0.326575                  -85.52485801548215
0.3266                    -85.58106878665008
0.326625                  -85.6283943748108
0.32665                   -85.66646700995877
0.326675                  -85.6954408066671
0.3267                    -85.71597428230305
0.326725                  -85.72917211596616
0.32675                   -85.73649367871866
0.326775                  -85.73963972858488
0.32680000000000003       -85.74043017791956
0.32682500000000003       -85.74068503639973
0.32685000000000003       -85.74211812814158
0.326875                  -85.74624985571937
0.3269                    -85.75434197183864
0.326925                  -85.76735459954116
0.32695                   -85.78592387082323
0.326975                  -85.81035753248315
0.327                     -85.8406455227933
0.327025                  -85.87648262053227
0.32705                   -85.91730061534507
0.327075                  -85.96230787515758
0.3271                    -86.01053455138315
0.327125                  -86.06088189201436
0.32715                   -86.11217422432999
0.327175                  -86.16321214774614
0.3272                    -86.21282534632373
0.327225                  -86.25992325065366
0.32725                   -86.3035416529304
0.327275                  -86.34288334267148
0.32730000000000004       -86.37735093439974
0.32732500000000003       -86.40657035575855
0.32735000000000003       -86.43040392558493
0.327375                  -86.4489525563271
0.3274                    -86.46254730269418
0.327425                  -86.47173113312341
0.32745                   -86.47723235505805
0.327475                  -86.4799315116764
0.3275                    -86.48082376147954
0.327525                  -86.48097875811642
0.32755                   -86.48149986963274
0.327575                  -86.48348427217934
0.3276                    -86.48798509741006
0.327625                  -86.49597645666871
0.32765                   -86.50832184420274
0.327675                  -86.5257461692737
0.3277                    -86.54881151533958
0.327725                  -86.57789666982913
0.32775                   -86.61318050096442
0.327775                  -86.65462938412969
0.3278                    -86.70198909873874
0.32782500000000003       -86.75478190410726
0.32785000000000003       -86.81230979728056
0.327875                  -86.87366519588389
0.3279                    -86.93775042933251
0.327925                  -87.00330738035103
0.32795                   -87.06895832755467
0.327975                  -87.13325841261835
0.328                     -87.19475909751924
0.328025                  -87.2520805783069
0.32805                   -87.30398956272829
0.328075                  -87.34947728258896
0.3281                    -87.38783142837289
0.328125                  -87.4186952712599
0.32815                   -87.44210782851978
0.328175                  -87.45852051881279
0.3282                    -87.46878813367843
0.328225                  -87.47413475012813
0.32825                   -87.47609787928708
0.328275                  -87.4764561418865
0.3283                    -87.47714675685755
0.32832500000000003       -87.48017908789949
0.32835000000000003       -87.48754960783798
0.32837500000000003       -87.50116222248083
0.3284                    -87.52275630005013
0.328425                  -87.55384329661106
0.32845                   -87.59565176758693
0.328475                  -87.64907993411845
0.3285                    -87.7146548435419
0.328525                  -87.79249748649987
0.32855                   -87.88229399582318
0.328575                  -87.98327420214214
0.3286                    -88.09420024224323
0.328625                  -88.21336942471274
0.32865                   -88.33863687931589
0.328675                  -88.46746428228681
0.3287                    -88.59700066767797
0.328725                  -88.72419942716516
0.32875                   -88.84597158626974
0.328775                  -88.95936931434579
0.3288                    -89.06178616738774
0.32882500000000003       -89.15115346248308
0.32885000000000003       -89.22610778304873
0.32887500000000003       -89.28610510655267
0.3289                    -89.33146338646146
0.328925                  -89.36332658808617
0.32895                   -89.38355629513731
0.328975                  -89.39456838767279
0.329                     -89.3991389799109
0.329025                  -89.40020466227209
0.32905                   -89.40067795941857
0.329075                  -89.40329192787287
0.3291                    -89.41048032141175
0.329125                  -89.42429348739323
0.32915                   -89.4463459674747
0.329175                  -89.4777897248975
0.3292                    -89.51930660923715
0.329225                  -89.57111452728155
0.32925                   -89.6329832517932
0.329275                  -89.70425747176294
0.3293                    -89.7838863379399
0.32932500000000003       -89.87046021735864
0.32935000000000003       -89.96225647118612
0.32937500000000003       -90.05729664122292
0.3294                    -90.15341733339736
0.329425                  -90.24835619449638
0.32945                   -90.3398526243801
0.329475                  -90.4257603583011
0.3295                    -90.50416607011653
0.329525                  -90.5735052375686
0.32955                   -90.63266445444776
0.329575                  -90.68105892682095
0.3296                    -90.71867551467072
0.329625                  -90.74607531232803
0.32965                   -90.76435476867283
0.329675                  -90.7750696148924
0.3297                    -90.78013019073299
0.329725                  -90.78167928027683
0.32975                   -90.78196396338525
0.329775                  -90.78321153622284
0.3298                    -90.78751695340688
0.32982500000000003       -90.79674629890968
0.32985000000000003       -90.81245816604496
0.32987500000000003       -90.83584292002124
0.3299                    -90.86767877595841
0.329925                  -90.90830342330081
0.32995                   -90.95760039966967
0.329975                  -91.01500029187237
0.33                      -91.07949784664142
0.330025                  -91.14968694793008
0.33005                   -91.223815862811
0.330075                  -91.29986483598323
0.3301                    -91.37564672999807
0.330125                  -91.4489289276702
0.33015                   -91.51757130096522
0.330175                  -91.5796711437328
0.3302                    -91.63370244333748
0.330225                  -91.67863488767898
0.33025                   -91.71401856514946
0.330275                  -91.74002377447856
0.3303                    -91.7574312253895
0.33032500000000004       -91.76757487734315
0.33035000000000003       -91.77224604375824
0.33037500000000003       -91.7735717145983
0.3304                    -91.77388156533533
0.330425                  -91.77557691485356
0.33045                   -91.78101174029864
0.330475                  -91.79239184063135
0.3305                    -91.81169437073333
0.330525                  -91.84060690518751
0.33055                   -91.88048321057576
0.330575                  -91.9323119832296
0.3306                    -91.99669474974144
0.330625                  -92.07382972453773
0.33065                   -92.16349948312116
0.330675                  -92.2650616458709
0.3307                    -92.3774432669716
0.330725                  -92.49914125296301
0.33075                   -92.62823278673574
0.330775                  -92.76240118575453
0.3308                    -92.89898357710217
0.33082500000000004       -93.0350468148457
0.33085000000000003       -93.16749667770553
0.33087500000000003       -93.29322209413507
0.3309                    -93.40927079553703
0.330925                  -93.51304579563211
0.33095                   -93.60250479798898
0.330975                  -93.67633927412194
0.331                     -93.73410882781306
0.331025                  -93.77631082286179
0.33105                   -93.80437458782228
0.331075                  -93.82058174491816
0.3311                    -93.82792611677834
0.331125                  -93.82993486426986
0.33115                   -93.83047510150008
0.331175                  -93.83356755311155
0.3312                    -93.84322269208201
0.331225                  -93.86330742129672
0.33125                   -93.89744354702059
0.331275                  -93.9489341302922
0.3313                    -94.02071063031838
0.331325                  -94.11529231763922
0.33135000000000003       -94.23474915775451
0.33137500000000003       -94.38065975333394
0.33140000000000003       -94.55405671294912
0.331425                  -94.75535286785744
0.33145                   -94.98424322670084
0.331475                  -95.23957999018538
0.3315                    -95.51922232487138
0.331525                  -95.81987011481954
0.33155                   -96.1369028488992
0.331575                  -96.46426194209138
0.3316                    -96.79443578810032
0.331625                  -97.11862563326363
0.33165                   -97.42717397978795
0.331675                  -97.71030716200355
0.3317                    -97.95916514470223
0.331725                  -98.16697194436293
0.33175                   -98.33008537255033
0.331775                  -98.44862873651202
0.3318                    -98.52650131795968
0.331825                  -98.57076283123683
0.33185000000000003       -98.59058791960457
0.33187500000000003       -98.59608641769775
0.33190000000000003       -98.59725367774953
0.331925                  -98.6032020333094
0.33195                   -98.62170360455846
0.331975                  -98.65899386849674
0.332                     -98.71975355972239
0.332025                  -98.80718909265524
0.33205                   -98.92315017935888
0.332075                  -99.06824469304163
0.3321                    -99.24192913225147
0.332125                  -99.44256700660608
0.33215                   -99.66745805725147
0.332175                  -99.91285023684031
0.3322                    -100.17395510922196
0.332225                  -100.44499589334515
0.33225                   -100.71932450914908
0.332275                  -100.98964629199189
0.3323                    -101.24838298206328
0.332325                  -101.48818062637218
0.33235000000000003       -101.702528073153
0.33237500000000003       -101.88640225011981
0.33240000000000003       -102.03681743594834
0.332425                  -102.15315075004244
0.33245                   -102.23715828459183
0.332475                  -102.2926745229091
0.3325                    -102.32506919359194
0.332525                  -102.34058614268186
0.33255                   -102.34569246387127
0.332575                  -102.34653204197896
0.3326                    -102.34852885282308
0.332625                  -102.35614264757287
0.33265                   -102.37275334968759
0.332675                  -102.4006407180841
0.3327                    -102.44102755677801
0.332725                  -102.49416219247225
0.33275                   -102.55942465040333
0.332775                  -102.63544835752653
0.3328                    -102.7202541652175
0.332825                  -102.8113958901659
0.33285000000000003       -102.90611677445585
0.33287500000000003       -103.00151480306987
0.33290000000000003       -103.09471211075511
0.332925                  -103.18302058777549
0.33295                   -103.26409352602737
0.332975                  -103.33605265059833
0.333                     -103.39758142953531
0.333025                  -103.44797903353643
0.33305                   -103.4871742038436
0.333075                  -103.51570340355175
0.3331                    -103.5346616081548
0.333125                  -103.5456360554641
0.33315                   -103.55063307133173
0.333175                  -103.55200614138282
0.3332                    -103.55239045025704
0.333225                  -103.55464596128411
0.33325                   -103.56180848985623
0.333275                  -103.57704642899166
0.3333                    -103.60361984610607
0.333325                  -103.6448384594203
0.33335000000000004       -103.7040152351968
0.33337500000000003       -103.78441267123898
0.33340000000000003       -103.88917901418577
0.333425                  -104.0212715080857
0.33345                   -104.18336307421605
0.333475                  -104.37772758389426
0.3335                    -104.60609735969501
0.333525                  -104.86948504322908
0.33355                   -105.16796117009821
0.333575                  -105.5003803407068
0.3336                    -105.86405525798618
0.333625                  -106.25439281362695
0.33365                   -106.66453499794542
0.333675                  -107.08509373205155
0.3337                    -107.50412949080584
0.333725                  -107.90757733527803
0.33375                   -108.2803200168965
0.333775                  -108.60797528908552
0.3338                    -108.8791707023675
0.333825                  -109.08772085570939
0.33385000000000004       -109.233944753815
0.33387500000000003       -109.32458926993588
0.33390000000000003       -109.37139802742877
0.333925                  -109.38891237434714
0.33395                   -109.39226524541303
0.333975                  -109.395512311564
0.334                     -109.41068256906391
0.334025                  -109.44745524599823
0.33405                   -109.51325652916177
0.334075                  -109.61357581848439
0.3341                    -109.75235735342515
0.334125                  -109.93238210557328
0.33415                   -110.15559848292628
0.334175                  -110.423386510038
0.3342                    -110.7367527003626
0.334225                  -111.09645718395703
0.33425                   -111.50307452264951
0.334275                  -111.95698589955822
0.3343                    -112.45829427620741
0.334325                  -113.00664752037973
0.33435                   -113.6009479631177
0.33437500000000003       -114.2389209570552
0.33440000000000003       -114.91651271274324
0.33442500000000003       -115.62709955900254
0.33445                   -116.36053772696322
0.334475                  -117.1021950479522
0.3345                    -117.83231017528566
0.334525                  -118.52629594607532
0.33455                   -119.15676780104208
0.334575                  -119.69776063344696
0.3346                    -120.13047445358612
0.334625                  -120.4483708076401
0.33465                   -120.65895354462009
0.334675                  -120.78116278854932
0.3347                    -120.83987762128002
0.334725                  -120.86025896682978
0.33475                   -120.8638750576448
0.334775                  -120.86702256961911
0.3348                    -120.8806769778313
0.334825                  -120.91130295445407
0.33485                   -120.96195621717825
0.33487500000000003       -121.03336800885204
0.33490000000000003       -121.12488407132989
0.33492500000000003       -121.23522408248027
0.33495                   -121.36306674387421
0.334975                  -121.5074792973172
0.335                     -121.66821439830976
0.335025                  -121.84589893386985
0.33505                   -122.04214032341875
0.335075                  -122.2595746056517
0.3351                    -122.5018769497782
0.335125                  -122.7737498459196
0.33515                   -123.08089916985045
0.335175                  -123.4300062869979
0.3352                    -123.82870496824589
0.335225                  -124.28557389100573
0.33525                   -124.81015987199326
0.335275                  -125.41305438963471
0.3353                    -126.1060533430543
0.335325                  -126.90243625705655
0.33535                   -127.81741284377273
0.33537500000000003       -128.86880997646622
0.33540000000000003       -130.07812070561417
0.33542500000000003       -131.47212926842462
0.33545                   -133.0855059492269
0.335475                  -134.96514361810478
0.3355                    -137.17788589829348
0.335525                  -139.82559471160835
0.33555                   -143.07866391718952
0.335575                  -147.26846986200636
0.3356                    -153.27943754219484
0.335625                  -Inf
