<?xml version="1.0" encoding="UTF-8"?>
<VTKFile type="UnstructuredGrid" version="0.1" byte_order="LittleEndian">
<UnstructuredGrid>
<Piece NumberOfPoints="7203" NumberOfCells="7200">
<PointData>
<DataArray type="Float64" Name="Height" Format="ascii">
0
0
0
8.501427551190038E-42
1.5340985438845928E-38
4.278055465718106E-36
-6.52502822652065E-35
2.928751203749807E-33
9.760716462400009E-32
-1.247032703322174E-29
1.5470452807028358E-28
-1.3524897517211926E-27
2.5472268373132402E-26
-4.667055578583341E-25
8.198863790148473E-24
-9.419178495292438E-23
5.663058674640503E-22
-3.8418088925249667E-22
-2.355146266987067E-20
2.197085415322073E-19
-1.0359843856506682E-18
2.434209665203949E-18
1.3527017233711067E-18
-3.147178725040126E-17
1.0932881936567782E-16
-1.5780668238196772E-16
-1.0549038292813534E-16
8.841249651411334E-16
-1.5886437056795619E-15
1.2279318436962806E-15
-5.062970461024667E-19
-4.8352296049117544E-15
2.4315923024433915E-14
-3.642848781033318E-14
-8.119379620815872E-14
3.290757880445958E-13
-1.2048797762877157E-14
-1.5664225491251844E-12
1.955728852669716E-12
3.4519048008761363E-12
-8.858240217793152E-12
-2.998530682129129E-12
1.9781781987365947E-11
6.414436707563311E-12
-3.409951187363845E-11
-5.939905978104983E-11
9.805570390251533E-11
2.4307735660620914E-10
-3.2538251594592994E-10
-6.535031736984046E-10
7.398409518950229E-10
1.631222545928068E-9
-1.0952500794943795E-9
-4.286538743006726E-9
1.015404416674796E-9
1.0608920646732706E-8
-7.373617143456461E-11
-2.2637564584775712E-8
-2.945015098603152E-9
4.1144616031678945E-8
1.1609605270686475E-8
-6.453134230152306E-8
-3.236514535939366E-8
8.91497289323695E-8
6.781472818216477E-8
-1.0709706683391979E-7
-1.0290545602943885E-7
1.0115556885776601E-7
9.106325439743411E-8
-6.52903442421858E-8
5.444195944852883E-8
1.3090581767778104E-7
-3.028118525451517E-7
-5.952650628288883E-7
1.473189471365038E-7
1.2952207129681066E-6
9.5821377524682E-7
-1.4668769736658758E-6
-3.3780776093854973E-6
-1.2337411492741823E-6
4.312708987137218E-6
7.391670449814163E-6
3.2091430003536714E-6
-5.504010786694373E-6
-1.0439799455395706E-5
-6.095739802449052E-6
4.898787596273154E-6
1.4000450676121584E-5
1.2304911587435238E-5
-4.0021231159568206E-6
-2.645163971237699E-5
-2.922556119853772E-5
2.148931418690037E-5
1.4416916383197545E-4
3.282446793621474E-4
5.482160829290351E-4
7.898539749606116E-4
0.0010588469283123103
0.0013695346133317798
0.001736852028573464
0.002179479833492743
0.0027156760583498646
0.003341881200737719
0.00401389051694423
0.004652523169560092
0.005166849304389741
0.005471194462318506
0.005486776836083403
0.005138025253212877
0.00435109167093677
0.003049480978266467
0.0011428101487191637
-0.0014813063940632054
-0.0049472913877772464
-0.00936167401128582
-0.014778307439493283
-0.02117782977542707
-0.028467951941170862
-0.03649390409035342
-0.04504343308508396
-0.053838793454425674
-0.06252037760402475
-0.07063157563763005
-0.07761257354702268
-0.082807846101267
-0.08548691948609692
-0.08487527524786335
-0.08019017960344042
-0.07067894430032798
-0.05565931754452841
-0.03456533846578426
-0.006998642464168353
0.02721253948818362
0.06795354480189937
0.1147667012576546
0.1668049091739314
0.2228034415415355
0.28107535732643946
0.33953228273562025
0.39573165880782263
0.44694380462169647
0.4902412699801581
0.5226072796753475
0.5410667061805725
0.5428373749767031
0.5254897539104734
0.48710872552224566
0.4264522152287619
0.3430927725774901
0.237529309200389
0.111267227679491
-0.03314710135704709
-0.19214546840105742
-0.36121143294232233
-0.5350124027047839
-0.7075826568262917
-0.8725542809282031
-1.0234330424240656
-1.1538889237812586
-1.2580669394561224
-1.330891877412796
-1.3683354982307978
-1.367650261947087
-1.327545404434204
-1.248289908681597
-1.1317380113261086
-0.9812685421534947
-0.8016474140541894
-0.5988088633332934
-0.37956687062978745
-0.1512828426701682
0.07850664002554762
0.30246848187276293
0.5138286203145981
0.7066884828465325
0.876279428601265
1.0191439858504705
1.1332186375345503
1.217827980007444
1.2736016086169653
1.3022936412266322
1.30653292792184
1.2895273310797555
1.2547453429017748
1.205593011208943
1.1451296763760703
1.075832826750619
0.9994305478675025
0.9168237979922976
0.8281019223587853
0.7326401557241168
0.6292815314871925
0.5165827763932092
0.3931132767881666
0.2577646981392588
0.11004274258656158
-0.049665709691388324
-0.21989839843341286
-0.39800609222480227
-0.580140797155244
-0.761356281382697
-0.9358013080699104
-1.097003081015178
-1.2382226118019648
-1.3528601952961512
-1.4348751221384322
-1.4792010997022902
-1.4821088739803858
-1.4415028265544347
-1.357116597039359
-1.230605321271079
-1.0655179619789124
-0.8671528846025467
-0.642313729439463
-0.3989654928445816
-0.14583813611950194
0.1080142240971327
0.3536658946956907
0.5827570451157433
0.7878815105983189
0.9628977945872715
1.1031555150236403
1.2056250316756112
1.2689397760799952
1.293335007769721
1.280502166066851
1.2333841707025255
1.1559229961463384
1.0527823226792472
0.9290587050574166
0.790013558098248
0.6408272172723498
0.48640269360371996
0.3312090816242354
0.17917501766766825
0.033628608499254496
-0.10271518331553253
-0.22772528497236116
-0.3398020618728229
-0.4378129265138081
-0.5210209744317191
-0.5890136978455952
-0.6416430856500354
-0.6789787071091788
-0.7012802809476852
-0.708991717014994
-0.7027403158800942
-0.6833435595035553
-0.6518143564462662
-0.6093616485595703
-0.5573837693248477
-0.4974533234323774
-0.4312880358525685
-0.36070933299405233
-0.2875868710024016
-0.21378112637570926
-0.14107789897492953
-0.07112249838454383
-0.005366137084950294
0.054976495781115124
0.10895095738981452
0.15587305384022848
0.19531865577612603
0.227103947528771
0.25125209987163544
0.26794968226126264
0.2774952543633325
0.2802537732890674
0.2766138155545507
0.26695625271115986
0.251635132091386
0.23097267587270057
0.20527055806347302
0.17483386557017053
0.1400060025709016
0.10120840051344462
0.05898138282022306
0.014021667585309061
-0.032786774316004345
-0.08035446730043207
-0.12738318209137237
-0.17238245425479753
-0.21370843851140567
-0.24962454927819117
-0.27838184365204405
-0.29831002226897646
-0.30791430707488743
-0.3059700418795858
-0.29161311579602106
-0.2644206594143595
-0.22447943527783668
-0.17243426612445287
-0.10950524120458535
-0.03747208988560096
0.04136994906834195
0.1242830218481166
0.20818121252315386
0.2897449518953051
0.365550377539226
0.43221500728811535
0.4865477053182466
0.5256912814719337
0.5472517056124551
0.5494146687643868
0.5310401724917548
0.49173213115760256
0.43187796430928366
0.3526570573449135
0.2560139000415802
0.14459639574800218
0.021671212411352555
-0.10898806367601668
-0.2432341751243387
-0.3766908571124077
-0.5049035187278476
-0.623489281960896
-0.7282764932938984
-0.8154420192752566
-0.8816326090267727
-0.9240842759609222
-0.9407144125018801
-0.9301810967070716
-0.8919236255543572
-0.8261760153940746
-0.7339557473148618
-0.6170330792665482
-0.4778801713671003
-0.31960427335330416
-0.14587494358420372
0.03916690205889091
0.2310062465923173
0.42486294571842464
0.6158045870917184
0.7988596281835011
0.969135405761855
1.1219280787876673
1.252825298479625
1.3578167515141624
1.433405578136444
1.4767179489135742
1.485602285180773
1.4587203434535436
1.3956244502748762
1.2968165065561021
1.1637812427112035
0.9989928028413227
0.8058997435229165
0.5888765688453402
0.35313740904842106
0.10461600018399105
-0.15018765309027263
-0.4043930747679302
-0.6509516750063215
-0.8828797382967812
-1.0934990176132746
-1.2766764547143663
-1.427050164767674
-1.5402413776942663
-1.613033958843776
-1.6435083959783827
-1.631122499704361
-1.5767325631209783
-1.4825611412525177
-1.352100099836077
-1.1899702208382743
-1.0017313935926981
-0.793648728302547
-0.5724422718797412
-0.3450208082795143
-0.11820978671312332
0.10150406163718019
0.308199089552675
0.4967078907149179
0.6627644492047173
0.8031042367219925
0.9155135580471584
0.9988253670079368
1.052866974047252
1.0783662242548806
1.0768274877752577
1.0503860328878676
1.001651861837932
0.933556752545493
0.849211511867387
0.7517711967229843
0.6443318469183785
0.5298418423959187
0.41104421445301603
0.2904426136187145
0.1702928745320865
0.05262099645499674
-0.060748217893498276
-0.16815838909574918
-0.2680876446621759
-0.35911634245089125
-0.43990675679274965
-0.5091961111341204
-0.5658010925565448
-0.6086381269352776
-0.6367622124297279
-0.6494194907801492
-0.6461058684757778
-0.6266241797379085
-0.5911386396203723
-0.5402205841881889
-0.47488509331430706
-0.39660938722746714
-0.30733136406966616
-0.20942216739058495
-0.10563421861401627
9.722690384868227E-4
0.10712773698781218
0.20946525196943963
0.30464047832148416
0.3894607275724411
0.46101395040750504
0.5167910541806903
0.554795463170324
0.5736387244292668
0.5726173690387181
0.5517511069774628
0.5117891068969455
0.4541862575071199
0.38105207894529614
0.2950652986764908
0.19937033844845636
0.09745192926909242
-0.007007714227906296
-0.11028131975659303
-0.20875014258282526
-0.2990492358803749
-0.3781968557408878
-0.44370678599391666
-0.49367798013346537
-0.5268537018980298
-0.5426517065082278
-0.5411636680364609
-0.523116871714592
-0.48981253589902607
-0.44304282856839045
-0.3849946952291897
-0.3181392326951027
-0.2451120120074068
-0.16858924020613944
-0.09117512005780425
-0.015297204522149905
0.056874613809798434
0.12348871571677071
0.18305143022111484
0.2344444878399372
0.2769244270665305
0.31010120042732786
0.33390069220747265
0.34851669520139694
0.3543539472988674
0.35196710377931595
0.34200641832181383
0.3251714599984033
0.30217007654053823
0.2736918841089521
0.24039546559963906
0.20291275637490408
0.16186197900346347
0.11786821138645921
0.07159054997776236
0.02375124847250325
-0.02483417805550354
-0.07323120853730611
-0.12037325730281216
-0.16506358182856015
-0.20599251240491867
-0.24177521360771997
-0.2710020659225328
-0.2923012397118977
-0.3044112154415676
-0.3062579685023853
-0.2970338218978473
-0.2762797251343727
-0.24395475004400527
-0.20049278917057173
-0.1468340185071741
-0.08442693150469235
-0.01520315634219772
0.058478891317333505
0.13391739183238574
0.20817496787224496
0.278204688004085
0.34099135122128893
0.3936978674360684
0.4338194323437555
0.4593257723110063
0.468780018389225
0.46143247719321934
0.43728103914431166
0.39708877141986576
0.34236361937863485
0.27529563648360117
0.19865691768271582
0.11567040027252265
0.029851946979761106
-0.05516531145466226
-0.135817786944764
-0.20879474388701574
-0.2712028633270945
-0.32070857286453247
-0.35565080280814854
-0.37511962226458956
-0.37898891951356617
-0.3679016764674868
-0.3432101660541126
-0.3068788009030478
-0.26135591843298506
-0.2094265552503722
-0.15405162849596568
-0.09819773318512101
-0.04467408492096832
0.004016186202144525
0.04580109446708646
0.07913352256374699
0.10304047859140805
0.1171348440859999
0.1215945506202323
0.11711550637015275
0.10483998060226442
0.086259680933186
0.06309610578630652
0.03717328980565072
0.010295409243553875
-0.01586314992580031
-0.03984696697443724
-0.060485673669193475
-0.07693553795771939
-0.0886971138949905
-0.09561017368521009
-0.09782582521438599
-0.09575608984700272
-0.09001105278730394
-0.0813291267092739
-0.070503654224532
-0.05831439447190081
-0.0454679574551327
-0.032549749660704834
-0.019991982595196793
-0.00805981949503933
0.0031421131570823486
0.01364905347249338
0.023605131876787977
0.033222450608653684
0.042735175495701175
0.05235232120113714
0.062212975828775344
0.072348080309374
0.08265604690781662
0.09289204701781274
0.10267303804201741
0.11149641924670764
0.11877044583005565
0.12385549076965877
0.126114693071161
0.12496949306556157
0.1199548611683505
0.1107672027179173
0.0973039660602808
0.07969474446560655
0.058316673285194805
0.03379155934921333
0.006966153409198988
-0.02112604325105037
-0.04931576935840505
-0.07635918126574584
-0.10100761508303031
-0.12208059217248644
-0.13853939090456283
-0.14955338463187218
-0.15455671825579234
-0.15328687003680638
-0.14580552918570383
-0.1325004824570247
-0.11407022124954633
-0.09148989192077092
-0.06596022099256517
-0.038840767129191336
-0.011571187991648921
0.014415712395150741
0.037778673693537705
0.05734586329864604
0.07218160879399095
0.08163528862808432
0.08537569322756358
0.08340586509023394
0.07605788883353982
0.06396685061710221
0.048026816786399924
0.029331060325992968
0.009103415567161795
-0.011376595224386868
-0.030850707154188826
-0.048154573222356174
-0.06228498382759945
-0.07245486548968724
-0.07813142692404132
-0.07905711393271173
-0.07525074694837842
-0.06699208170175552
-0.054791434934096675
-0.03934982818152224
-0.021510775067976544
-0.0022082290628791935
0.017586964315601753
0.03692076514874186
0.05490461936486619
0.07075480158839907
0.08382172217326504
0.09360771972153868
0.09977460226842336
0.10214337067944664
0.10068760466362749
0.09552181192806788
0.08688675399337496
0.07513308924223695
0.06070197347019401
0.04410570500684636
0.02590910870847957
0.006714237388223411
-0.012850691896996324
-0.03214114871142166
-0.050505296726311946
-0.06729332331035819
-0.08187010298882212
-0.09363238699734211
-0.10203209758869239
-0.1066018236534936
-0.10698064815785203
-0.10293908044695854
-0.09440170281699725
-0.08146653617066997
-0.0644185199801411
-0.043737001450998444
-0.020093140791037252
0.005665000794189316
0.03253816467310701
0.05941401541765247
0.08511839780424323
0.10847445603992258
0.128365052065679
0.14379326839532172
0.1539386005273887
0.15820723452738353
0.15627417713403702
0.1481137956891741
0.13401432814342634
0.11457220704427787
0.09066516214183398
0.06340659170278481
0.03408597768949611
0.004098906539314035
-0.025131678607847006
-0.05223736579396895
-0.07598404586315155
-0.09534224787993091
-0.10954545784209456
-0.11813410451369626
-0.12098115549555846
-0.11829795023160321
-0.11061663287026542
-0.09874883054622582
-0.08372537339372295
-0.06672035663255624
-0.04897009834114995
-0.03169231409473079
-0.016006616942052344
-0.0028605448647535396
0.007035167438776353
0.01325698359869419
0.01569712288411599
0.01456909397217843
0.010387337167880357
0.003925647436907242
-0.0038414741949444405
-0.011810867149116737
-0.018833905192358148
-0.023804874691580023
-0.025748114633773054
-0.023897982468562468
-0.017764317603515715
-0.007180404566627519
0.007671079980874712
0.026255576937858554
0.04770608259631056
0.07086675427854063
0.0943568197212049
0.11665170772799424
0.13617779261299542
0.1514137802379472
0.16099265217781067
0.16379575431346893
0.15903003460594586
0.14628768392971583
0.1255848774952548
0.0973759972091232
0.06254269049635956
0.02235649758949875
-0.02158260431938938
-0.06742942253393787
-0.113192421783294
-0.1568419864135129
-0.19642021560243197
-0.23014431659664428
-0.2565014756151608
-0.2743255581174578
-0.2828558310866356
-0.2817709030849593
-0.27119824077401844
-0.251698514180524
-0.22422429120966367
-0.1900594330259732
-0.15074101090431213
-0.10797196014651231
-0.06352755400751318
-0.019160078439329358
0.02348922765148537
0.06296630403293031
0.09806393938405174
0.12786507393632615
0.15176414964454515
0.16946895739861897
0.1809864044189453
0.18659205362200737
0.18678584641643933
0.18223705142736435
0.17372358217835426
0.16207158139773778
0.1480991957443101
0.1325691874538149
0.11615259067288466
0.09940133350236076
0.08273094919111047
0.06641632850681033
0.050598194689622955
0.035300888520266326
0.020460316113063266
0.005956541264562731
-0.008350554221708864
-0.022587112949362827
-0.036835206007318835
-0.051108618666018756
-0.06533365004828998
-0.07933592343969005
-0.09283654631248542
-0.10545791419489044
-0.11673748067447118
-0.12614852136799268
-0.13312708107488497
-0.1371032020875386
-0.13753558003476687
-0.1339478205357279
-0.12596401891538075
-0.11334150257919516
-0.09600086483572211
-0.0740496718457767
-0.04780084094298737
-0.017782043931739665
0.01526537959996079
0.05039939297629255
0.08650168696684497
0.12231262879712242
0.15647457540035248
0.18758166900702886
0.21423678153327533
0.23511223654661859
0.24901311099529266
0.2549413431968008
0.25215435666697367
0.24021654363189424
0.21903731620737485
0.18889418244361877
0.15044180303812027
0.10470405753169741
0.053047148643859794
-0.0028640328839953525
-0.06112629467887538
-0.11967198071735245
-0.17635290431124823
-0.22902940692646162
-0.2756634610039847
-0.314408398100308
-0.34369188866444994
-0.3622850626707077
-0.3693548919899123
-0.36449817568063736
-0.3477557067360197
-0.31960659261260715
-0.28094241448811125
-0.23302236838000162
-0.17741169035434723
-0.1159088374780757
-0.05046616694224732
0.016890256931739206
0.0841414819338492
0.1493501743035657
0.21072621537106379
0.2666794881224632
0.315860635467938
0.3571863440530641
0.38985101346458706
0.41332385901893887
0.42733691313437056
0.4318650652255331
0.4271000719496182
0.41342090495995115
0.3913650619132178
0.3616012696708952
0.3249026547585215
0.2821281648107937
0.23420735501817294
0.18212878331542015
0.12693197120513236
0.06969899098787989
0.011544775284294567
-0.046393264484192655
-0.10296906637293952
-0.1570458561182022
-0.20751837960311345
-0.2533391298992293
-0.29354863188096453
-0.32730947009154726
-0.35394141184432165
-0.3729507891195161
-0.3840576559305191
-0.3872143881661551
-0.3826132555093084
-0.37068062488521847
-0.35205989863191334
-0.32758434436150957
-0.29823950465236393
-0.26511713543108534
-0.22936435522777693
-0.19213062631232397
-0.15451311532940185
-0.11750551126897335
-0.08195357024669647
-0.048520777374506
-0.017665700654366196
0.01036552027133958
0.03553088115794319
0.057971237626458914
0.07797705355499472
0.09594675552632127
0.11233844794332981
0.12761872953602246
0.14221073687076569
0.156446066818067
0.1705232991703919
0.1844772542161601
0.19816152485353605
0.2112473196216992
0.22323681999530112
0.23348962888121605
0.2412608792739255
0.24574927080954825
0.24615170540554182
0.24172068759799004
0.23182332994682447
0.2159970397395747
0.19399770189608848
0.1658369121806962
0.13180503781352723
0.09248172252305917
0.04873076879552433
0.0016790361364006207
-0.04731966355549438
-0.09673426832471575
-0.1449189233992781
-0.1901833489537239
-0.23086866683193616
-0.2654241791793278
-0.29247930752379553
-0.310909384063312
-0.31989149855715887
-0.3189469096916063
-0.30796713701316286
-0.2872230517012732
-0.2573590576648712
-0.2193706982902118
-0.1745659528034074
-0.12451127198125635
-0.07096456230751105
-0.015799475135281685
0.039074981052960665
0.09179301027740751
0.14060840329953603
0.18396358724151338
0.22054921143821307
0.2493500720177378
0.26967497915029526
0.2811701925737517
0.28381766591753277
0.27792023973805563
0.26407196479184286
0.24311894444482668
0.21611098040427482
0.18424891414386885
0.1488260105252266
0.11116969399154186
0.07258791423269681
0.034322374899472506
-0.0024901266858380765
-0.03684716432222298
-0.06790284253656864
-0.0949804133602551
-0.11757705307432584
-0.13536347076296806
-0.1481760729636465
-0.1560066363641194
-0.15898614057472774
-0.15736748757106916
-0.15150732919573784
-0.1418471240571567
-0.12889552755015238
-0.11321317271462508
-0.0953988100269011
-0.07607638862516199
-0.05588188288467271
-0.03544983321002552
-0.015398737907941858
0.0036841632848206318
0.02125869219058326
0.03684695956430265
0.05004726882491793
0.06054580384599311
0.0681265699011939
0.07267758276845727
0.074193414034588
0.07277331527854715
0.06861490596617971
0.062004127140556066
0.05330128768192871
0.04292235377111606
0.031316995953342745
0.01894557176690017
0.006257094259906034
-0.006332832820979609
-0.018460352239864208
-0.029827424325048923
-0.0402105910969632
-0.04946301305400474
-0.0575106307598097
-0.06434277817606926
-0.0699982935828822
-0.07454965343432766
-0.07808384246059827
-0.08068268054297992
-0.08240482956171036
-0.08327157822038446
-0.08325705491006374
-0.0822828406734126
-0.08021819298820836
-0.07688767223485879
-0.07208584887640816
-0.06559748548482146
-0.0572218011532511
-0.04679985224668469
-0.03424167313746044
-0.01955000637099147
-0.002838994484461311
0.015654440337259858
0.03556729480624199
0.05641529057174921
0.07760726154914924
0.09846759880227703
0.11826804572982448
0.13626574458820478
0.15174522836293494
0.16406195291451045
0.17268204955118044
0.1772181530083929
0.1774562251354967
0.17337304300495557
0.16514187359384128
0.1531266820217882
0.13786420013223374
0.12003399937280587
0.10041721670755319
0.07984825569604125
0.059161657467484474
0.03913946436452014
0.020462038727211102
0.0036672378773801063
-0.010880642570555208
-0.023010123388043473
-0.03274794854223728
-0.040308812500110695
-0.04607010952063969
-0.0505344814487866
-0.05428417945014579
-0.057930015958845615
-0.06205799403999533
-0.06717777997255325
-0.07367676150585924
-0.08178350382617541
-0.09154235199093819
-0.10280186709548746
-0.11521888471075467
-0.12827792497617857
-0.1413236420069422
-0.1536052349422659
-0.1643282382615975
-0.17270911325301444
-0.17803069523402623
-0.1796936791922365
-0.17726012425763266
-0.1704853687967573
-0.15933681119765555
-0.14399765272225654
-0.12485659441777638
-0.10248416422733239
-0.07759881711431912
-0.051023418083786964
-0.023636176450444125
0.0036806148876036907
0.030090212555868284
0.054845706426671574
0.07732597578849111
0.09706012798207146
0.1137415122772966
0.1272302120923996
0.1375433781317302
0.14483603090047836
0.14937457282628333
0.15150366723537445
0.15161031697477614
0.15008737040417536
0.14729927799531392
0.1435529195836612
0.1390772626868316
0.13401030695864133
0.1283941332783018
0.1221793472234692
0.1152363515325955
0.10737387942416328
0.09836329785840851
0.0879661672349487
0.0759628087814365
0.06218035412686212
0.046518489718437195
0.028970395547470877
0.009638044484225764
-0.011258792298446814
-0.033382853493094444
-0.05628592773739781
-0.07942190659897667
-0.1021660433283874
-0.12383880146912166
-0.1437342736337866
-0.16115048580936023
-0.17542460720453942
-0.1859668040914195
-0.19229201174208096
-0.1940468837107931
-0.19103194187794412
-0.18321490553872927
-0.17073909672243254
-0.15392391915832246
-0.13325661899788038
-0.10937598986285073
-0.08304816085313048
-0.05513466375746897
-0.02655536621542914
0.0017521387323670614
0.028873926228178397
0.053961017834288735
0.07626706175506115
0.0951821298471519
0.11026037351361342
0.12123884766229562
0.12804652165089334
0.13080417897020066
0.1298135971384389
0.12553718952195986
0.11856904865375587
0.1095979908215148
0.09936531633138657
0.08862127816038472
0.07808195081140314
0.06838919701320785
0.06007692350872925
0.05354445653834513
0.049037263462586064
0.04663750209978649
0.04626606537827423
0.047693329730204174
0.050558794156781266
0.05439872334578207
0.05867958361549037
0.06283449048974685
0.06630048581532069
0.06855472656232971
0.06914731434413365
0.06772814079054765
0.0640664052750383
0.058062117147658555
0.04974879404263837
0.03928787647081273
0.026955711721841778
0.013124844724578517
-0.0017593188760136938
-0.01720466524628656
-0.03270039401416268
-0.04774585020329271
-0.06187724628086601
-0.07468888802187783
-0.0858493700091328
-0.09511171148291656
-0.1023175490221807
-0.10739702358841896
-0.11036339588463306
-0.11130336272929396
-0.11036327986844949
-0.10773392181311335
-0.1036344226449728
-0.09829539193638734
-0.09194422380200454
-0.08479315494852406
-0.07703163182096821
-0.06882154090063912
-0.06029407320810216
-0.051550837233662605
-0.0426680293998548
-0.03370185209704297
-0.02469511210386242
-0.015685224839087044
-0.00671210465952754
0.0021757611289753456
0.01091688754968345
0.01943473976903728
0.02763670656297888
0.035414966089384894
0.042649865948728154
0.04921592638960907
0.05498980438070638
0.05985867737659386
0.06372776733977455
0.06652716520641531
0.06821699334042412
0.06879161271665778
0.0682820909257446
0.06675738069627966
0.0643224979617766
0.06111343111842871
0.057289746057774336
0.053025358356535435
0.04849907489759581
0.04388518924159663
0.03934371431491205
0.03501082823744842
0.030989938748202155
0.02734442108443805
0.02409254786159311
0.0212053481622466
0.018607618420251777
0.01618187927774021
0.013774880241336567
0.011206615949049592
0.008281631029344028
0.00480219390841999
5.825714636427725E-4
-0.004536613722198779
-0.010673903926674813
-0.01789445370169623
-0.026200132644070045
-0.03552223755312817
-0.04571777063288859
-0.056570444123021195
-0.06779531762003899
-0.07904690504074097
-0.08993187041154929
-0.10002552026084491
-0.10889193548687867
-0.11610584439975875
-0.12127509526908398
-0.12406193917351109
-0.12420136481523514
-0.12151640786656312
-0.11593066422002656
-0.1074749007821083
-0.09628918953239918
-0.08261871284672193
-0.06680460327437945
-0.04926942554967744
-0.030499262203063284
-0.011021542728745512
0.008619455321292794
0.02788705046155623
0.0462752864030855
0.06332884143505778
0.07866069142307554
0.091964312429939
0.1030206922441721
0.11170059628784657
0.11796173267066479
0.12184001478765692
0.1234374778079135
0.12290665267833642
0.12043462933174201
0.11622694560459682
0.11049252668661731
0.10343163194400924
0.0952277063791241
0.08604223573846477
0.07601364010146686
0.06525952076273304
0.05388177465647459
0.04197460093668529
0.02963476468409811
0.016973053770405904
0.004124296263658572
-0.008744995808228852
-0.02143250026607088
-0.03370009535657508
-0.04527797204043184
-0.05587357921259744
-0.06518440613789218
-0.07291409586157117
-0.07878981956413814
-0.08258079684206418
-0.08411662919180733
-0.08330387728554862
-0.08013933311615672
-0.07471873238682747
-0.06723992872451033
-0.05799960185374532
-0.047383282732750685
-0.035848453507891724
-0.023902788758277893
-0.01207913488282689
-9.080535486905954E-4
0.009110770188272001
0.017535983252206018
0.02400917706212827
0.028276088447975262
0.030202392156102827
0.029782388359308243
0.027139537102941955
0.022519023290702274
0.016273378194975003
0.008841634129307099
7.246682892270759E-4
-0.0075433065316506814
-0.015424751576834494
-0.022408905904740095
-0.028040686289646795
-0.03194585642112153
-0.033851692719118934
-0.03360116042728935
-0.031159825290420225
-0.026615824683436325
-0.020172731884356056
-0.012136432541800399
-0.0028969565256764867
0.0070937286862837404
0.017347004331116165
0.027364260517060757
0.03666341451129743
0.044803676062396595
0.05140711633222444
0.05617564238075699
0.058903604346726625
0.05948486325464079
0.05791488236614636
0.05428812759263175
0.048790509679487774
0.041687890488122194
0.033311345747538974
0.024039563922477625
0.014279947815729043
0.004448970696622775
-0.005046631159660004
-0.01382683666556009
-0.021553235793752328
-0.02794152478288327
-0.032771093238677294
-0.035892408208123276
-0.03723161933677537
-0.03679154587111303
-0.03464950355035918
-0.03095207955422146
-0.025907454413494898
-0.019775617801185166
-0.012856779719835948
-0.005478678886512564
0.002017444639932362
0.009290725225582717
0.01601376018619963
0.021884764411619732
0.026638534917895283
0.03005643528220909
0.031974577877138345
0.03228927789522069
0.030960209933774813
0.028010907050754343
0.023526635885770832
0.017650014853903224
0.010574572553325976
0.002536145961909954
-0.006197721032159671
-0.015339616519798125
-0.024594671492065703
-0.03367241192609072
-0.0422968551782625
-0.050215678688670905
-0.05720824322530201
-0.06309158142123904
-0.06772458287222045
-0.0710099855703967
-0.07289417806480612
-0.07336390284555298
-0.07244197758180755
-0.07018185220658779
-0.06666143185326032
-0.06197656970471144
-0.05623367495302643
-0.04954356380871364
-0.04201611051602023
-0.033757277365241735
-0.02486782893538475
-0.015443818011720265
-0.005578063627971071
0.004636585579386779
0.015103042491578633
0.025715370595987355
0.036353609790759425
0.046878641471266747
0.05712777189910412
0.06691224207835537
0.07601692767015525
0.08420361525246076
0.09121667008314814
0.09679138154855796
0.1006640877042498
0.10258431998746735
0.10232907427208764
0.09971728255706173
0.09462467314941543
0.08699763486427921
0.07686574890145234
0.06435001668121133
0.04966742292578731
0.03313106777412551
0.015144779845806105
-0.0038062075784962087
-0.02316952556637781
-0.04234455738748823
-0.06070509885570833
-0.07762526428060872
-0.09250603456582342
-0.10480276814528874
-0.11405118953968797
-0.11989052700144905
-0.12208215173866067
-0.12052323243447713
-0.11525398067065648
-0.10645874642900058
-0.09445958850639206
-0.07970323067690645
-0.06274201547993082
-0.04420939899448838
-0.02479225816205144
-0.005198914125295624
0.01387310680001974
0.0317688330209681
0.047904389910399914
0.06179212486105306
0.07306056895426341
0.0814678639705692
0.08690836599894933
0.08941264024802617
0.08914038326059069
0.0863671638071537
0.08146545024854797
0.07488089720053333
0.06710491515696049
0.058645900072796006
0.050000548894916265
0.04162699183715241
0.03392143055264439
0.02719931058319552
0.021681983955204487
0.01748965168371797
0.014640533564878364
0.013056584168225529
0.012574724420639023
0.012962699634954333
0.013938702177256347
0.015193366911262274
0.016412958768861636
0.017301670142582486
0.017602307189788138
0.01711420508633767
0.01570661655361099
0.013326923662264432
0.010003187261255724
0.005840760722224202
0.0010136849076453854
-0.0042487242026254535
-0.009679113082321627
-0.014991538033687643
-0.019902008452585766
-0.024148902390152216
-0.027512237296572754
-0.029830525828791515
-0.03101386801738824
-0.031052161673349992
-0.030017385525362834
-0.028060111217200756
-0.025400206114032438
-0.022312480424131666
-0.019108861551753113
-0.01611758103328092
-0.013660954910197429
-0.012032896047458054
-0.011477802780323797
-0.012171961799530048
-0.014208657400948663
-0.01758819745321359
-0.022213530859776908
-0.027892153710126877
-0.034344108775258064
-0.04121581677879606
-0.04809897020459175
-0.05455308660332646
-0.06013061771435397
-0.06440330908766814
-0.06698772124946117
-0.06756926567426749
-0.06592224458498615
-0.061925340576895645
-0.055571433688913076
-0.04697160795331001
-0.03635249912206616
-0.024047427544636384
-0.010481245616184813
0.003850219821158266
0.018405183551034758
0.0326233154961041
0.04595409360315118
0.057884562228407176
0.0679652573806899
0.07583249147449221
0.08122657505529267
0.08400411611156804
0.08414395472833089
0.08174667055053371
0.07702725274222237
0.07030154046203409
0.06196746788918972
0.05248216073960066
0.04233623468982322
0.03202643724424498
0.0220290383190981
0.012774816714227201
0.0046263993884037655
-0.002139886092793726
-0.00734700568552528
-0.010923908457958273
-0.012905901031834739
-0.0134286659969283
-0.012716145454240697
-0.011063686372446162
-0.008817594864272646
-0.00635208803162511
-0.004045040970335583
-0.002254349212827429
-0.001295891785827867
-0.001423764662052108
-0.0028139647578687564
-0.005552777904085816
-0.009631142419363773
-0.014945224160328507
-0.021302967199257443
-0.028435512578913143
-0.036012893941785605
-0.04366285580077341
-0.05099161009171179
-0.057605642559272904
-0.06313348188996315
-0.06724627794963974
-0.06967535561748914
-0.07022659267698016
-0.06878965880189623
-0.06534190768642086
-0.059947606442230086
-0.052752824766295295
-0.043976426523711
-0.033897519510771544
-0.02284042231206383
-0.011157840257510543
7.87155935540796E-4
0.01263891376688012
0.024064982842121805
0.034769367692726
0.04450275842100382
0.053069332614541054
0.06033024551080806
0.06620349548757076
0.07066012998776776
0.07371756567486695
0.0754307143922363
0.07588208413549832
0.07517185780618872
0.07340890781155654
0.0707023423165083
0.06715422496199608
0.06285388022661209
0.057874630737517564
0.05227333812841347
0.046091859095862935
0.039361740462481976
0.0321099366992712
0.024365634391350404
0.016167328293834413
0.007569050516134927
-0.0013541402212078005
-0.01050225751740592
-0.01974863638835294
-0.028940158363963877
-0.037899877476905076
-0.04643156233110598
-0.05432614724018744
-0.06136987251894815
-0.06735381723514625
-0.07208364350455147
-0.07538967819086143
-0.07713581861129828
-0.07722706800060612
-0.07561547442206315
-0.0723036171070167
-0.0673460132841553
-0.060847485571035316
-0.0529601267938103
-0.04387811212135213
-0.03383024502545595
-0.023071225532995805
-0.01187279078710292
-5.141154033481149E-4
0.010727279486932926
0.021584046073257923
0.031806371573890956
0.04116762948355505
0.04946881213358471
0.05654210118310792
0.06225326604076794
0.06650296465626784
0.06922677638275283
0.0703944196658475
0.07000829252813544
0.06810149736702442
0.0647359402584178
0.06000113487243652
0.05401340978486197
0.046914506038384776
0.03886963054537773
0.030064946107034172
0.020704851219696657
0.011008651661021369
0.0012063408752770288
-0.008466354837375028
-0.017773555924317667
-0.026485366547214135
-0.03438450036836522
-0.04127360215144498
-0.04698252265474626
-0.05137494924877371
-0.05435393564403057
-0.055866297733570845
-0.05590551931943212
-0.05451300301189933
-0.051777053092207224
-0.04782982609633889
-0.04284201708755323
-0.03701579264764275
-0.03057647922209331
-0.023763198671596392
-0.01681924005970359
-0.009982052691546934
-0.003473836255060244
0.0025070257834158833
0.007793222254674349
0.01225376854251538
0.015797082467802932
0.018372369863625084
0.019969305622258356
0.020616075489670038
0.020375476817467382
0.019339443716619695
0.017622648472232477
0.015355815146384495
0.01267914054915309
0.009736219919951898
0.00666844701793577
0.00361015516266759
6.841999274911357E-4
-0.002001495695107483
-0.004356375296733209
-0.006308454238543553
-0.00780464110097715
-0.008810338963355337
-0.009308610577136278
-0.009299100476450153
-0.008796722861006856
-0.007830414854522263
-0.0064417484349438125
-0.00468354720422732
-0.0026183748933752728
-3.170586283626358E-4
0.0021429915130803646
0.004679527366533876
0.007207432628742286
0.009641015769115519
0.011896441757146803
0.01389417501299509
0.015561601679239954
0.016835587764424936
0.017665077799132893
0.018013513380927697
0.01786064975229757
0.017203736917248795
0.016058034862258604
0.014456507417240314
0.012448722596413322
0.01009876570398254
0.007482393594857838
0.004683658962936273
0.0017910297402912478
-0.0011066664883401256
-0.003924292004999839
-0.006584304850548507
-0.009020277764648199
-0.011179692378001553
-0.01302552821912936
-0.014536705200693436
-0.015707284777558277
-0.016545027827045748
-0.01706938705007945
-0.017308874587927545
-0.017297432159206698
-0.017070165436182703
-0.016658963968179057
-0.016088727662073716
-0.0153741660594408
-0.014517895012561764
-0.013509947340935469
-0.012328590000314372
-0.010942516050168447
-0.00931403147322791
-0.007403125853410789
-0.005172422604768404
-0.0025927541012476596
3.5095497046963277E-4
0.0036540252705370767
0.007287516990410431
0.011195121865187372
0.015291957251195396
0.01946534795154418
0.02357745503208467
0.02746970672160387
0.030968990975192616
0.033895756650183885
0.03607333983693804
0.037338247522711754
0.03755057589816196
0.036604129310165136
0.03443525079637766
0.031029957147049054
0.026428588266883577
0.02072771798287119
0.014079237789181727
0.006686400538975638
-0.0012030907798491963
-0.009306924417614939
-0.017319598833897283
-0.02492581687069365
-0.03181532344647816
-0.03769805109394448
-0.042318670212158134
-0.04546978524220841
-0.04700283652969769
-0.04683628186051335
-0.044960482977330685
-0.04143895022571087
-0.036405687619532855
-0.030058988503047397
-0.022651967592537403
-0.014480290235951543
-0.005867519532330334
0.002850846628591951
0.011343593343294092
0.019299694004335573
0.02644299323271428
0.03254494736237185
0.03743452552173819
0.04100484573947532
0.04321599858147757
0.04409345891326666
0.0437228868582419
0.04224132759762662
0.039826197017516406
0.03668212677751269
0.033026618749967644
0.029075324003185545
0.025027917831071785
0.021055713761597872
0.017291743574397906
0.013823900637882096
0.010691625298932195
0.007886362095762576
0.005355745969739345
0.003011210846515108
7.385651946866088E-4
-0.0015894418133289689
-0.004099366554458227
-0.00690299177741898
-0.010084125279848066
-0.0136873300652951
-0.017709337574030672
-0.02209406046729003
-0.026731092682374374
-0.0314584273312773
-0.03606972164873566
-0.0403252351762993
-0.04396600422582456
-0.046730127717767446
-0.048369968975228925
-0.04866962879896164
-0.047461546159216335
-0.04464099210287843
-0.04017752887947219
-0.034122446818011146
-0.02661147833402668
-0.017862846476158926
-0.0081698880863509
0.0021110788054232083
0.012577042216435077
0.022797481955162117
0.0323355993522065
0.04077047894575766
0.04771877279771226
0.0528551350746836
0.05592998582869768
0.056783584744802544
0.055355349954749854
0.05168791261634657
0.04592584738773959
0.03830908864204373
0.029161802493035793
0.018876082796071256
0.007892337910431837
-0.003322665188794157
-0.014298135581027185
-0.02458161335172398
-0.03376011071460588
-0.04147904299731765
-0.0474579298336591
-0.05150201743734734
-0.053509380003171306
-0.0534730175776141
-0.05147774424403906
-0.04769254648791892
-0.04235858762902873
-0.03577398508787155
-0.028276716492005756
-0.02022588292935065
-0.011982652924156614
-0.003891910733987713
0.0037343922470297114
0.010631289266582047
0.01659153215587139
0.021472431054072722
0.025198393035680056
0.027759499980935028
0.02920653358367937
0.02964258267145072
0.02921158228335636
0.028085197854254926
0.02644905900316579
0.024488879168140038
0.022377423210335628
0.020263331210506812
0.018262062487857684
0.0164496360479721
0.014859661193830627
0.013484272374106307
0.012278467616332429
0.011167207134089299
0.010054908227175474
0.008836198199008192
0.0074073111339073095
0.005677602902453925
0.0035801004186006525
0.0010802227230409956
-0.0018179150356445466
-0.005068368893781943
-0.008583545551768372
-0.012237735658085771
-0.015874026409749473
-0.01931380487180182
-0.022368352128458873
-0.02485178697056004
-0.026594219396689107
-0.027454585435667207
-0.02733199138726507
-0.0261748716501253
-0.02398721022265298
-0.02083116470436965
-0.016825664189777205
-0.012141326475622398
-0.006991943544042962
-0.0016228708430259889
0.0037027269551929624
0.008719238652182477
0.013174252451530524
0.016843750540699278
0.01954589318484068
0.021152708612914597
0.021598438067095622
0.02088401366823486
0.019077381451747248
0.016310055274516344
0.012769680004566908
0.00868880033626088
0.004330803108002458
-2.5720070701038443E-5
-0.00410345071993236
-0.007642685036574092
-0.010416808870754071
-0.012245432340673037
-0.013004874744053398
-0.012635344173759222
-0.011144458349528057
-0.008606877344261323
-0.00515977933537215
-9.94756549646678E-4
0.0036534365832007363
0.008520831985931312
0.013329656229221396
0.017804071440228393
0.02168557114366974
0.02474726317450404
0.026806182826736143
0.027732883912644217
0.027457912851657187
0.02597502978252513
0.023340619169175625
0.019669696622128998
0.015128669162679995
0.009925279300659895
0.0042967463045247975
-0.0015034383894609554
-0.0072191981432427246
-0.012605717272630759
-0.01744226905118142
-0.02154296590015292
-0.02476512873545289
-0.027014763693192174
-0.02824932543028678
-0.02847753924184612
-0.02775652034740363
-0.02618588467261621
-0.023899886291474104
-0.021057991843138422
-0.0178344452620617
-0.01440723576316876
-0.010947392721261297
-0.007609368551389447
-0.004523056592526181
-0.0017879246027275389
5.310566651002901E-4
0.0024049273509133074
0.003839537692588887
0.0048719258213947925
0.0055648001143708825
0.005999302092407431
0.006266714705686483
0.006459753345032887
0.00666407509041684
0.0069505587286715
0.00736891054215708
0.007942839625424572
0.008667180447706155
0.009507104820970978
0.010399667679199151
0.011257571035197802
0.011974892146619303
0.01243450605709638
0.012516749357538564
0.012108304637617298
0.011111217550933361
0.009451363435281175
0.007085668139292726
0.0040075599348970824
2.5049823670997187E-4
-0.004110917914658785
-0.008962253141882164
-0.014152976651010769
-0.01950234640389681
-0.02480711754677551
-0.029850798392934457
-0.03441393920885665
-0.0382848982033985
-0.041270671013210504
-0.043206969276070595
-0.04396678467414209
-0.043467301077076366
-0.04167444924158709
-0.03860540475164141
-0.03432850819081068
-0.028960831596383026
-0.022663351480982134
-0.015633944122652923
-0.00809885165654123
-3.0284324904122066E-4
0.007501454890838691
0.015064256598374673
0.022148879577538798
0.02854112728631922
0.034057353623211384
0.038550770309354575
0.041916328349283764
0.04409308585205248
0.04506467455731971
0.04485781756894929
0.043538907542824745
0.041209030763379166
0.03799800348601171
0.03405753376760653
0.029554020014724562
0.024661321326025894
0.01955390495381185
0.01440023720663573
0.009357328227322017
0.004566144863409656
1.4817946742238882E-4
-0.0037969351064280734
-0.00719246411296938
-0.009984937563006367
-0.012143586496157306
-0.01365908341748374
-0.014541679261518376
-0.014818619870181595
-0.01453162104423557
-0.013734295265749097
-0.012489828913073455
-0.010868881696036883
-0.008947529896561588
-0.006805585713924042
-0.00452488725672343
-0.0021875392080151603
1.2559416661263556E-4
0.0023367175599560146
0.004372769251598843
0.006167136282393975
0.007661329598964325
0.008806332247331738
0.00956374716146716
0.009906910127028823
0.0098218109591731
0.009307707260761942
0.00837751744048936
0.007057898894085416
0.005388865563353258
0.0034227516568664995
0.0012225134705658998
-0.0011405916468772512
-0.0035898630490659605
-0.006046302915949907
-0.008431580915514911
-0.010670759715139866
-0.012694983576823558
-0.014443932533530253
-0.015867963566311767
-0.01692954191405858
-0.01760411255859903
-0.017880326669131006
-0.017759668441223248
-0.017255394586494992
-0.016391239993806397
-0.01519982742943934
-0.013720636621915869
-0.011997709849051066
-0.010077116046366947
-0.008004735589825682
-0.0058244153458092895
-0.0035764968238904014
-0.0012968282473074001
9.838382684392865E-4
0.0032399734648476753
0.005451044234048044
0.007600985982987497
0.00967730744741857
0.011670105358851808
0.013571007143972176
0.015371970632778746
0.01706410831372653
0.01863672231723155
0.020076659973710775
0.021367996664983884
0.022491894329765012
0.02342661822746907
0.02414786083889859
0.024629379822207347
0.02484392747282982
0.024764200605984246
0.024364087264984846
0.023619833402335644
0.02251104292060648
0.021021916531026363
0.019142457217510258
0.01686960013051118
0.01420843887275883
0.011173508961551957
0.007789706179339971
0.004092953001548137
1.3066981357821647E-4
-0.004038017559131342
-0.008342277724295855
-0.012700010589989168
-0.0170188858839018
-0.02119792186255966
-0.025129608743424927
-0.028702830696212395
-0.03180620513324227
-0.03433190618774721
-0.03617969501231398
-0.03726118829633508
-0.03750413842499256
-0.036856479942798615
-0.035290026771170754
-0.03280366052474294
-0.029425483596112047
-0.0252139504466738
-0.020257525678191866
-0.0146729843025761
-0.008602442253114921
-0.0022089488920755684
0.004328914036575172
0.010823196997599942
0.01708334424932088
0.02292323305404612
0.028168334293046167
0.0326628214014428
0.03627576758818967
0.03890627835478101
0.04048710223287344
0.04098654644829886
0.04040869937411377
0.03879215608217886
0.03620747663080692
0.03275310021958181
0.02855011075735092
0.023736333807132075
0.018459570993270193
0.012871127775205033
0.007119625923223794
0.001345346777400534
-0.00432416979622628
-0.009777402338970984
-0.014920861460268497
-0.019679809720920666
-0.023997688333370855
-0.027834385433899506
-0.03116362535261682
-0.033969899373395104
-0.03624506826911654
-0.037985026836395264
-0.03918658596064363
-0.03984493802168539
-0.03995203612638371
-0.03949628903397492
-0.03846322026635919
-0.036837147415748665
-0.03460394072213343
-0.031754432911319394
-0.028288167701768025
-0.0242175091324108
-0.019571488656635796
-0.014399319155407804
-0.008772947625922305
-0.0027884753570625825
0.0034340029898365693
0.009752188210508652
0.01600478682667017
0.02201628578560693
0.02760305435263685
0.032580851311130185
0.036772974500698705
0.04001874875809465
0.04218187036791018
0.043158217067165036
0.042882188223302364
0.041331803293100426
0.0385323241353035
0.0345576038318021
0.02952919507931386
0.02361278808010476
0.017012357977884158
0.009962233348882623
0.0027175682064677987
-0.004456458580014961
-0.011296123532312257
-0.017550756689161062
-0.022993941458740404
-0.027433650701173713
-0.030720909724810293
-0.03275641639317785
-0.033494725823402405
-0.032945682028574605
-0.031172929531229392
-0.028289843084556714
-0.024453199402030026
-0.01985466686476554
-0.014710730174556375
-0.009251409443095326
-0.0037088989463102615
0.0016938536802107202
0.006753741081670991
0.011296411577079977
0.015183232225743788
0.0183161213727934
0.020639996776091202
0.022142835094460418
0.022853221611252854
0.022835595466728722
0.02218364119263632
0.02101231725620372
0.019449273723044565
0.017625854882810797
0.015668477098058377
0.013690991826089365
0.011788469506427646
0.010032641102692913
0.008469376147591643
0.00711805817471551
0.005972917624084013
0.005006160088149565
0.004172587484520461
0.0034153253488641766
0.0026723549152458353
0.0018831076574445302
9.947114844440616E-4
-3.25191117878738E-5
-0.0012207281750826436
-0.0025716334847467287
-0.00406528971091445
-0.005660624758872602
-0.007297656465587872
-0.008901389348985893
-0.01038698569339301
-0.011665835643985442
-0.012652106150718672
-0.013269329044435705
-0.013456524782148855
-0.013173386886981981
-0.012404160075155752
-0.011160116975328751
-0.009480376827663608
-0.007431032468697855
-0.005102446718540575
-0.0026048432919196784
-6.239030465491969E-5
0.0023937110007474466
0.004632675521341818
0.0065317121833296755
0.007983307088060039
0.008901705865615181
0.009228161170280405
0.008934822133077043
0.008026824798434973
0.006542390046109047
0.0045510285001780304
0.002149913127401045
-5.412906944651964E-4
-0.0033870028065783645
-0.006243227182754448
-0.00896566447668842
-0.01141792326234281
-0.013479280984029174
-0.015051422474373664
-0.016063729966325418
-0.01647688528256757
-0.016284756695053408
-0.015514346305280924
-0.014223871286958456
-0.012499076946239387
-0.01044797315262258
-0.008194399931068932
-0.005870569730177522
-0.0036093081414167376
-0.0015362830766077553
2.3714641481222183E-4
0.0016201128060596864
0.002547091521721865
0.0029811048214989045
0.0029152646311558783
0.0023725389536204083
0.0014038243929722482
8.446122995207724E-5
-0.0014905439498501694
-0.0032124948255451663
-0.004965632987607803
-0.006634081015363336
-0.00810857689274209
-0.009292572171294264
-0.010107391846499272
-0.010496377878423249
-0.010427575126024229
-0.009894991227026497
-0.008918160605909569
-0.007540385654595282
-0.005825763934158853
-0.003855075071831899
-0.00172078435675108
4.784506620905757E-4
0.0026434859028086066
0.00468023493885994
0.006504699837283364
0.00804736402018794
0.009256576720092977
0.010100686024608356
0.010568827357409256
0.0106705503671297
0.010434291924216918
0.009904881540153707
0.009140172973275185
0.008207134969000305
0.007177409715950489
0.006122817202205104
0.005110900865734688
0.004200877156108618
0.0034404142061248426
0.0028632401954382662
0.0024877154085386015
0.0023165249648237868
0.0023374315683862995
0.002524997465245958
0.002843054019779499
0.0032478144608571063
0.0036914580019323955
0.004125958857392626
0.004506885223755879
0.004796847035842282
0.0049682871571608955
0.005005372771328049
0.004905028218802597
0.0046769809643072745
0.004342907723704619
0.003934688658253955
0.003491856648387121
0.0030583925960984614
0.0026790896330827047
0.002395791999463524
0.0022437987583024165
0.0022486753296107054
0.0024237181725246565
0.002768198884690979
0.0032665367221592794
0.003888614708557725
0.004591235109338803
0.005320615550902273
0.006015794983665858
0.006612482231243381
0.007047291978129319
0.007262077116008315
0.007208030504573669
0.006849400948600045
0.006166518649219402
0.005157965069104519
0.003841701371129602
0.0022549523606098126
4.5286430914919575E-4
-0.0014940327756838606
-0.0035033171048520933
-0.005484872248156795
-0.0073455675737932324
-0.00899416211593364
-0.01034631603397429
-0.011329361437154668
-0.011886416136154107
-0.01197969022073916
-0.011592662427574396
-0.010731096612289548
-0.009422923305204936
-0.007717039835240159
-0.005681028722652367
-0.0033978732701923165
-9.618028748913536E-4
0.0015264734268254996
0.003964777021402759
0.006254424191346126
0.008304879435205035
0.010037936203713928
0.011391168227419257
0.01232065147321139
0.012802757888234087
0.012834854490522827
0.012434885770614659
0.01163987213346575
0.010503609731261219
0.00909343411746834
0.007486481718452913
0.005765546346083283
0.004014807337495897
0.002315498522615859
7.41857806653051E-4
-6.425114302796176E-4
-0.0017875117357886796
-0.0026586458718936357
-0.0032382903321247014
-0.0035260521773515002
-0.0035382684020857725
-0.0033066282381436656
-0.0028759625773610814
-0.0023013854848353992
-0.0016449253640270659
-9.718555686829081E-4
-3.4692894301510316E-4
1.6928262162504553E-4
5.237588442728984E-4
6.739366009631856E-4
5.900277381962427E-4
2.566357179603068E-4
-3.265080699098436E-4
-0.001144683254616602
-0.0021691706829837392
-0.0033590882833647944
-0.004663849881451044
-0.006026025329317365
-0.00738458290496575
-0.008678263552220804
-0.009848869838086622
-0.010844430320763163
-0.011621908750385046
-0.012149395753762551
-0.0124075837167246
-0.012390350889680641
-0.012104423550356711
-0.011568303452804685
-0.010810580437204667
-0.009867667386840497
-0.008781168742903642
-0.007594952625887734
-0.006352158895294581
-0.0050924383270155105
-0.0038495456600295646
-0.00264940203799467
-0.0015088815000906058
-4.353298718342558E-4
5.731052265868389E-4
0.0015264139510691166
0.0024409062046158525
0.0033367572302397874
0.0042352330471788135
0.005155724323620754
0.006112789286167494
0.007113523814561111
0.008155473474679249
0.009225261896582586
0.010297943372279406
0.011337301028626305
0.012297044874035887
0.013122977555862494
0.013755977053993515
0.014135603826226932
0.014204099175653287
0.013910582954330104
0.013215270891253437
0.012093255529180169
0.010537510604730673
0.008561088370957546
0.006198186177893409
0.0035040935202102575
5.539420775936117E-4
-0.0025597925248023656
-0.005730783949340028
-0.008843314501323871
-0.01177753840706178
-0.01441517605313233
-0.016645349761737243
-0.0183701636934919
-0.01950972294434905
-0.020006359488304173
-0.019827677668737515
-0.018968404603323767
-0.017450948911053792
-0.015324622625485063
-0.012663529620372824
-0.009563358500599861
-0.006136890617199242
-0.0025087554323753075
0.0011902761221530714
0.004829136937457536
0.008282196708023548
0.011434635347021478
0
0
0
0
0
0
0
0
0
-2.6580880245161364E-44
4.755788035033377E-42
4.68716820085846E-42
-6.729810844387774E-39
8.560084454812993E-38
8.260157544569817E-37
-2.6342191371645576E-35
4.560715935643858E-34
-5.583310482387107E-33
3.795328418530908E-32
-8.502864041247102E-32
-8.234660141531933E-31
1.011085825907452E-29
-6.408165090123926E-29
3.0753601868625244E-28
-1.2291772802943401E-27
3.831404051373947E-27
-5.6327104979298876E-27
-3.0701955843099404E-26
3.0772705577154215E-25
-1.4945684681422087E-24
4.799221281337077E-24
-9.926010187049147E-24
9.212948240694105E-24
9.034547353141384E-24
6.2108263003089004E-24
-3.5416429213157697E-22
1.6894777467579872E-21
-4.399612420209382E-21
7.302769553639848E-21
-9.063621803935096E-21
1.5589517777565848E-20
-3.781968547434795E-20
4.4651140386640794E-20
9.26016864606582E-20
-5.15130774018039E-19
1.4362070169116122E-18
-4.6806820578381225E-18
1.5757293602249486E-17
-3.455841441375152E-17
1.948650341249601E-17
1.3407082355281894E-16
-4.552248275977184E-16
5.51319938301684E-16
4.198410882226788E-16
-2.5397371833606305E-15
3.293913734731366E-15
1.1862214585317848E-15
-9.416831153154601E-15
1.0206518209639445E-14
5.502752382789371E-15
-2.365398564579881E-14
1.508558176200882E-14
1.638018594913659E-14
-2.2524465278341302E-14
-1.1151135149298792E-15
-2.8332986669867564E-14
8.777901515398801E-14
7.714623572663044E-14
-4.2737811716247316E-13
1.4494758027738903E-13
1.005597448488219E-12
-9.38347210677998E-13
-1.6233381678038665E-12
2.2079976424582423E-12
2.4599629025277973E-12
-3.2137144317477398E-12
-4.916584799638663E-12
2.224029820239156E-12
1.198749269573846E-11
5.733505519789073E-12
-2.776752984582362E-11
-3.533442660608643E-11
5.3954884017635284E-11
1.2203806560684254E-10
-7.445665285561143E-11
-3.3250008150444155E-10
9.657170110246765E-12
7.515444564419604E-10
3.750591816287231E-10
-1.3829612624353949E-9
-1.5738446550780244E-9
1.8459645374779843E-9
4.261336439964625E-9
-8.282723659496988E-10
-8.615315051641037E-9
-4.361183806884245E-9
1.2539576696446453E-8
1.687934698263449E-8
-9.135526737868991E-9
-3.587619173961443E-8
-1.3175648839319768E-8
4.833950910387852E-8
6.130073532117919E-8
-2.484641392630493E-8
-1.1589548887247503E-7
-6.28646816928924E-8
1.1493616686175656E-7
1.926239079352854E-7
1.5762537580732454E-8
-2.4281301191919624E-7
-2.430142922449363E-7
7.54156057047872E-8
3.497593716872416E-7
2.26001710901258E-7
-1.5908839301470579E-7
-3.2939466213010096E-7
-1.1306370087740825E-7
9.911374629356651E-8
-6.951066106042349E-8
-2.798294470029995E-7
2.477675433709691E-7
1.5088326588141854E-6
2.068976209912421E-6
3.5075109572346745E-7
-3.059157471341223E-6
-4.902131152562106E-6
-2.0631825293493385E-6
4.491121345040485E-6
8.928347856596026E-6
5.023945705062714E-6
-6.717791706023478E-6
-1.5103240428970808E-5
-1.9344635546758417E-6
4.7703288544198606E-5
1.354952001975107E-4
2.485423160578648E-4
3.6944752355339006E-4
4.918053482469986E-4
6.300412387645338E-4
8.166873594745994E-4
0.0010898432228714228
0.0014785685889364686
0.001991525132325478
0.0026110237813554704
0.0032943742044153623
0.0039826514112064615
0.004613049459294416
0.005128132397658192
0.005476018675835803
0.005600875141681172
0.005430477031040937
0.004869929020060226
0.003806008091487456
0.002120459605066571
-2.9443422408803653E-4
-0.0035261602606624374
-0.007640948198968545
-0.012686371424933895
-0.01869021588936448
-0.025650290539488196
-0.03351491515059024
-0.04215781227685511
-0.05135677463840693
-0.060784740024246275
-0.07001104671508074
-0.07850385014899075
-0.08563041314482689
-0.09066138858906925
-0.0927899219095707
-0.09116628323681653
-0.08493590936996043
-0.0732783880084753
-0.05545397300738841
-0.0308625161414966
8.916856568248505E-4
0.0399405142525211
0.08609963394701481
0.1388228959403932
0.1971675050444901
0.2597620813176036
0.3247873540967703
0.38998960703611374
0.4527314864099026
0.510062251240015
0.5588026121258736
0.5956499055027962
0.6173163522034883
0.6206876914948225
0.6029907763004303
0.5619674362242222
0.49604320898652077
0.40447657741606236
0.2874634014442563
0.14622085308656096
-0.016959001193754375
-0.198706794064492
-0.39462853502482176
-0.5994134023785591
-0.8069843202829361
-1.0106988921761513
-1.2035772427916527
-1.3785560466349125
-1.5287661477923393
-1.647803857922554
-1.730002798140049
-1.7706675939261913
-1.7662795260548592
-1.714641883969307
-1.6149815432727337
-1.4679958708584309
-1.2758397944271564
-1.0420551151037216
-0.7714377529919147
-0.46990333311259747
-0.14429427403956654
0.1978174247778952
0.5483310390263796
0.898838434368372
1.2408161833882332
1.5658040642738342
1.8655732162296772
2.1322776302695274
2.3585991635918617
2.5378860384225845
2.664247453212738
2.732704222202301
2.7393628880381584
2.6815307289361954
2.5578598976135254
2.368513122200966
2.1153036430478096
1.8018143326044083
1.4335104003548622
1.017770204693079
0.5638469643890858
0.08275200915522879
-0.41293485555797815
-0.9093763176351786
-1.391862515360117
-1.84525965154171
-2.2545731738209724
-2.605579622089863
-2.8854272216558456
-3.0832119956612587
-3.1905640363693237
-3.2021417543292046
-3.115978442132473
-2.9336940720677376
-2.6605062931776047
-2.3051280826330185
-1.8795527629554272
-1.3985766768455505
-0.8791259918361902
-0.33952218946069485
0.20123056136071676
0.7242511715739965
1.2116156592965126
1.6471602469682693
2.0171445831656456
2.3107226863503456
2.5203570127487183
2.642107807099819
2.675537943840027
2.6235417053103447
2.4922073408961296
2.2903374060988426
2.028792954981327
1.719976332038641
1.377250175923109
1.0142522901296616
0.6443336997181177
0.2800702918320894
-0.06723626446910198
-0.3878655666485429
-0.6738613955676556
-0.9192036166787148
-1.1198251992464066
-1.273516833782196
-1.3798083625733852
-1.4397490173578262
-1.45567462220788
-1.431043330579996
-1.3701845705509186
-1.2779773958027363
-1.1596869379281998
-1.0208286456763744
-0.8669641893357038
-0.703555516898632
-0.5358692221343517
-0.3688612887635827
-0.20712076732888818
-0.054841799661517164
0.08428855799138546
0.20718925120308995
0.3113844795152545
0.39501247461885214
0.45689302776008844
0.49655447993427515
0.5142169389873743
0.5107874050736427
0.48782822862267494
0.4474848434329033
0.3924142988398671
0.3256816230714321
0.2506267139688134
0.17075406853109598
0.08960823900997639
0.01062508090399207
-0.06299744523130357
-0.12841910682618618
-0.18325316347181797
-0.22563699539750814
-0.2542893886566162
-0.2685324363410473
-0.26828299183398485
-0.2540394803509116
-0.22684419015422463
-0.18822055030614138
-0.14009168231859803
-0.08467534044757485
-0.024384475895203653
0.03824041620828211
0.10061933356337249
0.160247718449682
0.21478205593302846
0.26210430823266506
0.30039337277412415
0.3281861497089267
0.34442251455038786
0.3484846046194434
0.3402197388932109
0.31992294918745756
0.28831556532531977
0.24653019243851304
0.19608035264536738
0.13880116026848555
0.07677435828372836
0.012249967490788553
-0.05243726680055261
-0.114955521421507
-0.1730701234191656
-0.22473240410909057
-0.2681523161008954
-0.3018636228516698
-0.3247904060408473
-0.33629061188548803
-0.3361707692965865
-0.32467663288116455
-0.30246404092758894
-0.27056837268173695
-0.23036558600142598
-0.18349862843751907
-0.1317851203493774
-0.07713790773414075
-0.021491111780051142
0.03327322471886873
0.08539085905067623
0.13328675972297788
0.17563269194215536
0.21136322431266308
0.23967567784711719
0.2600411484017968
0.2722073383629322
0.27617265563458204
0.2721528969705105
0.2605551751330495
0.24194954289123416
0.21703257504850626
0.18660526536405087
0.1515518045052886
0.11281570512801409
0.07138314587064087
0.028270294133108113
-0.015494752442464229
-0.0588802897837013
-0.1008492421824485
-0.14037381205707788
-0.1764629608951509
-0.20817953813821077
-0.23465713998302817
-0.25512785743921995
-0.2689554085955024
-0.2756663169711828
-0.27497976645827293
-0.2668349798768759
-0.25141193624585867
-0.22914269799366593
-0.20071214530617
-0.1670439261943102
-0.12927815224975348
-0.08873632876202464
-0.0468742698431015
-0.005220964390900927
0.034688418614678085
0.07137742778286338
0.10349577944725752
0.12988763535395265
0.1496469252742827
0.16216427274048328
0.16716166865080595
0.16470266785472631
0.1551847318187356
0.139324267860502
0.11813012766651809
0.09284943179227412
0.06490136170759797
0.03580800548661501
0.007125438045477511
-0.019630337425041926
-0.043053898261860006
-0.06192115996964276
-0.07524297316558659
-0.0822965067345649
-0.08265060628764331
-0.07618281058967113
-0.06306970119476318
-0.043769061798229814
-0.018999285879544914
0.010307554766768595
0.043065057252533734
0.07807343313470483
0.11406571906991303
0.14977764710783958
0.18400119012221694
0.21560784056782722
0.24358250387012959
0.2670568423345685
0.2853264603763819
0.29786120634526014
0.30430405493825674
0.30446264054626226
0.29830717761069536
0.28596642799675465
0.26770881190896034
0.24391776556149125
0.2150813047774136
0.1817781524732709
0.14465743908658624
0.10442655370570719
0.061844760086387396
0.017711046501062814
-0.02714962605386972
-0.07189930300228298
-0.11570426379330456
-0.1577528747729957
-0.19726360263302922
-0.23349027475342155
-0.2657439270988107
-0.2934145638719201
-0.3159748837351799
-0.3329927120357752
-0.3441586047410965
-0.3492932813242078
-0.3483441937714815
-0.341389536857605
-0.3286387789994478
-0.31042700354009867
-0.28721525054425
-0.2595813721418381
-0.22819403558969498
-0.19379997299984097
-0.15722259739413857
-0.11932611418887973
-0.08098156051710248
-0.043049129657447345
-0.006354973651468771
0.028326333558652543
0.06029243383090943
0.08894100412726402
0.11379805183969438
0.13452454842627048
0.15092018200084567
0.162934934720397
0.17067398503422737
0.17437836155295372
0.1744098518975079
0.1712393476627767
0.1654270337894559
0.15759438695386052
0.14839386334642768
0.13847930124029517
0.12847210513427854
0.1189291113987565
0.11031442577950656
0.10297506698407233
0.09711900120601058
0.09280354087240994
0.08993153925985099
0.08825508528389038
0.08738119597546758
0.08678005752153696
0.0858114711008966
0.08376688603311777
0.07990233460441233
0.07348079839721322
0.06381521630100907
0.05029882828239353
0.03244705556426199
0.00994528582668864
-0.01732600992545485
-0.04927740024868399
-0.08557486487552524
-0.12560713896527886
-0.16850572871044278
-0.21317483577877283
-0.2582862116396427
-0.30229770950973034
-0.343509990721941
-0.38012155517935753
-0.4102901853621006
-0.43220539670437574
-0.44416770059615374
-0.4446620596572757
-0.43242643121629953
-0.4065523352473974
-0.36656827479600906
-0.3124716663733125
-0.24479113053530455
-0.16464417055249214
-0.07370643597096205
0.025815738481469452
0.13119249418377876
0.23924980824813247
0.34647780284285545
0.4491515513509512
0.5434872359037399
0.6257731970399618
0.692504957318306
0.7405743412673473
0.7674491815268993
0.7713004630059004
0.7511054463684559
0.7067197356373072
0.6389178242534399
0.549400644376874
0.44076638016849756
0.3164355717599392
0.18051678128540516
0.03764130000490699
-0.1072041962761432
-0.24887925339862704
-0.382326596416533
-0.5027728024870157
-0.6059008054435253
-0.6880508847534657
-0.7463978324085474
-0.7790276519954205
-0.7849936932325363
-0.7643733583390713
-0.7182513065636158
-0.6486269682645798
-0.5583248995244503
-0.45087642036378384
-0.33034736569970846
-0.20114718843251467
-0.06785232829861344
0.06497198971919715
0.1929430803284049
0.31201501935720444
0.41861007176339626
0.5097210966050625
0.5829986594617367
0.636786263436079
0.67012108117342
0.6827334482222795
0.6750114820897579
0.6479277238249779
0.6029542461037636
0.5419814921915531
0.4672325002029538
0.3811735399067402
0.2864296901971102
0.18570332508534193
0.08170177810825409
-0.02292584610404446
-0.12564216298051178
-0.22406162088736892
-0.3159790085628629
-0.39939081110060215
-0.4725197982043028
-0.5338325910270214
-0.5820568613708019
-0.6161956265568733
-0.6355376597493887
-0.6396721247583628
-0.628505690023303
-0.60227020829916
-0.5615260638296604
-0.507168211042881
-0.4404324209317565
-0.36288364604115486
-0.2763740150257945
-0.1830146866850555
-0.08514409139752388
0.014728217152878635
0.11398310423828661
0.20996378548443317
0.30005435459315777
0.3817553473636508
0.45276114623993635
0.5110533721745014
0.5549751073122025
0.5832827184349298
0.5951934680342674
0.5904280375689268
0.5692228022962809
0.5323219615966082
0.48096080031245947
0.4168320884928107
0.34204009361565113
0.2590152518823743
0.17042255261912942
0.07908900128677487
-0.012099011306418097
-0.10031468304805458
-0.1828732560388744
-0.2573151756078005
-0.3215090399608016
-0.3737127259373665
-0.4126093704253435
-0.43735133949667215
-0.44758723117411137
-0.443457112647593
-0.42557079065591097
-0.39496557880192995
-0.35305320005863905
-0.30155892483890057
-0.24244307866320014
-0.17782317707315087
-0.10990827949717641
-0.040920125902630396
0.026993244420737025
0.09181592334061861
0.15171159990131855
0.20508198300376534
0.25061105750501156
0.2872685194015503
0.31430705543607473
0.33127852343022823
0.33802978228777647
0.3346745753660798
0.3215672504156828
0.2992802755907178
0.26858188584446907
0.23042159993201494
0.18590665236115456
0.13627371564507484
0.08286249195225537
0.027103983506094664
-0.029493141919374466
-0.08536735060624778
-0.13893545232713223
-0.18861981388181448
-0.23288157116621733
-0.2702620839700103
-0.29942914191633463
-0.31922757253050804
-0.32873191218823195
-0.3272970709949732
-0.31460926681756973
-0.29072980489581823
-0.2561236536130309
-0.21167386276647449
-0.1586795230396092
-0.09883483964949846
-0.034184808493591845
0.03293575160205364
0.09998211869969964
0.16429576789960265
0.22321381559595466
0.2741896631196141
0.31491195876151323
0.3434164831414819
0.35818743892014027
0.35823940206319094
0.34317891858518124
0.3132433397695422
0.2693078797310591
0.21285543264821172
0.14591367868706584
0.07098012184724212
-0.00907990196719765
-0.09116153698414564
-0.17206020699813962
-0.24861169001087546
-0.31782245077192783
-0.37699132040143013
-0.4238288002088666
-0.4565556403249502
-0.47396431863307953
-0.4754464691504836
-0.4610070427879691
-0.4312513889744878
-0.38734195102006197
-0.33092878945171833
-0.2640624111518264
-0.18909846106544137
-0.10859988443553448
-0.025226952391676615
0.05836319993250072
0.1396026099100709
0.21610295493155718
0.2857279945164919
0.346633224748075
0.3973067430779338
0.4366030879318714
0.46374227944761515
0.4783036122098565
0.4802188389003277
0.4697485277429223
0.44745561480522156
0.4141810405999422
0.37101010978221893
0.3192368745803833
0.26033903285861015
0.19594545708969235
0.12780761113390326
0.05776389851234853
-0.012292064522625875
-0.08044667751528323
-0.14480982860550284
-0.20355977583676577
-0.2549886107444763
-0.29755827132612467
-0.32995904330164194
-0.35115994047373533
-0.3604522719979286
-0.35749687906354666
-0.3423609770834446
-0.31553703360259533
-0.2779495567083359
-0.2309407782740891
-0.17623803857713938
-0.11590680992230773
-0.052281470969319344
0.012127382913604375
0.07473704358562827
0.13299852376803756
0.1845056307502091
0.22710757283493876
0.2590185096487403
0.2789092119783163
0.2859769184142351
0.2799922600388527
0.2613153886049986
0.23088757554069161
0.190194187220186
0.14119208417832851
0.08620912092737854
0.027833802683744583
-0.031210346380248662
-0.08820374961942434
-0.14057205198332667
-0.18601091066375375
-0.22259717667475343
-0.2488839803263545
-0.26396271493285894
-0.2674944791942835
-0.2597200060263276
-0.24143061926588416
-0.21389894746243954
-0.17879189923405647
-0.13806149270385504
-0.09382330346852541
-0.048234181362204254
-0.0033654866419965458
0.03891255729831755
0.07702232315205038
0.10975657775998116
0.13632733235135674
0.15637574438005686
0.16995890950784087
0.17751478869467974
0.1797926421277225
0.17776347510516644
0.17252686992287636
0.16520414734259248
0.1568378317169845
0.148306037299335
0.140249393414706
0.13301615929231048
0.12663949560374022
0.12083619460463524
0.1150376636069268
0.10845264210365713
0.10014680936001241
0.08912861556746066
0.07444985839538276
0.05531459825579077
0.031168623128905892
0.0017725090292515214
-0.03273021732456982
-0.07177453860640526
-0.11437962460331619
-0.15917461458593607
-0.20445279497653246
-0.2482633674517274
-0.28851133678108454
-0.3230720954015851
-0.3499298794195056
-0.36730288714170456
-0.3737536733970046
-0.36828399542719126
-0.35040893219411373
-0.3202057722955942
-0.2783337850123644
-0.22600765386596322
-0.16494648763909936
-0.09730417095124722
-0.025558778841514147
0.047620271681807935
0.11949710152111948
0.18739737616851926
0.24884334951639175
0.301672394387424
0.34412758238613605
0.37493368331342936
0.39333895221352577
0.39913003239780664
0.39261984173208475
0.37460569106042385
0.3463098397478461
0.30930369533598423
0.26541259698569775
0.21661251271143556
0.16493530478328466
0.11237163399346173
0.06078206864185631
0.01183420183951968
-0.033055403153412044
-0.07276463345624506
-0.10648019565269351
-0.13369797868654132
-0.15421320544555783
-0.16809449577704072
-0.17565103899687529
-0.1773910941556096
-0.17397398594766855
-0.16617135517299175
-0.15482379030436277
-0.14079594425857067
-0.12494630366563797
-0.10810172581113875
-0.09103012131527066
-0.07442339533008635
-0.05888973898254335
-0.044943017186597
-0.032992712105624385
-0.023343492299318317
-0.01620132330572233
-0.011670242383843293
-0.009748272801516585
-0.010334471880923962
-0.013232200755737725
-0.018146968272048983
-0.024696150503586978
-0.0324237821623683
-0.04081035847775638
-0.04928409866988659
-0.05724131525494158
-0.06407532724551857
-0.06920411135070026
-0.07209115452133119
-0.07226898311637342
-0.06937196082435548
-0.06316339666955173
-0.05354910425376147
-0.04058930603787303
-0.02451024216134101
-0.005705357179976997
0.015274126664735382
0.037733471719548106
0.060857935808598995
0.08374534943141043
0.10544615099206567
0.12501242593862116
0.14154141023755074
0.1542148580774665
0.1623487458564341
0.165435204282403
0.16316921776160598
0.15547905256971717
0.1425450830720365
0.12479273159988225
0.10288099106401205
0.07768455962650478
0.050255842274054885
0.02177587343612686
-0.006500009549199601
-0.03330483858007938
-0.0574279825668782
-0.0777780853677541
-0.09344294364564121
-0.10374445701017976
-0.10828216164372861
-0.10695860907435417
-0.09998748730868101
-0.08789046225138009
-0.07147636194713414
-0.05179877718910575
-0.030100418021902442
-0.0077472353295888795
0.013847486872691661
0.03330413345247507
0.04935686441604048
0.060927839018404484
0.06719404878094792
0.06763687636703253
0.062073313747532666
0.05067187757231295
0.03394715383183211
0.012733069539535792
-0.011862090526847167
-0.038518045330420136
-0.06577436928637326
-0.09211099962703884
-0.11603434989228845
-0.13616061164066195
-0.1512938621453941
-0.16049417480826378
-0.16312517039477825
-0.15888425055891275
-0.14781861938536167
-0.13032039906829596
-0.10709718777798116
-0.07913471362553537
-0.04764161561615765
-0.01397567402455025
0.02042579563567415
0.0541161666624248
0.08571643265895545
0.11398138268850744
0.13785021472722292
0.15649669477716088
0.1693636798299849
0.17617192352190614
0.1769138346426189
0.17184410151094198
0.16145132621750236
0.14641690999269485
0.12757169781252742
0.10584977455437183
0.08223251905292273
0.057699966127984226
0.03319202456623316
0.00956706446595491
-0.01243241885094903
-0.03219638089649379
-0.0492618337739259
-0.06332205259241164
-0.0742156223859638
-0.08190836035646498
-0.08648268901742995
-0.08811873896047473
-0.08706445340067148
-0.08361424878239632
-0.07809123885817826
-0.07082437770441175
-0.06213421490974724
-0.052325639640912414
-0.04167690477333963
-0.030436069355346262
-0.018827349063940346
-0.007052345245028847
0.004705834377091378
0.01627405238104984
0.02748504950432107
0.03817210823763162
0.04816502134781331
0.0572901425184682
0.06537188054062426
0.07223804527893662
0.07772612571716309
0.08168545202352107
0.08398890658281744
0.08454502536915243
0.08329339558258653
0.08020987664349377
0.07532281894236803
0.0687075147870928
0.06047632894478738
0.05077943194191903
0.0397987348260358
0.02774019428761676
0.014837250346317887
0.0013423555428744283
-0.012491950590629132
-0.026414829830173403
-0.04016968503128737
-0.053497308399528265
-0.06613929499872029
-0.07783650723285973
-0.08832941809669137
-0.09736034111119807
-0.10467406827956438
-0.11002255440689623
-0.11317149782553315
-0.11390821752138436
-0.11205171956680715
-0.10746709699742496
-0.10008396371267736
-0.0899129284080118
-0.07705647917464375
-0.06171771103981882
-0.044208956765942276
-0.024954513588454574
-0.004483287368202585
0.016583834891207516
0.03755251469556242
0.05768318194895983
0.07621913333423436
0.09242107183672488
0.10560815036296844
0.11519266967661679
0.12071154033765197
0.12186085782013834
0.11852057883515954
0.11076200497336686
0.09885048866271973
0.08324374444782734
0.06457511056214571
0.043625191668979824
0.02128785167587921
-0.0014732902782270674
-0.023668314272072166
-0.0443251320393756
-0.06254307343624532
-0.0775434453971684
-0.08870376623235643
-0.09558653878048062
-0.097962241852656
-0.09582146583124995
-0.08937638648785651
-0.07904951949603856
-0.06545071280561388
-0.04934825608506799
-0.03163175319787115
-0.013265811780001968
0.0047582419065292925
0.021470994222909212
0.035977075807750225
0.04749911988619715
0.05541382322553545
0.05928820406552404
0.058903874014504254
0.054261912242509425
0.04558199376333505
0.03329771675635129
0.01803382928483188
5.727480720452148E-4
-0.018181348859798163
-0.037251668982207775
-0.05564244685228914
-0.07238564756698906
-0.08659372571855783
-0.09751043119467795
-0.10454544168896973
-0.10730518330819905
-0.10561830783262849
-0.09954062523320317
-0.08934861561283469
-0.07552837580442429
-0.05874527746345848
-0.03979780257213861
-0.019573999801650643
9.913471440086126E-4
0.02097238483838737
0.039511006558313966
0.05586201010737568
0.06943129259161651
0.07980909780599177
0.08678777026943862
0.09036488574929535
0.09073711559176445
0.0882769946474582
0.08349190349690616
0.07698473986238241
0.06941312202252448
0.061434762086719275
0.053651257418096066
0.04656730138231069
0.040557233965955675
0.03583584423176944
0.032441796734929085
0.03023961221333593
0.028936422138940543
0.028109875740483403
0.0272465119487606
0.025787098216824234
0.023177121591288596
0.01892020448576659
0.012629078817553818
0.004067489586304872
-0.006817116140155123
-0.019871836993843317
-0.03473517904058099
-0.05085007566958666
-0.06748913996852934
-0.08379654539749026
-0.09884259011596441
-0.11168151907622814
-0.1214136527851224
-0.12724942853674293
-0.12856354843825102
-0.12494035554118454
-0.11621009092777967
-0.10247029387392104
-0.08408845053054392
-0.061691053211688995
-0.03613302472513169
-0.00845025572925806
0.020196894358377904
0.04858694563154131
0.07550704409368336
0.09982254938222468
0.12053859210573137
0.13685233844444156
0.14819498173892498
0.15425910567864776
0.15500715700909495
0.150664241053164
0.14169699512422085
0.12877543922513723
0.11272837198339403
0.09449030878022313
0.07503978186286986
0.055341156432405114
0.03629172267392278
0.018671572383027524
0.0031066780866240156
-0.009954012639354914
-0.020251734531484544
-0.02771812689024955
-0.03246137616224587
-0.03474276070483029
-0.03494620800483972
-0.033540843171067536
-0.03103947005001828
-0.02795811672694981
-0.024778290302492678
-0.02191421849420294
-0.019689162902068347
-0.018320615927223116
-0.01791327726095915
-0.018461671425029635
-0.01985994406277314
-0.021917999780271202
-0.024385404540225863
-0.02697765757329762
-0.029400819854345173
-0.03137772547779605
-0.03266983781941235
-0.03309504990465939
-0.032543335924856365
-0.030981559481006116
-0.028452100057620555
-0.025069538794923574
-0.0210108834435232
-0.016500775527674705
-0.011793364770710468
-0.007150992780225352
-0.0028254878343432245
9.554654207022358E-4
0.004002753747045059
0.006181881210068239
0.0074208669393556175
0.007709216704824938
0.007097340494510716
0.005692748803994617
0.003650030863354912
0.0011596462609304572
-0.0015623044419044167
-0.004290901168133133
-0.006809072234318593
-0.008917377883335575
-0.01044556190026924
-0.011263710010098293
-0.011286524124443531
-0.01047802230459638
-0.008855493972077966
-0.006486803642474113
-0.0034831431767088357
6.222032817194203E-6
0.0038009559939382606
0.007700491914874875
0.011494575272081418
0.01497434134944342
0.01794501201948151
0.02023636270314455
0.021712215966545045
0.022278977441601455
0.021890464005991817
0.02055024279979989
0.01831282360944897
0.015281990927178413
0.011606458312598988
0.007473099409253337
0.0030968848295742655
-0.0012903598581033282
-0.005452448167488909
-0.009162987204035744
-0.012219086172990501
-0.014453726616920903
-0.015747863333672285
-0.016038715257309377
-0.015323809609981254
-0.013664392725331709
-0.01118458533892408
-0.008066203299677
-0.004538423119811341
-8.636705897515656E-4
0.0026762909692479285
0.005796075420221314
0.008226722828112543
0.009733987972140312
0.010132946219528094
0.009301873971708119
0.007193248253315686
0.0038393965660361564
-6.47330802166836E-4
-0.006079161452362315
-0.012201888399431484
-0.01870717783458531
-0.025247814424801618
-0.03145593567751348
-0.036963696125894785
-0.04142443835735321
-0.044532964122481644
-0.04604367970023304
-0.04578449053224176
-0.04366586823016405
-0.03968795435503125
-0.03394147288054228
-0.026602483179885894
-0.017924413143191487
-0.00822702722507529
0.0021192515305301658
0.012712057767203078
0.023135279770940542
0.03297804936300963
0.04185189038980752
0.049406527425162494
0.05534546438138932
0.059436466079205275
0.06151897320523858
0.061509461724199355
0.05940109142102301
0.05526102671865374
0.04922738205641508
0.0415015536127612
0.03233758872374892
0.022030989814084023
0.010906205716310069
-6.973912604735246E-4
-0.01243658844032325
-0.023975258169230074
-0.03499680932145566
-0.045213758130557835
-0.05437302344944328
-0.06226077734027058
-0.06870830454863608
-0.07359466096386313
-0.07684454671107233
-0.07842347328551114
-0.07833663118071854
-0.0766260998789221
-0.07336249481886625
-0.06863784277811646
-0.06256156449671835
-0.05525657651014626
-0.04685411206446588
-0.03749022155534476
-0.027305145049467683
-0.01644400117220357
-0.005058323236880825
0.006692422713967971
0.01863847009371966
0.03059529373422265
0.04235946305561811
0.053708285093307495
0.06440115952864289
0.0741817879024893
0.082782271085307
0.08993155416101217
0.09536545071750879
0.09884042711928487
0.1001487469766289
0.09913299372419715
0.09569909912534058
0.08982776151970029
0.0815863055177033
0.07113555003888905
0.05873011762741953
0.044714778661727905
0.029517112008761615
0.013632168556796387
-0.0023975781223271016
-0.0180044190492481
-0.03262135700788349
-0.045710446778684855
-0.05678912461735308
-0.06545461853966117
-0.07140741753391922
-0.07446692115627229
-0.0745799217838794
-0.0718248370103538
-0.06640819320455194
-0.05865201214328408
-0.0489769228734076
-0.03788011916913092
-0.02590721903834492
-0.013622301805298775
-0.0015799164684722228
0.009702782816020772
0.019771194085478783
0.028253030497580767
0.03487445949576795
0.0394700012402609
0.041982714901678264
0.042459729011170566
0.041045717312954366
0.03796750970650464
0.03351251722779125
0.02800799469696358
0.02180058928206563
0.015236066625220701
0.008640386018669233
0.0023015135739115075
-0.003545369807397946
-0.008724382205400616
-0.01312075339956209
-0.016681554610840976
-0.019412886758800596
-0.021370524016674608
-0.02264822623692453
-0.023367498710285872
-0.023667766887228936
-0.02369264926528558
-0.023576836509164423
-0.02343776251655072
-0.02336754708085209
-0.023424736049491912
-0.023632582277059555
-0.023981073929462582
-0.0244283017818816
-0.02490330667933449
-0.025311704026535153
-0.0255439838510938
-0.025483649282250553
-0.02501347759971395
-0.024023232865147293
-0.022419008193537593
-0.02013097598683089
-0.017119450261816382
-0.013380969205172732
-0.008952973323175684
-0.003914277542207857
0.0016166940731636703
0.007482838103896938
0.013491966587025672
0.019425199425313622
0.025045922258868814
0.03010845516109839
0.034369380911812186
0.03760106349363923
0.039605457335710526
0.04022784112021327
0.03936801687814295
0.036989570362493396
0.03312757855746895
0.027892503596376628
0.02147107128985226
0.014122462045634165
0.006170291861053556
-0.002009876654483377
-0.010007442760979757
-0.017397393938153982
-0.02376065304270014
-0.02870739932404831
-0.03190328076016158
-0.03309033683035523
-0.032103470410220325
-0.02888685982907191
-0.023505032062530518
-0.01614510256331414
-0.007111053811968304
0.003187707756296731
0.014252917608246207
0.025520777970086783
0.03639165556523949
0.04626313061453402
0.05456429650075734
0.06078861770220101
0.06452295207418501
0.06547400844283402
0.06349010416306555
0.058574176277033985
0.050887557212263346
0.040744946454651654
0.028600285411812365
0.015023405576357618
6.693929426546681E-4
-0.013755946012679487
-0.02753378072520718
-0.03997358388733119
-0.05045326333492994
-0.05845490389037877
-0.06359476456418633
-0.06564535503275692
-0.06454733689315617
-0.06041425443254411
-0.053524952149018645
-0.04430422931909561
-0.03329764970112592
-0.02114025445189327
-0.008516545611200854
0.003880547854350881
0.015389111154945567
0.025418045988772064
0.033481657737866044
0.03922541148494929
0.04244510701391846
0.04309900535736233
0.04130608623381704
0.03733224736060947
0.03157136857043952
0.024518011254258454
0.016732529329601675
0.008802158088656142
0.0013021510712860603
-0.005241355203907008
-0.010384500754298644
-0.01379535868181847
-0.015275812766049057
-0.014773340953979641
-0.012383212888380513
-0.008340102707734333
-0.0030016861855983773
0.003175840392941606
0.009667994017945603
0.015916679054498672
0.021369023306760937
0.025514352251775563
0.027917051047552377
0.028246187954209745
0.026299692573957145
0.022018903691787273
0.015494285646127537
0.006962106650462375
-0.003208026530046479
-0.0145350951643195
-0.02645588858285919
-0.03835764271207154
-0.049612607806921005
-0.05961585754994303
-0.06782189221121371
-0.07377600530162454
-0.07714000181294978
-0.07771223527379334
-0.07543925638310611
-0.07041818066500127
-0.06288940575905144
-0.05322140967473388
-0.041888518491759896
-0.029443352483212948
-0.016483762592542917
-0.003617499547544871
0.008573125523980705
0.01956255140248686
0.028910310415085405
0.03628361609298736
0.04147179576102644
0.04439499438740313
0.04510471667163074
0.04377492261119187
0.04068591562099755
0.03620358288753778
0.030753752042073756
0.024792805896140635
0.018778349738568068
0.013140931754605845
0.00825824067578651
0.004433525929925964
0.0018799883800966215
7.113902047422032E-4
9.396068489877524E-4
0.0024794941418804233
0.005159549182280899
0.008736514806514606
0.012914872000692412
0.017370095767546445
0.021771368279587477
0.025803622673265636
0.02918859396595508
0.03170190961100161
0.03318489925004542
0.03355162078514695
0.032790902187116444
0.03096277080476284
0.028190194629132748
0.02464649808825925
0.020539784454740584
0.01609608333092183
0.011542299296706915
0.007089341743267141
0.002917936180892867
-8.31920915516093E-4
-0.004067916554049589
-0.006747961422661319
-0.008878769440343603
-0.01051107796956785
-0.011730112018994987
-0.012642870337003842
-0.013365334190893918
-0.01400906455819495
-0.01466789931873791
-0.01540706166997552
-0.016254637739621103
-0.017195431515574455
-0.018171239062212408
-0.019084953819401562
-0.019805065938271582
-0.020176285586785525
-0.020035973633639514
-0.019227899028919637
-0.01761546911438927
-0.015099569369340315
-0.011632943205768242
-0.007226440735394135
-0.0019559805550670713
0.004030859665363096
0.010518584691453725
0.01723393489373848
0.02385643037268892
0.03003273264039308
0.035396205610595644
0.039588187471963465
0.04227996047120541
0.043193927383981645
0.04212283017113805
0.038945505511946976
0.03363855031784624
0.02628344821278006
0.01706863584695384
0.006284658360527828
-0.005687681899871677
-0.018393198784906417
-0.03132140781963244
-0.04393068503122777
-0.055675758863799274
-0.06603483483195305
-0.07453584834001958
-0.08078184886835515
-0.08447194448672235
-0.08541767741553485
-0.08355421875603497
-0.07894503301940858
-0.07177949766628444
-0.06236525415442884
-0.05111496092285961
-0.03852442721836269
-0.02514682203764096
-0.011566514760488644
0.0016305506542266806
0.013886485830880702
0.024697845976334065
0.03364068374503404
0.04039107833523303
0.04473896697163582
0.04659842618275434
0.04601069481577724
0.0431374873733148
0.038250372861512005
0.0317158029647544
0.023973747505806386
0.015512734273215756
0.006842597329523414
-0.0015334298914240208
-0.009144180250586942
-0.015574279677821323
-0.020485735614784062
-0.023633814591448754
-0.02487613831181079
-0.02417775959474966
-0.021612308104522526
-0.01735308615025133
-0.01165824948111549
-0.004858233107370324
0.0026614410235197288
0.010487969120731577
0.01820575020974502
0.025411708804313093
0.031735444092191756
0.036864076857455075
0.04055689729284495
0.04265077586751431
0.0430655877571553
0.041806870023719966
0.03896224859636277
0.03469412634149194
0.02923002775060013
0.022846969834063202
0.015853043587412685
0.00857211765833199
0.001328987120359671
-0.005568397435126826
-0.011844504566397518
-0.01726525224512443
-0.02164598152739927
-0.024859301163814962
-0.026837367506232113
-0.027569938916713
-0.027101278130430728
-0.025523645570501685
-0.022968099801801145
-0.019596457772422582
-0.015591443021548912
-0.011144809424877167
-0.006447678286349401
-0.0016824752092361457
0.0029848204358131625
0.00740994795341976
0.011473330116132274
0.015081705147167668
0.018168608599808067
0.020693126949481666
0.02263684693025425
0.023999595898203552
0.02479478856548667
0.02504546969430521
0.024781074025668204
0.024034226313233376
0.022837918542791158
0.021223781572189182
0.019221980939619243
0.016862416407093406
0.014176274096826091
0.011197268177056685
0.007964226591866463
0.004524447867879644
9.36388743866701E-4
-0.0027296224725432694
-0.0063919234671629965
-0.009957809612387791
-0.013325390464160591
-0.01638736989116296
-0.01903625257546082
-0.021169447572901845
-0.022694869781844318
-0.02353727351874113
-0.023644111235626042
-0.022990787227172405
-0.021584854053799063
-0.01946819794829935
-0.016717523685656488
-0.013442969386233017
-0.009783897578017786
-0.005902653298107907
-0.001977464220544789
0.0018069887955789454
0.005269463203148916
0.008241869451012462
0.01057962776394561
0.012170962407253683
0.012944179674377665
0.012872878403868526
0.0119785922288429
0.010330626275390387
0.008042631845455617
0.005267560773063451
0.002190209524997045
-9.838851019594586E-4
-0.004041157415485941
-0.006771466258214787
-0.008979808480944484
-0.010498949064640328
-0.011200205975910649
-0.011000519414665177
-0.009867691085673869
-0.007823394378647208
-0.004942417959682644
-0.0013494990162143958
0.0027869427140103636
0.007264305852004327
0.011857316509122029
0.016330341750290245
0.020450245589017868
0.023999408178497106
0.02678672142792493
0.02865769062191248
0.029503950150683522
0.02926889917580411
0.027948008151724935
0.025588048505596817
0.022285167360678315
0.018181190418545157
0.013455419189995155
0.008312490914249793
0.0029714063493884195
-0.002344696877116801
-0.007420518668368459
-0.012059926957590505
-0.016094036924187094
-0.01938850450096652
-0.02184997557196766
-0.02342871588189155
-0.024118296103551984
-0.02395504544256255
-0.023015037819277495
-0.021407353517133743
-0.01926631067181006
-0.016743857297115028
-0.01400068835937418
-0.011196799314348027
-0.008483342098770663
-0.0059952788724331185
-0.003843978767690715
-0.0021119114244356756
-8.497955259372254E-4
-7.46097313140131E-5
2.298442491337479E-4
1.0977727629324341E-4
-3.6223852293915115E-4
-0.001091759226255817
-0.0019692896821652535
-0.002877681632526219
-0.0036987112180213444
-0.004320423104218207
-0.004644897795515135
-0.004594270023517311
-0.004115051633561961
-0.0031813574241823517
-0.00179801664853585
-2.2713336367279806E-6
0.002137521223630756
0.004525116455624811
0.007040460986900143
0.00954517413629219
0.01188928569899872
0.013918796234065667
0.01548363096662797
0.01644566562026739
0.01668649702332914
0.016114880971144885
0.014672514284029603
0.012338469474343583
0.00913289189338684
0.005118899876833893
4.011379687653972E-4
-0.004877154642599635
-0.010538218572037295
-0.01637588709127158
-0.022164596244692802
-0.027669872797559947
-0.03265948256012052
-0.03691418340895325
-0.04023801372386515
-0.04246824758592993
-0.04348457220476121
-0.04321607097517699
-0.041644988814368844
-0.03880916617345065
-0.03480172425042838
-0.02976759895682335
-0.023896790167782456
-0.017415209498722106
-0.010573726729489863
-0.0036351638118503615
0.003139631458907388
0.009505183494184166
0.015244314621668309
0.0201795682660304
0.02418174472404644
0.0271759619936347
0.02914474392309785
0.030127494712360203
0.030215888924431056
0.029546740232035518
0.02829219540581107
0.026647341204807162
0.024816124816425145
0.0229971528169699
0.021369700669310987
0.020081151509657502
0.019237539847381413
0.018896865367423743
0.01906539365882054
0.019698073563631624
0.020702309324406087
0.02194467728259042
0.023261439928319305
0.02447132399538532
0.02538985578576103
0.025843674200586975
0.025683707965072244
0.024796394514851272
0.023113161791116
0.02061680326005444
0.01734365790616721
0.01338187069632113
0.008866083866450936
0.003969022945966572
-0.0011096264315710869
-0.006156253541121259
-0.010957349528325722
-0.015314327349187806
-0.019056750170420855
-0.02205259772017598
-0.02421598439104855
-0.025511598854791373
-0.02595580863999203
-0.025614199053961784
-0.02459422725951299
-0.02303579152794555
-0.021100916084833443
-0.01896070851944387
-0.016781217651441693
-0.014711230818647891
-0.01287204583059065
-0.011348944186465815
-0.010185722494497895
-0.009382911288412288
-0.008899162901798263
-0.00865606774459593
-0.008546292665414512
-0.008443627011729404
-0.008214654109906405
-0.007731390345725231
-0.006883285663207062
-0.005588081796304323
-0.003800491234869696
-0.0015178971807472412
0.00121705678247963
0.004317219296353869
0.007654914879822172
0.011069406114984304
0.014376894250744954
0.017381911166012287
0.019889791670721024
0.021720189950428903
0.02271987358108163
0.022773797332774848
0.02181353041669354
0.01982330996543169
0.016842927085235715
0.012966611509909853
0.00833880392019637
0.003147466530208476
-0.0023850761353969574
-0.008014163700863719
-0.013486202020430937
-0.018551789689809084
-0.02297888189787045
-0.026565223291981965
-0.02914813661482185
-0.03061298292595893
-0.030899515782948583
-0.03000335581600666
-0.027975230710580945
-0.024918415874708444
-0.02098199666943401
-0.01635198696749285
-0.01124161051120609
-0.00587924690626096
-4.963104183843828E-4
0.004684365761931986
0.00946056004613638
0.013660403259564191
0.017148856190033257
0.01983348507201299
0.021668914356268942
0.022657287889160216
0.022844988794531673
0.02231785625917837
0.0211944886832498
0.01961728831520304
0.017742785916198045
0.015730837534647435
0.013733145751757547
0.011883364408276975
0.010289320140145719
0.009026352927321568
0.008131662296364084
0.007602605284773745
0.007398718444164842
0.007444585469784215
0.007635307352757081
0.007845412619644776
0.007938860100694
0.007778961458825506
0.007239671132992953
0.006216691617737524
0.004636597441276535
0.002464037352183368
-2.9288984842423783E-4
-0.00358043858432211
-0.007300421231775545
-0.011313899332890287
-0.015448393271071836
-0.019508275552652776
-0.023286545416340232
-0.02657714713132009
-0.02918815764132887
-0.03095486236270517
-0.03175092814490199
-0.031497488846071064
-0.030169905279763043
-0.027800890267826617
-0.024479429062921554
-0.020346867910120636
-0.015589162649121135
-0.010425792017485946
-0.005096791690448299
1.5123544926609476E-4
0.005079860129626468
0.009473507554503158
0.013152800383977592
0.015985270962119102
0.017892939504235983
0.018856232112739235
0.018914408574346453
0.018162050342652947
0.01674188469769433
0.014834553992841393
0.012646177812712267
0.010394104989245534
0.008292209502542391
0.00653620480443351
0.005290524975862354
0.004677577177062631
0.004769424922415055
0.005583194913924672
0.00708071440749336
0.009170937206363305
0.011715294211171567
0.014536752481944859
0.017431290762033314
0.02018084714654833
0.022567093023099005
0.02438486710889265
0.0254542077309452
0.025630985503084958
0.02481567661743611
0.022959071851801127
0.020064877229742706
0.016189379966817796
0.011438125191489235
0.005960173104540445
-5.983857312230631E-5
-0.0064117127330973744
-0.012870400794781744
-0.019206676864996552
-0.025198053219355643
-0.030638391675893217
-0.03534633747767657
-0.03917278174776584
-0.04200620751362294
-0.04377532785292715
-0.04445017175748944
-0.044041022774763405
-0.04259630187880248
-0.04019898071419448
-0.03696057421620935
-0.033014911925420165
-0.028512049524579197
-0.023612111166585237
-0.01847833866486326
-0.013270793133415282
-0.008140850521158427
-0.003226634318707511
0.001351175884337863
0.0054926810844335705
0.009120834351051599
0.012182360485894606
0.01464801825932227
0.01651235471945256
0.01779198326403275
0.018522823986131698
0.018757125711999834
0.018560624914243817
0.018008567742072046
0.017181421164423227
0.01616102206753567
0.015026836132165045
0.013852005446096882
0.012700527731794864
0.011624641861999407
0.010662575485184789
0.009837903053266928
0.009159977198578417
0.008624081034213305
0.008212181041017175
0.007896079041529447
0.007640338051714934
0.007404183968901634
0.007144874311052263
0.00682212709216401
0.0064005996828200296
0.005851483307196759
0.005155132268555463
0.004302942208596505
0.003297393552202266
0.002151457505533472
8.879427405190663E-4
-4.6224602647271164E-4
-0.0018624102340254463
-0.003272133646532893
-0.004649701688322239
-0.005954825086519122
-0.007150319011998363
-0.008203736011637375
-0.009089086001040414
-0.0097875299397856
-0.010287239565514028
-0.010583180992398411
-0.010676115023670718
-0.010571244929451495
-0.01027656378573738
-0.009801186679396778
-0.009154322324320674
-0.008344022586243227
-0.007376139648840763
-0.0062548727000830695
-0.0049839687562780455
-0.003567208696040325
-0.0020093612329219472
-3.185345394740586E-4
0.0014919618552085006
0.003402874841412995
0.0053875084850005805
0.0074099012854276225
0.009425255906535313
0.011381251737475395
0.013219163112808019
0.01487586201983504
0.01628698006970808
0.017390146211255342
0.01812876365147531
0.018456365971360356
0.018340270093176514
0.01776427001459524
0.016731167095713317
0.015264188754372299
0.013406866288278252
0.011221927037695423
0.008789225103100762
0.006202188364113681
0.0035632736471598037
9.790329058887443E-4
-0.0014456396529567426
-0.003613713473896496
-0.0054411642922787
-0.006861484347609803
-0.007829620328266174
-0.008324257883941755
-0.008348432107595727
-0.007929555198643357
-0.00711772647628095
-0.005982045084238052
-0.004606517104548402
-0.0030856392477289774
-0.0015182985553110488
-1.471941532216615E-6
0.0013747160155617162
0.0025318085317849186
0.0034075848961947486
0.0039590969536220655
0.004164031401160173
0.004021043758257292
0.0035491191592882387
0.002785203017992899
0.0017809147575462705
5.988881130178929E-4
-6.915217309142459E-4
-0.002018738006881904
-0.003313103530672379
-0.004510864600888453
-0.005557531214435585
-0.006410166432033293
-0.0070388684689532965
-0.007427505843224935
-0.0075734965212177485
-0.007486642469302751
-0.0071874989225761965
-0.006705429186695255
-0.00607592158485204
-0.005337718816008419
-0.004530394216999412
-0.003692269790917635
-0.00285851965600159
-0.002059583566733636
-0.0013196160798543135
-6.556993866979611E-4
-7.820109271960995E-5
4.0896555674407864E-4
8.083180018729764E-4
0.0011276339828327764
0.0013781134875898715
0.0015736478526378053
0.0017304066750511995
0.001865159287262941
0.001993533136555925
0.0021291064040269703
0.0022825916021247394
0.0024610074251540937
0.002667141714482568
0.002898426893807482
0.003146030729112681
0.003395458079467062
0.0036269978736527264
0.003816052667389158
0.003934138985641766
0.003950033089495264
0.003831192159850616
0.0035462025844026357
0.003067126381210983
0.0023712573674856685
0.0014434222684940323
2.786487511912128E-4
-0.001115842340368545
-0.00271932205214398
-0.004496928522712551
-0.006399537334800698
-0.008364420966245234
-0.010317266162019223
-0.01217495562741533
-0.013848789065377787
-0.01524876177427359
-0.016288341546896845
-0.016889374994207174
-0.016987201175652444
-0.016535251343157142
-0.015508737822528929
-0.013907500600907952
-0.011757758387830108
-0.009112491767155007
-0.006050708223483525
-0.0026750926626846194
8.922615907067666E-4
0.004515134423854761
0.008049034426221624
0.011348302912665531
0.014273334614699706
0.01669713150477037
0.01851199648808688
0.019635671807918698
0.02001510967966169
0.01962911686860025
0.018490216287318617
0.01664422213798389
0.014167557645123452
0.01116382866166532
0.007758845953503624
0.004093861803994514
3.1862312789598946E-4
-0.003415624625631608
-0.006963502906728536
-0.010192472516791895
-0.01298857419169508
-0.015261014312272891
-0.016945427865721285
-0.018005695950705558
-0.01843408215790987
-0.018249767366796732
-0.017496037296950817
-0.01623626780929044
-0.014548875129548833
-0.012522210396127775
-0.010249019833281636
-0.007820881830411963
-0.005323745965142734
-0.002834450249793008
-4.1747977229533717E-4
0.001876979960798053
0.0040130240231519565
0.0059681503335013986
0.007731865931418724
0.00930322881322354
0.0106871766038239
0.011890850320924073
0.012920528213726357
0.013778796535916626
0.014461705141002312
0.014957601175410673
0.015247283299686387
0.015304379892768338
0.015096933231689036
0.014590621140087023
0.013752387923887
0.01255439012311399
0.010978389909723774
0.00902000378118828
0.006692018956528045
0.004026682581752539
0.0010773377289297061
-0.002081279999401886
-0.0053545207338174805
-0.008631097880424932
-0.011787309544160962
-0.014692235592519864
-0.017214677995070815
-0.01923055772203952
-0.020629531412851065
-0.021321838023141026
-0.02124458533944562
-0.02036674035480246
-0.018692569399718195
-0.01626303029479459
-0.013154871732695028
-0.009478411491727456
-0.005373359861550853
-0.001002446077109198
0.003456108272075653
0.007817359393811785
0.011899260483914986
0.015531291399383917
0.018562602228485048
0.02087034803116694
0.022366808261722326
0.023003159440122545
0.022771161631681025
0.021703478996641934
0.01987202005693689
0.01738386368378997
0.014374776917975396
0.011001402832334861
0.007432857848471031
0.0038418518961407244
3.95437738916371E-4
-0.002753974542429205
-0.005476424703374505
-0.007670429680729285
-0.009267444693250582
-0.010234862449578941
-0.010576510219834745
-0.01033067231765017
-0.009566771652316675
-0.00838045630371198
-0.0068864400673191994
-0.005210837378399447
-0.003483868553303182
-0.0018318327674933244
-3.6910755807184625E-4
8.078589235083201E-4
0.0016253396424872337
0.0020362046925583854
0.0020215932090650313
0.0015907058041193527
7.79289492129465E-4
-3.537424508976982E-4
-0.0017313727839791682
-0.003264232669607736
-0.004856719300732948
-0.0064133619162021205
-0.007845090061891824
-0.009074848785530776
-0.010042021778644994
-0.010705790860811248
-0.011046713101677597
-0.011066730919992551
-0.010787815204821527
-0.010249327315250412
-0.0095040928281378
-0.008613535057520494
-0.007642580414540134
-0.006654254539171234
-0.00570468713704031
-0.004838791151996702
-0.00408657526713796
-0.003461065687588416
-0.002957861950562801
-0.002555407118052244
-0.0022168560171849094
-0.0018934386425826233
-0.0015284411565517075
-0.0010623105445120018
-4.383140449135679E-4
3.923337098967753E-4
0.001465774930693442
0.002801244620059151
0.004397830489324406
0.006232879022718407
0.008261761453468353
0.010418898280477151
0.012620383873581886
0.014767945365747437
0.016754024371039122
0.018467595160473138
0.01980056962929666
0.020654489402659237
0.020946829637978226
0.02061617252184078
0.019626320397946984
0.017969608947169036
0.015668907202780247
0.012777287978678942
0.00937619898468256
0.005572500260313973
0.001494112453656271
-0.0027156812138855457
-0.006904945970745757
-0.010919795604422688
-0.014611300692195073
-0.017842445406131446
-0.020494233816862106
-0.022470835770945996
-0.023703561804722995
-0.024153537000529468
-0.023812839179299772
-0.02270420064451173
-0.020879299088846892
-0.018415717058815062
-0.015413051267387345
-0.011987904756097123
-0.00826814232277684
-0.0043874163093278185
-4.794632786797593E-4
0.0033276625181315467
0.006916129670571536
0.010182365775108337
0.013040646445006132
0.01542498913477175
0.01729029935086146
0.01861299609299749
0.019389767665416002
0.019635497708804905
0.019381715916097164
0.018673979153390974
0.01756791293155402
0.01612611534073949
0.01441550039453432
0.012504317332059145
0.010459232202265412
0.008343419147422537
0.006215061861439608
0.004126136467675678
0.0021217352768871933
2.4013499705688457E-4
-0.0014868381622363813
-0.0030336671698023565
-0.0043804316519526765
-0.005511841765837744
-0.006416781368898228
-0.007087773541570641
-0.007520199651480652
-0.007712067279499024
-0.007664353644941002
-0.007381471456028521
-0.006871607416542247
-0.00614701013546437
-0.005224370572250336
-0.004125355175347067
-0.002877250728488434
-0.001513195617008023
-7.177267355018561E-5
0.001403766727889888
0.002866413771698717
0.004266680029104464
0.005554576753638685
0.0066816388425650075
0.007602778205182403
0.00827830407069996
0.008676207944517955
0.008774106099735945
0.00856068974826485
0.008036708575673401
0.007215511839604005
0.006123129831394181
0.0047976007044781
0.003287561521574389
0.00165039923376753
-5.016310024075187E-5
-0.0017468965997977648
-0.003372194856638089
-0.004861172361415811
-0.006154697941383347
-0.0072023707325570285
-0.007964851654833183
-0.008415511547354981
-0.008541799616068602
-0.00834579614456743
-0.007843901723390445
-0.0070660326309734955
-0.006054126424714923
-0.0048597315908409655
-0.0035414717203821056
-0.0021623008797178045
-7.8646157271578E-4
5.2368458455021E-4
0.0017106243794842158
0.002724138248595409
0.0035233846574556082
0.004078516227309592
0.00437160101137124
0.004397036376758479
0.0041613015928305686
0.003682113099785056
0.0029872051818529144
0.0021125901548657566
0.0011004814732586965
-2.7973923237834554E-6
0
0
0
0
0
0
0
0
0
0
0
0
0
0
0
0
1.1110294967146764E-44
3.774497506406346E-43
1.4430871863859323E-42
-1.7544552046951693E-40
3.932720568285574E-39
-5.582416381345977E-38
5.388796269025109E-37
-3.455039877741954E-36
1.082987529244021E-35
4.98893564489056E-35
-9.735804987616922E-34
7.56519788537837E-33
-3.795703919771391E-32
1.2135848071988098E-31
-1.2882187405399872E-31
-1.118763035413871E-30
8.140497861675314E-30
-2.9103235802697195E-29
5.327986348445341E-29
4.2412098601744124E-29
-6.5088975762138255E-28
2.2600412985887674E-27
-3.77965078747329E-27
-1.352267967776297E-27
2.621213303247174E-26
-7.2696319006322E-26
8.716272299450588E-26
5.1401269086011334E-26
-3.8469111644595187E-25
6.6249976631714535E-25
-6.965801328333876E-25
1.3294444286133477E-24
-2.72170843955929E-24
-3.193707255701184E-24
3.0474737008572435E-23
-5.26864688323905E-23
-4.306792222908769E-23
2.7722132012864808E-22
-1.5220413261879187E-22
-9.892150259723014E-22
1.6854383863522617E-21
2.4557951650254875E-21
-1.0093978360990211E-20
2.3302845477945156E-21
3.542523558817102E-20
-4.9597227485776013E-20
-6.22479667122056E-20
2.2123959736793476E-19
-4.1112525035156527E-20
-5.700687954219353E-19
6.144086896709796E-19
8.684415989386274E-19
-2.036775725559217E-18
-4.534096756147194E-19
4.25618919744067E-18
-1.250366754464452E-18
-6.948295388564299E-18
4.250567119927804E-18
1.0475090099378773E-17
-9.524817877245072E-18
-1.3374859137177777E-17
1.8712747956632802E-17
3.4554485024383524E-18
-1.9147059624699486E-17
4.199813256246111E-17
-4.266473273610056E-17
-1.2092976858889958E-16
2.4288252650784747E-16
1.717637202593916E-16
-5.492994407963389E-16
-1.9672990761653984E-16
6.615455422335865E-16
6.64630115281409E-16
-9.7430543666186E-17
-2.9936609675611135E-15
-1.268613492338915E-15
9.588074754763312E-15
2.194885853166611E-15
-2.267786947556181E-14
1.33566768290253E-15
4.122084388781689E-14
-1.7799351217668525E-14
-5.649949857994156E-14
6.282119832316052E-14
5.0368013255634607E-14
-1.6554388431099348E-13
-4.00008060364468E-15
3.8014460586003964E-13
-7.248874843614063E-14
-7.929747417071374E-13
8.375989072560652E-14
1.492511315701286E-12
2.14453194592028E-13
-2.4474261399441798E-12
-1.2128877592468093E-12
3.2704711337350008E-12
3.2428184428553054E-12
-3.003668781022559E-12
-6.054375324804847E-12
3.088708313946726E-13
8.185048961770985E-12
5.522274499272759E-12
-7.1005479599338395E-12
-1.3115317162537355E-11
1.309280769080475E-12
1.937365005215507E-11
6.221406539588158E-12
-2.5104723297717355E-11
-9.305443161898918E-12
4.473673149439837E-11
1.461196136108442E-11
-1.0430975602120679E-10
-7.153906648064897E-11
1.984052128473922E-10
2.753485923890591E-10
-2.0326047182189777E-10
-6.633510529069353E-10
-1.5390612909617804E-10
9.869588638419406E-10
1.0636453488810371E-9
-5.999471965849918E-10
-2.0907317821450278E-9
-1.0426527333730141E-9
1.89342900999651E-9
3.189165110566756E-9
6.79364789250847E-10
-3.2885600185455263E-9
-4.135333734175564E-9
-4.729922264868587E-10
3.922936229829231E-9
4.50177738737472E-9
1.470325701469211E-9
-1.207135637201712E-9
-2.5432604650738044E-9
-6.267987352982389E-9
-1.1720461561599243E-8
-6.605423710979798E-9
1.9694634415376048E-8
4.947890900172272E-8
3.606387564771195E-8
-4.563626305425268E-8
-1.3869635091217398E-7
-1.2082585167304062E-7
7.205793171673389E-8
3.181967494571479E-7
3.4528119588880403E-7
-2.4917191801928782E-8
-6.095977170669389E-7
-8.747116666540933E-7
-3.3977347932026956E-7
8.800551246476321E-7
1.895878563727495E-6
1.5627917591132245E-6
-5.1842507969064E-7
-3.2606600898686466E-6
-4.403708069438446E-6
-2.0385335964030153E-6
3.5009123848794843E-6
8.872018643809757E-6
9.211921207809479E-6
1.587583909033543E-6
-1.1531785795731203E-5
-2.1335799471801564E-5
-1.563215572072555E-5
1.542734938604034E-5
7.418152745231055E-5
1.5437070292786563E-4
2.454048257537319E-4
3.399118151199738E-4
4.401523120967405E-4
5.592230736510828E-4
7.158106787496113E-4
9.249447591303449E-4
0.0011894324104235107
0.0014962455731750066
0.0018192421744710632
0.002126018491773201
0.0023846514855644534
0.0025667177396826446
0.0026454341714270413
0.002590940974187106
0.002366024601672377
0.0019249140750616789
0.0012156250429273183
1.846935374487658E-4
-0.0012171669139726354
-0.003029240993782878
-0.0052752017176577026
-0.007957897880779845
-0.011055488272437028
-0.014519671443849802
-0.018275806480752572
-0.022222932893782854
-0.0262317038141191
-0.03013909754476377
-0.033740995451807976
-0.03678667478795562
-0.03897964768111706
-0.0399864793622068
-0.039454055417861254
-0.0370324653174196
-0.0323994444417102
-0.025283101680023328
-0.015481576123940093
-0.002880676208795715
0.012527782802603074
0.030628110149077008
0.05116424297115633
0.07372753082641534
0.09775011294654437
0.12250607913093907
0.14712211702551162
0.1705977746418544
0.1918384342321328
0.20969473091619356
0.22301491562809264
0.23070734526429856
0.23180168920329638
0.2255140548305852
0.21130370029381343
0.18891993590763637
0.1584404595196247
0.12029428434159074
0.07526990425373827
0.024499810832951757
-0.030573585469807894
-0.0882536635867187
-0.14666506807718957
-0.20384289217846735
-0.25783333820956095
-0.30679078825882505
-0.3490720582859857
-0.3833320758172444
-0.4086009476866041
-0.4243399958525385
-0.43048263979809626
-0.4274445740239961
-0.4160902574658394
-0.39767059896673473
-0.37373745122126173
-0.3460153905408723
-0.3162641418831689
-0.28613816308123724
-0.257043508546693
-0.23001331676329886
-0.2056154731128897
-0.18389674222895078
-0.1643576973250934
-0.14597672490136965
-0.12728508402194297
-0.10647374577820302
-0.08154670681272236
-0.05049545916595629
-0.011492405452632479
0.036913043952413974
0.09560897813311646
0.16477845449532783
0.24378903476255281
0.3311189019254276
0.4243641868233681
0.5202993218387876
0.6150017955473491
0.7040317931345531
0.7826704276459557
0.8461997019393104
0.8901913932391575
0.9107835441827774
0.9049345233610698
0.870657497218677
0.8071775670562472
0.715039170214108
0.5961169089589801
0.4535533988050052
0.2916489339300564
0.11565197871199676
-0.06847307724612102
-0.25431625757898607
-0.4353371060320309
-0.6051588143621173
-0.7578521392175129
-0.8881907207625253
-0.9918506507362638
-1.0655662204538072
-1.1072262993880682
-1.1159024621759142
-1.091819316148758
-1.0362817347049713
-0.9515476929289954
-0.8406729464020047
-0.7073471312011991
-0.5557124742439815
-0.39020866049187525
-0.21541257042969977
-0.03591328992375309
0.14379426198346273
0.3193944681968008
0.4868169991033418
0.6422912393297467
0.7823656307799476
0.9039488519941058
1.0043254920414515
1.08121200970241
1.1327916511467524
1.1577659377029963
1.155392131635121
1.1255493334361486
1.068789269242968
0.986363851598331
0.8802439272403717
0.7531197645834514
0.6083469901766095
0.4498829373291561
0.2821912148169109
0.11009045317769052
-0.06140587119651688
-0.22726123088172503
-0.38261028698512484
-0.5229751701865878
-0.6444495788642338
-0.7438402261052813
-0.8188148162194661
-0.8679944617407662
-0.8909975694758552
-0.8884303740092686
-0.8618429686341967
-0.8136226321969714
-0.7468600081545966
-0.6651790950979505
-0.572543380515916
-0.47305227496794294
-0.37075795978307724
-0.26948357692786623
-0.1726600793855531
-0.0832083041646651
-0.0034530308496739564
0.06493502535990305
0.12093914805778434
0.16416078539831297
0.19475910759397916
0.21337550399558886
0.22102624976209231
0.21898552988256728
0.2086815174136843
0.19159832543560437
0.169191268405744
0.1428272176001753
0.11374711112252303
0.08304115065506526
0.05164933563875301
0.020390802063047893
-0.010010359842064113
-0.038878871926239525
-0.0655503249061959
-0.08934211890612329
-0.10953891410359314
-0.1253940596112183
-0.13613766325371607
-0.1410104392894677
-0.13931894036276
-0.1304897383919784
-0.11413759179413317
-0.09013619140854902
-0.05868670623749494
-0.020361621997186097
0.023861037234642692
0.0725863751556192
0.1240207026047366
0.1760273240506649
0.22620750218629837
0.27199813404253553
0.31079203529017313
0.34008246128048214
0.35760275913136347
0.3614691442676953
0.35031450752701077
0.3233935439160892
0.28067262044974733
0.22287242061325482
0.15147045627236366
0.06867148035338946
-0.022663372502263114
-0.11911962128111295
-0.21686662254588945
-0.31183880993298124
-0.3999228658420699
-0.47714214452675413
-0.5398481977837426
-0.5849053987434932
-0.6098514837878091
-0.6130160987377167
-0.593612939119339
-0.5517979902880532
-0.4886727492724146
-0.40625172001974924
-0.30737500212022234
-0.19558409920760564
-0.07497054737593446
0.04999526576804264
0.17464932852557727
0.2943457216024399
0.40465281158685684
0.5015420636960438
0.5815502128430775
0.6419072896242142
0.6806437309299197
0.6966588305575507
0.689743880714689
0.660571813583374
0.6106496155261993
0.5422159369502749
0.4581331749047552
0.3617660626769066
0.25682457217148374
0.14719184221965925
0.03676630343709674
-0.07067938814205783
-0.17163343940462386
-0.26296953431197573
-0.34204637578555513
-0.40678497510296957
-0.45571489951440264
-0.48798647097178866
-0.5033596264464515
-0.5021762400865555
-0.48531823073114666
-0.4541400596499443
-0.41038933396339417
-0.35611704524074284
-0.29358372730868204
-0.22517478093504906
-0.1533160140471799
-0.0803923173142331
-0.008666443705026594
0.05978455314678805
0.12311575109405178
0.1797627034996237
0.22848467422383173
0.2683782620089395
0.2988747571195875
0.31973797508648466
0.3310545342309134
0.33321297062294825
0.32686728877680643
0.31289429111140116
0.29234967700072695
0.2664190009236336
0.2363622859120369
0.2034598865679332
0.16895849310926028
0.13402047008275986
0.09968371875584126
0.0668321078909295
0.03616521627243076
0.008177272576306538
-0.016849174164235595
-0.038830524842653966
-0.057861435626234324
-0.0741846321948937
-0.08815763065857547
-0.10021246490733964
-0.11081527253346783
-0.12042151897081307
-0.12943531519600324
-0.13817494681903295
-0.14684423272098815
-0.15551608641232764
-0.16412336326071195
-0.17246394285133906
-0.1802158041724137
-0.18696298503449985
-0.1922304970877511
-0.19552046699183329
-0.1963477379509381
-0.19427679532340594
-0.18895015439816884
-0.18011833088738577
-0.1676638275384903
-0.1516129124377455
-0.13214064229811942
-0.1095607371202537
-0.08431184185402733
-0.056936620202447684
-0.02805740186678512
0.0016532778848029064
0.03150259596960885
0.06080426235816309
0.08890437175120626
0.11520446810339179
0.13917619468910353
0.16037691490990774
0.17845710845930235
0.19315561173217638
0.2042942712349551
0.2117744189287935
0.21557333107505525
0.21573151169078691
0.2123467182474477
0.20557021828634398
0.1956045122018882
0.18270015503679002
0.16715286459241593
0.14930225483008794
0.12952958047389984
0.10825941631836551
0.08595863836152214
0.06312615690486771
0.040281087426202636
0.017945131686116972
-0.003370094761651533
-0.02318065706640482
-0.041053803105439456
-0.05662585222827537
-0.06961892119475774
-0.0798539048326867
-0.08725947487567152
-0.09187715234501022
-0.09385846502014569
-0.0934566150286368
-0.09101224610848087
-0.0869321950844356
-0.08166526311210223
-0.07567989852811609
-0.06944361062986511
-0.06340194493532181
-0.05795236637017557
-0.05342393075781209
-0.05006405312035765
-0.04803258805934872
-0.047400791597153456
-0.04814955844943013
-0.05017966204988105
-0.05333016560013805
-0.057390516490808556
-0.062114471436611245
-0.06723397145313877
-0.07247012640748705
-0.0775441298527377
-0.08218786865472794
-0.08614326374871391
-0.08916134307427066
-0.09100705544863429
-0.09146036872906345
-0.09030781420213836
-0.08733991134379591
-0.08235107575144086
-0.0751333867332765
-0.06547584837036473
-0.05317784393472331
-0.038064863931919844
-0.020004443159060827
0.0010768505204136252
0.02517287426495126
0.05218346669737782
0.08189394564500876
0.11395018787256309
0.14784385210701398
0.18291085905262403
0.2183352272425379
0.2531548983284405
0.2862788683601788
0.31652044292007175
0.34263732922928675
0.3633783385157585
0.37753433201994213
0.38398938200303484
0.3817779730473246
0.37013617157936096
0.348556640957083
0.31682517166648594
0.2750531903335026
0.22370179476482527
0.16358724342925207
0.09587471586252963
0.022049075125583593
-0.0561193207811032
-0.1366183241563184
-0.2172675489314965
-0.29579222734485355
-0.3698986385549818
-0.43735410060201374
-0.49605643323489595
-0.5441062705857413
-0.5798771445240293
-0.6020697184971401
-0.6097584217786789
-0.602412902883121
-0.5799139865807125
-0.5425692881856646
-0.4910976620657103
-0.426610352737563
-0.35058956486838205
-0.26484647393226624
-0.17147738060780934
-0.07281468036983696
0.02861926225679261
0.13016811864716668
0.22910311019846372
0.3226811279143606
0.40821097578321186
0.4831245392560959
0.5450385021311897
0.5918242739779609
0.6216893387692315
0.6332475032125201
0.6255817413330078
0.5983012382473264
0.5515969672373363
0.48628061690500807
0.403795097555433
0.3062079069869859
0.1961807587317058
0.0769203496830804
-0.04790470762444394
-0.17427752592733928
-0.29796275177172254
-0.41465230711868833
-0.5201320328882763
-0.6104516301836286
-0.6820872383458274
-0.7321035478796277
-0.758295768073627
-0.759311603648322
-0.7347341903618404
-0.6851195820740291
-0.6120078946862902
-0.5178703580583844
-0.40602807700634
-0.2805306517652103
-0.14598411534513747
-0.00736142457130233
0.13019342028668948
0.26158117077180315
0.38196802139282227
0.4869856004204069
0.5729164672749383
0.6368441752025059
0.6767712639910834
0.6916939850364413
0.681632256933621
0.6476064622402191
0.5915751031466893
0.51633463374206
0.42537639502968105
0.32271612861326765
0.21271297335624695
0.09987861982413701
-0.01132200162724724
-0.1166572416467326
-0.21229777059384755
-0.29496762050049646
-0.36205391798700604
-0.4116906246968678
-0.4428092347724097
-0.45514011702367235
-0.44918389511959894
-0.4261547124811581
-0.38789081147738863
-0.336739114352635
-0.27542355337313246
-0.20690743146198137
-0.13425465566771372
-0.0604965209162661
0.01149449733618115
0.07911487988063268
0.14012697605150087
0.19272394797631673
0.23557383567094803
0.26783242183072226
0.28913407347032
0.29956833911793573
0.29962868988513947
0.29015274345874786
0.2722576643739428
0.24726559753928865
0.21662786496537073
0.18185288831591606
0.1444424188562802
0.1058328989893198
0.06735374539026193
0.030199102924338406
-0.00459659781440028
-0.036167038205478876
-0.0638128745236567
-0.08699817529746465
-0.10533843162868704
-0.11858946138194629
-0.12663646787405014
-0.12948109156319074
-0.12723685854247638
-0.12012021509664399
-0.10844626916306359
-0.09263113061232227
-0.07318750343152455
-0.05072077204074178
-0.025929806155285666
4.004752164681689E-4
0.027415570802986625
0.05420849538807358
0.07984694199902671
0.10340450118694987
0.12399076670408249
0.14078825605767115
0.15308985167316028
0.1603356541267463
0.16214248059051378
0.1583264363663537
0.148918196026768
0.13416439294815063
0.11452413589826652
0.09065093286335468
0.06336003861257009
0.03359526621976069
0.0023870656898777416
-0.029194397319640433
-0.06008643829928977
-0.08928133227995463
-0.11587213006402765
-0.1390883071081979
-0.15832156954067095
-0.17314322292804718
-0.18331118619867734
-0.18876832936491286
-0.1896331049501896
-0.1861826293170452
-0.17882688183869636
-0.1680800739143576
-0.15452993235417775
-0.13880314358643123
-0.1215354289327349
-0.10334645185087409
-0.0848154111632279
-0.06646085849830083
-0.04872646675046001
-0.0319721508505089
-0.016469711437821388
-0.0024030629262727235
0.010128640968884746
0.021100392831223357
0.030553106418145553
0.03858267050236464
0.04532703650849207
0.05095188106809344
0.05563727992453745
0.05956584667520864
0.06290946528315544
0.06581674516201019
0.06840145029127598
0.07073516638151237
0.07284525781869888
0.07471101491578988
0.07626242084162575
0.07738310604223184
0.07791627171848502
0.07767544952886445
0.07645792035119874
0.07405882169093404
0.07028800169272083
0.06498436310461589
0.05803340620228222
0.049381239605801444
0.03904582014573472
0.027125289264534204
0.0137972993377064
-6.797799162866008E-4
-0.01597000984475017
-0.03167076874524355
-0.04732803734285491
-0.06245367628123079
-0.07654511822121483
-0.08910724919821535
-0.09967556382928576
-0.10783836431801319
-0.11325426000569548
-0.11566737400633949
-0.11491999908217362
-0.11095906714243549
-0.10383820799844605
-0.0937180697385754
-0.0808621873813016
-0.06562747513609272
-0.04845365536000047
-0.029846536394740854
-0.010361228204731426
0.009417629335075626
0.02889371490372079
0.047476962740932195
0.06460481429738658
0.0797615045947688
0.0924933020557676
0.10242375279111522
0.10926694449569498
0.11283763311803341
0.11305521322148186
0.10994575305708817
0.10364234846617494
0.09438228287867137
0.08250001019665174
0.06841653292732579
0.05262255934732301
0.035659562397216044
0.01809985729466591
5.244944311146144E-4
-0.016496191067355025
-0.032424478259469786
-0.046776977367699146
-0.05914191755333117
-0.069195849022695
-0.0767139121890068
-0.08157430722245149
-0.0837593711912632
-0.08334924041160516
-0.08051535726657935
-0.075506827128785
-0.06863090795065675
-0.06023534094648702
-0.05068712255784443
-0.04035198861466987
-0.02957776834123901
-0.0186796442472509
-0.00792806715305362
0.00245906774320507
0.012322275766304564
0.02155955408566765
0.030122114877615663
0.03800578215824706
0.04523968550243548
0.05187581931906087
0.05797533478055682
0.06359443254768848
0.06877147752259459
0.07351758277841977
0.07780953443476132
0.08158606503690992
0.08474445343017578
0.0871427096426487
0.08861019701829978
0.08896053209900856
0.08800426604492324
0.08556306415370532
0.08148538773613316
0.07566333216215883
0.06804667732545308
0.05865479792867388
0.04758687490331275
0.03502658714673349
0.021242503209837844
0.006584654029990944
-0.008526595375899759
-0.023615426051297357
-0.03817238472402096
-0.05167998706123659
-0.06363738408046109
-0.07358568135116782
-0.0811353764895882
-0.08599354193678924
-0.08798405528068542
-0.08706234368894782
-0.0833238677254745
-0.07700687380773681
-0.06848451867699623
-0.058246786440057416
-0.04687687395406621
-0.03502036537975073
-0.023346297309866974
-0.012508880679628681
-0.0031092877366713117
0.004344047479597587
0.009467851004696317
0.012028059556281992
0.011957291114543165
0.009360317207340683
0.00450820312835276
-0.002176370122469962
-0.010145482873278006
-0.018761455214449337
-0.02733808589567031
-0.0351856066180127
-0.04165658647460597
-0.046188831861530034
-0.0483453581109643
-0.047845259574907165
-0.04458139863397394
-0.03862584116203444
-0.0302259037271142
-0.01978832802602223
-0.007852326779227174
0.004946952402990842
0.01791953488386103
0.030366419082773582
0.04162446981562035
0.051108907509062974
0.05834902583488396
0.063017071091703
0.06494561769068241
0.06413445462073598
0.06074373543794666
0.05507465930921691
0.047544491211218495
0.038652664715690274
0.02894135125513588
0.018957246627126424
0.009212108262415447
1.483310212019506E-4
-0.007888960635422593
-0.014673571501459393
-0.020111630404634134
-0.024241988148008074
-0.027226731979421208
-0.029333861079066992
-0.030910346790083816
-0.032349777540990284
-0.034056272490748336
-0.03640744090080261
-0.03971978050789663
-0.044220250099897385
-0.05002165266445705
-0.05710392365498202
-0.06530619013522353
-0.07432965774621282
-0.08375070350510734
-0.09304182577346053
-0.10159904749265738
-0.10877573170832225
-0.11392275164169925
-0.11643105718706336
-0.11577178484627179
-0.11153394276542324
-0.1034575237759522
-0.0914576274475881
-0.07563912974936622
-0.05630032106169632
-0.033927093126944134
-0.009178267060113805
0.01714040664955974
0.04411242183830057
0.07075424785060543
0.09606630967131682
0.11908387738679137
0.1389305213732379
0.15486527979373932
0.16632406360336713
0.17295107298663684
0.17462029361299106
0.17144299298524857
0.16376379717673575
0.1521414326769965
0.13731758243271283
0.12017379674528327
0.10167809389531612
0.0828273275068828
0.0645856796098607
0.047826030424663
0.03327627958995955
0.021474725566804412
0.01273809506424836
0.007145315342183625
0.0045346310195912235
0.004517379166957525
0.00650705340584474
0.009762358053454332
0.013443723021607314
0.01667677172060524
0.01861755277163216
0.018519351724535227
0.015794822347483466
0.010066416413922396
0.0012037328186644506
-0.010656008729711177
-0.025105828552373817
-0.041485290708286424
-0.058916675725153515
-0.07635513586657387
-0.092653235952769
-0.10663490769054208
-0.11717405409685203
-0.12327567833874907
-0.12414818869105407
-0.11926181454743658
-0.10839652642607689
-0.09167539487992014
-0.0695739755673068
-0.04290796922785895
-0.01280031030598496
0.019370541774800847
0.05203926696309021
0.08353400230407715
0.11216772374297891
0.13633064180612564
0.15457838188324655
0.16571528943521635
0.16886198254568235
0.16351041623524257
0.14955617221338408
0.12731094977685384
0.09749233270330089
0.06119039495076452
0.019818226008542945
-0.024956248035388335
-0.07128928814615522
-0.11724795268050262
-0.16090315633586474
-0.20041801195059503
-0.2341301590204239
-0.26062870983566555
-0.278811198260103
-0.2879259703414781
-0.2876002086060388
-0.277845561504364
-0.2590454359139715
-0.2319267179284777
-0.19751623006803648
-0.15708435433251516
-0.11208288690873555
-0.0640766154974699
-0.014676651917397976
0.034524256230465004
0.08201188753758158
0.12639968522957393
0.16647176710622652
0.20121439333472932
0.22983592376112938
0.25177787457193646
0.2667110732623509
0.2745271112237658
0.27532330261809485
0.26938010858637945
0.25713922721999033
0.23917795611279352
0.21618262784821646
0.18892661003129824
0.15824979809778078
0.12503522767552308
0.09019046409853868
0.054631266609898636
0.019262663887015415
-0.015034078121451392
-0.04741857014596462
-0.07710816338658333
-0.10339549609592982
-0.1256672346166202
-0.1434259888316904
-0.15630963710801943
-0.1641048714518547
-0.16676067560911179
-0.1643978894821235
-0.15731008616941317
-0.14595850982836314
-0.1309575050004891
-0.1130540921751942
-0.09309597898806844
-0.071995987956013
-0.05069239730281489
-0.030102163021053587
-0.01107383679066386
0.0056546437055138565
0.019493172078260353
0.030031607020646334
0.037059868685901165
0.04057725997907775
0.040791379287838936
0.03810176293232611
0.033072718153042455
0.026395780899162804
0.018844465459031717
0.011223319152902282
0.004314599591972575
-0.001173075350899514
-0.00465125823393464
-0.005693013829711291
-0.004060430701688996
2.8269815447856374E-4
0.007167110003397931
0.016229265103382722
0.02693703431370003
0.03862443819109883
0.050534731043236594
0.06186980328389576
0.07184156509382385
0.07972165303570884
0.08488803330276694
0.08686320882822786
0.08534319778638226
0.08021619197513376
0.0715650599449873
0.059658601081797054
0.04493531890745674
0.02797435037791729
0.009460521662341709
-0.009853372017719906
-0.02918980742937752
-0.04778790753334761
-0.06494046162281718
-0.08002701534756593
-0.09254082744675023
-0.10210661856191498
-0.10848732984491757
-0.11158371530473232
-0.11142829725784915
-0.10817025708300727
-0.10205615498125553
-0.09340878842132432
-0.08260447824639934
-0.07004863263240882
-0.056156158314219544
-0.041334932536951134
-0.02597274657871042
-0.010426160513556434
0.004986824101901476
0.019988177410726036
0.0343373232920255
0.04782769789120981
0.06028243114373514
0.07154789194464684
0.08148824104240962
0.089981096131461
0.09691345558634826
0.10218070474054132
0.105687126783388
0.10734784257199083
0.10709358512290887
0.10487371550074645
0.10066194246922221
0.09446156211197376
0.08630801843745368
0.07627238492880549
0.06446363111691815
0.05102778651884624
0.036147384239094596
0.020041158156735555
0.0029621984992575447
-0.014806055231019855
-0.03295352283333029
-0.05114786486540522
-0.0690392583076443
-0.08626631194991725
-0.10246115656835693
-0.11725596870694842
-0.13029015277113234
-0.14121656918099948
-0.14970950675862177
-0.1554731029484953
-0.15824955222862108
-0.15782806330493518
-0.15405616856047086
-0.14685082967792237
-0.13620907281126296
-0.12221416804407324
-0.1050433697445052
-0.08497196223054614
-0.06237221163298402
-0.03771286364644766
-0.011552727747974653
0.015473311168274708
0.042668517279837816
0.06929168105125427
0.09458044996219021
0.11777567331280027
0.13814971968531609
0.15503394923039845
0.16784472710319928
0.17610817668693407
0.17948359463896071
0.1777805377330099
0.17097300344279834
0.15920693799853325
0.14280077974711144
0.12223950321120876
0.09816276468336582
0.07134525743978364
0.04267070841576372
0.013100964316566077
-0.01635807626215475
-0.04469396998839719
-0.07092737353273801
-0.09415051979678017
-0.11356239473181111
-0.12850248600755418
-0.13847893636141503
-0.14318988472223282
-0.14253647465791022
-0.13662863682423318
-0.12578186765313148
-0.11050415810729776
-0.09147503839007445
-0.06951620722455638
-0.04555612523108721
-0.020589150488376617
0.004368252170804352
0.028322912686105286
0.05034969813589539
0.0696324450629098
0.08549928106367588
0.09745186381042004
0.10518486398671355
0.10859595079507146
0.10778481114123549
0.1030405895518405
0.09482091053255967
0.08372388194714274
0.07045200759811061
0.055771496413009505
0.04047051990138633
0.02531557290681771
0.011010125246165054
-0.0018407233583275205
-0.012758426235190459
-0.02141059216644083
-0.02762146121157067
-0.03137280033635242
-0.032794680313340256
-0.032146907677607875
-0.02979394221412284
-0.026173786725848913
-0.021763942071369717
-0.01704600127413869
-0.012471579181562577
-0.008432306083185332
-0.0052343528950586915
-0.003080742059475076
-0.0020622413721866897
-0.0021574888877304525
-0.0032410830442261484
-0.005098675876589757
-0.00744791649880686
-0.009964503048520004
-0.012311719058613693
-0.014168836741841264
-0.015257388020732574
-0.015363517017768962
-0.014356493051829082
-0.012200369499623775
-0.008956879610195756
-0.004781345487572254
8.729114974162812E-5
0.005344851607722896
0.010646458049970014
0.015632272930815816
0.01995362594191517
0.023299568000116518
0.025421916041523218
0.026154732863817896
0.025426964541631087
0.02326828201434442
0.01980892987921834
0.015271708302732025
0.009955527859606914
0.004214571090415121
-0.001566924383431407
-0.007004313254063683
-0.011742308935416597
-0.015482416675825204
-0.018006177419530495
-0.019193096152905906
-0.0190315356345049
-0.01762140209653548
-0.01516976220799344
-0.011978473580841507
-0.008422911366713899
-0.004925718264920371
-0.0019266767485532914
1.5143158556643943E-4
9.367980487045959E-4
1.3944732355801996E-4
-0.0024218520266003915
-0.006798451733110207
-0.01289949958611812
-0.020489266142249107
-0.029192992885197912
-0.03851264342665672
-0.04785358014383486
-0.05655851933572974
-0.06394660605915956
-0.06935661073241915
-0.07219008037022182
-0.07195273440863405
-0.06829197332262993
-0.06102761094059263
-0.05017329818968262
-0.035946297592350414
-0.018767117655703
7.51286647365694E-4
0.021828838224921907
0.043553587581430166
0.06492519910846438
0.08490550597863537
0.10247292183339596
0.11667797315333571
0.12669429342661584
0.13186565414071083
0.13174542305724962
0.126125091952937
0.11504984035023622
0.09882296435534954
0.07799545276377882
0.05334195627697876
0.025825214572250843
-0.003448334372868493
-0.03327995379056249
-0.06243723617600543
-0.08971296862832137
-0.11398247656013284
-0.13425725432378904
-0.1497316983129297
-0.1598190771681922
-0.16417619213461876
-0.16271512795771872
-0.15560165686266764
-0.14324154598372324
-0.12625458197934286
-0.10544072490717683
-0.0817382290427174
-0.056172173736350875
-0.029804029501974583
-0.003681375653416455
0.02121203931580697
0.04399915651551315
0.06394414444054876
0.08047920359032494
0.09322122697319303
0.10197810988341059
0.1067446805536747
0.10768926010600158
0.10513119399547577
0.09951306506991386
0.09136968824480261
0.08129286633006164
0.06989494285413198
0.05777564285589116
0.04549206753394434
0.03353307515914951
0.022302063248519386
0.012106024394077914
0.0031502069655938887
-0.004461094820206718
-0.010716813882546765
-0.01568545131678028
-0.019498323888650963
-0.02233123067500336
-0.02438457915559411
-0.025862535993967737
-0.02695520448365382
-0.027823839336633682
-0.028588600722806796
-0.02932126573952181
-0.030042584386787245
-0.030723549824740206
-0.03129166018749986
-0.0316409452685288
-0.03164379032594817
-0.031163442879915237
-0.030067759499486004
-0.028242765526686395
-0.025604985587831055
-0.02211126152958189
-0.017766203598252366
-0.012626560804034983
-0.006801693101546594
-4.4943830601239075E-4
0.006232150597497821
0.013014994727979814
0.019653431938162873
0.02589987444558314
0.03151996952614614
0.03630645865840571
0.04009160891707454
0.042758875260395665
0.04425037266420467
0.04456989826368434
0.043783237891537805
0.042015157506934235
0.039441650068121295
0.036277529650500843
0.03276281324880464
0.029147227028650895
0.025674643527184213
0.02256597299128771
0.020004256029746363
0.018123555396284376
0.01699986189071621
0.016645988316408226
0.01701096412060516
0.01798350709889616
0.0193993368718241
0.021053099805223095
0.02271349289055382
0.02413905737921596
0.02509469578840903
0.025367800279387405
0.024782395788601468
0.023211471936000243
0.02058610546269587
0.01689958938264421
0.01220821259942438
0.006628646615094372
3.308191454769785E-4
-0.006471873759957296
-0.013535325016294206
-0.02059846870335085
-0.027397273840116605
-0.03367983696183988
-0.03921838690127645
-0.043819542841187546
-0.047333528686847
-0.049658271351030896
-0.05074150607522045
-0.0505790433713368
-0.04921158203589065
-0.04671916299100433
-0.04321419633924961
-0.03883421181568077
-0.033733747500394075
-0.028077313277338232
-0.022033209446817636
-0.015768358217818395
-0.009444907207840256
-0.0032179530660089647
0.0027650953852571547
0.00836475343177361
0.013450461838926588
0.017899938060769012
0.02159756501870496
0.02443513480414237
0.02631445641496352
0.027149435997541462
0.026869289177869047
0.025422666354903152
0.02278221252241305
0.018949672047580992
0.013959891628473997
0.007884778448247485
8.357661156748819E-4
-0.007034812970752163
-0.015534254289897425
-0.024432576461029903
-0.033468791150621006
-0.042357797867485454
-0.050799207229699404
-0.058486937678286006
-0.06512031012347766
-0.07041616950716291
-0.07412001570420605
-0.07601533617292132
-0.07593292849404472
-0.07375899915184293
-0.0694407828684364
-0.06299010690833841
-0.05448487334485565
-0.04406836482563189
-0.03194671629795006
-0.01838415109419397
-0.003695968247484416
0.011759549778487002
0.027589924833072082
0.04337868466973305
0.058697184813874106
0.07311764066772801
0.0862249665494476
0.09762907959520817
0.10697761204625879
0.11396808656198638
0.11835920890527112
0.11997982513691698
0.11873627613697733
0.1146187401775803
0.10770529109452452
0.09816319389002663
0.0862456951290369
0.07228595257869788
0.056688250973820686
0.03991650244487183
0.02247793260695679
0.004905990873729544
-0.012259178229474596
-0.028490637562104633
-0.04329574227865253
-0.05623610730149916
-0.06694493868521281
-0.07514182265315737
-0.08064494627927031
-0.08337870266820703
-0.0833757623497929
-0.08077377825975418
-0.07580678138349738
-0.068793102566685
-0.0601195144866194
-0.0502215317849602
-0.03956136307013886
-0.028604958206415176
-0.017800322268158197
-0.007557140164343374
0.001771752672669077
0.009904651503477777
0.016641147966895784
0.021867408683257445
0.025555592628994157
0.027758782796029533
0.028602288304162875
0.028270633425563574
0.02699094159262521
0.025015329143830707
0.02260428247973323
0.020009390810238465
0.01745715118678553
0.015135398700035043
0.013183647700186287
0.011686826923063822
0.010672853960256492
0.010114314666550077
0.009933903547269958
0.01001320775997426
0.010204288077407652
0.010342103894799948
0.010257047534521137
0.00978839976180877
0.008796910622290204
0.00717487804857748
0.004853886319324375
0.001810789145695578
-0.0019302188510274781
-0.006298975137594555
-0.011181203083002142
-0.016423665386225497
-0.02184324718213507
-0.027236698727522577
-0.0323905757229243
-0.037092920525797775
-0.041143723231341155
-0.04436505865305662
-0.04660986496933869
-0.047769444063305855
-0.04777816975755351
-0.04661554989538023
-0.044308205667350976
-0.0409285021679742
-0.03659118219677891
-0.03144767401473863
-0.025678895746490786
-0.019487174094787667
-0.013087168768314379
-0.0066960578385208335
-5.231259399027183E-4
0.005239571727413152
0.010424673856635178
0.014895884852324213
0.01855314276846392
0.02133524777101619
0.023221197604600872
0.024229877894478186
0.02441690762394241
0.023869474418461323
0.02270014357886144
0.021039219240524938
0.019026042827005898
0.01679993360968573
0.01449167069845966
0.012216731839414154
0.010070006529401456
0.008121960729892765
0.006415843381546439
0.004967531970968205
0.003768128035257438
0.002787713992542455
0.001981007492369308
0.0012952657167001505
6.774226660906749E-4
8.054297359194715E-5
-5.290681022285872E-4
-0.0011656556536243957
-0.0018205221900383808
-0.0024603751704229846
-0.003027984880775746
-0.0034462401942749114
-0.0036241492489352827
-0.003464056153981282
-0.002869964527365353
-0.0017569023683401096
-6.05135842956124E-5
0.0022544111125171185
0.005186580537286188
0.008692964179707425
0.012686464370095305
0.017036972900054285
0.021575362288526127
0.026100213240299906
0.030387004305209433
0.034199318050273826
0.03730329472039427
0.03948254603892565
0.04055146101330008
0.04036747717431614
0.03884181712887117
0.03594760250832353
0.031724203644054275
0.026277140182043825
0.019775075039693286
0.012443585354568703
0.004554566844100398
-0.003587225967619036
-0.011659251160121389
-0.019337744984243597
-0.026314595847257545
-0.03231352940201759
-0.03710413191999708
-0.04051331191190651
-0.042433946526476314
-0.0428295208673392
-0.041735581388430934
-0.03925644460001162
-0.035558072184877734
-0.03085734149707215
-0.025409822618322715
-0.019496136544538394
-0.013407031074166298
-0.00742734143776553
-0.001821458447791105
0.0031791342937919705
0.007387216402483838
0.010667750778208886
0.01294223528488406
0.014190452439444405
0.014448164496570826
0.01380203225250755
0.01238216193658965
0.010352094524673052
0.007897676733721581
0.005215063325262496
0.002498734526203147
-6.952527279021831E-5
-0.0023303857306018476
-0.0041559671184846336
-0.005456725418168519
-0.006185330600211663
-0.006337165483273566
-0.005949272358390901
-0.005096871971285768
-0.003886972703704876
-0.0024502963725743544
-9.319581503015272E-4
5.19237815751695E-4
0.0017613557159035875
0.0026684695039875814
0.0031399609537662147
0.0031084724718571785
0.0025449955303754146
0.0014614579808299583
-8.900506950989527E-5
-0.0020139342938948934
-0.004186461180714624
-0.006452548201195896
-0.008639618687863861
-0.010566875737692629
-0.012056716784302677
-0.012946399028546043
-0.013099847062091743
-0.012418062426149845
-0.010847208655572363
-0.008384816847475511
-0.005082895796346879
-0.0010472657533162951
0.003565683062853557
0.008555501466616988
0.01368718218457486
0.018703337891825607
0.02333829744852015
0.027332596347800324
0.030447999348065684
0.032482181542686055
0.03328144470495837
0.032751098541276794
0.03086244860397918
0.027656505616115674
0.023243319243192673
0.017797571074749743
0.011550448236188718
0.004777473530599049
-0.0022166658475595924
-0.00911432015709579
-0.015602144246388758
-0.021388497669249773
-0.026219736052943126
-0.029894042494041578
-0.032271890102752616
-0.03328307212463447
-0.03292933492256062
-0.031282806902059486
-0.02848068784390177
-0.02471506256344063
-0.020220169997108833
-0.015258270548656583
-0.010103608015924692
-0.005025581307043987
-2.735508605837818E-4
0.0039366391055019835
0.007433917406680328
0.010100532855306352
0.011875745840370655
0.012755715321483356
0.012789966305717826
0.01207442575001291
0.010741412872448564
0.00894792880197721
0.00686342956032604
0.004657155085754182
0.0024861973361112173
4.855178818356097E-4
-0.0012402127945928714
-0.002621657439574067
-0.0036264051034647442
-0.004258040205708572
-0.004552124716740634
-0.004569592885673046
-0.004388208534302456
-0.004093265460271921
-0.0037680212158842812
-0.003484451985319278
-0.0032955063839576076
-0.003229597766351487
-0.0032868890474284334
-0.0034379496605002452
-0.0036263190309650133
-0.0037735706178604494
-0.003785709243467344
-0.003561809251550585
-0.003003753655190979
-0.002025813695841602
-5.639905014374683E-4
0.0014155359406556412
0.0039100566147161385
0.006876689298743648
0.010231960298759597
0.013853787178439754
0.01758648455142975
0.021248784315373217
0.024643756648791686
0.02757026208564639
0.029835384605186328
0.03126716334372759
0.031726334776197164
0.03111651579716376
0.02939198412267225
0.02656265181888427
0.022696291229554584
0.017917345544057234
0.012401858710550837
0.006369548084746514
7.351815241106227E-5
-0.006212718269255545
-0.012208836020103522
-0.017642029760671512
-0.02226175188219973
-0.025852711272558997
-0.028245641716888974
-0.02932628949305841
-0.029041678445147618
-0.02740276851026075
-0.024483783835811273
-0.02041802169489009
-0.015390661245744144
-0.009629119287378021
-0.0033914288838527034
0.0030469482881017034
0.009406135883182287
0.015414867150996412
0.02082312067172357
0.025413178905312504
0.02900843894375222
0.03147990682295391
0.03275011479854584
0.032794298604130745
0.03163848790739264
0.029355178054954325
0.026057886159313575
0.021893295592495372
0.017032402767134563
0.01166119599448783
0.005971568902688367
1.5221075201614844E-4
-0.005619284846553846
-0.011182692666937197
-0.016400271228381565
-0.02115998257483755
-0.02537639226232256
-0.028990239570183412
-0.03196683632475989
-0.03429296226905925
-0.03597283137163946
-0.03702371607401541
-0.03747134057006666
-0.03734544584793704
-0.03667617575930698
-0.035491778781371455
-0.03381669002452067
-0.03167042043060064
-0.02906852967238852
-0.026024472833211933
-0.022551564765827998
-0.01866692484223417
-0.014395035171349133
-0.009771038578557116
-0.004844388625185406
3.183709985543298E-4
0.005632162426731416
0.010992456127756409
0.0162762813270092
0.02134439934577261
0.026044932859284536
0.03021884317110692
0.03370629596923079
0.036354136786290576
0.038024233121957095
0.03860161014433418
0.03800178212778909
0.03617811921451773
0.03312761017254421
0.028894468676298857
0.023571862373501062
0.01730196490617735
0.0102725983264723
0.0027115472309690507
-0.005121216676863176
-0.012943753407203726
-0.020463760875697647
-0.027391354087740183
-0.0334524955334408
-0.038401788233646324
-0.04203448724001646
-0.04419665464333126
-0.04479332906859262
-0.043793944641947746
-0.04123503169310944
-0.037218994460999966
-0.03190948627889156
-0.025524593889713287
-0.018326798387404
-0.010610297222488694
-0.002687402319030038
0.005126184301583895
0.012525764992460608
0.019231697810547694
0.025001326708921363
0.029638994751232012
0.033003667635577064
0.035013720127088685
0.03564837947487831
0.034945638850331306
0.0329979970785124
0.029945728967764547
0.025967817953122512
0.021271655469068458
0.016081703627215966
0.010628290707245469
0.005137610215959805
-1.780594939191358E-4
-0.005128358706964978
-0.009550875851086207
-0.013316060749015637
-0.016329757337059294
-0.0185337817695524
-0.019905046027685915
-0.020453193557581732
-0.020216737474714006
-0.019258525488632067
-0.017661253655595437
-0.015522689591827137
-0.01295077072323433
-0.010059075097420387
-0.006962686278192061
-0.003774792413293783
-6.040342559572309E-4
0.0024482027843727603
0.005289844969021422
0.00783925982458251
0.010026608194623674
0.011794874012204153
0.01310022162007434
0.013912182301282883
0.014213959786242672
0.014002282338749086
0.013287257602704423
0.012092035729438066
0.01045186521618494
0.00841310214517372
0.0060317465270470294
0.0033715853933244944
5.023974600979792E-4
-0.002501907799991646
-0.0055652238661423326
-0.008611017937905021
-0.011563851032406092
-0.014350686322099395
-0.016901930727596794
-0.019152294578296796
-0.0210413973379348
-0.022514434198715856
-0.02352257864549756
-0.024023250809737613
-0.023980723161782538
-0.02336652310831206
-0.022160035757614032
-0.02034954839785184
-0.01793369171874864
-0.01492319319264165
-0.011342537223494478
-0.007231880711125476
-0.0026485917707239942
0.0023317065622125354
0.007615009040039565
0.013089234475046396
0.01862544466608337
0.024080636112817695
0.029301688740296022
0.03413009803209986
0.03840753396174738
0.04198258915649993
0.044717351506863325
0.046494340391031334
0.047222771282706945
0.04684466456196138
0.04533920317356076
0.04272544091301305
0.03906330732362611
0.03445264870034797
0.029030344182891504
0.022965387707310065
0.01645220589957067
0.00970266287082008
0.0029365080741367176
-0.003628404120848115
-0.009785637758406145
-0.015349354694730468
-0.02016256144270301
-0.02410362028915967
-0.027091072207050666
-0.029086452443152666
-0.030094634608498642
-0.030161854677966664
-0.0293716473637947
-0.02783940333340849
-0.025705358878310238
-0.02312628605536052
-0.020266697608998845
-0.017289424913802316
-0.014347623168889965
-0.011577452167070337
-0.009091336413153581
-0.006973627854936889
-0.005278015426093978
-0.00402654813868659
-0.0032108491120327806
-0.0027948647870549145
-0.002719065440552576
-0.0029057424565378047
-0.0032651655159757612
-0.0037022924848965242
-0.004123184896473374
-0.004441336994724615
-0.004583233451869871
-0.004492479875417692
-0.0041330062917300635
-0.0034910092945210636
-0.0025753207987041352
-0.001415962503025574
-6.135451673929198E-5
0.0014251246424724481
0.00296941028708326
0.004491947757612381
0.005912861021767769
0.007156863476016692
0.008158134728936213
0.00886395450548402
0.009237335296347737
0.009259560178699238
0.008931077384789075
0.008270899765193462
0.0073149877633633354
0.006113499386369118
0.004727077786810696
0.003222829911724797
0.0016699570073147436
1.3488950623598482E-4
-0.0013228768906888688
-0.002653855364769697
-0.00382131857830765
-0.004802860801906458
-0.00559091503133199
-0.006192396378277668
-0.006626996444538236
-0.006924740504473448
-0.00712278059550694
-0.007261466467753053
-0.007380463382495301
-0.0075146901487771955
-0.007690420357643494
-0.007922531172100986
-0.008212316847805465
-0.008546331930639488
-0.008896581562502044
-0.009221762950931276
-0.009469983334253942
-0.009582334796765022
-0.009497338407007712
-0.009155682088541133
-0.00850512582941779
-0.007505269022658467
-0.006131793688317495
-0.0043800196477345055
-0.0022668062592856586
1.6847104364257686E-4
0.002864468335506639
0.005739883120570864
0.008696931281260081
0.011625921054344093
0.014411368540355138
0.016938253971082822
0.01909833095435585
0.020796676898109063
0.021957741252013614
0.022530360613018274
0.022491179539688995
0.02184660646266171
0.020633583223181113
0.0189177505671978
0.0167899327352643
0.014361510618722864
0.011758189615128296
0.009112532250583172
0.0065561313614515325
0.004211970904309835
0.002187395892438612
5.67784755341044E-4
-5.889107602082985E-4
-0.0012556003265282397
-0.0014370507352785868
-0.0011693788733932052
-5.176822035407111E-4
4.2831343827336805E-4
0.0015602443392188955
0.0027583661638865514
0.0038994598435238004
0.0048648946020486096
0.005548336859127241
0.005862439533562532
0.005744524283467659
0.005160862779510873
0.0041088588103385905
0.0026167303107545842
7.412134769505688E-4
-0.0014360806879787043
-0.0038142176012375523
-0.006279930705204606
-0.008715175491358553
-0.011004942003637552
-0.013044850335323386
-0.0147477923227208
-0.016049136806811606
-0.01691044115328363
-0.017321639361658266
-0.017301016420658146
-0.016892836628747836
-0.0161634072927492
-0.015195758946772133
-0.014082995343155094
-0.012921129519652044
-0.011801885873345392
-0.010805616887020213
-0.009994875839246171
-0.009409867360123567
-0.009065567482528942
-0.00895046246504145
-0.009027339085670454
-0.009236058918759227
-0.00949799149696316
-0.00972205154331667
-0.009811743129310864
-0.009672657586634159
-0.009220111682744963
-0.008386021247133613
-0.007124618826700109
-0.005417228576594165
-0.0032753440734398153
-7.413181364037366E-4
0.0021131211459370597
0.005190360093755382
0.008371995462636863
0.011525260750204325
0.014510724959628922
0.017190599281873022
0.019436756348503486
0.021138934218989953
0.022212076200438396
0.02260148219232048
0.022286374853657826
0.02128171149109091
0.01963788111295019
0.017438223053302084
0.014794362875233804
0.011839899034904582
0.008722955893192972
0.005597809163321342
0.0026162846895333917
-8.051981837654944E-5
-0.002370126952882856
-0.004155352478846908
-0.005369444410981876
-0.005979494491059866
-0.005987599192719374
-0.005429806803087038
-0.004373528961358326
-0.002913184364193252
-0.0011641882260196973
7.442388388361518E-4
0.0026767084408285367
0.004499741131439805
0.006089466357869762
0.007338492266301598
0.008161918858864478
0.008501767945875014
0.008329815064956034
0.007648651554648366
0.006491181590328259
0.004918333043211273
0.0030148844234645367
8.841516454205181E-4
-0.0013581517975710864
-0.003590681465409164
-0.005693571691933487
-0.007555158941873482
-0.009078106277489237
-0.010184624099305697
-0.01082059568060296
-0.010958252740757806
-0.010597311658784747
-0.009764720951872212
-0.008512987289577723
-0.006916964426636696
-0.005069497473804014
-0.003076110459265432
-0.0010489907747666752
8.990265320919985E-4
0.00266046859490286
0.004139132481733603
0.005255243724345097
0.005949503359650927
0.00618599376840783
0.005953785264864564
0.005267482134513557
0.004166165217091995
0.0027108624012076427
9.808500555144356E-4
-9.306877701809366E-4
-0.0029217375725108597
-0.004886950366199017
-0.0067234109654756525
-0.008336437633261085
-0.009644508361816406
-0.010583172352718455
-0.011108315117391092
-0.011198446221117462
-0.01085562352091074
-0.01010487720902477
-0.008992414156507169
-0.007582756757204022
-0.005954862123222223
-0.004197634041442403
-0.0024047619247409913
-6.694172334391623E-4
9.206307565494043E-4
0.0022874707189787713
0.003367077002102243
0.004112536486770425
0.004496110935828516
0.0045102133548685485
0.0041671624473695245
0.003497815682619278
0.0025491805198336287
0.0013811539642379753
6.283511915431244E-5
-0.0013317312779171126
-0.0027280106940971954
-0.0040551068959757686
-0.00524946247294013
-0.006258062852014389
-0.0070408126006701165
-0.0075718562584370375
-0.007839937694370747
-0.007847923120217664
-0.007611669150979391
-0.007157898441489253
-0.006521378793487591
-0.005742093415132591
-0.004862144223547408
-0.003922692915823843
-0.002961314324888268
-0.0020097079520512906
-0.0010920277231239847
-2.2405359673679688E-4
5.871015392975613E-4
0.0013423758043375395
0.0020495005218046053
0.0027214045070910026
0.0033742499903642704
0.004024991017234113
0.004689155578879374
0.0053788956720381975
0.0061011929896527105
0.006856552558019757
0.007638276504751827
0.008432440692558885
0.009218413948214479
0.00996985619089433
0.010656228854453989
0.011244586070201226
0.01170175289735198
0.011996614347611154
0.012102167421419705
0.011997441461841975
0.011668965486543519
0.011111900742564882
0.01033059214907033
0.009338736168241926
0.008158884044470531
0.006821285783579307
0.0053624616536710945
0.003823497939655291
0.002248171791766903
6.810039818187115E-4
-8.348272759966287E-4
-0.0022594485531694125
-0.0035579388994457467
-0.004701459497612502
-0.005668157245963812
-0.006443887633005423
-0.007022493036596903
-0.007405543633337531
-0.007601744329024639
-0.007626076445116529
-0.007498809169711811
-0.007244323696275907
-0.006889750149899295
-0.006463615622903619
-0.005994624408361103
-0.005510377947108022
-0.0050361988334251305
-0.004594105096267802
-0.004201946247901235
-0.0038727245659434368
-0.0036142217910050283
-0.003429160045925528
-0.003315265149077667
-0.003265441445234631
-0.0032682744786143303
-0.003309007451337363
-0.0033704040522154954
-0.0034336621507204007
-0.003479637746100447
-0.003490020304785243
-0.0034483440852324876
-0.0033409880540732828
-0.003158049183964197
-0.0028938439042706576
-0.0025472682235496385
-0.0021219259610266556
-0.0016258230482760286
-0.0010707704766121295
-4.715087270596997E-4
1.5523830838251967E-4
7.917846794173654E-4
0.0014206284208090178
0.002025518774254514
0.0025924255439479437
0.003110310952511749
0.003571497060225478
0.00397169917622315
0.0043099741784057444
0.0045882816858855745
0.004810596683195659
0.0049820690349276575
0.005107950302772224
0.005192345224453935
0.005237353100840535
0.0052423129922577315
0.005203242846099394
0.0051128161306093845
0.004960820976910847
0.004734768515585789
0.004421043775177428
0.004006419696712068
0.0034798234784310417
0.0028343721226389918
0.00206909202305334
0.0011903092631005818
2.1263496975214933E-4
-8.404353720834478E-4
-0.001936425712691354
-0.003034470810754491
-0.004086701598550592
-0.00504022472471531
-0.005839844849625868
-0.00643102906178683
-0.006763029311384473
-0.006792206067724952
-0.0064852048942287055
-0.005821806478447148
-0.004797190660610795
-0.003423341375309974
-0.001729583425913006
2.377593212129017E-4
0.002416663595275687
0.004731633151615304
0.007096753156344805
0.009419396353353347
0.01160442573018372
0.01355866459198296
0.01519547712190875
0.01643888811979975
0.017227260528930595
0.017516516415136203
0.01728238265163132
0.01652149949222803
0.015251685831961887
0.013511279265263252
0.011357335939205118
0.008863017994112201
0.006114259146020881
0.003205811355396041
2.3698586613006355E-4
-0.0026926216669380665
-0.005487449949474207
-0.008059987532241004
-0.010334254541833485
-0.012248496691297208
-0.013757239860881652
-0.014832426394735063
-0.015463851990976505
-0.015658575309706584
-0.015439372775810105
-0.014843019324221782
-0.013917686517483421
-0.012719939163486873
-0.011311469965481333
-0.009755812452307768
-0.00811540405265987
-0.006448663621475654
-0.004807677835093013
-0.0032363872243357556
-0.0017694035320476229
-4.315666405351035E-4
7.619868223888002E-4
0.0018051201934992736
0.002699474330126707
0.0034528289356135894
0.004077126970514655
0.004586349174912486
0.004994377127981612
0.005313197949102947
0.0055513863751132575
0.005712945596314967
0.005796810129790434
0.005796892651622849
0.0057026595209858245
0.005500232351810804
0.005174105038999447
0.0047090780821495825
0.004092434055304953
0.003316066851506808
0.002378525944160564
0.0012866710977894919
5.692927853877859E-5
-0.0012841511966793665
-0.0026999488805553745
-0.004144534069512572
-0.005564380370612655
-0.006900567760957139
-0.008091563990871822
-0.009076513682625123
-0.00979865059655692
-0.010208729887381196
-0.010268408605562789
-0.00995313552474337
-0.009254268370568752
-0.008180565100961499
-0.006758648403255003
-0.005032721923531166
-0.003062965755816549
-9.228449323148068E-4
</DataArray>
</PointData>
<CellData/>
<Points>
<DataArray type="Float64" NumberOfComponents="3" Format="ascii">
0 0 0
2.5E-5 0 0
5.0E-5 0 0
7.500000000000001E-5 0 0
1.0E-4 0 0
1.25E-4 0 0
1.5000000000000001E-4 0 0
1.75E-4 0 0
2.0E-4 0 0
2.2500000000000002E-4 0 0
2.5E-4 0 0
2.75E-4 0 0
3.0000000000000003E-4 0 0
3.2500000000000004E-4 0 0
3.5E-4 0 0
3.75E-4 0 0
4.0E-4 0 0
4.2500000000000003E-4 0 0
4.5000000000000004E-4 0 0
4.75E-4 0 0
5.0E-4 0 0
5.250000000000001E-4 0 0
5.5E-4 0 0
5.75E-4 0 0
6.000000000000001E-4 0 0
6.25E-4 0 0
6.500000000000001E-4 0 0
6.75E-4 0 0
7.0E-4 0 0
7.250000000000001E-4 0 0
7.5E-4 0 0
7.750000000000001E-4 0 0
8.0E-4 0 0
8.25E-4 0 0
8.500000000000001E-4 0 0
8.75E-4 0 0
9.000000000000001E-4 0 0
9.25E-4 0 0
9.5E-4 0 0
9.750000000000001E-4 0 0
0.001 0 0
0.001025 0 0
0.0010500000000000002 0 0
0.001075 0 0
0.0011 0 0
0.0011250000000000001 0 0
0.00115 0 0
0.001175 0 0
0.0012000000000000001 0 0
0.001225 0 0
0.00125 0 0
0.001275 0 0
0.0013000000000000002 0 0
0.001325 0 0
0.00135 0 0
0.0013750000000000001 0 0
0.0014 0 0
0.001425 0 0
0.0014500000000000001 0 0
0.001475 0 0
0.0015 0 0
0.001525 0 0
0.0015500000000000002 0 0
0.001575 0 0
0.0016 0 0
0.0016250000000000001 0 0
0.00165 0 0
0.001675 0 0
0.0017000000000000001 0 0
0.0017250000000000002 0 0
0.00175 0 0
0.001775 0 0
0.0018000000000000002 0 0
0.001825 0 0
0.00185 0 0
0.0018750000000000001 0 0
0.0019 0 0
0.001925 0 0
0.0019500000000000001 0 0
0.001975 0 0
0.002 0 0
0.002025 0 0
0.00205 0 0
0.002075 0 0
0.0021000000000000003 0 0
0.002125 0 0
0.00215 0 0
0.0021750000000000003 0 0
0.0022 0 0
0.002225 0 0
0.0022500000000000003 0 0
0.002275 0 0
0.0023 0 0
0.0023250000000000002 0 0
0.00235 0 0
0.002375 0 0
0.0024000000000000002 0 0
0.002425 0 0
0.00245 0 0
0.002475 0 0
0.0025 0 0
0.0025250000000000003 0 0
0.00255 0 0
0.002575 0 0
0.0026000000000000003 0 0
0.002625 0 0
0.00265 0 0
0.0026750000000000003 0 0
0.0027 0 0
0.002725 0 0
0.0027500000000000003 0 0
0.002775 0 0
0.0028 0 0
0.0028250000000000003 0 0
0.00285 0 0
0.002875 0 0
0.0029000000000000002 0 0
0.002925 0 0
0.00295 0 0
0.002975 0 0
0.003 0 0
0.0030250000000000003 0 0
0.00305 0 0
0.003075 0 0
0.0031000000000000003 0 0
0.003125 0 0
0.00315 0 0
0.0031750000000000003 0 0
0.0032 0 0
0.003225 0 0
0.0032500000000000003 0 0
0.003275 0 0
0.0033 0 0
0.0033250000000000003 0 0
0.00335 0 0
0.003375 0 0
0.0034000000000000002 0 0
0.003425 0 0
0.0034500000000000004 0 0
0.0034750000000000002 0 0
0.0035 0 0
0.0035250000000000004 0 0
0.00355 0 0
0.003575 0 0
0.0036000000000000003 0 0
0.003625 0 0
0.00365 0 0
0.0036750000000000003 0 0
0.0037 0 0
0.003725 0 0
0.0037500000000000003 0 0
0.003775 0 0
0.0038 0 0
0.0038250000000000003 0 0
0.00385 0 0
0.003875 0 0
0.0039000000000000003 0 0
0.0039250000000000005 0 0
0.00395 0 0
0.003975 0 0
0.004 0 0
0.004025 0 0
0.00405 0 0
0.0040750000000000005 0 0
0.0041 0 0
0.004125 0 0
0.00415 0 0
0.004175 0 0
0.004200000000000001 0 0
0.0042250000000000005 0 0
0.00425 0 0
0.004275 0 0
0.0043 0 0
0.004325 0 0
0.004350000000000001 0 0
0.004375 0 0
0.0044 0 0
0.004425 0 0
0.00445 0 0
0.004475 0 0
0.0045000000000000005 0 0
0.004525 0 0
0.00455 0 0
0.004575 0 0
0.0046 0 0
0.004625000000000001 0 0
0.0046500000000000005 0 0
0.004675 0 0
0.0047 0 0
0.004725 0 0
0.00475 0 0
0.004775000000000001 0 0
0.0048000000000000004 0 0
0.004825 0 0
0.00485 0 0
0.004875 0 0
0.0049 0 0
0.0049250000000000006 0 0
0.00495 0 0
0.004975 0 0
0.005 0 0
0.005025 0 0
0.005050000000000001 0 0
0.0050750000000000005 0 0
0.0051 0 0
0.005125 0 0
0.00515 0 0
0.005175 0 0
0.005200000000000001 0 0
0.0052250000000000005 0 0
0.00525 0 0
0.005275 0 0
0.0053 0 0
0.005325 0 0
0.005350000000000001 0 0
0.0053750000000000004 0 0
0.0054 0 0
0.005425 0 0
0.00545 0 0
0.005475 0 0
0.0055000000000000005 0 0
0.005525 0 0
0.00555 0 0
0.005575 0 0
0.0056 0 0
0.005625000000000001 0 0
0.0056500000000000005 0 0
0.005675 0 0
0.0057 0 0
0.005725 0 0
0.00575 0 0
0.005775000000000001 0 0
0.0058000000000000005 0 0
0.005825 0 0
0.00585 0 0
0.005875 0 0
0.0059 0 0
0.005925000000000001 0 0
0.00595 0 0
0.005975 0 0
0.006 0 0
0.006025 0 0
0.006050000000000001 0 0
0.0060750000000000005 0 0
0.0061 0 0
0.006125 0 0
0.00615 0 0
0.006175 0 0
0.006200000000000001 0 0
0.0062250000000000005 0 0
0.00625 0 0
0.006275 0 0
0.0063 0 0
0.006325 0 0
0.006350000000000001 0 0
0.0063750000000000005 0 0
0.0064 0 0
0.006425 0 0
0.00645 0 0
0.006475000000000001 0 0
0.006500000000000001 0 0
0.006525 0 0
0.00655 0 0
0.006575 0 0
0.0066 0 0
0.006625000000000001 0 0
0.0066500000000000005 0 0
0.006675 0 0
0.0067 0 0
0.006725 0 0
0.00675 0 0
0.006775000000000001 0 0
0.0068000000000000005 0 0
0.006825 0 0
0.00685 0 0
0.006875 0 0
0.006900000000000001 0 0
0.006925000000000001 0 0
0.0069500000000000004 0 0
0.006975 0 0
0.007 0 0
0.007025 0 0
0.007050000000000001 0 0
0.0070750000000000006 0 0
0.0071 0 0
0.007125 0 0
0.00715 0 0
0.007175 0 0
0.007200000000000001 0 0
0.0072250000000000005 0 0
0.00725 0 0
0.007275 0 0
0.0073 0 0
0.007325000000000001 0 0
0.007350000000000001 0 0
0.0073750000000000005 0 0
0.0074 0 0
0.007425 0 0
0.00745 0 0
0.007475000000000001 0 0
0.007500000000000001 0 0
0.0075250000000000004 0 0
0.00755 0 0
0.007575 0 0
0.0076 0 0
0.007625000000000001 0 0
0.0076500000000000005 0 0
0.007675 0 0
0.0077 0 0
0.007725 0 0
0.00775 0 0
0.007775000000000001 0 0
0.0078000000000000005 0 0
0.007825 0 0
0.007850000000000001 0 0
0.007875 0 0
0.0079 0 0
0.007925 0 0
0.00795 0 0
0.007975000000000001 0 0
0.008 0 0
0.008025000000000001 0 0
0.00805 0 0
0.008075 0 0
0.0081 0 0
0.008125 0 0
0.008150000000000001 0 0
0.008175 0 0
0.0082 0 0
0.008225 0 0
0.00825 0 0
0.008275000000000001 0 0
0.0083 0 0
0.008325 0 0
0.00835 0 0
0.008375 0 0
0.008400000000000001 0 0
0.008425 0 0
0.008450000000000001 0 0
0.008475 0 0
0.0085 0 0
0.008525 0 0
0.00855 0 0
0.008575000000000001 0 0
0.0086 0 0
0.008625 0 0
0.00865 0 0
0.008675 0 0
0.008700000000000001 0 0
0.008725 0 0
0.00875 0 0
0.008775 0 0
0.0088 0 0
0.008825000000000001 0 0
0.00885 0 0
0.008875000000000001 0 0
0.0089 0 0
0.008925 0 0
0.00895 0 0
0.008975 0 0
0.009000000000000001 0 0
0.009025 0 0
0.00905 0 0
0.009075 0 0
0.0091 0 0
0.009125000000000001 0 0
0.00915 0 0
0.009175 0 0
0.0092 0 0
0.009225 0 0
0.009250000000000001 0 0
0.009275 0 0
0.009300000000000001 0 0
0.009325 0 0
0.00935 0 0
0.009375 0 0
0.0094 0 0
0.009425000000000001 0 0
0.00945 0 0
0.009475 0 0
0.0095 0 0
0.009525 0 0
0.009550000000000001 0 0
0.009575 0 0
0.009600000000000001 0 0
0.009625 0 0
0.00965 0 0
0.009675000000000001 0 0
0.0097 0 0
0.009725000000000001 0 0
0.00975 0 0
0.009775 0 0
0.0098 0 0
0.009825 0 0
0.009850000000000001 0 0
0.009875 0 0
0.0099 0 0
0.009925 0 0
0.00995 0 0
0.009975000000000001 0 0
0.01 0 0
0.010025000000000001 0 0
0.01005 0 0
0.010075 0 0
0.010100000000000001 0 0
0.010125 0 0
0.010150000000000001 0 0
0.010175 0 0
0.0102 0 0
0.010225 0 0
0.01025 0 0
0.010275000000000001 0 0
0.0103 0 0
0.010325 0 0
0.01035 0 0
0.010375 0 0
0.010400000000000001 0 0
0.010425 0 0
0.010450000000000001 0 0
0.010475 0 0
0.0105 0 0
0.010525000000000001 0 0
0.01055 0 0
0.010575000000000001 0 0
0.0106 0 0
0.010625 0 0
0.01065 0 0
0.010675 0 0
0.010700000000000001 0 0
0.010725 0 0
0.010750000000000001 0 0
0.010775 0 0
0.0108 0 0
0.010825000000000001 0 0
0.01085 0 0
0.010875000000000001 0 0
0.0109 0 0
0.010925 0 0
0.01095 0 0
0.010975 0 0
0.011000000000000001 0 0
0.011025 0 0
0.01105 0 0
0.011075 0 0
0.0111 0 0
0.011125000000000001 0 0
0.01115 0 0
0.011175000000000001 0 0
0.0112 0 0
0.011225 0 0
0.011250000000000001 0 0
0.011275 0 0
0.011300000000000001 0 0
0.011325 0 0
0.01135 0 0
0.011375 0 0
0.0114 0 0
0.011425000000000001 0 0
0.01145 0 0
0.011475 0 0
0.0115 0 0
0.011525 0 0
0.011550000000000001 0 0
0.011575 0 0
0.011600000000000001 0 0
0.011625 0 0
0.01165 0 0
0.011675000000000001 0 0
0.0117 0 0
0.011725000000000001 0 0
0.01175 0 0
0.011775 0 0
0.0118 0 0
0.011825 0 0
0.011850000000000001 0 0
0.011875 0 0
0.0119 0 0
0.011925 0 0
0.01195 0 0
0.011975000000000001 0 0
0.012 0 0
0.012025000000000001 0 0
0.01205 0 0
0.012075 0 0
0.012100000000000001 0 0
0.012125 0 0
0.012150000000000001 0 0
0.012175 0 0
0.0122 0 0
0.012225 0 0
0.01225 0 0
0.012275000000000001 0 0
0.0123 0 0
0.012325000000000001 0 0
0.01235 0 0
0.012375 0 0
0.012400000000000001 0 0
0.012425 0 0
0.012450000000000001 0 0
0.012475 0 0
0.0125 0 0
0.012525000000000001 0 0
0.01255 0 0
0.012575000000000001 0 0
0.0126 0 0
0.012625 0 0
0.01265 0 0
0.012675 0 0
0.012700000000000001 0 0
0.012725 0 0
0.012750000000000001 0 0
0.012775 0 0
0.0128 0 0
0.012825000000000001 0 0
0.01285 0 0
0.012875000000000001 0 0
0.0129 0 0
0.012925 0 0
0.012950000000000001 0 0
0.012975 0 0
0.013000000000000001 0 0
0.013025 0 0
0.01305 0 0
0.013075 0 0
0.0131 0 0
0.013125000000000001 0 0
0.01315 0 0
0.013175000000000001 0 0
0.0132 0 0
0.013225 0 0
0.013250000000000001 0 0
0.013275 0 0
0.013300000000000001 0 0
0.013325 0 0
0.01335 0 0
0.013375000000000001 0 0
0.0134 0 0
0.013425000000000001 0 0
0.01345 0 0
0.013475 0 0
0.0135 0 0
0.013525 0 0
0.013550000000000001 0 0
0.013575 0 0
0.013600000000000001 0 0
0.013625 0 0
0.01365 0 0
0.013675000000000001 0 0
0.0137 0 0
0.013725000000000001 0 0
0.01375 0 0
0.013775 0 0
0.013800000000000002 0 0
0.013825 0 0
0.013850000000000001 0 0
0.013875 0 0
0.013900000000000001 0 0
0.013925 0 0
0.01395 0 0
0.013975000000000001 0 0
0.014 0 0
0.014025000000000001 0 0
0.01405 0 0
0.014075 0 0
0.014100000000000001 0 0
0.014125 0 0
0.014150000000000001 0 0
0.014175 0 0
0.0142 0 0
0.014225000000000002 0 0
0.01425 0 0
0.014275000000000001 0 0
0.0143 0 0
0.014325000000000001 0 0
0.01435 0 0
0.014375 0 0
0.014400000000000001 0 0
0.014425 0 0
0.014450000000000001 0 0
0.014475 0 0
0.0145 0 0
0.014525000000000001 0 0
0.01455 0 0
0.014575000000000001 0 0
0.0146 0 0
0.014625 0 0
0.014650000000000002 0 0
0.014675 0 0
0.014700000000000001 0 0
0.014725 0 0
0.014750000000000001 0 0
0.014775 0 0
0.0148 0 0
0.014825000000000001 0 0
0.01485 0 0
0.014875000000000001 0 0
0.0149 0 0
0.014925 0 0
0.014950000000000001 0 0
0.014975 0 0
0.015000000000000001 0 0
0.015025 0 0
0.015050000000000001 0 0
0.015075 0 0
0.0151 0 0
0.015125000000000001 0 0
0.01515 0 0
0.015175000000000001 0 0
0.0152 0 0
0.015225 0 0
0.015250000000000001 0 0
0.015275 0 0
0.015300000000000001 0 0
0.015325 0 0
0.01535 0 0
0.015375000000000002 0 0
0.0154 0 0
0.015425000000000001 0 0
0.01545 0 0
0.015475000000000001 0 0
0.0155 0 0
0.015525 0 0
0.015550000000000001 0 0
0.015575 0 0
0.015600000000000001 0 0
0.015625 0 0
0.01565 0 0
0.015675 0 0
0.015700000000000002 0 0
0.015725 0 0
0.01575 0 0
0.015775 0 0
0.0158 0 0
0.015825000000000002 0 0
0.01585 0 0
0.015875 0 0
0.0159 0 0
0.015925 0 0
0.015950000000000002 0 0
0.015975 0 0
0.016 0 0
0.016025 0 0
0.016050000000000002 0 0
0.016075000000000002 0 0
0.0161 0 0
0.016125 0 0
0.01615 0 0
0.016175000000000002 0 0
0.0162 0 0
0.016225 0 0
0.01625 0 0
0.016275 0 0
0.016300000000000002 0 0
0.016325 0 0
0.01635 0 0
0.016375 0 0
0.0164 0 0
0.016425000000000002 0 0
0.01645 0 0
0.016475 0 0
0.0165 0 0
0.016525 0 0
0.016550000000000002 0 0
0.016575 0 0
0.0166 0 0
0.016625 0 0
0.01665 0 0
0.016675000000000002 0 0
0.0167 0 0
0.016725 0 0
0.01675 0 0
0.016775 0 0
0.016800000000000002 0 0
0.016825 0 0
0.01685 0 0
0.016875 0 0
0.016900000000000002 0 0
0.016925000000000003 0 0
0.01695 0 0
0.016975 0 0
0.017 0 0
0.017025000000000002 0 0
0.01705 0 0
0.017075 0 0
0.0171 0 0
0.017125 0 0
0.017150000000000002 0 0
0.017175 0 0
0.0172 0 0
0.017225 0 0
0.01725 0 0
0.017275000000000002 0 0
0.0173 0 0
0.017325 0 0
0.01735 0 0
0.017375 0 0
0.017400000000000002 0 0
0.017425 0 0
0.01745 0 0
0.017475 0 0
0.0175 0 0
0.017525000000000002 0 0
0.01755 0 0
0.017575 0 0
0.0176 0 0
0.017625000000000002 0 0
0.017650000000000002 0 0
0.017675 0 0
0.0177 0 0
0.017725 0 0
0.017750000000000002 0 0
0.017775 0 0
0.0178 0 0
0.017825 0 0
0.01785 0 0
0.017875000000000002 0 0
0.0179 0 0
0.017925 0 0
0.01795 0 0
0.017975 0 0
0.018000000000000002 0 0
0.018025 0 0
0.01805 0 0
0.018075 0 0
0.0181 0 0
0.018125000000000002 0 0
0.01815 0 0
0.018175 0 0
0.0182 0 0
0.018225 0 0
0.018250000000000002 0 0
0.018275 0 0
0.0183 0 0
0.018325 0 0
0.01835 0 0
0.018375000000000002 0 0
0.0184 0 0
0.018425 0 0
0.01845 0 0
0.018475000000000002 0 0
0.018500000000000003 0 0
0.018525 0 0
0.01855 0 0
0.018575 0 0
0.018600000000000002 0 0
0.018625 0 0
0.01865 0 0
0.018675 0 0
0.0187 0 0
0.018725000000000002 0 0
0.01875 0 0
0.018775 0 0
0.0188 0 0
0.018825 0 0
0.018850000000000002 0 0
0.018875 0 0
0.0189 0 0
0.018925 0 0
0.01895 0 0
0.018975000000000002 0 0
0.019 0 0
0.019025 0 0
0.01905 0 0
0.019075 0 0
0.019100000000000002 0 0
0.019125 0 0
0.01915 0 0
0.019175 0 0
0.019200000000000002 0 0
0.019225000000000003 0 0
0.01925 0 0
0.019275 0 0
0.0193 0 0
0.019325000000000002 0 0
0.019350000000000003 0 0
0.019375 0 0
0.0194 0 0
0.019425 0 0
0.019450000000000002 0 0
0.019475 0 0
0.0195 0 0
0.019525 0 0
0.01955 0 0
0.019575000000000002 0 0
0.0196 0 0
0.019625 0 0
0.01965 0 0
0.019675 0 0
0.019700000000000002 0 0
0.019725 0 0
0.01975 0 0
0.019775 0 0
0.0198 0 0
0.019825000000000002 0 0
0.01985 0 0
0.019875 0 0
0.0199 0 0
0.019925000000000002 0 0
0.019950000000000002 0 0
0.019975 0 0
0.02 0 0
0.020025 0 0
0.020050000000000002 0 0
0.020075000000000003 0 0
0.0201 0 0
0.020125 0 0
0.02015 0 0
0.020175000000000002 0 0
0.020200000000000003 0 0
0.020225 0 0
0.02025 0 0
0.020275 0 0
0.020300000000000002 0 0
0.020325 0 0
0.02035 0 0
0.020375 0 0
0.0204 0 0
0.020425000000000002 0 0
0.02045 0 0
0.020475 0 0
0.0205 0 0
0.020525 0 0
0.020550000000000002 0 0
0.020575 0 0
0.0206 0 0
0.020625 0 0
0.02065 0 0
0.020675000000000002 0 0
0.0207 0 0
0.020725 0 0
0.02075 0 0
0.020775000000000002 0 0
0.020800000000000003 0 0
0.020825 0 0
0.02085 0 0
0.020875 0 0
0.020900000000000002 0 0
0.020925000000000003 0 0
0.02095 0 0
0.020975 0 0
0.021 0 0
0.021025000000000002 0 0
0.021050000000000003 0 0
0.021075 0 0
0.0211 0 0
0.021125 0 0
0.021150000000000002 0 0
0.021175 0 0
0.0212 0 0
0.021225 0 0
0.02125 0 0
0.021275000000000002 0 0
0.0213 0 0
0.021325 0 0
0.02135 0 0
0.021375 0 0
0.021400000000000002 0 0
0.021425 0 0
0.02145 0 0
0.021475 0 0
0.021500000000000002 0 0
0.021525000000000002 0 0
0.02155 0 0
0.021575 0 0
0.0216 0 0
0.021625000000000002 0 0
0.021650000000000003 0 0
0.021675 0 0
0.0217 0 0
0.021725 0 0
0.021750000000000002 0 0
0.021775000000000003 0 0
0.0218 0 0
0.021825 0 0
0.02185 0 0
0.021875000000000002 0 0
0.0219 0 0
0.021925 0 0
0.02195 0 0
0.021975 0 0
0.022000000000000002 0 0
0.022025 0 0
0.02205 0 0
0.022075 0 0
0.0221 0 0
0.022125000000000002 0 0
0.02215 0 0
0.022175 0 0
0.0222 0 0
0.022225 0 0
0.022250000000000002 0 0
0.022275 0 0
0.0223 0 0
0.022325 0 0
0.022350000000000002 0 0
0.022375000000000003 0 0
0.0224 0 0
0.022425 0 0
0.02245 0 0
0.022475000000000002 0 0
0.022500000000000003 0 0
0.022525 0 0
0.02255 0 0
0.022575 0 0
0.022600000000000002 0 0
0.022625000000000003 0 0
0.02265 0 0
0.022675 0 0
0.0227 0 0
0.022725000000000002 0 0
0.02275 0 0
0.022775 0 0
0.0228 0 0
0.022825 0 0
0.022850000000000002 0 0
0.022875 0 0
0.0229 0 0
0.022925 0 0
0.02295 0 0
0.022975000000000002 0 0
0.023 0 0
0.023025 0 0
0.02305 0 0
0.023075000000000002 0 0
0.023100000000000002 0 0
0.023125 0 0
0.02315 0 0
0.023175 0 0
0.023200000000000002 0 0
0.023225000000000003 0 0
0.02325 0 0
0.023275 0 0
0.0233 0 0
0.023325000000000002 0 0
0.023350000000000003 0 0
0.023375 0 0
0.0234 0 0
0.023425 0 0
0.023450000000000002 0 0
0.023475000000000003 0 0
0.0235 0 0
0.023525 0 0
0.02355 0 0
0.023575000000000002 0 0
0.0236 0 0
0.023625 0 0
0.02365 0 0
0.023675 0 0
0.023700000000000002 0 0
0.023725 0 0
0.02375 0 0
0.023775 0 0
0.0238 0 0
0.023825000000000002 0 0
0.02385 0 0
0.023875 0 0
0.0239 0 0
0.023925000000000002 0 0
0.023950000000000003 0 0
0.023975 0 0
0.024 0 0
0.024025 0 0
0.024050000000000002 0 0
0.024075000000000003 0 0
0.0241 0 0
0.024125 0 0
0.02415 0 0
0.024175000000000002 0 0
0.024200000000000003 0 0
0.024225 0 0
0.02425 0 0
0.024275 0 0
0.024300000000000002 0 0
0.024325000000000003 0 0
0.02435 0 0
0.024375 0 0
0.0244 0 0
0.024425000000000002 0 0
0.02445 0 0
0.024475 0 0
0.0245 0 0
0.024525 0 0
0.024550000000000002 0 0
0.024575 0 0
0.0246 0 0
0.024625 0 0
0.024650000000000002 0 0
0.024675000000000002 0 0
0.0247 0 0
0.024725 0 0
0.02475 0 0
0.024775000000000002 0 0
0.024800000000000003 0 0
0.024825 0 0
0.02485 0 0
0.024875 0 0
0.024900000000000002 0 0
0.024925000000000003 0 0
0.02495 0 0
0.024975 0 0
0.025 0 0
0.025025000000000002 0 0
0.025050000000000003 0 0
0.025075 0 0
0.0251 0 0
0.025125 0 0
0.025150000000000002 0 0
0.025175000000000003 0 0
0.0252 0 0
0.025225 0 0
0.02525 0 0
0.025275000000000002 0 0
0.0253 0 0
0.025325 0 0
0.02535 0 0
0.025375 0 0
0.025400000000000002 0 0
0.025425 0 0
0.02545 0 0
0.025475 0 0
0.025500000000000002 0 0
0.025525000000000003 0 0
0.02555 0 0
0.025575 0 0
0.0256 0 0
0.025625000000000002 0 0
0.025650000000000003 0 0
0.025675 0 0
0.0257 0 0
0.025725 0 0
0.025750000000000002 0 0
0.025775000000000003 0 0
0.0258 0 0
0.025825 0 0
0.02585 0 0
0.025875000000000002 0 0
0.025900000000000003 0 0
0.025925 0 0
0.02595 0 0
0.025975 0 0
0.026000000000000002 0 0
0.026025 0 0
0.02605 0 0
0.026075 0 0
0.0261 0 0
0.026125000000000002 0 0
0.02615 0 0
0.026175 0 0
0.0262 0 0
0.026225000000000002 0 0
0.026250000000000002 0 0
0.026275 0 0
0.0263 0 0
0.026325 0 0
0.026350000000000002 0 0
0.026375000000000003 0 0
0.0264 0 0
0.026425 0 0
0.02645 0 0
0.026475000000000002 0 0
0.026500000000000003 0 0
0.026525 0 0
0.02655 0 0
0.026575 0 0
0.026600000000000002 0 0
0.026625000000000003 0 0
0.02665 0 0
0.026675 0 0
0.0267 0 0
0.026725000000000002 0 0
0.026750000000000003 0 0
0.026775 0 0
0.0268 0 0
0.026825 0 0
0.026850000000000002 0 0
0.026875 0 0
0.0269 0 0
0.026925 0 0
0.02695 0 0
0.026975000000000002 0 0
0.027 0 0
0.027025 0 0
0.02705 0 0
0.027075000000000002 0 0
0.027100000000000003 0 0
0.027125 0 0
0.02715 0 0
0.027175 0 0
0.027200000000000002 0 0
0.027225000000000003 0 0
0.02725 0 0
0.027275 0 0
0.0273 0 0
0.027325000000000002 0 0
0.027350000000000003 0 0
0.027375 0 0
0.0274 0 0
0.027425 0 0
0.027450000000000002 0 0
0.027475000000000003 0 0
0.0275 0 0
0.027525 0 0
0.02755 0 0
0.027575000000000002 0 0
0.027600000000000003 0 0
0.027625 0 0
0.02765 0 0
0.027675 0 0
0.027700000000000002 0 0
0.027725 0 0
0.02775 0 0
0.027775 0 0
0.027800000000000002 0 0
0.027825000000000003 0 0
0.02785 0 0
0.027875 0 0
0.0279 0 0
0.027925000000000002 0 0
0.027950000000000003 0 0
0.027975 0 0
0.028 0 0
0.028025 0 0
0.028050000000000002 0 0
0.028075000000000003 0 0
0.0281 0 0
0.028125 0 0
0.02815 0 0
0.028175000000000002 0 0
0.028200000000000003 0 0
0.028225 0 0
0.02825 0 0
0.028275 0 0
0.028300000000000002 0 0
0.028325000000000003 0 0
0.02835 0 0
0.028375 0 0
0.0284 0 0
0.028425000000000002 0 0
0.028450000000000003 0 0
0.028475 0 0
0.0285 0 0
0.028525000000000002 0 0
0.028550000000000002 0 0
0.028575 0 0
0.0286 0 0
0.028625 0 0
0.028650000000000002 0 0
0.028675000000000003 0 0
0.0287 0 0
0.028725 0 0
0.02875 0 0
0.028775000000000002 0 0
0.028800000000000003 0 0
0.028825 0 0
0.02885 0 0
0.028875 0 0
0.028900000000000002 0 0
0.028925000000000003 0 0
0.02895 0 0
0.028975 0 0
0.029 0 0
0.029025000000000002 0 0
0.029050000000000003 0 0
0.029075 0 0
0.0291 0 0
0.029125 0 0
0.029150000000000002 0 0
0.029175000000000003 0 0
0.0292 0 0
0.029225 0 0
0.02925 0 0
0.029275000000000002 0 0
0.029300000000000003 0 0
0.029325 0 0
0.02935 0 0
0.029375000000000002 0 0
0.029400000000000003 0 0
0.029425 0 0
0.02945 0 0
0.029475 0 0
0.029500000000000002 0 0
0.029525000000000003 0 0
0.02955 0 0
0.029575 0 0
0.0296 0 0
0.029625000000000002 0 0
0.029650000000000003 0 0
0.029675 0 0
0.0297 0 0
0.029725 0 0
0.029750000000000002 0 0
0.029775000000000003 0 0
0.0298 0 0
0.029825 0 0
0.02985 0 0
0.029875000000000002 0 0
0.029900000000000003 0 0
0.029925 0 0
0.02995 0 0
0.029975 0 0
0.030000000000000002 0 0
0.030025000000000003 0 0
0.03005 0 0
0.030075 0 0
0.030100000000000002 0 0
0.030125000000000002 0 0
0.03015 0 0
0.030175 0 0
0.0302 0 0
0.030225000000000002 0 0
0.030250000000000003 0 0
0.030275 0 0
0.0303 0 0
0.030325 0 0
0.030350000000000002 0 0
0.030375000000000003 0 0
0.0304 0 0
0.030425 0 0
0.03045 0 0
0.030475000000000002 0 0
0.030500000000000003 0 0
0.030525 0 0
0.03055 0 0
0.030575 0 0
0.030600000000000002 0 0
0.030625000000000003 0 0
0.03065 0 0
0.030675 0 0
0.0307 0 0
0.030725000000000002 0 0
0.030750000000000003 0 0
0.030775 0 0
0.0308 0 0
0.030825 0 0
0.030850000000000002 0 0
0.030875000000000003 0 0
0.0309 0 0
0.030925 0 0
0.030950000000000002 0 0
0.030975000000000003 0 0
0.031 0 0
0.031025 0 0
0.03105 0 0
0.031075000000000002 0 0
0.031100000000000003 0 0
0.031125 0 0
0.03115 0 0
0.031175 0 0
0.031200000000000002 0 0
0.031225000000000003 0 0
0.03125 0 0
0.031275000000000004 0 0
0.0313 0 0
0.031325 0 0
0.03135 0 0
0.031375 0 0
0.031400000000000004 0 0
0.031425 0 0
0.03145 0 0
0.031475 0 0
0.0315 0 0
0.031525000000000004 0 0
0.03155 0 0
0.031575 0 0
0.0316 0 0
0.031625 0 0
0.031650000000000005 0 0
0.031675 0 0
0.0317 0 0
0.031725 0 0
0.03175 0 0
0.031775000000000005 0 0
0.0318 0 0
0.031825 0 0
0.03185 0 0
0.031875 0 0
0.031900000000000005 0 0
0.031925 0 0
0.03195 0 0
0.031975 0 0
0.032 0 0
0.032025000000000005 0 0
0.03205 0 0
0.032075 0 0
0.032100000000000004 0 0
0.032125 0 0
0.032150000000000005 0 0
0.032175 0 0
0.0322 0 0
0.032225000000000004 0 0
0.03225 0 0
0.032275 0 0
0.0323 0 0
0.032325 0 0
0.032350000000000004 0 0
0.032375 0 0
0.0324 0 0
0.032425 0 0
0.03245 0 0
0.032475000000000004 0 0
0.0325 0 0
0.032525 0 0
0.03255 0 0
0.032575 0 0
0.032600000000000004 0 0
0.032625 0 0
0.03265 0 0
0.032675 0 0
0.0327 0 0
0.032725000000000004 0 0
0.03275 0 0
0.032775 0 0
0.0328 0 0
0.032825 0 0
0.032850000000000004 0 0
0.032875 0 0
0.0329 0 0
0.032925 0 0
0.03295 0 0
0.032975000000000004 0 0
0.033 0 0
0.033025 0 0
0.03305 0 0
0.033075 0 0
0.033100000000000004 0 0
0.033125 0 0
0.03315 0 0
0.033175 0 0
0.0332 0 0
0.033225000000000005 0 0
0.03325 0 0
0.033275 0 0
0.0333 0 0
0.033325 0 0
0.033350000000000005 0 0
0.033375 0 0
0.0334 0 0
0.033425 0 0
0.03345 0 0
0.033475000000000005 0 0
0.0335 0 0
0.033525 0 0
0.03355 0 0
0.033575 0 0
0.033600000000000005 0 0
0.033625 0 0
0.03365 0 0
0.033675000000000004 0 0
0.0337 0 0
0.033725000000000005 0 0
0.03375 0 0
0.033775 0 0
0.033800000000000004 0 0
0.033825 0 0
0.033850000000000005 0 0
0.033875 0 0
0.0339 0 0
0.033925000000000004 0 0
0.03395 0 0
0.033975 0 0
0.034 0 0
0.034025 0 0
0.034050000000000004 0 0
0.034075 0 0
0.0341 0 0
0.034125 0 0
0.03415 0 0
0.034175000000000004 0 0
0.0342 0 0
0.034225 0 0
0.03425 0 0
0.034275 0 0
0.034300000000000004 0 0
0.034325 0 0
0.03435 0 0
0.034375 0 0
0.0344 0 0
0.034425000000000004 0 0
0.03445 0 0
0.034475 0 0
0.0345 0 0
0.034525 0 0
0.034550000000000004 0 0
0.034575 0 0
0.0346 0 0
0.034625 0 0
0.03465 0 0
0.034675000000000004 0 0
0.0347 0 0
0.034725 0 0
0.03475 0 0
0.034775 0 0
0.034800000000000005 0 0
0.034825 0 0
0.03485 0 0
0.034875 0 0
0.0349 0 0
0.034925000000000005 0 0
0.03495 0 0
0.034975 0 0
0.035 0 0
0.035025 0 0
0.035050000000000005 0 0
0.035075 0 0
0.0351 0 0
0.035125 0 0
0.03515 0 0
0.035175000000000005 0 0
0.0352 0 0
0.035225 0 0
0.035250000000000004 0 0
0.035275 0 0
0.035300000000000005 0 0
0.035325 0 0
0.03535 0 0
0.035375000000000004 0 0
0.0354 0 0
0.035425000000000005 0 0
0.03545 0 0
0.035475 0 0
0.035500000000000004 0 0
0.035525 0 0
0.03555 0 0
0.035575 0 0
0.0356 0 0
0.035625000000000004 0 0
0.03565 0 0
0.035675 0 0
0.0357 0 0
0.035725 0 0
0.035750000000000004 0 0
0.035775 0 0
0.0358 0 0
0.035825 0 0
0.03585 0 0
0.035875000000000004 0 0
0.0359 0 0
0.035925 0 0
0.03595 0 0
0.035975 0 0
0.036000000000000004 0 0
0.036025 0 0
0.03605 0 0
0.036075 0 0
0.0361 0 0
0.036125000000000004 0 0
0.03615 0 0
0.036175 0 0
0.0362 0 0
0.036225 0 0
0.036250000000000004 0 0
0.036275 0 0
0.0363 0 0
0.036325 0 0
0.03635 0 0
0.036375000000000005 0 0
0.0364 0 0
0.036425 0 0
0.03645 0 0
0.036475 0 0
0.036500000000000005 0 0
0.036525 0 0
0.03655 0 0
0.036575 0 0
0.0366 0 0
0.036625000000000005 0 0
0.03665 0 0
0.036675 0 0
0.0367 0 0
0.036725 0 0
0.036750000000000005 0 0
0.036775 0 0
0.0368 0 0
0.036825000000000004 0 0
0.03685 0 0
0.036875000000000005 0 0
0.0369 0 0
0.036925 0 0
0.036950000000000004 0 0
0.036975 0 0
0.037000000000000005 0 0
0.037025 0 0
0.03705 0 0
0.037075000000000004 0 0
0.0371 0 0
0.037125000000000005 0 0
0.03715 0 0
0.037175 0 0
0.037200000000000004 0 0
0.037225 0 0
0.03725 0 0
0.037275 0 0
0.0373 0 0
0.037325000000000004 0 0
0.03735 0 0
0.037375 0 0
0.0374 0 0
0.037425 0 0
0.037450000000000004 0 0
0.037475 0 0
0.0375 0 0
0.037525 0 0
0.03755 0 0
0.037575000000000004 0 0
0.0376 0 0
0.037625 0 0
0.03765 0 0
0.037675 0 0
0.037700000000000004 0 0
0.037725 0 0
0.03775 0 0
0.037775 0 0
0.0378 0 0
0.037825000000000004 0 0
0.03785 0 0
0.037875 0 0
0.0379 0 0
0.037925 0 0
0.037950000000000005 0 0
0.037975 0 0
0.038 0 0
0.038025 0 0
0.03805 0 0
0.038075000000000005 0 0
0.0381 0 0
0.038125 0 0
0.03815 0 0
0.038175 0 0
0.038200000000000005 0 0
0.038225 0 0
0.03825 0 0
0.038275 0 0
0.0383 0 0
0.038325000000000005 0 0
0.03835 0 0
0.038375 0 0
0.038400000000000004 0 0
0.038425 0 0
0.038450000000000005 0 0
0.038475 0 0
0.0385 0 0
0.038525000000000004 0 0
0.03855 0 0
0.038575000000000005 0 0
0.0386 0 0
0.038625 0 0
0.038650000000000004 0 0
0.038675 0 0
0.038700000000000005 0 0
0.038725 0 0
0.03875 0 0
0.038775000000000004 0 0
0.0388 0 0
0.038825 0 0
0.03885 0 0
0.038875 0 0
0.038900000000000004 0 0
0.038925 0 0
0.03895 0 0
0.038975 0 0
0.039 0 0
0.039025000000000004 0 0
0.03905 0 0
0.039075 0 0
0.0391 0 0
0.039125 0 0
0.039150000000000004 0 0
0.039175 0 0
0.0392 0 0
0.039225 0 0
0.03925 0 0
0.039275000000000004 0 0
0.0393 0 0
0.039325 0 0
0.03935 0 0
0.039375 0 0
0.039400000000000004 0 0
0.039425 0 0
0.03945 0 0
0.039475 0 0
0.0395 0 0
0.039525000000000005 0 0
0.03955 0 0
0.039575 0 0
0.0396 0 0
0.039625 0 0
0.039650000000000005 0 0
0.039675 0 0
0.0397 0 0
0.039725 0 0
0.03975 0 0
0.039775000000000005 0 0
0.0398 0 0
0.039825 0 0
0.039850000000000003 0 0
0.039875 0 0
0.039900000000000005 0 0
0.039925 0 0
0.03995 0 0
0.039975000000000004 0 0
0.04 0 0
0.040025000000000005 0 0
0.04005 0 0
0.040075 0 0
0.040100000000000004 0 0
0.040125 0 0
0.040150000000000005 0 0
0.040175 0 0
0.0402 0 0
0.040225000000000004 0 0
0.04025 0 0
0.040275000000000005 0 0
0.0403 0 0
0.040325 0 0
0.040350000000000004 0 0
0.040375 0 0
0.040400000000000005 0 0
0.040425 0 0
0.04045 0 0
0.040475000000000004 0 0
0.0405 0 0
0.040525 0 0
0.04055 0 0
0.040575 0 0
0.040600000000000004 0 0
0.040625 0 0
0.04065 0 0
0.040675 0 0
0.0407 0 0
0.040725000000000004 0 0
0.04075 0 0
0.040775 0 0
0.0408 0 0
0.040825 0 0
0.040850000000000004 0 0
0.040875 0 0
0.0409 0 0
0.040925 0 0
0.04095 0 0
0.040975000000000004 0 0
0.041 0 0
0.041025 0 0
0.04105 0 0
0.041075 0 0
0.041100000000000005 0 0
0.041125 0 0
0.04115 0 0
0.041175 0 0
0.0412 0 0
0.041225000000000005 0 0
0.04125 0 0
0.041275 0 0
0.0413 0 0
0.041325 0 0
0.041350000000000005 0 0
0.041375 0 0
0.0414 0 0
0.041425000000000003 0 0
0.04145 0 0
0.041475000000000005 0 0
0.0415 0 0
0.041525 0 0
0.041550000000000004 0 0
0.041575 0 0
0.041600000000000005 0 0
0.041625 0 0
0.04165 0 0
0.041675000000000004 0 0
0.0417 0 0
0.041725000000000005 0 0
0.04175 0 0
0.041775 0 0
0.041800000000000004 0 0
0.041825 0 0
0.041850000000000005 0 0
0.041875 0 0
0.0419 0 0
0.041925000000000004 0 0
0.04195 0 0
0.041975000000000005 0 0
0.042 0 0
0.042025 0 0
0.042050000000000004 0 0
0.042075 0 0
0.042100000000000005 0 0
0.042125 0 0
0.04215 0 0
0.042175000000000004 0 0
0.0422 0 0
0.042225 0 0
0.04225 0 0
0.042275 0 0
0.042300000000000004 0 0
0.042325 0 0
0.04235 0 0
0.042375 0 0
0.0424 0 0
0.042425000000000004 0 0
0.04245 0 0
0.042475 0 0
0.0425 0 0
0.042525 0 0
0.042550000000000004 0 0
0.042575 0 0
0.0426 0 0
0.042625 0 0
0.04265 0 0
0.042675000000000005 0 0
0.0427 0 0
0.042725 0 0
0.04275 0 0
0.042775 0 0
0.042800000000000005 0 0
0.042825 0 0
0.04285 0 0
0.042875 0 0
0.0429 0 0
0.042925000000000005 0 0
0.04295 0 0
0.042975 0 0
0.043000000000000003 0 0
0.043025 0 0
0.043050000000000005 0 0
0.043075 0 0
0.0431 0 0
0.043125000000000004 0 0
0.04315 0 0
0.043175000000000005 0 0
0.0432 0 0
0.043225 0 0
0.043250000000000004 0 0
0.043275 0 0
0.043300000000000005 0 0
0.043325 0 0
0.04335 0 0
0.043375000000000004 0 0
0.0434 0 0
0.043425000000000005 0 0
0.04345 0 0
0.043475 0 0
0.043500000000000004 0 0
0.043525 0 0
0.043550000000000005 0 0
0.043575 0 0
0.0436 0 0
0.043625000000000004 0 0
0.04365 0 0
0.043675000000000005 0 0
0.0437 0 0
0.043725 0 0
0.043750000000000004 0 0
0.043775 0 0
0.0438 0 0
0.043825 0 0
0.04385 0 0
0.043875000000000004 0 0
0.0439 0 0
0.043925 0 0
0.04395 0 0
0.043975 0 0
0.044000000000000004 0 0
0.044025 0 0
0.04405 0 0
0.044075 0 0
0.0441 0 0
0.044125000000000004 0 0
0.04415 0 0
0.044175 0 0
0.0442 0 0
0.044225 0 0
0.044250000000000005 0 0
0.044275 0 0
0.0443 0 0
0.044325 0 0
0.04435 0 0
0.044375000000000005 0 0
0.0444 0 0
0.044425 0 0
0.04445 0 0
0.044475 0 0
0.044500000000000005 0 0
0.044525 0 0
0.04455 0 0
0.044575000000000004 0 0
0.0446 0 0
0.044625000000000005 0 0
0.04465 0 0
0.044675 0 0
0.044700000000000004 0 0
0.044725 0 0
0.044750000000000005 0 0
0.044775 0 0
0.0448 0 0
0.044825000000000004 0 0
0.04485 0 0
0.044875000000000005 0 0
0.0449 0 0
0.044925 0 0
0.044950000000000004 0 0
0.044975 0 0
0.045000000000000005 0 0
0.045025 0 0
0.04505 0 0
0.045075000000000004 0 0
0.0451 0 0
0.045125000000000005 0 0
0.04515 0 0
0.045175 0 0
0.045200000000000004 0 0
0.045225 0 0
0.045250000000000005 0 0
0.045275 0 0
0.0453 0 0
0.045325000000000004 0 0
0.04535 0 0
0.045375000000000006 0 0
0.0454 0 0
0.045425 0 0
0.045450000000000004 0 0
0.045475 0 0
0.0455 0 0
0.045525 0 0
0.04555 0 0
0.045575000000000004 0 0
0.0456 0 0
0.045625 0 0
0.04565 0 0
0.045675 0 0
0.045700000000000005 0 0
0.045725 0 0
0.04575 0 0
0.045775 0 0
0.0458 0 0
0.045825000000000005 0 0
0.04585 0 0
0.045875 0 0
0.0459 0 0
0.045925 0 0
0.045950000000000005 0 0
0.045975 0 0
0.046 0 0
0.046025 0 0
0.04605 0 0
0.046075000000000005 0 0
0.0461 0 0
0.046125 0 0
0.046150000000000004 0 0
0.046175 0 0
0.046200000000000005 0 0
0.046225 0 0
0.04625 0 0
0.046275000000000004 0 0
0.0463 0 0
0.046325000000000005 0 0
0.04635 0 0
0.046375 0 0
0.046400000000000004 0 0
0.046425 0 0
0.046450000000000005 0 0
0.046475 0 0
0.0465 0 0
0.046525000000000004 0 0
0.04655 0 0
0.046575000000000005 0 0
0.0466 0 0
0.046625 0 0
0.046650000000000004 0 0
0.046675 0 0
0.046700000000000005 0 0
0.046725 0 0
0.04675 0 0
0.046775000000000004 0 0
0.0468 0 0
0.046825000000000006 0 0
0.04685 0 0
0.046875 0 0
0.046900000000000004 0 0
0.046925 0 0
0.046950000000000006 0 0
0.046975 0 0
0.047 0 0
0.047025000000000004 0 0
0.04705 0 0
0.047075 0 0
0.0471 0 0
0.047125 0 0
0.047150000000000004 0 0
0.047175 0 0
0.0472 0 0
0.047225 0 0
0.04725 0 0
0.047275000000000005 0 0
0.0473 0 0
0.047325 0 0
0.04735 0 0
0.047375 0 0
0.047400000000000005 0 0
0.047425 0 0
0.04745 0 0
0.047475 0 0
0.0475 0 0
0.047525000000000005 0 0
0.04755 0 0
0.047575 0 0
0.0476 0 0
0.047625 0 0
0.047650000000000005 0 0
0.047675 0 0
0.0477 0 0
0.047725000000000004 0 0
0.04775 0 0
0.047775000000000005 0 0
0.0478 0 0
0.047825 0 0
0.047850000000000004 0 0
0.047875 0 0
0.047900000000000005 0 0
0.047925 0 0
0.04795 0 0
0.047975000000000004 0 0
0.048 0 0
0.048025000000000005 0 0
0.04805 0 0
0.048075 0 0
0.048100000000000004 0 0
0.048125 0 0
0.048150000000000005 0 0
0.048175 0 0
0.0482 0 0
0.048225000000000004 0 0
0.04825 0 0
0.048275000000000005 0 0
0.0483 0 0
0.048325 0 0
0.048350000000000004 0 0
0.048375 0 0
0.048400000000000006 0 0
0.048425 0 0
0.04845 0 0
0.048475000000000004 0 0
0.0485 0 0
0.048525000000000006 0 0
0.04855 0 0
0.048575 0 0
0.048600000000000004 0 0
0.048625 0 0
0.048650000000000006 0 0
0.048675 0 0
0.0487 0 0
0.048725000000000004 0 0
0.04875 0 0
0.048775 0 0
0.0488 0 0
0.048825 0 0
0.048850000000000005 0 0
0.048875 0 0
0.0489 0 0
0.048925 0 0
0.04895 0 0
0.048975000000000005 0 0
0.049 0 0
0.049025 0 0
0.04905 0 0
0.049075 0 0
0.049100000000000005 0 0
0.049125 0 0
0.04915 0 0
0.049175 0 0
0.0492 0 0
0.049225000000000005 0 0
0.04925 0 0
0.049275 0 0
0.049300000000000004 0 0
0.049325 0 0
0.049350000000000005 0 0
0.049375 0 0
0.0494 0 0
0.049425000000000004 0 0
0.04945 0 0
0.049475000000000005 0 0
0.0495 0 0
0.049525 0 0
0.049550000000000004 0 0
0.049575 0 0
0.049600000000000005 0 0
0.049625 0 0
0.04965 0 0
0.049675000000000004 0 0
0.0497 0 0
0.049725000000000005 0 0
0.04975 0 0
0.049775 0 0
0.049800000000000004 0 0
0.049825 0 0
0.049850000000000005 0 0
0.049875 0 0
0.0499 0 0
0.049925000000000004 0 0
0.04995 0 0
0.049975000000000006 0 0
0.05 0 0
0.050025 0 0
0.050050000000000004 0 0
0.050075 0 0
0.050100000000000006 0 0
0.050125 0 0
0.05015 0 0
0.050175000000000004 0 0
0.0502 0 0
0.050225000000000006 0 0
0.05025 0 0
0.050275 0 0
0.050300000000000004 0 0
0.050325 0 0
0.050350000000000006 0 0
0.050375 0 0
0.0504 0 0
0.050425000000000005 0 0
0.05045 0 0
0.050475 0 0
0.0505 0 0
0.050525 0 0
0.050550000000000005 0 0
0.050575 0 0
0.0506 0 0
0.050625 0 0
0.05065 0 0
0.050675000000000005 0 0
0.0507 0 0
0.050725 0 0
0.05075 0 0
0.050775 0 0
0.050800000000000005 0 0
0.050825 0 0
0.05085 0 0
0.050875000000000004 0 0
0.0509 0 0
0.050925000000000005 0 0
0.05095 0 0
0.050975 0 0
0.051000000000000004 0 0
0.051025 0 0
0.051050000000000005 0 0
0.051075 0 0
0.0511 0 0
0.051125000000000004 0 0
0.05115 0 0
0.051175000000000005 0 0
0.0512 0 0
0.051225 0 0
0.051250000000000004 0 0
0.051275 0 0
0.051300000000000005 0 0
0.051325 0 0
0.05135 0 0
0.051375000000000004 0 0
0.0514 0 0
0.051425000000000005 0 0
0.05145 0 0
0.051475 0 0
0.051500000000000004 0 0
0.051525 0 0
0.051550000000000006 0 0
0.051575 0 0
0.0516 0 0
0.051625000000000004 0 0
0.05165 0 0
0.051675000000000006 0 0
0.0517 0 0
0.051725 0 0
0.051750000000000004 0 0
0.051775 0 0
0.051800000000000006 0 0
0.051825 0 0
0.05185 0 0
0.051875000000000004 0 0
0.0519 0 0
0.051925000000000006 0 0
0.05195 0 0
0.051975 0 0
0.052000000000000005 0 0
0.052025 0 0
0.05205 0 0
0.052075 0 0
0.0521 0 0
0.052125000000000005 0 0
0.05215 0 0
0.052175 0 0
0.0522 0 0
0.052225 0 0
0.052250000000000005 0 0
0.052275 0 0
0.0523 0 0
0.052325 0 0
0.05235 0 0
0.052375000000000005 0 0
0.0524 0 0
0.052425 0 0
0.052450000000000004 0 0
0.052475 0 0
0.052500000000000005 0 0
0.052525 0 0
0.05255 0 0
0.052575000000000004 0 0
0.0526 0 0
0.052625000000000005 0 0
0.05265 0 0
0.052675 0 0
0.052700000000000004 0 0
0.052725 0 0
0.052750000000000005 0 0
0.052775 0 0
0.0528 0 0
0.052825000000000004 0 0
0.05285 0 0
0.052875000000000005 0 0
0.0529 0 0
0.052925 0 0
0.052950000000000004 0 0
0.052975 0 0
0.053000000000000005 0 0
0.053025 0 0
0.05305 0 0
0.053075000000000004 0 0
0.0531 0 0
0.053125000000000006 0 0
0.05315 0 0
0.053175 0 0
0.053200000000000004 0 0
0.053225 0 0
0.053250000000000006 0 0
0.053275 0 0
0.0533 0 0
0.053325000000000004 0 0
0.05335 0 0
0.053375000000000006 0 0
0.0534 0 0
0.053425 0 0
0.053450000000000004 0 0
0.053475 0 0
0.053500000000000006 0 0
0.053525 0 0
0.05355 0 0
0.053575000000000005 0 0
0.0536 0 0
0.053625000000000006 0 0
0.05365 0 0
0.053675 0 0
0.053700000000000005 0 0
0.053725 0 0
0.05375 0 0
0.053775 0 0
0.0538 0 0
0.053825000000000005 0 0
0.05385 0 0
0.053875 0 0
0.0539 0 0
0.053925 0 0
0.053950000000000005 0 0
0.053975 0 0
0.054 0 0
0.054025000000000004 0 0
0.05405 0 0
0.054075000000000005 0 0
0.0541 0 0
0.054125 0 0
0.054150000000000004 0 0
0.054175 0 0
0.054200000000000005 0 0
0.054225 0 0
0.05425 0 0
0.054275000000000004 0 0
0.0543 0 0
0.054325000000000005 0 0
0.05435 0 0
0.054375 0 0
0.054400000000000004 0 0
0.054425 0 0
0.054450000000000005 0 0
0.054475 0 0
0.0545 0 0
0.054525000000000004 0 0
0.05455 0 0
0.054575000000000005 0 0
0.0546 0 0
0.054625 0 0
0.054650000000000004 0 0
0.054675 0 0
0.054700000000000006 0 0
0.054725 0 0
0.05475 0 0
0.054775000000000004 0 0
0.0548 0 0
0.054825000000000006 0 0
0.05485 0 0
0.054875 0 0
0.054900000000000004 0 0
0.054925 0 0
0.054950000000000006 0 0
0.054975 0 0
0.055 0 0
0.055025000000000004 0 0
0.05505 0 0
0.055075000000000006 0 0
0.0551 0 0
0.055125 0 0
0.055150000000000005 0 0
0.055175 0 0
0.055200000000000006 0 0
0.055225 0 0
0.05525 0 0
0.055275000000000005 0 0
0.0553 0 0
0.055325000000000006 0 0
0.05535 0 0
0.055375 0 0
0.055400000000000005 0 0
0.055425 0 0
0.05545 0 0
0.055475000000000003 0 0
0.0555 0 0
0.055525000000000005 0 0
0.05555 0 0
0.055575 0 0
0.055600000000000004 0 0
0.055625 0 0
0.055650000000000005 0 0
0.055675 0 0
0.0557 0 0
0.055725000000000004 0 0
0.05575 0 0
0.055775000000000005 0 0
0.0558 0 0
0.055825 0 0
0.055850000000000004 0 0
0.055875 0 0
0.055900000000000005 0 0
0.055925 0 0
0.05595 0 0
0.055975000000000004 0 0
0.056 0 0
0.056025000000000005 0 0
0.05605 0 0
0.056075 0 0
0.056100000000000004 0 0
0.056125 0 0
0.056150000000000005 0 0
0.056175 0 0
0.0562 0 0
0.056225000000000004 0 0
0.05625 0 0
0.056275000000000006 0 0
0.0563 0 0
0.056325 0 0
0.056350000000000004 0 0
0.056375 0 0
0.056400000000000006 0 0
0.056425 0 0
0.05645 0 0
0.056475000000000004 0 0
0.0565 0 0
0.056525000000000006 0 0
0.05655 0 0
0.056575 0 0
0.056600000000000004 0 0
0.056625 0 0
0.056650000000000006 0 0
0.056675 0 0
0.0567 0 0
0.056725000000000005 0 0
0.05675 0 0
0.056775000000000006 0 0
0.0568 0 0
0.056825 0 0
0.056850000000000005 0 0
0.056875 0 0
0.056900000000000006 0 0
0.056925 0 0
0.05695 0 0
0.056975000000000005 0 0
0.057 0 0
0.057025 0 0
0.057050000000000003 0 0
0.057075 0 0
0.057100000000000005 0 0
0.057125 0 0
0.05715 0 0
0.057175000000000004 0 0
0.0572 0 0
0.057225000000000005 0 0
0.05725 0 0
0.057275 0 0
0.057300000000000004 0 0
0.057325 0 0
0.057350000000000005 0 0
0.057375 0 0
0.0574 0 0
0.057425000000000004 0 0
0.05745 0 0
0.057475000000000005 0 0
0.0575 0 0
0.057525 0 0
0.057550000000000004 0 0
0.057575 0 0
0.057600000000000005 0 0
0.057625 0 0
0.05765 0 0
0.057675000000000004 0 0
0.0577 0 0
0.057725000000000005 0 0
0.05775 0 0
0.057775 0 0
0.057800000000000004 0 0
0.057825 0 0
0.057850000000000006 0 0
0.057875 0 0
0.0579 0 0
0.057925000000000004 0 0
0.05795 0 0
0.057975000000000006 0 0
0.058 0 0
0.058025 0 0
0.058050000000000004 0 0
0.058075 0 0
0.058100000000000006 0 0
0.058125 0 0
0.05815 0 0
0.058175000000000004 0 0
0.0582 0 0
0.058225000000000006 0 0
0.05825 0 0
0.058275 0 0
0.058300000000000005 0 0
0.058325 0 0
0.058350000000000006 0 0
0.058375 0 0
0.0584 0 0
0.058425000000000005 0 0
0.05845 0 0
0.058475000000000006 0 0
0.0585 0 0
0.058525 0 0
0.058550000000000005 0 0
0.058575 0 0
0.058600000000000006 0 0
0.058625000000000003 0 0
0.05865 0 0
0.058675000000000005 0 0
0.0587 0 0
0.058725 0 0
0.058750000000000004 0 0
0.058775 0 0
0.058800000000000005 0 0
0.058825 0 0
0.05885 0 0
0.058875000000000004 0 0
0.0589 0 0
0.058925000000000005 0 0
0.05895 0 0
0.058975 0 0
0.059000000000000004 0 0
0.059025 0 0
0.059050000000000005 0 0
0.059075 0 0
0.0591 0 0
0.059125000000000004 0 0
0.05915 0 0
0.059175000000000005 0 0
0.0592 0 0
0.059225 0 0
0.059250000000000004 0 0
0.059275 0 0
0.059300000000000005 0 0
0.059325 0 0
0.05935 0 0
0.059375000000000004 0 0
0.0594 0 0
0.059425000000000006 0 0
0.05945 0 0
0.059475 0 0
0.059500000000000004 0 0
0.059525 0 0
0.059550000000000006 0 0
0.059575 0 0
0.0596 0 0
0.059625000000000004 0 0
0.05965 0 0
0.059675000000000006 0 0
0.0597 0 0
0.059725 0 0
0.059750000000000004 0 0
0.059775 0 0
0.059800000000000006 0 0
0.059825 0 0
0.05985 0 0
0.059875000000000005 0 0
0.0599 0 0
0.059925000000000006 0 0
0.05995 0 0
0.059975 0 0
0.060000000000000005 0 0
0 0 0
2.5E-5 0 0
5.0E-5 0 0
7.500000000000001E-5 0 0
1.0E-4 0 0
1.25E-4 0 0
1.5000000000000001E-4 0 0
1.75E-4 0 0
2.0E-4 0 0
2.2500000000000002E-4 0 0
2.5E-4 0 0
2.75E-4 0 0
3.0000000000000003E-4 0 0
3.2500000000000004E-4 0 0
3.5E-4 0 0
3.75E-4 0 0
4.0E-4 0 0
4.2500000000000003E-4 0 0
4.5000000000000004E-4 0 0
4.75E-4 0 0
5.0E-4 0 0
5.250000000000001E-4 0 0
5.5E-4 0 0
5.75E-4 0 0
6.000000000000001E-4 0 0
6.25E-4 0 0
6.500000000000001E-4 0 0
6.75E-4 0 0
7.0E-4 0 0
7.250000000000001E-4 0 0
7.5E-4 0 0
7.750000000000001E-4 0 0
8.0E-4 0 0
8.25E-4 0 0
8.500000000000001E-4 0 0
8.75E-4 0 0
9.000000000000001E-4 0 0
9.25E-4 0 0
9.5E-4 0 0
9.750000000000001E-4 0 0
0.001 0 0
0.001025 0 0
0.0010500000000000002 0 0
0.001075 0 0
0.0011 0 0
0.0011250000000000001 0 0
0.00115 0 0
0.001175 0 0
0.0012000000000000001 0 0
0.001225 0 0
0.00125 0 0
0.001275 0 0
0.0013000000000000002 0 0
0.001325 0 0
0.00135 0 0
0.0013750000000000001 0 0
0.0014 0 0
0.001425 0 0
0.0014500000000000001 0 0
0.001475 0 0
0.0015 0 0
0.001525 0 0
0.0015500000000000002 0 0
0.001575 0 0
0.0016 0 0
0.0016250000000000001 0 0
0.00165 0 0
0.001675 0 0
0.0017000000000000001 0 0
0.0017250000000000002 0 0
0.00175 0 0
0.001775 0 0
0.0018000000000000002 0 0
0.001825 0 0
0.00185 0 0
0.0018750000000000001 0 0
0.0019 0 0
0.001925 0 0
0.0019500000000000001 0 0
0.001975 0 0
0.002 0 0
0.002025 0 0
0.00205 0 0
0.002075 0 0
0.0021000000000000003 0 0
0.002125 0 0
0.00215 0 0
0.0021750000000000003 0 0
0.0022 0 0
0.002225 0 0
0.0022500000000000003 0 0
0.002275 0 0
0.0023 0 0
0.0023250000000000002 0 0
0.00235 0 0
0.002375 0 0
0.0024000000000000002 0 0
0.002425 0 0
0.00245 0 0
0.002475 0 0
0.0025 0 0
0.0025250000000000003 0 0
0.00255 0 0
0.002575 0 0
0.0026000000000000003 0 0
0.002625 0 0
0.00265 0 0
0.0026750000000000003 0 0
0.0027 0 0
0.002725 0 0
0.0027500000000000003 0 0
0.002775 0 0
0.0028 0 0
0.0028250000000000003 0 0
0.00285 0 0
0.002875 0 0
0.0029000000000000002 0 0
0.002925 0 0
0.00295 0 0
0.002975 0 0
0.003 0 0
0.0030250000000000003 0 0
0.00305 0 0
0.003075 0 0
0.0031000000000000003 0 0
0.003125 0 0
0.00315 0 0
0.0031750000000000003 0 0
0.0032 0 0
0.003225 0 0
0.0032500000000000003 0 0
0.003275 0 0
0.0033 0 0
0.0033250000000000003 0 0
0.00335 0 0
0.003375 0 0
0.0034000000000000002 0 0
0.003425 0 0
0.0034500000000000004 0 0
0.0034750000000000002 0 0
0.0035 0 0
0.0035250000000000004 0 0
0.00355 0 0
0.003575 0 0
0.0036000000000000003 0 0
0.003625 0 0
0.00365 0 0
0.0036750000000000003 0 0
0.0037 0 0
0.003725 0 0
0.0037500000000000003 0 0
0.003775 0 0
0.0038 0 0
0.0038250000000000003 0 0
0.00385 0 0
0.003875 0 0
0.0039000000000000003 0 0
0.0039250000000000005 0 0
0.00395 0 0
0.003975 0 0
0.004 0 0
0.004025 0 0
0.00405 0 0
0.0040750000000000005 0 0
0.0041 0 0
0.004125 0 0
0.00415 0 0
0.004175 0 0
0.004200000000000001 0 0
0.0042250000000000005 0 0
0.00425 0 0
0.004275 0 0
0.0043 0 0
0.004325 0 0
0.004350000000000001 0 0
0.004375 0 0
0.0044 0 0
0.004425 0 0
0.00445 0 0
0.004475 0 0
0.0045000000000000005 0 0
0.004525 0 0
0.00455 0 0
0.004575 0 0
0.0046 0 0
0.004625000000000001 0 0
0.0046500000000000005 0 0
0.004675 0 0
0.0047 0 0
0.004725 0 0
0.00475 0 0
0.004775000000000001 0 0
0.0048000000000000004 0 0
0.004825 0 0
0.00485 0 0
0.004875 0 0
0.0049 0 0
0.0049250000000000006 0 0
0.00495 0 0
0.004975 0 0
0.005 0 0
0.005025 0 0
0.005050000000000001 0 0
0.0050750000000000005 0 0
0.0051 0 0
0.005125 0 0
0.00515 0 0
0.005175 0 0
0.005200000000000001 0 0
0.0052250000000000005 0 0
0.00525 0 0
0.005275 0 0
0.0053 0 0
0.005325 0 0
0.005350000000000001 0 0
0.0053750000000000004 0 0
0.0054 0 0
0.005425 0 0
0.00545 0 0
0.005475 0 0
0.0055000000000000005 0 0
0.005525 0 0
0.00555 0 0
0.005575 0 0
0.0056 0 0
0.005625000000000001 0 0
0.0056500000000000005 0 0
0.005675 0 0
0.0057 0 0
0.005725 0 0
0.00575 0 0
0.005775000000000001 0 0
0.0058000000000000005 0 0
0.005825 0 0
0.00585 0 0
0.005875 0 0
0.0059 0 0
0.005925000000000001 0 0
0.00595 0 0
0.005975 0 0
0.006 0 0
0.006025 0 0
0.006050000000000001 0 0
0.0060750000000000005 0 0
0.0061 0 0
0.006125 0 0
0.00615 0 0
0.006175 0 0
0.006200000000000001 0 0
0.0062250000000000005 0 0
0.00625 0 0
0.006275 0 0
0.0063 0 0
0.006325 0 0
0.006350000000000001 0 0
0.0063750000000000005 0 0
0.0064 0 0
0.006425 0 0
0.00645 0 0
0.006475000000000001 0 0
0.006500000000000001 0 0
0.006525 0 0
0.00655 0 0
0.006575 0 0
0.0066 0 0
0.006625000000000001 0 0
0.0066500000000000005 0 0
0.006675 0 0
0.0067 0 0
0.006725 0 0
0.00675 0 0
0.006775000000000001 0 0
0.0068000000000000005 0 0
0.006825 0 0
0.00685 0 0
0.006875 0 0
0.006900000000000001 0 0
0.006925000000000001 0 0
0.0069500000000000004 0 0
0.006975 0 0
0.007 0 0
0.007025 0 0
0.007050000000000001 0 0
0.0070750000000000006 0 0
0.0071 0 0
0.007125 0 0
0.00715 0 0
0.007175 0 0
0.007200000000000001 0 0
0.0072250000000000005 0 0
0.00725 0 0
0.007275 0 0
0.0073 0 0
0.007325000000000001 0 0
0.007350000000000001 0 0
0.0073750000000000005 0 0
0.0074 0 0
0.007425 0 0
0.00745 0 0
0.007475000000000001 0 0
0.007500000000000001 0 0
0.0075250000000000004 0 0
0.00755 0 0
0.007575 0 0
0.0076 0 0
0.007625000000000001 0 0
0.0076500000000000005 0 0
0.007675 0 0
0.0077 0 0
0.007725 0 0
0.00775 0 0
0.007775000000000001 0 0
0.0078000000000000005 0 0
0.007825 0 0
0.007850000000000001 0 0
0.007875 0 0
0.0079 0 0
0.007925 0 0
0.00795 0 0
0.007975000000000001 0 0
0.008 0 0
0.008025000000000001 0 0
0.00805 0 0
0.008075 0 0
0.0081 0 0
0.008125 0 0
0.008150000000000001 0 0
0.008175 0 0
0.0082 0 0
0.008225 0 0
0.00825 0 0
0.008275000000000001 0 0
0.0083 0 0
0.008325 0 0
0.00835 0 0
0.008375 0 0
0.008400000000000001 0 0
0.008425 0 0
0.008450000000000001 0 0
0.008475 0 0
0.0085 0 0
0.008525 0 0
0.00855 0 0
0.008575000000000001 0 0
0.0086 0 0
0.008625 0 0
0.00865 0 0
0.008675 0 0
0.008700000000000001 0 0
0.008725 0 0
0.00875 0 0
0.008775 0 0
0.0088 0 0
0.008825000000000001 0 0
0.00885 0 0
0.008875000000000001 0 0
0.0089 0 0
0.008925 0 0
0.00895 0 0
0.008975 0 0
0.009000000000000001 0 0
0.009025 0 0
0.00905 0 0
0.009075 0 0
0.0091 0 0
0.009125000000000001 0 0
0.00915 0 0
0.009175 0 0
0.0092 0 0
0.009225 0 0
0.009250000000000001 0 0
0.009275 0 0
0.009300000000000001 0 0
0.009325 0 0
0.00935 0 0
0.009375 0 0
0.0094 0 0
0.009425000000000001 0 0
0.00945 0 0
0.009475 0 0
0.0095 0 0
0.009525 0 0
0.009550000000000001 0 0
0.009575 0 0
0.009600000000000001 0 0
0.009625 0 0
0.00965 0 0
0.009675000000000001 0 0
0.0097 0 0
0.009725000000000001 0 0
0.00975 0 0
0.009775 0 0
0.0098 0 0
0.009825 0 0
0.009850000000000001 0 0
0.009875 0 0
0.0099 0 0
0.009925 0 0
0.00995 0 0
0.009975000000000001 0 0
0.01 0 0
0.010025000000000001 0 0
0.01005 0 0
0.010075 0 0
0.010100000000000001 0 0
0.010125 0 0
0.010150000000000001 0 0
0.010175 0 0
0.0102 0 0
0.010225 0 0
0.01025 0 0
0.010275000000000001 0 0
0.0103 0 0
0.010325 0 0
0.01035 0 0
0.010375 0 0
0.010400000000000001 0 0
0.010425 0 0
0.010450000000000001 0 0
0.010475 0 0
0.0105 0 0
0.010525000000000001 0 0
0.01055 0 0
0.010575000000000001 0 0
0.0106 0 0
0.010625 0 0
0.01065 0 0
0.010675 0 0
0.010700000000000001 0 0
0.010725 0 0
0.010750000000000001 0 0
0.010775 0 0
0.0108 0 0
0.010825000000000001 0 0
0.01085 0 0
0.010875000000000001 0 0
0.0109 0 0
0.010925 0 0
0.01095 0 0
0.010975 0 0
0.011000000000000001 0 0
0.011025 0 0
0.01105 0 0
0.011075 0 0
0.0111 0 0
0.011125000000000001 0 0
0.01115 0 0
0.011175000000000001 0 0
0.0112 0 0
0.011225 0 0
0.011250000000000001 0 0
0.011275 0 0
0.011300000000000001 0 0
0.011325 0 0
0.01135 0 0
0.011375 0 0
0.0114 0 0
0.011425000000000001 0 0
0.01145 0 0
0.011475 0 0
0.0115 0 0
0.011525 0 0
0.011550000000000001 0 0
0.011575 0 0
0.011600000000000001 0 0
0.011625 0 0
0.01165 0 0
0.011675000000000001 0 0
0.0117 0 0
0.011725000000000001 0 0
0.01175 0 0
0.011775 0 0
0.0118 0 0
0.011825 0 0
0.011850000000000001 0 0
0.011875 0 0
0.0119 0 0
0.011925 0 0
0.01195 0 0
0.011975000000000001 0 0
0.012 0 0
0.012025000000000001 0 0
0.01205 0 0
0.012075 0 0
0.012100000000000001 0 0
0.012125 0 0
0.012150000000000001 0 0
0.012175 0 0
0.0122 0 0
0.012225 0 0
0.01225 0 0
0.012275000000000001 0 0
0.0123 0 0
0.012325000000000001 0 0
0.01235 0 0
0.012375 0 0
0.012400000000000001 0 0
0.012425 0 0
0.012450000000000001 0 0
0.012475 0 0
0.0125 0 0
0.012525000000000001 0 0
0.01255 0 0
0.012575000000000001 0 0
0.0126 0 0
0.012625 0 0
0.01265 0 0
0.012675 0 0
0.012700000000000001 0 0
0.012725 0 0
0.012750000000000001 0 0
0.012775 0 0
0.0128 0 0
0.012825000000000001 0 0
0.01285 0 0
0.012875000000000001 0 0
0.0129 0 0
0.012925 0 0
0.012950000000000001 0 0
0.012975 0 0
0.013000000000000001 0 0
0.013025 0 0
0.01305 0 0
0.013075 0 0
0.0131 0 0
0.013125000000000001 0 0
0.01315 0 0
0.013175000000000001 0 0
0.0132 0 0
0.013225 0 0
0.013250000000000001 0 0
0.013275 0 0
0.013300000000000001 0 0
0.013325 0 0
0.01335 0 0
0.013375000000000001 0 0
0.0134 0 0
0.013425000000000001 0 0
0.01345 0 0
0.013475 0 0
0.0135 0 0
0.013525 0 0
0.013550000000000001 0 0
0.013575 0 0
0.013600000000000001 0 0
0.013625 0 0
0.01365 0 0
0.013675000000000001 0 0
0.0137 0 0
0.013725000000000001 0 0
0.01375 0 0
0.013775 0 0
0.013800000000000002 0 0
0.013825 0 0
0.013850000000000001 0 0
0.013875 0 0
0.013900000000000001 0 0
0.013925 0 0
0.01395 0 0
0.013975000000000001 0 0
0.014 0 0
0.014025000000000001 0 0
0.01405 0 0
0.014075 0 0
0.014100000000000001 0 0
0.014125 0 0
0.014150000000000001 0 0
0.014175 0 0
0.0142 0 0
0.014225000000000002 0 0
0.01425 0 0
0.014275000000000001 0 0
0.0143 0 0
0.014325000000000001 0 0
0.01435 0 0
0.014375 0 0
0.014400000000000001 0 0
0.014425 0 0
0.014450000000000001 0 0
0.014475 0 0
0.0145 0 0
0.014525000000000001 0 0
0.01455 0 0
0.014575000000000001 0 0
0.0146 0 0
0.014625 0 0
0.014650000000000002 0 0
0.014675 0 0
0.014700000000000001 0 0
0.014725 0 0
0.014750000000000001 0 0
0.014775 0 0
0.0148 0 0
0.014825000000000001 0 0
0.01485 0 0
0.014875000000000001 0 0
0.0149 0 0
0.014925 0 0
0.014950000000000001 0 0
0.014975 0 0
0.015000000000000001 0 0
0.015025 0 0
0.015050000000000001 0 0
0.015075 0 0
0.0151 0 0
0.015125000000000001 0 0
0.01515 0 0
0.015175000000000001 0 0
0.0152 0 0
0.015225 0 0
0.015250000000000001 0 0
0.015275 0 0
0.015300000000000001 0 0
0.015325 0 0
0.01535 0 0
0.015375000000000002 0 0
0.0154 0 0
0.015425000000000001 0 0
0.01545 0 0
0.015475000000000001 0 0
0.0155 0 0
0.015525 0 0
0.015550000000000001 0 0
0.015575 0 0
0.015600000000000001 0 0
0.015625 0 0
0.01565 0 0
0.015675 0 0
0.015700000000000002 0 0
0.015725 0 0
0.01575 0 0
0.015775 0 0
0.0158 0 0
0.015825000000000002 0 0
0.01585 0 0
0.015875 0 0
0.0159 0 0
0.015925 0 0
0.015950000000000002 0 0
0.015975 0 0
0.016 0 0
0.016025 0 0
0.016050000000000002 0 0
0.016075000000000002 0 0
0.0161 0 0
0.016125 0 0
0.01615 0 0
0.016175000000000002 0 0
0.0162 0 0
0.016225 0 0
0.01625 0 0
0.016275 0 0
0.016300000000000002 0 0
0.016325 0 0
0.01635 0 0
0.016375 0 0
0.0164 0 0
0.016425000000000002 0 0
0.01645 0 0
0.016475 0 0
0.0165 0 0
0.016525 0 0
0.016550000000000002 0 0
0.016575 0 0
0.0166 0 0
0.016625 0 0
0.01665 0 0
0.016675000000000002 0 0
0.0167 0 0
0.016725 0 0
0.01675 0 0
0.016775 0 0
0.016800000000000002 0 0
0.016825 0 0
0.01685 0 0
0.016875 0 0
0.016900000000000002 0 0
0.016925000000000003 0 0
0.01695 0 0
0.016975 0 0
0.017 0 0
0.017025000000000002 0 0
0.01705 0 0
0.017075 0 0
0.0171 0 0
0.017125 0 0
0.017150000000000002 0 0
0.017175 0 0
0.0172 0 0
0.017225 0 0
0.01725 0 0
0.017275000000000002 0 0
0.0173 0 0
0.017325 0 0
0.01735 0 0
0.017375 0 0
0.017400000000000002 0 0
0.017425 0 0
0.01745 0 0
0.017475 0 0
0.0175 0 0
0.017525000000000002 0 0
0.01755 0 0
0.017575 0 0
0.0176 0 0
0.017625000000000002 0 0
0.017650000000000002 0 0
0.017675 0 0
0.0177 0 0
0.017725 0 0
0.017750000000000002 0 0
0.017775 0 0
0.0178 0 0
0.017825 0 0
0.01785 0 0
0.017875000000000002 0 0
0.0179 0 0
0.017925 0 0
0.01795 0 0
0.017975 0 0
0.018000000000000002 0 0
0.018025 0 0
0.01805 0 0
0.018075 0 0
0.0181 0 0
0.018125000000000002 0 0
0.01815 0 0
0.018175 0 0
0.0182 0 0
0.018225 0 0
0.018250000000000002 0 0
0.018275 0 0
0.0183 0 0
0.018325 0 0
0.01835 0 0
0.018375000000000002 0 0
0.0184 0 0
0.018425 0 0
0.01845 0 0
0.018475000000000002 0 0
0.018500000000000003 0 0
0.018525 0 0
0.01855 0 0
0.018575 0 0
0.018600000000000002 0 0
0.018625 0 0
0.01865 0 0
0.018675 0 0
0.0187 0 0
0.018725000000000002 0 0
0.01875 0 0
0.018775 0 0
0.0188 0 0
0.018825 0 0
0.018850000000000002 0 0
0.018875 0 0
0.0189 0 0
0.018925 0 0
0.01895 0 0
0.018975000000000002 0 0
0.019 0 0
0.019025 0 0
0.01905 0 0
0.019075 0 0
0.019100000000000002 0 0
0.019125 0 0
0.01915 0 0
0.019175 0 0
0.019200000000000002 0 0
0.019225000000000003 0 0
0.01925 0 0
0.019275 0 0
0.0193 0 0
0.019325000000000002 0 0
0.019350000000000003 0 0
0.019375 0 0
0.0194 0 0
0.019425 0 0
0.019450000000000002 0 0
0.019475 0 0
0.0195 0 0
0.019525 0 0
0.01955 0 0
0.019575000000000002 0 0
0.0196 0 0
0.019625 0 0
0.01965 0 0
0.019675 0 0
0.019700000000000002 0 0
0.019725 0 0
0.01975 0 0
0.019775 0 0
0.0198 0 0
0.019825000000000002 0 0
0.01985 0 0
0.019875 0 0
0.0199 0 0
0.019925000000000002 0 0
0.019950000000000002 0 0
0.019975 0 0
0.02 0 0
0.020025 0 0
0.020050000000000002 0 0
0.020075000000000003 0 0
0.0201 0 0
0.020125 0 0
0.02015 0 0
0.020175000000000002 0 0
0.020200000000000003 0 0
0.020225 0 0
0.02025 0 0
0.020275 0 0
0.020300000000000002 0 0
0.020325 0 0
0.02035 0 0
0.020375 0 0
0.0204 0 0
0.020425000000000002 0 0
0.02045 0 0
0.020475 0 0
0.0205 0 0
0.020525 0 0
0.020550000000000002 0 0
0.020575 0 0
0.0206 0 0
0.020625 0 0
0.02065 0 0
0.020675000000000002 0 0
0.0207 0 0
0.020725 0 0
0.02075 0 0
0.020775000000000002 0 0
0.020800000000000003 0 0
0.020825 0 0
0.02085 0 0
0.020875 0 0
0.020900000000000002 0 0
0.020925000000000003 0 0
0.02095 0 0
0.020975 0 0
0.021 0 0
0.021025000000000002 0 0
0.021050000000000003 0 0
0.021075 0 0
0.0211 0 0
0.021125 0 0
0.021150000000000002 0 0
0.021175 0 0
0.0212 0 0
0.021225 0 0
0.02125 0 0
0.021275000000000002 0 0
0.0213 0 0
0.021325 0 0
0.02135 0 0
0.021375 0 0
0.021400000000000002 0 0
0.021425 0 0
0.02145 0 0
0.021475 0 0
0.021500000000000002 0 0
0.021525000000000002 0 0
0.02155 0 0
0.021575 0 0
0.0216 0 0
0.021625000000000002 0 0
0.021650000000000003 0 0
0.021675 0 0
0.0217 0 0
0.021725 0 0
0.021750000000000002 0 0
0.021775000000000003 0 0
0.0218 0 0
0.021825 0 0
0.02185 0 0
0.021875000000000002 0 0
0.0219 0 0
0.021925 0 0
0.02195 0 0
0.021975 0 0
0.022000000000000002 0 0
0.022025 0 0
0.02205 0 0
0.022075 0 0
0.0221 0 0
0.022125000000000002 0 0
0.02215 0 0
0.022175 0 0
0.0222 0 0
0.022225 0 0
0.022250000000000002 0 0
0.022275 0 0
0.0223 0 0
0.022325 0 0
0.022350000000000002 0 0
0.022375000000000003 0 0
0.0224 0 0
0.022425 0 0
0.02245 0 0
0.022475000000000002 0 0
0.022500000000000003 0 0
0.022525 0 0
0.02255 0 0
0.022575 0 0
0.022600000000000002 0 0
0.022625000000000003 0 0
0.02265 0 0
0.022675 0 0
0.0227 0 0
0.022725000000000002 0 0
0.02275 0 0
0.022775 0 0
0.0228 0 0
0.022825 0 0
0.022850000000000002 0 0
0.022875 0 0
0.0229 0 0
0.022925 0 0
0.02295 0 0
0.022975000000000002 0 0
0.023 0 0
0.023025 0 0
0.02305 0 0
0.023075000000000002 0 0
0.023100000000000002 0 0
0.023125 0 0
0.02315 0 0
0.023175 0 0
0.023200000000000002 0 0
0.023225000000000003 0 0
0.02325 0 0
0.023275 0 0
0.0233 0 0
0.023325000000000002 0 0
0.023350000000000003 0 0
0.023375 0 0
0.0234 0 0
0.023425 0 0
0.023450000000000002 0 0
0.023475000000000003 0 0
0.0235 0 0
0.023525 0 0
0.02355 0 0
0.023575000000000002 0 0
0.0236 0 0
0.023625 0 0
0.02365 0 0
0.023675 0 0
0.023700000000000002 0 0
0.023725 0 0
0.02375 0 0
0.023775 0 0
0.0238 0 0
0.023825000000000002 0 0
0.02385 0 0
0.023875 0 0
0.0239 0 0
0.023925000000000002 0 0
0.023950000000000003 0 0
0.023975 0 0
0.024 0 0
0.024025 0 0
0.024050000000000002 0 0
0.024075000000000003 0 0
0.0241 0 0
0.024125 0 0
0.02415 0 0
0.024175000000000002 0 0
0.024200000000000003 0 0
0.024225 0 0
0.02425 0 0
0.024275 0 0
0.024300000000000002 0 0
0.024325000000000003 0 0
0.02435 0 0
0.024375 0 0
0.0244 0 0
0.024425000000000002 0 0
0.02445 0 0
0.024475 0 0
0.0245 0 0
0.024525 0 0
0.024550000000000002 0 0
0.024575 0 0
0.0246 0 0
0.024625 0 0
0.024650000000000002 0 0
0.024675000000000002 0 0
0.0247 0 0
0.024725 0 0
0.02475 0 0
0.024775000000000002 0 0
0.024800000000000003 0 0
0.024825 0 0
0.02485 0 0
0.024875 0 0
0.024900000000000002 0 0
0.024925000000000003 0 0
0.02495 0 0
0.024975 0 0
0.025 0 0
0.025025000000000002 0 0
0.025050000000000003 0 0
0.025075 0 0
0.0251 0 0
0.025125 0 0
0.025150000000000002 0 0
0.025175000000000003 0 0
0.0252 0 0
0.025225 0 0
0.02525 0 0
0.025275000000000002 0 0
0.0253 0 0
0.025325 0 0
0.02535 0 0
0.025375 0 0
0.025400000000000002 0 0
0.025425 0 0
0.02545 0 0
0.025475 0 0
0.025500000000000002 0 0
0.025525000000000003 0 0
0.02555 0 0
0.025575 0 0
0.0256 0 0
0.025625000000000002 0 0
0.025650000000000003 0 0
0.025675 0 0
0.0257 0 0
0.025725 0 0
0.025750000000000002 0 0
0.025775000000000003 0 0
0.0258 0 0
0.025825 0 0
0.02585 0 0
0.025875000000000002 0 0
0.025900000000000003 0 0
0.025925 0 0
0.02595 0 0
0.025975 0 0
0.026000000000000002 0 0
0.026025 0 0
0.02605 0 0
0.026075 0 0
0.0261 0 0
0.026125000000000002 0 0
0.02615 0 0
0.026175 0 0
0.0262 0 0
0.026225000000000002 0 0
0.026250000000000002 0 0
0.026275 0 0
0.0263 0 0
0.026325 0 0
0.026350000000000002 0 0
0.026375000000000003 0 0
0.0264 0 0
0.026425 0 0
0.02645 0 0
0.026475000000000002 0 0
0.026500000000000003 0 0
0.026525 0 0
0.02655 0 0
0.026575 0 0
0.026600000000000002 0 0
0.026625000000000003 0 0
0.02665 0 0
0.026675 0 0
0.0267 0 0
0.026725000000000002 0 0
0.026750000000000003 0 0
0.026775 0 0
0.0268 0 0
0.026825 0 0
0.026850000000000002 0 0
0.026875 0 0
0.0269 0 0
0.026925 0 0
0.02695 0 0
0.026975000000000002 0 0
0.027 0 0
0.027025 0 0
0.02705 0 0
0.027075000000000002 0 0
0.027100000000000003 0 0
0.027125 0 0
0.02715 0 0
0.027175 0 0
0.027200000000000002 0 0
0.027225000000000003 0 0
0.02725 0 0
0.027275 0 0
0.0273 0 0
0.027325000000000002 0 0
0.027350000000000003 0 0
0.027375 0 0
0.0274 0 0
0.027425 0 0
0.027450000000000002 0 0
0.027475000000000003 0 0
0.0275 0 0
0.027525 0 0
0.02755 0 0
0.027575000000000002 0 0
0.027600000000000003 0 0
0.027625 0 0
0.02765 0 0
0.027675 0 0
0.027700000000000002 0 0
0.027725 0 0
0.02775 0 0
0.027775 0 0
0.027800000000000002 0 0
0.027825000000000003 0 0
0.02785 0 0
0.027875 0 0
0.0279 0 0
0.027925000000000002 0 0
0.027950000000000003 0 0
0.027975 0 0
0.028 0 0
0.028025 0 0
0.028050000000000002 0 0
0.028075000000000003 0 0
0.0281 0 0
0.028125 0 0
0.02815 0 0
0.028175000000000002 0 0
0.028200000000000003 0 0
0.028225 0 0
0.02825 0 0
0.028275 0 0
0.028300000000000002 0 0
0.028325000000000003 0 0
0.02835 0 0
0.028375 0 0
0.0284 0 0
0.028425000000000002 0 0
0.028450000000000003 0 0
0.028475 0 0
0.0285 0 0
0.028525000000000002 0 0
0.028550000000000002 0 0
0.028575 0 0
0.0286 0 0
0.028625 0 0
0.028650000000000002 0 0
0.028675000000000003 0 0
0.0287 0 0
0.028725 0 0
0.02875 0 0
0.028775000000000002 0 0
0.028800000000000003 0 0
0.028825 0 0
0.02885 0 0
0.028875 0 0
0.028900000000000002 0 0
0.028925000000000003 0 0
0.02895 0 0
0.028975 0 0
0.029 0 0
0.029025000000000002 0 0
0.029050000000000003 0 0
0.029075 0 0
0.0291 0 0
0.029125 0 0
0.029150000000000002 0 0
0.029175000000000003 0 0
0.0292 0 0
0.029225 0 0
0.02925 0 0
0.029275000000000002 0 0
0.029300000000000003 0 0
0.029325 0 0
0.02935 0 0
0.029375000000000002 0 0
0.029400000000000003 0 0
0.029425 0 0
0.02945 0 0
0.029475 0 0
0.029500000000000002 0 0
0.029525000000000003 0 0
0.02955 0 0
0.029575 0 0
0.0296 0 0
0.029625000000000002 0 0
0.029650000000000003 0 0
0.029675 0 0
0.0297 0 0
0.029725 0 0
0.029750000000000002 0 0
0.029775000000000003 0 0
0.0298 0 0
0.029825 0 0
0.02985 0 0
0.029875000000000002 0 0
0.029900000000000003 0 0
0.029925 0 0
0.02995 0 0
0.029975 0 0
0.030000000000000002 0 0
0.030025000000000003 0 0
0.03005 0 0
0.030075 0 0
0.030100000000000002 0 0
0.030125000000000002 0 0
0.03015 0 0
0.030175 0 0
0.0302 0 0
0.030225000000000002 0 0
0.030250000000000003 0 0
0.030275 0 0
0.0303 0 0
0.030325 0 0
0.030350000000000002 0 0
0.030375000000000003 0 0
0.0304 0 0
0.030425 0 0
0.03045 0 0
0.030475000000000002 0 0
0.030500000000000003 0 0
0.030525 0 0
0.03055 0 0
0.030575 0 0
0.030600000000000002 0 0
0.030625000000000003 0 0
0.03065 0 0
0.030675 0 0
0.0307 0 0
0.030725000000000002 0 0
0.030750000000000003 0 0
0.030775 0 0
0.0308 0 0
0.030825 0 0
0.030850000000000002 0 0
0.030875000000000003 0 0
0.0309 0 0
0.030925 0 0
0.030950000000000002 0 0
0.030975000000000003 0 0
0.031 0 0
0.031025 0 0
0.03105 0 0
0.031075000000000002 0 0
0.031100000000000003 0 0
0.031125 0 0
0.03115 0 0
0.031175 0 0
0.031200000000000002 0 0
0.031225000000000003 0 0
0.03125 0 0
0.031275000000000004 0 0
0.0313 0 0
0.031325 0 0
0.03135 0 0
0.031375 0 0
0.031400000000000004 0 0
0.031425 0 0
0.03145 0 0
0.031475 0 0
0.0315 0 0
0.031525000000000004 0 0
0.03155 0 0
0.031575 0 0
0.0316 0 0
0.031625 0 0
0.031650000000000005 0 0
0.031675 0 0
0.0317 0 0
0.031725 0 0
0.03175 0 0
0.031775000000000005 0 0
0.0318 0 0
0.031825 0 0
0.03185 0 0
0.031875 0 0
0.031900000000000005 0 0
0.031925 0 0
0.03195 0 0
0.031975 0 0
0.032 0 0
0.032025000000000005 0 0
0.03205 0 0
0.032075 0 0
0.032100000000000004 0 0
0.032125 0 0
0.032150000000000005 0 0
0.032175 0 0
0.0322 0 0
0.032225000000000004 0 0
0.03225 0 0
0.032275 0 0
0.0323 0 0
0.032325 0 0
0.032350000000000004 0 0
0.032375 0 0
0.0324 0 0
0.032425 0 0
0.03245 0 0
0.032475000000000004 0 0
0.0325 0 0
0.032525 0 0
0.03255 0 0
0.032575 0 0
0.032600000000000004 0 0
0.032625 0 0
0.03265 0 0
0.032675 0 0
0.0327 0 0
0.032725000000000004 0 0
0.03275 0 0
0.032775 0 0
0.0328 0 0
0.032825 0 0
0.032850000000000004 0 0
0.032875 0 0
0.0329 0 0
0.032925 0 0
0.03295 0 0
0.032975000000000004 0 0
0.033 0 0
0.033025 0 0
0.03305 0 0
0.033075 0 0
0.033100000000000004 0 0
0.033125 0 0
0.03315 0 0
0.033175 0 0
0.0332 0 0
0.033225000000000005 0 0
0.03325 0 0
0.033275 0 0
0.0333 0 0
0.033325 0 0
0.033350000000000005 0 0
0.033375 0 0
0.0334 0 0
0.033425 0 0
0.03345 0 0
0.033475000000000005 0 0
0.0335 0 0
0.033525 0 0
0.03355 0 0
0.033575 0 0
0.033600000000000005 0 0
0.033625 0 0
0.03365 0 0
0.033675000000000004 0 0
0.0337 0 0
0.033725000000000005 0 0
0.03375 0 0
0.033775 0 0
0.033800000000000004 0 0
0.033825 0 0
0.033850000000000005 0 0
0.033875 0 0
0.0339 0 0
0.033925000000000004 0 0
0.03395 0 0
0.033975 0 0
0.034 0 0
0.034025 0 0
0.034050000000000004 0 0
0.034075 0 0
0.0341 0 0
0.034125 0 0
0.03415 0 0
0.034175000000000004 0 0
0.0342 0 0
0.034225 0 0
0.03425 0 0
0.034275 0 0
0.034300000000000004 0 0
0.034325 0 0
0.03435 0 0
0.034375 0 0
0.0344 0 0
0.034425000000000004 0 0
0.03445 0 0
0.034475 0 0
0.0345 0 0
0.034525 0 0
0.034550000000000004 0 0
0.034575 0 0
0.0346 0 0
0.034625 0 0
0.03465 0 0
0.034675000000000004 0 0
0.0347 0 0
0.034725 0 0
0.03475 0 0
0.034775 0 0
0.034800000000000005 0 0
0.034825 0 0
0.03485 0 0
0.034875 0 0
0.0349 0 0
0.034925000000000005 0 0
0.03495 0 0
0.034975 0 0
0.035 0 0
0.035025 0 0
0.035050000000000005 0 0
0.035075 0 0
0.0351 0 0
0.035125 0 0
0.03515 0 0
0.035175000000000005 0 0
0.0352 0 0
0.035225 0 0
0.035250000000000004 0 0
0.035275 0 0
0.035300000000000005 0 0
0.035325 0 0
0.03535 0 0
0.035375000000000004 0 0
0.0354 0 0
0.035425000000000005 0 0
0.03545 0 0
0.035475 0 0
0.035500000000000004 0 0
0.035525 0 0
0.03555 0 0
0.035575 0 0
0.0356 0 0
0.035625000000000004 0 0
0.03565 0 0
0.035675 0 0
0.0357 0 0
0.035725 0 0
0.035750000000000004 0 0
0.035775 0 0
0.0358 0 0
0.035825 0 0
0.03585 0 0
0.035875000000000004 0 0
0.0359 0 0
0.035925 0 0
0.03595 0 0
0.035975 0 0
0.036000000000000004 0 0
0.036025 0 0
0.03605 0 0
0.036075 0 0
0.0361 0 0
0.036125000000000004 0 0
0.03615 0 0
0.036175 0 0
0.0362 0 0
0.036225 0 0
0.036250000000000004 0 0
0.036275 0 0
0.0363 0 0
0.036325 0 0
0.03635 0 0
0.036375000000000005 0 0
0.0364 0 0
0.036425 0 0
0.03645 0 0
0.036475 0 0
0.036500000000000005 0 0
0.036525 0 0
0.03655 0 0
0.036575 0 0
0.0366 0 0
0.036625000000000005 0 0
0.03665 0 0
0.036675 0 0
0.0367 0 0
0.036725 0 0
0.036750000000000005 0 0
0.036775 0 0
0.0368 0 0
0.036825000000000004 0 0
0.03685 0 0
0.036875000000000005 0 0
0.0369 0 0
0.036925 0 0
0.036950000000000004 0 0
0.036975 0 0
0.037000000000000005 0 0
0.037025 0 0
0.03705 0 0
0.037075000000000004 0 0
0.0371 0 0
0.037125000000000005 0 0
0.03715 0 0
0.037175 0 0
0.037200000000000004 0 0
0.037225 0 0
0.03725 0 0
0.037275 0 0
0.0373 0 0
0.037325000000000004 0 0
0.03735 0 0
0.037375 0 0
0.0374 0 0
0.037425 0 0
0.037450000000000004 0 0
0.037475 0 0
0.0375 0 0
0.037525 0 0
0.03755 0 0
0.037575000000000004 0 0
0.0376 0 0
0.037625 0 0
0.03765 0 0
0.037675 0 0
0.037700000000000004 0 0
0.037725 0 0
0.03775 0 0
0.037775 0 0
0.0378 0 0
0.037825000000000004 0 0
0.03785 0 0
0.037875 0 0
0.0379 0 0
0.037925 0 0
0.037950000000000005 0 0
0.037975 0 0
0.038 0 0
0.038025 0 0
0.03805 0 0
0.038075000000000005 0 0
0.0381 0 0
0.038125 0 0
0.03815 0 0
0.038175 0 0
0.038200000000000005 0 0
0.038225 0 0
0.03825 0 0
0.038275 0 0
0.0383 0 0
0.038325000000000005 0 0
0.03835 0 0
0.038375 0 0
0.038400000000000004 0 0
0.038425 0 0
0.038450000000000005 0 0
0.038475 0 0
0.0385 0 0
0.038525000000000004 0 0
0.03855 0 0
0.038575000000000005 0 0
0.0386 0 0
0.038625 0 0
0.038650000000000004 0 0
0.038675 0 0
0.038700000000000005 0 0
0.038725 0 0
0.03875 0 0
0.038775000000000004 0 0
0.0388 0 0
0.038825 0 0
0.03885 0 0
0.038875 0 0
0.038900000000000004 0 0
0.038925 0 0
0.03895 0 0
0.038975 0 0
0.039 0 0
0.039025000000000004 0 0
0.03905 0 0
0.039075 0 0
0.0391 0 0
0.039125 0 0
0.039150000000000004 0 0
0.039175 0 0
0.0392 0 0
0.039225 0 0
0.03925 0 0
0.039275000000000004 0 0
0.0393 0 0
0.039325 0 0
0.03935 0 0
0.039375 0 0
0.039400000000000004 0 0
0.039425 0 0
0.03945 0 0
0.039475 0 0
0.0395 0 0
0.039525000000000005 0 0
0.03955 0 0
0.039575 0 0
0.0396 0 0
0.039625 0 0
0.039650000000000005 0 0
0.039675 0 0
0.0397 0 0
0.039725 0 0
0.03975 0 0
0.039775000000000005 0 0
0.0398 0 0
0.039825 0 0
0.039850000000000003 0 0
0.039875 0 0
0.039900000000000005 0 0
0.039925 0 0
0.03995 0 0
0.039975000000000004 0 0
0.04 0 0
0.040025000000000005 0 0
0.04005 0 0
0.040075 0 0
0.040100000000000004 0 0
0.040125 0 0
0.040150000000000005 0 0
0.040175 0 0
0.0402 0 0
0.040225000000000004 0 0
0.04025 0 0
0.040275000000000005 0 0
0.0403 0 0
0.040325 0 0
0.040350000000000004 0 0
0.040375 0 0
0.040400000000000005 0 0
0.040425 0 0
0.04045 0 0
0.040475000000000004 0 0
0.0405 0 0
0.040525 0 0
0.04055 0 0
0.040575 0 0
0.040600000000000004 0 0
0.040625 0 0
0.04065 0 0
0.040675 0 0
0.0407 0 0
0.040725000000000004 0 0
0.04075 0 0
0.040775 0 0
0.0408 0 0
0.040825 0 0
0.040850000000000004 0 0
0.040875 0 0
0.0409 0 0
0.040925 0 0
0.04095 0 0
0.040975000000000004 0 0
0.041 0 0
0.041025 0 0
0.04105 0 0
0.041075 0 0
0.041100000000000005 0 0
0.041125 0 0
0.04115 0 0
0.041175 0 0
0.0412 0 0
0.041225000000000005 0 0
0.04125 0 0
0.041275 0 0
0.0413 0 0
0.041325 0 0
0.041350000000000005 0 0
0.041375 0 0
0.0414 0 0
0.041425000000000003 0 0
0.04145 0 0
0.041475000000000005 0 0
0.0415 0 0
0.041525 0 0
0.041550000000000004 0 0
0.041575 0 0
0.041600000000000005 0 0
0.041625 0 0
0.04165 0 0
0.041675000000000004 0 0
0.0417 0 0
0.041725000000000005 0 0
0.04175 0 0
0.041775 0 0
0.041800000000000004 0 0
0.041825 0 0
0.041850000000000005 0 0
0.041875 0 0
0.0419 0 0
0.041925000000000004 0 0
0.04195 0 0
0.041975000000000005 0 0
0.042 0 0
0.042025 0 0
0.042050000000000004 0 0
0.042075 0 0
0.042100000000000005 0 0
0.042125 0 0
0.04215 0 0
0.042175000000000004 0 0
0.0422 0 0
0.042225 0 0
0.04225 0 0
0.042275 0 0
0.042300000000000004 0 0
0.042325 0 0
0.04235 0 0
0.042375 0 0
0.0424 0 0
0.042425000000000004 0 0
0.04245 0 0
0.042475 0 0
0.0425 0 0
0.042525 0 0
0.042550000000000004 0 0
0.042575 0 0
0.0426 0 0
0.042625 0 0
0.04265 0 0
0.042675000000000005 0 0
0.0427 0 0
0.042725 0 0
0.04275 0 0
0.042775 0 0
0.042800000000000005 0 0
0.042825 0 0
0.04285 0 0
0.042875 0 0
0.0429 0 0
0.042925000000000005 0 0
0.04295 0 0
0.042975 0 0
0.043000000000000003 0 0
0.043025 0 0
0.043050000000000005 0 0
0.043075 0 0
0.0431 0 0
0.043125000000000004 0 0
0.04315 0 0
0.043175000000000005 0 0
0.0432 0 0
0.043225 0 0
0.043250000000000004 0 0
0.043275 0 0
0.043300000000000005 0 0
0.043325 0 0
0.04335 0 0
0.043375000000000004 0 0
0.0434 0 0
0.043425000000000005 0 0
0.04345 0 0
0.043475 0 0
0.043500000000000004 0 0
0.043525 0 0
0.043550000000000005 0 0
0.043575 0 0
0.0436 0 0
0.043625000000000004 0 0
0.04365 0 0
0.043675000000000005 0 0
0.0437 0 0
0.043725 0 0
0.043750000000000004 0 0
0.043775 0 0
0.0438 0 0
0.043825 0 0
0.04385 0 0
0.043875000000000004 0 0
0.0439 0 0
0.043925 0 0
0.04395 0 0
0.043975 0 0
0.044000000000000004 0 0
0.044025 0 0
0.04405 0 0
0.044075 0 0
0.0441 0 0
0.044125000000000004 0 0
0.04415 0 0
0.044175 0 0
0.0442 0 0
0.044225 0 0
0.044250000000000005 0 0
0.044275 0 0
0.0443 0 0
0.044325 0 0
0.04435 0 0
0.044375000000000005 0 0
0.0444 0 0
0.044425 0 0
0.04445 0 0
0.044475 0 0
0.044500000000000005 0 0
0.044525 0 0
0.04455 0 0
0.044575000000000004 0 0
0.0446 0 0
0.044625000000000005 0 0
0.04465 0 0
0.044675 0 0
0.044700000000000004 0 0
0.044725 0 0
0.044750000000000005 0 0
0.044775 0 0
0.0448 0 0
0.044825000000000004 0 0
0.04485 0 0
0.044875000000000005 0 0
0.0449 0 0
0.044925 0 0
0.044950000000000004 0 0
0.044975 0 0
0.045000000000000005 0 0
0.045025 0 0
0.04505 0 0
0.045075000000000004 0 0
0.0451 0 0
0.045125000000000005 0 0
0.04515 0 0
0.045175 0 0
0.045200000000000004 0 0
0.045225 0 0
0.045250000000000005 0 0
0.045275 0 0
0.0453 0 0
0.045325000000000004 0 0
0.04535 0 0
0.045375000000000006 0 0
0.0454 0 0
0.045425 0 0
0.045450000000000004 0 0
0.045475 0 0
0.0455 0 0
0.045525 0 0
0.04555 0 0
0.045575000000000004 0 0
0.0456 0 0
0.045625 0 0
0.04565 0 0
0.045675 0 0
0.045700000000000005 0 0
0.045725 0 0
0.04575 0 0
0.045775 0 0
0.0458 0 0
0.045825000000000005 0 0
0.04585 0 0
0.045875 0 0
0.0459 0 0
0.045925 0 0
0.045950000000000005 0 0
0.045975 0 0
0.046 0 0
0.046025 0 0
0.04605 0 0
0.046075000000000005 0 0
0.0461 0 0
0.046125 0 0
0.046150000000000004 0 0
0.046175 0 0
0.046200000000000005 0 0
0.046225 0 0
0.04625 0 0
0.046275000000000004 0 0
0.0463 0 0
0.046325000000000005 0 0
0.04635 0 0
0.046375 0 0
0.046400000000000004 0 0
0.046425 0 0
0.046450000000000005 0 0
0.046475 0 0
0.0465 0 0
0.046525000000000004 0 0
0.04655 0 0
0.046575000000000005 0 0
0.0466 0 0
0.046625 0 0
0.046650000000000004 0 0
0.046675 0 0
0.046700000000000005 0 0
0.046725 0 0
0.04675 0 0
0.046775000000000004 0 0
0.0468 0 0
0.046825000000000006 0 0
0.04685 0 0
0.046875 0 0
0.046900000000000004 0 0
0.046925 0 0
0.046950000000000006 0 0
0.046975 0 0
0.047 0 0
0.047025000000000004 0 0
0.04705 0 0
0.047075 0 0
0.0471 0 0
0.047125 0 0
0.047150000000000004 0 0
0.047175 0 0
0.0472 0 0
0.047225 0 0
0.04725 0 0
0.047275000000000005 0 0
0.0473 0 0
0.047325 0 0
0.04735 0 0
0.047375 0 0
0.047400000000000005 0 0
0.047425 0 0
0.04745 0 0
0.047475 0 0
0.0475 0 0
0.047525000000000005 0 0
0.04755 0 0
0.047575 0 0
0.0476 0 0
0.047625 0 0
0.047650000000000005 0 0
0.047675 0 0
0.0477 0 0
0.047725000000000004 0 0
0.04775 0 0
0.047775000000000005 0 0
0.0478 0 0
0.047825 0 0
0.047850000000000004 0 0
0.047875 0 0
0.047900000000000005 0 0
0.047925 0 0
0.04795 0 0
0.047975000000000004 0 0
0.048 0 0
0.048025000000000005 0 0
0.04805 0 0
0.048075 0 0
0.048100000000000004 0 0
0.048125 0 0
0.048150000000000005 0 0
0.048175 0 0
0.0482 0 0
0.048225000000000004 0 0
0.04825 0 0
0.048275000000000005 0 0
0.0483 0 0
0.048325 0 0
0.048350000000000004 0 0
0.048375 0 0
0.048400000000000006 0 0
0.048425 0 0
0.04845 0 0
0.048475000000000004 0 0
0.0485 0 0
0.048525000000000006 0 0
0.04855 0 0
0.048575 0 0
0.048600000000000004 0 0
0.048625 0 0
0.048650000000000006 0 0
0.048675 0 0
0.0487 0 0
0.048725000000000004 0 0
0.04875 0 0
0.048775 0 0
0.0488 0 0
0.048825 0 0
0.048850000000000005 0 0
0.048875 0 0
0.0489 0 0
0.048925 0 0
0.04895 0 0
0.048975000000000005 0 0
0.049 0 0
0.049025 0 0
0.04905 0 0
0.049075 0 0
0.049100000000000005 0 0
0.049125 0 0
0.04915 0 0
0.049175 0 0
0.0492 0 0
0.049225000000000005 0 0
0.04925 0 0
0.049275 0 0
0.049300000000000004 0 0
0.049325 0 0
0.049350000000000005 0 0
0.049375 0 0
0.0494 0 0
0.049425000000000004 0 0
0.04945 0 0
0.049475000000000005 0 0
0.0495 0 0
0.049525 0 0
0.049550000000000004 0 0
0.049575 0 0
0.049600000000000005 0 0
0.049625 0 0
0.04965 0 0
0.049675000000000004 0 0
0.0497 0 0
0.049725000000000005 0 0
0.04975 0 0
0.049775 0 0
0.049800000000000004 0 0
0.049825 0 0
0.049850000000000005 0 0
0.049875 0 0
0.0499 0 0
0.049925000000000004 0 0
0.04995 0 0
0.049975000000000006 0 0
0.05 0 0
0.050025 0 0
0.050050000000000004 0 0
0.050075 0 0
0.050100000000000006 0 0
0.050125 0 0
0.05015 0 0
0.050175000000000004 0 0
0.0502 0 0
0.050225000000000006 0 0
0.05025 0 0
0.050275 0 0
0.050300000000000004 0 0
0.050325 0 0
0.050350000000000006 0 0
0.050375 0 0
0.0504 0 0
0.050425000000000005 0 0
0.05045 0 0
0.050475 0 0
0.0505 0 0
0.050525 0 0
0.050550000000000005 0 0
0.050575 0 0
0.0506 0 0
0.050625 0 0
0.05065 0 0
0.050675000000000005 0 0
0.0507 0 0
0.050725 0 0
0.05075 0 0
0.050775 0 0
0.050800000000000005 0 0
0.050825 0 0
0.05085 0 0
0.050875000000000004 0 0
0.0509 0 0
0.050925000000000005 0 0
0.05095 0 0
0.050975 0 0
0.051000000000000004 0 0
0.051025 0 0
0.051050000000000005 0 0
0.051075 0 0
0.0511 0 0
0.051125000000000004 0 0
0.05115 0 0
0.051175000000000005 0 0
0.0512 0 0
0.051225 0 0
0.051250000000000004 0 0
0.051275 0 0
0.051300000000000005 0 0
0.051325 0 0
0.05135 0 0
0.051375000000000004 0 0
0.0514 0 0
0.051425000000000005 0 0
0.05145 0 0
0.051475 0 0
0.051500000000000004 0 0
0.051525 0 0
0.051550000000000006 0 0
0.051575 0 0
0.0516 0 0
0.051625000000000004 0 0
0.05165 0 0
0.051675000000000006 0 0
0.0517 0 0
0.051725 0 0
0.051750000000000004 0 0
0.051775 0 0
0.051800000000000006 0 0
0.051825 0 0
0.05185 0 0
0.051875000000000004 0 0
0.0519 0 0
0.051925000000000006 0 0
0.05195 0 0
0.051975 0 0
0.052000000000000005 0 0
0.052025 0 0
0.05205 0 0
0.052075 0 0
0.0521 0 0
0.052125000000000005 0 0
0.05215 0 0
0.052175 0 0
0.0522 0 0
0.052225 0 0
0.052250000000000005 0 0
0.052275 0 0
0.0523 0 0
0.052325 0 0
0.05235 0 0
0.052375000000000005 0 0
0.0524 0 0
0.052425 0 0
0.052450000000000004 0 0
0.052475 0 0
0.052500000000000005 0 0
0.052525 0 0
0.05255 0 0
0.052575000000000004 0 0
0.0526 0 0
0.052625000000000005 0 0
0.05265 0 0
0.052675 0 0
0.052700000000000004 0 0
0.052725 0 0
0.052750000000000005 0 0
0.052775 0 0
0.0528 0 0
0.052825000000000004 0 0
0.05285 0 0
0.052875000000000005 0 0
0.0529 0 0
0.052925 0 0
0.052950000000000004 0 0
0.052975 0 0
0.053000000000000005 0 0
0.053025 0 0
0.05305 0 0
0.053075000000000004 0 0
0.0531 0 0
0.053125000000000006 0 0
0.05315 0 0
0.053175 0 0
0.053200000000000004 0 0
0.053225 0 0
0.053250000000000006 0 0
0.053275 0 0
0.0533 0 0
0.053325000000000004 0 0
0.05335 0 0
0.053375000000000006 0 0
0.0534 0 0
0.053425 0 0
0.053450000000000004 0 0
0.053475 0 0
0.053500000000000006 0 0
0.053525 0 0
0.05355 0 0
0.053575000000000005 0 0
0.0536 0 0
0.053625000000000006 0 0
0.05365 0 0
0.053675 0 0
0.053700000000000005 0 0
0.053725 0 0
0.05375 0 0
0.053775 0 0
0.0538 0 0
0.053825000000000005 0 0
0.05385 0 0
0.053875 0 0
0.0539 0 0
0.053925 0 0
0.053950000000000005 0 0
0.053975 0 0
0.054 0 0
0.054025000000000004 0 0
0.05405 0 0
0.054075000000000005 0 0
0.0541 0 0
0.054125 0 0
0.054150000000000004 0 0
0.054175 0 0
0.054200000000000005 0 0
0.054225 0 0
0.05425 0 0
0.054275000000000004 0 0
0.0543 0 0
0.054325000000000005 0 0
0.05435 0 0
0.054375 0 0
0.054400000000000004 0 0
0.054425 0 0
0.054450000000000005 0 0
0.054475 0 0
0.0545 0 0
0.054525000000000004 0 0
0.05455 0 0
0.054575000000000005 0 0
0.0546 0 0
0.054625 0 0
0.054650000000000004 0 0
0.054675 0 0
0.054700000000000006 0 0
0.054725 0 0
0.05475 0 0
0.054775000000000004 0 0
0.0548 0 0
0.054825000000000006 0 0
0.05485 0 0
0.054875 0 0
0.054900000000000004 0 0
0.054925 0 0
0.054950000000000006 0 0
0.054975 0 0
0.055 0 0
0.055025000000000004 0 0
0.05505 0 0
0.055075000000000006 0 0
0.0551 0 0
0.055125 0 0
0.055150000000000005 0 0
0.055175 0 0
0.055200000000000006 0 0
0.055225 0 0
0.05525 0 0
0.055275000000000005 0 0
0.0553 0 0
0.055325000000000006 0 0
0.05535 0 0
0.055375 0 0
0.055400000000000005 0 0
0.055425 0 0
0.05545 0 0
0.055475000000000003 0 0
0.0555 0 0
0.055525000000000005 0 0
0.05555 0 0
0.055575 0 0
0.055600000000000004 0 0
0.055625 0 0
0.055650000000000005 0 0
0.055675 0 0
0.0557 0 0
0.055725000000000004 0 0
0.05575 0 0
0.055775000000000005 0 0
0.0558 0 0
0.055825 0 0
0.055850000000000004 0 0
0.055875 0 0
0.055900000000000005 0 0
0.055925 0 0
0.05595 0 0
0.055975000000000004 0 0
0.056 0 0
0.056025000000000005 0 0
0.05605 0 0
0.056075 0 0
0.056100000000000004 0 0
0.056125 0 0
0.056150000000000005 0 0
0.056175 0 0
0.0562 0 0
0.056225000000000004 0 0
0.05625 0 0
0.056275000000000006 0 0
0.0563 0 0
0.056325 0 0
0.056350000000000004 0 0
0.056375 0 0
0.056400000000000006 0 0
0.056425 0 0
0.05645 0 0
0.056475000000000004 0 0
0.0565 0 0
0.056525000000000006 0 0
0.05655 0 0
0.056575 0 0
0.056600000000000004 0 0
0.056625 0 0
0.056650000000000006 0 0
0.056675 0 0
0.0567 0 0
0.056725000000000005 0 0
0.05675 0 0
0.056775000000000006 0 0
0.0568 0 0
0.056825 0 0
0.056850000000000005 0 0
0.056875 0 0
0.056900000000000006 0 0
0.056925 0 0
0.05695 0 0
0.056975000000000005 0 0
0.057 0 0
0.057025 0 0
0.057050000000000003 0 0
0.057075 0 0
0.057100000000000005 0 0
0.057125 0 0
0.05715 0 0
0.057175000000000004 0 0
0.0572 0 0
0.057225000000000005 0 0
0.05725 0 0
0.057275 0 0
0.057300000000000004 0 0
0.057325 0 0
0.057350000000000005 0 0
0.057375 0 0
0.0574 0 0
0.057425000000000004 0 0
0.05745 0 0
0.057475000000000005 0 0
0.0575 0 0
0.057525 0 0
0.057550000000000004 0 0
0.057575 0 0
0.057600000000000005 0 0
0.057625 0 0
0.05765 0 0
0.057675000000000004 0 0
0.0577 0 0
0.057725000000000005 0 0
0.05775 0 0
0.057775 0 0
0.057800000000000004 0 0
0.057825 0 0
0.057850000000000006 0 0
0.057875 0 0
0.0579 0 0
0.057925000000000004 0 0
0.05795 0 0
0.057975000000000006 0 0
0.058 0 0
0.058025 0 0
0.058050000000000004 0 0
0.058075 0 0
0.058100000000000006 0 0
0.058125 0 0
0.05815 0 0
0.058175000000000004 0 0
0.0582 0 0
0.058225000000000006 0 0
0.05825 0 0
0.058275 0 0
0.058300000000000005 0 0
0.058325 0 0
0.058350000000000006 0 0
0.058375 0 0
0.0584 0 0
0.058425000000000005 0 0
0.05845 0 0
0.058475000000000006 0 0
0.0585 0 0
0.058525 0 0
0.058550000000000005 0 0
0.058575 0 0
0.058600000000000006 0 0
0.058625000000000003 0 0
0.05865 0 0
0.058675000000000005 0 0
0.0587 0 0
0.058725 0 0
0.058750000000000004 0 0
0.058775 0 0
0.058800000000000005 0 0
0.058825 0 0
0.05885 0 0
0.058875000000000004 0 0
0.0589 0 0
0.058925000000000005 0 0
0.05895 0 0
0.058975 0 0
0.059000000000000004 0 0
0.059025 0 0
0.059050000000000005 0 0
0.059075 0 0
0.0591 0 0
0.059125000000000004 0 0
0.05915 0 0
0.059175000000000005 0 0
0.0592 0 0
0.059225 0 0
0.059250000000000004 0 0
0.059275 0 0
0.059300000000000005 0 0
0.059325 0 0
0.05935 0 0
0.059375000000000004 0 0
0.0594 0 0
0.059425000000000006 0 0
0.05945 0 0
0.059475 0 0
0.059500000000000004 0 0
0.059525 0 0
0.059550000000000006 0 0
0.059575 0 0
0.0596 0 0
0.059625000000000004 0 0
0.05965 0 0
0.059675000000000006 0 0
0.0597 0 0
0.059725 0 0
0.059750000000000004 0 0
0.059775 0 0
0.059800000000000006 0 0
0.059825 0 0
0.05985 0 0
0.059875000000000005 0 0
0.0599 0 0
0.059925000000000006 0 0
0.05995 0 0
0.059975 0 0
0.060000000000000005 0 0
0 0 0
2.5E-5 0 0
5.0E-5 0 0
7.500000000000001E-5 0 0
1.0E-4 0 0
1.25E-4 0 0
1.5000000000000001E-4 0 0
1.75E-4 0 0
2.0E-4 0 0
2.2500000000000002E-4 0 0
2.5E-4 0 0
2.75E-4 0 0
3.0000000000000003E-4 0 0
3.2500000000000004E-4 0 0
3.5E-4 0 0
3.75E-4 0 0
4.0E-4 0 0
4.2500000000000003E-4 0 0
4.5000000000000004E-4 0 0
4.75E-4 0 0
5.0E-4 0 0
5.250000000000001E-4 0 0
5.5E-4 0 0
5.75E-4 0 0
6.000000000000001E-4 0 0
6.25E-4 0 0
6.500000000000001E-4 0 0
6.75E-4 0 0
7.0E-4 0 0
7.250000000000001E-4 0 0
7.5E-4 0 0
7.750000000000001E-4 0 0
8.0E-4 0 0
8.25E-4 0 0
8.500000000000001E-4 0 0
8.75E-4 0 0
9.000000000000001E-4 0 0
9.25E-4 0 0
9.5E-4 0 0
9.750000000000001E-4 0 0
0.001 0 0
0.001025 0 0
0.0010500000000000002 0 0
0.001075 0 0
0.0011 0 0
0.0011250000000000001 0 0
0.00115 0 0
0.001175 0 0
0.0012000000000000001 0 0
0.001225 0 0
0.00125 0 0
0.001275 0 0
0.0013000000000000002 0 0
0.001325 0 0
0.00135 0 0
0.0013750000000000001 0 0
0.0014 0 0
0.001425 0 0
0.0014500000000000001 0 0
0.001475 0 0
0.0015 0 0
0.001525 0 0
0.0015500000000000002 0 0
0.001575 0 0
0.0016 0 0
0.0016250000000000001 0 0
0.00165 0 0
0.001675 0 0
0.0017000000000000001 0 0
0.0017250000000000002 0 0
0.00175 0 0
0.001775 0 0
0.0018000000000000002 0 0
0.001825 0 0
0.00185 0 0
0.0018750000000000001 0 0
0.0019 0 0
0.001925 0 0
0.0019500000000000001 0 0
0.001975 0 0
0.002 0 0
0.002025 0 0
0.00205 0 0
0.002075 0 0
0.0021000000000000003 0 0
0.002125 0 0
0.00215 0 0
0.0021750000000000003 0 0
0.0022 0 0
0.002225 0 0
0.0022500000000000003 0 0
0.002275 0 0
0.0023 0 0
0.0023250000000000002 0 0
0.00235 0 0
0.002375 0 0
0.0024000000000000002 0 0
0.002425 0 0
0.00245 0 0
0.002475 0 0
0.0025 0 0
0.0025250000000000003 0 0
0.00255 0 0
0.002575 0 0
0.0026000000000000003 0 0
0.002625 0 0
0.00265 0 0
0.0026750000000000003 0 0
0.0027 0 0
0.002725 0 0
0.0027500000000000003 0 0
0.002775 0 0
0.0028 0 0
0.0028250000000000003 0 0
0.00285 0 0
0.002875 0 0
0.0029000000000000002 0 0
0.002925 0 0
0.00295 0 0
0.002975 0 0
0.003 0 0
0.0030250000000000003 0 0
0.00305 0 0
0.003075 0 0
0.0031000000000000003 0 0
0.003125 0 0
0.00315 0 0
0.0031750000000000003 0 0
0.0032 0 0
0.003225 0 0
0.0032500000000000003 0 0
0.003275 0 0
0.0033 0 0
0.0033250000000000003 0 0
0.00335 0 0
0.003375 0 0
0.0034000000000000002 0 0
0.003425 0 0
0.0034500000000000004 0 0
0.0034750000000000002 0 0
0.0035 0 0
0.0035250000000000004 0 0
0.00355 0 0
0.003575 0 0
0.0036000000000000003 0 0
0.003625 0 0
0.00365 0 0
0.0036750000000000003 0 0
0.0037 0 0
0.003725 0 0
0.0037500000000000003 0 0
0.003775 0 0
0.0038 0 0
0.0038250000000000003 0 0
0.00385 0 0
0.003875 0 0
0.0039000000000000003 0 0
0.0039250000000000005 0 0
0.00395 0 0
0.003975 0 0
0.004 0 0
0.004025 0 0
0.00405 0 0
0.0040750000000000005 0 0
0.0041 0 0
0.004125 0 0
0.00415 0 0
0.004175 0 0
0.004200000000000001 0 0
0.0042250000000000005 0 0
0.00425 0 0
0.004275 0 0
0.0043 0 0
0.004325 0 0
0.004350000000000001 0 0
0.004375 0 0
0.0044 0 0
0.004425 0 0
0.00445 0 0
0.004475 0 0
0.0045000000000000005 0 0
0.004525 0 0
0.00455 0 0
0.004575 0 0
0.0046 0 0
0.004625000000000001 0 0
0.0046500000000000005 0 0
0.004675 0 0
0.0047 0 0
0.004725 0 0
0.00475 0 0
0.004775000000000001 0 0
0.0048000000000000004 0 0
0.004825 0 0
0.00485 0 0
0.004875 0 0
0.0049 0 0
0.0049250000000000006 0 0
0.00495 0 0
0.004975 0 0
0.005 0 0
0.005025 0 0
0.005050000000000001 0 0
0.0050750000000000005 0 0
0.0051 0 0
0.005125 0 0
0.00515 0 0
0.005175 0 0
0.005200000000000001 0 0
0.0052250000000000005 0 0
0.00525 0 0
0.005275 0 0
0.0053 0 0
0.005325 0 0
0.005350000000000001 0 0
0.0053750000000000004 0 0
0.0054 0 0
0.005425 0 0
0.00545 0 0
0.005475 0 0
0.0055000000000000005 0 0
0.005525 0 0
0.00555 0 0
0.005575 0 0
0.0056 0 0
0.005625000000000001 0 0
0.0056500000000000005 0 0
0.005675 0 0
0.0057 0 0
0.005725 0 0
0.00575 0 0
0.005775000000000001 0 0
0.0058000000000000005 0 0
0.005825 0 0
0.00585 0 0
0.005875 0 0
0.0059 0 0
0.005925000000000001 0 0
0.00595 0 0
0.005975 0 0
0.006 0 0
0.006025 0 0
0.006050000000000001 0 0
0.0060750000000000005 0 0
0.0061 0 0
0.006125 0 0
0.00615 0 0
0.006175 0 0
0.006200000000000001 0 0
0.0062250000000000005 0 0
0.00625 0 0
0.006275 0 0
0.0063 0 0
0.006325 0 0
0.006350000000000001 0 0
0.0063750000000000005 0 0
0.0064 0 0
0.006425 0 0
0.00645 0 0
0.006475000000000001 0 0
0.006500000000000001 0 0
0.006525 0 0
0.00655 0 0
0.006575 0 0
0.0066 0 0
0.006625000000000001 0 0
0.0066500000000000005 0 0
0.006675 0 0
0.0067 0 0
0.006725 0 0
0.00675 0 0
0.006775000000000001 0 0
0.0068000000000000005 0 0
0.006825 0 0
0.00685 0 0
0.006875 0 0
0.006900000000000001 0 0
0.006925000000000001 0 0
0.0069500000000000004 0 0
0.006975 0 0
0.007 0 0
0.007025 0 0
0.007050000000000001 0 0
0.0070750000000000006 0 0
0.0071 0 0
0.007125 0 0
0.00715 0 0
0.007175 0 0
0.007200000000000001 0 0
0.0072250000000000005 0 0
0.00725 0 0
0.007275 0 0
0.0073 0 0
0.007325000000000001 0 0
0.007350000000000001 0 0
0.0073750000000000005 0 0
0.0074 0 0
0.007425 0 0
0.00745 0 0
0.007475000000000001 0 0
0.007500000000000001 0 0
0.0075250000000000004 0 0
0.00755 0 0
0.007575 0 0
0.0076 0 0
0.007625000000000001 0 0
0.0076500000000000005 0 0
0.007675 0 0
0.0077 0 0
0.007725 0 0
0.00775 0 0
0.007775000000000001 0 0
0.0078000000000000005 0 0
0.007825 0 0
0.007850000000000001 0 0
0.007875 0 0
0.0079 0 0
0.007925 0 0
0.00795 0 0
0.007975000000000001 0 0
0.008 0 0
0.008025000000000001 0 0
0.00805 0 0
0.008075 0 0
0.0081 0 0
0.008125 0 0
0.008150000000000001 0 0
0.008175 0 0
0.0082 0 0
0.008225 0 0
0.00825 0 0
0.008275000000000001 0 0
0.0083 0 0
0.008325 0 0
0.00835 0 0
0.008375 0 0
0.008400000000000001 0 0
0.008425 0 0
0.008450000000000001 0 0
0.008475 0 0
0.0085 0 0
0.008525 0 0
0.00855 0 0
0.008575000000000001 0 0
0.0086 0 0
0.008625 0 0
0.00865 0 0
0.008675 0 0
0.008700000000000001 0 0
0.008725 0 0
0.00875 0 0
0.008775 0 0
0.0088 0 0
0.008825000000000001 0 0
0.00885 0 0
0.008875000000000001 0 0
0.0089 0 0
0.008925 0 0
0.00895 0 0
0.008975 0 0
0.009000000000000001 0 0
0.009025 0 0
0.00905 0 0
0.009075 0 0
0.0091 0 0
0.009125000000000001 0 0
0.00915 0 0
0.009175 0 0
0.0092 0 0
0.009225 0 0
0.009250000000000001 0 0
0.009275 0 0
0.009300000000000001 0 0
0.009325 0 0
0.00935 0 0
0.009375 0 0
0.0094 0 0
0.009425000000000001 0 0
0.00945 0 0
0.009475 0 0
0.0095 0 0
0.009525 0 0
0.009550000000000001 0 0
0.009575 0 0
0.009600000000000001 0 0
0.009625 0 0
0.00965 0 0
0.009675000000000001 0 0
0.0097 0 0
0.009725000000000001 0 0
0.00975 0 0
0.009775 0 0
0.0098 0 0
0.009825 0 0
0.009850000000000001 0 0
0.009875 0 0
0.0099 0 0
0.009925 0 0
0.00995 0 0
0.009975000000000001 0 0
0.01 0 0
0.010025000000000001 0 0
0.01005 0 0
0.010075 0 0
0.010100000000000001 0 0
0.010125 0 0
0.010150000000000001 0 0
0.010175 0 0
0.0102 0 0
0.010225 0 0
0.01025 0 0
0.010275000000000001 0 0
0.0103 0 0
0.010325 0 0
0.01035 0 0
0.010375 0 0
0.010400000000000001 0 0
0.010425 0 0
0.010450000000000001 0 0
0.010475 0 0
0.0105 0 0
0.010525000000000001 0 0
0.01055 0 0
0.010575000000000001 0 0
0.0106 0 0
0.010625 0 0
0.01065 0 0
0.010675 0 0
0.010700000000000001 0 0
0.010725 0 0
0.010750000000000001 0 0
0.010775 0 0
0.0108 0 0
0.010825000000000001 0 0
0.01085 0 0
0.010875000000000001 0 0
0.0109 0 0
0.010925 0 0
0.01095 0 0
0.010975 0 0
0.011000000000000001 0 0
0.011025 0 0
0.01105 0 0
0.011075 0 0
0.0111 0 0
0.011125000000000001 0 0
0.01115 0 0
0.011175000000000001 0 0
0.0112 0 0
0.011225 0 0
0.011250000000000001 0 0
0.011275 0 0
0.011300000000000001 0 0
0.011325 0 0
0.01135 0 0
0.011375 0 0
0.0114 0 0
0.011425000000000001 0 0
0.01145 0 0
0.011475 0 0
0.0115 0 0
0.011525 0 0
0.011550000000000001 0 0
0.011575 0 0
0.011600000000000001 0 0
0.011625 0 0
0.01165 0 0
0.011675000000000001 0 0
0.0117 0 0
0.011725000000000001 0 0
0.01175 0 0
0.011775 0 0
0.0118 0 0
0.011825 0 0
0.011850000000000001 0 0
0.011875 0 0
0.0119 0 0
0.011925 0 0
0.01195 0 0
0.011975000000000001 0 0
0.012 0 0
0.012025000000000001 0 0
0.01205 0 0
0.012075 0 0
0.012100000000000001 0 0
0.012125 0 0
0.012150000000000001 0 0
0.012175 0 0
0.0122 0 0
0.012225 0 0
0.01225 0 0
0.012275000000000001 0 0
0.0123 0 0
0.012325000000000001 0 0
0.01235 0 0
0.012375 0 0
0.012400000000000001 0 0
0.012425 0 0
0.012450000000000001 0 0
0.012475 0 0
0.0125 0 0
0.012525000000000001 0 0
0.01255 0 0
0.012575000000000001 0 0
0.0126 0 0
0.012625 0 0
0.01265 0 0
0.012675 0 0
0.012700000000000001 0 0
0.012725 0 0
0.012750000000000001 0 0
0.012775 0 0
0.0128 0 0
0.012825000000000001 0 0
0.01285 0 0
0.012875000000000001 0 0
0.0129 0 0
0.012925 0 0
0.012950000000000001 0 0
0.012975 0 0
0.013000000000000001 0 0
0.013025 0 0
0.01305 0 0
0.013075 0 0
0.0131 0 0
0.013125000000000001 0 0
0.01315 0 0
0.013175000000000001 0 0
0.0132 0 0
0.013225 0 0
0.013250000000000001 0 0
0.013275 0 0
0.013300000000000001 0 0
0.013325 0 0
0.01335 0 0
0.013375000000000001 0 0
0.0134 0 0
0.013425000000000001 0 0
0.01345 0 0
0.013475 0 0
0.0135 0 0
0.013525 0 0
0.013550000000000001 0 0
0.013575 0 0
0.013600000000000001 0 0
0.013625 0 0
0.01365 0 0
0.013675000000000001 0 0
0.0137 0 0
0.013725000000000001 0 0
0.01375 0 0
0.013775 0 0
0.013800000000000002 0 0
0.013825 0 0
0.013850000000000001 0 0
0.013875 0 0
0.013900000000000001 0 0
0.013925 0 0
0.01395 0 0
0.013975000000000001 0 0
0.014 0 0
0.014025000000000001 0 0
0.01405 0 0
0.014075 0 0
0.014100000000000001 0 0
0.014125 0 0
0.014150000000000001 0 0
0.014175 0 0
0.0142 0 0
0.014225000000000002 0 0
0.01425 0 0
0.014275000000000001 0 0
0.0143 0 0
0.014325000000000001 0 0
0.01435 0 0
0.014375 0 0
0.014400000000000001 0 0
0.014425 0 0
0.014450000000000001 0 0
0.014475 0 0
0.0145 0 0
0.014525000000000001 0 0
0.01455 0 0
0.014575000000000001 0 0
0.0146 0 0
0.014625 0 0
0.014650000000000002 0 0
0.014675 0 0
0.014700000000000001 0 0
0.014725 0 0
0.014750000000000001 0 0
0.014775 0 0
0.0148 0 0
0.014825000000000001 0 0
0.01485 0 0
0.014875000000000001 0 0
0.0149 0 0
0.014925 0 0
0.014950000000000001 0 0
0.014975 0 0
0.015000000000000001 0 0
0.015025 0 0
0.015050000000000001 0 0
0.015075 0 0
0.0151 0 0
0.015125000000000001 0 0
0.01515 0 0
0.015175000000000001 0 0
0.0152 0 0
0.015225 0 0
0.015250000000000001 0 0
0.015275 0 0
0.015300000000000001 0 0
0.015325 0 0
0.01535 0 0
0.015375000000000002 0 0
0.0154 0 0
0.015425000000000001 0 0
0.01545 0 0
0.015475000000000001 0 0
0.0155 0 0
0.015525 0 0
0.015550000000000001 0 0
0.015575 0 0
0.015600000000000001 0 0
0.015625 0 0
0.01565 0 0
0.015675 0 0
0.015700000000000002 0 0
0.015725 0 0
0.01575 0 0
0.015775 0 0
0.0158 0 0
0.015825000000000002 0 0
0.01585 0 0
0.015875 0 0
0.0159 0 0
0.015925 0 0
0.015950000000000002 0 0
0.015975 0 0
0.016 0 0
0.016025 0 0
0.016050000000000002 0 0
0.016075000000000002 0 0
0.0161 0 0
0.016125 0 0
0.01615 0 0
0.016175000000000002 0 0
0.0162 0 0
0.016225 0 0
0.01625 0 0
0.016275 0 0
0.016300000000000002 0 0
0.016325 0 0
0.01635 0 0
0.016375 0 0
0.0164 0 0
0.016425000000000002 0 0
0.01645 0 0
0.016475 0 0
0.0165 0 0
0.016525 0 0
0.016550000000000002 0 0
0.016575 0 0
0.0166 0 0
0.016625 0 0
0.01665 0 0
0.016675000000000002 0 0
0.0167 0 0
0.016725 0 0
0.01675 0 0
0.016775 0 0
0.016800000000000002 0 0
0.016825 0 0
0.01685 0 0
0.016875 0 0
0.016900000000000002 0 0
0.016925000000000003 0 0
0.01695 0 0
0.016975 0 0
0.017 0 0
0.017025000000000002 0 0
0.01705 0 0
0.017075 0 0
0.0171 0 0
0.017125 0 0
0.017150000000000002 0 0
0.017175 0 0
0.0172 0 0
0.017225 0 0
0.01725 0 0
0.017275000000000002 0 0
0.0173 0 0
0.017325 0 0
0.01735 0 0
0.017375 0 0
0.017400000000000002 0 0
0.017425 0 0
0.01745 0 0
0.017475 0 0
0.0175 0 0
0.017525000000000002 0 0
0.01755 0 0
0.017575 0 0
0.0176 0 0
0.017625000000000002 0 0
0.017650000000000002 0 0
0.017675 0 0
0.0177 0 0
0.017725 0 0
0.017750000000000002 0 0
0.017775 0 0
0.0178 0 0
0.017825 0 0
0.01785 0 0
0.017875000000000002 0 0
0.0179 0 0
0.017925 0 0
0.01795 0 0
0.017975 0 0
0.018000000000000002 0 0
0.018025 0 0
0.01805 0 0
0.018075 0 0
0.0181 0 0
0.018125000000000002 0 0
0.01815 0 0
0.018175 0 0
0.0182 0 0
0.018225 0 0
0.018250000000000002 0 0
0.018275 0 0
0.0183 0 0
0.018325 0 0
0.01835 0 0
0.018375000000000002 0 0
0.0184 0 0
0.018425 0 0
0.01845 0 0
0.018475000000000002 0 0
0.018500000000000003 0 0
0.018525 0 0
0.01855 0 0
0.018575 0 0
0.018600000000000002 0 0
0.018625 0 0
0.01865 0 0
0.018675 0 0
0.0187 0 0
0.018725000000000002 0 0
0.01875 0 0
0.018775 0 0
0.0188 0 0
0.018825 0 0
0.018850000000000002 0 0
0.018875 0 0
0.0189 0 0
0.018925 0 0
0.01895 0 0
0.018975000000000002 0 0
0.019 0 0
0.019025 0 0
0.01905 0 0
0.019075 0 0
0.019100000000000002 0 0
0.019125 0 0
0.01915 0 0
0.019175 0 0
0.019200000000000002 0 0
0.019225000000000003 0 0
0.01925 0 0
0.019275 0 0
0.0193 0 0
0.019325000000000002 0 0
0.019350000000000003 0 0
0.019375 0 0
0.0194 0 0
0.019425 0 0
0.019450000000000002 0 0
0.019475 0 0
0.0195 0 0
0.019525 0 0
0.01955 0 0
0.019575000000000002 0 0
0.0196 0 0
0.019625 0 0
0.01965 0 0
0.019675 0 0
0.019700000000000002 0 0
0.019725 0 0
0.01975 0 0
0.019775 0 0
0.0198 0 0
0.019825000000000002 0 0
0.01985 0 0
0.019875 0 0
0.0199 0 0
0.019925000000000002 0 0
0.019950000000000002 0 0
0.019975 0 0
0.02 0 0
0.020025 0 0
0.020050000000000002 0 0
0.020075000000000003 0 0
0.0201 0 0
0.020125 0 0
0.02015 0 0
0.020175000000000002 0 0
0.020200000000000003 0 0
0.020225 0 0
0.02025 0 0
0.020275 0 0
0.020300000000000002 0 0
0.020325 0 0
0.02035 0 0
0.020375 0 0
0.0204 0 0
0.020425000000000002 0 0
0.02045 0 0
0.020475 0 0
0.0205 0 0
0.020525 0 0
0.020550000000000002 0 0
0.020575 0 0
0.0206 0 0
0.020625 0 0
0.02065 0 0
0.020675000000000002 0 0
0.0207 0 0
0.020725 0 0
0.02075 0 0
0.020775000000000002 0 0
0.020800000000000003 0 0
0.020825 0 0
0.02085 0 0
0.020875 0 0
0.020900000000000002 0 0
0.020925000000000003 0 0
0.02095 0 0
0.020975 0 0
0.021 0 0
0.021025000000000002 0 0
0.021050000000000003 0 0
0.021075 0 0
0.0211 0 0
0.021125 0 0
0.021150000000000002 0 0
0.021175 0 0
0.0212 0 0
0.021225 0 0
0.02125 0 0
0.021275000000000002 0 0
0.0213 0 0
0.021325 0 0
0.02135 0 0
0.021375 0 0
0.021400000000000002 0 0
0.021425 0 0
0.02145 0 0
0.021475 0 0
0.021500000000000002 0 0
0.021525000000000002 0 0
0.02155 0 0
0.021575 0 0
0.0216 0 0
0.021625000000000002 0 0
0.021650000000000003 0 0
0.021675 0 0
0.0217 0 0
0.021725 0 0
0.021750000000000002 0 0
0.021775000000000003 0 0
0.0218 0 0
0.021825 0 0
0.02185 0 0
0.021875000000000002 0 0
0.0219 0 0
0.021925 0 0
0.02195 0 0
0.021975 0 0
0.022000000000000002 0 0
0.022025 0 0
0.02205 0 0
0.022075 0 0
0.0221 0 0
0.022125000000000002 0 0
0.02215 0 0
0.022175 0 0
0.0222 0 0
0.022225 0 0
0.022250000000000002 0 0
0.022275 0 0
0.0223 0 0
0.022325 0 0
0.022350000000000002 0 0
0.022375000000000003 0 0
0.0224 0 0
0.022425 0 0
0.02245 0 0
0.022475000000000002 0 0
0.022500000000000003 0 0
0.022525 0 0
0.02255 0 0
0.022575 0 0
0.022600000000000002 0 0
0.022625000000000003 0 0
0.02265 0 0
0.022675 0 0
0.0227 0 0
0.022725000000000002 0 0
0.02275 0 0
0.022775 0 0
0.0228 0 0
0.022825 0 0
0.022850000000000002 0 0
0.022875 0 0
0.0229 0 0
0.022925 0 0
0.02295 0 0
0.022975000000000002 0 0
0.023 0 0
0.023025 0 0
0.02305 0 0
0.023075000000000002 0 0
0.023100000000000002 0 0
0.023125 0 0
0.02315 0 0
0.023175 0 0
0.023200000000000002 0 0
0.023225000000000003 0 0
0.02325 0 0
0.023275 0 0
0.0233 0 0
0.023325000000000002 0 0
0.023350000000000003 0 0
0.023375 0 0
0.0234 0 0
0.023425 0 0
0.023450000000000002 0 0
0.023475000000000003 0 0
0.0235 0 0
0.023525 0 0
0.02355 0 0
0.023575000000000002 0 0
0.0236 0 0
0.023625 0 0
0.02365 0 0
0.023675 0 0
0.023700000000000002 0 0
0.023725 0 0
0.02375 0 0
0.023775 0 0
0.0238 0 0
0.023825000000000002 0 0
0.02385 0 0
0.023875 0 0
0.0239 0 0
0.023925000000000002 0 0
0.023950000000000003 0 0
0.023975 0 0
0.024 0 0
0.024025 0 0
0.024050000000000002 0 0
0.024075000000000003 0 0
0.0241 0 0
0.024125 0 0
0.02415 0 0
0.024175000000000002 0 0
0.024200000000000003 0 0
0.024225 0 0
0.02425 0 0
0.024275 0 0
0.024300000000000002 0 0
0.024325000000000003 0 0
0.02435 0 0
0.024375 0 0
0.0244 0 0
0.024425000000000002 0 0
0.02445 0 0
0.024475 0 0
0.0245 0 0
0.024525 0 0
0.024550000000000002 0 0
0.024575 0 0
0.0246 0 0
0.024625 0 0
0.024650000000000002 0 0
0.024675000000000002 0 0
0.0247 0 0
0.024725 0 0
0.02475 0 0
0.024775000000000002 0 0
0.024800000000000003 0 0
0.024825 0 0
0.02485 0 0
0.024875 0 0
0.024900000000000002 0 0
0.024925000000000003 0 0
0.02495 0 0
0.024975 0 0
0.025 0 0
0.025025000000000002 0 0
0.025050000000000003 0 0
0.025075 0 0
0.0251 0 0
0.025125 0 0
0.025150000000000002 0 0
0.025175000000000003 0 0
0.0252 0 0
0.025225 0 0
0.02525 0 0
0.025275000000000002 0 0
0.0253 0 0
0.025325 0 0
0.02535 0 0
0.025375 0 0
0.025400000000000002 0 0
0.025425 0 0
0.02545 0 0
0.025475 0 0
0.025500000000000002 0 0
0.025525000000000003 0 0
0.02555 0 0
0.025575 0 0
0.0256 0 0
0.025625000000000002 0 0
0.025650000000000003 0 0
0.025675 0 0
0.0257 0 0
0.025725 0 0
0.025750000000000002 0 0
0.025775000000000003 0 0
0.0258 0 0
0.025825 0 0
0.02585 0 0
0.025875000000000002 0 0
0.025900000000000003 0 0
0.025925 0 0
0.02595 0 0
0.025975 0 0
0.026000000000000002 0 0
0.026025 0 0
0.02605 0 0
0.026075 0 0
0.0261 0 0
0.026125000000000002 0 0
0.02615 0 0
0.026175 0 0
0.0262 0 0
0.026225000000000002 0 0
0.026250000000000002 0 0
0.026275 0 0
0.0263 0 0
0.026325 0 0
0.026350000000000002 0 0
0.026375000000000003 0 0
0.0264 0 0
0.026425 0 0
0.02645 0 0
0.026475000000000002 0 0
0.026500000000000003 0 0
0.026525 0 0
0.02655 0 0
0.026575 0 0
0.026600000000000002 0 0
0.026625000000000003 0 0
0.02665 0 0
0.026675 0 0
0.0267 0 0
0.026725000000000002 0 0
0.026750000000000003 0 0
0.026775 0 0
0.0268 0 0
0.026825 0 0
0.026850000000000002 0 0
0.026875 0 0
0.0269 0 0
0.026925 0 0
0.02695 0 0
0.026975000000000002 0 0
0.027 0 0
0.027025 0 0
0.02705 0 0
0.027075000000000002 0 0
0.027100000000000003 0 0
0.027125 0 0
0.02715 0 0
0.027175 0 0
0.027200000000000002 0 0
0.027225000000000003 0 0
0.02725 0 0
0.027275 0 0
0.0273 0 0
0.027325000000000002 0 0
0.027350000000000003 0 0
0.027375 0 0
0.0274 0 0
0.027425 0 0
0.027450000000000002 0 0
0.027475000000000003 0 0
0.0275 0 0
0.027525 0 0
0.02755 0 0
0.027575000000000002 0 0
0.027600000000000003 0 0
0.027625 0 0
0.02765 0 0
0.027675 0 0
0.027700000000000002 0 0
0.027725 0 0
0.02775 0 0
0.027775 0 0
0.027800000000000002 0 0
0.027825000000000003 0 0
0.02785 0 0
0.027875 0 0
0.0279 0 0
0.027925000000000002 0 0
0.027950000000000003 0 0
0.027975 0 0
0.028 0 0
0.028025 0 0
0.028050000000000002 0 0
0.028075000000000003 0 0
0.0281 0 0
0.028125 0 0
0.02815 0 0
0.028175000000000002 0 0
0.028200000000000003 0 0
0.028225 0 0
0.02825 0 0
0.028275 0 0
0.028300000000000002 0 0
0.028325000000000003 0 0
0.02835 0 0
0.028375 0 0
0.0284 0 0
0.028425000000000002 0 0
0.028450000000000003 0 0
0.028475 0 0
0.0285 0 0
0.028525000000000002 0 0
0.028550000000000002 0 0
0.028575 0 0
0.0286 0 0
0.028625 0 0
0.028650000000000002 0 0
0.028675000000000003 0 0
0.0287 0 0
0.028725 0 0
0.02875 0 0
0.028775000000000002 0 0
0.028800000000000003 0 0
0.028825 0 0
0.02885 0 0
0.028875 0 0
0.028900000000000002 0 0
0.028925000000000003 0 0
0.02895 0 0
0.028975 0 0
0.029 0 0
0.029025000000000002 0 0
0.029050000000000003 0 0
0.029075 0 0
0.0291 0 0
0.029125 0 0
0.029150000000000002 0 0
0.029175000000000003 0 0
0.0292 0 0
0.029225 0 0
0.02925 0 0
0.029275000000000002 0 0
0.029300000000000003 0 0
0.029325 0 0
0.02935 0 0
0.029375000000000002 0 0
0.029400000000000003 0 0
0.029425 0 0
0.02945 0 0
0.029475 0 0
0.029500000000000002 0 0
0.029525000000000003 0 0
0.02955 0 0
0.029575 0 0
0.0296 0 0
0.029625000000000002 0 0
0.029650000000000003 0 0
0.029675 0 0
0.0297 0 0
0.029725 0 0
0.029750000000000002 0 0
0.029775000000000003 0 0
0.0298 0 0
0.029825 0 0
0.02985 0 0
0.029875000000000002 0 0
0.029900000000000003 0 0
0.029925 0 0
0.02995 0 0
0.029975 0 0
0.030000000000000002 0 0
0.030025000000000003 0 0
0.03005 0 0
0.030075 0 0
0.030100000000000002 0 0
0.030125000000000002 0 0
0.03015 0 0
0.030175 0 0
0.0302 0 0
0.030225000000000002 0 0
0.030250000000000003 0 0
0.030275 0 0
0.0303 0 0
0.030325 0 0
0.030350000000000002 0 0
0.030375000000000003 0 0
0.0304 0 0
0.030425 0 0
0.03045 0 0
0.030475000000000002 0 0
0.030500000000000003 0 0
0.030525 0 0
0.03055 0 0
0.030575 0 0
0.030600000000000002 0 0
0.030625000000000003 0 0
0.03065 0 0
0.030675 0 0
0.0307 0 0
0.030725000000000002 0 0
0.030750000000000003 0 0
0.030775 0 0
0.0308 0 0
0.030825 0 0
0.030850000000000002 0 0
0.030875000000000003 0 0
0.0309 0 0
0.030925 0 0
0.030950000000000002 0 0
0.030975000000000003 0 0
0.031 0 0
0.031025 0 0
0.03105 0 0
0.031075000000000002 0 0
0.031100000000000003 0 0
0.031125 0 0
0.03115 0 0
0.031175 0 0
0.031200000000000002 0 0
0.031225000000000003 0 0
0.03125 0 0
0.031275000000000004 0 0
0.0313 0 0
0.031325 0 0
0.03135 0 0
0.031375 0 0
0.031400000000000004 0 0
0.031425 0 0
0.03145 0 0
0.031475 0 0
0.0315 0 0
0.031525000000000004 0 0
0.03155 0 0
0.031575 0 0
0.0316 0 0
0.031625 0 0
0.031650000000000005 0 0
0.031675 0 0
0.0317 0 0
0.031725 0 0
0.03175 0 0
0.031775000000000005 0 0
0.0318 0 0
0.031825 0 0
0.03185 0 0
0.031875 0 0
0.031900000000000005 0 0
0.031925 0 0
0.03195 0 0
0.031975 0 0
0.032 0 0
0.032025000000000005 0 0
0.03205 0 0
0.032075 0 0
0.032100000000000004 0 0
0.032125 0 0
0.032150000000000005 0 0
0.032175 0 0
0.0322 0 0
0.032225000000000004 0 0
0.03225 0 0
0.032275 0 0
0.0323 0 0
0.032325 0 0
0.032350000000000004 0 0
0.032375 0 0
0.0324 0 0
0.032425 0 0
0.03245 0 0
0.032475000000000004 0 0
0.0325 0 0
0.032525 0 0
0.03255 0 0
0.032575 0 0
0.032600000000000004 0 0
0.032625 0 0
0.03265 0 0
0.032675 0 0
0.0327 0 0
0.032725000000000004 0 0
0.03275 0 0
0.032775 0 0
0.0328 0 0
0.032825 0 0
0.032850000000000004 0 0
0.032875 0 0
0.0329 0 0
0.032925 0 0
0.03295 0 0
0.032975000000000004 0 0
0.033 0 0
0.033025 0 0
0.03305 0 0
0.033075 0 0
0.033100000000000004 0 0
0.033125 0 0
0.03315 0 0
0.033175 0 0
0.0332 0 0
0.033225000000000005 0 0
0.03325 0 0
0.033275 0 0
0.0333 0 0
0.033325 0 0
0.033350000000000005 0 0
0.033375 0 0
0.0334 0 0
0.033425 0 0
0.03345 0 0
0.033475000000000005 0 0
0.0335 0 0
0.033525 0 0
0.03355 0 0
0.033575 0 0
0.033600000000000005 0 0
0.033625 0 0
0.03365 0 0
0.033675000000000004 0 0
0.0337 0 0
0.033725000000000005 0 0
0.03375 0 0
0.033775 0 0
0.033800000000000004 0 0
0.033825 0 0
0.033850000000000005 0 0
0.033875 0 0
0.0339 0 0
0.033925000000000004 0 0
0.03395 0 0
0.033975 0 0
0.034 0 0
0.034025 0 0
0.034050000000000004 0 0
0.034075 0 0
0.0341 0 0
0.034125 0 0
0.03415 0 0
0.034175000000000004 0 0
0.0342 0 0
0.034225 0 0
0.03425 0 0
0.034275 0 0
0.034300000000000004 0 0
0.034325 0 0
0.03435 0 0
0.034375 0 0
0.0344 0 0
0.034425000000000004 0 0
0.03445 0 0
0.034475 0 0
0.0345 0 0
0.034525 0 0
0.034550000000000004 0 0
0.034575 0 0
0.0346 0 0
0.034625 0 0
0.03465 0 0
0.034675000000000004 0 0
0.0347 0 0
0.034725 0 0
0.03475 0 0
0.034775 0 0
0.034800000000000005 0 0
0.034825 0 0
0.03485 0 0
0.034875 0 0
0.0349 0 0
0.034925000000000005 0 0
0.03495 0 0
0.034975 0 0
0.035 0 0
0.035025 0 0
0.035050000000000005 0 0
0.035075 0 0
0.0351 0 0
0.035125 0 0
0.03515 0 0
0.035175000000000005 0 0
0.0352 0 0
0.035225 0 0
0.035250000000000004 0 0
0.035275 0 0
0.035300000000000005 0 0
0.035325 0 0
0.03535 0 0
0.035375000000000004 0 0
0.0354 0 0
0.035425000000000005 0 0
0.03545 0 0
0.035475 0 0
0.035500000000000004 0 0
0.035525 0 0
0.03555 0 0
0.035575 0 0
0.0356 0 0
0.035625000000000004 0 0
0.03565 0 0
0.035675 0 0
0.0357 0 0
0.035725 0 0
0.035750000000000004 0 0
0.035775 0 0
0.0358 0 0
0.035825 0 0
0.03585 0 0
0.035875000000000004 0 0
0.0359 0 0
0.035925 0 0
0.03595 0 0
0.035975 0 0
0.036000000000000004 0 0
0.036025 0 0
0.03605 0 0
0.036075 0 0
0.0361 0 0
0.036125000000000004 0 0
0.03615 0 0
0.036175 0 0
0.0362 0 0
0.036225 0 0
0.036250000000000004 0 0
0.036275 0 0
0.0363 0 0
0.036325 0 0
0.03635 0 0
0.036375000000000005 0 0
0.0364 0 0
0.036425 0 0
0.03645 0 0
0.036475 0 0
0.036500000000000005 0 0
0.036525 0 0
0.03655 0 0
0.036575 0 0
0.0366 0 0
0.036625000000000005 0 0
0.03665 0 0
0.036675 0 0
0.0367 0 0
0.036725 0 0
0.036750000000000005 0 0
0.036775 0 0
0.0368 0 0
0.036825000000000004 0 0
0.03685 0 0
0.036875000000000005 0 0
0.0369 0 0
0.036925 0 0
0.036950000000000004 0 0
0.036975 0 0
0.037000000000000005 0 0
0.037025 0 0
0.03705 0 0
0.037075000000000004 0 0
0.0371 0 0
0.037125000000000005 0 0
0.03715 0 0
0.037175 0 0
0.037200000000000004 0 0
0.037225 0 0
0.03725 0 0
0.037275 0 0
0.0373 0 0
0.037325000000000004 0 0
0.03735 0 0
0.037375 0 0
0.0374 0 0
0.037425 0 0
0.037450000000000004 0 0
0.037475 0 0
0.0375 0 0
0.037525 0 0
0.03755 0 0
0.037575000000000004 0 0
0.0376 0 0
0.037625 0 0
0.03765 0 0
0.037675 0 0
0.037700000000000004 0 0
0.037725 0 0
0.03775 0 0
0.037775 0 0
0.0378 0 0
0.037825000000000004 0 0
0.03785 0 0
0.037875 0 0
0.0379 0 0
0.037925 0 0
0.037950000000000005 0 0
0.037975 0 0
0.038 0 0
0.038025 0 0
0.03805 0 0
0.038075000000000005 0 0
0.0381 0 0
0.038125 0 0
0.03815 0 0
0.038175 0 0
0.038200000000000005 0 0
0.038225 0 0
0.03825 0 0
0.038275 0 0
0.0383 0 0
0.038325000000000005 0 0
0.03835 0 0
0.038375 0 0
0.038400000000000004 0 0
0.038425 0 0
0.038450000000000005 0 0
0.038475 0 0
0.0385 0 0
0.038525000000000004 0 0
0.03855 0 0
0.038575000000000005 0 0
0.0386 0 0
0.038625 0 0
0.038650000000000004 0 0
0.038675 0 0
0.038700000000000005 0 0
0.038725 0 0
0.03875 0 0
0.038775000000000004 0 0
0.0388 0 0
0.038825 0 0
0.03885 0 0
0.038875 0 0
0.038900000000000004 0 0
0.038925 0 0
0.03895 0 0
0.038975 0 0
0.039 0 0
0.039025000000000004 0 0
0.03905 0 0
0.039075 0 0
0.0391 0 0
0.039125 0 0
0.039150000000000004 0 0
0.039175 0 0
0.0392 0 0
0.039225 0 0
0.03925 0 0
0.039275000000000004 0 0
0.0393 0 0
0.039325 0 0
0.03935 0 0
0.039375 0 0
0.039400000000000004 0 0
0.039425 0 0
0.03945 0 0
0.039475 0 0
0.0395 0 0
0.039525000000000005 0 0
0.03955 0 0
0.039575 0 0
0.0396 0 0
0.039625 0 0
0.039650000000000005 0 0
0.039675 0 0
0.0397 0 0
0.039725 0 0
0.03975 0 0
0.039775000000000005 0 0
0.0398 0 0
0.039825 0 0
0.039850000000000003 0 0
0.039875 0 0
0.039900000000000005 0 0
0.039925 0 0
0.03995 0 0
0.039975000000000004 0 0
0.04 0 0
0.040025000000000005 0 0
0.04005 0 0
0.040075 0 0
0.040100000000000004 0 0
0.040125 0 0
0.040150000000000005 0 0
0.040175 0 0
0.0402 0 0
0.040225000000000004 0 0
0.04025 0 0
0.040275000000000005 0 0
0.0403 0 0
0.040325 0 0
0.040350000000000004 0 0
0.040375 0 0
0.040400000000000005 0 0
0.040425 0 0
0.04045 0 0
0.040475000000000004 0 0
0.0405 0 0
0.040525 0 0
0.04055 0 0
0.040575 0 0
0.040600000000000004 0 0
0.040625 0 0
0.04065 0 0
0.040675 0 0
0.0407 0 0
0.040725000000000004 0 0
0.04075 0 0
0.040775 0 0
0.0408 0 0
0.040825 0 0
0.040850000000000004 0 0
0.040875 0 0
0.0409 0 0
0.040925 0 0
0.04095 0 0
0.040975000000000004 0 0
0.041 0 0
0.041025 0 0
0.04105 0 0
0.041075 0 0
0.041100000000000005 0 0
0.041125 0 0
0.04115 0 0
0.041175 0 0
0.0412 0 0
0.041225000000000005 0 0
0.04125 0 0
0.041275 0 0
0.0413 0 0
0.041325 0 0
0.041350000000000005 0 0
0.041375 0 0
0.0414 0 0
0.041425000000000003 0 0
0.04145 0 0
0.041475000000000005 0 0
0.0415 0 0
0.041525 0 0
0.041550000000000004 0 0
0.041575 0 0
0.041600000000000005 0 0
0.041625 0 0
0.04165 0 0
0.041675000000000004 0 0
0.0417 0 0
0.041725000000000005 0 0
0.04175 0 0
0.041775 0 0
0.041800000000000004 0 0
0.041825 0 0
0.041850000000000005 0 0
0.041875 0 0
0.0419 0 0
0.041925000000000004 0 0
0.04195 0 0
0.041975000000000005 0 0
0.042 0 0
0.042025 0 0
0.042050000000000004 0 0
0.042075 0 0
0.042100000000000005 0 0
0.042125 0 0
0.04215 0 0
0.042175000000000004 0 0
0.0422 0 0
0.042225 0 0
0.04225 0 0
0.042275 0 0
0.042300000000000004 0 0
0.042325 0 0
0.04235 0 0
0.042375 0 0
0.0424 0 0
0.042425000000000004 0 0
0.04245 0 0
0.042475 0 0
0.0425 0 0
0.042525 0 0
0.042550000000000004 0 0
0.042575 0 0
0.0426 0 0
0.042625 0 0
0.04265 0 0
0.042675000000000005 0 0
0.0427 0 0
0.042725 0 0
0.04275 0 0
0.042775 0 0
0.042800000000000005 0 0
0.042825 0 0
0.04285 0 0
0.042875 0 0
0.0429 0 0
0.042925000000000005 0 0
0.04295 0 0
0.042975 0 0
0.043000000000000003 0 0
0.043025 0 0
0.043050000000000005 0 0
0.043075 0 0
0.0431 0 0
0.043125000000000004 0 0
0.04315 0 0
0.043175000000000005 0 0
0.0432 0 0
0.043225 0 0
0.043250000000000004 0 0
0.043275 0 0
0.043300000000000005 0 0
0.043325 0 0
0.04335 0 0
0.043375000000000004 0 0
0.0434 0 0
0.043425000000000005 0 0
0.04345 0 0
0.043475 0 0
0.043500000000000004 0 0
0.043525 0 0
0.043550000000000005 0 0
0.043575 0 0
0.0436 0 0
0.043625000000000004 0 0
0.04365 0 0
0.043675000000000005 0 0
0.0437 0 0
0.043725 0 0
0.043750000000000004 0 0
0.043775 0 0
0.0438 0 0
0.043825 0 0
0.04385 0 0
0.043875000000000004 0 0
0.0439 0 0
0.043925 0 0
0.04395 0 0
0.043975 0 0
0.044000000000000004 0 0
0.044025 0 0
0.04405 0 0
0.044075 0 0
0.0441 0 0
0.044125000000000004 0 0
0.04415 0 0
0.044175 0 0
0.0442 0 0
0.044225 0 0
0.044250000000000005 0 0
0.044275 0 0
0.0443 0 0
0.044325 0 0
0.04435 0 0
0.044375000000000005 0 0
0.0444 0 0
0.044425 0 0
0.04445 0 0
0.044475 0 0
0.044500000000000005 0 0
0.044525 0 0
0.04455 0 0
0.044575000000000004 0 0
0.0446 0 0
0.044625000000000005 0 0
0.04465 0 0
0.044675 0 0
0.044700000000000004 0 0
0.044725 0 0
0.044750000000000005 0 0
0.044775 0 0
0.0448 0 0
0.044825000000000004 0 0
0.04485 0 0
0.044875000000000005 0 0
0.0449 0 0
0.044925 0 0
0.044950000000000004 0 0
0.044975 0 0
0.045000000000000005 0 0
0.045025 0 0
0.04505 0 0
0.045075000000000004 0 0
0.0451 0 0
0.045125000000000005 0 0
0.04515 0 0
0.045175 0 0
0.045200000000000004 0 0
0.045225 0 0
0.045250000000000005 0 0
0.045275 0 0
0.0453 0 0
0.045325000000000004 0 0
0.04535 0 0
0.045375000000000006 0 0
0.0454 0 0
0.045425 0 0
0.045450000000000004 0 0
0.045475 0 0
0.0455 0 0
0.045525 0 0
0.04555 0 0
0.045575000000000004 0 0
0.0456 0 0
0.045625 0 0
0.04565 0 0
0.045675 0 0
0.045700000000000005 0 0
0.045725 0 0
0.04575 0 0
0.045775 0 0
0.0458 0 0
0.045825000000000005 0 0
0.04585 0 0
0.045875 0 0
0.0459 0 0
0.045925 0 0
0.045950000000000005 0 0
0.045975 0 0
0.046 0 0
0.046025 0 0
0.04605 0 0
0.046075000000000005 0 0
0.0461 0 0
0.046125 0 0
0.046150000000000004 0 0
0.046175 0 0
0.046200000000000005 0 0
0.046225 0 0
0.04625 0 0
0.046275000000000004 0 0
0.0463 0 0
0.046325000000000005 0 0
0.04635 0 0
0.046375 0 0
0.046400000000000004 0 0
0.046425 0 0
0.046450000000000005 0 0
0.046475 0 0
0.0465 0 0
0.046525000000000004 0 0
0.04655 0 0
0.046575000000000005 0 0
0.0466 0 0
0.046625 0 0
0.046650000000000004 0 0
0.046675 0 0
0.046700000000000005 0 0
0.046725 0 0
0.04675 0 0
0.046775000000000004 0 0
0.0468 0 0
0.046825000000000006 0 0
0.04685 0 0
0.046875 0 0
0.046900000000000004 0 0
0.046925 0 0
0.046950000000000006 0 0
0.046975 0 0
0.047 0 0
0.047025000000000004 0 0
0.04705 0 0
0.047075 0 0
0.0471 0 0
0.047125 0 0
0.047150000000000004 0 0
0.047175 0 0
0.0472 0 0
0.047225 0 0
0.04725 0 0
0.047275000000000005 0 0
0.0473 0 0
0.047325 0 0
0.04735 0 0
0.047375 0 0
0.047400000000000005 0 0
0.047425 0 0
0.04745 0 0
0.047475 0 0
0.0475 0 0
0.047525000000000005 0 0
0.04755 0 0
0.047575 0 0
0.0476 0 0
0.047625 0 0
0.047650000000000005 0 0
0.047675 0 0
0.0477 0 0
0.047725000000000004 0 0
0.04775 0 0
0.047775000000000005 0 0
0.0478 0 0
0.047825 0 0
0.047850000000000004 0 0
0.047875 0 0
0.047900000000000005 0 0
0.047925 0 0
0.04795 0 0
0.047975000000000004 0 0
0.048 0 0
0.048025000000000005 0 0
0.04805 0 0
0.048075 0 0
0.048100000000000004 0 0
0.048125 0 0
0.048150000000000005 0 0
0.048175 0 0
0.0482 0 0
0.048225000000000004 0 0
0.04825 0 0
0.048275000000000005 0 0
0.0483 0 0
0.048325 0 0
0.048350000000000004 0 0
0.048375 0 0
0.048400000000000006 0 0
0.048425 0 0
0.04845 0 0
0.048475000000000004 0 0
0.0485 0 0
0.048525000000000006 0 0
0.04855 0 0
0.048575 0 0
0.048600000000000004 0 0
0.048625 0 0
0.048650000000000006 0 0
0.048675 0 0
0.0487 0 0
0.048725000000000004 0 0
0.04875 0 0
0.048775 0 0
0.0488 0 0
0.048825 0 0
0.048850000000000005 0 0
0.048875 0 0
0.0489 0 0
0.048925 0 0
0.04895 0 0
0.048975000000000005 0 0
0.049 0 0
0.049025 0 0
0.04905 0 0
0.049075 0 0
0.049100000000000005 0 0
0.049125 0 0
0.04915 0 0
0.049175 0 0
0.0492 0 0
0.049225000000000005 0 0
0.04925 0 0
0.049275 0 0
0.049300000000000004 0 0
0.049325 0 0
0.049350000000000005 0 0
0.049375 0 0
0.0494 0 0
0.049425000000000004 0 0
0.04945 0 0
0.049475000000000005 0 0
0.0495 0 0
0.049525 0 0
0.049550000000000004 0 0
0.049575 0 0
0.049600000000000005 0 0
0.049625 0 0
0.04965 0 0
0.049675000000000004 0 0
0.0497 0 0
0.049725000000000005 0 0
0.04975 0 0
0.049775 0 0
0.049800000000000004 0 0
0.049825 0 0
0.049850000000000005 0 0
0.049875 0 0
0.0499 0 0
0.049925000000000004 0 0
0.04995 0 0
0.049975000000000006 0 0
0.05 0 0
0.050025 0 0
0.050050000000000004 0 0
0.050075 0 0
0.050100000000000006 0 0
0.050125 0 0
0.05015 0 0
0.050175000000000004 0 0
0.0502 0 0
0.050225000000000006 0 0
0.05025 0 0
0.050275 0 0
0.050300000000000004 0 0
0.050325 0 0
0.050350000000000006 0 0
0.050375 0 0
0.0504 0 0
0.050425000000000005 0 0
0.05045 0 0
0.050475 0 0
0.0505 0 0
0.050525 0 0
0.050550000000000005 0 0
0.050575 0 0
0.0506 0 0
0.050625 0 0
0.05065 0 0
0.050675000000000005 0 0
0.0507 0 0
0.050725 0 0
0.05075 0 0
0.050775 0 0
0.050800000000000005 0 0
0.050825 0 0
0.05085 0 0
0.050875000000000004 0 0
0.0509 0 0
0.050925000000000005 0 0
0.05095 0 0
0.050975 0 0
0.051000000000000004 0 0
0.051025 0 0
0.051050000000000005 0 0
0.051075 0 0
0.0511 0 0
0.051125000000000004 0 0
0.05115 0 0
0.051175000000000005 0 0
0.0512 0 0
0.051225 0 0
0.051250000000000004 0 0
0.051275 0 0
0.051300000000000005 0 0
0.051325 0 0
0.05135 0 0
0.051375000000000004 0 0
0.0514 0 0
0.051425000000000005 0 0
0.05145 0 0
0.051475 0 0
0.051500000000000004 0 0
0.051525 0 0
0.051550000000000006 0 0
0.051575 0 0
0.0516 0 0
0.051625000000000004 0 0
0.05165 0 0
0.051675000000000006 0 0
0.0517 0 0
0.051725 0 0
0.051750000000000004 0 0
0.051775 0 0
0.051800000000000006 0 0
0.051825 0 0
0.05185 0 0
0.051875000000000004 0 0
0.0519 0 0
0.051925000000000006 0 0
0.05195 0 0
0.051975 0 0
0.052000000000000005 0 0
0.052025 0 0
0.05205 0 0
0.052075 0 0
0.0521 0 0
0.052125000000000005 0 0
0.05215 0 0
0.052175 0 0
0.0522 0 0
0.052225 0 0
0.052250000000000005 0 0
0.052275 0 0
0.0523 0 0
0.052325 0 0
0.05235 0 0
0.052375000000000005 0 0
0.0524 0 0
0.052425 0 0
0.052450000000000004 0 0
0.052475 0 0
0.052500000000000005 0 0
0.052525 0 0
0.05255 0 0
0.052575000000000004 0 0
0.0526 0 0
0.052625000000000005 0 0
0.05265 0 0
0.052675 0 0
0.052700000000000004 0 0
0.052725 0 0
0.052750000000000005 0 0
0.052775 0 0
0.0528 0 0
0.052825000000000004 0 0
0.05285 0 0
0.052875000000000005 0 0
0.0529 0 0
0.052925 0 0
0.052950000000000004 0 0
0.052975 0 0
0.053000000000000005 0 0
0.053025 0 0
0.05305 0 0
0.053075000000000004 0 0
0.0531 0 0
0.053125000000000006 0 0
0.05315 0 0
0.053175 0 0
0.053200000000000004 0 0
0.053225 0 0
0.053250000000000006 0 0
0.053275 0 0
0.0533 0 0
0.053325000000000004 0 0
0.05335 0 0
0.053375000000000006 0 0
0.0534 0 0
0.053425 0 0
0.053450000000000004 0 0
0.053475 0 0
0.053500000000000006 0 0
0.053525 0 0
0.05355 0 0
0.053575000000000005 0 0
0.0536 0 0
0.053625000000000006 0 0
0.05365 0 0
0.053675 0 0
0.053700000000000005 0 0
0.053725 0 0
0.05375 0 0
0.053775 0 0
0.0538 0 0
0.053825000000000005 0 0
0.05385 0 0
0.053875 0 0
0.0539 0 0
0.053925 0 0
0.053950000000000005 0 0
0.053975 0 0
0.054 0 0
0.054025000000000004 0 0
0.05405 0 0
0.054075000000000005 0 0
0.0541 0 0
0.054125 0 0
0.054150000000000004 0 0
0.054175 0 0
0.054200000000000005 0 0
0.054225 0 0
0.05425 0 0
0.054275000000000004 0 0
0.0543 0 0
0.054325000000000005 0 0
0.05435 0 0
0.054375 0 0
0.054400000000000004 0 0
0.054425 0 0
0.054450000000000005 0 0
0.054475 0 0
0.0545 0 0
0.054525000000000004 0 0
0.05455 0 0
0.054575000000000005 0 0
0.0546 0 0
0.054625 0 0
0.054650000000000004 0 0
0.054675 0 0
0.054700000000000006 0 0
0.054725 0 0
0.05475 0 0
0.054775000000000004 0 0
0.0548 0 0
0.054825000000000006 0 0
0.05485 0 0
0.054875 0 0
0.054900000000000004 0 0
0.054925 0 0
0.054950000000000006 0 0
0.054975 0 0
0.055 0 0
0.055025000000000004 0 0
0.05505 0 0
0.055075000000000006 0 0
0.0551 0 0
0.055125 0 0
0.055150000000000005 0 0
0.055175 0 0
0.055200000000000006 0 0
0.055225 0 0
0.05525 0 0
0.055275000000000005 0 0
0.0553 0 0
0.055325000000000006 0 0
0.05535 0 0
0.055375 0 0
0.055400000000000005 0 0
0.055425 0 0
0.05545 0 0
0.055475000000000003 0 0
0.0555 0 0
0.055525000000000005 0 0
0.05555 0 0
0.055575 0 0
0.055600000000000004 0 0
0.055625 0 0
0.055650000000000005 0 0
0.055675 0 0
0.0557 0 0
0.055725000000000004 0 0
0.05575 0 0
0.055775000000000005 0 0
0.0558 0 0
0.055825 0 0
0.055850000000000004 0 0
0.055875 0 0
0.055900000000000005 0 0
0.055925 0 0
0.05595 0 0
0.055975000000000004 0 0
0.056 0 0
0.056025000000000005 0 0
0.05605 0 0
0.056075 0 0
0.056100000000000004 0 0
0.056125 0 0
0.056150000000000005 0 0
0.056175 0 0
0.0562 0 0
0.056225000000000004 0 0
0.05625 0 0
0.056275000000000006 0 0
0.0563 0 0
0.056325 0 0
0.056350000000000004 0 0
0.056375 0 0
0.056400000000000006 0 0
0.056425 0 0
0.05645 0 0
0.056475000000000004 0 0
0.0565 0 0
0.056525000000000006 0 0
0.05655 0 0
0.056575 0 0
0.056600000000000004 0 0
0.056625 0 0
0.056650000000000006 0 0
0.056675 0 0
0.0567 0 0
0.056725000000000005 0 0
0.05675 0 0
0.056775000000000006 0 0
0.0568 0 0
0.056825 0 0
0.056850000000000005 0 0
0.056875 0 0
0.056900000000000006 0 0
0.056925 0 0
0.05695 0 0
0.056975000000000005 0 0
0.057 0 0
0.057025 0 0
0.057050000000000003 0 0
0.057075 0 0
0.057100000000000005 0 0
0.057125 0 0
0.05715 0 0
0.057175000000000004 0 0
0.0572 0 0
0.057225000000000005 0 0
0.05725 0 0
0.057275 0 0
0.057300000000000004 0 0
0.057325 0 0
0.057350000000000005 0 0
0.057375 0 0
0.0574 0 0
0.057425000000000004 0 0
0.05745 0 0
0.057475000000000005 0 0
0.0575 0 0
0.057525 0 0
0.057550000000000004 0 0
0.057575 0 0
0.057600000000000005 0 0
0.057625 0 0
0.05765 0 0
0.057675000000000004 0 0
0.0577 0 0
0.057725000000000005 0 0
0.05775 0 0
0.057775 0 0
0.057800000000000004 0 0
0.057825 0 0
0.057850000000000006 0 0
0.057875 0 0
0.0579 0 0
0.057925000000000004 0 0
0.05795 0 0
0.057975000000000006 0 0
0.058 0 0
0.058025 0 0
0.058050000000000004 0 0
0.058075 0 0
0.058100000000000006 0 0
0.058125 0 0
0.05815 0 0
0.058175000000000004 0 0
0.0582 0 0
0.058225000000000006 0 0
0.05825 0 0
0.058275 0 0
0.058300000000000005 0 0
0.058325 0 0
0.058350000000000006 0 0
0.058375 0 0
0.0584 0 0
0.058425000000000005 0 0
0.05845 0 0
0.058475000000000006 0 0
0.0585 0 0
0.058525 0 0
0.058550000000000005 0 0
0.058575 0 0
0.058600000000000006 0 0
0.058625000000000003 0 0
0.05865 0 0
0.058675000000000005 0 0
0.0587 0 0
0.058725 0 0
0.058750000000000004 0 0
0.058775 0 0
0.058800000000000005 0 0
0.058825 0 0
0.05885 0 0
0.058875000000000004 0 0
0.0589 0 0
0.058925000000000005 0 0
0.05895 0 0
0.058975 0 0
0.059000000000000004 0 0
0.059025 0 0
0.059050000000000005 0 0
0.059075 0 0
0.0591 0 0
0.059125000000000004 0 0
0.05915 0 0
0.059175000000000005 0 0
0.0592 0 0
0.059225 0 0
0.059250000000000004 0 0
0.059275 0 0
0.059300000000000005 0 0
0.059325 0 0
0.05935 0 0
0.059375000000000004 0 0
0.0594 0 0
0.059425000000000006 0 0
0.05945 0 0
0.059475 0 0
0.059500000000000004 0 0
0.059525 0 0
0.059550000000000006 0 0
0.059575 0 0
0.0596 0 0
0.059625000000000004 0 0
0.05965 0 0
0.059675000000000006 0 0
0.0597 0 0
0.059725 0 0
0.059750000000000004 0 0
0.059775 0 0
0.059800000000000006 0 0
0.059825 0 0
0.05985 0 0
0.059875000000000005 0 0
0.0599 0 0
0.059925000000000006 0 0
0.05995 0 0
0.059975 0 0
0.060000000000000005 0 0
</DataArray>
</Points>
<Cells>
<DataArray type="Int32" Name="connectivity" Format="ascii">
0 1
1 2
2 3
3 4
4 5
5 6
6 7
7 8
8 9
9 10
10 11
11 12
12 13
13 14
14 15
15 16
16 17
17 18
18 19
19 20
20 21
21 22
22 23
23 24
24 25
25 26
26 27
27 28
28 29
29 30
30 31
31 32
32 33
33 34
34 35
35 36
36 37
37 38
38 39
39 40
40 41
41 42
42 43
43 44
44 45
45 46
46 47
47 48
48 49
49 50
50 51
51 52
52 53
53 54
54 55
55 56
56 57
57 58
58 59
59 60
60 61
61 62
62 63
63 64
64 65
65 66
66 67
67 68
68 69
69 70
70 71
71 72
72 73
73 74
74 75
75 76
76 77
77 78
78 79
79 80
80 81
81 82
82 83
83 84
84 85
85 86
86 87
87 88
88 89
89 90
90 91
91 92
92 93
93 94
94 95
95 96
96 97
97 98
98 99
99 100
100 101
101 102
102 103
103 104
104 105
105 106
106 107
107 108
108 109
109 110
110 111
111 112
112 113
113 114
114 115
115 116
116 117
117 118
118 119
119 120
120 121
121 122
122 123
123 124
124 125
125 126
126 127
127 128
128 129
129 130
130 131
131 132
132 133
133 134
134 135
135 136
136 137
137 138
138 139
139 140
140 141
141 142
142 143
143 144
144 145
145 146
146 147
147 148
148 149
149 150
150 151
151 152
152 153
153 154
154 155
155 156
156 157
157 158
158 159
159 160
160 161
161 162
162 163
163 164
164 165
165 166
166 167
167 168
168 169
169 170
170 171
171 172
172 173
173 174
174 175
175 176
176 177
177 178
178 179
179 180
180 181
181 182
182 183
183 184
184 185
185 186
186 187
187 188
188 189
189 190
190 191
191 192
192 193
193 194
194 195
195 196
196 197
197 198
198 199
199 200
200 201
201 202
202 203
203 204
204 205
205 206
206 207
207 208
208 209
209 210
210 211
211 212
212 213
213 214
214 215
215 216
216 217
217 218
218 219
219 220
220 221
221 222
222 223
223 224
224 225
225 226
226 227
227 228
228 229
229 230
230 231
231 232
232 233
233 234
234 235
235 236
236 237
237 238
238 239
239 240
240 241
241 242
242 243
243 244
244 245
245 246
246 247
247 248
248 249
249 250
250 251
251 252
252 253
253 254
254 255
255 256
256 257
257 258
258 259
259 260
260 261
261 262
262 263
263 264
264 265
265 266
266 267
267 268
268 269
269 270
270 271
271 272
272 273
273 274
274 275
275 276
276 277
277 278
278 279
279 280
280 281
281 282
282 283
283 284
284 285
285 286
286 287
287 288
288 289
289 290
290 291
291 292
292 293
293 294
294 295
295 296
296 297
297 298
298 299
299 300
300 301
301 302
302 303
303 304
304 305
305 306
306 307
307 308
308 309
309 310
310 311
311 312
312 313
313 314
314 315
315 316
316 317
317 318
318 319
319 320
320 321
321 322
322 323
323 324
324 325
325 326
326 327
327 328
328 329
329 330
330 331
331 332
332 333
333 334
334 335
335 336
336 337
337 338
338 339
339 340
340 341
341 342
342 343
343 344
344 345
345 346
346 347
347 348
348 349
349 350
350 351
351 352
352 353
353 354
354 355
355 356
356 357
357 358
358 359
359 360
360 361
361 362
362 363
363 364
364 365
365 366
366 367
367 368
368 369
369 370
370 371
371 372
372 373
373 374
374 375
375 376
376 377
377 378
378 379
379 380
380 381
381 382
382 383
383 384
384 385
385 386
386 387
387 388
388 389
389 390
390 391
391 392
392 393
393 394
394 395
395 396
396 397
397 398
398 399
399 400
400 401
401 402
402 403
403 404
404 405
405 406
406 407
407 408
408 409
409 410
410 411
411 412
412 413
413 414
414 415
415 416
416 417
417 418
418 419
419 420
420 421
421 422
422 423
423 424
424 425
425 426
426 427
427 428
428 429
429 430
430 431
431 432
432 433
433 434
434 435
435 436
436 437
437 438
438 439
439 440
440 441
441 442
442 443
443 444
444 445
445 446
446 447
447 448
448 449
449 450
450 451
451 452
452 453
453 454
454 455
455 456
456 457
457 458
458 459
459 460
460 461
461 462
462 463
463 464
464 465
465 466
466 467
467 468
468 469
469 470
470 471
471 472
472 473
473 474
474 475
475 476
476 477
477 478
478 479
479 480
480 481
481 482
482 483
483 484
484 485
485 486
486 487
487 488
488 489
489 490
490 491
491 492
492 493
493 494
494 495
495 496
496 497
497 498
498 499
499 500
500 501
501 502
502 503
503 504
504 505
505 506
506 507
507 508
508 509
509 510
510 511
511 512
512 513
513 514
514 515
515 516
516 517
517 518
518 519
519 520
520 521
521 522
522 523
523 524
524 525
525 526
526 527
527 528
528 529
529 530
530 531
531 532
532 533
533 534
534 535
535 536
536 537
537 538
538 539
539 540
540 541
541 542
542 543
543 544
544 545
545 546
546 547
547 548
548 549
549 550
550 551
551 552
552 553
553 554
554 555
555 556
556 557
557 558
558 559
559 560
560 561
561 562
562 563
563 564
564 565
565 566
566 567
567 568
568 569
569 570
570 571
571 572
572 573
573 574
574 575
575 576
576 577
577 578
578 579
579 580
580 581
581 582
582 583
583 584
584 585
585 586
586 587
587 588
588 589
589 590
590 591
591 592
592 593
593 594
594 595
595 596
596 597
597 598
598 599
599 600
600 601
601 602
602 603
603 604
604 605
605 606
606 607
607 608
608 609
609 610
610 611
611 612
612 613
613 614
614 615
615 616
616 617
617 618
618 619
619 620
620 621
621 622
622 623
623 624
624 625
625 626
626 627
627 628
628 629
629 630
630 631
631 632
632 633
633 634
634 635
635 636
636 637
637 638
638 639
639 640
640 641
641 642
642 643
643 644
644 645
645 646
646 647
647 648
648 649
649 650
650 651
651 652
652 653
653 654
654 655
655 656
656 657
657 658
658 659
659 660
660 661
661 662
662 663
663 664
664 665
665 666
666 667
667 668
668 669
669 670
670 671
671 672
672 673
673 674
674 675
675 676
676 677
677 678
678 679
679 680
680 681
681 682
682 683
683 684
684 685
685 686
686 687
687 688
688 689
689 690
690 691
691 692
692 693
693 694
694 695
695 696
696 697
697 698
698 699
699 700
700 701
701 702
702 703
703 704
704 705
705 706
706 707
707 708
708 709
709 710
710 711
711 712
712 713
713 714
714 715
715 716
716 717
717 718
718 719
719 720
720 721
721 722
722 723
723 724
724 725
725 726
726 727
727 728
728 729
729 730
730 731
731 732
732 733
733 734
734 735
735 736
736 737
737 738
738 739
739 740
740 741
741 742
742 743
743 744
744 745
745 746
746 747
747 748
748 749
749 750
750 751
751 752
752 753
753 754
754 755
755 756
756 757
757 758
758 759
759 760
760 761
761 762
762 763
763 764
764 765
765 766
766 767
767 768
768 769
769 770
770 771
771 772
772 773
773 774
774 775
775 776
776 777
777 778
778 779
779 780
780 781
781 782
782 783
783 784
784 785
785 786
786 787
787 788
788 789
789 790
790 791
791 792
792 793
793 794
794 795
795 796
796 797
797 798
798 799
799 800
800 801
801 802
802 803
803 804
804 805
805 806
806 807
807 808
808 809
809 810
810 811
811 812
812 813
813 814
814 815
815 816
816 817
817 818
818 819
819 820
820 821
821 822
822 823
823 824
824 825
825 826
826 827
827 828
828 829
829 830
830 831
831 832
832 833
833 834
834 835
835 836
836 837
837 838
838 839
839 840
840 841
841 842
842 843
843 844
844 845
845 846
846 847
847 848
848 849
849 850
850 851
851 852
852 853
853 854
854 855
855 856
856 857
857 858
858 859
859 860
860 861
861 862
862 863
863 864
864 865
865 866
866 867
867 868
868 869
869 870
870 871
871 872
872 873
873 874
874 875
875 876
876 877
877 878
878 879
879 880
880 881
881 882
882 883
883 884
884 885
885 886
886 887
887 888
888 889
889 890
890 891
891 892
892 893
893 894
894 895
895 896
896 897
897 898
898 899
899 900
900 901
901 902
902 903
903 904
904 905
905 906
906 907
907 908
908 909
909 910
910 911
911 912
912 913
913 914
914 915
915 916
916 917
917 918
918 919
919 920
920 921
921 922
922 923
923 924
924 925
925 926
926 927
927 928
928 929
929 930
930 931
931 932
932 933
933 934
934 935
935 936
936 937
937 938
938 939
939 940
940 941
941 942
942 943
943 944
944 945
945 946
946 947
947 948
948 949
949 950
950 951
951 952
952 953
953 954
954 955
955 956
956 957
957 958
958 959
959 960
960 961
961 962
962 963
963 964
964 965
965 966
966 967
967 968
968 969
969 970
970 971
971 972
972 973
973 974
974 975
975 976
976 977
977 978
978 979
979 980
980 981
981 982
982 983
983 984
984 985
985 986
986 987
987 988
988 989
989 990
990 991
991 992
992 993
993 994
994 995
995 996
996 997
997 998
998 999
999 1000
1000 1001
1001 1002
1002 1003
1003 1004
1004 1005
1005 1006
1006 1007
1007 1008
1008 1009
1009 1010
1010 1011
1011 1012
1012 1013
1013 1014
1014 1015
1015 1016
1016 1017
1017 1018
1018 1019
1019 1020
1020 1021
1021 1022
1022 1023
1023 1024
1024 1025
1025 1026
1026 1027
1027 1028
1028 1029
1029 1030
1030 1031
1031 1032
1032 1033
1033 1034
1034 1035
1035 1036
1036 1037
1037 1038
1038 1039
1039 1040
1040 1041
1041 1042
1042 1043
1043 1044
1044 1045
1045 1046
1046 1047
1047 1048
1048 1049
1049 1050
1050 1051
1051 1052
1052 1053
1053 1054
1054 1055
1055 1056
1056 1057
1057 1058
1058 1059
1059 1060
1060 1061
1061 1062
1062 1063
1063 1064
1064 1065
1065 1066
1066 1067
1067 1068
1068 1069
1069 1070
1070 1071
1071 1072
1072 1073
1073 1074
1074 1075
1075 1076
1076 1077
1077 1078
1078 1079
1079 1080
1080 1081
1081 1082
1082 1083
1083 1084
1084 1085
1085 1086
1086 1087
1087 1088
1088 1089
1089 1090
1090 1091
1091 1092
1092 1093
1093 1094
1094 1095
1095 1096
1096 1097
1097 1098
1098 1099
1099 1100
1100 1101
1101 1102
1102 1103
1103 1104
1104 1105
1105 1106
1106 1107
1107 1108
1108 1109
1109 1110
1110 1111
1111 1112
1112 1113
1113 1114
1114 1115
1115 1116
1116 1117
1117 1118
1118 1119
1119 1120
1120 1121
1121 1122
1122 1123
1123 1124
1124 1125
1125 1126
1126 1127
1127 1128
1128 1129
1129 1130
1130 1131
1131 1132
1132 1133
1133 1134
1134 1135
1135 1136
1136 1137
1137 1138
1138 1139
1139 1140
1140 1141
1141 1142
1142 1143
1143 1144
1144 1145
1145 1146
1146 1147
1147 1148
1148 1149
1149 1150
1150 1151
1151 1152
1152 1153
1153 1154
1154 1155
1155 1156
1156 1157
1157 1158
1158 1159
1159 1160
1160 1161
1161 1162
1162 1163
1163 1164
1164 1165
1165 1166
1166 1167
1167 1168
1168 1169
1169 1170
1170 1171
1171 1172
1172 1173
1173 1174
1174 1175
1175 1176
1176 1177
1177 1178
1178 1179
1179 1180
1180 1181
1181 1182
1182 1183
1183 1184
1184 1185
1185 1186
1186 1187
1187 1188
1188 1189
1189 1190
1190 1191
1191 1192
1192 1193
1193 1194
1194 1195
1195 1196
1196 1197
1197 1198
1198 1199
1199 1200
1200 1201
1201 1202
1202 1203
1203 1204
1204 1205
1205 1206
1206 1207
1207 1208
1208 1209
1209 1210
1210 1211
1211 1212
1212 1213
1213 1214
1214 1215
1215 1216
1216 1217
1217 1218
1218 1219
1219 1220
1220 1221
1221 1222
1222 1223
1223 1224
1224 1225
1225 1226
1226 1227
1227 1228
1228 1229
1229 1230
1230 1231
1231 1232
1232 1233
1233 1234
1234 1235
1235 1236
1236 1237
1237 1238
1238 1239
1239 1240
1240 1241
1241 1242
1242 1243
1243 1244
1244 1245
1245 1246
1246 1247
1247 1248
1248 1249
1249 1250
1250 1251
1251 1252
1252 1253
1253 1254
1254 1255
1255 1256
1256 1257
1257 1258
1258 1259
1259 1260
1260 1261
1261 1262
1262 1263
1263 1264
1264 1265
1265 1266
1266 1267
1267 1268
1268 1269
1269 1270
1270 1271
1271 1272
1272 1273
1273 1274
1274 1275
1275 1276
1276 1277
1277 1278
1278 1279
1279 1280
1280 1281
1281 1282
1282 1283
1283 1284
1284 1285
1285 1286
1286 1287
1287 1288
1288 1289
1289 1290
1290 1291
1291 1292
1292 1293
1293 1294
1294 1295
1295 1296
1296 1297
1297 1298
1298 1299
1299 1300
1300 1301
1301 1302
1302 1303
1303 1304
1304 1305
1305 1306
1306 1307
1307 1308
1308 1309
1309 1310
1310 1311
1311 1312
1312 1313
1313 1314
1314 1315
1315 1316
1316 1317
1317 1318
1318 1319
1319 1320
1320 1321
1321 1322
1322 1323
1323 1324
1324 1325
1325 1326
1326 1327
1327 1328
1328 1329
1329 1330
1330 1331
1331 1332
1332 1333
1333 1334
1334 1335
1335 1336
1336 1337
1337 1338
1338 1339
1339 1340
1340 1341
1341 1342
1342 1343
1343 1344
1344 1345
1345 1346
1346 1347
1347 1348
1348 1349
1349 1350
1350 1351
1351 1352
1352 1353
1353 1354
1354 1355
1355 1356
1356 1357
1357 1358
1358 1359
1359 1360
1360 1361
1361 1362
1362 1363
1363 1364
1364 1365
1365 1366
1366 1367
1367 1368
1368 1369
1369 1370
1370 1371
1371 1372
1372 1373
1373 1374
1374 1375
1375 1376
1376 1377
1377 1378
1378 1379
1379 1380
1380 1381
1381 1382
1382 1383
1383 1384
1384 1385
1385 1386
1386 1387
1387 1388
1388 1389
1389 1390
1390 1391
1391 1392
1392 1393
1393 1394
1394 1395
1395 1396
1396 1397
1397 1398
1398 1399
1399 1400
1400 1401
1401 1402
1402 1403
1403 1404
1404 1405
1405 1406
1406 1407
1407 1408
1408 1409
1409 1410
1410 1411
1411 1412
1412 1413
1413 1414
1414 1415
1415 1416
1416 1417
1417 1418
1418 1419
1419 1420
1420 1421
1421 1422
1422 1423
1423 1424
1424 1425
1425 1426
1426 1427
1427 1428
1428 1429
1429 1430
1430 1431
1431 1432
1432 1433
1433 1434
1434 1435
1435 1436
1436 1437
1437 1438
1438 1439
1439 1440
1440 1441
1441 1442
1442 1443
1443 1444
1444 1445
1445 1446
1446 1447
1447 1448
1448 1449
1449 1450
1450 1451
1451 1452
1452 1453
1453 1454
1454 1455
1455 1456
1456 1457
1457 1458
1458 1459
1459 1460
1460 1461
1461 1462
1462 1463
1463 1464
1464 1465
1465 1466
1466 1467
1467 1468
1468 1469
1469 1470
1470 1471
1471 1472
1472 1473
1473 1474
1474 1475
1475 1476
1476 1477
1477 1478
1478 1479
1479 1480
1480 1481
1481 1482
1482 1483
1483 1484
1484 1485
1485 1486
1486 1487
1487 1488
1488 1489
1489 1490
1490 1491
1491 1492
1492 1493
1493 1494
1494 1495
1495 1496
1496 1497
1497 1498
1498 1499
1499 1500
1500 1501
1501 1502
1502 1503
1503 1504
1504 1505
1505 1506
1506 1507
1507 1508
1508 1509
1509 1510
1510 1511
1511 1512
1512 1513
1513 1514
1514 1515
1515 1516
1516 1517
1517 1518
1518 1519
1519 1520
1520 1521
1521 1522
1522 1523
1523 1524
1524 1525
1525 1526
1526 1527
1527 1528
1528 1529
1529 1530
1530 1531
1531 1532
1532 1533
1533 1534
1534 1535
1535 1536
1536 1537
1537 1538
1538 1539
1539 1540
1540 1541
1541 1542
1542 1543
1543 1544
1544 1545
1545 1546
1546 1547
1547 1548
1548 1549
1549 1550
1550 1551
1551 1552
1552 1553
1553 1554
1554 1555
1555 1556
1556 1557
1557 1558
1558 1559
1559 1560
1560 1561
1561 1562
1562 1563
1563 1564
1564 1565
1565 1566
1566 1567
1567 1568
1568 1569
1569 1570
1570 1571
1571 1572
1572 1573
1573 1574
1574 1575
1575 1576
1576 1577
1577 1578
1578 1579
1579 1580
1580 1581
1581 1582
1582 1583
1583 1584
1584 1585
1585 1586
1586 1587
1587 1588
1588 1589
1589 1590
1590 1591
1591 1592
1592 1593
1593 1594
1594 1595
1595 1596
1596 1597
1597 1598
1598 1599
1599 1600
1600 1601
1601 1602
1602 1603
1603 1604
1604 1605
1605 1606
1606 1607
1607 1608
1608 1609
1609 1610
1610 1611
1611 1612
1612 1613
1613 1614
1614 1615
1615 1616
1616 1617
1617 1618
1618 1619
1619 1620
1620 1621
1621 1622
1622 1623
1623 1624
1624 1625
1625 1626
1626 1627
1627 1628
1628 1629
1629 1630
1630 1631
1631 1632
1632 1633
1633 1634
1634 1635
1635 1636
1636 1637
1637 1638
1638 1639
1639 1640
1640 1641
1641 1642
1642 1643
1643 1644
1644 1645
1645 1646
1646 1647
1647 1648
1648 1649
1649 1650
1650 1651
1651 1652
1652 1653
1653 1654
1654 1655
1655 1656
1656 1657
1657 1658
1658 1659
1659 1660
1660 1661
1661 1662
1662 1663
1663 1664
1664 1665
1665 1666
1666 1667
1667 1668
1668 1669
1669 1670
1670 1671
1671 1672
1672 1673
1673 1674
1674 1675
1675 1676
1676 1677
1677 1678
1678 1679
1679 1680
1680 1681
1681 1682
1682 1683
1683 1684
1684 1685
1685 1686
1686 1687
1687 1688
1688 1689
1689 1690
1690 1691
1691 1692
1692 1693
1693 1694
1694 1695
1695 1696
1696 1697
1697 1698
1698 1699
1699 1700
1700 1701
1701 1702
1702 1703
1703 1704
1704 1705
1705 1706
1706 1707
1707 1708
1708 1709
1709 1710
1710 1711
1711 1712
1712 1713
1713 1714
1714 1715
1715 1716
1716 1717
1717 1718
1718 1719
1719 1720
1720 1721
1721 1722
1722 1723
1723 1724
1724 1725
1725 1726
1726 1727
1727 1728
1728 1729
1729 1730
1730 1731
1731 1732
1732 1733
1733 1734
1734 1735
1735 1736
1736 1737
1737 1738
1738 1739
1739 1740
1740 1741
1741 1742
1742 1743
1743 1744
1744 1745
1745 1746
1746 1747
1747 1748
1748 1749
1749 1750
1750 1751
1751 1752
1752 1753
1753 1754
1754 1755
1755 1756
1756 1757
1757 1758
1758 1759
1759 1760
1760 1761
1761 1762
1762 1763
1763 1764
1764 1765
1765 1766
1766 1767
1767 1768
1768 1769
1769 1770
1770 1771
1771 1772
1772 1773
1773 1774
1774 1775
1775 1776
1776 1777
1777 1778
1778 1779
1779 1780
1780 1781
1781 1782
1782 1783
1783 1784
1784 1785
1785 1786
1786 1787
1787 1788
1788 1789
1789 1790
1790 1791
1791 1792
1792 1793
1793 1794
1794 1795
1795 1796
1796 1797
1797 1798
1798 1799
1799 1800
1800 1801
1801 1802
1802 1803
1803 1804
1804 1805
1805 1806
1806 1807
1807 1808
1808 1809
1809 1810
1810 1811
1811 1812
1812 1813
1813 1814
1814 1815
1815 1816
1816 1817
1817 1818
1818 1819
1819 1820
1820 1821
1821 1822
1822 1823
1823 1824
1824 1825
1825 1826
1826 1827
1827 1828
1828 1829
1829 1830
1830 1831
1831 1832
1832 1833
1833 1834
1834 1835
1835 1836
1836 1837
1837 1838
1838 1839
1839 1840
1840 1841
1841 1842
1842 1843
1843 1844
1844 1845
1845 1846
1846 1847
1847 1848
1848 1849
1849 1850
1850 1851
1851 1852
1852 1853
1853 1854
1854 1855
1855 1856
1856 1857
1857 1858
1858 1859
1859 1860
1860 1861
1861 1862
1862 1863
1863 1864
1864 1865
1865 1866
1866 1867
1867 1868
1868 1869
1869 1870
1870 1871
1871 1872
1872 1873
1873 1874
1874 1875
1875 1876
1876 1877
1877 1878
1878 1879
1879 1880
1880 1881
1881 1882
1882 1883
1883 1884
1884 1885
1885 1886
1886 1887
1887 1888
1888 1889
1889 1890
1890 1891
1891 1892
1892 1893
1893 1894
1894 1895
1895 1896
1896 1897
1897 1898
1898 1899
1899 1900
1900 1901
1901 1902
1902 1903
1903 1904
1904 1905
1905 1906
1906 1907
1907 1908
1908 1909
1909 1910
1910 1911
1911 1912
1912 1913
1913 1914
1914 1915
1915 1916
1916 1917
1917 1918
1918 1919
1919 1920
1920 1921
1921 1922
1922 1923
1923 1924
1924 1925
1925 1926
1926 1927
1927 1928
1928 1929
1929 1930
1930 1931
1931 1932
1932 1933
1933 1934
1934 1935
1935 1936
1936 1937
1937 1938
1938 1939
1939 1940
1940 1941
1941 1942
1942 1943
1943 1944
1944 1945
1945 1946
1946 1947
1947 1948
1948 1949
1949 1950
1950 1951
1951 1952
1952 1953
1953 1954
1954 1955
1955 1956
1956 1957
1957 1958
1958 1959
1959 1960
1960 1961
1961 1962
1962 1963
1963 1964
1964 1965
1965 1966
1966 1967
1967 1968
1968 1969
1969 1970
1970 1971
1971 1972
1972 1973
1973 1974
1974 1975
1975 1976
1976 1977
1977 1978
1978 1979
1979 1980
1980 1981
1981 1982
1982 1983
1983 1984
1984 1985
1985 1986
1986 1987
1987 1988
1988 1989
1989 1990
1990 1991
1991 1992
1992 1993
1993 1994
1994 1995
1995 1996
1996 1997
1997 1998
1998 1999
1999 2000
2000 2001
2001 2002
2002 2003
2003 2004
2004 2005
2005 2006
2006 2007
2007 2008
2008 2009
2009 2010
2010 2011
2011 2012
2012 2013
2013 2014
2014 2015
2015 2016
2016 2017
2017 2018
2018 2019
2019 2020
2020 2021
2021 2022
2022 2023
2023 2024
2024 2025
2025 2026
2026 2027
2027 2028
2028 2029
2029 2030
2030 2031
2031 2032
2032 2033
2033 2034
2034 2035
2035 2036
2036 2037
2037 2038
2038 2039
2039 2040
2040 2041
2041 2042
2042 2043
2043 2044
2044 2045
2045 2046
2046 2047
2047 2048
2048 2049
2049 2050
2050 2051
2051 2052
2052 2053
2053 2054
2054 2055
2055 2056
2056 2057
2057 2058
2058 2059
2059 2060
2060 2061
2061 2062
2062 2063
2063 2064
2064 2065
2065 2066
2066 2067
2067 2068
2068 2069
2069 2070
2070 2071
2071 2072
2072 2073
2073 2074
2074 2075
2075 2076
2076 2077
2077 2078
2078 2079
2079 2080
2080 2081
2081 2082
2082 2083
2083 2084
2084 2085
2085 2086
2086 2087
2087 2088
2088 2089
2089 2090
2090 2091
2091 2092
2092 2093
2093 2094
2094 2095
2095 2096
2096 2097
2097 2098
2098 2099
2099 2100
2100 2101
2101 2102
2102 2103
2103 2104
2104 2105
2105 2106
2106 2107
2107 2108
2108 2109
2109 2110
2110 2111
2111 2112
2112 2113
2113 2114
2114 2115
2115 2116
2116 2117
2117 2118
2118 2119
2119 2120
2120 2121
2121 2122
2122 2123
2123 2124
2124 2125
2125 2126
2126 2127
2127 2128
2128 2129
2129 2130
2130 2131
2131 2132
2132 2133
2133 2134
2134 2135
2135 2136
2136 2137
2137 2138
2138 2139
2139 2140
2140 2141
2141 2142
2142 2143
2143 2144
2144 2145
2145 2146
2146 2147
2147 2148
2148 2149
2149 2150
2150 2151
2151 2152
2152 2153
2153 2154
2154 2155
2155 2156
2156 2157
2157 2158
2158 2159
2159 2160
2160 2161
2161 2162
2162 2163
2163 2164
2164 2165
2165 2166
2166 2167
2167 2168
2168 2169
2169 2170
2170 2171
2171 2172
2172 2173
2173 2174
2174 2175
2175 2176
2176 2177
2177 2178
2178 2179
2179 2180
2180 2181
2181 2182
2182 2183
2183 2184
2184 2185
2185 2186
2186 2187
2187 2188
2188 2189
2189 2190
2190 2191
2191 2192
2192 2193
2193 2194
2194 2195
2195 2196
2196 2197
2197 2198
2198 2199
2199 2200
2200 2201
2201 2202
2202 2203
2203 2204
2204 2205
2205 2206
2206 2207
2207 2208
2208 2209
2209 2210
2210 2211
2211 2212
2212 2213
2213 2214
2214 2215
2215 2216
2216 2217
2217 2218
2218 2219
2219 2220
2220 2221
2221 2222
2222 2223
2223 2224
2224 2225
2225 2226
2226 2227
2227 2228
2228 2229
2229 2230
2230 2231
2231 2232
2232 2233
2233 2234
2234 2235
2235 2236
2236 2237
2237 2238
2238 2239
2239 2240
2240 2241
2241 2242
2242 2243
2243 2244
2244 2245
2245 2246
2246 2247
2247 2248
2248 2249
2249 2250
2250 2251
2251 2252
2252 2253
2253 2254
2254 2255
2255 2256
2256 2257
2257 2258
2258 2259
2259 2260
2260 2261
2261 2262
2262 2263
2263 2264
2264 2265
2265 2266
2266 2267
2267 2268
2268 2269
2269 2270
2270 2271
2271 2272
2272 2273
2273 2274
2274 2275
2275 2276
2276 2277
2277 2278
2278 2279
2279 2280
2280 2281
2281 2282
2282 2283
2283 2284
2284 2285
2285 2286
2286 2287
2287 2288
2288 2289
2289 2290
2290 2291
2291 2292
2292 2293
2293 2294
2294 2295
2295 2296
2296 2297
2297 2298
2298 2299
2299 2300
2300 2301
2301 2302
2302 2303
2303 2304
2304 2305
2305 2306
2306 2307
2307 2308
2308 2309
2309 2310
2310 2311
2311 2312
2312 2313
2313 2314
2314 2315
2315 2316
2316 2317
2317 2318
2318 2319
2319 2320
2320 2321
2321 2322
2322 2323
2323 2324
2324 2325
2325 2326
2326 2327
2327 2328
2328 2329
2329 2330
2330 2331
2331 2332
2332 2333
2333 2334
2334 2335
2335 2336
2336 2337
2337 2338
2338 2339
2339 2340
2340 2341
2341 2342
2342 2343
2343 2344
2344 2345
2345 2346
2346 2347
2347 2348
2348 2349
2349 2350
2350 2351
2351 2352
2352 2353
2353 2354
2354 2355
2355 2356
2356 2357
2357 2358
2358 2359
2359 2360
2360 2361
2361 2362
2362 2363
2363 2364
2364 2365
2365 2366
2366 2367
2367 2368
2368 2369
2369 2370
2370 2371
2371 2372
2372 2373
2373 2374
2374 2375
2375 2376
2376 2377
2377 2378
2378 2379
2379 2380
2380 2381
2381 2382
2382 2383
2383 2384
2384 2385
2385 2386
2386 2387
2387 2388
2388 2389
2389 2390
2390 2391
2391 2392
2392 2393
2393 2394
2394 2395
2395 2396
2396 2397
2397 2398
2398 2399
2399 2400
2401 2402
2402 2403
2403 2404
2404 2405
2405 2406
2406 2407
2407 2408
2408 2409
2409 2410
2410 2411
2411 2412
2412 2413
2413 2414
2414 2415
2415 2416
2416 2417
2417 2418
2418 2419
2419 2420
2420 2421
2421 2422
2422 2423
2423 2424
2424 2425
2425 2426
2426 2427
2427 2428
2428 2429
2429 2430
2430 2431
2431 2432
2432 2433
2433 2434
2434 2435
2435 2436
2436 2437
2437 2438
2438 2439
2439 2440
2440 2441
2441 2442
2442 2443
2443 2444
2444 2445
2445 2446
2446 2447
2447 2448
2448 2449
2449 2450
2450 2451
2451 2452
2452 2453
2453 2454
2454 2455
2455 2456
2456 2457
2457 2458
2458 2459
2459 2460
2460 2461
2461 2462
2462 2463
2463 2464
2464 2465
2465 2466
2466 2467
2467 2468
2468 2469
2469 2470
2470 2471
2471 2472
2472 2473
2473 2474
2474 2475
2475 2476
2476 2477
2477 2478
2478 2479
2479 2480
2480 2481
2481 2482
2482 2483
2483 2484
2484 2485
2485 2486
2486 2487
2487 2488
2488 2489
2489 2490
2490 2491
2491 2492
2492 2493
2493 2494
2494 2495
2495 2496
2496 2497
2497 2498
2498 2499
2499 2500
2500 2501
2501 2502
2502 2503
2503 2504
2504 2505
2505 2506
2506 2507
2507 2508
2508 2509
2509 2510
2510 2511
2511 2512
2512 2513
2513 2514
2514 2515
2515 2516
2516 2517
2517 2518
2518 2519
2519 2520
2520 2521
2521 2522
2522 2523
2523 2524
2524 2525
2525 2526
2526 2527
2527 2528
2528 2529
2529 2530
2530 2531
2531 2532
2532 2533
2533 2534
2534 2535
2535 2536
2536 2537
2537 2538
2538 2539
2539 2540
2540 2541
2541 2542
2542 2543
2543 2544
2544 2545
2545 2546
2546 2547
2547 2548
2548 2549
2549 2550
2550 2551
2551 2552
2552 2553
2553 2554
2554 2555
2555 2556
2556 2557
2557 2558
2558 2559
2559 2560
2560 2561
2561 2562
2562 2563
2563 2564
2564 2565
2565 2566
2566 2567
2567 2568
2568 2569
2569 2570
2570 2571
2571 2572
2572 2573
2573 2574
2574 2575
2575 2576
2576 2577
2577 2578
2578 2579
2579 2580
2580 2581
2581 2582
2582 2583
2583 2584
2584 2585
2585 2586
2586 2587
2587 2588
2588 2589
2589 2590
2590 2591
2591 2592
2592 2593
2593 2594
2594 2595
2595 2596
2596 2597
2597 2598
2598 2599
2599 2600
2600 2601
2601 2602
2602 2603
2603 2604
2604 2605
2605 2606
2606 2607
2607 2608
2608 2609
2609 2610
2610 2611
2611 2612
2612 2613
2613 2614
2614 2615
2615 2616
2616 2617
2617 2618
2618 2619
2619 2620
2620 2621
2621 2622
2622 2623
2623 2624
2624 2625
2625 2626
2626 2627
2627 2628
2628 2629
2629 2630
2630 2631
2631 2632
2632 2633
2633 2634
2634 2635
2635 2636
2636 2637
2637 2638
2638 2639
2639 2640
2640 2641
2641 2642
2642 2643
2643 2644
2644 2645
2645 2646
2646 2647
2647 2648
2648 2649
2649 2650
2650 2651
2651 2652
2652 2653
2653 2654
2654 2655
2655 2656
2656 2657
2657 2658
2658 2659
2659 2660
2660 2661
2661 2662
2662 2663
2663 2664
2664 2665
2665 2666
2666 2667
2667 2668
2668 2669
2669 2670
2670 2671
2671 2672
2672 2673
2673 2674
2674 2675
2675 2676
2676 2677
2677 2678
2678 2679
2679 2680
2680 2681
2681 2682
2682 2683
2683 2684
2684 2685
2685 2686
2686 2687
2687 2688
2688 2689
2689 2690
2690 2691
2691 2692
2692 2693
2693 2694
2694 2695
2695 2696
2696 2697
2697 2698
2698 2699
2699 2700
2700 2701
2701 2702
2702 2703
2703 2704
2704 2705
2705 2706
2706 2707
2707 2708
2708 2709
2709 2710
2710 2711
2711 2712
2712 2713
2713 2714
2714 2715
2715 2716
2716 2717
2717 2718
2718 2719
2719 2720
2720 2721
2721 2722
2722 2723
2723 2724
2724 2725
2725 2726
2726 2727
2727 2728
2728 2729
2729 2730
2730 2731
2731 2732
2732 2733
2733 2734
2734 2735
2735 2736
2736 2737
2737 2738
2738 2739
2739 2740
2740 2741
2741 2742
2742 2743
2743 2744
2744 2745
2745 2746
2746 2747
2747 2748
2748 2749
2749 2750
2750 2751
2751 2752
2752 2753
2753 2754
2754 2755
2755 2756
2756 2757
2757 2758
2758 2759
2759 2760
2760 2761
2761 2762
2762 2763
2763 2764
2764 2765
2765 2766
2766 2767
2767 2768
2768 2769
2769 2770
2770 2771
2771 2772
2772 2773
2773 2774
2774 2775
2775 2776
2776 2777
2777 2778
2778 2779
2779 2780
2780 2781
2781 2782
2782 2783
2783 2784
2784 2785
2785 2786
2786 2787
2787 2788
2788 2789
2789 2790
2790 2791
2791 2792
2792 2793
2793 2794
2794 2795
2795 2796
2796 2797
2797 2798
2798 2799
2799 2800
2800 2801
2801 2802
2802 2803
2803 2804
2804 2805
2805 2806
2806 2807
2807 2808
2808 2809
2809 2810
2810 2811
2811 2812
2812 2813
2813 2814
2814 2815
2815 2816
2816 2817
2817 2818
2818 2819
2819 2820
2820 2821
2821 2822
2822 2823
2823 2824
2824 2825
2825 2826
2826 2827
2827 2828
2828 2829
2829 2830
2830 2831
2831 2832
2832 2833
2833 2834
2834 2835
2835 2836
2836 2837
2837 2838
2838 2839
2839 2840
2840 2841
2841 2842
2842 2843
2843 2844
2844 2845
2845 2846
2846 2847
2847 2848
2848 2849
2849 2850
2850 2851
2851 2852
2852 2853
2853 2854
2854 2855
2855 2856
2856 2857
2857 2858
2858 2859
2859 2860
2860 2861
2861 2862
2862 2863
2863 2864
2864 2865
2865 2866
2866 2867
2867 2868
2868 2869
2869 2870
2870 2871
2871 2872
2872 2873
2873 2874
2874 2875
2875 2876
2876 2877
2877 2878
2878 2879
2879 2880
2880 2881
2881 2882
2882 2883
2883 2884
2884 2885
2885 2886
2886 2887
2887 2888
2888 2889
2889 2890
2890 2891
2891 2892
2892 2893
2893 2894
2894 2895
2895 2896
2896 2897
2897 2898
2898 2899
2899 2900
2900 2901
2901 2902
2902 2903
2903 2904
2904 2905
2905 2906
2906 2907
2907 2908
2908 2909
2909 2910
2910 2911
2911 2912
2912 2913
2913 2914
2914 2915
2915 2916
2916 2917
2917 2918
2918 2919
2919 2920
2920 2921
2921 2922
2922 2923
2923 2924
2924 2925
2925 2926
2926 2927
2927 2928
2928 2929
2929 2930
2930 2931
2931 2932
2932 2933
2933 2934
2934 2935
2935 2936
2936 2937
2937 2938
2938 2939
2939 2940
2940 2941
2941 2942
2942 2943
2943 2944
2944 2945
2945 2946
2946 2947
2947 2948
2948 2949
2949 2950
2950 2951
2951 2952
2952 2953
2953 2954
2954 2955
2955 2956
2956 2957
2957 2958
2958 2959
2959 2960
2960 2961
2961 2962
2962 2963
2963 2964
2964 2965
2965 2966
2966 2967
2967 2968
2968 2969
2969 2970
2970 2971
2971 2972
2972 2973
2973 2974
2974 2975
2975 2976
2976 2977
2977 2978
2978 2979
2979 2980
2980 2981
2981 2982
2982 2983
2983 2984
2984 2985
2985 2986
2986 2987
2987 2988
2988 2989
2989 2990
2990 2991
2991 2992
2992 2993
2993 2994
2994 2995
2995 2996
2996 2997
2997 2998
2998 2999
2999 3000
3000 3001
3001 3002
3002 3003
3003 3004
3004 3005
3005 3006
3006 3007
3007 3008
3008 3009
3009 3010
3010 3011
3011 3012
3012 3013
3013 3014
3014 3015
3015 3016
3016 3017
3017 3018
3018 3019
3019 3020
3020 3021
3021 3022
3022 3023
3023 3024
3024 3025
3025 3026
3026 3027
3027 3028
3028 3029
3029 3030
3030 3031
3031 3032
3032 3033
3033 3034
3034 3035
3035 3036
3036 3037
3037 3038
3038 3039
3039 3040
3040 3041
3041 3042
3042 3043
3043 3044
3044 3045
3045 3046
3046 3047
3047 3048
3048 3049
3049 3050
3050 3051
3051 3052
3052 3053
3053 3054
3054 3055
3055 3056
3056 3057
3057 3058
3058 3059
3059 3060
3060 3061
3061 3062
3062 3063
3063 3064
3064 3065
3065 3066
3066 3067
3067 3068
3068 3069
3069 3070
3070 3071
3071 3072
3072 3073
3073 3074
3074 3075
3075 3076
3076 3077
3077 3078
3078 3079
3079 3080
3080 3081
3081 3082
3082 3083
3083 3084
3084 3085
3085 3086
3086 3087
3087 3088
3088 3089
3089 3090
3090 3091
3091 3092
3092 3093
3093 3094
3094 3095
3095 3096
3096 3097
3097 3098
3098 3099
3099 3100
3100 3101
3101 3102
3102 3103
3103 3104
3104 3105
3105 3106
3106 3107
3107 3108
3108 3109
3109 3110
3110 3111
3111 3112
3112 3113
3113 3114
3114 3115
3115 3116
3116 3117
3117 3118
3118 3119
3119 3120
3120 3121
3121 3122
3122 3123
3123 3124
3124 3125
3125 3126
3126 3127
3127 3128
3128 3129
3129 3130
3130 3131
3131 3132
3132 3133
3133 3134
3134 3135
3135 3136
3136 3137
3137 3138
3138 3139
3139 3140
3140 3141
3141 3142
3142 3143
3143 3144
3144 3145
3145 3146
3146 3147
3147 3148
3148 3149
3149 3150
3150 3151
3151 3152
3152 3153
3153 3154
3154 3155
3155 3156
3156 3157
3157 3158
3158 3159
3159 3160
3160 3161
3161 3162
3162 3163
3163 3164
3164 3165
3165 3166
3166 3167
3167 3168
3168 3169
3169 3170
3170 3171
3171 3172
3172 3173
3173 3174
3174 3175
3175 3176
3176 3177
3177 3178
3178 3179
3179 3180
3180 3181
3181 3182
3182 3183
3183 3184
3184 3185
3185 3186
3186 3187
3187 3188
3188 3189
3189 3190
3190 3191
3191 3192
3192 3193
3193 3194
3194 3195
3195 3196
3196 3197
3197 3198
3198 3199
3199 3200
3200 3201
3201 3202
3202 3203
3203 3204
3204 3205
3205 3206
3206 3207
3207 3208
3208 3209
3209 3210
3210 3211
3211 3212
3212 3213
3213 3214
3214 3215
3215 3216
3216 3217
3217 3218
3218 3219
3219 3220
3220 3221
3221 3222
3222 3223
3223 3224
3224 3225
3225 3226
3226 3227
3227 3228
3228 3229
3229 3230
3230 3231
3231 3232
3232 3233
3233 3234
3234 3235
3235 3236
3236 3237
3237 3238
3238 3239
3239 3240
3240 3241
3241 3242
3242 3243
3243 3244
3244 3245
3245 3246
3246 3247
3247 3248
3248 3249
3249 3250
3250 3251
3251 3252
3252 3253
3253 3254
3254 3255
3255 3256
3256 3257
3257 3258
3258 3259
3259 3260
3260 3261
3261 3262
3262 3263
3263 3264
3264 3265
3265 3266
3266 3267
3267 3268
3268 3269
3269 3270
3270 3271
3271 3272
3272 3273
3273 3274
3274 3275
3275 3276
3276 3277
3277 3278
3278 3279
3279 3280
3280 3281
3281 3282
3282 3283
3283 3284
3284 3285
3285 3286
3286 3287
3287 3288
3288 3289
3289 3290
3290 3291
3291 3292
3292 3293
3293 3294
3294 3295
3295 3296
3296 3297
3297 3298
3298 3299
3299 3300
3300 3301
3301 3302
3302 3303
3303 3304
3304 3305
3305 3306
3306 3307
3307 3308
3308 3309
3309 3310
3310 3311
3311 3312
3312 3313
3313 3314
3314 3315
3315 3316
3316 3317
3317 3318
3318 3319
3319 3320
3320 3321
3321 3322
3322 3323
3323 3324
3324 3325
3325 3326
3326 3327
3327 3328
3328 3329
3329 3330
3330 3331
3331 3332
3332 3333
3333 3334
3334 3335
3335 3336
3336 3337
3337 3338
3338 3339
3339 3340
3340 3341
3341 3342
3342 3343
3343 3344
3344 3345
3345 3346
3346 3347
3347 3348
3348 3349
3349 3350
3350 3351
3351 3352
3352 3353
3353 3354
3354 3355
3355 3356
3356 3357
3357 3358
3358 3359
3359 3360
3360 3361
3361 3362
3362 3363
3363 3364
3364 3365
3365 3366
3366 3367
3367 3368
3368 3369
3369 3370
3370 3371
3371 3372
3372 3373
3373 3374
3374 3375
3375 3376
3376 3377
3377 3378
3378 3379
3379 3380
3380 3381
3381 3382
3382 3383
3383 3384
3384 3385
3385 3386
3386 3387
3387 3388
3388 3389
3389 3390
3390 3391
3391 3392
3392 3393
3393 3394
3394 3395
3395 3396
3396 3397
3397 3398
3398 3399
3399 3400
3400 3401
3401 3402
3402 3403
3403 3404
3404 3405
3405 3406
3406 3407
3407 3408
3408 3409
3409 3410
3410 3411
3411 3412
3412 3413
3413 3414
3414 3415
3415 3416
3416 3417
3417 3418
3418 3419
3419 3420
3420 3421
3421 3422
3422 3423
3423 3424
3424 3425
3425 3426
3426 3427
3427 3428
3428 3429
3429 3430
3430 3431
3431 3432
3432 3433
3433 3434
3434 3435
3435 3436
3436 3437
3437 3438
3438 3439
3439 3440
3440 3441
3441 3442
3442 3443
3443 3444
3444 3445
3445 3446
3446 3447
3447 3448
3448 3449
3449 3450
3450 3451
3451 3452
3452 3453
3453 3454
3454 3455
3455 3456
3456 3457
3457 3458
3458 3459
3459 3460
3460 3461
3461 3462
3462 3463
3463 3464
3464 3465
3465 3466
3466 3467
3467 3468
3468 3469
3469 3470
3470 3471
3471 3472
3472 3473
3473 3474
3474 3475
3475 3476
3476 3477
3477 3478
3478 3479
3479 3480
3480 3481
3481 3482
3482 3483
3483 3484
3484 3485
3485 3486
3486 3487
3487 3488
3488 3489
3489 3490
3490 3491
3491 3492
3492 3493
3493 3494
3494 3495
3495 3496
3496 3497
3497 3498
3498 3499
3499 3500
3500 3501
3501 3502
3502 3503
3503 3504
3504 3505
3505 3506
3506 3507
3507 3508
3508 3509
3509 3510
3510 3511
3511 3512
3512 3513
3513 3514
3514 3515
3515 3516
3516 3517
3517 3518
3518 3519
3519 3520
3520 3521
3521 3522
3522 3523
3523 3524
3524 3525
3525 3526
3526 3527
3527 3528
3528 3529
3529 3530
3530 3531
3531 3532
3532 3533
3533 3534
3534 3535
3535 3536
3536 3537
3537 3538
3538 3539
3539 3540
3540 3541
3541 3542
3542 3543
3543 3544
3544 3545
3545 3546
3546 3547
3547 3548
3548 3549
3549 3550
3550 3551
3551 3552
3552 3553
3553 3554
3554 3555
3555 3556
3556 3557
3557 3558
3558 3559
3559 3560
3560 3561
3561 3562
3562 3563
3563 3564
3564 3565
3565 3566
3566 3567
3567 3568
3568 3569
3569 3570
3570 3571
3571 3572
3572 3573
3573 3574
3574 3575
3575 3576
3576 3577
3577 3578
3578 3579
3579 3580
3580 3581
3581 3582
3582 3583
3583 3584
3584 3585
3585 3586
3586 3587
3587 3588
3588 3589
3589 3590
3590 3591
3591 3592
3592 3593
3593 3594
3594 3595
3595 3596
3596 3597
3597 3598
3598 3599
3599 3600
3600 3601
3601 3602
3602 3603
3603 3604
3604 3605
3605 3606
3606 3607
3607 3608
3608 3609
3609 3610
3610 3611
3611 3612
3612 3613
3613 3614
3614 3615
3615 3616
3616 3617
3617 3618
3618 3619
3619 3620
3620 3621
3621 3622
3622 3623
3623 3624
3624 3625
3625 3626
3626 3627
3627 3628
3628 3629
3629 3630
3630 3631
3631 3632
3632 3633
3633 3634
3634 3635
3635 3636
3636 3637
3637 3638
3638 3639
3639 3640
3640 3641
3641 3642
3642 3643
3643 3644
3644 3645
3645 3646
3646 3647
3647 3648
3648 3649
3649 3650
3650 3651
3651 3652
3652 3653
3653 3654
3654 3655
3655 3656
3656 3657
3657 3658
3658 3659
3659 3660
3660 3661
3661 3662
3662 3663
3663 3664
3664 3665
3665 3666
3666 3667
3667 3668
3668 3669
3669 3670
3670 3671
3671 3672
3672 3673
3673 3674
3674 3675
3675 3676
3676 3677
3677 3678
3678 3679
3679 3680
3680 3681
3681 3682
3682 3683
3683 3684
3684 3685
3685 3686
3686 3687
3687 3688
3688 3689
3689 3690
3690 3691
3691 3692
3692 3693
3693 3694
3694 3695
3695 3696
3696 3697
3697 3698
3698 3699
3699 3700
3700 3701
3701 3702
3702 3703
3703 3704
3704 3705
3705 3706
3706 3707
3707 3708
3708 3709
3709 3710
3710 3711
3711 3712
3712 3713
3713 3714
3714 3715
3715 3716
3716 3717
3717 3718
3718 3719
3719 3720
3720 3721
3721 3722
3722 3723
3723 3724
3724 3725
3725 3726
3726 3727
3727 3728
3728 3729
3729 3730
3730 3731
3731 3732
3732 3733
3733 3734
3734 3735
3735 3736
3736 3737
3737 3738
3738 3739
3739 3740
3740 3741
3741 3742
3742 3743
3743 3744
3744 3745
3745 3746
3746 3747
3747 3748
3748 3749
3749 3750
3750 3751
3751 3752
3752 3753
3753 3754
3754 3755
3755 3756
3756 3757
3757 3758
3758 3759
3759 3760
3760 3761
3761 3762
3762 3763
3763 3764
3764 3765
3765 3766
3766 3767
3767 3768
3768 3769
3769 3770
3770 3771
3771 3772
3772 3773
3773 3774
3774 3775
3775 3776
3776 3777
3777 3778
3778 3779
3779 3780
3780 3781
3781 3782
3782 3783
3783 3784
3784 3785
3785 3786
3786 3787
3787 3788
3788 3789
3789 3790
3790 3791
3791 3792
3792 3793
3793 3794
3794 3795
3795 3796
3796 3797
3797 3798
3798 3799
3799 3800
3800 3801
3801 3802
3802 3803
3803 3804
3804 3805
3805 3806
3806 3807
3807 3808
3808 3809
3809 3810
3810 3811
3811 3812
3812 3813
3813 3814
3814 3815
3815 3816
3816 3817
3817 3818
3818 3819
3819 3820
3820 3821
3821 3822
3822 3823
3823 3824
3824 3825
3825 3826
3826 3827
3827 3828
3828 3829
3829 3830
3830 3831
3831 3832
3832 3833
3833 3834
3834 3835
3835 3836
3836 3837
3837 3838
3838 3839
3839 3840
3840 3841
3841 3842
3842 3843
3843 3844
3844 3845
3845 3846
3846 3847
3847 3848
3848 3849
3849 3850
3850 3851
3851 3852
3852 3853
3853 3854
3854 3855
3855 3856
3856 3857
3857 3858
3858 3859
3859 3860
3860 3861
3861 3862
3862 3863
3863 3864
3864 3865
3865 3866
3866 3867
3867 3868
3868 3869
3869 3870
3870 3871
3871 3872
3872 3873
3873 3874
3874 3875
3875 3876
3876 3877
3877 3878
3878 3879
3879 3880
3880 3881
3881 3882
3882 3883
3883 3884
3884 3885
3885 3886
3886 3887
3887 3888
3888 3889
3889 3890
3890 3891
3891 3892
3892 3893
3893 3894
3894 3895
3895 3896
3896 3897
3897 3898
3898 3899
3899 3900
3900 3901
3901 3902
3902 3903
3903 3904
3904 3905
3905 3906
3906 3907
3907 3908
3908 3909
3909 3910
3910 3911
3911 3912
3912 3913
3913 3914
3914 3915
3915 3916
3916 3917
3917 3918
3918 3919
3919 3920
3920 3921
3921 3922
3922 3923
3923 3924
3924 3925
3925 3926
3926 3927
3927 3928
3928 3929
3929 3930
3930 3931
3931 3932
3932 3933
3933 3934
3934 3935
3935 3936
3936 3937
3937 3938
3938 3939
3939 3940
3940 3941
3941 3942
3942 3943
3943 3944
3944 3945
3945 3946
3946 3947
3947 3948
3948 3949
3949 3950
3950 3951
3951 3952
3952 3953
3953 3954
3954 3955
3955 3956
3956 3957
3957 3958
3958 3959
3959 3960
3960 3961
3961 3962
3962 3963
3963 3964
3964 3965
3965 3966
3966 3967
3967 3968
3968 3969
3969 3970
3970 3971
3971 3972
3972 3973
3973 3974
3974 3975
3975 3976
3976 3977
3977 3978
3978 3979
3979 3980
3980 3981
3981 3982
3982 3983
3983 3984
3984 3985
3985 3986
3986 3987
3987 3988
3988 3989
3989 3990
3990 3991
3991 3992
3992 3993
3993 3994
3994 3995
3995 3996
3996 3997
3997 3998
3998 3999
3999 4000
4000 4001
4001 4002
4002 4003
4003 4004
4004 4005
4005 4006
4006 4007
4007 4008
4008 4009
4009 4010
4010 4011
4011 4012
4012 4013
4013 4014
4014 4015
4015 4016
4016 4017
4017 4018
4018 4019
4019 4020
4020 4021
4021 4022
4022 4023
4023 4024
4024 4025
4025 4026
4026 4027
4027 4028
4028 4029
4029 4030
4030 4031
4031 4032
4032 4033
4033 4034
4034 4035
4035 4036
4036 4037
4037 4038
4038 4039
4039 4040
4040 4041
4041 4042
4042 4043
4043 4044
4044 4045
4045 4046
4046 4047
4047 4048
4048 4049
4049 4050
4050 4051
4051 4052
4052 4053
4053 4054
4054 4055
4055 4056
4056 4057
4057 4058
4058 4059
4059 4060
4060 4061
4061 4062
4062 4063
4063 4064
4064 4065
4065 4066
4066 4067
4067 4068
4068 4069
4069 4070
4070 4071
4071 4072
4072 4073
4073 4074
4074 4075
4075 4076
4076 4077
4077 4078
4078 4079
4079 4080
4080 4081
4081 4082
4082 4083
4083 4084
4084 4085
4085 4086
4086 4087
4087 4088
4088 4089
4089 4090
4090 4091
4091 4092
4092 4093
4093 4094
4094 4095
4095 4096
4096 4097
4097 4098
4098 4099
4099 4100
4100 4101
4101 4102
4102 4103
4103 4104
4104 4105
4105 4106
4106 4107
4107 4108
4108 4109
4109 4110
4110 4111
4111 4112
4112 4113
4113 4114
4114 4115
4115 4116
4116 4117
4117 4118
4118 4119
4119 4120
4120 4121
4121 4122
4122 4123
4123 4124
4124 4125
4125 4126
4126 4127
4127 4128
4128 4129
4129 4130
4130 4131
4131 4132
4132 4133
4133 4134
4134 4135
4135 4136
4136 4137
4137 4138
4138 4139
4139 4140
4140 4141
4141 4142
4142 4143
4143 4144
4144 4145
4145 4146
4146 4147
4147 4148
4148 4149
4149 4150
4150 4151
4151 4152
4152 4153
4153 4154
4154 4155
4155 4156
4156 4157
4157 4158
4158 4159
4159 4160
4160 4161
4161 4162
4162 4163
4163 4164
4164 4165
4165 4166
4166 4167
4167 4168
4168 4169
4169 4170
4170 4171
4171 4172
4172 4173
4173 4174
4174 4175
4175 4176
4176 4177
4177 4178
4178 4179
4179 4180
4180 4181
4181 4182
4182 4183
4183 4184
4184 4185
4185 4186
4186 4187
4187 4188
4188 4189
4189 4190
4190 4191
4191 4192
4192 4193
4193 4194
4194 4195
4195 4196
4196 4197
4197 4198
4198 4199
4199 4200
4200 4201
4201 4202
4202 4203
4203 4204
4204 4205
4205 4206
4206 4207
4207 4208
4208 4209
4209 4210
4210 4211
4211 4212
4212 4213
4213 4214
4214 4215
4215 4216
4216 4217
4217 4218
4218 4219
4219 4220
4220 4221
4221 4222
4222 4223
4223 4224
4224 4225
4225 4226
4226 4227
4227 4228
4228 4229
4229 4230
4230 4231
4231 4232
4232 4233
4233 4234
4234 4235
4235 4236
4236 4237
4237 4238
4238 4239
4239 4240
4240 4241
4241 4242
4242 4243
4243 4244
4244 4245
4245 4246
4246 4247
4247 4248
4248 4249
4249 4250
4250 4251
4251 4252
4252 4253
4253 4254
4254 4255
4255 4256
4256 4257
4257 4258
4258 4259
4259 4260
4260 4261
4261 4262
4262 4263
4263 4264
4264 4265
4265 4266
4266 4267
4267 4268
4268 4269
4269 4270
4270 4271
4271 4272
4272 4273
4273 4274
4274 4275
4275 4276
4276 4277
4277 4278
4278 4279
4279 4280
4280 4281
4281 4282
4282 4283
4283 4284
4284 4285
4285 4286
4286 4287
4287 4288
4288 4289
4289 4290
4290 4291
4291 4292
4292 4293
4293 4294
4294 4295
4295 4296
4296 4297
4297 4298
4298 4299
4299 4300
4300 4301
4301 4302
4302 4303
4303 4304
4304 4305
4305 4306
4306 4307
4307 4308
4308 4309
4309 4310
4310 4311
4311 4312
4312 4313
4313 4314
4314 4315
4315 4316
4316 4317
4317 4318
4318 4319
4319 4320
4320 4321
4321 4322
4322 4323
4323 4324
4324 4325
4325 4326
4326 4327
4327 4328
4328 4329
4329 4330
4330 4331
4331 4332
4332 4333
4333 4334
4334 4335
4335 4336
4336 4337
4337 4338
4338 4339
4339 4340
4340 4341
4341 4342
4342 4343
4343 4344
4344 4345
4345 4346
4346 4347
4347 4348
4348 4349
4349 4350
4350 4351
4351 4352
4352 4353
4353 4354
4354 4355
4355 4356
4356 4357
4357 4358
4358 4359
4359 4360
4360 4361
4361 4362
4362 4363
4363 4364
4364 4365
4365 4366
4366 4367
4367 4368
4368 4369
4369 4370
4370 4371
4371 4372
4372 4373
4373 4374
4374 4375
4375 4376
4376 4377
4377 4378
4378 4379
4379 4380
4380 4381
4381 4382
4382 4383
4383 4384
4384 4385
4385 4386
4386 4387
4387 4388
4388 4389
4389 4390
4390 4391
4391 4392
4392 4393
4393 4394
4394 4395
4395 4396
4396 4397
4397 4398
4398 4399
4399 4400
4400 4401
4401 4402
4402 4403
4403 4404
4404 4405
4405 4406
4406 4407
4407 4408
4408 4409
4409 4410
4410 4411
4411 4412
4412 4413
4413 4414
4414 4415
4415 4416
4416 4417
4417 4418
4418 4419
4419 4420
4420 4421
4421 4422
4422 4423
4423 4424
4424 4425
4425 4426
4426 4427
4427 4428
4428 4429
4429 4430
4430 4431
4431 4432
4432 4433
4433 4434
4434 4435
4435 4436
4436 4437
4437 4438
4438 4439
4439 4440
4440 4441
4441 4442
4442 4443
4443 4444
4444 4445
4445 4446
4446 4447
4447 4448
4448 4449
4449 4450
4450 4451
4451 4452
4452 4453
4453 4454
4454 4455
4455 4456
4456 4457
4457 4458
4458 4459
4459 4460
4460 4461
4461 4462
4462 4463
4463 4464
4464 4465
4465 4466
4466 4467
4467 4468
4468 4469
4469 4470
4470 4471
4471 4472
4472 4473
4473 4474
4474 4475
4475 4476
4476 4477
4477 4478
4478 4479
4479 4480
4480 4481
4481 4482
4482 4483
4483 4484
4484 4485
4485 4486
4486 4487
4487 4488
4488 4489
4489 4490
4490 4491
4491 4492
4492 4493
4493 4494
4494 4495
4495 4496
4496 4497
4497 4498
4498 4499
4499 4500
4500 4501
4501 4502
4502 4503
4503 4504
4504 4505
4505 4506
4506 4507
4507 4508
4508 4509
4509 4510
4510 4511
4511 4512
4512 4513
4513 4514
4514 4515
4515 4516
4516 4517
4517 4518
4518 4519
4519 4520
4520 4521
4521 4522
4522 4523
4523 4524
4524 4525
4525 4526
4526 4527
4527 4528
4528 4529
4529 4530
4530 4531
4531 4532
4532 4533
4533 4534
4534 4535
4535 4536
4536 4537
4537 4538
4538 4539
4539 4540
4540 4541
4541 4542
4542 4543
4543 4544
4544 4545
4545 4546
4546 4547
4547 4548
4548 4549
4549 4550
4550 4551
4551 4552
4552 4553
4553 4554
4554 4555
4555 4556
4556 4557
4557 4558
4558 4559
4559 4560
4560 4561
4561 4562
4562 4563
4563 4564
4564 4565
4565 4566
4566 4567
4567 4568
4568 4569
4569 4570
4570 4571
4571 4572
4572 4573
4573 4574
4574 4575
4575 4576
4576 4577
4577 4578
4578 4579
4579 4580
4580 4581
4581 4582
4582 4583
4583 4584
4584 4585
4585 4586
4586 4587
4587 4588
4588 4589
4589 4590
4590 4591
4591 4592
4592 4593
4593 4594
4594 4595
4595 4596
4596 4597
4597 4598
4598 4599
4599 4600
4600 4601
4601 4602
4602 4603
4603 4604
4604 4605
4605 4606
4606 4607
4607 4608
4608 4609
4609 4610
4610 4611
4611 4612
4612 4613
4613 4614
4614 4615
4615 4616
4616 4617
4617 4618
4618 4619
4619 4620
4620 4621
4621 4622
4622 4623
4623 4624
4624 4625
4625 4626
4626 4627
4627 4628
4628 4629
4629 4630
4630 4631
4631 4632
4632 4633
4633 4634
4634 4635
4635 4636
4636 4637
4637 4638
4638 4639
4639 4640
4640 4641
4641 4642
4642 4643
4643 4644
4644 4645
4645 4646
4646 4647
4647 4648
4648 4649
4649 4650
4650 4651
4651 4652
4652 4653
4653 4654
4654 4655
4655 4656
4656 4657
4657 4658
4658 4659
4659 4660
4660 4661
4661 4662
4662 4663
4663 4664
4664 4665
4665 4666
4666 4667
4667 4668
4668 4669
4669 4670
4670 4671
4671 4672
4672 4673
4673 4674
4674 4675
4675 4676
4676 4677
4677 4678
4678 4679
4679 4680
4680 4681
4681 4682
4682 4683
4683 4684
4684 4685
4685 4686
4686 4687
4687 4688
4688 4689
4689 4690
4690 4691
4691 4692
4692 4693
4693 4694
4694 4695
4695 4696
4696 4697
4697 4698
4698 4699
4699 4700
4700 4701
4701 4702
4702 4703
4703 4704
4704 4705
4705 4706
4706 4707
4707 4708
4708 4709
4709 4710
4710 4711
4711 4712
4712 4713
4713 4714
4714 4715
4715 4716
4716 4717
4717 4718
4718 4719
4719 4720
4720 4721
4721 4722
4722 4723
4723 4724
4724 4725
4725 4726
4726 4727
4727 4728
4728 4729
4729 4730
4730 4731
4731 4732
4732 4733
4733 4734
4734 4735
4735 4736
4736 4737
4737 4738
4738 4739
4739 4740
4740 4741
4741 4742
4742 4743
4743 4744
4744 4745
4745 4746
4746 4747
4747 4748
4748 4749
4749 4750
4750 4751
4751 4752
4752 4753
4753 4754
4754 4755
4755 4756
4756 4757
4757 4758
4758 4759
4759 4760
4760 4761
4761 4762
4762 4763
4763 4764
4764 4765
4765 4766
4766 4767
4767 4768
4768 4769
4769 4770
4770 4771
4771 4772
4772 4773
4773 4774
4774 4775
4775 4776
4776 4777
4777 4778
4778 4779
4779 4780
4780 4781
4781 4782
4782 4783
4783 4784
4784 4785
4785 4786
4786 4787
4787 4788
4788 4789
4789 4790
4790 4791
4791 4792
4792 4793
4793 4794
4794 4795
4795 4796
4796 4797
4797 4798
4798 4799
4799 4800
4800 4801
4802 4803
4803 4804
4804 4805
4805 4806
4806 4807
4807 4808
4808 4809
4809 4810
4810 4811
4811 4812
4812 4813
4813 4814
4814 4815
4815 4816
4816 4817
4817 4818
4818 4819
4819 4820
4820 4821
4821 4822
4822 4823
4823 4824
4824 4825
4825 4826
4826 4827
4827 4828
4828 4829
4829 4830
4830 4831
4831 4832
4832 4833
4833 4834
4834 4835
4835 4836
4836 4837
4837 4838
4838 4839
4839 4840
4840 4841
4841 4842
4842 4843
4843 4844
4844 4845
4845 4846
4846 4847
4847 4848
4848 4849
4849 4850
4850 4851
4851 4852
4852 4853
4853 4854
4854 4855
4855 4856
4856 4857
4857 4858
4858 4859
4859 4860
4860 4861
4861 4862
4862 4863
4863 4864
4864 4865
4865 4866
4866 4867
4867 4868
4868 4869
4869 4870
4870 4871
4871 4872
4872 4873
4873 4874
4874 4875
4875 4876
4876 4877
4877 4878
4878 4879
4879 4880
4880 4881
4881 4882
4882 4883
4883 4884
4884 4885
4885 4886
4886 4887
4887 4888
4888 4889
4889 4890
4890 4891
4891 4892
4892 4893
4893 4894
4894 4895
4895 4896
4896 4897
4897 4898
4898 4899
4899 4900
4900 4901
4901 4902
4902 4903
4903 4904
4904 4905
4905 4906
4906 4907
4907 4908
4908 4909
4909 4910
4910 4911
4911 4912
4912 4913
4913 4914
4914 4915
4915 4916
4916 4917
4917 4918
4918 4919
4919 4920
4920 4921
4921 4922
4922 4923
4923 4924
4924 4925
4925 4926
4926 4927
4927 4928
4928 4929
4929 4930
4930 4931
4931 4932
4932 4933
4933 4934
4934 4935
4935 4936
4936 4937
4937 4938
4938 4939
4939 4940
4940 4941
4941 4942
4942 4943
4943 4944
4944 4945
4945 4946
4946 4947
4947 4948
4948 4949
4949 4950
4950 4951
4951 4952
4952 4953
4953 4954
4954 4955
4955 4956
4956 4957
4957 4958
4958 4959
4959 4960
4960 4961
4961 4962
4962 4963
4963 4964
4964 4965
4965 4966
4966 4967
4967 4968
4968 4969
4969 4970
4970 4971
4971 4972
4972 4973
4973 4974
4974 4975
4975 4976
4976 4977
4977 4978
4978 4979
4979 4980
4980 4981
4981 4982
4982 4983
4983 4984
4984 4985
4985 4986
4986 4987
4987 4988
4988 4989
4989 4990
4990 4991
4991 4992
4992 4993
4993 4994
4994 4995
4995 4996
4996 4997
4997 4998
4998 4999
4999 5000
5000 5001
5001 5002
5002 5003
5003 5004
5004 5005
5005 5006
5006 5007
5007 5008
5008 5009
5009 5010
5010 5011
5011 5012
5012 5013
5013 5014
5014 5015
5015 5016
5016 5017
5017 5018
5018 5019
5019 5020
5020 5021
5021 5022
5022 5023
5023 5024
5024 5025
5025 5026
5026 5027
5027 5028
5028 5029
5029 5030
5030 5031
5031 5032
5032 5033
5033 5034
5034 5035
5035 5036
5036 5037
5037 5038
5038 5039
5039 5040
5040 5041
5041 5042
5042 5043
5043 5044
5044 5045
5045 5046
5046 5047
5047 5048
5048 5049
5049 5050
5050 5051
5051 5052
5052 5053
5053 5054
5054 5055
5055 5056
5056 5057
5057 5058
5058 5059
5059 5060
5060 5061
5061 5062
5062 5063
5063 5064
5064 5065
5065 5066
5066 5067
5067 5068
5068 5069
5069 5070
5070 5071
5071 5072
5072 5073
5073 5074
5074 5075
5075 5076
5076 5077
5077 5078
5078 5079
5079 5080
5080 5081
5081 5082
5082 5083
5083 5084
5084 5085
5085 5086
5086 5087
5087 5088
5088 5089
5089 5090
5090 5091
5091 5092
5092 5093
5093 5094
5094 5095
5095 5096
5096 5097
5097 5098
5098 5099
5099 5100
5100 5101
5101 5102
5102 5103
5103 5104
5104 5105
5105 5106
5106 5107
5107 5108
5108 5109
5109 5110
5110 5111
5111 5112
5112 5113
5113 5114
5114 5115
5115 5116
5116 5117
5117 5118
5118 5119
5119 5120
5120 5121
5121 5122
5122 5123
5123 5124
5124 5125
5125 5126
5126 5127
5127 5128
5128 5129
5129 5130
5130 5131
5131 5132
5132 5133
5133 5134
5134 5135
5135 5136
5136 5137
5137 5138
5138 5139
5139 5140
5140 5141
5141 5142
5142 5143
5143 5144
5144 5145
5145 5146
5146 5147
5147 5148
5148 5149
5149 5150
5150 5151
5151 5152
5152 5153
5153 5154
5154 5155
5155 5156
5156 5157
5157 5158
5158 5159
5159 5160
5160 5161
5161 5162
5162 5163
5163 5164
5164 5165
5165 5166
5166 5167
5167 5168
5168 5169
5169 5170
5170 5171
5171 5172
5172 5173
5173 5174
5174 5175
5175 5176
5176 5177
5177 5178
5178 5179
5179 5180
5180 5181
5181 5182
5182 5183
5183 5184
5184 5185
5185 5186
5186 5187
5187 5188
5188 5189
5189 5190
5190 5191
5191 5192
5192 5193
5193 5194
5194 5195
5195 5196
5196 5197
5197 5198
5198 5199
5199 5200
5200 5201
5201 5202
5202 5203
5203 5204
5204 5205
5205 5206
5206 5207
5207 5208
5208 5209
5209 5210
5210 5211
5211 5212
5212 5213
5213 5214
5214 5215
5215 5216
5216 5217
5217 5218
5218 5219
5219 5220
5220 5221
5221 5222
5222 5223
5223 5224
5224 5225
5225 5226
5226 5227
5227 5228
5228 5229
5229 5230
5230 5231
5231 5232
5232 5233
5233 5234
5234 5235
5235 5236
5236 5237
5237 5238
5238 5239
5239 5240
5240 5241
5241 5242
5242 5243
5243 5244
5244 5245
5245 5246
5246 5247
5247 5248
5248 5249
5249 5250
5250 5251
5251 5252
5252 5253
5253 5254
5254 5255
5255 5256
5256 5257
5257 5258
5258 5259
5259 5260
5260 5261
5261 5262
5262 5263
5263 5264
5264 5265
5265 5266
5266 5267
5267 5268
5268 5269
5269 5270
5270 5271
5271 5272
5272 5273
5273 5274
5274 5275
5275 5276
5276 5277
5277 5278
5278 5279
5279 5280
5280 5281
5281 5282
5282 5283
5283 5284
5284 5285
5285 5286
5286 5287
5287 5288
5288 5289
5289 5290
5290 5291
5291 5292
5292 5293
5293 5294
5294 5295
5295 5296
5296 5297
5297 5298
5298 5299
5299 5300
5300 5301
5301 5302
5302 5303
5303 5304
5304 5305
5305 5306
5306 5307
5307 5308
5308 5309
5309 5310
5310 5311
5311 5312
5312 5313
5313 5314
5314 5315
5315 5316
5316 5317
5317 5318
5318 5319
5319 5320
5320 5321
5321 5322
5322 5323
5323 5324
5324 5325
5325 5326
5326 5327
5327 5328
5328 5329
5329 5330
5330 5331
5331 5332
5332 5333
5333 5334
5334 5335
5335 5336
5336 5337
5337 5338
5338 5339
5339 5340
5340 5341
5341 5342
5342 5343
5343 5344
5344 5345
5345 5346
5346 5347
5347 5348
5348 5349
5349 5350
5350 5351
5351 5352
5352 5353
5353 5354
5354 5355
5355 5356
5356 5357
5357 5358
5358 5359
5359 5360
5360 5361
5361 5362
5362 5363
5363 5364
5364 5365
5365 5366
5366 5367
5367 5368
5368 5369
5369 5370
5370 5371
5371 5372
5372 5373
5373 5374
5374 5375
5375 5376
5376 5377
5377 5378
5378 5379
5379 5380
5380 5381
5381 5382
5382 5383
5383 5384
5384 5385
5385 5386
5386 5387
5387 5388
5388 5389
5389 5390
5390 5391
5391 5392
5392 5393
5393 5394
5394 5395
5395 5396
5396 5397
5397 5398
5398 5399
5399 5400
5400 5401
5401 5402
5402 5403
5403 5404
5404 5405
5405 5406
5406 5407
5407 5408
5408 5409
5409 5410
5410 5411
5411 5412
5412 5413
5413 5414
5414 5415
5415 5416
5416 5417
5417 5418
5418 5419
5419 5420
5420 5421
5421 5422
5422 5423
5423 5424
5424 5425
5425 5426
5426 5427
5427 5428
5428 5429
5429 5430
5430 5431
5431 5432
5432 5433
5433 5434
5434 5435
5435 5436
5436 5437
5437 5438
5438 5439
5439 5440
5440 5441
5441 5442
5442 5443
5443 5444
5444 5445
5445 5446
5446 5447
5447 5448
5448 5449
5449 5450
5450 5451
5451 5452
5452 5453
5453 5454
5454 5455
5455 5456
5456 5457
5457 5458
5458 5459
5459 5460
5460 5461
5461 5462
5462 5463
5463 5464
5464 5465
5465 5466
5466 5467
5467 5468
5468 5469
5469 5470
5470 5471
5471 5472
5472 5473
5473 5474
5474 5475
5475 5476
5476 5477
5477 5478
5478 5479
5479 5480
5480 5481
5481 5482
5482 5483
5483 5484
5484 5485
5485 5486
5486 5487
5487 5488
5488 5489
5489 5490
5490 5491
5491 5492
5492 5493
5493 5494
5494 5495
5495 5496
5496 5497
5497 5498
5498 5499
5499 5500
5500 5501
5501 5502
5502 5503
5503 5504
5504 5505
5505 5506
5506 5507
5507 5508
5508 5509
5509 5510
5510 5511
5511 5512
5512 5513
5513 5514
5514 5515
5515 5516
5516 5517
5517 5518
5518 5519
5519 5520
5520 5521
5521 5522
5522 5523
5523 5524
5524 5525
5525 5526
5526 5527
5527 5528
5528 5529
5529 5530
5530 5531
5531 5532
5532 5533
5533 5534
5534 5535
5535 5536
5536 5537
5537 5538
5538 5539
5539 5540
5540 5541
5541 5542
5542 5543
5543 5544
5544 5545
5545 5546
5546 5547
5547 5548
5548 5549
5549 5550
5550 5551
5551 5552
5552 5553
5553 5554
5554 5555
5555 5556
5556 5557
5557 5558
5558 5559
5559 5560
5560 5561
5561 5562
5562 5563
5563 5564
5564 5565
5565 5566
5566 5567
5567 5568
5568 5569
5569 5570
5570 5571
5571 5572
5572 5573
5573 5574
5574 5575
5575 5576
5576 5577
5577 5578
5578 5579
5579 5580
5580 5581
5581 5582
5582 5583
5583 5584
5584 5585
5585 5586
5586 5587
5587 5588
5588 5589
5589 5590
5590 5591
5591 5592
5592 5593
5593 5594
5594 5595
5595 5596
5596 5597
5597 5598
5598 5599
5599 5600
5600 5601
5601 5602
5602 5603
5603 5604
5604 5605
5605 5606
5606 5607
5607 5608
5608 5609
5609 5610
5610 5611
5611 5612
5612 5613
5613 5614
5614 5615
5615 5616
5616 5617
5617 5618
5618 5619
5619 5620
5620 5621
5621 5622
5622 5623
5623 5624
5624 5625
5625 5626
5626 5627
5627 5628
5628 5629
5629 5630
5630 5631
5631 5632
5632 5633
5633 5634
5634 5635
5635 5636
5636 5637
5637 5638
5638 5639
5639 5640
5640 5641
5641 5642
5642 5643
5643 5644
5644 5645
5645 5646
5646 5647
5647 5648
5648 5649
5649 5650
5650 5651
5651 5652
5652 5653
5653 5654
5654 5655
5655 5656
5656 5657
5657 5658
5658 5659
5659 5660
5660 5661
5661 5662
5662 5663
5663 5664
5664 5665
5665 5666
5666 5667
5667 5668
5668 5669
5669 5670
5670 5671
5671 5672
5672 5673
5673 5674
5674 5675
5675 5676
5676 5677
5677 5678
5678 5679
5679 5680
5680 5681
5681 5682
5682 5683
5683 5684
5684 5685
5685 5686
5686 5687
5687 5688
5688 5689
5689 5690
5690 5691
5691 5692
5692 5693
5693 5694
5694 5695
5695 5696
5696 5697
5697 5698
5698 5699
5699 5700
5700 5701
5701 5702
5702 5703
5703 5704
5704 5705
5705 5706
5706 5707
5707 5708
5708 5709
5709 5710
5710 5711
5711 5712
5712 5713
5713 5714
5714 5715
5715 5716
5716 5717
5717 5718
5718 5719
5719 5720
5720 5721
5721 5722
5722 5723
5723 5724
5724 5725
5725 5726
5726 5727
5727 5728
5728 5729
5729 5730
5730 5731
5731 5732
5732 5733
5733 5734
5734 5735
5735 5736
5736 5737
5737 5738
5738 5739
5739 5740
5740 5741
5741 5742
5742 5743
5743 5744
5744 5745
5745 5746
5746 5747
5747 5748
5748 5749
5749 5750
5750 5751
5751 5752
5752 5753
5753 5754
5754 5755
5755 5756
5756 5757
5757 5758
5758 5759
5759 5760
5760 5761
5761 5762
5762 5763
5763 5764
5764 5765
5765 5766
5766 5767
5767 5768
5768 5769
5769 5770
5770 5771
5771 5772
5772 5773
5773 5774
5774 5775
5775 5776
5776 5777
5777 5778
5778 5779
5779 5780
5780 5781
5781 5782
5782 5783
5783 5784
5784 5785
5785 5786
5786 5787
5787 5788
5788 5789
5789 5790
5790 5791
5791 5792
5792 5793
5793 5794
5794 5795
5795 5796
5796 5797
5797 5798
5798 5799
5799 5800
5800 5801
5801 5802
5802 5803
5803 5804
5804 5805
5805 5806
5806 5807
5807 5808
5808 5809
5809 5810
5810 5811
5811 5812
5812 5813
5813 5814
5814 5815
5815 5816
5816 5817
5817 5818
5818 5819
5819 5820
5820 5821
5821 5822
5822 5823
5823 5824
5824 5825
5825 5826
5826 5827
5827 5828
5828 5829
5829 5830
5830 5831
5831 5832
5832 5833
5833 5834
5834 5835
5835 5836
5836 5837
5837 5838
5838 5839
5839 5840
5840 5841
5841 5842
5842 5843
5843 5844
5844 5845
5845 5846
5846 5847
5847 5848
5848 5849
5849 5850
5850 5851
5851 5852
5852 5853
5853 5854
5854 5855
5855 5856
5856 5857
5857 5858
5858 5859
5859 5860
5860 5861
5861 5862
5862 5863
5863 5864
5864 5865
5865 5866
5866 5867
5867 5868
5868 5869
5869 5870
5870 5871
5871 5872
5872 5873
5873 5874
5874 5875
5875 5876
5876 5877
5877 5878
5878 5879
5879 5880
5880 5881
5881 5882
5882 5883
5883 5884
5884 5885
5885 5886
5886 5887
5887 5888
5888 5889
5889 5890
5890 5891
5891 5892
5892 5893
5893 5894
5894 5895
5895 5896
5896 5897
5897 5898
5898 5899
5899 5900
5900 5901
5901 5902
5902 5903
5903 5904
5904 5905
5905 5906
5906 5907
5907 5908
5908 5909
5909 5910
5910 5911
5911 5912
5912 5913
5913 5914
5914 5915
5915 5916
5916 5917
5917 5918
5918 5919
5919 5920
5920 5921
5921 5922
5922 5923
5923 5924
5924 5925
5925 5926
5926 5927
5927 5928
5928 5929
5929 5930
5930 5931
5931 5932
5932 5933
5933 5934
5934 5935
5935 5936
5936 5937
5937 5938
5938 5939
5939 5940
5940 5941
5941 5942
5942 5943
5943 5944
5944 5945
5945 5946
5946 5947
5947 5948
5948 5949
5949 5950
5950 5951
5951 5952
5952 5953
5953 5954
5954 5955
5955 5956
5956 5957
5957 5958
5958 5959
5959 5960
5960 5961
5961 5962
5962 5963
5963 5964
5964 5965
5965 5966
5966 5967
5967 5968
5968 5969
5969 5970
5970 5971
5971 5972
5972 5973
5973 5974
5974 5975
5975 5976
5976 5977
5977 5978
5978 5979
5979 5980
5980 5981
5981 5982
5982 5983
5983 5984
5984 5985
5985 5986
5986 5987
5987 5988
5988 5989
5989 5990
5990 5991
5991 5992
5992 5993
5993 5994
5994 5995
5995 5996
5996 5997
5997 5998
5998 5999
5999 6000
6000 6001
6001 6002
6002 6003
6003 6004
6004 6005
6005 6006
6006 6007
6007 6008
6008 6009
6009 6010
6010 6011
6011 6012
6012 6013
6013 6014
6014 6015
6015 6016
6016 6017
6017 6018
6018 6019
6019 6020
6020 6021
6021 6022
6022 6023
6023 6024
6024 6025
6025 6026
6026 6027
6027 6028
6028 6029
6029 6030
6030 6031
6031 6032
6032 6033
6033 6034
6034 6035
6035 6036
6036 6037
6037 6038
6038 6039
6039 6040
6040 6041
6041 6042
6042 6043
6043 6044
6044 6045
6045 6046
6046 6047
6047 6048
6048 6049
6049 6050
6050 6051
6051 6052
6052 6053
6053 6054
6054 6055
6055 6056
6056 6057
6057 6058
6058 6059
6059 6060
6060 6061
6061 6062
6062 6063
6063 6064
6064 6065
6065 6066
6066 6067
6067 6068
6068 6069
6069 6070
6070 6071
6071 6072
6072 6073
6073 6074
6074 6075
6075 6076
6076 6077
6077 6078
6078 6079
6079 6080
6080 6081
6081 6082
6082 6083
6083 6084
6084 6085
6085 6086
6086 6087
6087 6088
6088 6089
6089 6090
6090 6091
6091 6092
6092 6093
6093 6094
6094 6095
6095 6096
6096 6097
6097 6098
6098 6099
6099 6100
6100 6101
6101 6102
6102 6103
6103 6104
6104 6105
6105 6106
6106 6107
6107 6108
6108 6109
6109 6110
6110 6111
6111 6112
6112 6113
6113 6114
6114 6115
6115 6116
6116 6117
6117 6118
6118 6119
6119 6120
6120 6121
6121 6122
6122 6123
6123 6124
6124 6125
6125 6126
6126 6127
6127 6128
6128 6129
6129 6130
6130 6131
6131 6132
6132 6133
6133 6134
6134 6135
6135 6136
6136 6137
6137 6138
6138 6139
6139 6140
6140 6141
6141 6142
6142 6143
6143 6144
6144 6145
6145 6146
6146 6147
6147 6148
6148 6149
6149 6150
6150 6151
6151 6152
6152 6153
6153 6154
6154 6155
6155 6156
6156 6157
6157 6158
6158 6159
6159 6160
6160 6161
6161 6162
6162 6163
6163 6164
6164 6165
6165 6166
6166 6167
6167 6168
6168 6169
6169 6170
6170 6171
6171 6172
6172 6173
6173 6174
6174 6175
6175 6176
6176 6177
6177 6178
6178 6179
6179 6180
6180 6181
6181 6182
6182 6183
6183 6184
6184 6185
6185 6186
6186 6187
6187 6188
6188 6189
6189 6190
6190 6191
6191 6192
6192 6193
6193 6194
6194 6195
6195 6196
6196 6197
6197 6198
6198 6199
6199 6200
6200 6201
6201 6202
6202 6203
6203 6204
6204 6205
6205 6206
6206 6207
6207 6208
6208 6209
6209 6210
6210 6211
6211 6212
6212 6213
6213 6214
6214 6215
6215 6216
6216 6217
6217 6218
6218 6219
6219 6220
6220 6221
6221 6222
6222 6223
6223 6224
6224 6225
6225 6226
6226 6227
6227 6228
6228 6229
6229 6230
6230 6231
6231 6232
6232 6233
6233 6234
6234 6235
6235 6236
6236 6237
6237 6238
6238 6239
6239 6240
6240 6241
6241 6242
6242 6243
6243 6244
6244 6245
6245 6246
6246 6247
6247 6248
6248 6249
6249 6250
6250 6251
6251 6252
6252 6253
6253 6254
6254 6255
6255 6256
6256 6257
6257 6258
6258 6259
6259 6260
6260 6261
6261 6262
6262 6263
6263 6264
6264 6265
6265 6266
6266 6267
6267 6268
6268 6269
6269 6270
6270 6271
6271 6272
6272 6273
6273 6274
6274 6275
6275 6276
6276 6277
6277 6278
6278 6279
6279 6280
6280 6281
6281 6282
6282 6283
6283 6284
6284 6285
6285 6286
6286 6287
6287 6288
6288 6289
6289 6290
6290 6291
6291 6292
6292 6293
6293 6294
6294 6295
6295 6296
6296 6297
6297 6298
6298 6299
6299 6300
6300 6301
6301 6302
6302 6303
6303 6304
6304 6305
6305 6306
6306 6307
6307 6308
6308 6309
6309 6310
6310 6311
6311 6312
6312 6313
6313 6314
6314 6315
6315 6316
6316 6317
6317 6318
6318 6319
6319 6320
6320 6321
6321 6322
6322 6323
6323 6324
6324 6325
6325 6326
6326 6327
6327 6328
6328 6329
6329 6330
6330 6331
6331 6332
6332 6333
6333 6334
6334 6335
6335 6336
6336 6337
6337 6338
6338 6339
6339 6340
6340 6341
6341 6342
6342 6343
6343 6344
6344 6345
6345 6346
6346 6347
6347 6348
6348 6349
6349 6350
6350 6351
6351 6352
6352 6353
6353 6354
6354 6355
6355 6356
6356 6357
6357 6358
6358 6359
6359 6360
6360 6361
6361 6362
6362 6363
6363 6364
6364 6365
6365 6366
6366 6367
6367 6368
6368 6369
6369 6370
6370 6371
6371 6372
6372 6373
6373 6374
6374 6375
6375 6376
6376 6377
6377 6378
6378 6379
6379 6380
6380 6381
6381 6382
6382 6383
6383 6384
6384 6385
6385 6386
6386 6387
6387 6388
6388 6389
6389 6390
6390 6391
6391 6392
6392 6393
6393 6394
6394 6395
6395 6396
6396 6397
6397 6398
6398 6399
6399 6400
6400 6401
6401 6402
6402 6403
6403 6404
6404 6405
6405 6406
6406 6407
6407 6408
6408 6409
6409 6410
6410 6411
6411 6412
6412 6413
6413 6414
6414 6415
6415 6416
6416 6417
6417 6418
6418 6419
6419 6420
6420 6421
6421 6422
6422 6423
6423 6424
6424 6425
6425 6426
6426 6427
6427 6428
6428 6429
6429 6430
6430 6431
6431 6432
6432 6433
6433 6434
6434 6435
6435 6436
6436 6437
6437 6438
6438 6439
6439 6440
6440 6441
6441 6442
6442 6443
6443 6444
6444 6445
6445 6446
6446 6447
6447 6448
6448 6449
6449 6450
6450 6451
6451 6452
6452 6453
6453 6454
6454 6455
6455 6456
6456 6457
6457 6458
6458 6459
6459 6460
6460 6461
6461 6462
6462 6463
6463 6464
6464 6465
6465 6466
6466 6467
6467 6468
6468 6469
6469 6470
6470 6471
6471 6472
6472 6473
6473 6474
6474 6475
6475 6476
6476 6477
6477 6478
6478 6479
6479 6480
6480 6481
6481 6482
6482 6483
6483 6484
6484 6485
6485 6486
6486 6487
6487 6488
6488 6489
6489 6490
6490 6491
6491 6492
6492 6493
6493 6494
6494 6495
6495 6496
6496 6497
6497 6498
6498 6499
6499 6500
6500 6501
6501 6502
6502 6503
6503 6504
6504 6505
6505 6506
6506 6507
6507 6508
6508 6509
6509 6510
6510 6511
6511 6512
6512 6513
6513 6514
6514 6515
6515 6516
6516 6517
6517 6518
6518 6519
6519 6520
6520 6521
6521 6522
6522 6523
6523 6524
6524 6525
6525 6526
6526 6527
6527 6528
6528 6529
6529 6530
6530 6531
6531 6532
6532 6533
6533 6534
6534 6535
6535 6536
6536 6537
6537 6538
6538 6539
6539 6540
6540 6541
6541 6542
6542 6543
6543 6544
6544 6545
6545 6546
6546 6547
6547 6548
6548 6549
6549 6550
6550 6551
6551 6552
6552 6553
6553 6554
6554 6555
6555 6556
6556 6557
6557 6558
6558 6559
6559 6560
6560 6561
6561 6562
6562 6563
6563 6564
6564 6565
6565 6566
6566 6567
6567 6568
6568 6569
6569 6570
6570 6571
6571 6572
6572 6573
6573 6574
6574 6575
6575 6576
6576 6577
6577 6578
6578 6579
6579 6580
6580 6581
6581 6582
6582 6583
6583 6584
6584 6585
6585 6586
6586 6587
6587 6588
6588 6589
6589 6590
6590 6591
6591 6592
6592 6593
6593 6594
6594 6595
6595 6596
6596 6597
6597 6598
6598 6599
6599 6600
6600 6601
6601 6602
6602 6603
6603 6604
6604 6605
6605 6606
6606 6607
6607 6608
6608 6609
6609 6610
6610 6611
6611 6612
6612 6613
6613 6614
6614 6615
6615 6616
6616 6617
6617 6618
6618 6619
6619 6620
6620 6621
6621 6622
6622 6623
6623 6624
6624 6625
6625 6626
6626 6627
6627 6628
6628 6629
6629 6630
6630 6631
6631 6632
6632 6633
6633 6634
6634 6635
6635 6636
6636 6637
6637 6638
6638 6639
6639 6640
6640 6641
6641 6642
6642 6643
6643 6644
6644 6645
6645 6646
6646 6647
6647 6648
6648 6649
6649 6650
6650 6651
6651 6652
6652 6653
6653 6654
6654 6655
6655 6656
6656 6657
6657 6658
6658 6659
6659 6660
6660 6661
6661 6662
6662 6663
6663 6664
6664 6665
6665 6666
6666 6667
6667 6668
6668 6669
6669 6670
6670 6671
6671 6672
6672 6673
6673 6674
6674 6675
6675 6676
6676 6677
6677 6678
6678 6679
6679 6680
6680 6681
6681 6682
6682 6683
6683 6684
6684 6685
6685 6686
6686 6687
6687 6688
6688 6689
6689 6690
6690 6691
6691 6692
6692 6693
6693 6694
6694 6695
6695 6696
6696 6697
6697 6698
6698 6699
6699 6700
6700 6701
6701 6702
6702 6703
6703 6704
6704 6705
6705 6706
6706 6707
6707 6708
6708 6709
6709 6710
6710 6711
6711 6712
6712 6713
6713 6714
6714 6715
6715 6716
6716 6717
6717 6718
6718 6719
6719 6720
6720 6721
6721 6722
6722 6723
6723 6724
6724 6725
6725 6726
6726 6727
6727 6728
6728 6729
6729 6730
6730 6731
6731 6732
6732 6733
6733 6734
6734 6735
6735 6736
6736 6737
6737 6738
6738 6739
6739 6740
6740 6741
6741 6742
6742 6743
6743 6744
6744 6745
6745 6746
6746 6747
6747 6748
6748 6749
6749 6750
6750 6751
6751 6752
6752 6753
6753 6754
6754 6755
6755 6756
6756 6757
6757 6758
6758 6759
6759 6760
6760 6761
6761 6762
6762 6763
6763 6764
6764 6765
6765 6766
6766 6767
6767 6768
6768 6769
6769 6770
6770 6771
6771 6772
6772 6773
6773 6774
6774 6775
6775 6776
6776 6777
6777 6778
6778 6779
6779 6780
6780 6781
6781 6782
6782 6783
6783 6784
6784 6785
6785 6786
6786 6787
6787 6788
6788 6789
6789 6790
6790 6791
6791 6792
6792 6793
6793 6794
6794 6795
6795 6796
6796 6797
6797 6798
6798 6799
6799 6800
6800 6801
6801 6802
6802 6803
6803 6804
6804 6805
6805 6806
6806 6807
6807 6808
6808 6809
6809 6810
6810 6811
6811 6812
6812 6813
6813 6814
6814 6815
6815 6816
6816 6817
6817 6818
6818 6819
6819 6820
6820 6821
6821 6822
6822 6823
6823 6824
6824 6825
6825 6826
6826 6827
6827 6828
6828 6829
6829 6830
6830 6831
6831 6832
6832 6833
6833 6834
6834 6835
6835 6836
6836 6837
6837 6838
6838 6839
6839 6840
6840 6841
6841 6842
6842 6843
6843 6844
6844 6845
6845 6846
6846 6847
6847 6848
6848 6849
6849 6850
6850 6851
6851 6852
6852 6853
6853 6854
6854 6855
6855 6856
6856 6857
6857 6858
6858 6859
6859 6860
6860 6861
6861 6862
6862 6863
6863 6864
6864 6865
6865 6866
6866 6867
6867 6868
6868 6869
6869 6870
6870 6871
6871 6872
6872 6873
6873 6874
6874 6875
6875 6876
6876 6877
6877 6878
6878 6879
6879 6880
6880 6881
6881 6882
6882 6883
6883 6884
6884 6885
6885 6886
6886 6887
6887 6888
6888 6889
6889 6890
6890 6891
6891 6892
6892 6893
6893 6894
6894 6895
6895 6896
6896 6897
6897 6898
6898 6899
6899 6900
6900 6901
6901 6902
6902 6903
6903 6904
6904 6905
6905 6906
6906 6907
6907 6908
6908 6909
6909 6910
6910 6911
6911 6912
6912 6913
6913 6914
6914 6915
6915 6916
6916 6917
6917 6918
6918 6919
6919 6920
6920 6921
6921 6922
6922 6923
6923 6924
6924 6925
6925 6926
6926 6927
6927 6928
6928 6929
6929 6930
6930 6931
6931 6932
6932 6933
6933 6934
6934 6935
6935 6936
6936 6937
6937 6938
6938 6939
6939 6940
6940 6941
6941 6942
6942 6943
6943 6944
6944 6945
6945 6946
6946 6947
6947 6948
6948 6949
6949 6950
6950 6951
6951 6952
6952 6953
6953 6954
6954 6955
6955 6956
6956 6957
6957 6958
6958 6959
6959 6960
6960 6961
6961 6962
6962 6963
6963 6964
6964 6965
6965 6966
6966 6967
6967 6968
6968 6969
6969 6970
6970 6971
6971 6972
6972 6973
6973 6974
6974 6975
6975 6976
6976 6977
6977 6978
6978 6979
6979 6980
6980 6981
6981 6982
6982 6983
6983 6984
6984 6985
6985 6986
6986 6987
6987 6988
6988 6989
6989 6990
6990 6991
6991 6992
6992 6993
6993 6994
6994 6995
6995 6996
6996 6997
6997 6998
6998 6999
6999 7000
7000 7001
7001 7002
7002 7003
7003 7004
7004 7005
7005 7006
7006 7007
7007 7008
7008 7009
7009 7010
7010 7011
7011 7012
7012 7013
7013 7014
7014 7015
7015 7016
7016 7017
7017 7018
7018 7019
7019 7020
7020 7021
7021 7022
7022 7023
7023 7024
7024 7025
7025 7026
7026 7027
7027 7028
7028 7029
7029 7030
7030 7031
7031 7032
7032 7033
7033 7034
7034 7035
7035 7036
7036 7037
7037 7038
7038 7039
7039 7040
7040 7041
7041 7042
7042 7043
7043 7044
7044 7045
7045 7046
7046 7047
7047 7048
7048 7049
7049 7050
7050 7051
7051 7052
7052 7053
7053 7054
7054 7055
7055 7056
7056 7057
7057 7058
7058 7059
7059 7060
7060 7061
7061 7062
7062 7063
7063 7064
7064 7065
7065 7066
7066 7067
7067 7068
7068 7069
7069 7070
7070 7071
7071 7072
7072 7073
7073 7074
7074 7075
7075 7076
7076 7077
7077 7078
7078 7079
7079 7080
7080 7081
7081 7082
7082 7083
7083 7084
7084 7085
7085 7086
7086 7087
7087 7088
7088 7089
7089 7090
7090 7091
7091 7092
7092 7093
7093 7094
7094 7095
7095 7096
7096 7097
7097 7098
7098 7099
7099 7100
7100 7101
7101 7102
7102 7103
7103 7104
7104 7105
7105 7106
7106 7107
7107 7108
7108 7109
7109 7110
7110 7111
7111 7112
7112 7113
7113 7114
7114 7115
7115 7116
7116 7117
7117 7118
7118 7119
7119 7120
7120 7121
7121 7122
7122 7123
7123 7124
7124 7125
7125 7126
7126 7127
7127 7128
7128 7129
7129 7130
7130 7131
7131 7132
7132 7133
7133 7134
7134 7135
7135 7136
7136 7137
7137 7138
7138 7139
7139 7140
7140 7141
7141 7142
7142 7143
7143 7144
7144 7145
7145 7146
7146 7147
7147 7148
7148 7149
7149 7150
7150 7151
7151 7152
7152 7153
7153 7154
7154 7155
7155 7156
7156 7157
7157 7158
7158 7159
7159 7160
7160 7161
7161 7162
7162 7163
7163 7164
7164 7165
7165 7166
7166 7167
7167 7168
7168 7169
7169 7170
7170 7171
7171 7172
7172 7173
7173 7174
7174 7175
7175 7176
7176 7177
7177 7178
7178 7179
7179 7180
7180 7181
7181 7182
7182 7183
7183 7184
7184 7185
7185 7186
7186 7187
7187 7188
7188 7189
7189 7190
7190 7191
7191 7192
7192 7193
7193 7194
7194 7195
7195 7196
7196 7197
7197 7198
7198 7199
7199 7200
7200 7201
7201 7202
</DataArray>
<DataArray type="Int32" Name="offsets" Format="ascii">
2 4 6 8
10 12 14 16
18 20 22 24
26 28 30 32
34 36 38 40
42 44 46 48
50 52 54 56
58 60 62 64
66 68 70 72
74 76 78 80
82 84 86 88
90 92 94 96
98 100 102 104
106 108 110 112
114 116 118 120
122 124 126 128
130 132 134 136
138 140 142 144
146 148 150 152
154 156 158 160
162 164 166 168
170 172 174 176
178 180 182 184
186 188 190 192
194 196 198 200
202 204 206 208
210 212 214 216
218 220 222 224
226 228 230 232
234 236 238 240
242 244 246 248
250 252 254 256
258 260 262 264
266 268 270 272
274 276 278 280
282 284 286 288
290 292 294 296
298 300 302 304
306 308 310 312
314 316 318 320
322 324 326 328
330 332 334 336
338 340 342 344
346 348 350 352
354 356 358 360
362 364 366 368
370 372 374 376
378 380 382 384
386 388 390 392
394 396 398 400
402 404 406 408
410 412 414 416
418 420 422 424
426 428 430 432
434 436 438 440
442 444 446 448
450 452 454 456
458 460 462 464
466 468 470 472
474 476 478 480
482 484 486 488
490 492 494 496
498 500 502 504
506 508 510 512
514 516 518 520
522 524 526 528
530 532 534 536
538 540 542 544
546 548 550 552
554 556 558 560
562 564 566 568
570 572 574 576
578 580 582 584
586 588 590 592
594 596 598 600
602 604 606 608
610 612 614 616
618 620 622 624
626 628 630 632
634 636 638 640
642 644 646 648
650 652 654 656
658 660 662 664
666 668 670 672
674 676 678 680
682 684 686 688
690 692 694 696
698 700 702 704
706 708 710 712
714 716 718 720
722 724 726 728
730 732 734 736
738 740 742 744
746 748 750 752
754 756 758 760
762 764 766 768
770 772 774 776
778 780 782 784
786 788 790 792
794 796 798 800
802 804 806 808
810 812 814 816
818 820 822 824
826 828 830 832
834 836 838 840
842 844 846 848
850 852 854 856
858 860 862 864
866 868 870 872
874 876 878 880
882 884 886 888
890 892 894 896
898 900 902 904
906 908 910 912
914 916 918 920
922 924 926 928
930 932 934 936
938 940 942 944
946 948 950 952
954 956 958 960
962 964 966 968
970 972 974 976
978 980 982 984
986 988 990 992
994 996 998 1000
1002 1004 1006 1008
1010 1012 1014 1016
1018 1020 1022 1024
1026 1028 1030 1032
1034 1036 1038 1040
1042 1044 1046 1048
1050 1052 1054 1056
1058 1060 1062 1064
1066 1068 1070 1072
1074 1076 1078 1080
1082 1084 1086 1088
1090 1092 1094 1096
1098 1100 1102 1104
1106 1108 1110 1112
1114 1116 1118 1120
1122 1124 1126 1128
1130 1132 1134 1136
1138 1140 1142 1144
1146 1148 1150 1152
1154 1156 1158 1160
1162 1164 1166 1168
1170 1172 1174 1176
1178 1180 1182 1184
1186 1188 1190 1192
1194 1196 1198 1200
1202 1204 1206 1208
1210 1212 1214 1216
1218 1220 1222 1224
1226 1228 1230 1232
1234 1236 1238 1240
1242 1244 1246 1248
1250 1252 1254 1256
1258 1260 1262 1264
1266 1268 1270 1272
1274 1276 1278 1280
1282 1284 1286 1288
1290 1292 1294 1296
1298 1300 1302 1304
1306 1308 1310 1312
1314 1316 1318 1320
1322 1324 1326 1328
1330 1332 1334 1336
1338 1340 1342 1344
1346 1348 1350 1352
1354 1356 1358 1360
1362 1364 1366 1368
1370 1372 1374 1376
1378 1380 1382 1384
1386 1388 1390 1392
1394 1396 1398 1400
1402 1404 1406 1408
1410 1412 1414 1416
1418 1420 1422 1424
1426 1428 1430 1432
1434 1436 1438 1440
1442 1444 1446 1448
1450 1452 1454 1456
1458 1460 1462 1464
1466 1468 1470 1472
1474 1476 1478 1480
1482 1484 1486 1488
1490 1492 1494 1496
1498 1500 1502 1504
1506 1508 1510 1512
1514 1516 1518 1520
1522 1524 1526 1528
1530 1532 1534 1536
1538 1540 1542 1544
1546 1548 1550 1552
1554 1556 1558 1560
1562 1564 1566 1568
1570 1572 1574 1576
1578 1580 1582 1584
1586 1588 1590 1592
1594 1596 1598 1600
1602 1604 1606 1608
1610 1612 1614 1616
1618 1620 1622 1624
1626 1628 1630 1632
1634 1636 1638 1640
1642 1644 1646 1648
1650 1652 1654 1656
1658 1660 1662 1664
1666 1668 1670 1672
1674 1676 1678 1680
1682 1684 1686 1688
1690 1692 1694 1696
1698 1700 1702 1704
1706 1708 1710 1712
1714 1716 1718 1720
1722 1724 1726 1728
1730 1732 1734 1736
1738 1740 1742 1744
1746 1748 1750 1752
1754 1756 1758 1760
1762 1764 1766 1768
1770 1772 1774 1776
1778 1780 1782 1784
1786 1788 1790 1792
1794 1796 1798 1800
1802 1804 1806 1808
1810 1812 1814 1816
1818 1820 1822 1824
1826 1828 1830 1832
1834 1836 1838 1840
1842 1844 1846 1848
1850 1852 1854 1856
1858 1860 1862 1864
1866 1868 1870 1872
1874 1876 1878 1880
1882 1884 1886 1888
1890 1892 1894 1896
1898 1900 1902 1904
1906 1908 1910 1912
1914 1916 1918 1920
1922 1924 1926 1928
1930 1932 1934 1936
1938 1940 1942 1944
1946 1948 1950 1952
1954 1956 1958 1960
1962 1964 1966 1968
1970 1972 1974 1976
1978 1980 1982 1984
1986 1988 1990 1992
1994 1996 1998 2000
2002 2004 2006 2008
2010 2012 2014 2016
2018 2020 2022 2024
2026 2028 2030 2032
2034 2036 2038 2040
2042 2044 2046 2048
2050 2052 2054 2056
2058 2060 2062 2064
2066 2068 2070 2072
2074 2076 2078 2080
2082 2084 2086 2088
2090 2092 2094 2096
2098 2100 2102 2104
2106 2108 2110 2112
2114 2116 2118 2120
2122 2124 2126 2128
2130 2132 2134 2136
2138 2140 2142 2144
2146 2148 2150 2152
2154 2156 2158 2160
2162 2164 2166 2168
2170 2172 2174 2176
2178 2180 2182 2184
2186 2188 2190 2192
2194 2196 2198 2200
2202 2204 2206 2208
2210 2212 2214 2216
2218 2220 2222 2224
2226 2228 2230 2232
2234 2236 2238 2240
2242 2244 2246 2248
2250 2252 2254 2256
2258 2260 2262 2264
2266 2268 2270 2272
2274 2276 2278 2280
2282 2284 2286 2288
2290 2292 2294 2296
2298 2300 2302 2304
2306 2308 2310 2312
2314 2316 2318 2320
2322 2324 2326 2328
2330 2332 2334 2336
2338 2340 2342 2344
2346 2348 2350 2352
2354 2356 2358 2360
2362 2364 2366 2368
2370 2372 2374 2376
2378 2380 2382 2384
2386 2388 2390 2392
2394 2396 2398 2400
2402 2404 2406 2408
2410 2412 2414 2416
2418 2420 2422 2424
2426 2428 2430 2432
2434 2436 2438 2440
2442 2444 2446 2448
2450 2452 2454 2456
2458 2460 2462 2464
2466 2468 2470 2472
2474 2476 2478 2480
2482 2484 2486 2488
2490 2492 2494 2496
2498 2500 2502 2504
2506 2508 2510 2512
2514 2516 2518 2520
2522 2524 2526 2528
2530 2532 2534 2536
2538 2540 2542 2544
2546 2548 2550 2552
2554 2556 2558 2560
2562 2564 2566 2568
2570 2572 2574 2576
2578 2580 2582 2584
2586 2588 2590 2592
2594 2596 2598 2600
2602 2604 2606 2608
2610 2612 2614 2616
2618 2620 2622 2624
2626 2628 2630 2632
2634 2636 2638 2640
2642 2644 2646 2648
2650 2652 2654 2656
2658 2660 2662 2664
2666 2668 2670 2672
2674 2676 2678 2680
2682 2684 2686 2688
2690 2692 2694 2696
2698 2700 2702 2704
2706 2708 2710 2712
2714 2716 2718 2720
2722 2724 2726 2728
2730 2732 2734 2736
2738 2740 2742 2744
2746 2748 2750 2752
2754 2756 2758 2760
2762 2764 2766 2768
2770 2772 2774 2776
2778 2780 2782 2784
2786 2788 2790 2792
2794 2796 2798 2800
2802 2804 2806 2808
2810 2812 2814 2816
2818 2820 2822 2824
2826 2828 2830 2832
2834 2836 2838 2840
2842 2844 2846 2848
2850 2852 2854 2856
2858 2860 2862 2864
2866 2868 2870 2872
2874 2876 2878 2880
2882 2884 2886 2888
2890 2892 2894 2896
2898 2900 2902 2904
2906 2908 2910 2912
2914 2916 2918 2920
2922 2924 2926 2928
2930 2932 2934 2936
2938 2940 2942 2944
2946 2948 2950 2952
2954 2956 2958 2960
2962 2964 2966 2968
2970 2972 2974 2976
2978 2980 2982 2984
2986 2988 2990 2992
2994 2996 2998 3000
3002 3004 3006 3008
3010 3012 3014 3016
3018 3020 3022 3024
3026 3028 3030 3032
3034 3036 3038 3040
3042 3044 3046 3048
3050 3052 3054 3056
3058 3060 3062 3064
3066 3068 3070 3072
3074 3076 3078 3080
3082 3084 3086 3088
3090 3092 3094 3096
3098 3100 3102 3104
3106 3108 3110 3112
3114 3116 3118 3120
3122 3124 3126 3128
3130 3132 3134 3136
3138 3140 3142 3144
3146 3148 3150 3152
3154 3156 3158 3160
3162 3164 3166 3168
3170 3172 3174 3176
3178 3180 3182 3184
3186 3188 3190 3192
3194 3196 3198 3200
3202 3204 3206 3208
3210 3212 3214 3216
3218 3220 3222 3224
3226 3228 3230 3232
3234 3236 3238 3240
3242 3244 3246 3248
3250 3252 3254 3256
3258 3260 3262 3264
3266 3268 3270 3272
3274 3276 3278 3280
3282 3284 3286 3288
3290 3292 3294 3296
3298 3300 3302 3304
3306 3308 3310 3312
3314 3316 3318 3320
3322 3324 3326 3328
3330 3332 3334 3336
3338 3340 3342 3344
3346 3348 3350 3352
3354 3356 3358 3360
3362 3364 3366 3368
3370 3372 3374 3376
3378 3380 3382 3384
3386 3388 3390 3392
3394 3396 3398 3400
3402 3404 3406 3408
3410 3412 3414 3416
3418 3420 3422 3424
3426 3428 3430 3432
3434 3436 3438 3440
3442 3444 3446 3448
3450 3452 3454 3456
3458 3460 3462 3464
3466 3468 3470 3472
3474 3476 3478 3480
3482 3484 3486 3488
3490 3492 3494 3496
3498 3500 3502 3504
3506 3508 3510 3512
3514 3516 3518 3520
3522 3524 3526 3528
3530 3532 3534 3536
3538 3540 3542 3544
3546 3548 3550 3552
3554 3556 3558 3560
3562 3564 3566 3568
3570 3572 3574 3576
3578 3580 3582 3584
3586 3588 3590 3592
3594 3596 3598 3600
3602 3604 3606 3608
3610 3612 3614 3616
3618 3620 3622 3624
3626 3628 3630 3632
3634 3636 3638 3640
3642 3644 3646 3648
3650 3652 3654 3656
3658 3660 3662 3664
3666 3668 3670 3672
3674 3676 3678 3680
3682 3684 3686 3688
3690 3692 3694 3696
3698 3700 3702 3704
3706 3708 3710 3712
3714 3716 3718 3720
3722 3724 3726 3728
3730 3732 3734 3736
3738 3740 3742 3744
3746 3748 3750 3752
3754 3756 3758 3760
3762 3764 3766 3768
3770 3772 3774 3776
3778 3780 3782 3784
3786 3788 3790 3792
3794 3796 3798 3800
3802 3804 3806 3808
3810 3812 3814 3816
3818 3820 3822 3824
3826 3828 3830 3832
3834 3836 3838 3840
3842 3844 3846 3848
3850 3852 3854 3856
3858 3860 3862 3864
3866 3868 3870 3872
3874 3876 3878 3880
3882 3884 3886 3888
3890 3892 3894 3896
3898 3900 3902 3904
3906 3908 3910 3912
3914 3916 3918 3920
3922 3924 3926 3928
3930 3932 3934 3936
3938 3940 3942 3944
3946 3948 3950 3952
3954 3956 3958 3960
3962 3964 3966 3968
3970 3972 3974 3976
3978 3980 3982 3984
3986 3988 3990 3992
3994 3996 3998 4000
4002 4004 4006 4008
4010 4012 4014 4016
4018 4020 4022 4024
4026 4028 4030 4032
4034 4036 4038 4040
4042 4044 4046 4048
4050 4052 4054 4056
4058 4060 4062 4064
4066 4068 4070 4072
4074 4076 4078 4080
4082 4084 4086 4088
4090 4092 4094 4096
4098 4100 4102 4104
4106 4108 4110 4112
4114 4116 4118 4120
4122 4124 4126 4128
4130 4132 4134 4136
4138 4140 4142 4144
4146 4148 4150 4152
4154 4156 4158 4160
4162 4164 4166 4168
4170 4172 4174 4176
4178 4180 4182 4184
4186 4188 4190 4192
4194 4196 4198 4200
4202 4204 4206 4208
4210 4212 4214 4216
4218 4220 4222 4224
4226 4228 4230 4232
4234 4236 4238 4240
4242 4244 4246 4248
4250 4252 4254 4256
4258 4260 4262 4264
4266 4268 4270 4272
4274 4276 4278 4280
4282 4284 4286 4288
4290 4292 4294 4296
4298 4300 4302 4304
4306 4308 4310 4312
4314 4316 4318 4320
4322 4324 4326 4328
4330 4332 4334 4336
4338 4340 4342 4344
4346 4348 4350 4352
4354 4356 4358 4360
4362 4364 4366 4368
4370 4372 4374 4376
4378 4380 4382 4384
4386 4388 4390 4392
4394 4396 4398 4400
4402 4404 4406 4408
4410 4412 4414 4416
4418 4420 4422 4424
4426 4428 4430 4432
4434 4436 4438 4440
4442 4444 4446 4448
4450 4452 4454 4456
4458 4460 4462 4464
4466 4468 4470 4472
4474 4476 4478 4480
4482 4484 4486 4488
4490 4492 4494 4496
4498 4500 4502 4504
4506 4508 4510 4512
4514 4516 4518 4520
4522 4524 4526 4528
4530 4532 4534 4536
4538 4540 4542 4544
4546 4548 4550 4552
4554 4556 4558 4560
4562 4564 4566 4568
4570 4572 4574 4576
4578 4580 4582 4584
4586 4588 4590 4592
4594 4596 4598 4600
4602 4604 4606 4608
4610 4612 4614 4616
4618 4620 4622 4624
4626 4628 4630 4632
4634 4636 4638 4640
4642 4644 4646 4648
4650 4652 4654 4656
4658 4660 4662 4664
4666 4668 4670 4672
4674 4676 4678 4680
4682 4684 4686 4688
4690 4692 4694 4696
4698 4700 4702 4704
4706 4708 4710 4712
4714 4716 4718 4720
4722 4724 4726 4728
4730 4732 4734 4736
4738 4740 4742 4744
4746 4748 4750 4752
4754 4756 4758 4760
4762 4764 4766 4768
4770 4772 4774 4776
4778 4780 4782 4784
4786 4788 4790 4792
4794 4796 4798 4800
4802 4804 4806 4808
4810 4812 4814 4816
4818 4820 4822 4824
4826 4828 4830 4832
4834 4836 4838 4840
4842 4844 4846 4848
4850 4852 4854 4856
4858 4860 4862 4864
4866 4868 4870 4872
4874 4876 4878 4880
4882 4884 4886 4888
4890 4892 4894 4896
4898 4900 4902 4904
4906 4908 4910 4912
4914 4916 4918 4920
4922 4924 4926 4928
4930 4932 4934 4936
4938 4940 4942 4944
4946 4948 4950 4952
4954 4956 4958 4960
4962 4964 4966 4968
4970 4972 4974 4976
4978 4980 4982 4984
4986 4988 4990 4992
4994 4996 4998 5000
5002 5004 5006 5008
5010 5012 5014 5016
5018 5020 5022 5024
5026 5028 5030 5032
5034 5036 5038 5040
5042 5044 5046 5048
5050 5052 5054 5056
5058 5060 5062 5064
5066 5068 5070 5072
5074 5076 5078 5080
5082 5084 5086 5088
5090 5092 5094 5096
5098 5100 5102 5104
5106 5108 5110 5112
5114 5116 5118 5120
5122 5124 5126 5128
5130 5132 5134 5136
5138 5140 5142 5144
5146 5148 5150 5152
5154 5156 5158 5160
5162 5164 5166 5168
5170 5172 5174 5176
5178 5180 5182 5184
5186 5188 5190 5192
5194 5196 5198 5200
5202 5204 5206 5208
5210 5212 5214 5216
5218 5220 5222 5224
5226 5228 5230 5232
5234 5236 5238 5240
5242 5244 5246 5248
5250 5252 5254 5256
5258 5260 5262 5264
5266 5268 5270 5272
5274 5276 5278 5280
5282 5284 5286 5288
5290 5292 5294 5296
5298 5300 5302 5304
5306 5308 5310 5312
5314 5316 5318 5320
5322 5324 5326 5328
5330 5332 5334 5336
5338 5340 5342 5344
5346 5348 5350 5352
5354 5356 5358 5360
5362 5364 5366 5368
5370 5372 5374 5376
5378 5380 5382 5384
5386 5388 5390 5392
5394 5396 5398 5400
5402 5404 5406 5408
5410 5412 5414 5416
5418 5420 5422 5424
5426 5428 5430 5432
5434 5436 5438 5440
5442 5444 5446 5448
5450 5452 5454 5456
5458 5460 5462 5464
5466 5468 5470 5472
5474 5476 5478 5480
5482 5484 5486 5488
5490 5492 5494 5496
5498 5500 5502 5504
5506 5508 5510 5512
5514 5516 5518 5520
5522 5524 5526 5528
5530 5532 5534 5536
5538 5540 5542 5544
5546 5548 5550 5552
5554 5556 5558 5560
5562 5564 5566 5568
5570 5572 5574 5576
5578 5580 5582 5584
5586 5588 5590 5592
5594 5596 5598 5600
5602 5604 5606 5608
5610 5612 5614 5616
5618 5620 5622 5624
5626 5628 5630 5632
5634 5636 5638 5640
5642 5644 5646 5648
5650 5652 5654 5656
5658 5660 5662 5664
5666 5668 5670 5672
5674 5676 5678 5680
5682 5684 5686 5688
5690 5692 5694 5696
5698 5700 5702 5704
5706 5708 5710 5712
5714 5716 5718 5720
5722 5724 5726 5728
5730 5732 5734 5736
5738 5740 5742 5744
5746 5748 5750 5752
5754 5756 5758 5760
5762 5764 5766 5768
5770 5772 5774 5776
5778 5780 5782 5784
5786 5788 5790 5792
5794 5796 5798 5800
5802 5804 5806 5808
5810 5812 5814 5816
5818 5820 5822 5824
5826 5828 5830 5832
5834 5836 5838 5840
5842 5844 5846 5848
5850 5852 5854 5856
5858 5860 5862 5864
5866 5868 5870 5872
5874 5876 5878 5880
5882 5884 5886 5888
5890 5892 5894 5896
5898 5900 5902 5904
5906 5908 5910 5912
5914 5916 5918 5920
5922 5924 5926 5928
5930 5932 5934 5936
5938 5940 5942 5944
5946 5948 5950 5952
5954 5956 5958 5960
5962 5964 5966 5968
5970 5972 5974 5976
5978 5980 5982 5984
5986 5988 5990 5992
5994 5996 5998 6000
6002 6004 6006 6008
6010 6012 6014 6016
6018 6020 6022 6024
6026 6028 6030 6032
6034 6036 6038 6040
6042 6044 6046 6048
6050 6052 6054 6056
6058 6060 6062 6064
6066 6068 6070 6072
6074 6076 6078 6080
6082 6084 6086 6088
6090 6092 6094 6096
6098 6100 6102 6104
6106 6108 6110 6112
6114 6116 6118 6120
6122 6124 6126 6128
6130 6132 6134 6136
6138 6140 6142 6144
6146 6148 6150 6152
6154 6156 6158 6160
6162 6164 6166 6168
6170 6172 6174 6176
6178 6180 6182 6184
6186 6188 6190 6192
6194 6196 6198 6200
6202 6204 6206 6208
6210 6212 6214 6216
6218 6220 6222 6224
6226 6228 6230 6232
6234 6236 6238 6240
6242 6244 6246 6248
6250 6252 6254 6256
6258 6260 6262 6264
6266 6268 6270 6272
6274 6276 6278 6280
6282 6284 6286 6288
6290 6292 6294 6296
6298 6300 6302 6304
6306 6308 6310 6312
6314 6316 6318 6320
6322 6324 6326 6328
6330 6332 6334 6336
6338 6340 6342 6344
6346 6348 6350 6352
6354 6356 6358 6360
6362 6364 6366 6368
6370 6372 6374 6376
6378 6380 6382 6384
6386 6388 6390 6392
6394 6396 6398 6400
6402 6404 6406 6408
6410 6412 6414 6416
6418 6420 6422 6424
6426 6428 6430 6432
6434 6436 6438 6440
6442 6444 6446 6448
6450 6452 6454 6456
6458 6460 6462 6464
6466 6468 6470 6472
6474 6476 6478 6480
6482 6484 6486 6488
6490 6492 6494 6496
6498 6500 6502 6504
6506 6508 6510 6512
6514 6516 6518 6520
6522 6524 6526 6528
6530 6532 6534 6536
6538 6540 6542 6544
6546 6548 6550 6552
6554 6556 6558 6560
6562 6564 6566 6568
6570 6572 6574 6576
6578 6580 6582 6584
6586 6588 6590 6592
6594 6596 6598 6600
6602 6604 6606 6608
6610 6612 6614 6616
6618 6620 6622 6624
6626 6628 6630 6632
6634 6636 6638 6640
6642 6644 6646 6648
6650 6652 6654 6656
6658 6660 6662 6664
6666 6668 6670 6672
6674 6676 6678 6680
6682 6684 6686 6688
6690 6692 6694 6696
6698 6700 6702 6704
6706 6708 6710 6712
6714 6716 6718 6720
6722 6724 6726 6728
6730 6732 6734 6736
6738 6740 6742 6744
6746 6748 6750 6752
6754 6756 6758 6760
6762 6764 6766 6768
6770 6772 6774 6776
6778 6780 6782 6784
6786 6788 6790 6792
6794 6796 6798 6800
6802 6804 6806 6808
6810 6812 6814 6816
6818 6820 6822 6824
6826 6828 6830 6832
6834 6836 6838 6840
6842 6844 6846 6848
6850 6852 6854 6856
6858 6860 6862 6864
6866 6868 6870 6872
6874 6876 6878 6880
6882 6884 6886 6888
6890 6892 6894 6896
6898 6900 6902 6904
6906 6908 6910 6912
6914 6916 6918 6920
6922 6924 6926 6928
6930 6932 6934 6936
6938 6940 6942 6944
6946 6948 6950 6952
6954 6956 6958 6960
6962 6964 6966 6968
6970 6972 6974 6976
6978 6980 6982 6984
6986 6988 6990 6992
6994 6996 6998 7000
7002 7004 7006 7008
7010 7012 7014 7016
7018 7020 7022 7024
7026 7028 7030 7032
7034 7036 7038 7040
7042 7044 7046 7048
7050 7052 7054 7056
7058 7060 7062 7064
7066 7068 7070 7072
7074 7076 7078 7080
7082 7084 7086 7088
7090 7092 7094 7096
7098 7100 7102 7104
7106 7108 7110 7112
7114 7116 7118 7120
7122 7124 7126 7128
7130 7132 7134 7136
7138 7140 7142 7144
7146 7148 7150 7152
7154 7156 7158 7160
7162 7164 7166 7168
7170 7172 7174 7176
7178 7180 7182 7184
7186 7188 7190 7192
7194 7196 7198 7200
7202 7204 7206 7208
7210 7212 7214 7216
7218 7220 7222 7224
7226 7228 7230 7232
7234 7236 7238 7240
7242 7244 7246 7248
7250 7252 7254 7256
7258 7260 7262 7264
7266 7268 7270 7272
7274 7276 7278 7280
7282 7284 7286 7288
7290 7292 7294 7296
7298 7300 7302 7304
7306 7308 7310 7312
7314 7316 7318 7320
7322 7324 7326 7328
7330 7332 7334 7336
7338 7340 7342 7344
7346 7348 7350 7352
7354 7356 7358 7360
7362 7364 7366 7368
7370 7372 7374 7376
7378 7380 7382 7384
7386 7388 7390 7392
7394 7396 7398 7400
7402 7404 7406 7408
7410 7412 7414 7416
7418 7420 7422 7424
7426 7428 7430 7432
7434 7436 7438 7440
7442 7444 7446 7448
7450 7452 7454 7456
7458 7460 7462 7464
7466 7468 7470 7472
7474 7476 7478 7480
7482 7484 7486 7488
7490 7492 7494 7496
7498 7500 7502 7504
7506 7508 7510 7512
7514 7516 7518 7520
7522 7524 7526 7528
7530 7532 7534 7536
7538 7540 7542 7544
7546 7548 7550 7552
7554 7556 7558 7560
7562 7564 7566 7568
7570 7572 7574 7576
7578 7580 7582 7584
7586 7588 7590 7592
7594 7596 7598 7600
7602 7604 7606 7608
7610 7612 7614 7616
7618 7620 7622 7624
7626 7628 7630 7632
7634 7636 7638 7640
7642 7644 7646 7648
7650 7652 7654 7656
7658 7660 7662 7664
7666 7668 7670 7672
7674 7676 7678 7680
7682 7684 7686 7688
7690 7692 7694 7696
7698 7700 7702 7704
7706 7708 7710 7712
7714 7716 7718 7720
7722 7724 7726 7728
7730 7732 7734 7736
7738 7740 7742 7744
7746 7748 7750 7752
7754 7756 7758 7760
7762 7764 7766 7768
7770 7772 7774 7776
7778 7780 7782 7784
7786 7788 7790 7792
7794 7796 7798 7800
7802 7804 7806 7808
7810 7812 7814 7816
7818 7820 7822 7824
7826 7828 7830 7832
7834 7836 7838 7840
7842 7844 7846 7848
7850 7852 7854 7856
7858 7860 7862 7864
7866 7868 7870 7872
7874 7876 7878 7880
7882 7884 7886 7888
7890 7892 7894 7896
7898 7900 7902 7904
7906 7908 7910 7912
7914 7916 7918 7920
7922 7924 7926 7928
7930 7932 7934 7936
7938 7940 7942 7944
7946 7948 7950 7952
7954 7956 7958 7960
7962 7964 7966 7968
7970 7972 7974 7976
7978 7980 7982 7984
7986 7988 7990 7992
7994 7996 7998 8000
8002 8004 8006 8008
8010 8012 8014 8016
8018 8020 8022 8024
8026 8028 8030 8032
8034 8036 8038 8040
8042 8044 8046 8048
8050 8052 8054 8056
8058 8060 8062 8064
8066 8068 8070 8072
8074 8076 8078 8080
8082 8084 8086 8088
8090 8092 8094 8096
8098 8100 8102 8104
8106 8108 8110 8112
8114 8116 8118 8120
8122 8124 8126 8128
8130 8132 8134 8136
8138 8140 8142 8144
8146 8148 8150 8152
8154 8156 8158 8160
8162 8164 8166 8168
8170 8172 8174 8176
8178 8180 8182 8184
8186 8188 8190 8192
8194 8196 8198 8200
8202 8204 8206 8208
8210 8212 8214 8216
8218 8220 8222 8224
8226 8228 8230 8232
8234 8236 8238 8240
8242 8244 8246 8248
8250 8252 8254 8256
8258 8260 8262 8264
8266 8268 8270 8272
8274 8276 8278 8280
8282 8284 8286 8288
8290 8292 8294 8296
8298 8300 8302 8304
8306 8308 8310 8312
8314 8316 8318 8320
8322 8324 8326 8328
8330 8332 8334 8336
8338 8340 8342 8344
8346 8348 8350 8352
8354 8356 8358 8360
8362 8364 8366 8368
8370 8372 8374 8376
8378 8380 8382 8384
8386 8388 8390 8392
8394 8396 8398 8400
8402 8404 8406 8408
8410 8412 8414 8416
8418 8420 8422 8424
8426 8428 8430 8432
8434 8436 8438 8440
8442 8444 8446 8448
8450 8452 8454 8456
8458 8460 8462 8464
8466 8468 8470 8472
8474 8476 8478 8480
8482 8484 8486 8488
8490 8492 8494 8496
8498 8500 8502 8504
8506 8508 8510 8512
8514 8516 8518 8520
8522 8524 8526 8528
8530 8532 8534 8536
8538 8540 8542 8544
8546 8548 8550 8552
8554 8556 8558 8560
8562 8564 8566 8568
8570 8572 8574 8576
8578 8580 8582 8584
8586 8588 8590 8592
8594 8596 8598 8600
8602 8604 8606 8608
8610 8612 8614 8616
8618 8620 8622 8624
8626 8628 8630 8632
8634 8636 8638 8640
8642 8644 8646 8648
8650 8652 8654 8656
8658 8660 8662 8664
8666 8668 8670 8672
8674 8676 8678 8680
8682 8684 8686 8688
8690 8692 8694 8696
8698 8700 8702 8704
8706 8708 8710 8712
8714 8716 8718 8720
8722 8724 8726 8728
8730 8732 8734 8736
8738 8740 8742 8744
8746 8748 8750 8752
8754 8756 8758 8760
8762 8764 8766 8768
8770 8772 8774 8776
8778 8780 8782 8784
8786 8788 8790 8792
8794 8796 8798 8800
8802 8804 8806 8808
8810 8812 8814 8816
8818 8820 8822 8824
8826 8828 8830 8832
8834 8836 8838 8840
8842 8844 8846 8848
8850 8852 8854 8856
8858 8860 8862 8864
8866 8868 8870 8872
8874 8876 8878 8880
8882 8884 8886 8888
8890 8892 8894 8896
8898 8900 8902 8904
8906 8908 8910 8912
8914 8916 8918 8920
8922 8924 8926 8928
8930 8932 8934 8936
8938 8940 8942 8944
8946 8948 8950 8952
8954 8956 8958 8960
8962 8964 8966 8968
8970 8972 8974 8976
8978 8980 8982 8984
8986 8988 8990 8992
8994 8996 8998 9000
9002 9004 9006 9008
9010 9012 9014 9016
9018 9020 9022 9024
9026 9028 9030 9032
9034 9036 9038 9040
9042 9044 9046 9048
9050 9052 9054 9056
9058 9060 9062 9064
9066 9068 9070 9072
9074 9076 9078 9080
9082 9084 9086 9088
9090 9092 9094 9096
9098 9100 9102 9104
9106 9108 9110 9112
9114 9116 9118 9120
9122 9124 9126 9128
9130 9132 9134 9136
9138 9140 9142 9144
9146 9148 9150 9152
9154 9156 9158 9160
9162 9164 9166 9168
9170 9172 9174 9176
9178 9180 9182 9184
9186 9188 9190 9192
9194 9196 9198 9200
9202 9204 9206 9208
9210 9212 9214 9216
9218 9220 9222 9224
9226 9228 9230 9232
9234 9236 9238 9240
9242 9244 9246 9248
9250 9252 9254 9256
9258 9260 9262 9264
9266 9268 9270 9272
9274 9276 9278 9280
9282 9284 9286 9288
9290 9292 9294 9296
9298 9300 9302 9304
9306 9308 9310 9312
9314 9316 9318 9320
9322 9324 9326 9328
9330 9332 9334 9336
9338 9340 9342 9344
9346 9348 9350 9352
9354 9356 9358 9360
9362 9364 9366 9368
9370 9372 9374 9376
9378 9380 9382 9384
9386 9388 9390 9392
9394 9396 9398 9400
9402 9404 9406 9408
9410 9412 9414 9416
9418 9420 9422 9424
9426 9428 9430 9432
9434 9436 9438 9440
9442 9444 9446 9448
9450 9452 9454 9456
9458 9460 9462 9464
9466 9468 9470 9472
9474 9476 9478 9480
9482 9484 9486 9488
9490 9492 9494 9496
9498 9500 9502 9504
9506 9508 9510 9512
9514 9516 9518 9520
9522 9524 9526 9528
9530 9532 9534 9536
9538 9540 9542 9544
9546 9548 9550 9552
9554 9556 9558 9560
9562 9564 9566 9568
9570 9572 9574 9576
9578 9580 9582 9584
9586 9588 9590 9592
9594 9596 9598 9600
9602 9604 9606 9608
9610 9612 9614 9616
9618 9620 9622 9624
9626 9628 9630 9632
9634 9636 9638 9640
9642 9644 9646 9648
9650 9652 9654 9656
9658 9660 9662 9664
9666 9668 9670 9672
9674 9676 9678 9680
9682 9684 9686 9688
9690 9692 9694 9696
9698 9700 9702 9704
9706 9708 9710 9712
9714 9716 9718 9720
9722 9724 9726 9728
9730 9732 9734 9736
9738 9740 9742 9744
9746 9748 9750 9752
9754 9756 9758 9760
9762 9764 9766 9768
9770 9772 9774 9776
9778 9780 9782 9784
9786 9788 9790 9792
9794 9796 9798 9800
9802 9804 9806 9808
9810 9812 9814 9816
9818 9820 9822 9824
9826 9828 9830 9832
9834 9836 9838 9840
9842 9844 9846 9848
9850 9852 9854 9856
9858 9860 9862 9864
9866 9868 9870 9872
9874 9876 9878 9880
9882 9884 9886 9888
9890 9892 9894 9896
9898 9900 9902 9904
9906 9908 9910 9912
9914 9916 9918 9920
9922 9924 9926 9928
9930 9932 9934 9936
9938 9940 9942 9944
9946 9948 9950 9952
9954 9956 9958 9960
9962 9964 9966 9968
9970 9972 9974 9976
9978 9980 9982 9984
9986 9988 9990 9992
9994 9996 9998 10000
10002 10004 10006 10008
10010 10012 10014 10016
10018 10020 10022 10024
10026 10028 10030 10032
10034 10036 10038 10040
10042 10044 10046 10048
10050 10052 10054 10056
10058 10060 10062 10064
10066 10068 10070 10072
10074 10076 10078 10080
10082 10084 10086 10088
10090 10092 10094 10096
10098 10100 10102 10104
10106 10108 10110 10112
10114 10116 10118 10120
10122 10124 10126 10128
10130 10132 10134 10136
10138 10140 10142 10144
10146 10148 10150 10152
10154 10156 10158 10160
10162 10164 10166 10168
10170 10172 10174 10176
10178 10180 10182 10184
10186 10188 10190 10192
10194 10196 10198 10200
10202 10204 10206 10208
10210 10212 10214 10216
10218 10220 10222 10224
10226 10228 10230 10232
10234 10236 10238 10240
10242 10244 10246 10248
10250 10252 10254 10256
10258 10260 10262 10264
10266 10268 10270 10272
10274 10276 10278 10280
10282 10284 10286 10288
10290 10292 10294 10296
10298 10300 10302 10304
10306 10308 10310 10312
10314 10316 10318 10320
10322 10324 10326 10328
10330 10332 10334 10336
10338 10340 10342 10344
10346 10348 10350 10352
10354 10356 10358 10360
10362 10364 10366 10368
10370 10372 10374 10376
10378 10380 10382 10384
10386 10388 10390 10392
10394 10396 10398 10400
10402 10404 10406 10408
10410 10412 10414 10416
10418 10420 10422 10424
10426 10428 10430 10432
10434 10436 10438 10440
10442 10444 10446 10448
10450 10452 10454 10456
10458 10460 10462 10464
10466 10468 10470 10472
10474 10476 10478 10480
10482 10484 10486 10488
10490 10492 10494 10496
10498 10500 10502 10504
10506 10508 10510 10512
10514 10516 10518 10520
10522 10524 10526 10528
10530 10532 10534 10536
10538 10540 10542 10544
10546 10548 10550 10552
10554 10556 10558 10560
10562 10564 10566 10568
10570 10572 10574 10576
10578 10580 10582 10584
10586 10588 10590 10592
10594 10596 10598 10600
10602 10604 10606 10608
10610 10612 10614 10616
10618 10620 10622 10624
10626 10628 10630 10632
10634 10636 10638 10640
10642 10644 10646 10648
10650 10652 10654 10656
10658 10660 10662 10664
10666 10668 10670 10672
10674 10676 10678 10680
10682 10684 10686 10688
10690 10692 10694 10696
10698 10700 10702 10704
10706 10708 10710 10712
10714 10716 10718 10720
10722 10724 10726 10728
10730 10732 10734 10736
10738 10740 10742 10744
10746 10748 10750 10752
10754 10756 10758 10760
10762 10764 10766 10768
10770 10772 10774 10776
10778 10780 10782 10784
10786 10788 10790 10792
10794 10796 10798 10800
10802 10804 10806 10808
10810 10812 10814 10816
10818 10820 10822 10824
10826 10828 10830 10832
10834 10836 10838 10840
10842 10844 10846 10848
10850 10852 10854 10856
10858 10860 10862 10864
10866 10868 10870 10872
10874 10876 10878 10880
10882 10884 10886 10888
10890 10892 10894 10896
10898 10900 10902 10904
10906 10908 10910 10912
10914 10916 10918 10920
10922 10924 10926 10928
10930 10932 10934 10936
10938 10940 10942 10944
10946 10948 10950 10952
10954 10956 10958 10960
10962 10964 10966 10968
10970 10972 10974 10976
10978 10980 10982 10984
10986 10988 10990 10992
10994 10996 10998 11000
11002 11004 11006 11008
11010 11012 11014 11016
11018 11020 11022 11024
11026 11028 11030 11032
11034 11036 11038 11040
11042 11044 11046 11048
11050 11052 11054 11056
11058 11060 11062 11064
11066 11068 11070 11072
11074 11076 11078 11080
11082 11084 11086 11088
11090 11092 11094 11096
11098 11100 11102 11104
11106 11108 11110 11112
11114 11116 11118 11120
11122 11124 11126 11128
11130 11132 11134 11136
11138 11140 11142 11144
11146 11148 11150 11152
11154 11156 11158 11160
11162 11164 11166 11168
11170 11172 11174 11176
11178 11180 11182 11184
11186 11188 11190 11192
11194 11196 11198 11200
11202 11204 11206 11208
11210 11212 11214 11216
11218 11220 11222 11224
11226 11228 11230 11232
11234 11236 11238 11240
11242 11244 11246 11248
11250 11252 11254 11256
11258 11260 11262 11264
11266 11268 11270 11272
11274 11276 11278 11280
11282 11284 11286 11288
11290 11292 11294 11296
11298 11300 11302 11304
11306 11308 11310 11312
11314 11316 11318 11320
11322 11324 11326 11328
11330 11332 11334 11336
11338 11340 11342 11344
11346 11348 11350 11352
11354 11356 11358 11360
11362 11364 11366 11368
11370 11372 11374 11376
11378 11380 11382 11384
11386 11388 11390 11392
11394 11396 11398 11400
11402 11404 11406 11408
11410 11412 11414 11416
11418 11420 11422 11424
11426 11428 11430 11432
11434 11436 11438 11440
11442 11444 11446 11448
11450 11452 11454 11456
11458 11460 11462 11464
11466 11468 11470 11472
11474 11476 11478 11480
11482 11484 11486 11488
11490 11492 11494 11496
11498 11500 11502 11504
11506 11508 11510 11512
11514 11516 11518 11520
11522 11524 11526 11528
11530 11532 11534 11536
11538 11540 11542 11544
11546 11548 11550 11552
11554 11556 11558 11560
11562 11564 11566 11568
11570 11572 11574 11576
11578 11580 11582 11584
11586 11588 11590 11592
11594 11596 11598 11600
11602 11604 11606 11608
11610 11612 11614 11616
11618 11620 11622 11624
11626 11628 11630 11632
11634 11636 11638 11640
11642 11644 11646 11648
11650 11652 11654 11656
11658 11660 11662 11664
11666 11668 11670 11672
11674 11676 11678 11680
11682 11684 11686 11688
11690 11692 11694 11696
11698 11700 11702 11704
11706 11708 11710 11712
11714 11716 11718 11720
11722 11724 11726 11728
11730 11732 11734 11736
11738 11740 11742 11744
11746 11748 11750 11752
11754 11756 11758 11760
11762 11764 11766 11768
11770 11772 11774 11776
11778 11780 11782 11784
11786 11788 11790 11792
11794 11796 11798 11800
11802 11804 11806 11808
11810 11812 11814 11816
11818 11820 11822 11824
11826 11828 11830 11832
11834 11836 11838 11840
11842 11844 11846 11848
11850 11852 11854 11856
11858 11860 11862 11864
11866 11868 11870 11872
11874 11876 11878 11880
11882 11884 11886 11888
11890 11892 11894 11896
11898 11900 11902 11904
11906 11908 11910 11912
11914 11916 11918 11920
11922 11924 11926 11928
11930 11932 11934 11936
11938 11940 11942 11944
11946 11948 11950 11952
11954 11956 11958 11960
11962 11964 11966 11968
11970 11972 11974 11976
11978 11980 11982 11984
11986 11988 11990 11992
11994 11996 11998 12000
12002 12004 12006 12008
12010 12012 12014 12016
12018 12020 12022 12024
12026 12028 12030 12032
12034 12036 12038 12040
12042 12044 12046 12048
12050 12052 12054 12056
12058 12060 12062 12064
12066 12068 12070 12072
12074 12076 12078 12080
12082 12084 12086 12088
12090 12092 12094 12096
12098 12100 12102 12104
12106 12108 12110 12112
12114 12116 12118 12120
12122 12124 12126 12128
12130 12132 12134 12136
12138 12140 12142 12144
12146 12148 12150 12152
12154 12156 12158 12160
12162 12164 12166 12168
12170 12172 12174 12176
12178 12180 12182 12184
12186 12188 12190 12192
12194 12196 12198 12200
12202 12204 12206 12208
12210 12212 12214 12216
12218 12220 12222 12224
12226 12228 12230 12232
12234 12236 12238 12240
12242 12244 12246 12248
12250 12252 12254 12256
12258 12260 12262 12264
12266 12268 12270 12272
12274 12276 12278 12280
12282 12284 12286 12288
12290 12292 12294 12296
12298 12300 12302 12304
12306 12308 12310 12312
12314 12316 12318 12320
12322 12324 12326 12328
12330 12332 12334 12336
12338 12340 12342 12344
12346 12348 12350 12352
12354 12356 12358 12360
12362 12364 12366 12368
12370 12372 12374 12376
12378 12380 12382 12384
12386 12388 12390 12392
12394 12396 12398 12400
12402 12404 12406 12408
12410 12412 12414 12416
12418 12420 12422 12424
12426 12428 12430 12432
12434 12436 12438 12440
12442 12444 12446 12448
12450 12452 12454 12456
12458 12460 12462 12464
12466 12468 12470 12472
12474 12476 12478 12480
12482 12484 12486 12488
12490 12492 12494 12496
12498 12500 12502 12504
12506 12508 12510 12512
12514 12516 12518 12520
12522 12524 12526 12528
12530 12532 12534 12536
12538 12540 12542 12544
12546 12548 12550 12552
12554 12556 12558 12560
12562 12564 12566 12568
12570 12572 12574 12576
12578 12580 12582 12584
12586 12588 12590 12592
12594 12596 12598 12600
12602 12604 12606 12608
12610 12612 12614 12616
12618 12620 12622 12624
12626 12628 12630 12632
12634 12636 12638 12640
12642 12644 12646 12648
12650 12652 12654 12656
12658 12660 12662 12664
12666 12668 12670 12672
12674 12676 12678 12680
12682 12684 12686 12688
12690 12692 12694 12696
12698 12700 12702 12704
12706 12708 12710 12712
12714 12716 12718 12720
12722 12724 12726 12728
12730 12732 12734 12736
12738 12740 12742 12744
12746 12748 12750 12752
12754 12756 12758 12760
12762 12764 12766 12768
12770 12772 12774 12776
12778 12780 12782 12784
12786 12788 12790 12792
12794 12796 12798 12800
12802 12804 12806 12808
12810 12812 12814 12816
12818 12820 12822 12824
12826 12828 12830 12832
12834 12836 12838 12840
12842 12844 12846 12848
12850 12852 12854 12856
12858 12860 12862 12864
12866 12868 12870 12872
12874 12876 12878 12880
12882 12884 12886 12888
12890 12892 12894 12896
12898 12900 12902 12904
12906 12908 12910 12912
12914 12916 12918 12920
12922 12924 12926 12928
12930 12932 12934 12936
12938 12940 12942 12944
12946 12948 12950 12952
12954 12956 12958 12960
12962 12964 12966 12968
12970 12972 12974 12976
12978 12980 12982 12984
12986 12988 12990 12992
12994 12996 12998 13000
13002 13004 13006 13008
13010 13012 13014 13016
13018 13020 13022 13024
13026 13028 13030 13032
13034 13036 13038 13040
13042 13044 13046 13048
13050 13052 13054 13056
13058 13060 13062 13064
13066 13068 13070 13072
13074 13076 13078 13080
13082 13084 13086 13088
13090 13092 13094 13096
13098 13100 13102 13104
13106 13108 13110 13112
13114 13116 13118 13120
13122 13124 13126 13128
13130 13132 13134 13136
13138 13140 13142 13144
13146 13148 13150 13152
13154 13156 13158 13160
13162 13164 13166 13168
13170 13172 13174 13176
13178 13180 13182 13184
13186 13188 13190 13192
13194 13196 13198 13200
13202 13204 13206 13208
13210 13212 13214 13216
13218 13220 13222 13224
13226 13228 13230 13232
13234 13236 13238 13240
13242 13244 13246 13248
13250 13252 13254 13256
13258 13260 13262 13264
13266 13268 13270 13272
13274 13276 13278 13280
13282 13284 13286 13288
13290 13292 13294 13296
13298 13300 13302 13304
13306 13308 13310 13312
13314 13316 13318 13320
13322 13324 13326 13328
13330 13332 13334 13336
13338 13340 13342 13344
13346 13348 13350 13352
13354 13356 13358 13360
13362 13364 13366 13368
13370 13372 13374 13376
13378 13380 13382 13384
13386 13388 13390 13392
13394 13396 13398 13400
13402 13404 13406 13408
13410 13412 13414 13416
13418 13420 13422 13424
13426 13428 13430 13432
13434 13436 13438 13440
13442 13444 13446 13448
13450 13452 13454 13456
13458 13460 13462 13464
13466 13468 13470 13472
13474 13476 13478 13480
13482 13484 13486 13488
13490 13492 13494 13496
13498 13500 13502 13504
13506 13508 13510 13512
13514 13516 13518 13520
13522 13524 13526 13528
13530 13532 13534 13536
13538 13540 13542 13544
13546 13548 13550 13552
13554 13556 13558 13560
13562 13564 13566 13568
13570 13572 13574 13576
13578 13580 13582 13584
13586 13588 13590 13592
13594 13596 13598 13600
13602 13604 13606 13608
13610 13612 13614 13616
13618 13620 13622 13624
13626 13628 13630 13632
13634 13636 13638 13640
13642 13644 13646 13648
13650 13652 13654 13656
13658 13660 13662 13664
13666 13668 13670 13672
13674 13676 13678 13680
13682 13684 13686 13688
13690 13692 13694 13696
13698 13700 13702 13704
13706 13708 13710 13712
13714 13716 13718 13720
13722 13724 13726 13728
13730 13732 13734 13736
13738 13740 13742 13744
13746 13748 13750 13752
13754 13756 13758 13760
13762 13764 13766 13768
13770 13772 13774 13776
13778 13780 13782 13784
13786 13788 13790 13792
13794 13796 13798 13800
13802 13804 13806 13808
13810 13812 13814 13816
13818 13820 13822 13824
13826 13828 13830 13832
13834 13836 13838 13840
13842 13844 13846 13848
13850 13852 13854 13856
13858 13860 13862 13864
13866 13868 13870 13872
13874 13876 13878 13880
13882 13884 13886 13888
13890 13892 13894 13896
13898 13900 13902 13904
13906 13908 13910 13912
13914 13916 13918 13920
13922 13924 13926 13928
13930 13932 13934 13936
13938 13940 13942 13944
13946 13948 13950 13952
13954 13956 13958 13960
13962 13964 13966 13968
13970 13972 13974 13976
13978 13980 13982 13984
13986 13988 13990 13992
13994 13996 13998 14000
14002 14004 14006 14008
14010 14012 14014 14016
14018 14020 14022 14024
14026 14028 14030 14032
14034 14036 14038 14040
14042 14044 14046 14048
14050 14052 14054 14056
14058 14060 14062 14064
14066 14068 14070 14072
14074 14076 14078 14080
14082 14084 14086 14088
14090 14092 14094 14096
14098 14100 14102 14104
14106 14108 14110 14112
14114 14116 14118 14120
14122 14124 14126 14128
14130 14132 14134 14136
14138 14140 14142 14144
14146 14148 14150 14152
14154 14156 14158 14160
14162 14164 14166 14168
14170 14172 14174 14176
14178 14180 14182 14184
14186 14188 14190 14192
14194 14196 14198 14200
14202 14204 14206 14208
14210 14212 14214 14216
14218 14220 14222 14224
14226 14228 14230 14232
14234 14236 14238 14240
14242 14244 14246 14248
14250 14252 14254 14256
14258 14260 14262 14264
14266 14268 14270 14272
14274 14276 14278 14280
14282 14284 14286 14288
14290 14292 14294 14296
14298 14300 14302 14304
14306 14308 14310 14312
14314 14316 14318 14320
14322 14324 14326 14328
14330 14332 14334 14336
14338 14340 14342 14344
14346 14348 14350 14352
14354 14356 14358 14360
14362 14364 14366 14368
14370 14372 14374 14376
14378 14380 14382 14384
14386 14388 14390 14392
14394 14396 14398 14400
</DataArray>
<DataArray type="UInt8" Name="types" Format="ascii">
3 3 3 3 3 3 3 3 3 3 3 3 3 3 3 3
3 3 3 3 3 3 3 3 3 3 3 3 3 3 3 3
3 3 3 3 3 3 3 3 3 3 3 3 3 3 3 3
3 3 3 3 3 3 3 3 3 3 3 3 3 3 3 3
3 3 3 3 3 3 3 3 3 3 3 3 3 3 3 3
3 3 3 3 3 3 3 3 3 3 3 3 3 3 3 3
3 3 3 3 3 3 3 3 3 3 3 3 3 3 3 3
3 3 3 3 3 3 3 3 3 3 3 3 3 3 3 3
3 3 3 3 3 3 3 3 3 3 3 3 3 3 3 3
3 3 3 3 3 3 3 3 3 3 3 3 3 3 3 3
3 3 3 3 3 3 3 3 3 3 3 3 3 3 3 3
3 3 3 3 3 3 3 3 3 3 3 3 3 3 3 3
3 3 3 3 3 3 3 3 3 3 3 3 3 3 3 3
3 3 3 3 3 3 3 3 3 3 3 3 3 3 3 3
3 3 3 3 3 3 3 3 3 3 3 3 3 3 3 3
3 3 3 3 3 3 3 3 3 3 3 3 3 3 3 3
3 3 3 3 3 3 3 3 3 3 3 3 3 3 3 3
3 3 3 3 3 3 3 3 3 3 3 3 3 3 3 3
3 3 3 3 3 3 3 3 3 3 3 3 3 3 3 3
3 3 3 3 3 3 3 3 3 3 3 3 3 3 3 3
3 3 3 3 3 3 3 3 3 3 3 3 3 3 3 3
3 3 3 3 3 3 3 3 3 3 3 3 3 3 3 3
3 3 3 3 3 3 3 3 3 3 3 3 3 3 3 3
3 3 3 3 3 3 3 3 3 3 3 3 3 3 3 3
3 3 3 3 3 3 3 3 3 3 3 3 3 3 3 3
3 3 3 3 3 3 3 3 3 3 3 3 3 3 3 3
3 3 3 3 3 3 3 3 3 3 3 3 3 3 3 3
3 3 3 3 3 3 3 3 3 3 3 3 3 3 3 3
3 3 3 3 3 3 3 3 3 3 3 3 3 3 3 3
3 3 3 3 3 3 3 3 3 3 3 3 3 3 3 3
3 3 3 3 3 3 3 3 3 3 3 3 3 3 3 3
3 3 3 3 3 3 3 3 3 3 3 3 3 3 3 3
3 3 3 3 3 3 3 3 3 3 3 3 3 3 3 3
3 3 3 3 3 3 3 3 3 3 3 3 3 3 3 3
3 3 3 3 3 3 3 3 3 3 3 3 3 3 3 3
3 3 3 3 3 3 3 3 3 3 3 3 3 3 3 3
3 3 3 3 3 3 3 3 3 3 3 3 3 3 3 3
3 3 3 3 3 3 3 3 3 3 3 3 3 3 3 3
3 3 3 3 3 3 3 3 3 3 3 3 3 3 3 3
3 3 3 3 3 3 3 3 3 3 3 3 3 3 3 3
3 3 3 3 3 3 3 3 3 3 3 3 3 3 3 3
3 3 3 3 3 3 3 3 3 3 3 3 3 3 3 3
3 3 3 3 3 3 3 3 3 3 3 3 3 3 3 3
3 3 3 3 3 3 3 3 3 3 3 3 3 3 3 3
3 3 3 3 3 3 3 3 3 3 3 3 3 3 3 3
3 3 3 3 3 3 3 3 3 3 3 3 3 3 3 3
3 3 3 3 3 3 3 3 3 3 3 3 3 3 3 3
3 3 3 3 3 3 3 3 3 3 3 3 3 3 3 3
3 3 3 3 3 3 3 3 3 3 3 3 3 3 3 3
3 3 3 3 3 3 3 3 3 3 3 3 3 3 3 3
3 3 3 3 3 3 3 3 3 3 3 3 3 3 3 3
3 3 3 3 3 3 3 3 3 3 3 3 3 3 3 3
3 3 3 3 3 3 3 3 3 3 3 3 3 3 3 3
3 3 3 3 3 3 3 3 3 3 3 3 3 3 3 3
3 3 3 3 3 3 3 3 3 3 3 3 3 3 3 3
3 3 3 3 3 3 3 3 3 3 3 3 3 3 3 3
3 3 3 3 3 3 3 3 3 3 3 3 3 3 3 3
3 3 3 3 3 3 3 3 3 3 3 3 3 3 3 3
3 3 3 3 3 3 3 3 3 3 3 3 3 3 3 3
3 3 3 3 3 3 3 3 3 3 3 3 3 3 3 3
3 3 3 3 3 3 3 3 3 3 3 3 3 3 3 3
3 3 3 3 3 3 3 3 3 3 3 3 3 3 3 3
3 3 3 3 3 3 3 3 3 3 3 3 3 3 3 3
3 3 3 3 3 3 3 3 3 3 3 3 3 3 3 3
3 3 3 3 3 3 3 3 3 3 3 3 3 3 3 3
3 3 3 3 3 3 3 3 3 3 3 3 3 3 3 3
3 3 3 3 3 3 3 3 3 3 3 3 3 3 3 3
3 3 3 3 3 3 3 3 3 3 3 3 3 3 3 3
3 3 3 3 3 3 3 3 3 3 3 3 3 3 3 3
3 3 3 3 3 3 3 3 3 3 3 3 3 3 3 3
3 3 3 3 3 3 3 3 3 3 3 3 3 3 3 3
3 3 3 3 3 3 3 3 3 3 3 3 3 3 3 3
3 3 3 3 3 3 3 3 3 3 3 3 3 3 3 3
3 3 3 3 3 3 3 3 3 3 3 3 3 3 3 3
3 3 3 3 3 3 3 3 3 3 3 3 3 3 3 3
3 3 3 3 3 3 3 3 3 3 3 3 3 3 3 3
3 3 3 3 3 3 3 3 3 3 3 3 3 3 3 3
3 3 3 3 3 3 3 3 3 3 3 3 3 3 3 3
3 3 3 3 3 3 3 3 3 3 3 3 3 3 3 3
3 3 3 3 3 3 3 3 3 3 3 3 3 3 3 3
3 3 3 3 3 3 3 3 3 3 3 3 3 3 3 3
3 3 3 3 3 3 3 3 3 3 3 3 3 3 3 3
3 3 3 3 3 3 3 3 3 3 3 3 3 3 3 3
3 3 3 3 3 3 3 3 3 3 3 3 3 3 3 3
3 3 3 3 3 3 3 3 3 3 3 3 3 3 3 3
3 3 3 3 3 3 3 3 3 3 3 3 3 3 3 3
3 3 3 3 3 3 3 3 3 3 3 3 3 3 3 3
3 3 3 3 3 3 3 3 3 3 3 3 3 3 3 3
3 3 3 3 3 3 3 3 3 3 3 3 3 3 3 3
3 3 3 3 3 3 3 3 3 3 3 3 3 3 3 3
3 3 3 3 3 3 3 3 3 3 3 3 3 3 3 3
3 3 3 3 3 3 3 3 3 3 3 3 3 3 3 3
3 3 3 3 3 3 3 3 3 3 3 3 3 3 3 3
3 3 3 3 3 3 3 3 3 3 3 3 3 3 3 3
3 3 3 3 3 3 3 3 3 3 3 3 3 3 3 3
3 3 3 3 3 3 3 3 3 3 3 3 3 3 3 3
3 3 3 3 3 3 3 3 3 3 3 3 3 3 3 3
3 3 3 3 3 3 3 3 3 3 3 3 3 3 3 3
3 3 3 3 3 3 3 3 3 3 3 3 3 3 3 3
3 3 3 3 3 3 3 3 3 3 3 3 3 3 3 3
3 3 3 3 3 3 3 3 3 3 3 3 3 3 3 3
3 3 3 3 3 3 3 3 3 3 3 3 3 3 3 3
3 3 3 3 3 3 3 3 3 3 3 3 3 3 3 3
3 3 3 3 3 3 3 3 3 3 3 3 3 3 3 3
3 3 3 3 3 3 3 3 3 3 3 3 3 3 3 3
3 3 3 3 3 3 3 3 3 3 3 3 3 3 3 3
3 3 3 3 3 3 3 3 3 3 3 3 3 3 3 3
3 3 3 3 3 3 3 3 3 3 3 3 3 3 3 3
3 3 3 3 3 3 3 3 3 3 3 3 3 3 3 3
3 3 3 3 3 3 3 3 3 3 3 3 3 3 3 3
3 3 3 3 3 3 3 3 3 3 3 3 3 3 3 3
3 3 3 3 3 3 3 3 3 3 3 3 3 3 3 3
3 3 3 3 3 3 3 3 3 3 3 3 3 3 3 3
3 3 3 3 3 3 3 3 3 3 3 3 3 3 3 3
3 3 3 3 3 3 3 3 3 3 3 3 3 3 3 3
3 3 3 3 3 3 3 3 3 3 3 3 3 3 3 3
3 3 3 3 3 3 3 3 3 3 3 3 3 3 3 3
3 3 3 3 3 3 3 3 3 3 3 3 3 3 3 3
3 3 3 3 3 3 3 3 3 3 3 3 3 3 3 3
3 3 3 3 3 3 3 3 3 3 3 3 3 3 3 3
3 3 3 3 3 3 3 3 3 3 3 3 3 3 3 3
3 3 3 3 3 3 3 3 3 3 3 3 3 3 3 3
3 3 3 3 3 3 3 3 3 3 3 3 3 3 3 3
3 3 3 3 3 3 3 3 3 3 3 3 3 3 3 3
3 3 3 3 3 3 3 3 3 3 3 3 3 3 3 3
3 3 3 3 3 3 3 3 3 3 3 3 3 3 3 3
3 3 3 3 3 3 3 3 3 3 3 3 3 3 3 3
3 3 3 3 3 3 3 3 3 3 3 3 3 3 3 3
3 3 3 3 3 3 3 3 3 3 3 3 3 3 3 3
3 3 3 3 3 3 3 3 3 3 3 3 3 3 3 3
3 3 3 3 3 3 3 3 3 3 3 3 3 3 3 3
3 3 3 3 3 3 3 3 3 3 3 3 3 3 3 3
3 3 3 3 3 3 3 3 3 3 3 3 3 3 3 3
3 3 3 3 3 3 3 3 3 3 3 3 3 3 3 3
3 3 3 3 3 3 3 3 3 3 3 3 3 3 3 3
3 3 3 3 3 3 3 3 3 3 3 3 3 3 3 3
3 3 3 3 3 3 3 3 3 3 3 3 3 3 3 3
3 3 3 3 3 3 3 3 3 3 3 3 3 3 3 3
3 3 3 3 3 3 3 3 3 3 3 3 3 3 3 3
3 3 3 3 3 3 3 3 3 3 3 3 3 3 3 3
3 3 3 3 3 3 3 3 3 3 3 3 3 3 3 3
3 3 3 3 3 3 3 3 3 3 3 3 3 3 3 3
3 3 3 3 3 3 3 3 3 3 3 3 3 3 3 3
3 3 3 3 3 3 3 3 3 3 3 3 3 3 3 3
3 3 3 3 3 3 3 3 3 3 3 3 3 3 3 3
3 3 3 3 3 3 3 3 3 3 3 3 3 3 3 3
3 3 3 3 3 3 3 3 3 3 3 3 3 3 3 3
3 3 3 3 3 3 3 3 3 3 3 3 3 3 3 3
3 3 3 3 3 3 3 3 3 3 3 3 3 3 3 3
3 3 3 3 3 3 3 3 3 3 3 3 3 3 3 3
3 3 3 3 3 3 3 3 3 3 3 3 3 3 3 3
3 3 3 3 3 3 3 3 3 3 3 3 3 3 3 3
3 3 3 3 3 3 3 3 3 3 3 3 3 3 3 3
3 3 3 3 3 3 3 3 3 3 3 3 3 3 3 3
3 3 3 3 3 3 3 3 3 3 3 3 3 3 3 3
3 3 3 3 3 3 3 3 3 3 3 3 3 3 3 3
3 3 3 3 3 3 3 3 3 3 3 3 3 3 3 3
3 3 3 3 3 3 3 3 3 3 3 3 3 3 3 3
3 3 3 3 3 3 3 3 3 3 3 3 3 3 3 3
3 3 3 3 3 3 3 3 3 3 3 3 3 3 3 3
3 3 3 3 3 3 3 3 3 3 3 3 3 3 3 3
3 3 3 3 3 3 3 3 3 3 3 3 3 3 3 3
3 3 3 3 3 3 3 3 3 3 3 3 3 3 3 3
3 3 3 3 3 3 3 3 3 3 3 3 3 3 3 3
3 3 3 3 3 3 3 3 3 3 3 3 3 3 3 3
3 3 3 3 3 3 3 3 3 3 3 3 3 3 3 3
3 3 3 3 3 3 3 3 3 3 3 3 3 3 3 3
3 3 3 3 3 3 3 3 3 3 3 3 3 3 3 3
3 3 3 3 3 3 3 3 3 3 3 3 3 3 3 3
3 3 3 3 3 3 3 3 3 3 3 3 3 3 3 3
3 3 3 3 3 3 3 3 3 3 3 3 3 3 3 3
3 3 3 3 3 3 3 3 3 3 3 3 3 3 3 3
3 3 3 3 3 3 3 3 3 3 3 3 3 3 3 3
3 3 3 3 3 3 3 3 3 3 3 3 3 3 3 3
3 3 3 3 3 3 3 3 3 3 3 3 3 3 3 3
3 3 3 3 3 3 3 3 3 3 3 3 3 3 3 3
3 3 3 3 3 3 3 3 3 3 3 3 3 3 3 3
3 3 3 3 3 3 3 3 3 3 3 3 3 3 3 3
3 3 3 3 3 3 3 3 3 3 3 3 3 3 3 3
3 3 3 3 3 3 3 3 3 3 3 3 3 3 3 3
3 3 3 3 3 3 3 3 3 3 3 3 3 3 3 3
3 3 3 3 3 3 3 3 3 3 3 3 3 3 3 3
3 3 3 3 3 3 3 3 3 3 3 3 3 3 3 3
3 3 3 3 3 3 3 3 3 3 3 3 3 3 3 3
3 3 3 3 3 3 3 3 3 3 3 3 3 3 3 3
3 3 3 3 3 3 3 3 3 3 3 3 3 3 3 3
3 3 3 3 3 3 3 3 3 3 3 3 3 3 3 3
3 3 3 3 3 3 3 3 3 3 3 3 3 3 3 3
3 3 3 3 3 3 3 3 3 3 3 3 3 3 3 3
3 3 3 3 3 3 3 3 3 3 3 3 3 3 3 3
3 3 3 3 3 3 3 3 3 3 3 3 3 3 3 3
3 3 3 3 3 3 3 3 3 3 3 3 3 3 3 3
3 3 3 3 3 3 3 3 3 3 3 3 3 3 3 3
3 3 3 3 3 3 3 3 3 3 3 3 3 3 3 3
3 3 3 3 3 3 3 3 3 3 3 3 3 3 3 3
3 3 3 3 3 3 3 3 3 3 3 3 3 3 3 3
3 3 3 3 3 3 3 3 3 3 3 3 3 3 3 3
3 3 3 3 3 3 3 3 3 3 3 3 3 3 3 3
3 3 3 3 3 3 3 3 3 3 3 3 3 3 3 3
3 3 3 3 3 3 3 3 3 3 3 3 3 3 3 3
3 3 3 3 3 3 3 3 3 3 3 3 3 3 3 3
3 3 3 3 3 3 3 3 3 3 3 3 3 3 3 3
3 3 3 3 3 3 3 3 3 3 3 3 3 3 3 3
3 3 3 3 3 3 3 3 3 3 3 3 3 3 3 3
3 3 3 3 3 3 3 3 3 3 3 3 3 3 3 3
3 3 3 3 3 3 3 3 3 3 3 3 3 3 3 3
3 3 3 3 3 3 3 3 3 3 3 3 3 3 3 3
3 3 3 3 3 3 3 3 3 3 3 3 3 3 3 3
3 3 3 3 3 3 3 3 3 3 3 3 3 3 3 3
3 3 3 3 3 3 3 3 3 3 3 3 3 3 3 3
3 3 3 3 3 3 3 3 3 3 3 3 3 3 3 3
3 3 3 3 3 3 3 3 3 3 3 3 3 3 3 3
3 3 3 3 3 3 3 3 3 3 3 3 3 3 3 3
3 3 3 3 3 3 3 3 3 3 3 3 3 3 3 3
3 3 3 3 3 3 3 3 3 3 3 3 3 3 3 3
3 3 3 3 3 3 3 3 3 3 3 3 3 3 3 3
3 3 3 3 3 3 3 3 3 3 3 3 3 3 3 3
3 3 3 3 3 3 3 3 3 3 3 3 3 3 3 3
3 3 3 3 3 3 3 3 3 3 3 3 3 3 3 3
3 3 3 3 3 3 3 3 3 3 3 3 3 3 3 3
3 3 3 3 3 3 3 3 3 3 3 3 3 3 3 3
3 3 3 3 3 3 3 3 3 3 3 3 3 3 3 3
3 3 3 3 3 3 3 3 3 3 3 3 3 3 3 3
3 3 3 3 3 3 3 3 3 3 3 3 3 3 3 3
3 3 3 3 3 3 3 3 3 3 3 3 3 3 3 3
3 3 3 3 3 3 3 3 3 3 3 3 3 3 3 3
3 3 3 3 3 3 3 3 3 3 3 3 3 3 3 3
3 3 3 3 3 3 3 3 3 3 3 3 3 3 3 3
3 3 3 3 3 3 3 3 3 3 3 3 3 3 3 3
3 3 3 3 3 3 3 3 3 3 3 3 3 3 3 3
3 3 3 3 3 3 3 3 3 3 3 3 3 3 3 3
3 3 3 3 3 3 3 3 3 3 3 3 3 3 3 3
3 3 3 3 3 3 3 3 3 3 3 3 3 3 3 3
3 3 3 3 3 3 3 3 3 3 3 3 3 3 3 3
3 3 3 3 3 3 3 3 3 3 3 3 3 3 3 3
3 3 3 3 3 3 3 3 3 3 3 3 3 3 3 3
3 3 3 3 3 3 3 3 3 3 3 3 3 3 3 3
3 3 3 3 3 3 3 3 3 3 3 3 3 3 3 3
3 3 3 3 3 3 3 3 3 3 3 3 3 3 3 3
3 3 3 3 3 3 3 3 3 3 3 3 3 3 3 3
3 3 3 3 3 3 3 3 3 3 3 3 3 3 3 3
3 3 3 3 3 3 3 3 3 3 3 3 3 3 3 3
3 3 3 3 3 3 3 3 3 3 3 3 3 3 3 3
3 3 3 3 3 3 3 3 3 3 3 3 3 3 3 3
3 3 3 3 3 3 3 3 3 3 3 3 3 3 3 3
3 3 3 3 3 3 3 3 3 3 3 3 3 3 3 3
3 3 3 3 3 3 3 3 3 3 3 3 3 3 3 3
3 3 3 3 3 3 3 3 3 3 3 3 3 3 3 3
3 3 3 3 3 3 3 3 3 3 3 3 3 3 3 3
3 3 3 3 3 3 3 3 3 3 3 3 3 3 3 3
3 3 3 3 3 3 3 3 3 3 3 3 3 3 3 3
3 3 3 3 3 3 3 3 3 3 3 3 3 3 3 3
3 3 3 3 3 3 3 3 3 3 3 3 3 3 3 3
3 3 3 3 3 3 3 3 3 3 3 3 3 3 3 3
3 3 3 3 3 3 3 3 3 3 3 3 3 3 3 3
3 3 3 3 3 3 3 3 3 3 3 3 3 3 3 3
3 3 3 3 3 3 3 3 3 3 3 3 3 3 3 3
3 3 3 3 3 3 3 3 3 3 3 3 3 3 3 3
3 3 3 3 3 3 3 3 3 3 3 3 3 3 3 3
3 3 3 3 3 3 3 3 3 3 3 3 3 3 3 3
3 3 3 3 3 3 3 3 3 3 3 3 3 3 3 3
3 3 3 3 3 3 3 3 3 3 3 3 3 3 3 3
3 3 3 3 3 3 3 3 3 3 3 3 3 3 3 3
3 3 3 3 3 3 3 3 3 3 3 3 3 3 3 3
3 3 3 3 3 3 3 3 3 3 3 3 3 3 3 3
3 3 3 3 3 3 3 3 3 3 3 3 3 3 3 3
3 3 3 3 3 3 3 3 3 3 3 3 3 3 3 3
3 3 3 3 3 3 3 3 3 3 3 3 3 3 3 3
3 3 3 3 3 3 3 3 3 3 3 3 3 3 3 3
3 3 3 3 3 3 3 3 3 3 3 3 3 3 3 3
3 3 3 3 3 3 3 3 3 3 3 3 3 3 3 3
3 3 3 3 3 3 3 3 3 3 3 3 3 3 3 3
3 3 3 3 3 3 3 3 3 3 3 3 3 3 3 3
3 3 3 3 3 3 3 3 3 3 3 3 3 3 3 3
3 3 3 3 3 3 3 3 3 3 3 3 3 3 3 3
3 3 3 3 3 3 3 3 3 3 3 3 3 3 3 3
3 3 3 3 3 3 3 3 3 3 3 3 3 3 3 3
3 3 3 3 3 3 3 3 3 3 3 3 3 3 3 3
3 3 3 3 3 3 3 3 3 3 3 3 3 3 3 3
3 3 3 3 3 3 3 3 3 3 3 3 3 3 3 3
3 3 3 3 3 3 3 3 3 3 3 3 3 3 3 3
3 3 3 3 3 3 3 3 3 3 3 3 3 3 3 3
3 3 3 3 3 3 3 3 3 3 3 3 3 3 3 3
3 3 3 3 3 3 3 3 3 3 3 3 3 3 3 3
3 3 3 3 3 3 3 3 3 3 3 3 3 3 3 3
3 3 3 3 3 3 3 3 3 3 3 3 3 3 3 3
3 3 3 3 3 3 3 3 3 3 3 3 3 3 3 3
3 3 3 3 3 3 3 3 3 3 3 3 3 3 3 3
3 3 3 3 3 3 3 3 3 3 3 3 3 3 3 3
3 3 3 3 3 3 3 3 3 3 3 3 3 3 3 3
3 3 3 3 3 3 3 3 3 3 3 3 3 3 3 3
3 3 3 3 3 3 3 3 3 3 3 3 3 3 3 3
3 3 3 3 3 3 3 3 3 3 3 3 3 3 3 3
3 3 3 3 3 3 3 3 3 3 3 3 3 3 3 3
3 3 3 3 3 3 3 3 3 3 3 3 3 3 3 3
3 3 3 3 3 3 3 3 3 3 3 3 3 3 3 3
3 3 3 3 3 3 3 3 3 3 3 3 3 3 3 3
3 3 3 3 3 3 3 3 3 3 3 3 3 3 3 3
3 3 3 3 3 3 3 3 3 3 3 3 3 3 3 3
3 3 3 3 3 3 3 3 3 3 3 3 3 3 3 3
3 3 3 3 3 3 3 3 3 3 3 3 3 3 3 3
3 3 3 3 3 3 3 3 3 3 3 3 3 3 3 3
3 3 3 3 3 3 3 3 3 3 3 3 3 3 3 3
3 3 3 3 3 3 3 3 3 3 3 3 3 3 3 3
3 3 3 3 3 3 3 3 3 3 3 3 3 3 3 3
3 3 3 3 3 3 3 3 3 3 3 3 3 3 3 3
3 3 3 3 3 3 3 3 3 3 3 3 3 3 3 3
3 3 3 3 3 3 3 3 3 3 3 3 3 3 3 3
3 3 3 3 3 3 3 3 3 3 3 3 3 3 3 3
3 3 3 3 3 3 3 3 3 3 3 3 3 3 3 3
3 3 3 3 3 3 3 3 3 3 3 3 3 3 3 3
3 3 3 3 3 3 3 3 3 3 3 3 3 3 3 3
3 3 3 3 3 3 3 3 3 3 3 3 3 3 3 3
3 3 3 3 3 3 3 3 3 3 3 3 3 3 3 3
3 3 3 3 3 3 3 3 3 3 3 3 3 3 3 3
3 3 3 3 3 3 3 3 3 3 3 3 3 3 3 3
3 3 3 3 3 3 3 3 3 3 3 3 3 3 3 3
3 3 3 3 3 3 3 3 3 3 3 3 3 3 3 3
3 3 3 3 3 3 3 3 3 3 3 3 3 3 3 3
3 3 3 3 3 3 3 3 3 3 3 3 3 3 3 3
3 3 3 3 3 3 3 3 3 3 3 3 3 3 3 3
3 3 3 3 3 3 3 3 3 3 3 3 3 3 3 3
3 3 3 3 3 3 3 3 3 3 3 3 3 3 3 3
3 3 3 3 3 3 3 3 3 3 3 3 3 3 3 3
3 3 3 3 3 3 3 3 3 3 3 3 3 3 3 3
3 3 3 3 3 3 3 3 3 3 3 3 3 3 3 3
3 3 3 3 3 3 3 3 3 3 3 3 3 3 3 3
3 3 3 3 3 3 3 3 3 3 3 3 3 3 3 3
3 3 3 3 3 3 3 3 3 3 3 3 3 3 3 3
3 3 3 3 3 3 3 3 3 3 3 3 3 3 3 3
3 3 3 3 3 3 3 3 3 3 3 3 3 3 3 3
3 3 3 3 3 3 3 3 3 3 3 3 3 3 3 3
3 3 3 3 3 3 3 3 3 3 3 3 3 3 3 3
3 3 3 3 3 3 3 3 3 3 3 3 3 3 3 3
3 3 3 3 3 3 3 3 3 3 3 3 3 3 3 3
3 3 3 3 3 3 3 3 3 3 3 3 3 3 3 3
3 3 3 3 3 3 3 3 3 3 3 3 3 3 3 3
3 3 3 3 3 3 3 3 3 3 3 3 3 3 3 3
3 3 3 3 3 3 3 3 3 3 3 3 3 3 3 3
3 3 3 3 3 3 3 3 3 3 3 3 3 3 3 3
3 3 3 3 3 3 3 3 3 3 3 3 3 3 3 3
3 3 3 3 3 3 3 3 3 3 3 3 3 3 3 3
3 3 3 3 3 3 3 3 3 3 3 3 3 3 3 3
3 3 3 3 3 3 3 3 3 3 3 3 3 3 3 3
3 3 3 3 3 3 3 3 3 3 3 3 3 3 3 3
3 3 3 3 3 3 3 3 3 3 3 3 3 3 3 3
3 3 3 3 3 3 3 3 3 3 3 3 3 3 3 3
3 3 3 3 3 3 3 3 3 3 3 3 3 3 3 3
3 3 3 3 3 3 3 3 3 3 3 3 3 3 3 3
3 3 3 3 3 3 3 3 3 3 3 3 3 3 3 3
3 3 3 3 3 3 3 3 3 3 3 3 3 3 3 3
3 3 3 3 3 3 3 3 3 3 3 3 3 3 3 3
3 3 3 3 3 3 3 3 3 3 3 3 3 3 3 3
3 3 3 3 3 3 3 3 3 3 3 3 3 3 3 3
3 3 3 3 3 3 3 3 3 3 3 3 3 3 3 3
3 3 3 3 3 3 3 3 3 3 3 3 3 3 3 3
3 3 3 3 3 3 3 3 3 3 3 3 3 3 3 3
3 3 3 3 3 3 3 3 3 3 3 3 3 3 3 3
3 3 3 3 3 3 3 3 3 3 3 3 3 3 3 3
3 3 3 3 3 3 3 3 3 3 3 3 3 3 3 3
3 3 3 3 3 3 3 3 3 3 3 3 3 3 3 3
3 3 3 3 3 3 3 3 3 3 3 3 3 3 3 3
3 3 3 3 3 3 3 3 3 3 3 3 3 3 3 3
3 3 3 3 3 3 3 3 3 3 3 3 3 3 3 3
3 3 3 3 3 3 3 3 3 3 3 3 3 3 3 3
3 3 3 3 3 3 3 3 3 3 3 3 3 3 3 3
3 3 3 3 3 3 3 3 3 3 3 3 3 3 3 3
3 3 3 3 3 3 3 3 3 3 3 3 3 3 3 3
3 3 3 3 3 3 3 3 3 3 3 3 3 3 3 3
3 3 3 3 3 3 3 3 3 3 3 3 3 3 3 3
3 3 3 3 3 3 3 3 3 3 3 3 3 3 3 3
3 3 3 3 3 3 3 3 3 3 3 3 3 3 3 3
3 3 3 3 3 3 3 3 3 3 3 3 3 3 3 3
3 3 3 3 3 3 3 3 3 3 3 3 3 3 3 3
3 3 3 3 3 3 3 3 3 3 3 3 3 3 3 3
3 3 3 3 3 3 3 3 3 3 3 3 3 3 3 3
3 3 3 3 3 3 3 3 3 3 3 3 3 3 3 3
3 3 3 3 3 3 3 3 3 3 3 3 3 3 3 3
3 3 3 3 3 3 3 3 3 3 3 3 3 3 3 3
3 3 3 3 3 3 3 3 3 3 3 3 3 3 3 3
3 3 3 3 3 3 3 3 3 3 3 3 3 3 3 3
3 3 3 3 3 3 3 3 3 3 3 3 3 3 3 3
3 3 3 3 3 3 3 3 3 3 3 3 3 3 3 3
3 3 3 3 3 3 3 3 3 3 3 3 3 3 3 3
3 3 3 3 3 3 3 3 3 3 3 3 3 3 3 3
3 3 3 3 3 3 3 3 3 3 3 3 3 3 3 3
3 3 3 3 3 3 3 3 3 3 3 3 3 3 3 3
3 3 3 3 3 3 3 3 3 3 3 3 3 3 3 3
3 3 3 3 3 3 3 3 3 3 3 3 3 3 3 3
3 3 3 3 3 3 3 3 3 3 3 3 3 3 3 3
3 3 3 3 3 3 3 3 3 3 3 3 3 3 3 3
3 3 3 3 3 3 3 3 3 3 3 3 3 3 3 3
3 3 3 3 3 3 3 3 3 3 3 3 3 3 3 3
3 3 3 3 3 3 3 3 3 3 3 3 3 3 3 3
3 3 3 3 3 3 3 3 3 3 3 3 3 3 3 3
3 3 3 3 3 3 3 3 3 3 3 3 3 3 3 3
3 3 3 3 3 3 3 3 3 3 3 3 3 3 3 3
3 3 3 3 3 3 3 3 3 3 3 3 3 3 3 3
3 3 3 3 3 3 3 3 3 3 3 3 3 3 3 3
3 3 3 3 3 3 3 3 3 3 3 3 3 3 3 3
3 3 3 3 3 3 3 3 3 3 3 3 3 3 3 3
3 3 3 3 3 3 3 3 3 3 3 3 3 3 3 3
3 3 3 3 3 3 3 3 3 3 3 3 3 3 3 3
3 3 3 3 3 3 3 3 3 3 3 3 3 3 3 3
3 3 3 3 3 3 3 3 3 3 3 3 3 3 3 3
3 3 3 3 3 3 3 3 3 3 3 3 3 3 3 3
3 3 3 3 3 3 3 3 3 3 3 3 3 3 3 3
3 3 3 3 3 3 3 3 3 3 3 3 3 3 3 3
3 3 3 3 3 3 3 3 3 3 3 3 3 3 3 3
3 3 3 3 3 3 3 3 3 3 3 3 3 3 3 3
3 3 3 3 3 3 3 3 3 3 3 3 3 3 3 3
3 3 3 3 3 3 3 3 3 3 3 3 3 3 3 3
3 3 3 3 3 3 3 3 3 3 3 3 3 3 3 3
3 3 3 3 3 3 3 3 3 3 3 3 3 3 3 3
3 3 3 3 3 3 3 3 3 3 3 3 3 3 3 3
3 3 3 3 3 3 3 3 3 3 3 3 3 3 3 3
3 3 3 3 3 3 3 3 3 3 3 3 3 3 3 3
3 3 3 3 3 3 3 3 3 3 3 3 3 3 3 3
3 3 3 3 3 3 3 3 3 3 3 3 3 3 3 3
3 3 3 3 3 3 3 3 3 3 3 3 3 3 3 3
3 3 3 3 3 3 3 3 3 3 3 3 3 3 3 3
3 3 3 3 3 3 3 3 3 3 3 3 3 3 3 3
3 3 3 3 3 3 3 3 3 3 3 3 3 3 3 3
3 3 3 3 3 3 3 3 3 3 3 3 3 3 3 3
3 3 3 3 3 3 3 3 3 3 3 3 3 3 3 3
3 3 3 3 3 3 3 3 3 3 3 3 3 3 3 3
3 3 3 3 3 3 3 3 3 3 3 3 3 3 3 3
3 3 3 3 3 3 3 3 3 3 3 3 3 3 3 3
3 3 3 3 3 3 3 3 3 3 3 3 3 3 3 3
3 3 3 3 3 3 3 3 3 3 3 3 3 3 3 3
3 3 3 3 3 3 3 3 3 3 3 3 3 3 3 3
3 3 3 3 3 3 3 3 3 3 3 3 3 3 3 3
3 3 3 3 3 3 3 3 3 3 3 3 3 3 3 3
3 3 3 3 3 3 3 3 3 3 3 3 3 3 3 3
3 3 3 3 3 3 3 3 3 3 3 3 3 3 3 3
3 3 3 3 3 3 3 3 3 3 3 3 3 3 3 3
3 3 3 3 3 3 3 3 3 3 3 3 3 3 3 3
3 3 3 3 3 3 3 3 3 3 3 3 3 3 3 3
3 3 3 3 3 3 3 3 3 3 3 3 3 3 3 3
3 3 3 3 3 3 3 3 3 3 3 3 3 3 3 3
3 3 3 3 3 3 3 3 3 3 3 3 3 3 3 3
3 3 3 3 3 3 3 3 3 3 3 3 3 3 3 3
3 3 3 3 3 3 3 3 3 3 3 3 3 3 3 3
3 3 3 3 3 3 3 3 3 3 3 3 3 3 3 3
3 3 3 3 3 3 3 3 3 3 3 3 3 3 3 3
3 3 3 3 3 3 3 3 3 3 3 3 3 3 3 3
3 3 3 3 3 3 3 3 3 3 3 3 3 3 3 3
3 3 3 3 3 3 3 3 3 3 3 3 3 3 3 3
3 3 3 3 3 3 3 3 3 3 3 3 3 3 3 3
3 3 3 3 3 3 3 3 3 3 3 3 3 3 3 3
</DataArray>
</Cells>
</Piece>
</UnstructuredGrid>
</VTKFile>
