$MeshFormat
2.2 0 8
$EndMeshFormat
$PhysicalNames
5
1 11 "Outer"
1 12 "Rigid"
2 1 "Air"
2 2 "Porous"
2 3 "PML"
$EndPhysicalNames
$Nodes
3805
1 -2.55 1.8 0
2 -2.55 -0.15 0
3 2.55 1.8 0
4 2.55 -0.15 0
5 2.25 -0.15 0
6 2.25 0 0
7 2.25 1.5 0
8 -2.25 1.5 0
9 -2.25 0 0
10 -2.25 -0.15 0
11 -2.55 1.744285714285714 0
12 -2.55 1.688571428571429 0
13 -2.55 1.632857142857143 0
14 -2.55 1.577142857142857 0
15 -2.55 1.521428571428572 0
16 -2.55 1.465714285714286 0
17 -2.55 1.41 0
18 -2.55 1.354285714285714 0
19 -2.55 1.298571428571429 0
20 -2.55 1.242857142857143 0
21 -2.55 1.187142857142857 0
22 -2.55 1.131428571428571 0
23 -2.55 1.075714285714286 0
24 -2.55 1.02 0
25 -2.55 0.9642857142857142 0
26 -2.55 0.9085714285714284 0
27 -2.55 0.8528571428571428 0
28 -2.55 0.7971428571428574 0
29 -2.55 0.7414285714285715 0
30 -2.55 0.6857142857142859 0
31 -2.55 0.6300000000000001 0
32 -2.55 0.5742857142857143 0
33 -2.55 0.5185714285714287 0
34 -2.55 0.4628571428571429 0
35 -2.55 0.407142857142857 0
36 -2.55 0.3514285714285714 0
37 -2.55 0.2957142857142856 0
38 -2.55 0.2399999999999998 0
39 -2.55 0.1842857142857139 0
40 -2.55 0.1285714285714283 0
41 -2.55 0.07285714285714251 0
42 -2.55 0.01714285714285668 0
43 -2.55 -0.03857142857142892 0
44 -2.55 -0.09428571428571453 0
45 2.493333333333333 1.8 0
46 2.436666666666667 1.8 0
47 2.38 1.8 0
48 2.323333333333334 1.8 0
49 2.266666666666667 1.8 0
50 2.21 1.8 0
51 2.153333333333334 1.8 0
52 2.096666666666668 1.8 0
53 2.040000000000001 1.8 0
54 1.983333333333335 1.8 0
55 1.926666666666668 1.8 0
56 1.870000000000001 1.8 0
57 1.813333333333335 1.8 0
58 1.756666666666669 1.8 0
59 1.700000000000002 1.8 0
60 1.643333333333336 1.8 0
61 1.586666666666669 1.8 0
62 1.530000000000002 1.8 0
63 1.473333333333336 1.8 0
64 1.416666666666669 1.8 0
65 1.360000000000003 1.8 0
66 1.303333333333336 1.8 0
67 1.24666666666667 1.8 0
68 1.190000000000003 1.8 0
69 1.133333333333337 1.8 0
70 1.07666666666667 1.8 0
71 1.020000000000004 1.8 0
72 0.9633333333333376 1.8 0
73 0.9066666666666712 1.8 0
74 0.8500000000000045 1.8 0
75 0.7933333333333381 1.8 0
76 0.7366666666666717 1.8 0
77 0.680000000000005 1.8 0
78 0.6233333333333386 1.8 0
79 0.566666666666672 1.8 0
80 0.5100000000000051 1.8 0
81 0.4533333333333385 1.8 0
82 0.3966666666666714 1.8 0
83 0.3400000000000047 1.8 0
84 0.2833333333333381 1.8 0
85 0.226666666666671 1.8 0
86 0.1700000000000044 1.8 0
87 0.1133333333333377 1.8 0
88 0.05666666666667064 1.8 0
89 3.996802888650564e-15 1.8 0
90 -0.05666666666666265 1.8 0
91 -0.1133333333333293 1.8 0
92 -0.1699999999999964 1.8 0
93 -0.226666666666663 1.8 0
94 -0.2833333333333301 1.8 0
95 -0.3399999999999967 1.8 0
96 -0.3966666666666634 1.8 0
97 -0.4533333333333305 1.8 0
98 -0.5099999999999967 1.8 0
99 -0.5666666666666633 1.8 0
100 -0.6233333333333304 1.8 0
101 -0.6799999999999971 1.8 0
102 -0.7366666666666637 1.8 0
103 -0.7933333333333308 1.8 0
104 -0.8499999999999974 1.8 0
105 -0.9066666666666641 1.8 0
106 -0.9633333333333312 1.8 0
107 -1.019999999999998 1.8 0
108 -1.076666666666664 1.8 0
109 -1.133333333333331 1.8 0
110 -1.189999999999998 1.8 0
111 -1.246666666666664 1.8 0
112 -1.303333333333331 1.8 0
113 -1.359999999999997 1.8 0
114 -1.416666666666664 1.8 0
115 -1.473333333333331 1.8 0
116 -1.529999999999998 1.8 0
117 -1.586666666666664 1.8 0
118 -1.643333333333331 1.8 0
119 -1.699999999999998 1.8 0
120 -1.756666666666665 1.8 0
121 -1.813333333333332 1.8 0
122 -1.869999999999998 1.8 0
123 -1.926666666666665 1.8 0
124 -1.983333333333332 1.8 0
125 -2.039999999999998 1.8 0
126 -2.096666666666666 1.8 0
127 -2.153333333333332 1.8 0
128 -2.209999999999999 1.8 0
129 -2.266666666666666 1.8 0
130 -2.323333333333332 1.8 0
131 -2.38 1.8 0
132 -2.436666666666667 1.8 0
133 -2.493333333333333 1.8 0
134 2.55 -0.09428571428571429 0
135 2.55 -0.03857142857142859 0
136 2.55 0.0171428571428571 0
137 2.55 0.07285714285714276 0
138 2.55 0.1285714285714284 0
139 2.55 0.1842857142857142 0
140 2.55 0.24 0
141 2.55 0.2957142857142857 0
142 2.55 0.3514285714285713 0
143 2.55 0.407142857142857 0
144 2.55 0.4628571428571429 0
145 2.55 0.5185714285714286 0
146 2.55 0.5742857142857143 0
147 2.55 0.6300000000000001 0
148 2.55 0.6857142857142858 0
149 2.55 0.7414285714285717 0
150 2.55 0.7971428571428573 0
151 2.55 0.8528571428571426 0
152 2.55 0.9085714285714285 0
153 2.55 0.9642857142857141 0
154 2.55 1.02 0
155 2.55 1.075714285714286 0
156 2.55 1.131428571428571 0
157 2.55 1.187142857142857 0
158 2.55 1.242857142857143 0
159 2.55 1.298571428571429 0
160 2.55 1.354285714285715 0
161 2.55 1.41 0
162 2.55 1.465714285714286 0
163 2.55 1.521428571428572 0
164 2.55 1.577142857142858 0
165 2.55 1.632857142857143 0
166 2.55 1.688571428571429 0
167 2.55 1.744285714285715 0
168 2.3 -0.15 0
169 2.35 -0.15 0
170 2.4 -0.15 0
171 2.45 -0.15 0
172 2.5 -0.15 0
173 2.25 -0.1 0
174 2.25 -0.04999999999999988 0
175 2.25 0.05555555555555566 0
176 2.25 0.1111111111111113 0
177 2.25 0.1666666666666669 0
178 2.25 0.2222222222222225 0
179 2.25 0.2777777777777783 0
180 2.25 0.333333333333334 0
181 2.25 0.3888888888888897 0
182 2.25 0.4444444444444455 0
183 2.25 0.500000000000001 0
184 2.25 0.5555555555555566 0
185 2.25 0.611111111111112 0
186 2.25 0.6666666666666675 0
187 2.25 0.722222222222223 0
188 2.25 0.7777777777777786 0
189 2.25 0.833333333333334 0
190 2.25 0.8888888888888895 0
191 2.25 0.944444444444445 0
192 2.25 1 0
193 2.25 1.055555555555556 0
194 2.25 1.111111111111112 0
195 2.25 1.166666666666667 0
196 2.25 1.222222222222223 0
197 2.25 1.277777777777778 0
198 2.25 1.333333333333333 0
199 2.25 1.388888888888889 0
200 2.25 1.444444444444444 0
201 2.193037974683544 1.5 0
202 2.136075949367089 1.5 0
203 2.079113924050633 1.5 0
204 2.022151898734178 1.5 0
205 1.965189873417722 1.5 0
206 1.908227848101267 1.5 0
207 1.851265822784811 1.5 0
208 1.794303797468355 1.5 0
209 1.7373417721519 1.5 0
210 1.680379746835444 1.5 0
211 1.623417721518989 1.5 0
212 1.566455696202533 1.5 0
213 1.509493670886077 1.5 0
214 1.452531645569622 1.5 0
215 1.395569620253166 1.5 0
216 1.338607594936711 1.5 0
217 1.281645569620255 1.5 0
218 1.2246835443038 1.5 0
219 1.167721518987344 1.5 0
220 1.110759493670888 1.5 0
221 1.053797468354432 1.5 0
222 0.9968354430379764 1.5 0
223 0.9398734177215207 1.5 0
224 0.8829113924050651 1.5 0
225 0.8259493670886091 1.5 0
226 0.7689873417721536 1.5 0
227 0.7120253164556978 1.5 0
228 0.655063291139242 1.5 0
229 0.5981012658227864 1.5 0
230 0.5411392405063304 1.5 0
231 0.4841772151898747 1.5 0
232 0.4272151898734191 1.5 0
233 0.3702531645569633 1.5 0
234 0.3132911392405078 1.5 0
235 0.256329113924052 1.5 0
236 0.1993670886075964 1.5 0
237 0.1424050632911404 1.5 0
238 0.08544303797468444 1.5 0
239 0.02848101265822933 1.5 0
240 -0.02848101265822667 1.5 0
241 -0.08544303797468222 1.5 0
242 -0.1424050632911382 1.5 0
243 -0.1993670886075942 1.5 0
244 -0.2563291139240493 1.5 0
245 -0.3132911392405053 1.5 0
246 -0.3702531645569609 1.5 0
247 -0.4272151898734169 1.5 0
248 -0.4841772151898724 1.5 0
249 -0.5411392405063284 1.5 0
250 -0.598101265822784 1.5 0
251 -0.6550632911392396 1.5 0
252 -0.7120253164556956 1.5 0
253 -0.7689873417721511 1.5 0
254 -0.8259493670886071 1.5 0
255 -0.8829113924050627 1.5 0
256 -0.9398734177215182 1.5 0
257 -0.9968354430379742 1.5 0
258 -1.05379746835443 1.5 0
259 -1.110759493670886 1.5 0
260 -1.167721518987341 1.5 0
261 -1.224683544303797 1.5 0
262 -1.281645569620253 1.5 0
263 -1.338607594936708 1.5 0
264 -1.395569620253164 1.5 0
265 -1.45253164556962 1.5 0
266 -1.509493670886076 1.5 0
267 -1.566455696202531 1.5 0
268 -1.623417721518987 1.5 0
269 -1.680379746835443 1.5 0
270 -1.737341772151899 1.5 0
271 -1.794303797468355 1.5 0
272 -1.85126582278481 1.5 0
273 -1.908227848101266 1.5 0
274 -1.965189873417721 1.5 0
275 -2.022151898734177 1.5 0
276 -2.079113924050633 1.5 0
277 -2.136075949367088 1.5 0
278 -2.193037974683544 1.5 0
279 -2.25 1.444444444444444 0
280 -2.25 1.388888888888889 0
281 -2.25 1.333333333333333 0
282 -2.25 1.277777777777777 0
283 -2.25 1.222222222222222 0
284 -2.25 1.166666666666666 0
285 -2.25 1.11111111111111 0
286 -2.25 1.055555555555554 0
287 -2.25 0.999999999999999 0
288 -2.25 0.9444444444444434 0
289 -2.25 0.888888888888888 0
290 -2.25 0.8333333333333325 0
291 -2.25 0.777777777777777 0
292 -2.25 0.7222222222222214 0
293 -2.25 0.666666666666666 0
294 -2.25 0.6111111111111105 0
295 -2.25 0.555555555555555 0
296 -2.25 0.4999999999999996 0
297 -2.25 0.444444444444444 0
298 -2.25 0.3888888888888884 0
299 -2.25 0.333333333333333 0
300 -2.25 0.2777777777777775 0
301 -2.25 0.2222222222222219 0
302 -2.25 0.1666666666666665 0
303 -2.25 0.1111111111111112 0
304 -2.25 0.05555555555555558 0
305 -2.25 -0.04999999999999999 0
306 -2.25 -0.1000000000000001 0
307 -2.5 -0.15 0
308 -2.45 -0.15 0
309 -2.4 -0.15 0
310 -2.35 -0.15 0
311 -2.3 -0.15 0
312 -2.193037974683544 0 0
313 -2.136075949367089 0 0
314 -2.079113924050633 0 0
315 -2.022151898734178 0 0
316 -1.965189873417722 0 0
317 -1.908227848101267 0 0
318 -1.851265822784811 0 0
319 -1.794303797468355 0 0
320 -1.7373417721519 0 0
321 -1.680379746835444 0 0
322 -1.623417721518989 0 0
323 -1.566455696202533 0 0
324 -1.509493670886077 0 0
325 -1.452531645569622 0 0
326 -1.395569620253166 0 0
327 -1.338607594936711 0 0
328 -1.281645569620255 0 0
329 -1.2246835443038 0 0
330 -1.167721518987344 0 0
331 -1.110759493670888 0 0
332 -1.053797468354432 0 0
333 -0.9968354430379764 0 0
334 -0.9398734177215207 0 0
335 -0.8829113924050651 0 0
336 -0.8259493670886091 0 0
337 -0.7689873417721536 0 0
338 -0.7120253164556978 0 0
339 -0.655063291139242 0 0
340 -0.5981012658227864 0 0
341 -0.5411392405063304 0 0
342 -0.4841772151898747 0 0
343 -0.4272151898734191 0 0
344 -0.3702531645569633 0 0
345 -0.3132911392405078 0 0
346 -0.256329113924052 0 0
347 -0.1993670886075964 0 0
348 -0.1424050632911404 0 0
349 -0.08544303797468444 0 0
350 -0.02848101265822933 0 0
351 0.02848101265822667 0 0
352 0.08544303797468222 0 0
353 0.1424050632911382 0 0
354 0.1993670886075942 0 0
355 0.2563291139240493 0 0
356 0.3132911392405053 0 0
357 0.3702531645569609 0 0
358 0.4272151898734169 0 0
359 0.4841772151898724 0 0
360 0.5411392405063284 0 0
361 0.598101265822784 0 0
362 0.6550632911392396 0 0
363 0.7120253164556956 0 0
364 0.7689873417721511 0 0
365 0.8259493670886071 0 0
366 0.8829113924050627 0 0
367 0.9398734177215182 0 0
368 0.9968354430379742 0 0
369 1.05379746835443 0 0
370 1.110759493670886 0 0
371 1.167721518987341 0 0
372 1.224683544303797 0 0
373 1.281645569620253 0 0
374 1.338607594936708 0 0
375 1.395569620253164 0 0
376 1.45253164556962 0 0
377 1.509493670886076 0 0
378 1.566455696202531 0 0
379 1.623417721518987 0 0
380 1.680379746835443 0 0
381 1.737341772151899 0 0
382 1.794303797468355 0 0
383 1.85126582278481 0 0
384 1.908227848101266 0 0
385 1.965189873417721 0 0
386 2.022151898734177 0 0
387 2.079113924050633 0 0
388 2.136075949367088 0 0
389 2.193037974683544 0 0
390 -2.193037974683544 -0.15 0
391 -2.136075949367089 -0.15 0
392 -2.079113924050633 -0.15 0
393 -2.022151898734178 -0.15 0
394 -1.965189873417722 -0.15 0
395 -1.908227848101267 -0.15 0
396 -1.851265822784811 -0.15 0
397 -1.794303797468355 -0.15 0
398 -1.7373417721519 -0.15 0
399 -1.680379746835444 -0.15 0
400 -1.623417721518989 -0.15 0
401 -1.566455696202533 -0.15 0
402 -1.509493670886077 -0.15 0
403 -1.452531645569622 -0.15 0
404 -1.395569620253166 -0.15 0
405 -1.338607594936711 -0.15 0
406 -1.281645569620255 -0.15 0
407 -1.2246835443038 -0.15 0
408 -1.167721518987344 -0.15 0
409 -1.110759493670888 -0.15 0
410 -1.053797468354432 -0.15 0
411 -0.9968354430379764 -0.15 0
412 -0.9398734177215207 -0.15 0
413 -0.8829113924050651 -0.15 0
414 -0.8259493670886091 -0.15 0
415 -0.7689873417721536 -0.15 0
416 -0.7120253164556978 -0.15 0
417 -0.655063291139242 -0.15 0
418 -0.5981012658227864 -0.15 0
419 -0.5411392405063304 -0.15 0
420 -0.4841772151898747 -0.15 0
421 -0.4272151898734191 -0.15 0
422 -0.3702531645569633 -0.15 0
423 -0.3132911392405078 -0.15 0
424 -0.256329113924052 -0.15 0
425 -0.1993670886075964 -0.15 0
426 -0.1424050632911404 -0.15 0
427 -0.08544303797468444 -0.15 0
428 -0.02848101265822933 -0.15 0
429 0.02848101265822667 -0.15 0
430 0.08544303797468222 -0.15 0
431 0.1424050632911382 -0.15 0
432 0.1993670886075942 -0.15 0
433 0.2563291139240493 -0.15 0
434 0.3132911392405053 -0.15 0
435 0.3702531645569609 -0.15 0
436 0.4272151898734169 -0.15 0
437 0.4841772151898724 -0.15 0
438 0.5411392405063284 -0.15 0
439 0.598101265822784 -0.15 0
440 0.6550632911392396 -0.15 0
441 0.7120253164556956 -0.15 0
442 0.7689873417721511 -0.15 0
443 0.8259493670886071 -0.15 0
444 0.8829113924050627 -0.15 0
445 0.9398734177215182 -0.15 0
446 0.9968354430379742 -0.15 0
447 1.05379746835443 -0.15 0
448 1.110759493670886 -0.15 0
449 1.167721518987341 -0.15 0
450 1.224683544303797 -0.15 0
451 1.281645569620253 -0.15 0
452 1.338607594936708 -0.15 0
453 1.395569620253164 -0.15 0
454 1.45253164556962 -0.15 0
455 1.509493670886076 -0.15 0
456 1.566455696202531 -0.15 0
457 1.623417721518987 -0.15 0
458 1.680379746835443 -0.15 0
459 1.737341772151899 -0.15 0
460 1.794303797468355 -0.15 0
461 1.85126582278481 -0.15 0
462 1.908227848101266 -0.15 0
463 1.965189873417721 -0.15 0
464 2.022151898734177 -0.15 0
465 2.079113924050633 -0.15 0
466 2.136075949367088 -0.15 0
467 2.193037974683544 -0.15 0
468 -2.196247199913756 0.7474666910672444 0
469 2.199549216736262 0.7531317401197691 0
470 0.2278481012658217 0.0493305609750625 0
471 -0.05696191195719276 0.0493306233900338 0
472 -0.7974676307568129 0.04933090765404713 0
473 -1.082286391914698 0.04938746267358185 0
474 -1.424050632911392 1.450669439024937 0
475 1.424050632911394 1.450669439024937 0
476 1.082279151012902 1.453268297720594 0
477 0.7974683544303812 1.450669439024937 0
478 0.5126565728977328 0.04933054595636455 0
479 -0.3417721518987332 1.450669439024937 0
480 -0.6265822992097511 1.45365173658121 0
481 1.253164556962025 0.04933056097506283 0
482 0.05696202531645683 1.450669439024938 0
483 0.3417721518987355 1.450669439024937 0
484 -0.9683544303797466 1.453729041374963 0
485 -0.4556965347094863 0.04933055331423197 0
486 0.9683544303797461 0.04933056097506283 0
487 -1.478966865389315 0.0509806467801448 0
488 1.538912268287721 0.04844359140359722 0
489 -1.196202531645569 1.453847977904065 0
490 1.651898734177217 1.450669439024937 0
491 0.5696202531645583 1.450669439024937 0
492 0.740504484079903 0.04933157229573371 0
493 -1.651975966424164 1.450647829029497 0
494 -1.705751147333646 0.05389735681970731 0
495 2.203885424261766 0.5270862127001906 0
496 2.19883874166905 0.9749840519268532 0
497 -2.202259028361969 0.9702110854989889 0
498 -2.201887477567531 0.5277777777777772 0
499 1.766248523963525 0.04861677357645566 0
500 -1.879746835443038 1.450669439024938 0
501 1.883542201153415 1.449635496953373 0
502 -1.935729655557302 0.05023174141369535 0
503 1.936906792515666 0.04925880112138403 0
504 -1.310136837120125 0.04932454794624808 0
505 -0.2278481012658243 0.04933056097506283 0
506 -0.1139240506329103 1.453534408523695 0
507 -0.7974684268954012 1.453690806110311 0
508 -0.6265821148196004 0.04933062671651789 0
509 1.253165577428168 1.453232958715456 0
510 2.201887477567531 0.3611111111111118 0
511 -2.200543829468597 1.134909061328241 0
512 2.199511310268435 1.138327141194346 0
513 -2.200325311218143 0.3637247586144674 0
514 -2.054916476823215 1.456205419007839 0
515 2.047059902256039 1.449403820640181 0
516 2.199982899316579 0.1950712555303288 0
517 -2.20002501559802 0.1950034299835534 0
518 2.200055253698207 1.30496940559081 0
519 -2.201200578074136 1.314869403094788 0
520 2.050720699253712 0.04921195399828016 0
521 -1.821963126275837 0.04981080314852215 0
522 -2.048335295104049 0.05124843418543168 0
523 -1.76588459580348 1.450677194796852 0
524 1.424079308101155 0.04931311130986071 0
525 1.653666827421966 0.04797546520414797 0
526 1.537974683544306 1.450669439024937 0
527 -1.537989079854466 1.450677806001886 0
528 1.765823661652572 1.45315746280376 0
529 -1.594185664035774 0.05009943405844319 0
530 -1.196214221735702 0.04933274945611188 0
531 0.05696165692820613 0.04933091815315449 0
532 0.3417722585249476 0.04933037629929271 0
533 -0.2278481012658218 1.450669439024938 0
534 0.1708860759493683 1.453469715247052 0
535 0.911392829470612 1.453304894490719 0
536 1.082267485682848 0.04933390071719057 0
537 -0.4556962025316447 1.450669439024937 0
538 -1.310126582278481 1.450669439024937 0
539 0.4556962025316468 1.450669439024937 0
540 -0.9113924050632932 0.04933056097506283 0
541 0.6265812348733856 0.04933101994378142 0
542 -0.3417721518987356 0.04933056097506283 0
543 -1.082278481012658 1.450669439024937 0
544 0.6835443037974699 1.450669439024937 0
545 0.854430379746835 0.04933056097506283 0
546 2.204717365800088 0.6345644680827383 0
547 2.208065798767907 0.8615329080099268 0
548 -2.201887477567531 0.8611111111111103 0
549 -2.202121004277467 0.6367787185101704 0
550 -2.16625097533718 1.454640148124739 0
551 2.162188985095068 0.04793215112913818 0
552 -2.162194705477611 0.04793448202922279 0
553 2.162208756796598 1.452058606449226 0
554 2.10719834304188 0.04896941230090612 0
555 2.079113745279001 0.09836934510742101 0
556 2.022521775760285 0.09834236486821546 0
557 2.050973844371875 0.1472305127325467 0
558 1.994456866086526 0.1473734416275378 0
559 2.022754927051676 0.1961976485407898 0
560 1.966369398851564 0.1963133775199398 0
561 1.994639452298969 0.2450604587803348 0
562 1.938457293789525 0.2452605767455364 0
563 1.966617083745384 0.293907955255941 0
564 1.910445084981279 0.2941156519054499 0
565 1.938581592854442 0.3427404774710661 0
566 1.882381739738646 0.3429310991512358 0
567 1.910532254300777 0.391552713603503 0
568 1.85426090585016 0.3917156510623806 0
569 1.882466221704709 0.4403814318601502 0
570 1.826252852599661 0.4405760489721404 0
571 1.854423733706834 0.4892277203967216 0
572 1.798184733481366 0.4894249841105404 0
573 1.826392962038726 0.5381267507645463 0
574 1.770104891795859 0.5383048368101729 0
575 1.798353627356807 0.587059179913752 0
576 1.741900962211906 0.587138910721096 0
577 1.770237037009502 0.6359741412722336 0
578 1.713777802232067 0.6360861692388482 0
579 1.742134604498149 0.6849423494689235 0
580 1.685641001763352 0.6850480722082724 0
581 1.657280434803677 0.6361859240173656 0
582 1.629150042947836 0.6852848579755522 0
583 1.600745042684499 0.6363042040347837 0
584 1.572572455961816 0.6854593589406546 0
585 1.544146653699501 0.6364128923503869 0
586 1.515915652303031 0.6855768128580265 0
587 1.487518878646579 0.6365251915081043 0
588 1.459245506783913 0.6857132957154681 0
589 1.430921856736738 0.6366424733298326 0
590 1.402546736327759 0.6857742296587133 0
591 1.374175669313922 0.6367108860648114 0
592 1.345813158020243 0.6859212893357898 0
593 1.317392252812431 0.6368445672186486 0
594 1.289043420945376 0.6860274327388336 0
595 1.260605675458896 0.636972418207312 0
596 1.232245594692496 0.6861425247550349 0
597 1.203736954955869 0.6370454691061155 0
598 1.175421343029992 0.6862723388040336 0
599 1.146900194599402 0.6371382677308268 0
600 1.118582870436057 0.686386661168501 0
601 1.090052635922233 0.6372467260218359 0
602 1.061732173117846 0.6865281457494026 0
603 1.033292802503153 0.6374206345001437 0
604 1.00487998638751 0.6866431055776623 0
605 0.9764388403941319 0.637616392889386 0
606 0.9480064901388526 0.6868210644624344 0
607 0.9194579474879014 0.6376961067331834 0
608 0.8911013001150043 0.6869497623327327 0
609 0.8625442130670796 0.6377382000402179 0
610 0.8341960516660459 0.6870638131429301 0
611 0.8056362368988148 0.6378422961719198 0
612 0.7772865546413158 0.6871849198992802 0
613 0.748725066619198 0.6379574997484423 0
614 0.7203716443346844 0.6873087399093218 0
615 0.6918054923720524 0.6380769109575015 0
616 0.6634499007628013 0.6874333794073053 0
617 0.6348817982127105 0.6381968402872846 0
618 0.6065240410234675 0.687557779773085 0
619 0.5779525161105404 0.6383170707538113 0
620 0.5495923303872138 0.6876821139057377 0
621 0.5210195757645287 0.6384376688831179 0
622 0.4926576939641952 0.6878061652542431 0
623 0.4640822606158683 0.638558440754448 0
624 0.4357184355457886 0.6879300712529101 0
625 0.4071422279737276 0.6386795115365844 0
626 0.3787764592429305 0.6879727367243321 0
627 0.3501987121254874 0.6387872054382208 0
628 0.3218325100814577 0.6881303237028127 0
629 0.2933385098216884 0.6391445814162382 0
630 0.2648996400800573 0.6882469727744573 0
631 0.2361996572504207 0.6394247906372212 0
632 0.2079215945479327 0.6884785166695166 0
633 0.1791279796258246 0.6393580839193181 0
634 0.1509459281147041 0.6885883012719547 0
635 0.1223598879981676 0.639326029277039 0
636 0.09402010629939671 0.6885940465365308 0
637 0.0654471123256742 0.639405781958976 0
638 0.03708153786066372 0.6887931110070385 0
639 0.008580789945792011 0.6398239701449301 0
640 -0.01985952895397242 0.6888738718210765 0
641 -0.04861535860142145 0.6401380344681824 0
642 -0.07685271133773802 0.6891127872119237 0
643 -0.1057011266185854 0.6400176678082266 0
644 -0.1338369121807773 0.6892145129048802 0
645 -0.1623432309743969 0.6402759496416481 0
646 -0.1907461303672888 0.6893564652628925 0
647 -0.2195277604616862 0.6405908758141663 0
648 -0.2477336601933446 0.6895145063527504 0
649 -0.2766113272066669 0.6404213771940358 0
650 -0.3047177679318072 0.6895944866677938 0
651 -0.3333074232624292 0.6403211195433767 0
652 -0.3616161388455087 0.6896525997353666 0
653 -0.3902125330216729 0.6403955655182403 0
654 -0.4185773187796876 0.68967571064941 0
655 -0.4471631967007797 0.64049330183238 0
656 -0.4756245460766387 0.6897266040187262 0
657 -0.5041360060650165 0.6405995886395613 0
658 -0.5326009239562216 0.6899357716551233 0
659 -0.5610185855986841 0.6411461918768238 0
660 -0.5894622104884505 0.6900900176990152 0
661 -0.6183046231749656 0.6415506409625293 0
662 -0.6465520035210049 0.6902122349617368 0
663 -0.6754232169042228 0.6413074382089491 0
664 -0.7035602302060309 0.6903783157065699 0
665 -0.7319802293413887 0.6416176413639583 0
666 -0.7603360291374687 0.6905107642752116 0
667 -0.7892261747031906 0.6419955716935341 0
668 -0.8174410791779947 0.6905975064014288 0
669 -0.8463408824080502 0.6417074743822785 0
670 -0.874450676257145 0.6907525419159982 0
671 -0.9029509724176668 0.6415449136086754 0
672 -0.9313386915577644 0.6908204387750663 0
673 -0.9598393134938038 0.641611560902298 0
674 -0.9883660019115401 0.6908702397462056 0
675 -1.016709985211397 0.6422165177746564 0
676 -1.04512972564343 0.691121431388162 0
677 -1.074044599895261 0.6426899305523138 0
678 -1.102198076776027 0.6913128279474627 0
679 -1.131164359011599 0.6423816665010144 0
680 -1.159158959233 0.6913428233170276 0
681 -1.187720261054318 0.6421752724976907 0
682 -1.216100946187184 0.6914361071187258 0
683 -1.244592111531529 0.642247654397931 0
684 -1.272913870525153 0.6916035649775801 0
685 -1.30145754709984 0.6423633181702664 0
686 -1.329779213572401 0.6916868741269225 0
687 -1.35829854937205 0.6425004903168765 0
688 -1.386601598285388 0.6917604761696894 0
689 -1.415096317425894 0.6426695211352609 0
690 -1.443359877926277 0.6918495937179006 0
691 -1.471822125780995 0.6428176488286103 0
692 -1.500045945008381 0.6919573614843531 0
693 -1.528472134994413 0.6429483843178933 0
694 1.71401974263346 0.7339035992679599 0
695 1.317480739791736 0.7351488447625728 0
696 0.9765229987457439 0.7358713708556832 0
697 0.2365155113568254 0.7374283505179082 0
698 -0.04824363418419562 0.738028404978104 0
699 0.7489386943922176 0.7365378615436181 0
700 -0.5611058733052646 0.7389938277961078 0
701 0.5212330188990983 0.7370526980012797 0
702 -0.9030548488268189 0.7398083418072104 0
703 -1.471645463397793 0.7409696584942407 0
704 -1.52826537240022 0.7410745065113331 0
705 -0.276072098755123 0.7387959962341226 0
706 -1.244529598091594 0.740642239404633 0
707 -1.499873424192633 0.7900537066725796 0
708 -1.55647952090928 0.7901625699077771 0
709 -1.528088551823132 0.8391356276864659 0
710 -1.58467471914253 0.8392123697022161 0
711 -1.613033113885125 0.7902975799556751 0
712 -1.641204986741603 0.8392987666220353 0
713 1.147036995068607 0.7354719286060071 0
714 -1.073757955042526 0.7402780365151962 0
715 -0.7320812366433495 0.7394164768163024 0
716 1.544360821338724 0.7347300503220497 0
717 -1.66953807881598 0.7904263580792146 0
718 -1.612878540736232 0.8882013794282224 0
719 -1.669379218021721 0.8882598301242339 0
720 -1.386834787033402 0.5934116547216286 0
721 -0.988621295731549 0.5942078486510186 0
722 -0.7042164606603961 0.5936529657433592 0
723 -0.5328715137278829 0.5928809842150343 0
724 -0.1344015706568008 0.5919291439958458 0
725 0.150649941223036 0.5905909811336818 0
726 0.4355425715135777 0.5894110882439665 0
727 1.346013927196375 0.5877025458201519 0
728 1.175396351431902 0.5879575309847724 0
729 -1.160154208222461 0.5938450830412798 0
730 -0.3050972761077795 0.5918177521423075 0
731 0.6632773421214865 0.5889152323252742 0
732 0.8910463476685173 0.5886963053618686 0
733 1.516021982863848 0.5873201076529185 0
734 -1.641062264858159 0.9371607478530287 0
735 -1.697539812780306 0.9372211678983492 0
736 1.77033333127992 0.4401403738554471 0
737 -1.66928651728496 0.9860839423421122 0
738 -1.612968166223564 0.9862245909187273 0
739 -1.725704059555146 0.9861119307797542 0
740 -1.753971675430675 0.9373243924815499 0
741 1.770495548766964 0.733787571896954 0
742 1.742386746004213 0.7827441635100888 0
743 -1.782113173814997 0.9861378406479382 0
744 1.798835567759812 0.7826113458671911 0
745 1.770740800450624 0.8315590327214546 0
746 -1.81032600930334 0.9373593957912835 0
747 -1.69766925678219 1.035068768635883 0
748 1.827171131126774 0.8314128363551001 0
749 1.799173737958464 0.8804165125398518 0
750 1.742639959372481 0.8805342637751385 0
751 1.771117325579224 0.92942671243217 0
752 1.714512007098931 0.9295403397702223 0
753 1.742947921493013 0.9784367936714977 0
754 1.686360943341154 0.9785818727915288 0
755 1.799656201837905 0.9784137933081765 0
756 1.714813814176977 1.027514195901723 0
757 1.658194218872576 1.027669390909168 0
758 -1.838426299062939 0.9862243635708572 0
759 1.855224958376459 0.7825264051503146 0
760 1.686643135860301 1.076602953975216 0
761 1.630010913343977 1.076779342846115 0
762 1.601548744832128 1.027807858668578 0
763 1.573344586469161 1.076952244856653 0
764 1.544855824868008 1.02793552066249 0
765 1.516634531970206 1.077121865430502 0
766 1.488135529836225 1.028074818530368 0
767 1.459895636448596 1.077296199983611 0
768 1.431379461373387 1.028214836879069 0
769 1.403133742868171 1.077458111167094 0
770 1.374603772912921 1.028360159187888 0
771 1.346338432236455 1.077621533093981 0
772 1.317794715150656 1.028502010715651 0
773 1.28952544147203 1.077781851299131 0
774 1.260972980568198 1.028649827439348 0
775 1.23270820361789 1.07793896375884 0
776 1.204271626093152 1.028875486782142 0
777 1.175876252874152 1.078118857111814 0
778 1.147469123322304 1.029187380338898 0
779 1.119004182640048 1.078293220466875 0
780 1.090464043769777 1.029282522169356 0
781 1.062088712112847 1.078426167679623 0
782 1.033662952601174 1.029352046426053 0
783 1.005246929755361 1.078602549719641 0
784 0.9768218952507208 1.029637096730901 0
785 0.9483253545700369 1.078759969298571 0
786 0.9197805575771983 1.029726646114338 0
787 0.8913866141628008 1.078898274140822 0
788 0.8628066305668805 1.029717349497756 0
789 0.8344703578257463 1.07906000820481 0
790 0.8058766388407211 1.02984214778866 0
791 0.7775464436764876 1.079210089295489 0
792 0.7489503494209655 1.029987686084742 0
793 0.7206179979718349 1.079365311438989 0
794 0.6920195989709982 1.030138644784477 0
795 0.6636843705923456 1.079520436749172 0
796 0.6352160759474645 1.030365580497034 0
797 0.606769324141532 1.07968777699259 0
798 0.5783386774354945 1.030662383940576 0
799 0.5498429753775916 1.079868343359457 0
800 0.5212773149804352 1.03076641182798 0
801 0.492864624226033 1.079983259869965 0
802 0.4642714328269966 1.030773240016496 0
803 0.435941267513924 1.080114406670307 0
804 0.4073183738927935 1.030897240226107 0
805 0.3789757805402674 1.080271988729546 0
806 0.3504862450812664 1.03111451653931 0
807 0.3220428380960248 1.080452541740615 0
808 0.293558505094918 1.0314183238154 0
809 0.2650982947307284 1.080635793313568 0
810 0.2364913200664224 1.031531588957348 0
811 0.2081276977358061 1.080787711385967 0
812 0.1795155463235299 1.031540851120156 0
813 0.151167236471681 1.080916917546582 0
814 0.1225564465436093 1.031665351194664 0
815 0.0942105037003277 1.081035224536069 0
816 0.06560011792156956 1.031807291034718 0
817 0.03725436401652651 1.081184635246544 0
818 0.008643765008976782 1.031957368572986 0
819 -0.01970227414184603 1.081337535754739 0
820 -0.04831314287145507 1.032109434118591 0
821 -0.07665945630580337 1.081512283299449 0
822 -0.1052706749722225 1.032265502499321 0
823 -0.1336172879943958 1.081669524290203 0
824 -0.1621336898605865 1.032473957383171 0
825 -0.190559814407875 1.081832570350659 0
826 -0.2190735281551299 1.032743980308918 0
827 -0.247523415641245 1.08199205511992 0
828 -0.2761252766265239 1.032862669555314 0
829 -0.3044884265159417 1.082126867973569 0
830 -0.3331013958912069 1.032900197769854 0
831 -0.3614735240854813 1.082245075210562 0
832 -0.3900681403809759 1.033027888691371 0
833 -0.4184387202206127 1.08241637841695 0
834 -0.4470301633476652 1.033179476441716 0
835 -0.4753782381707202 1.082584604172659 0
836 -0.503986008235956 1.033335494087393 0
837 -0.532334324302412 1.08274055583369 0
838 -0.5609461289665799 1.033488401738955 0
839 -0.5892940181228893 1.0828644965005 0
840 -0.6179063651968008 1.033636382390064 0
841 -0.6462773526855735 1.082998449718339 0
842 -0.6748027294666009 1.03382413952595 0
843 -0.7032308466914785 1.083183391345017 0
844 -0.7317511300240296 1.034062806006095 0
845 -0.7601649720889626 1.083369045469209 0
846 -0.7887727591206291 1.034196986111923 0
847 -0.8171302939058777 1.083523861155261 0
848 -0.8457429815319689 1.034339856199344 0
849 -0.874090994343381 1.08367448433174 0
850 -0.9027020234681736 1.034536892356982 0
851 -0.9310474871321438 1.083832871326716 0
852 -0.9596568458838919 1.034633249764097 0
853 -0.9880003072182754 1.08397609403959 0
854 -1.016607937726038 1.034784597102836 0
855 -1.044949091435503 1.084126299756688 0
856 -1.073555713168036 1.03492717537219 0
857 -1.101893995259061 1.084274994025141 0
858 -1.130497362756586 1.035084416963323 0
859 -1.15883105754964 1.084425239171611 0
860 -1.187427196025314 1.035236992973639 0
861 -1.215749535939257 1.08456734290454 0
862 -1.866592761283703 0.9374699857418889 0
863 -1.894649113255785 0.9863292515984793 0
864 -1.866505458368237 1.034972659976207 0
865 1.883498851679536 0.8312322509682031 0
866 -1.471464393016638 0.8390399301343638 0
867 1.882882655335487 0.5385227260981718 0
868 1.318129431459652 1.126939407377031 0
869 1.147634862389713 1.127459694901166 0
870 0.9770308367446306 1.127937642588586 0
871 0.23672768372627 1.129997795921691 0
872 1.602115748902694 1.126001925788016 0
873 -0.04803485167942369 1.13070526941986 0
874 -0.5606961321737041 1.132072154875479 0
875 -0.7315747906331912 1.132598408921073 0
876 -0.9024392598427687 1.133057916692162 0
877 0.7492313672706059 1.128556738992623 0
878 0.5215138375022537 1.129198633653496 0
879 -0.2758931290796702 1.131315124845216 0
880 -1.130247350000566 1.133639662103275 0
881 1.911519296369515 0.7824498898013396 0
882 1.854672812467564 0.2936278278341563 0
883 -1.922701818539706 1.035057055808474 0
884 -1.894545403566895 1.083696266818135 0
885 -1.244333995760855 1.035402806243005 0
886 -1.272643318802639 1.08470479168717 0
887 -1.922797941186998 0.9377184874525162 0
888 -1.894836092656044 0.888878487238637 0
889 -0.4185919984980994 0.9839223675673523 0
890 0.09394572407665094 0.9824089164906047 0
891 0.3789321280463863 0.9819738804854973 0
892 1.939747880903467 0.831034845447756 0
893 1.966816518142375 0.3917297948309587 0
894 -1.95092931483989 0.889158085589087 0
895 -1.922982504276605 0.8405192262622114 0
896 -1.301208935108501 1.035544080266896 0
897 -1.329514102875961 1.084853183096321 0
898 -1.300954217188333 1.13401065461403 0
899 -1.357818623740002 1.134157488006003 0
900 -1.950719959988473 1.083735235734114 0
901 -1.922588937711575 1.132424057221997 0
902 -1.866324849875522 1.132385849946732 0
903 -1.894437742872534 1.181176674197976 0
904 -1.83806958479024 1.181146080861423 0
905 -1.950784167565517 1.181189752444855 0
906 1.459652469149152 0.9790654399875151 0
907 -0.1336845087417179 0.9832599981340182 0
908 -1.159012314389857 0.9859769434703052 0
909 0.8913661217249472 0.9808867161315222 0
910 0.6636545053394317 0.9812649228229793 0
911 -0.9882176568498252 0.9855604369793514 0
912 -0.8173250100481365 0.9852001989768625 0
913 -0.6464982277012813 0.9844434349129502 0
914 1.232425997720068 0.9794920301176558 0
915 -1.32926027285717 1.183318546839165 0
916 -1.386112881350122 1.18345016191915 0
917 1.061930471484104 0.9800727645828434 0
918 1.967881690855723 0.7824193322809874 0
919 -1.358023400957661 1.035609709453606 0
920 -1.273123905737962 0.5930168279815129 0
921 -1.414662109278887 1.134306492072907 0
922 -1.442951577102409 1.18358242885348 0
923 1.743278860967802 1.076452319232266 0
924 -0.8748180191503577 0.593340908674294 0
925 -1.016344511273552 1.133356336456658 0
926 -0.4467677470331913 1.131821758040706 0
927 -0.4187553365438638 0.5913180723788606 0
928 -0.161963813334704 1.131074881297873 0
929 0.03681079347385994 0.5912331350292781 0
930 0.1228101839041043 1.130243091583103 0
931 0.3216193830405515 0.5904034400506862 0
932 0.3506422831599976 1.129640630179686 0
933 0.5494179144349646 0.589161939771134 0
934 0.6353704471392837 1.128874406414294 0
935 0.7772251187617764 0.5888540595274993 0
936 0.8631167759057784 1.128222877492942 0
937 -1.500280263980891 0.593813638975089 0
938 -1.556918246352217 0.5939558053843315 0
939 -1.528717160583225 0.5448464541874778 0
940 -1.585325211171502 0.5451255428528821 0
941 -1.557146758105234 0.4959029962092245 0
942 -1.613774555939374 0.4961466681837403 0
943 -1.585584382313963 0.4469236807969106 0
944 -1.642216995565786 0.4470810102627274 0
945 -1.670395829021256 0.496280470752359 0
946 -1.698836302637934 0.4472283759413346 0
947 -1.726981365483145 0.4964355112993913 0
948 -1.755404549278397 0.4474192587485194 0
949 -1.783505811607763 0.4965596914293789 0
950 -1.528929390216186 0.4467616717468126 0
951 -1.81189001417145 0.4476047247951906 0
952 -1.839947818645942 0.4965229718454401 0
953 -1.868267604314329 0.4478038061295991 0
954 -1.783825206690412 0.3985888256530302 0
955 -1.557391678369717 0.3977438129394033 0
956 -1.500690504211552 0.3975976487419972 0
957 -1.896288943171601 0.4966184351029148 0
958 -1.81147564201662 0.5457863375125084 0
959 -1.529180845273967 0.348540525434022 0
960 -1.472433876196948 0.3483959780346222 0
961 -1.924563358650457 0.4479551314003934 0
962 -1.952525451509724 0.4967300357686323 0
963 -1.500933363520427 0.2993188382147592 0
964 -1.557699203761412 0.2994697294584671 0
965 -1.444168154404535 0.2991750239969216 0
966 -1.415660233155558 0.348275842395983 0
967 -1.387371094809845 0.2990631539313989 0
968 -1.35884810395465 0.34817215622396 0
969 -1.330549692845655 0.2989087550327789 0
970 -1.30200392960551 0.3480539095844659 0
971 -1.273686688731802 0.2987977537203557 0
972 -1.245130903144634 0.3479395565987294 0
973 -1.216800883792114 0.2987019495895443 0
974 -1.188234658749409 0.3486365675591375 0
975 -1.159895625180359 0.2987078790199376 0
976 -1.131321433158417 0.3486725246080781 0
977 -1.102975528014273 0.2986639067751765 0
978 -1.074380588420282 0.3485680643287417 0
979 -1.046042082839391 0.2985481109619506 0
980 -1.017449643618278 0.3484606364243175 0
981 -0.989103146661016 0.2984614200213704 0
982 -0.9605256281773119 0.3475530162714606 0
983 -0.9321617350184577 0.2980438009392895 0
984 -0.9035531791298996 0.3479522683563495 0
985 -0.8752074963156576 0.2981344631283486 0
986 -0.8466002313718272 0.3479541712307533 0
987 -0.8182535455860662 0.2980383551488811 0
988 -0.7896666117299341 0.3471335505631608 0
989 -0.7613014984943901 0.2977976151869837 0
990 -0.7326888536496744 0.3475142889688446 0
991 -0.7043414721707731 0.297756179467164 0
992 -0.6757279177070653 0.3474854597945228 0
993 -0.647386385324131 0.2974162606652074 0
994 -0.6187913910747236 0.3466867882449672 0
995 -0.5904275527356918 0.2973910983499238 0
996 -0.5618338225298498 0.3470141953522731 0
997 -0.5334683415184173 0.2973767650569022 0
998 -0.5048744799408781 0.3469793120521522 0
999 -0.4765092812023283 0.2970366092554587 0
1000 -0.4479148397583653 0.3467880987973292 0
1001 -0.419548763070261 0.2971167633668308 0
1002 -0.3909547345732521 0.346682398584839 0
1003 -0.3625885343212155 0.2970479399811813 0
1004 -0.3339741307220027 0.3465498532301888 0
1005 -0.3056250402778635 0.2969271933672557 0
1006 -0.2770063923808766 0.346418240919963 0
1007 -0.248663174021738 0.2968201363761102 0
1008 -0.2200665626851481 0.3457958955362071 0
1009 -0.1917064078459864 0.2966114361292667 0
1010 -0.1630936470339861 0.3460016421445391 0
1011 -0.1347451287614995 0.2965462128747466 0
1012 -0.1061268161928801 0.3459348435608068 0
1013 -0.07778904734404747 0.2961601099786719 0
1014 -0.0491878578552887 0.3453424595613744 0
1015 -0.02082936756908856 0.2961980945832815 0
1016 0.007763446599821324 0.3455111124263933 0
1017 0.03612808271923554 0.2961677856702813 0
1018 0.06472034181392673 0.3454466606915728 0
1019 0.09308570676986706 0.2960649491958435 0
1020 0.1216954255603731 0.3453061894246749 0
1021 0.1500459729136073 0.2959589843205622 0
1022 0.1786618521258256 0.3451740832399011 0
1023 0.2070004209271746 0.2955336639777826 0
1024 0.2356009673514622 0.3446728406982665 0
1025 0.2639574007215589 0.2956019104342885 0
1026 0.2925483527821294 0.3447590838662006 0
1027 0.3209114070551 0.2955626033089794 0
1028 0.3495015397279644 0.3446790720123734 0
1029 0.3778651668233922 0.2954557777982297 0
1030 0.4064547536672014 0.344519318404269 0
1031 0.4348180942094877 0.2953460432987912 0
1032 0.4634070596691386 0.3443863107084557 0
1033 0.4917692609475524 0.2949050488912773 0
1034 0.5203577953727555 0.3441623809902726 0
1035 0.5487197026657211 0.2950319874081634 0
1036 0.5773070970770106 0.3440578145603546 0
1037 0.6056680776749785 0.2949707010763656 0
1038 0.6342542646121282 0.3439024995364321 0
1039 0.6626141813377769 0.2948479553302895 0
1040 0.6911993244871569 0.3436914045457338 0
1041 0.7195579082192917 0.2947267932302344 0
1042 0.7481415940342391 0.3435850587293448 0
1043 0.7764988617922023 0.2946023673096793 0
1044 0.8050811178350479 0.3434572721115575 0
1045 0.8334366821446345 0.294494289227105 0
1046 0.862017017313163 0.3432882857744647 0
1047 0.8903705702654471 0.2943620529058395 0
1048 0.9189487133717305 0.3431476642928697 0
1049 0.9472995584240592 0.2942496812998 0
1050 0.9758754254983817 0.3429694111423188 0
1051 1.004223175643545 0.2941151703493712 0
1052 1.032799159948862 0.3428260282374858 0
1053 1.061142124347896 0.2940021676105314 0
1054 1.089715638386961 0.3426923299764016 0
1055 1.118055005050074 0.2938756314497367 0
1056 1.146626351254547 0.3425553309108549 0
1057 1.174959776187467 0.2937503242062846 0
1058 1.203526176455875 0.3424178161998089 0
1059 1.231854409122151 0.2932677895878146 0
1060 1.260409434511415 0.3422208791387721 0
1061 1.288732598331187 0.2934308736032115 0
1062 1.317284892117764 0.3421162974294313 0
1063 1.345595367340956 0.2933600176190323 0
1064 1.374138832835076 0.3419891514117089 0
1065 1.402440804973212 0.2928907108458403 0
1066 1.430967137462741 0.3417849465723148 0
1067 1.459257848660082 0.2930570755652776 0
1068 1.487771102484535 0.3416717891881903 0
1069 1.516041936979542 0.2925175735987008 0
1070 -1.92430648542193 0.5453306959526036 0
1071 -1.698529428507701 0.5453921692189774 0
1072 -1.896617875120382 0.3991687911892424 0
1073 -1.952856277512144 0.3993173074910601 0
1074 -1.924912647284762 0.3505305003744382 0
1075 -1.98109676654788 0.3507233684376742 0
1076 -1.953162294361241 0.301867635011457 0
1077 1.431739208138753 1.126590721807199 0
1078 1.715111157390573 1.125554621096125 0
1079 1.771738934397263 1.125371530177228 0
1080 1.743579543627557 1.174519000321302 0
1081 1.800209730145584 1.174319140193109 0
1082 1.828350571057874 1.125222194256801 0
1083 1.856809190132941 1.174098749428022 0
1084 1.884906239208604 1.12509854458442 0
1085 1.91331569930356 1.173869484653647 0
1086 1.941354615523908 1.124968147630464 0
1087 1.969711653025228 1.17368726311864 0
1088 1.713986622727003 0.5382600790994126 0
1089 1.657942145867978 0.9296642277195954 0
1090 -1.272781485474667 0.9862388987400676 0
1091 1.544523033015733 0.3414768683551958 0
1092 1.572782033494658 0.292358873298055 0
1093 1.061804983559527 0.5882420433505742 0
1094 -1.897053375272388 0.3015209897563552 0
1095 1.430984997182187 0.7349044423145021 0
1096 -0.390116584355446 0.7386943234241732 0
1097 -0.3046429719217177 0.9837292891513252 0
1098 1.346077538038243 0.9792340354122123 0
1099 0.1224921274268836 0.7376343467037403 0
1100 -0.5325543650357847 0.9842395685514185 0
1101 0.2079877991406544 0.982444443741089 0
1102 0.4072472314022537 0.7370304264297005 0
1103 0.492772661259627 0.9817136080913152 0
1104 -0.1621568103510454 0.7385495410001103 0
1105 -0.01996652528465016 0.9827123875988396 0
1106 0.8627552684292639 0.7362737359695123 0
1107 0.6350955206349881 0.7367969074145021 0
1108 0.7772828597072351 0.9806120388143401 0
1109 -1.979038223052198 0.8406435889375939 0
1110 -1.951102762261923 0.792059512533263 0
1111 -1.895020194842087 0.79176603814341 0
1112 -1.980458073986347 0.5460139319881421 0
1113 1.941725630065813 1.222588398140549 0
1114 -1.978851190924777 1.035160447933731 0
1115 1.829102994701628 1.223332867107685 0
1116 -2.008963121096076 0.3996784121845646 0
1117 1.997697236870434 1.124873609238945 0
1118 1.96940413151421 1.076182305258348 0
1119 -1.922586247107701 1.229979247930663 0
1120 -1.97892994618043 1.230083362186682 0
1121 -1.357565027841946 1.232630211673645 0
1122 -1.300694214895147 1.232493715993675 0
1123 1.998083184992727 1.222382224912228 0
1124 -2.009375187377777 0.3020743459229073 0
1125 1.996059587559439 0.8311219568574361 0
1126 -1.416511601969497 0.2503277726033724 0
1127 -2.006960245008075 0.8892216690588294 0
1128 -1.017694271336064 0.248803053309315 0
1129 -0.7329385326418686 0.248127671155487 0
1130 -0.5645427778806197 0.2477008744278492 0
1131 -0.1658165072141488 0.2472059561193828 0
1132 -1.981442211451815 0.2532113374468378 0
1133 0.1189815508066326 0.2468547856650274 0
1134 0.4037692940159344 0.2464881931410828 0
1135 1.910186118639249 0.196476951282699 0
1136 1.939559824583146 0.7337421174301033 0
1137 1.995859517596172 0.7337617468878236 0
1138 1.144040758901361 0.2455286077246427 0
1139 -1.471476876829074 1.134451024978282 0
1140 -1.49976652642988 1.183710027278231 0
1141 -1.471245167185405 1.232844512270603 0
1142 -1.528050211204758 1.232956542947817 0
1143 -1.556557317659512 1.183846626848444 0
1144 -1.584831058762906 1.233064695555555 0
1145 1.314871113640026 0.2452701115759827 0
1146 -1.529444286303493 0.2502267192459502 0
1147 -1.586222168175091 0.2503893890320671 0
1148 1.402677548542194 0.3910021858357718 0
1149 -2.006818990849984 1.083889011561468 0
1150 -1.245373016775691 0.2493924561899682 0
1151 1.232095310003332 0.3914956312053746 0
1152 -1.131558413515849 0.2490883156105573 0
1153 0.947543809504184 0.3923076137462507 0
1154 1.118297590307654 0.3917919185086 0
1155 -1.330339038128453 0.397290313176364 0
1156 0.8337001758929388 0.3928079719524394 0
1157 0.7198193238930529 0.3930977344774933 0
1158 0.605935488692393 0.3934996463857858 0
1159 -2.007118807278466 0.7921655222396603 0
1160 0.4920416790667125 0.3938909139438967 0
1161 0.2642620585318814 0.3946829363897848 0
1162 0.378140455965181 0.394290029753502 0
1163 -0.02051931439378017 0.3956808233189529 0
1164 -1.216259445297422 0.3981636616337646 0
1165 -0.1913726932096425 0.3963169253326808 0
1166 0.09338170832468114 0.3952918837374977 0
1167 -0.8468497691091105 0.2483940092492213 0
1168 -1.102685417846211 0.3994684637744063 0
1169 -0.5901181545645183 0.3976803138353656 0
1170 1.970096185708758 1.271290171907715 0
1171 -0.7609720861537764 0.398333251806508 0
1172 -0.3622853080789604 0.3968811972666242 0
1173 -0.476222017554345 0.397248464530971 0
1174 -0.9318398099888171 0.3989426151603846 0
1175 2.025628379028608 1.076078431639639 0
1176 -0.3936614804411355 0.2475035365619117 0
1177 -0.2797381588095134 0.2473693017573736 0
1178 0.005062253149086556 0.2469769709570181 0
1179 0.2898568035462099 0.2466136901937143 0
1180 0.5746291538902494 0.2462579118864635 0
1181 0.6885289769187869 0.246123368556622 0
1182 0.8024214138945421 0.2459797578635541 0
1183 0.916303053246284 0.2458342803616544 0
1184 1.030169938878807 0.2456871715315555 0
1185 1.486201041046413 0.2443731902977055 0
1186 -1.979208433879323 0.7436151776217766 0
1187 1.997424936034978 1.0274787352203 0
1188 1.516299650105882 0.3906353808171183 0
1189 1.573005310023386 0.3904919289120639 0
1190 2.023535351975766 0.2946172857619365 0
1191 -1.951259763130865 1.278498790328616 0
1192 -1.891055026384797 1.28752875060464 0
1193 -2.007233010299184 1.278799878752146 0
1194 -2.03531975006205 1.230155949340375 0
1195 2.024852734278669 1.272009103652343 0
1196 -1.613299039550792 1.183935156832089 0
1197 -1.641471522249057 1.230027405726679 0
1198 1.967535233270893 0.6851195811889859 0
1199 2.024164338388096 0.685357522069636 0
1200 1.995559136417048 0.6365536343908711 0
1201 -2.03518277337654 0.743725362245738 0
1202 -1.585111512589659 0.643210371458623 0
1203 1.911824659210762 0.8798074262220326 0
1204 -1.614466961395409 0.2996150502223791 0
1205 -1.642986171364794 0.2505608086683552 0
1206 -1.782212456612334 0.8884030202877755 0
1207 -1.358136173612278 0.7408677113553459 0
1208 -1.499698577927947 0.8881475671944955 0
1209 -1.443026196341775 0.8880531448155309 0
1210 -1.471402372057427 0.937323301054527 0
1211 1.685943381949914 0.7829991790728955 0
1212 -1.472334854774124 0.4465883233461556 0
1213 -2.034949215810344 1.035201514489226 0
1214 -1.669874217570589 1.183217864758625 0
1215 -1.695121780088324 1.226889287335506 0
1216 -2.039930650084756 0.2525211537988709 0
1217 -1.6175642864696 1.279466900295191 0
1218 -1.496727799312318 1.280473730421205 0
1219 2.060085870488828 1.225850825862377 0
1220 -1.329008933260681 1.281825327360297 0
1221 -1.27211662509989 1.28168810334583 0
1222 2.052140667261814 0.6368160124257544 0
1223 2.023535501582478 0.588069706313635 0
1224 -2.012094973018256 0.2032325221403001 0
1225 -1.953779667606805 0.2040993767981985 0
1226 2.053574311301303 1.02738328431867 0
1227 2.052576728287453 0.7346044930016026 0
1228 -1.557966454721296 0.2011245950160292 0
1229 -2.063069115886269 0.7922307435034296 0
1230 -2.007337949366468 0.6952222003915632 0
1231 -1.951448483801009 0.6941716499710112 0
1232 2.02538564575942 0.978853356524961 0
1233 -1.979508811056025 1.327276720929336 0
1234 -2.063243371679328 0.6953122649838865 0
1235 -1.584993833330454 1.134669538150603 0
1236 -2.062881908223031 1.083851756498568 0
1237 1.941067584308242 1.027397608416009 0
1238 1.544761424888428 0.4396883275399492 0
1239 1.911425541926577 0.6851955894449877 0
1240 -2.035474801968344 1.327617187933063 0
1241 -1.671241059518962 0.2997610282302406 0
1242 -1.699747513001571 0.2507206900529109 0
1243 -1.671516130423451 0.2015144537979833 0
1244 -1.728820471740909 0.2020284627538229 0
1245 1.601448725120168 0.4394981624925581 0
1246 1.629647882141044 0.3903784293442094 0
1247 -1.243805404762998 1.23234413540162 0
1248 -1.215225380306827 1.281554506962404 0
1249 -2.068593592076673 0.3017517626637173 0
1250 -1.756557418341032 0.2509376201006123 0
1251 -1.784959470287352 0.2018923588294959 0
1252 -1.809945985333556 1.132279594724447 0
1253 1.998218985081171 1.320218307761738 0
1254 2.049690764183338 1.318523230012467 0
1255 1.941973434116491 1.320313294813283 0
1256 -2.072818573803172 0.2008544341146252 0
1257 2.079496204761397 0.5879664447927994 0
1258 2.051345418867227 0.5394896182339209 0
1259 2.08181469190291 1.076064005945886 0
1260 -1.243950851655122 1.327474976601467 0
1261 -1.186698454164751 1.327007763826437 0
1262 -1.158315545846632 1.280796683496759 0
1263 -1.129704870416478 1.329896508020003 0
1264 -1.101355109608514 1.281036412935989 0
1265 -1.072749282501904 1.330321307805302 0
1266 -1.044403615370932 1.281023815365143 0
1267 -1.016177357807289 1.330074320662385 0
1268 -0.9875147718838514 1.280878829256686 0
1269 -0.9593058724425999 1.326784441776763 0
1270 -0.9305844860650064 1.280205216111339 0
1271 -0.9019887855869922 1.326242911050411 0
1272 -0.8735714487070794 1.279901907875666 0
1273 -0.8453170906349544 1.328919928506677 0
1274 -0.8166769380067389 1.280211986639226 0
1275 -0.7884243911987439 1.326233819139274 0
1276 -0.7597433893028253 1.279742677438707 0
1277 -0.731115920278182 1.325817145385898 0
1278 -0.7027037792827262 1.279479849741993 0
1279 -0.6744245624826078 1.328488350460229 0
1280 -0.6457703139090393 1.279754069011945 0
1281 -0.6175211225745322 1.32583740157761 0
1282 -0.588823471513335 1.27925788207859 0
1283 -0.5602234140508249 1.325413005468834 0
1284 -0.5318086544844426 1.27900443681309 0
1285 -0.5031892313068945 1.328241952066556 0
1286 -0.4748264331632804 1.279333680171851 0
1287 -0.446212420714208 1.328668307482599 0
1288 -0.4178591961589212 1.279359640042297 0
1289 -0.3892477088288703 1.328643667982002 0
1290 -0.3608965192793651 1.279259893439391 0
1291 -0.3322858225650113 1.328522910956947 0
1292 -0.3039351311690793 1.279123205129244 0
1293 -0.2753246949792563 1.328379956697485 0
1294 -0.2469741300416856 1.278976699289334 0
1295 -0.2183638549736846 1.328231676220882 0
1296 -0.1900134537854212 1.278827642279709 0
1297 -0.161704356125405 1.32790931020887 0
1298 -0.1331031049003797 1.278649195874785 0
1299 -0.104810148768546 1.324811610404328 0
1300 -0.07616218711591026 1.27800330712146 0
1301 -0.04756308454700548 1.32426043885512 0
1302 -0.01915751453350543 1.277703989032044 0
1303 0.00945976896449956 1.32693274923557 0
1304 0.03782020583282603 1.277999688381813 0
1305 0.06643289213084465 1.327327372305531 0
1306 0.0947849520328007 1.278014977770759 0
1307 0.1231219785573212 1.327138831524225 0
1308 0.1517000739838176 1.277886431772289 0
1309 0.1800210845276821 1.324142515967017 0
1310 0.2086413662177514 1.277265859871872 0
1311 0.2372401227776494 1.323596551506224 0
1312 0.2656402293535688 1.276971811124924 0
1313 0.2942558659772332 1.326199747744995 0
1314 0.3226143889610883 1.277257071031594 0
1315 0.3512257332632676 1.326581087872347 0
1316 0.3795764213867889 1.277268689277081 0
1317 0.4081854595032089 1.326546485731368 0
1318 0.4365342478875284 1.277165393632417 0
1319 0.465142328710175 1.326423436731106 0
1320 0.4934904109646454 1.277028340271457 0
1321 0.5220979664006602 1.326280526380556 0
1322 0.5504457386622941 1.276882603592 0
1323 0.5790523608818362 1.326131722545768 0
1324 0.6073992150899722 1.276734215610988 0
1325 0.636005551052406 1.325982026186896 0
1326 0.6643518605663979 1.276585569796803 0
1327 0.6929575332829625 1.325832167152771 0
1328 0.7213030121642924 1.276436948796289 0
1329 0.7499078838961887 1.325682033926187 0
1330 0.7782525322520263 1.276288726667398 0
1331 0.8068562560256695 1.3255320767417 0
1332 0.8351996723143825 1.276140816621451 0
1333 0.8636103661615896 1.325272472287586 0
1334 0.8921125863249748 1.275974969181172 0
1335 0.9205094873661932 1.322441344027989 0
1336 0.9490417084133638 1.275377695981558 0
1337 0.9776321819454122 1.321879810349448 0
1338 1.006008680975179 1.275087587953107 0
1339 1.034442154533545 1.324200417841314 0
1340 1.062928220914018 1.275330001645198 0
1341 1.091343972170527 1.321909680826171 0
1342 1.119850910910896 1.274893315708706 0
1343 1.148433900936017 1.321451661908054 0
1344 1.176802033818752 1.274648713761028 0
1345 1.205252338335565 1.323769819619373 0
1346 1.233706385673953 1.274897095926532 0
1347 1.262141821782965 1.321521935200878 0
1348 1.2906125891243 1.274469199165399 0
1349 1.319187668500528 1.321057423785285 0
1350 1.34754274294123 1.274228101852254 0
1351 1.376123024716917 1.323411395260798 0
1352 1.404449548596289 1.274491395012466 0
1353 1.433020914272075 1.323744335328467 0
1354 1.46133589400826 1.274501387713061 0
1355 1.489897278063424 1.323696486114463 0
1356 1.518198831000298 1.274401087529031 0
1357 1.546753117470311 1.323566867312269 0
1358 1.575044753987988 1.274275486694736 0
1359 1.603588931232256 1.32341840758519 0
1360 1.63174217563678 1.273913644115442 0
1361 1.660381904332572 1.323228296728472 0
1362 2.079210444177001 0.196032652133424 0
1363 -2.090923998279685 1.035281673325278 0
1364 1.97042600891624 1.36918905584011 0
1365 2.081448923132487 0.9787593350596855 0
1366 2.053294875456626 0.930299071959808 0
1367 -2.035738551228923 0.6459741791239115 0
1368 1.343816369390654 1.372929241386415 0
1369 1.57325477489754 0.4886796600150772 0
1370 1.172872071584967 1.373110419488854 0
1371 1.489656289057534 1.225248812883091 0
1372 -2.062990873576918 0.986825488503311 0
1373 1.002013578661337 1.373380934228217 0
1374 1.688264555808904 1.273553658129811 0
1375 1.717123403224432 1.323025127949893 0
1376 -1.641419312892677 0.7414661950184259 0
1377 -1.697857377494038 0.7416111650743756 0
1378 -1.725950525914289 0.7905161072254132 0
1379 -1.75424874722538 0.7417411873075384 0
1380 -1.726160986219294 0.692865012590589 0
1381 -1.782524950638531 0.6929832297359192 0
1382 -1.7544487327922 0.6440208905171259 0
1383 -1.810859221696 0.6441425849616225 0
1384 1.205144088845003 1.225769377404807 0
1385 1.856514862515507 1.076196642505973 0
1386 -2.00865664270205 0.4970083928724446 0
1387 -2.036533056714728 0.5462257924035978 0
1388 -2.064671494319745 0.4972584569207676 0
1389 -2.092510374938593 0.5457982190563606 0
1390 -1.414605812573696 0.9371117858247313 0
1391 -1.38630988048349 0.8879343361430799 0
1392 1.034355860507739 1.22618499856951 0
1393 -1.443189424494101 1.085160806832609 0
1394 -1.499974233207964 1.085338555761887 0
1395 1.488006456517876 0.4399005999622638 0
1396 1.995349269418095 0.5395803960059014 0
1397 2.023265616572314 0.4910440352458111 0
1398 2.079239389212189 0.4909468914613033 0
1399 2.051196081391359 0.442530068673138 0
1400 2.107136646337396 0.4424922021983715 0
1401 2.080245018672573 0.3935385765706452 0
1402 -1.782303117407102 0.7905908815618438 0
1403 -1.698067081256051 0.643846533146381 0
1404 -1.385882322854975 1.281936134550606 0
1405 -1.357329075457607 1.331161689286646 0
1406 -1.414218979111559 1.331277040688041 0
1407 1.57320374686002 0.9790023870441795 0
1408 0.4079261775773582 1.227935795146048 0
1409 -1.501165909718944 0.2009659881531354 0
1410 1.686927330981903 1.174697263756746 0
1411 1.629227800248172 0.5872374756136047 0
1412 -1.984198296359327 0.1541426500841784 0
1413 -1.925877215400571 0.1549680324040198 0
1414 0.009223495549225054 1.228840758867669 0
1415 -0.3895122031940815 1.230034379541387 0
1416 -1.838849605486981 0.6931088252150065 0
1417 -1.867433333722614 0.6436553779300065 0
1418 -0.8452478214946596 1.231128923700803 0
1419 -0.6743116844896001 1.23077332231054 0
1420 0.8065478164168897 1.226916394255716 0
1421 0.9204732276454957 1.226550042967003 0
1422 0.5787717942533555 1.227522844774029 0
1423 0.6926647055392755 1.227219742420344 0
1424 -1.073030157401431 1.231878304941522 0
1425 0.2939838076303118 1.22811966115226 0
1426 0.180057790168233 1.228475302230359 0
1427 -0.1047362997995636 1.22922878903754 0
1428 -0.2186235067862626 1.229573616036981 0
1429 -0.959138934716343 1.231478254627595 0
1430 -1.472085031612048 0.544666331576883 0
1431 1.375884151249281 1.225388615311996 0
1432 -0.5034450431886207 1.230213850513019 0
1433 0.2617548167744933 1.374740010135993 0
1434 -1.89729901830801 0.203820537672212 0
1435 -0.02304828242332618 1.375214550550859 0
1436 -1.757434021185673 0.1530583204828974 0
1437 -1.813245749275685 0.1529901699141573 0
1438 2.109245597200494 0.9301542469734622 0
1439 2.081155996401586 0.8818013234031169 0
1440 1.65795194559709 0.4392759494895753 0
1441 1.686117674635772 0.3901789003336199 0
1442 1.657819812124169 0.3412688747967892 0
1443 1.714414453307653 0.3411768042893895 0
1444 1.686047198144621 0.2922235845374516 0
1445 1.742479953871816 0.2922279365140257 0
1446 1.714252747309377 0.2432112582239041 0
1447 1.770667835364777 0.2431845073429252 0
1448 1.742071028000441 0.1943594931891338 0
1449 1.685741029350636 0.1942494224681571 0
1450 1.797884217950882 0.1947102402794408 0
1451 -1.529697852760369 0.1518320101407488 0
1452 -1.472860281287325 0.151679490386602 0
1453 -1.585881385148678 0.1523694809137793 0
1454 -0.5345072955261422 1.376725939129609 0
1455 -2.091645901906646 0.6453370934920818 0
1456 -0.7069373144283153 1.37608541137962 0
1457 -0.8778334501585298 1.376361807960437 0
1458 1.71381614238234 0.1452060297797093 0
1459 1.657263396860715 0.1456368517594727 0
1460 1.629061209061454 0.1943807341662154 0
1461 1.600544593206112 0.1458122807300255 0
1462 -1.952254711300178 0.5947011119485495 0
1463 -2.118793580821825 1.0837357926409 0
1464 -2.091030926143432 1.132630853507601 0
1465 -2.116702082737131 0.6964987552405086 0
1466 1.997278570006163 0.9303674203750101 0
1467 1.967217449109105 0.4911060307181522 0
1468 2.107432709803165 0.6362869398242725 0
1469 1.60306032645338 1.224538148455681 0
1470 -1.471601253026977 1.035975774854098 0
1471 1.826686678373235 0.6359304246696829 0
1472 -1.782015432610298 1.181186899951196 0
1473 -1.805971356182183 1.238973835459764 0
1474 -1.754021396008503 1.132901004520134 0
1475 -1.670698729746319 0.3980855191931468 0
1476 -1.528348861505299 1.036012616276018 0
1477 -1.812886096719456 0.2514281595904313 0
1478 -1.784655223012106 0.3000283951205083 0
1479 -1.357949839423918 0.9370519179592756 0
1480 -1.329566417213848 0.8878246127499168 0
1481 -2.118838356640382 0.4977732671014827 0
1482 -2.092501211410361 0.4488993248055664 0
1483 -2.152331845219885 0.4471156883381923 0
1484 -2.118898236975192 0.3992106171160996 0
1485 -1.528112540192539 0.937270593228602 0
1486 1.770523511933257 0.3419327652600184 0
1487 -1.358043203535462 0.8387318752790275 0
1488 -1.301246627136903 0.8386195299210544 0
1489 -1.272735397049684 0.8877373373696331 0
1490 -1.244402451258759 0.838454354856263 0
1491 -1.215896424752793 0.8876271057999107 0
1492 -1.187522661854703 0.8384138992123502 0
1493 -1.159009895949062 0.8875269097302246 0
1494 -1.130675275321489 0.8382535739722171 0
1495 -1.102079518837618 0.8874373782739995 0
1496 -1.073763733809327 0.8382372135698754 0
1497 -1.045200570411197 0.8873342662612926 0
1498 -1.016789472664428 0.8381065956998792 0
1499 -0.9882658327168617 0.8871923335220614 0
1500 -0.9598967570142157 0.8379123806867207 0
1501 -0.9312625794731701 0.8871271842187488 0
1502 -0.9029472600364833 0.8379013473438929 0
1503 -0.8743825212375879 0.8870093408678329 0
1504 -0.845951925395154 0.8377726552196854 0
1505 -0.8173911235945027 0.8868722002024377 0
1506 -0.7890361660165495 0.8375771170650532 0
1507 -0.7603742798183691 0.8867795020427105 0
1508 -0.73207505658495 0.8375618587414666 0
1509 -0.7034909191671687 0.8866563638367149 0
1510 -0.675075116117745 0.8374342309927157 0
1511 -0.646581032710949 0.8864814783282929 0
1512 -0.6181678690304752 0.8372331949819133 0
1513 -0.5896380533985293 0.8863384055635026 0
1514 -0.5611380052776139 0.8370901377481085 0
1515 -0.5326257786988133 0.8861850371092236 0
1516 -0.5041101973938149 0.8370087919968903 0
1517 -0.475602646578874 0.8861450451454335 0
1518 -0.4472546804799709 0.836884881237564 0
1519 -0.4186446860295872 0.8860891794461807 0
1520 -0.3902582559512565 0.8367607218161139 0
1521 -0.3616833381123646 0.8860343345588841 0
1522 -0.3331426420502945 0.8367599169478572 0
1523 -0.3046283219254566 0.8857987880261982 0
1524 -0.2761416911682101 0.8366451861397532 0
1525 -0.2476462140951846 0.8857701407411074 0
1526 -0.2191723739385066 0.8365459670218643 0
1527 -0.1907521336836255 0.8856024918204052 0
1528 -0.1622233276132486 0.8364261595789574 0
1529 -0.1338482462041053 0.8855943211426808 0
1530 -0.1052764732485069 0.8363295102341571 0
1531 -0.07689072808145243 0.8854842578368413 0
1532 -0.04831848793298949 0.8362179927867286 0
1533 -0.01993386515582255 0.8853741547871367 0
1534 0.008560791750750817 0.836059040529902 0
1535 0.03702216355519731 0.8852639854764472 0
1536 0.06538423999336641 0.8359176698364529 0
1537 0.09397728039327365 0.8851538090710602 0
1538 0.1223594011459067 0.8357746854582346 0
1539 0.1509313790806086 0.8850435761042859 0
1540 0.179465079300016 0.8357525214054123 0
1541 0.2080049121888607 0.8847586183299693 0
1542 0.2364599782096234 0.8356271959079743 0
1543 0.2649838839687298 0.8847497388650104 0
1544 0.2933466082941483 0.8354896564324584 0
1545 0.3218316385154085 0.8845644723202157 0
1546 0.3501610352840297 0.8353399815096756 0
1547 0.3787338872881456 0.8846019541347436 0
1548 0.4071523507079508 0.8352856426512374 0
1549 0.4356800067098138 0.8844913810053578 0
1550 0.4642105619977516 0.8352024353698623 0
1551 0.4927575049082858 0.884182196600807 0
1552 0.5211927128704034 0.8350617000061354 0
1553 0.5497277582912506 0.8841811914330375 0
1554 0.5781416246556957 0.8349628432435158 0
1555 0.6065629627458533 0.8839970910522823 0
1556 0.6350601279191408 0.8348403967166685 0
1557 0.6634374671346609 0.8840475990796673 0
1558 0.6919769343898211 0.8347531870285999 0
1559 0.7203678514416983 0.883936293385551 0
1560 0.7488997092775485 0.8346447986986977 0
1561 0.7772936134525731 0.8838246748113741 0
1562 0.8058179676647831 0.8345329669843677 0
1563 0.8342134580830126 0.8837125808911449 0
1564 0.8627302073615627 0.8344203107631208 0
1565 0.8912730022545209 0.883372537557841 0
1566 0.9196585822342489 0.8342696514243028 0
1567 0.948206003802571 0.8833778182944458 0
1568 0.9765434304188775 0.8341811382737784 0
1569 1.004980802857511 0.8831922014938918 0
1570 1.033351104613639 0.8340512651283499 0
1571 1.061955080738232 0.8829886577353614 0
1572 1.090189158319589 0.8339101747781777 0
1573 1.118834656057072 0.88301841734451 0
1574 1.147072754355571 0.8338398025405569 0
1575 1.17557138977965 0.8828424795055636 0
1576 1.203905233352949 0.8337284446479237 0
1577 1.232383896767379 0.8828206462946419 0
1578 1.260705362866086 0.833623895683188 0
1579 1.289206610544417 0.8827097203383167 0
1580 1.317519677896172 0.8335270965767496 0
1581 1.346013148359192 0.8825943658563132 0
1582 1.374315306007271 0.8334328200823883 0
1583 1.402796526408867 0.8824778786975388 0
1584 1.431086406324347 0.8333424244659827 0
1585 1.459553155748003 0.8823608893850531 0
1586 1.487828032001303 0.8332474123849196 0
1587 1.516278642667119 0.882242431883276 0
1588 1.544526451243242 0.8331448470355795 0
1589 1.232274054838849 0.7844808039272109 0
1590 1.061739569342143 0.7847815541039311 0
1591 -1.073618300809657 0.936626031395997 0
1592 -0.9028011476105705 0.936273297599686 0
1593 -1.782070253144743 1.083603805418971 0
1594 1.572172089480752 0.1943415245788513 0
1595 1.543201809565053 0.1455942484513829 0
1596 0.3218029983847429 0.7862243980943965 0
1597 1.573127584006546 0.8816952689952511 0
1598 1.601345542073273 0.8326295969587729 0
1599 -0.731839926384606 0.9358366277058077 0
1600 1.745148515458182 1.273633017198906 0
1601 1.773897445310416 1.32021131889068 0
1602 0.03703827922864691 0.7867942358712894 0
1603 -0.4756934851456617 0.7878571849622215 0
1604 -1.159237475691922 0.7892381903007607 0
1605 -0.646676682779975 0.7882640066460758 0
1606 -0.8175573917232086 0.7886107881146694 0
1607 -0.9884630936654203 0.7888877964783171 0
1608 -0.2190714300015522 0.9346796242425147 0
1609 0.2935812812699519 0.9335486063968291 0
1610 0.5783722517501447 0.9329011657950632 0
1611 0.9768467838125997 0.9320228187006048 0
1612 1.147476371050053 0.9316438011645779 0
1613 1.913850215481119 1.367192484686011 0
1614 1.885388532484764 1.320420993907484 0
1615 1.85930801649005 1.363477162854647 0
1616 2.129097954696674 0.5931736276353595 0
1617 -2.004944694725205 1.375189638649573 0
1618 -1.950523251101609 1.376481918444419 0
1619 1.695519544906884 1.370554135611107 0
1620 1.581806634966661 1.370852738293072 0
1621 1.468019712277772 1.37109664914565 0
1622 -2.060945697123606 1.372423232173536 0
1623 -2.091347707700103 1.327031678347006 0
1624 -2.119645247312793 1.373468864054803 0
1625 -2.116919739998259 0.9880535262194019 0
1626 -2.090654183518595 0.9385272987577176 0
1627 0.8415155712174033 1.372385329643435 0
1628 0.7278337718114551 1.372809571188994 0
1629 0.6139232740574024 1.3730664312017 0
1630 0.5000094456612576 1.373321458478675 0
1631 0.3860924937944419 1.373548708582349 0
1632 0.1009759705352913 1.373950080678953 0
1633 -0.1838590637107823 1.374599108916116 0
1634 -0.2974301858971465 1.37511813871263 0
1635 -0.4113538054079945 1.375343134446462 0
1636 -1.038352508233417 1.376413274853265 0
1637 -1.161035699569043 1.377944872875427 0
1638 -1.379507526254884 1.377456191025985 0
1639 -1.437456857839903 1.377970295897607 0
1640 2.130982998208581 0.4932337570068742 0
1641 2.159120176123546 0.4530165654225005 0
1642 1.941889414883494 1.418641504333334 0
1643 -1.321970640506051 1.376511243504745 0
1644 -1.974466565410056 1.419693967271489 0
1645 -2.151248983191784 0.9409095563141138 0
1646 -2.117956662820193 0.8897963900141204 0
1647 2.133331468621075 0.8833384590852481 0
1648 2.107492876781572 0.833641118204648 0
1649 2.138397429814745 0.9781462748839287 0
1650 -1.78602748382635 0.1031736884951906 0
1651 -1.558891046910677 0.102383210046717 0
1652 2.000571402498914 1.416201630405857 0
1653 -2.06427603185008 0.5953233593563527 0
1654 -2.117854962124883 0.597540976632242 0
1655 -1.954797858668685 0.1058377955675903 0
1656 -1.898168086077194 0.1054644516278115 0
1657 -2.014263140354192 0.1042810497000985 0
1658 -2.145645893356362 1.324764235417049 0
1659 -2.117604869065145 1.278115421300354 0
1660 -2.17397305646077 1.369558439319225 0
1661 -1.896180524712096 0.5939187938555276 0
1662 -1.923991002146919 0.6432569507906565 0
1663 -1.782896976657038 0.5950634070677655 0
1664 2.052632340046303 0.8327096811223544 0
1665 2.080799719213794 0.784714318064672 0
1666 2.144975210055323 0.7829803603916689 0
1667 2.10880765429628 0.7366102846790571 0
1668 1.826655340309529 0.2443728694575853 0
1669 1.569319257647572 0.09728931841040056 0
1670 -1.839481597822928 0.5946352661143071 0
1671 -1.443174822516687 0.9865521517952694 0
1672 -1.731632810474746 0.104301467417386 0
1673 -2.034935399815865 0.9380610530653586 0
1674 1.68425785168741 0.09663145581326626 0
1675 2.135496409977118 0.09795305906346308 0
1676 2.197199728863262 0.09181527033250103 0
1677 2.164432641520436 0.1449230913363734 0
1678 1.965683434565539 0.09837056149616064 0
1679 2.082310998550998 0.6867202451019435 0
1680 2.13876146832852 0.6893835063655782 0
1681 -1.61680684774895 0.104983885687027 0
1682 -1.648633378244944 0.0534833851690405 0
1683 -1.673431388674035 0.1064448168933038 0
1684 -1.754060372298194 0.8394217605561211 0
1685 -1.810482227854662 0.8395909274265481 0
1686 1.572797609629725 0.7838792342905629 0
1687 -2.063083976610752 1.278615209395103 0
1688 -2.091523720569685 1.229971140697675 0
1689 -2.151645766849935 1.22642376921055 0
1690 -2.117884993162244 1.179254569886246 0
1691 -2.062944943153129 1.181137052280512 0
1692 -2.034849568446329 1.132846944594472 0
1693 2.107783281108566 0.1469312609015768 0
1694 2.1361566399199 0.1958928721186554 0
1695 2.109766926098501 0.2447828731963199 0
1696 2.165907447569896 0.2453376114909572 0
1697 2.139358314901421 0.2925541552390604 0
1698 2.081413845991061 0.2941600450205187 0
1699 2.108089418167638 0.3425368289926005 0
1700 2.197572935566617 0.2993451511498861 0
1701 -2.106489853514834 0.0494760420099436 0
1702 -2.135072061869655 0.09821114906490291 0
1703 -2.197143924797036 0.09185497169420997 0
1704 -2.164353562555279 0.1454991680546721 0
1705 -2.10590463833277 0.1481031133396836 0
1706 -2.136700962260481 0.1968776930432338 0
1707 -2.161523267492104 0.2495846643606072 0
1708 -2.102606069853873 0.2503161344766042 0
1709 -2.126283549503937 0.3015227480875015 0
1710 -2.192678252368437 0.3042354822772826 0
1711 -2.046000845621962 0.1509099639702769 0
1712 -2.093019583178092 0.3514923644760821 0
1713 -1.876105285473484 0.05127975813616492 0
1714 -2.008329389662283 0.5970840585439599 0
1715 -2.076010972466243 0.1003716253783897 0
1716 -1.992361508365821 0.05207354102427053 0
1717 2.107522625337344 1.450711188014744 0
1718 2.135575880688464 1.401975851632381 0
1719 2.197228898766661 1.408165243365594 0
1720 2.164450791521488 1.354489059225359 0
1721 2.109211171371315 1.353585008398493 0
1722 2.142072780226117 1.305517941429923 0
1723 2.169538513626158 1.252206203711745 0
1724 2.11260024150585 1.255468727278715 0
1725 2.145101176142853 1.21048316139411 0
1726 -2.112699751149498 1.455138018857945 0
1727 1.939253850456304 0.5397131494373375 0
1728 -1.499851019559025 0.9864909524746228 0
1729 2.024579593404286 0.7830067949368756 0
1730 1.801389339027266 1.272261352203738 0
1731 -1.83873919971889 0.790981539761933 0
1732 2.023149439158919 0.3940845505003097 0
1733 2.051885807713522 0.3435914054822961 0
1734 1.995097632265068 0.3434452448837513 0
1735 2.051886824598829 0.2451418272388873 0
1736 1.402616873558807 0.7842397373663069 0
1737 2.02696535180313 1.174170771484885 0
1738 2.08197302481535 1.17021397092599 0
1739 2.054019492844408 1.124343477325787 0
1740 2.10857822643783 1.121171121348976 0
1741 2.136248074998073 1.074630708532976 0
1742 2.109540224371564 1.027089226195599 0
1743 2.164849353962186 1.02642459045146 0
1744 2.195844605425867 1.079064421202476 0
1745 2.161122494711284 0.9291182283029888 0
1746 -1.755001192902742 0.5457686388434591 0
1747 -1.726362031658001 0.5946828361162554 0
1748 -1.669918353797412 0.5948280017731271 0
1749 2.104331627537514 0.5414125487599406 0
1750 1.715661229572329 1.223796277850137 0
1751 -1.556688854713689 1.085432273596917 0
1752 -1.58506798630894 1.036215987103004 0
1753 -1.613293910316311 1.085213393306931 0
1754 -1.641631314846154 1.134655854817468 0
1755 -1.670001935140095 1.085536132529318 0
1756 -2.090640007206401 0.7439473820142893 0
1757 -2.116800790874247 0.7910087696625672 0
1758 -2.09044545025326 0.8406012418690832 0
1759 -2.150960954497581 0.8374169970075941 0
1760 -2.062670374961215 0.8894901619665601 0
1761 -1.978911120537183 0.9378961627320789 0
1762 1.799912749023443 1.076326521535632 0
1763 1.828063977358078 1.027326960387144 0
1764 1.884592187944639 1.027320438284704 0
1765 1.856174375091256 0.9782299814745675 0
1766 1.912568010720845 0.9781254446800602 0
1767 1.82761083595599 0.9292020490274802 0
1768 -2.151760269583598 0.5511435341658717 0
1769 -1.810586150033911 0.7418839937557276 0
1770 -1.86689537792092 0.7422702087342558 0
1771 1.826919140032218 0.7337352173930344 0
1772 1.798579416262069 0.6848566774049778 0
1773 1.854992036732149 0.6848985995997716 0
1774 1.883130618833458 0.6362397941667308 0
1775 1.854834102434737 0.5873166680405705 0
1776 -1.7258082802712 0.8883342200226495 0
1777 -1.980766704524087 0.4481675738896012 0
1778 -1.641936961710763 0.5455821973885143 0
1779 -2.146799243209274 1.035359897249748 0
1780 -2.172013014576393 1.082860069712685 0
1781 -1.895067054901173 0.6932742409940087 0
1782 -2.034883702739914 0.8407254879291928 0
1783 -1.414862995903597 1.035734027164322 0
1784 1.939393408965714 0.6364753116393909 0
1785 -1.822820024046548 1.450700243079944 0
1786 -1.794366933111728 1.401453311033744 0
1787 -1.737525264964242 1.401386715420377 0
1788 -1.765982231073105 1.352241535298045 0
1789 -1.709203765753343 1.352164010627104 0
1790 -1.822773841403123 1.354970891342002 0
1791 -1.737640335186338 1.304603385136801 0
1792 -1.674155088601492 1.306740836986051 0
1793 -1.651007881872278 1.355998700705086 0
1794 -1.708976093345393 1.450663242871352 0
1795 -1.798648242112079 1.302556366010354 0
1796 1.82116515356293 1.452235630424547 0
1797 1.785138678452582 1.410027548135395 0
1798 -1.728011915125393 0.2998927781977619 0
1799 -1.699482551552778 0.3489395364675192 0
1800 -1.535779094064632 0.0505580535877771 0
1801 -1.244345611703887 0.9369118538843747 0
1802 -1.556674054592079 0.6920957943749592 0
1803 -1.613289015053367 0.69242000743052 0
1804 -1.950859380244434 0.9864886458795736 0
1805 2.080438078459266 1.402253848377733 0
1806 -1.763701118922508 0.05113357829285681 0
1807 1.879807082245324 0.04925286655625694 0
1808 1.90862719435572 0.09841566561518156 0
1809 1.851376722437189 0.09801003855755719 0
1810 1.881127445751585 0.1469598580778589 0
1811 1.822739609181282 0.04930446419712642 0
1812 1.795024116754361 0.09775378331974693 0
1813 1.938799303122439 0.4404970804080025 0
1814 1.91082830499568 0.4896442670436708 0
1815 -1.850626404643243 1.402249862147918 0
1816 -1.883565161467845 1.352653639350861 0
1817 -1.528242940361762 1.134574674435727 0
1818 1.708888442475209 1.452081206310028 0
1819 1.968144662002509 0.8798604036713363 0
1820 1.940539536948982 0.9292748865895269 0
1821 -1.386345109541702 1.084970284437628 0
1822 1.742565453553315 0.3904175543035127 0
1823 -1.756019007245753 0.3491571838686618 0
1824 -1.812514960355183 0.3494742752034824 0
1825 1.629761210011322 0.4886689303678555 0
1826 1.685931129716226 0.4889267155407796 0
1827 -1.838605080237168 0.8886597805656078 0
1828 -1.697656910343831 0.8393761737716112 0
1829 1.481178800357611 0.04915745180783537 0
1830 1.452597764712042 0.09857474711322933 0
1831 1.395658234018931 0.09862262276256206 0
1832 1.424151782591474 0.147882131914025 0
1833 1.367251076216728 0.1473959182235218 0
1834 1.338729990755147 0.09856834936654457 0
1835 1.310339895172629 0.1473467760689788 0
1836 1.397925190006837 0.1965962471206463 0
1837 1.481468799731391 0.1475960747222267 0
1838 1.281789940030964 0.09857182439737688 0
1839 1.25341849271478 0.1479228475193822 0
1840 1.283782298535229 0.1964633201774677 0
1841 1.227494688484586 0.1967332235936875 0
1842 1.196745608348531 0.1473661677201822 0
1843 1.771445587476203 1.027411764006073 0
1844 -1.301311340398666 0.7407891348667528 0
1845 1.54649039551705 1.225111351858217 0
1846 1.517954345091636 1.175979959699947 0
1847 1.461145645371693 1.176112379399713 0
1848 -1.584860064955458 0.7412527755331151 0
1849 1.594962138759178 1.450684120983633 0
1850 -1.59493072756554 1.450678434519599 0
1851 -1.566461606388874 1.401389748100189 0
1852 -1.509728077607606 1.407728374065523 0
1853 -1.538233611571944 1.357467582466253 0
1854 -1.594878765075477 1.356202570082531 0
1855 -1.623368796374797 1.402059017472793 0
1856 -1.414927344023952 0.7408770821064792 0
1857 -1.481055683527528 1.454970237667046 0
1858 1.459380282338767 0.7841383444119128 0
1859 -1.467519600768321 1.329337596208771 0
1860 -1.216814070841088 0.5933361877610475 0
1861 -1.245323629756307 0.5440145711165365 0
1862 -1.301756796938687 0.543869869360312 0
1863 -1.273404515497046 0.4946461072593499 0
1864 -1.330222006403027 0.4947034130278123 0
1865 -1.216441904524008 0.4966855391156607 0
1866 -1.358523847516035 0.5439417616257578 0
1867 -1.387095997761255 0.495054942541494 0
1868 1.516088137315302 0.7840486310986183 0
1869 1.60113365695831 0.7348454485427722 0
1870 -1.329997761083306 0.5931300715354503 0
1871 1.318972974279433 1.225499824865843 0
1872 1.347317139776698 1.176313722623809 0
1873 1.288969277876887 0.3913224639660994 0
1874 1.260667766922043 0.4406388688687979 0
1875 1.317527477905196 0.4404719596821683 0
1876 1.203805743357598 0.4408013442217334 0
1877 1.232384643265576 0.4898714784072016 0
1878 1.175522126566658 0.4900737597355641 0
1879 1.146909433576505 0.4409488508044042 0
1880 1.118657171065365 0.4902933214357442 0
1881 1.455783609183583 0.1960784457902507 0
1882 1.262053713170212 1.225621490962457 0
1883 1.233479680615762 1.176561178093484 0
1884 1.176589846871011 1.176703654422073 0
1885 -1.727377724525265 0.398236449978702 0
1886 1.511113116716899 0.09777590531811209 0
1887 -1.556305753410574 0.8881807844971694 0
1888 1.345849043123833 0.3911714784561014 0
1889 1.374356597205105 0.4403257446784799 0
1890 1.346073642008311 0.4895362470698693 0
1891 1.402885828890837 0.4894261379207959 0
1892 1.43117980646158 0.4401230047177283 0
1893 1.459701416116125 0.4891664204149794 0
1894 1.431278120434566 0.53841041628283 0
1895 1.516531738706612 0.4888891866479391 0
1896 1.545191314807294 0.5379118210110942 0
1897 1.374485845782056 0.5385181678061275 0
1898 1.289236597318801 0.4896778287574756 0
1899 1.260789954788375 0.5387680643264295 0
1900 1.855455086706086 0.8801828900586545 0
1901 -1.423007165662184 0.05058286798800882 0
1902 -1.366914595748277 0.04952758912292399 0
1903 -1.338584360084972 0.09866035902468739 0
1904 -1.281682514456288 0.09863978572718146 0
1905 -1.310147011793484 0.1479280803633943 0
1906 -1.253225578250016 0.1478691746350768 0
1907 -1.365682329042272 0.1498358586560705 0
1908 -1.337683156679972 0.1978293378130063 0
1909 -1.253174375555457 0.04932522644715809 0
1910 -1.224723272882788 0.09863797089574455 0
1911 -1.19628408253764 0.1478803360040474 0
1912 -1.167760591099986 0.09865923781088448 0
1913 -1.13933649802092 0.1479019645582983 0
1914 -1.167839430342507 0.1973280249252811 0
1915 -1.110813277115704 0.09870834986703736 0
1916 -1.082397131429164 0.1479701349379395 0
1917 -1.053852868682216 0.09878843228709866 0
1918 -1.025445280071079 0.1480160039741892 0
1919 -0.996891183109664 0.09888443495283272 0
1920 -0.968489001637695 0.1481012070280242 0
1921 -1.054000489773319 0.1974859933516587 0
1922 -0.9399297214482812 0.09895490598529866 0
1923 -0.9115213385549439 0.1482736090009956 0
1924 -0.9400896623678414 0.1976738321653547 0
1925 -0.8831333523736381 0.1977652525423111 0
1926 -0.8544303865197359 0.1479750412077326 0
1927 -1.025333882536236 0.04945273247297155 0
1928 -1.393724591104404 0.1011531197298626 0
1929 1.574548759267045 1.175639858136438 0
1930 1.289097978398696 0.7843846187574486 0
1931 -2.036764187357438 0.4485537562874058 0
1932 1.061385842241506 0.391923462785794 0
1933 1.089985257448338 0.4411198818090551 0
1934 1.033097668459239 0.4413097511131419 0
1935 1.061755659194821 0.4904682854867543 0
1936 1.00483277243228 0.4905981404965248 0
1937 0.9761613501778144 0.4415397032570489 0
1938 0.9479344783279949 0.4908372868799151 0
1939 0.9764913105393752 0.5396122362523361 0
1940 0.9192693988422479 0.4417602772976726 0
1941 0.8910303546572141 0.4910762506766937 0
1942 0.8623575924240643 0.4420077305034827 0
1943 0.8341169152235665 0.4914781110699162 0
1944 0.8054331616000808 0.4422974095589613 0
1945 0.7771969378099917 0.4917430324073489 0
1946 0.7485045426575739 0.4425174140415399 0
1947 0.7202716154773756 0.4920078310261287 0
1948 0.6915710130882687 0.4427688938553481 0
1949 0.6633413347805098 0.4922725821043142 0
1950 0.634634622287188 0.4430095142448101 0
1951 0.6064069435911698 0.4925370522662342 0
1952 0.5776941924886386 0.4432651753206003 0
1953 0.5494689464627385 0.4928013486604337 0
1954 0.5207514495684062 0.4435046660395017 0
1955 0.4925276582155388 0.4930655929909822 0
1956 0.4638055863309956 0.4437608178277653 0
1957 0.435583395334362 0.4933297332693257 0
1958 0.4068580280962782 0.444001721205268 0
1959 0.3786368931047243 0.4935936259740856 0
1960 0.3499083153524907 0.4442584405896426 0
1961 0.3214494508509589 0.4934404829355995 0
1962 0.2929223290349786 0.4444288544317136 0
1963 0.2644548304127857 0.4938785124431924 0
1964 0.2359619596470063 0.4444158829154795 0
1965 0.207726320238563 0.4939636265032443 0
1966 0.1790490413217944 0.4447354966334101 0
1967 0.1508299057053375 0.4944534749156042 0
1968 0.2359035681652504 0.5423318149785908 0
1969 0.1221161384000358 0.4451858029694646 0
1970 0.09388100798142764 0.4949120485173403 0
1971 0.0651472497149793 0.4454939415506467 0
1972 0.03663623478882395 0.4946567350221862 0
1973 0.008142868198264912 0.4456552856149428 0
1974 -0.02037441201064673 0.4951362312299428 0
1975 -0.04882721176858485 0.4455451423065214 0
1976 -0.07706031347735473 0.4951810717718435 0
1977 -0.1057354781189253 0.4458940159287138 0
1978 -0.1342775929654799 0.4952434529990941 0
1979 -0.04897972044079811 0.5433881169606645 0
1980 -0.1627153529735885 0.4463385094755562 0
1981 -0.1912806852165717 0.4958580543500776 0
1982 -0.2197022432010408 0.446214892250026 0
1983 -0.2479395716668171 0.4959046002455725 0
1984 -0.2766127550597349 0.4465871373478957 0
1985 -0.3048235230302965 0.4964936995297741 0
1986 -0.2199180388331313 0.5440150215841503 0
1987 -0.3335422599270103 0.4471510300090945 0
1988 -0.3617758065047021 0.4970197201277679 0
1989 -0.3905161430017132 0.4474802817120707 0
1990 -0.4187348990625764 0.497283078656941 0
1991 -0.4474808802338645 0.4477280151599946 0
1992 -0.4756942123677116 0.4975464279545662 0
1993 -0.5044412503283072 0.4479860666620816 0
1994 -0.5330441332273642 0.4970928553296171 0
1995 -0.5614621130907023 0.4481132121558111 0
1996 -0.5900768111717579 0.4976520508588179 0
1997 -0.6184459283384707 0.4478070692870652 0
1998 -0.6466726045649357 0.4976155010173094 0
1999 -0.6753404062130801 0.4482150958125666 0
2000 -0.7039711259442588 0.4976180409061666 0
2001 -0.6187857078634552 0.5454990042158179 0
2002 -0.7323263308855708 0.4487734149430248 0
2003 -0.7609884793037084 0.4983591294022731 0
2004 -0.7893236419659767 0.4484765340228214 0
2005 -0.8175537146320478 0.4983356764453635 0
2006 -0.8462173439572843 0.4489119789214244 0
2007 -0.8744120511786719 0.4990423702544315 0
2008 -0.789727228782891 0.5461216248033762 0
2009 -0.9031251186406247 0.4496244488195243 0
2010 -0.9313581518191083 0.4996511419662238 0
2011 -0.9600958475922361 0.4492688079369077 0
2012 -0.9887754033368419 0.4989212229342397 0
2013 -1.017122516724947 0.4496092011744326 0
2014 -1.045811580132593 0.4995618784995216 0
2015 -1.074073657971999 0.4503126058605906 0
2016 -1.102315577802367 0.4996580014202446 0
2017 -1.074595594582582 0.5471813054488514 0
2018 -1.130902165431674 0.4512556424727496 0
2019 -1.159310815625022 0.4981682163184201 0
2020 -1.045757156644652 0.3996285019396065 0
2021 -0.8748873790400494 0.398987713708279 0
2022 -0.7040228723718135 0.398346276698109 0
2023 -1.159379183401948 0.400595886242382 0
2024 -0.3052971706201134 0.3969066045239951 0
2025 -0.134420835694451 0.3962648359129961 0
2026 0.150366216633838 0.395241000259458 0
2027 -0.5331586396681001 0.3975035940981091 0
2028 -0.4192289872000833 0.3971347426753048 0
2029 -0.9888353098547463 0.3982950988187353 0
2030 0.03643938337631555 0.3955132845566677 0
2031 0.3212138418991042 0.3945164028405362 0
2032 -0.8179757593265505 0.3977387635065871 0
2033 0.4351179271325845 0.3941415186405262 0
2034 0.8906394512247213 0.3925532572611967 0
2035 0.5490146170443193 0.3937300995400686 0
2036 0.7767799859854887 0.3929604768118894 0
2037 0.6629023395100312 0.3933282821742673 0
2038 1.481012658227849 1.450669439024937 0
2039 0.9774141885336488 1.226275854486836 0
2040 1.005710483517087 1.177078775746951 0
2041 1.06269741944257 1.17695267985338 0
2042 1.091285198509919 1.226058435110378 0
2043 -1.139257381612264 0.04934032834978719 0
2044 -1.585915089061547 0.3486806016885582 0
2045 0.8634937467020553 1.226748205306298 0
2046 0.8918169985186609 1.177399871325564 0
2047 1.432784674102996 1.225337852264044 0
2048 1.885453021018578 1.222815074082836 0
2049 -1.187171145262065 1.133763304891841 0
2050 -1.158603473899078 1.182933983564102 0
2051 -1.280978196102953 0.1974933662279589 0
2052 -1.415300062781349 0.5442854416333595 0
2053 0.7495938913456466 1.227075803231196 0
2054 1.367135128215538 0.04930653326043177 0
2055 1.00446567333371 0.3921007911160106 0
2056 1.148220192063949 1.225835957031343 0
2057 1.601207188482617 0.3413473624484328 0
2058 -0.6471006650865915 0.3971941503243821 0
2059 0.6357098974708759 1.227382099137405 0
2060 0.5218394055305118 1.227634519548437 0
2061 0.4648832056960198 1.227805468424171 0
2062 0.4362648887478187 1.178634019849124 0
2063 0.3509512787204883 1.2280509428158 0
2064 0.2370075004031616 1.228195345444279 0
2065 -0.9314198402886292 0.5937240086499203 0
2066 0.1230899917615094 1.228684083085204 0
2067 0.06614585050216486 1.228769172904457 0
2068 0.03754404431856636 1.17960595487076 0
2069 -0.04775849955089941 1.228934140305018 0
2070 -1.329567209766415 0.9862441928541115 0
2071 -0.1616768492579436 1.229441870313394 0
2072 -0.275614847575839 1.229761112456061 0
2073 -0.3325759918031802 1.229891833163034 0
2074 -0.3611738442970844 1.180647669551795 0
2075 -0.4464717217080328 1.230168541903271 0
2076 -1.244079921227911 1.133873961369099 0
2077 -0.7885222130825592 1.132732468010476 0
2078 -0.759957109345755 1.181890533738398 0
2079 -0.5604161371703128 1.230370328199777 0
2080 -0.5895527502237036 0.984342493432374 0
2081 -0.6174058880257208 1.23047176994799 0
2082 -0.6460569665310654 1.181470949606377 0
2083 -0.4755300312818984 0.9841183516100332 0
2084 0.39873408836001 0.04933034552391669 0
2085 0.3702531660680495 0.09866075073061054 0
2086 0.3132919133322918 0.09866034308515792 0
2087 0.4272142477683176 0.09866036491699937 0
2088 0.3417727363712455 0.1476004879697902 0
2089 0.2848120812957944 0.1475357854504498 0
2090 0.3987336278177968 0.1475135695752484 0
2091 0.4556937665647797 0.1474989871195277 0
2092 0.3723435172654266 0.1965802784632104 0
2093 0.4841744183118675 0.0985786012375065 0
2094 0.5126523553978065 0.1478940449263332 0
2095 0.4866688846141621 0.1972208593896647 0
2096 0.5429161766988501 0.1970750188940521 0
2097 0.5699077848206088 0.1474912009722277 0
2098 0.256330948532352 0.09858475792706778 0
2099 0.2278520464238437 0.1479018028791409 0
2100 0.2584257245349909 0.197087636788463 0
2101 0.1993729209740355 0.1973188930486711 0
2102 0.1708881120141408 0.1476199961579464 0
2103 0.5411326662792889 0.09866211721530382 0
2104 0.5981431918767514 0.09857947737259842 0
2105 0.6266261497355891 0.147452187864604 0
2106 0.6550712081349049 0.09856022519175389 0
2107 0.6835389681103042 0.1474224474298207 0
2108 0.6571360438010878 0.1963178661923691 0
2109 0.712017551356939 0.09855310771033798 0
2110 0.7404867432298473 0.1474177383942538 0
2111 0.7689726210414057 0.09855194684995394 0
2112 0.7974413332980183 0.1473970048436605 0
2113 0.7710313504763286 0.196220653692824 0
2114 0.8259303252154077 0.09854904580104795 0
2115 0.854396827129796 0.1473942027435545 0
2116 0.8828878886292525 0.09854861288622307 0
2117 0.9113517668789636 0.1473744235006109 0
2118 0.8849314238898728 0.1961259014283746 0
2119 0.9398449695533645 0.09854608381460273 0
2120 0.9683055997013402 0.147371466886037 0
2121 0.9968012311155312 0.09854528628132386 0
2122 1.025258214754717 0.1473521638946952 0
2123 0.9988237429811662 0.1960316775454214 0
2124 1.053767983134542 0.09853764460515213 0
2125 1.082225114724608 0.1473470337391926 0
2126 0.7974668096036587 0.0493206799175322 0
2127 0.6835441850646159 0.04932143579996251 0
2128 0.9113924050632896 0.04932864956030392 0
2129 0.569625695376045 0.04931719341467466 0
2130 0.4556952887335362 0.04931664293913118 0
2131 -1.871477120496032e-07 0.0493307144162286 0
2132 -0.02848125694643461 0.09866106041555833 0
2133 -0.08544271793822188 0.09866100893728247 0
2134 -0.05696204310864023 0.1479910701516359 0
2135 -0.113923391687036 0.1476905552947013 0
2136 -7.865038748853711e-07 0.1476571101421754 0
2137 -0.08544281284955153 0.197320788488812 0
2138 -0.1424041520482615 0.09861100714883653 0
2139 -0.1708847271151334 0.1476322455966372 0
2140 0.02848030946633092 0.09860549283223297 0
2141 0.05696053325033982 0.1475922698090982 0
2142 -0.02638069031603874 0.1972925273427836 0
2143 0.08544175802850301 0.09858590732809003 0
2144 0.1139236144537725 0.1474941011428622 0
2145 0.08754167512892615 0.1968010192622108 0
2146 0.1424048355304556 0.09854985383815185 0
2147 -0.1993666606790963 0.09859316317371436 0
2148 -0.227848356600376 0.147642395607601 0
2149 -0.1972634761218559 0.1970556320518909 0
2150 0.1139236264249498 0.04931561191630529 0
2151 0.1708867093731938 0.04930964153039741 0
2152 0.8544303797468364 1.450669439024937 0
2153 0.2278480665847854 1.45396486955288 0
2154 0.2026440687083852 1.407663474571997 0
2155 0.2848099860399561 1.452281452108751 0
2156 -0.05696204256283855 1.454046152039772 0
2157 -0.08218556708353532 1.408008384490478 0
2158 -6.963754698265447e-08 1.452321652801523 0
2159 1.196202676941336 1.452126173998753 0
2160 1.13924103029245 1.453951624594108 0
2161 1.114032597896667 1.406589325758719 0
2162 0.1139240506329129 1.450669439024937 0
2163 -0.1708860759493658 1.450669439024937 0
2164 0.6265822784810141 1.450669439024937 0
2165 -0.7405063547169052 1.454242323510534 0
2166 -0.7667315220586832 1.406668370924863 0
2167 -0.6835443470793744 1.454314418037587 0
2168 -0.9113924525109894 1.454291026329238 0
2169 -0.9376253258534654 1.406814213155709 0
2170 -0.854430527662371 1.454363422244393 0
2171 -1.025316455696202 1.450669439024937 0
2172 -1.253164556962025 1.454311085118158 0
2173 -1.22226338377109 1.407152461319337 0
2174 -0.5696202507843938 0.04933052881004785 0
2175 -0.5981012517035941 0.09866102361634643 0
2176 -0.6550628840556112 0.09866105267109315 0
2177 -0.6265821972235565 0.1479909207483762 0
2178 -0.5411394548964287 0.09866092123502512 0
2179 -0.6835433866251858 0.147803078756772 0
2180 -0.6550629625825506 0.1973204968485038 0
2181 -0.712023904185475 0.09863001192734033 0
2182 -0.7405041953578221 0.1477664532671079 0
2183 -0.5981023400565005 0.1973206924321281 0
2184 -0.7689857505314517 0.09861857796682461 0
2185 -0.7974094095378997 0.147806446789852 0
2186 -0.7689846309007548 0.1973193844272718 0
2187 -0.5696205912783222 0.1477691336340196 0
2188 -0.5126588416336886 0.1477323127368917 0
2189 -0.4841778106050269 0.09861781205181719 0
2190 -0.455697415715009 0.1479409539568878 0
2191 -0.4841782269978699 0.1973212096299736 0
2192 -0.4272170129466001 0.1973213672389746 0
2193 -0.3987360410209139 0.1477274817371723 0
2194 -0.7405051257792757 0.04932504030487861 0
2195 -0.4272161531232442 0.09860149945555097 0
2196 -0.3702544244448166 0.0986074060284936 0
2197 -0.3417745104035993 0.1476832513248697 0
2198 -0.3132927038307964 0.09860122934184357 0
2199 -0.2848117077908498 0.1475940684485122 0
2200 -0.3111879620457267 0.1971495363722093 0
2201 -0.2563307381789015 0.09858758025229586 0
2202 -0.2848103202682091 0.04932251201435522 0
2203 -0.3987341772151886 1.450669439024937 0
2204 -0.8544302591345759 0.04933061875489375 0
2205 -0.8829113924050678 0.09866112195012611 0
2206 -0.8259391381475906 0.09862045238724604 0
2207 1.139235392291175 0.04933100216988939 0
2208 1.110729630943666 0.09853967477959602 0
2209 1.139307931536913 0.1472172872713108 0
2210 1.112760045681959 0.1959187854641714 0
2211 1.167853764391074 0.09843021034549204 0
2212 1.196261987721697 0.04931360209700464 0
2213 0.7405063291139261 1.450669439024936 0
2214 0.5126582278481027 1.450669439024937 0
2215 -0.512658227848101 1.450669439024937 0
2216 -0.5696202566193463 1.454193231745671 0
2217 -0.5947105928280038 1.408724977233904 0
2218 -1.367088607594936 1.450669439024938 0
2219 -0.2848101265822774 1.450669439024937 0
2220 0.3987341772151909 1.450669439024937 0
2221 -1.139240506329114 1.45245883507885 0
2222 1.025316548894583 1.452147657815587 0
2223 0.9683547630075978 1.454002319694586 0
2224 0.9431523299737427 1.406790566031807 0
2225 1.367088607594939 1.450669439024938 0
2226 1.310127342173169 1.453662684775611 0
2227 1.284915692934089 1.406369187676467 0
2228 -0.361597207003942 0.9838480669912908 0
2229 -0.5126584177819234 0.04932330256852047 0
2230 -0.3987341772151914 0.04933039032116315 0
2231 -0.1708853760070284 0.04932077638708166 0
2232 -0.07692408118032185 0.9828642725466593 0
2233 0.03698959895680093 0.9825604871848783 0
2234 -0.9021938749735817 1.231188879681078 0
2235 0.1510092672591769 0.982535280055745 0
2236 -0.503724339581663 1.131940871909101 0
2237 -0.4677758596697548 1.374620398517282 0
2238 -0.4756755482347803 0.5920040374462781 0
2239 0.4358069442770258 0.9818679155677665 0
2240 0.2848105791366612 0.04931767304776347 0
2241 -0.3523103044160813 1.374338399620599 0
2242 -0.3330531899501283 0.7387429817223252 0
2243 -0.1139237098694216 0.04932056931053919 0
2244 -0.3617712353876458 0.5916712647782845 0
2245 -0.2384456670154189 1.37406519958613 0
2246 -0.2189212683123445 1.131196210631157 0
2247 -0.6835437727391503 0.04932445526997176 0
2248 -0.2191141460180377 0.7386722753597272 0
2249 -0.845481060502262 1.13289391411187 0
2250 -0.959393387882164 1.133205562758183 0
2251 -0.1052068006026003 0.7383167876504406 0
2252 1.224872391694845 0.09848920217575008 0
2253 0.1993684588566345 0.09854943555129447 0
2254 -0.1050046353384458 1.130887575537981 0
2255 0.7203520200398218 0.9807583266229001 0
2256 0.8342897602581268 0.9807407497844409 0
2257 0.0446240545509807 1.373439724096285 0
2258 -1.01605742110714 1.231685058997967 0
2259 1.310178796753439 0.04929621133323603 0
2260 -1.073308079999336 1.133465987113672 0
2261 0.1795375391306949 0.7375561502132661 0
2262 0.0939113995276865 0.5908777763261682 0
2263 0.1797745573858175 1.130124217051591 0
2264 0.3294788444085468 1.372906270496178 0
2265 0.2936831726096372 1.129823968093746 0
2266 0.4451370221220627 1.372645174056245 0
2267 1.025313215185645 0.04931657312929905 0
2268 0.3786638940817556 0.5898442878759157 0
2269 0.4642825335385318 0.7370343355795944 0
2270 0.5590539255550455 1.372415757515643 0
2271 0.4925216837929046 0.5893984022819786 0
2272 1.402875600823747 0.9791860545338393 0
2273 0.5781664739477872 0.736921224547597 0
2274 0.6729681229665275 1.372174839188624 0
2275 0.5784497531797834 1.129029551271557 0
2276 1.289251761625313 0.9793602778291471 0
2277 1.516400970261349 0.979044069930566 0
2278 0.6063907590364842 0.5891354613372037 0
2279 0.6920199470234233 0.7366630404988088 0
2280 1.17521211473063 0.3916538881672384 0
2281 0.7203370698863364 0.5890467714924313 0
2282 0.7868416986352464 1.37190540938123 0
2283 0.6923077547768495 1.128705417328925 0
2284 1.345876672879735 0.7843105960038251 0
2285 0.805850775643274 0.7363997655325343 0
2286 -1.387237349658969 0.3972679452899291 0
2287 0.8061687995973146 1.128387426711283 0
2288 1.459496801626713 0.3908071117903312 0
2289 0.8341888951265992 0.5888067512129203 0
2290 0.9196514048694461 0.7361008873010698 0
2291 2.146033995981977 0.3914676724599199 0
2292 -1.840305237556596 0.3989041381807638 0
2293 -1.094399887124359 1.375860914999195 0
2294 -1.642718850094031 0.3487847454680933 0
2295 -0.9683657034763332 0.04949966550053886 0
2296 -1.273459753440434 0.3972446834966306 0
2297 1.11863453054364 0.5880902395182589 0
2298 1.374219862960078 0.7350498565736183 0
2299 -1.614014495642017 0.2017283293963756 0
2300 -1.414415050684379 1.232736518081341 0
2301 -1.299968086985025 1.329991778566848 0
2302 1.11863573315844 0.784697415523704 0
2303 1.411513547746701 1.37073156369075 0
2304 -1.550746425490829 1.27826984285586 0
2305 1.527074608870188 1.370349059308033 0
2306 1.487662566210321 0.7348519294534296 0
2307 -0.248365128719174 0.3959768216255716 0
2308 -1.444034517868611 0.397408715941626 0
2309 -1.504088915604102 0.1019999589632106 0
2310 1.640854716753934 1.370102216025041 0
2311 1.686168729893149 0.8806837963296092 0
2312 -1.472768704718282 0.2501352983468218 0
2313 -1.61405290268459 0.3979127939058092 0
2314 -2.006935695478135 0.9866408330281358 0
2315 -0.07748813249446901 0.3954372067650716 0
2316 2.193458085391254 0.6920237443465495 0
2317 2.205747537341113 0.5799153532726039 0
2318 1.912973270169185 1.076193947779986 0
2319 1.488417818584343 1.126350951484457 0
2320 1.629451365798592 0.292317513032715 0
2321 -1.272390074208934 1.183178858538033 0
2322 -1.868043888133197 0.5452450953584123 0
2323 1.772515225422091 1.223643609145813 0
2324 -1.414771877705444 0.838914277457824 0
2325 1.629863890638471 0.9788108451147016 0
2326 2.201988780452278 0.806597950749899 0
2327 -2.201958509166064 0.8070104887081498 0
2328 -2.201887477567531 0.9166666666666656 0
2329 0.2073011869417751 0.394564780367584 0
2330 -2.200980957748858 0.687333583088356 0
2331 -2.203193472372962 0.5813579770633989 0
2332 -1.442456054121917 1.281834727356114 0
2333 -2.200206547145369 1.031591911494759 0
2334 1.545273758943021 1.126201831578248 0
2335 -2.203676325965339 0.4726674295378462 0
2336 -2.203448314747212 0.4184303440136355 0
2337 1.993920647428881 0.04918636119071917 0
2338 1.404236516334919 1.176284523263938 0
2339 1.658551583897198 1.12571139189311 0
2340 1.969044047296438 0.9785829086343113 0
2341 -1.669777229655475 0.6926853670967162 0
2342 -1.680342961455703 1.402153252687701 0
2343 2.02490457013667 0.8812783837205864 0
2344 1.883273466336677 0.7337579698032586 0
2345 -1.443569764769097 0.5936107061451386 0
2346 -2.20287879633843 1.195542439828123 0
2347 -2.203554831371339 1.252435564985206 0
2348 2.195242659160357 1.200107751211474 0
2349 -1.443205774776077 0.7899525779091792 0
2350 -1.500541214834911 0.4957331490985104 0
2351 1.375026975769642 1.126786716395553 0
2352 -1.923123717934406 0.7428594713329543 0
2353 1.629452411608529 0.7835222795648116 0
2354 1.714346242066263 0.8317488105440726 0
2355 1.937741743041697 0.1473183092698964 0
2356 1.685638759714909 0.5872794244114703 0
2357 1.601255302749548 0.5381099856568508 0
2358 1.290354521287744 1.176479933141294 0
2359 -1.130567013750458 0.9367010126198947 0
2360 1.752008525595694 1.366208699726053 0
2361 -1.301157660105403 0.9370014689262299 0
2362 1.261402899106074 1.127127502239889 0
2363 -1.584632255579382 0.9371415622608287 0
2364 -2.064539069298171 0.3998194653830019 0
2365 -1.44474308666446 0.2010111692056659 0
2366 1.995234195416165 0.4425886116018767 0
2367 1.260680852925823 0.7352485458460968 0
2368 1.204541008722461 1.127272181374415 0
2369 -1.978696064251957 1.132385817326566 0
2370 -1.215516780335352 1.183048555783828 0
2371 0.4076320728848886 1.129458364438935 0
2372 1.119604866654905 1.176876243143079 0
2373 2.026977224182302 1.3688938840573 0
2374 0.3792941876274466 1.178779040205504 0
2375 1.090827574284117 1.12762845179553 0
2376 1.232303290784273 0.5879112991786488 0
2377 1.033935402464619 1.127762704729058 0
2378 -1.838289861743484 1.083644182958062 0
2379 -1.865727675004841 1.231866219386677 0
2380 0.9487746998999446 1.177255842340446 0
2381 -1.186979541083061 1.232236495993996 0
2382 0.9200752133003086 1.128079079531155 0
2383 -1.130001492378464 1.231948045051249 0
2384 0.834842490942309 1.17756974256583 0
2385 0.777878139793501 1.177725905450151 0
2386 1.657561615825478 0.7341410212549547 0
2387 1.203884288056363 0.7353580066550799 0
2388 0.008908494862221897 1.130482872731613 0
2389 0.7209556218707774 1.177891648476242 0
2390 0.6640037272790884 1.17803954209421 0
2391 -0.01941868771595836 1.179763129150952 0
2392 -1.101646493212358 1.182743037289827 0
2393 0.607082269560493 1.178205442018824 0
2394 0.5501776978448579 1.178376427008359 0
2395 -2.143910341386167 1.131070544436122 0
2396 0.4932303224323425 1.17852376276693 0
2397 -1.925366800544065 0.2528748881979916 0
2398 1.572764682842144 0.5872160810532732 0
2399 0.464595645680858 1.129314417736031 0
2400 0.3223155331899106 1.178917937947027 0
2401 0.2653501728694689 1.179050126935016 0
2402 -0.3898427811940428 1.131581951980866 0
2403 0.2083915229851043 1.17920707817697 0
2404 0.1514188007458227 1.179372743796509 0
2405 -1.044687579024426 1.182594386938696 0
2406 0.09445315081231485 1.179497975916177 0
2407 0.06586377659487637 1.130330159550453 0
2408 1.175478751704709 0.7846126745993343 0
2409 -0.6747057308105816 1.132367834050198 0
2410 -0.7030356971127171 1.181737185671528 0
2411 -0.07638411848588843 1.179946871941855 0
2412 -0.13334614338405 1.180149029901966 0
2413 -0.9877388111527415 1.182437596832527 0
2414 -0.1903111440877547 1.180314191283156 0
2415 -0.2472842287113221 1.180452322011949 0
2416 -0.3042622635301074 1.180566840668946 0
2417 -0.3328486903383243 1.131389752000685 0
2418 1.657613766242043 0.2432992588485798 0
2419 -1.215940571468495 0.9861142072740798 0
2420 -0.9307893212104952 1.182250341612583 0
2421 -0.4181461994176729 1.180888000744804 0
2422 -0.4751040028723114 1.181043084230731 0
2423 -0.5320896674524798 1.181157781497468 0
2424 -0.5890511421770969 1.181277661934337 0
2425 -0.8738371781212592 1.182083961795596 0
2426 -0.6176802237501517 1.132175257780871 0
2427 -0.7883240264825285 1.231052183202646 0
2428 -0.7313324168411469 1.230866935843135 0
2429 -0.8168882812759658 1.181969415773808 0
2430 -1.810213642061594 1.034877768561809 0
2431 1.967441539918392 0.5880688884029459 0
2432 1.913783479627504 1.271494983811711 0
2433 -2.150472918905184 0.6532794976318506 0
2434 1.090189566760254 0.7355805566325038 0
2435 -1.613521765234071 0.5944190168115818 0
2436 -0.9597881359642344 0.9363349139722855 0
2437 -2.037597886595778 0.3509232865113245 0
2438 -2.140609824080197 0.7445941351893561 0
2439 -1.187478665926796 0.9367921770336042 0
2440 -1.386495247866832 0.7898560551188963 0
2441 0.3785698588327489 0.7861160830885855 0
2442 1.884045761569659 0.9289671962495032 0
2443 -1.102118882792295 0.9858705916133124 0
2444 -1.386364013523663 0.9863839641752192 0
2445 1.033375290766991 0.7356753818350505 0
2446 1.488203866650166 0.538047549960692 0
2447 -1.443867908496367 0.4954424576729118 0
2448 -0.9312539470126792 0.9854571748951744 0
2449 0.09372466723668155 0.7866680487169641 0
2450 1.004975799649353 0.7849628890500622 0
2451 -1.359091253355361 0.2499832783045042 0
2452 -2.007076500215961 1.181600003917426 0
2453 -0.7886323513635152 0.936024862704034 0
2454 0.9481798099729349 0.7850495373056583 0
2455 -1.045197348240855 0.9857593226142427 0
2456 1.459468982730837 0.5874189818447533 0
2457 1.600900568154754 0.2433699628185407 0
2458 -0.4189357916016588 0.7876865307506833 0
2459 0.8912583047452206 0.7852067804342739 0
2460 -1.329695122523282 0.7897724808051846 0
2461 -1.016758425850539 0.9364553367615193 0
2462 -0.5896717888207424 0.7880627042129693 0
2463 0.8343652696557305 0.7853197787832246 0
2464 -1.641614159597672 0.6435682162861582 0
2465 -0.7605154582249939 0.7885168600434344 0
2466 -1.302247062359505 0.2499130895881366 0
2467 1.402724067032416 0.5875672451914178 0
2468 0.77746059357638 0.7854363618705136 0
2469 -1.753900600496024 1.034738420987928 0
2470 -1.102264329491677 0.7892634559314075 0
2471 -0.931481534887858 0.7889003568870496 0
2472 -1.979804825066103 0.6455723155587187 0
2473 -0.8743393333149554 0.9853584039559302 0
2474 0.7205398735518594 0.7855555449960322 0
2475 1.543716791020943 0.2434075455310348 0
2476 -1.868692332374507 0.3500151941476082 0
2477 -1.866777549930909 0.8400659998997245 0
2478 1.317633312469384 0.538685534978727 0
2479 -1.556496804894791 0.9865593837103004 0
2480 0.6636358837448383 0.7856541846626297 0
2481 -0.8460280459168495 0.9360903782883689 0
2482 0.6067154183854678 0.7857600162468142 0
2483 0.9480674409028799 0.5886542466822711 0
2484 -0.7602322297622063 0.9850160521596906 0
2485 0.5497884798890342 0.7858748631086153 0
2486 1.204013426779012 0.53886504065384 0
2487 1.289123068918289 0.5878140716216529 0
2488 0.4928213723552184 0.78600891787136 0
2489 -1.415639381628965 0.4463124936447692 0
2490 -0.7033756765599298 0.9848018194584546 0
2491 0.4357774916530043 0.7861035093129535 0
2492 -1.641381295342677 1.035723802472663 0
2493 1.513975668654139 0.1943758269791616 0
2494 -0.2761492948561931 0.9347710072925636 0
2495 0.3503773945297801 0.7369809046541286 0
2496 -1.840877703999628 0.3008660777202125 0
2497 -0.6750797936651834 0.9356247628379493 0
2498 -1.224103499694599 0.197165849553843 0
2499 -1.272938142589551 0.7897705782900308 0
2500 0.2934485189405051 0.7371244371015878 0
2501 0.2650198754207634 0.7864210608920784 0
2502 -0.6181417026270069 0.9354732064557708 0
2503 0.2080331422205255 0.7865744508309653 0
2504 0.1511317466679211 0.7866610636582074 0
2505 1.657890718447762 0.8321076365397362 0
2506 -0.5610835721121875 0.9352768094423674 0
2507 0.06566355262509871 0.7375169781859511 0
2508 -1.216076897638732 0.7895977448805094 0
2509 1.147203715618499 0.5389422822036622 0
2510 0.008696269284786029 0.7377055699637656 0
2511 -0.01972976796434669 0.7869941195957026 0
2512 -0.504030667677079 0.9351181145961147 0
2513 -0.076644987907967 0.7871427921180297 0
2514 -1.358759483009141 0.4460788230053804 0
2515 -0.1335722655349464 0.7872426153810448 0
2516 -0.4470288698845987 0.9349510574704056 0
2517 -1.187653470972144 0.7404121315145435 0
2518 -0.1905304332774212 0.7873590994250895 0
2519 0.919561577040065 0.5397722102087255 0
2520 1.911156029324015 0.5877227562975246 0
2521 -0.2474872502656519 0.787474975121634 0
2522 -0.3044733900279414 0.7876164729322435 0
2523 -1.188472419576443 0.2498234024336686 0
2524 -1.130778597026432 0.7402492944356709 0
2525 -0.3900691198856008 0.9348198655739899 0
2526 -0.3616633089894542 0.7877101579322328 0
2527 1.090354181908554 0.53911153873155 0
2528 -0.4472315521653265 0.7387703357603488 0
2529 -0.5040899713075957 0.7388899893976877 0
2530 -1.301870786142618 0.4459679555528078 0
2531 -0.3331283756175458 0.9348335585990419 0
2532 -0.5326348868751155 0.7879837726856642 0
2533 -1.045350814142524 0.789201894702599 0
2534 -0.6181345689102014 0.7391605278295605 0
2535 1.033426191878289 0.5393013515983892 0
2536 -1.016974369783337 0.7400506112771537 0
2537 -0.6751725189046052 0.7393482615852479 0
2538 -0.2475553792104803 0.9837137756635801 0
2539 -0.7035993448759364 0.7884236158042072 0
2540 -0.7890273140362852 0.7395587455712702 0
2541 -0.959968816830539 0.7398839842676977 0
2542 -0.8460705016477884 0.7397179187636692 0
2543 -0.8745105770862185 0.7887852346893628 0
2544 -0.1906253073027473 0.9835278266158413 0
2545 0.2364780946805645 0.9336308150391355 0
2546 -1.725887170579885 1.084558117526557 0
2547 1.62973471072428 0.8811533100163541 0
2548 -1.244446994660245 0.4470954695348833 0
2549 -0.1622333078470173 0.9342956239628454 0
2550 -0.1052755248883945 0.934164548981268 0
2551 1.005016961910735 0.5884888384789124 0
2552 -1.110255565180109 0.1970841112901774 0
2553 -0.04831833939348885 0.9340337527620846 0
2554 1.601576608528583 0.9301405561453386 0
2555 1.657633470861196 0.5380804351149956 0
2556 -1.841009836654024 0.2026014726381222 0
2557 0.008638123968286436 0.9339027417999524 0
2558 1.742081568961765 0.4889741126392529 0
2559 0.521272276580368 0.93297082531858 0
2560 1.714163517290681 0.4396522676936979 0
2561 0.06559366481605325 0.9337721582826498 0
2562 1.630794596431665 1.174871700716108 0
2563 0.1225201724136617 0.9336903321915551 0
2564 -1.698038350493687 1.13380237886813 0
2565 1.659408369147493 1.224228448837321 0
2566 0.1794886041272544 0.9336838442436299 0
2567 1.798460228585508 0.3917511186763545 0
2568 0.2650960667324926 0.9824654972412901 0
2569 1.544768129899223 0.9304582919596671 0
2570 0.3220013469806574 0.9822734551835781 0
2571 -1.075268537770886 0.2493878438083704 0
2572 -1.74755133287362 1.228807950303636 0
2573 0.9197811330044896 0.9321126349030239 0
2574 0.3503538556589294 0.9331199066231421 0
2575 1.090615493714386 0.9317608421778703 0
2576 1.826434616976822 0.3424225749488458 0
2577 0.4073010091813526 0.9329895062617485 0
2578 0.8627995301444099 0.5397569353992682 0
2579 1.488012736321169 0.9306322003074495 0
2580 0.4642650671527455 0.9330359054742625 0
2581 0.5498851034880571 0.9817544300773174 0
2582 1.431232932380377 0.9307626584697872 0
2583 -1.869082138582928 0.2521853542625543 0
2584 0.6067552202316151 0.9815701017122338 0
2585 1.857543701646906 1.271956669749702 0
2586 -1.842032355408545 0.1023607580562665 0
2587 0.6350647074290986 0.9324721271404328 0
2588 1.374450995292488 0.9308719332532324 0
2589 0.8058134416094359 0.5400431539288786 0
2590 0.6919971907269344 0.9323426724026425 0
2591 1.798572345153961 0.2929614135595927 0
2592 1.317648811076034 0.9309771740749118 0
2593 -0.9963588004255171 0.1970563068765143 0
2594 0.7489076830018456 0.9322268721677592 0
2595 1.175764332727056 0.9801777304279834 0
2596 1.260829308617651 0.9310960344350019 0
2597 0.8058198306437486 0.932133781207205 0
2598 1.204058773972694 0.9312163579553376 0
2599 1.005159773159653 0.980620566988858 0
2600 0.8627905509948076 0.9321598334125296 0
2601 1.11895330601128 0.9803541734769217 0
2602 0.9482927107549348 0.9808344132615413 0
2603 1.033496805703528 0.9316332816650972 0
2604 1.240121922842711 1.366597598237346 0
2605 -0.8250419138664576 0.1969140972699702 0
2606 0.7488841357586913 0.5402417406954156 0
2607 -0.7905005524219805 0.2489130535491847 0
2608 -1.869605376854005 0.153700903718765 0
2609 -0.9607480957545412 0.249742301136785 0
2610 1.882661120895538 0.2450298860002139 0
2611 0.6918681943568884 0.5405016088694545 0
2612 -0.7111047869469765 0.1968230383598063 0
2613 1.069289711895756 1.366886178246393 0
2614 0.6349619007705857 0.5406361000024952 0
2615 -0.6759780041644214 0.2491899459372865 0
2616 -0.9044670213323323 0.2493520129636236 0
2617 0.5780302124503842 0.5408226920174484 0
2618 -0.6204974664747968 0.2484106233096129 0
2619 -0.539033764413288 0.1978073641784196 0
2620 0.5210921945005592 0.5410166293149261 0
2621 0.9001673212042237 1.36709195516695 0
2622 -0.5050998086327279 0.2489999622096546 0
2623 0.464150703035956 0.5412105169178619 0
2624 0.2077665116372284 0.5908061898814854 0
2625 -0.4502083045402567 0.247946180600953 0
2626 0.4072092548228204 0.5414272036388983 0
2627 -0.3677993517649481 0.1976993723758654 0
2628 0.3499369271525345 0.5418699494558898 0
2629 -0.3367667546100671 0.2472828134026329 0
2630 0.2930917912209075 0.542164258890545 0
2631 -0.2535247557022314 0.1975822742648071 0
2632 1.830092010524966 1.31760545418851 0
2633 0.2646532368560078 0.5907125126424612 0
2634 -0.2227854132859123 0.247107456116472 0
2635 0.1794561032546828 0.5421561966525221 0
2636 -0.07708798490770516 0.5917561795877084 0
2637 -0.139951730056721 0.1975768724021733 0
2638 0.1224828919255683 0.5424194598507942 0
2639 -0.1063794653526008 0.2485560568616152 0
2640 0.1596813150621939 1.368401629217239 0
2641 0.06511621733315401 0.5429599924724648 0
2642 -0.05195985504704009 0.247084091368697 0
2643 0.008270818465626341 0.5432340335681776 0
2644 -0.2479552740880231 0.5921779198938621 0
2645 0.03128000092226942 0.1974476417838386 0
2646 -1.724437084940837 1.181134230956204 0
2647 -0.02017011034410774 0.5915955782931569 0
2648 0.06201321158266954 0.2467188587557033 0
2649 -0.125140489229339 1.36892637653524 0
2650 -0.1059801843687734 0.5436414527241867 0
2651 0.1448533432687422 0.1973873683919098 0
2652 -0.1627191405860613 0.5438828355283235 0
2653 0.1784121862349455 0.2482354150747405 0
2654 0.2328375761564858 0.2467318682529434 0
2655 -0.1911441692666832 0.5921452910763327 0
2656 0.3160816779113427 0.1972435454885008 0
2657 -0.2762111591230951 0.5437225106406643 0
2658 0.3468046444362343 0.2463240147322863 0
2659 -0.639530917574921 1.369775720565541 0
2660 -0.3330794767281771 0.543799915751078 0
2661 1.853578698720593 0.1954184547528252 0
2662 0.4300657941522606 0.1972026143182307 0
2663 -0.6467899596300998 0.5934886719555923 0
2664 -0.3901138105925107 0.5441050664632939 0
2665 1.824600082704223 0.146552240001499 0
2666 -0.8106112619773745 1.369688413292935 0
2667 0.4624637364347399 0.2473993175765826 0
2668 -0.4471553093251248 0.5444391079888968 0
2669 0.5185113173403887 0.2467534802800512 0
2670 -0.9797640913679965 1.370076119638752 0
2671 -0.5046062683420448 0.5449873382809124 0
2672 -0.5614262062357173 0.5453454348655522 0
2673 -0.8176460309279793 0.5938735267324639 0
2674 0.6008748283665871 0.1970527156376946 0
2675 1.626664772614089 0.09665618038039914 0
2676 1.709893093042705 0.04789155805771805 0
2677 1.596406090615477 0.04839409256642413 0
2678 0.6315752103315777 0.2459284197799675 0
2679 1.768711411765825 0.1462838717208681 0
2680 -0.5898660993718008 0.5933184880152249 0
2681 0.7147738974290708 0.1968490064574698 0
2682 1.739658523266027 0.0970639120446275 0
2683 -0.6757806776941059 0.5457540267995193 0
2684 -0.7324559912346336 0.5460071742014146 0
2685 0.7454687347883704 0.2457503245183973 0
2686 -1.264134317878276 1.370357790595658 0
2687 0.8286699493448678 0.1967627728153644 0
2688 -1.1025409851673 0.5946811220478635 0
2689 -1.18706307860526 0.4490047742476747 0
2690 0.8593555154642747 0.2455931757669821 0
2691 -0.7608753526084132 0.5938780840896845 0
2692 -1.188084399744709 0.5454248070490549 0
2693 0.9425619090832039 0.1966766837512167 0
2694 -0.8457119055009445 0.5455383232875073 0
2695 0.9732302297095107 0.2454324441398367 0
2696 -0.9027812338156179 0.5459676474271433 0
2697 1.056454929842046 0.1965872743316549 0
2698 -1.017041844716156 0.546879509368789 0
2699 1.170608755965332 0.1966214310467795 0
2700 -0.9599996282846505 0.5465585631662224 0
2701 1.087103800450357 0.2452666063520489 0
2702 1.202655382609045 0.2464165783889132 0
2703 1.258791813727186 0.2457210326735855 0
2704 1.341347971303485 0.1966200698178086 0
2705 1.429254458019931 0.2449406192266624 0
2706 1.372480799462279 0.2454325102360218 0
2707 -2.148372852549183 0.3527165535560606 0
2708 -1.045592384217374 0.5946427056405821 0
2709 -1.13116693019074 0.5464930892209524 0
2710 -1.842500893728655 1.27604373775915 0
2711 -1.931182402628228 1.324487963931575 0
2712 2.205297942589539 0.474132603812835 0
2713 -1.703462876248352 0.154451995182792 0
2714 -1.907256502482161 1.405520174724099 0
2715 -1.93673940932871 1.45433517759878 0
2716 -1.448545703777769 0.1030989727330558 0
2717 -1.64418552064758 0.1535821603118769 0
2718 -1.419820742876427 0.1537457007502105 0
2719 -1.391166478700379 0.2022316000174066 0
2720 2.202732492183792 0.4169672065863214 0
2721 -2.203577124831518 1.413806370863431 0
2722 2.161943799803355 0.8432517444538608 0
2723 2.158550015352898 0.5474646852773084 0
2724 2.156270235069735 1.116184340451172 0
2725 2.158588428437036 0.3374029837905158 0
2726 2.157110326961528 0.7308259271805245 0
2727 2.209725633533682 0.9160828590776775 0
2728 2.154474605159657 0.6443214341842307 0
2729 2.212458342355364 1.027777777777778 0
2730 2.211814147667073 0.1418206208714148 0
2731 -2.211803561253776 0.1418983020493602 0
2732 2.211841383444894 1.358101034030843 0
2733 2.068514211993864 1.276636871908317 0
2734 -2.165093399382783 0.8888888888888825 0
2735 2.139717526613895 1.163868006424141 0
2736 -2.164750041239949 1.278565482381762 0
2737 -2.16595115543709 0.4999999999999981 0
2738 -2.210845307091712 0.2497647153242886 0
2739 2.213214840290303 0.2485362883101677 0
2740 1.987902557039537 1.459674016936945 0
2741 2.214528498521137 1.25 0
2742 1.937350378919087 1.465590203644731 0
2743 1.886816735199967 1.402688737655927 0
2744 -2.164253533137564 0.6048826833929686 0
2745 -2.162919280473288 0.9938234391130083 0
2746 -2.161315455706369 0.7854994163269824 0
2747 1.806366056251112 1.364452452713466 0
2748 -2.163195704144516 1.173032919541059 0
2749 -2.164439419944448 0.3943912962794544 0
2750 1.734260849736485 1.413706224041877 0
2751 1.678732451703236 1.414789905633753 0
2752 1.621227906335675 1.414237150785133 0
2753 2.208070911792054 0.04156631093635277 0
2754 -2.208070911792051 0.04156631093634755 0
2755 2.208070911792052 1.458433689063652 0
2756 1.566477239556888 1.416409666650106 0
2757 1.508458013986614 1.415470968733588 0
2758 1.452531645569624 1.416565257475927 0
2759 1.389601479287022 1.413049520355741 0
2760 -2.148076190386917 1.410055489907359 0
2761 -2.216718336370342 1.361111111111111 0
2762 1.219166629871906 1.411401832527464 0
2763 1.339109898275974 1.419336014643834 0
2764 1.840389473518343 1.407086171456226 0
2765 1.29003669509019 1.357695077257278 0
2766 1.048294539391753 1.411582296487318 0
2767 1.168303001317465 1.41943587527358 0
2768 -2.086354937804504 1.414163941949462 0
2769 1.119194450896787 1.357989453245638 0
2770 0.8811375356253913 1.414157803590599 0
2771 -2.212573214970448 1.462578192686523 0
2772 -2.031454588290127 1.416096306880194 0
2773 0.9974263519858027 1.419580754851503 0
2774 -2.00459689598755 1.458594522686309 0
2775 0.9486949798301818 1.358316921960882 0
2776 -2.216699696664413 1.083300068159222 0
2777 -1.849865457610951 1.317637963281502 0
2778 0.8259493670886081 1.41747089289372 0
2779 0.7679765123825943 1.416504707145171 0
2780 0.7120253164556973 1.417638157538757 0
2781 0.6540552395784966 1.416666430644617 0
2782 2.10275937665856 1.210877200296128 0
2783 0.5981012658227866 1.417805716322187 0
2784 0.5401320599133328 1.416826781490261 0
2785 0.4841772151898743 1.417973760434865 0
2786 0.4262086273373952 1.41698582942258 0
2787 0.1406299050527047 1.415068641491288 0
2788 0.3702531645569631 1.418142111449325 0
2789 -2.161002596677025 0.7058345324434632 0
2790 -1.764456193885562 1.270501106144347 0
2791 0.3073996745102028 1.414508360115693 0
2792 0.2568913225235646 1.420631633297063 0
2793 0.2089197247533428 1.359374542189634 0
2794 -0.1441849914770817 1.415429519130659 0
2795 0.08379937412410936 1.416806737281502 0
2796 0.02230934562710063 1.414531023004898 0
2797 -0.02797732321602928 1.420824352577506 0
2798 -0.07587873639662802 1.359701251726456 0
2799 -0.2004669116716367 1.417712087395977 0
2800 -0.2573841191357891 1.417900099097765 0
2801 -0.3132911392405052 1.419158777129638 0
2802 -0.6605551333901849 1.413717827204129 0
2803 -0.3702531645569603 1.419243768495914 0
2804 -0.4272151898734172 1.419328979977018 0
2805 -0.4882163490965575 1.416441344783923 0
2806 -0.8316644377426565 1.41346353423783 0
2807 -0.5399425443836301 1.421350986383609 0
2808 -0.5885285660122125 1.3602855823484 0
2809 -0.9994780170448089 1.414908162268814 0
2810 -0.7116549343346926 1.421005670211347 0
2811 -0.7594115553222749 1.360479689842233 0
2812 2.095341449512635 1.311332472735684 0
2813 -1.284073386121576 1.415193832412644 0
2814 -0.8825892387856024 1.421058800785521 0
2815 -0.9302880408332334 1.360674251655438 0
2816 2.066913995223954 1.359834721142113 0
2817 -1.05500356445396 1.41883782575087 0
2818 -1.116613276246079 1.416030333175653 0
2819 -1.167071079512179 1.421486896070666 0
2820 -1.620812479454761 1.324120575057896 0
2821 -1.215007374732115 1.361006067851479 0
2822 -1.714704039352515 1.266845164118984 0
2823 -1.341785070340142 1.416739855512286 0
2824 -1.39682829579453 1.419378977199585 0
2825 -1.572180731667174 1.319498465242083 0
2826 -1.452540994336009 1.420745806909932 0
2827 -1.668603343352198 1.261993918892482 0
2828 2.040207971200734 1.405768198375729 0
2829 -1.510848821940435 1.321463320694769 0
2830 -1.48230708539912 1.370811332651868 0
2831 2.175454864923859 0.8896868603343125 0
2832 2.170175121064605 0.6055257743308298 0
2833 2.173372135365691 0.5005607279837323 0
2834 -2.206698729810778 -0.07500000000000007 0
2835 2.206698729810778 -0.07499999999999984 0
2836 1.87974683544304 -0.1006694390249375 0
2837 -0.05696202531645694 -0.0493305609750625 0
2838 0.227848101265822 -0.1006694390249375 0
2839 1.537974683544304 -0.0493305609750625 0
2840 2.107594936708859 -0.0493305609750625 0
2841 -1.657914417688978 -0.09278853214368687 0
2842 -1.942724544271255 -0.09278853214368765 0
2843 1.765822784810127 -0.1006694390249372 0
2844 1.993670886075948 -0.04933056097506283 0
2845 -1.536027716126576 -0.05611440912654753 0
2846 -2.107594936708864 -0.1006694390249372 0
2847 0.9683544303797461 -0.1006694390249372 0
2848 1.082278481012658 -0.1006694390249372 0
2849 1.253164556962024 -0.1006694390249372 0
2850 1.367088607594936 -0.1006694390249372 0
2851 -0.8544303797468368 -0.04933056097506283 0
2852 0.3987341772151889 -0.1006694390249372 0
2853 0.5126582278481004 -0.1006694390249372 0
2854 0.6835443037974676 -0.1006694390249372 0
2855 0.7974683544303789 -0.1006694390249372 0
2856 -0.3987341772151914 -0.04933056097506283 0
2857 -0.2867570940000086 -0.05611440912654742 0
2858 -1.820837842708854 -0.0561144091265473 0
2859 -1.424050632911393 -0.04933056097506283 0
2860 -1.312073549696211 -0.05611440912654719 0
2861 -1.080331513594931 -0.05611440912654719 0
2862 -0.6205665949692531 -0.0572114678563127 0
2863 0.05696202531645436 -0.04933056097506283 0
2864 -1.196202531645571 -0.1006694390249371 0
2865 -0.9683544303797482 -0.04933056097506294 0
2866 -0.5126582278481023 -0.04933056097506294 0
2867 -0.7405063291139252 -0.1006694390249371 0
2868 -0.1731159238940521 -0.1025285898068905 0
2869 1.651898734177214 -0.1006694390249369 0
2870 -2.050632911392406 -0.04933056097506283 0
2871 1.481012658227846 -0.1006694390249374 0
2872 -1.765680877563937 -0.09734969026396845 0
2873 -1.480870750981659 -0.09734969026396822 0
2874 0.1708860759493662 -0.04933056097506283 0
2875 0.2848101265822773 -0.04933056097506261 0
2876 -1.395335169265128e-15 -0.1006694390249374 0
2877 0.8544303797468352 -0.04933056097506283 0
2878 -0.5681884415438689 -0.0977827021314136 0
2879 0.4556962025316445 -0.04933056097506283 0
2880 0.5696202531645559 -0.04933056097506283 0
2881 1.025316455696202 -0.04933056097506283 0
2882 1.139240506329114 -0.04933056097506283 0
2883 -1.025174548450014 -0.09734969026396811 0
2884 -0.3419140591449257 -0.09734969026396822 0
2885 0.1139240506329101 -0.100669439024937 0
2886 0.7405063291139236 -0.04933056097506283 0
2887 1.310126582278481 -0.04933056097506283 0
2888 1.822784810126581 -0.0493305609750625 0
2889 1.70886075949367 -0.04933056097506328 0
2890 -0.4556962025316469 -0.1006694390249372 0
2891 -0.9113924050632937 -0.1006694390249372 0
2892 2.050632911392406 -0.1006694390249372 0
2893 -1.710850815431394 -0.05303324275242749 0
2894 -1.367230514841129 -0.09734969026396822 0
2895 1.424050632911392 -0.04933056097506283 0
2896 -1.58950227050529 -0.09263180946800609 0
2897 -1.874312397087568 -0.09263180946800609 0
2898 -1.994693608662158 -0.05170745874027616 0
2899 -0.7974683544303803 -0.1006694390249356 0
2900 -1.259458378676321 -0.09375765330818464 0
2901 -0.1139240506329125 -0.1006694390249372 0
2902 0.3417721518987329 -0.04933056097506205 0
2903 0.6265822784810116 -0.04933056097506261 0
2904 -0.2344604726865015 -0.09402324627703529 0
2905 0.9113924050632911 -0.1006694390249361 0
2906 -1.132946684614822 -0.09375765330818475 0
2907 1.59493670886076 -0.1006694390249394 0
2908 -0.6887006039504083 -0.05833731169649148 0
2909 1.196202531645569 -0.04933056097506094 0
2910 1.936708860759491 -0.04933056097506072 0
2911 1.939180141185896 -0.1028637586822704 0
2912 1.597407989287164 -0.04713624131772887 0
2913 1.193731251219164 -0.1028637586822707 0
2914 -1.908227848101267 -0.05436358909739447 0
2915 1.879746835443038 -0.03986611219501213 0
2916 -1.62341772151899 -0.05436358909739458 0
2917 0.2278481012658218 -0.04302026945176241 0
2918 2.106888620572569 -0.1105485591943761 0
2919 -0.05696202531645696 -0.1069797305482375 0
2920 1.537974683544303 -0.110133887804988 0
2921 1.822784810126582 -0.1101338878049875 0
2922 -1.366550576301143e-15 -0.04170603726144995 0
2923 0.3393008714723284 -0.1028637586822708 0
2924 0.2843158704969965 -0.1105727517364542 0
2925 1.481012658227847 -0.04170603726144961 0
2926 -0.1123830378788181 -0.04405481136186573 0
2927 -1.71043352593433 -0.1086342930320165 0
2928 -0.6550632911392431 -0.09563641090260588 0
2929 0.6265822784810117 -0.1072883745326786 0
2930 0.3987341772151888 -0.04302026945176218 0
2931 0.5126582278481003 -0.04170603726144984 0
2932 0.6835443037974674 -0.03986611219501246 0
2933 0.7974683544303791 -0.03986611219501246 0
2934 0.9658831499533417 -0.04713624131772898 0
2935 1.082278481012658 -0.03986611219501268 0
2936 1.253164556962025 -0.04302026945176229 0
2937 1.367088607594936 -0.04302026945176196 0
2938 1.765822784810126 -0.03986611219501246 0
2939 2.050632911392404 -0.03986611219501246 0
2940 1.994165142161229 -0.1105727517364542 0
2941 -0.8544303797468368 -0.1069797305482375 0
2942 -0.2865503757991992 -0.1094974691335103 0
2943 -0.3987486575464353 -0.1066409806746694 0
2944 1.424050632911392 -0.1101338878049877 0
2945 0.1708860759493662 -0.1069797305482377 0
2946 -1.765803021064888 -0.04129946842858856 0
2947 -1.367506382527722 -0.04055893207311556 0
2948 -0.3421899268315194 -0.04055893207311556 0
2949 -1.821280147522705 -0.1092191817717044 0
2950 -1.424050632911393 -0.1073454630925584 0
2951 -1.311803121554125 -0.10944435053974 0
2952 -1.080601941737017 -0.10944435053974 0
2953 0.05696202531645438 -0.1069797305482377 0
2954 0.4556962025316446 -0.1101338878049877 0
2955 0.5720915335909605 -0.1030196930351547 0
2956 0.7405063291139233 -0.1101338878049877 0
2957 0.8544303797468352 -0.1069797305482377 0
2958 1.025316455696202 -0.1082939627385501 0
2959 1.138746250243833 -0.1105727517364542 0
2960 1.310126582278481 -0.1101338878049877 0
2961 -1.168594827050592 -0.05624468315652709 0
2962 -1.480594883295066 -0.04055893207311578 0
2963 -0.911392405063293 -0.03986611219501246 0
2964 -0.4556962025316468 -0.04302026945176218 0
2965 -1.536470020940427 -0.1092191817717044 0
2966 -0.5681307541380685 -0.04086494619255787 0
2967 -0.7457884996470371 -0.04869929721569377 0
2968 -0.9683399500485045 -0.1066409806746692 0
2969 -2.106888620572572 -0.0394514408056208 0
2970 -2.048206001479425 -0.1029668796806915 0
2971 -0.5125121246215015 -0.1066851655591027 0
2972 -1.02489868076342 -0.04055893207311556 0
2973 -0.2008409018674637 -0.05949657872279202 0
2974 0.1139240506329102 -0.03986611219501246 0
2975 -1.220756968971374 -0.052295575658451 0
2976 0.9108981489780098 -0.03942724826354571 0
2977 1.652392990262495 -0.03942724826354571 0
2978 1.70886075949367 -0.1082939627385501 0
2979 -0.7985247885370034 -0.03973985944313851 0
2980 -1.994141446911152 -0.1066525296849447 0
2981 2.169501987713607 -0.0437097007731887 0
2982 -2.169501987713609 -0.1062902992268092 0
2983 2.161025381343856 -0.1027427959718807 0
2984 -2.161025381343867 -0.0472572040281044 0
2985 -1.94863915075605 -0.04102204678980903 0
2986 -0.6146306906380161 -0.1089514101485333 0
2987 -1.583660811658895 -0.04115585453218007 0
2988 -0.2414768731899256 -0.04146198583595873 0
2989 -1.261743524148603 -0.04072737282358541 0
2990 -1.127965624047398 -0.04137501910210017 0
2991 -1.868470938241173 -0.04115585453217852 0
2992 -1.663879385135429 -0.04109106928106898 0
2993 -0.6946580212894043 -0.1094092306949329 0
2994 -0.1570060110286639 -0.05112490315274731 0
2995 2.212578954367519 -0.1148151523078096 0
2996 -2.212578954367516 -0.1148151523078135 0
2997 2.212578954367518 -0.0351848476921901 0
2998 -2.212578954367515 -0.03518484769218633 0
2999 2.501750013217724 1.605 0
3000 -2.502129945103518 1.608397393080363 0
3001 -2.297106270716271 0.0277385791211151 0
3002 2.297106270716261 0.02773857912112221 0
3003 -2.342759704967137 1.747128128664066 0
3004 2.356900001434336 1.751428686934657 0
3005 -2.298112522432469 0.1388888888888887 0
3006 2.298112522432469 0.1388888888888892 0
3007 -2.300247533256735 0.3059107324311562 0
3008 2.300247533256742 0.3059107324311565 0
3009 2.301082220269064 0.472540973094551 0
3010 -2.301926645149216 0.4726271616923821 0
3011 2.292981812595906 0.6493022957122361 0
3012 -2.292862156149232 0.6492386483690026 0
3013 -2.296262354875626 0.8062804035635217 0
3014 2.296262165556477 0.8062825950469535 0
3015 2.298112522432469 0.9722222222222228 0
3016 -2.298112522432469 0.9722222222222205 0
3017 2.29743991596552 1.13046759616888 0
3018 -2.297440242003938 1.130464017327785 0
3019 2.298112522432469 1.305555555555556 0
3020 -2.304484603042823 1.301622853767112 0
3021 2.298142450695339 1.472208871641283 0
3022 -2.297554131763141 1.469839128951099 0
3023 2.219583251354647 1.551068357970743 0
3024 -2.221462810582569 1.548749672562338 0
3025 -2.059910861905517 1.747220108038336 0
3026 2.070235293034594 1.751527894210075 0
3027 1.902435783791528 1.749666443106732 0
3028 -1.891256728094995 1.74880706733161 0
3029 1.719705184683953 1.749709154350759 0
3030 -1.72110318324324 1.748710430603535 0
3031 -1.558333333333331 1.750925227118882 0
3032 1.552720111211126 1.751439664315249 0
3033 1.385192168900496 1.751191520920207 0
3034 -1.388333333333331 1.750925227118882 0
3035 -1.218333333333331 1.750925227118882 0
3036 1.21567559674106 1.752037215092201 0
3037 1.048333333333337 1.750925227118882 0
3038 -1.048333333333331 1.750925227118882 0
3039 0.8783333333333376 1.750925227118882 0
3040 -0.8783333333333309 1.750925227118882 0
3041 0.7066253641625383 1.749089323562061 0
3042 -0.7083333333333305 1.750925227118882 0
3043 -0.53833333333333 1.750925227118882 0
3044 0.5383333333333382 1.750925227118882 0
3045 0.3683333333333381 1.750925227118882 0
3046 -0.3683333333333301 1.750925227118882 0
3047 -0.1922295651090513 1.748686792768799 0
3048 0.1983333333333376 1.750925227118882 0
3049 0.02833333333333726 1.750925227118882 0
3050 -0.08499999999999604 1.750925227118882 0
3051 -2.502470418413028 1.382385234922014 0
3052 2.500996024589518 1.377399986300654 0
3053 2.500076866161243 1.216566362907724 0
3054 -2.500059880142755 1.216533751116436 0
3055 -2.498224826989069 1.048731685720049 0
3056 2.498403117432196 1.048721652525436 0
3057 -2.502838822589345 0.881721870037985 0
3058 2.50283965730537 0.8817228316822074 0
3059 -2.501750013217724 0.7135714285714287 0
3060 2.501750013217724 0.7135714285714287 0
3061 -2.501750013217724 0.5464285714285715 0
3062 2.501750013217724 0.5464285714285715 0
3063 -2.501750013217724 0.3792857142857143 0
3064 2.501750013217724 0.3792857142857142 0
3065 0.1114500208270987 1.548072240456698 0
3066 -2.500992051986491 0.2103231963156871 0
3067 2.500997691606894 0.2103324387932826 0
3068 0.2822295682782812 1.547979355483817 0
3069 -0.2868231984939463 1.548150070260386 0
3070 0.4529451940982563 1.54792810182621 0
3071 -0.4575392517146891 1.548201238657875 0
3072 0.6236607342176352 1.547876833028753 0
3073 -0.6282554169181422 1.548252382476136 0
3074 0.7943761933325502 1.547825550662361 0
3075 -0.7989716992747289 1.548303499729489 0
3076 0.9650915760691899 1.547774256240059 0
3077 -0.9696881040349571 1.548354588358519 0
3078 1.135806886985067 1.547722951233379 0
3079 -1.140404636530181 1.548405646229653 0
3080 1.30834352528507 1.549059413733954 0
3081 -1.311121302163994 1.54845667116629 0
3082 1.48101265822785 1.549330560975063 0
3083 -1.481838106285708 1.548507661494216 0
3084 1.656034709162852 1.552373191147064 0
3085 -1.652609081342978 1.548916818460164 0
3086 1.822988747652853 1.549304553524147 0
3087 -1.823343752302574 1.548936556443757 0
3088 1.990955872735609 1.549641158013731 0
3089 -1.994350513587477 1.548873435464246 0
3090 -2.421941206303902 -0.1066408772614265 0
3091 2.42194120630388 -0.1066408772614235 0
3092 2.503484629390654 0.04495436730399993 0
3093 -2.503488612591234 0.04494570775871576 0
3094 2.501750013217724 1.493571428571429 0
3095 -2.503971621479885 1.491477060930445 0
3096 2.189837726717739 1.750097720919195 0
3097 -2.17800680990726 1.748649223245523 0
3098 -2.107942203227016 1.548941289579132 0
3099 2.112980343843483 1.550437845513046 0
3100 -0.1161042167041701 1.548904117446316 0
3101 -0.00236178669971594 1.548944162825108 0
3102 2.300563625011419 1.527853582194326 0
3103 -2.277625779131162 1.551281475851443 0
3104 -2.249481844048667 1.597799249517413 0
3105 -2.305558044932586 1.597866460400779 0
3106 2.346783148661046 1.500020582804044 0
3107 2.346892885495086 1.555792328664904 0
3108 2.347133261046418 1.445596292869413 0
3109 -2.277498277717625 1.645992025602157 0
3110 -2.333611932273694 1.550374124221606 0
3111 -2.361548371652749 1.597716692773021 0
3112 -2.389546311979425 1.552032320815942 0
3113 2.464597650045512 1.756193940527183 0
3114 -2.465000000000003 1.750925227118882 0
3115 2.292181024683807 -0.07480326983757313 0
3116 -2.292181024683819 -0.07480326983757701 0
3117 2.300874271690579 1.58362962530457 0
3118 2.346975540598141 1.611705070453239 0
3119 2.298310706756971 1.639608495023171 0
3120 -2.221309697204663 1.646019561563841 0
3121 2.394887951656918 1.527910969625508 0
3122 -2.250696082402878 1.694016879169696 0
3123 -2.510679021771734 -0.06722249825528814 0
3124 2.510679021771725 -0.0672224982552877 0
3125 -2.415352203659526 1.596759296596423 0
3126 -2.389158945398348 1.645790698960309 0
3127 2.345166670560159 1.665431611236778 0
3128 2.394836927946102 1.639372104719813 0
3129 2.296001034696373 1.693037884296661 0
3130 2.248741455310201 1.667086462169197 0
3131 -2.444285650453946 1.549188698369726 0
3132 -2.413509234610733 1.501690652396432 0
3133 2.38923907722425 1.699810787839965 0
3134 2.44348575160014 1.667773069552708 0
3135 -2.451881593969381 1.640704358907089 0
3136 -2.417452868205007 1.694345576260163 0
3137 2.24490309784103 1.72067440612631 0
3138 -2.307280919945284 1.695125266285461 0
3139 2.443468864996669 1.61173818906308 0
3140 2.198034689760637 1.693006488273529 0
3141 2.199046809176957 1.639947476187093 0
3142 2.151015367498514 1.665282332988529 0
3143 2.145981779786599 1.603925938093934 0
3144 2.102228558309154 1.638794335565267 0
3145 2.100125323484333 1.699854207209586 0
3146 2.05156226879291 1.665725384582001 0
3147 2.052415931629964 1.613075169731899 0
3148 2.004626016321568 1.640578725978984 0
3149 2.003846945150607 1.695292352972684 0
3150 1.954857231389633 1.667096579046624 0
3151 1.959236025024483 1.602229268395881 0
3152 1.906354943219419 1.637004953707989 0
3153 1.906877447365237 1.586119377294393 0
3154 1.853322673904209 1.601919608921055 0
3155 1.857160802169646 1.663013944525133 0
3156 1.807143692245126 1.638105848808639 0
3157 1.809859810542053 1.699156487023944 0
3158 1.758163491229052 1.665500972387701 0
3159 1.757995932254146 1.609614456094214 0
3160 1.70876314365137 1.63778688944656 0
3161 1.709506966514257 1.582348059291034 0
3162 1.660053388155111 1.611297081582583 0
3163 1.659543659540489 1.666557048662256 0
3164 1.61137753470941 1.639853550381764 0
3165 1.612249828677032 1.692756111966477 0
3166 1.56293787524785 1.663821840062493 0
3167 1.563562009368299 1.602875748091175 0
3168 1.512206152029402 1.637566268498369 0
3169 1.518281391058969 1.70053627795084 0
3170 1.463804167670678 1.667024235135737 0
3171 1.466914239715533 1.714567154926453 0
3172 1.662762672976413 1.721075281772227 0
3173 1.410010531353544 1.697236986907691 0
3174 1.357827550946174 1.712451785599584 0
3175 1.415780953573328 1.641331330386526 0
3176 1.95557225112124 1.720854207045997 0
3177 2.297452912416432 0.08223957299213569 0
3178 2.345628246089482 0.1095182346710887 0
3179 2.346687515157361 0.1652195639092234 0
3180 2.394116205908734 0.1361886325320509 0
3181 2.392857635364267 0.08059272805110163 0
3182 2.396035726961929 0.1919765528057999 0
3183 2.348222124668213 0.2207915418848779 0
3184 2.397275632862186 0.2473070295381969 0
3185 2.445642294969448 0.108072941602927 0
3186 2.435723399298142 0.0501973258914431 0
3187 2.391059086649197 0.02534161361945675 0
3188 2.434415853631665 -0.004376172148747526 0
3189 2.390825418080735 -0.02645178370604195 0
3190 2.348929035753801 0.2765455682107847 0
3191 2.398084799685247 0.3029101005176723 0
3192 2.446857822175477 0.2755929647259604 0
3193 2.448304938808485 0.3312094102490532 0
3194 2.399716737758389 0.3589661529613606 0
3195 2.343864731880724 0.000397941080202413 0
3196 2.345876137276341 -0.05851028807865366 0
3197 2.344805604198878 0.05395114414393265 0
3198 -2.297452912416435 0.08223957299213391 0
3199 -2.345628246089484 0.1095182346710885 0
3200 -2.346687515157359 0.1652195639092259 0
3201 -2.394116205908732 0.1361886325320575 0
3202 -2.392857635364279 0.08059272805110662 0
3203 -2.396028986439611 0.1919702862890763 0
3204 -2.348221001247821 0.2207904974654277 0
3205 -2.397275422027664 0.2473037721176644 0
3206 -2.445638628354225 0.1080444556357786 0
3207 -2.435722157196222 0.05018690824887673 0
3208 -2.391058879632238 0.02533987734569343 0
3209 -2.43441568111755 -0.004377619043541947 0
3210 -2.390825354825596 -0.02645231423414462 0
3211 -2.348928813377976 0.2765448512374568 0
3212 -2.398084727483515 0.3029094381186999 0
3213 -2.446858335985261 0.2755918485757268 0
3214 -2.448304957967505 0.3312093330872358 0
3215 -2.399716728917926 0.3589660297012334 0
3216 -2.343864686835391 0.0003975632798828288 0
3217 -2.345876121804855 -0.05851041783985955 0
3218 -2.34480557419147 0.0539508924684402 0
3219 -2.504954645456964 -0.01117336233235033 0
3220 2.504954403523006 -0.01117283636385691 0
3221 -2.46905378374138 1.693866139302915 0
3222 -2.196750250495042 1.694730293472268 0
3223 -2.165530113784903 1.646010871635643 0
3224 -2.138639037511674 1.695448122778403 0
3225 -2.108771308164417 1.646155735646109 0
3226 -2.284040366008832 1.745222646923073 0
3227 -2.084522033722314 1.696540993391503 0
3228 -2.052468513783873 1.646373118239719 0
3229 -2.02547993419513 1.695645636212921 0
3230 -1.995393875485089 1.646226994145083 0
3231 -1.968401319395944 1.696813138460755 0
3232 -1.938090481749968 1.645327952346251 0
3233 -1.910905836704667 1.695626372380777 0
3234 -1.881357151695482 1.645350149725956 0
3235 -1.854731366896961 1.695440019986612 0
3236 -1.824508322009952 1.645124499894446 0
3237 -1.909380686522856 1.597251825469477 0
3238 -1.797917096406529 1.696462421105328 0
3239 -1.767714150545229 1.645023958399878 0
3240 -1.740171310465074 1.695017363338779 0
3241 -1.711075739781542 1.645398531372935 0
3242 -1.684344439641479 1.695180640775649 0
3243 -1.654124597546871 1.644823571131695 0
3244 -1.738894179316159 1.597181596520295 0
3245 -1.627572270605052 1.696233151578359 0
3246 -1.597329490380645 1.644723450294962 0
3247 -1.573776295699759 1.697650325035146 0
3248 -1.541355417266576 1.645634622252384 0
3249 -1.516491020877051 1.705205531225787 0
3250 -1.483738923349405 1.644523251611667 0
3251 -1.568498280228 1.59714332555543 0
3252 -1.457648884494 1.697717708707609 0
3253 -1.426943480651121 1.644423156524448 0
3254 -1.403572038714069 1.697761444408381 0
3255 -1.370999329898916 1.645450204680034 0
3256 -1.34621048501086 1.705046405551535 0
3257 -1.313352296150602 1.644222968524894 0
3258 -1.397615136075625 1.596818850634574 0
3259 -1.287320588009024 1.69750479155728 0
3260 -1.256556555427941 1.64412287452602 0
3261 -1.233300071911717 1.697589522583677 0
3262 -1.200631209700771 1.645218332325008 0
3263 -1.175918177478801 1.704840065737888 0
3264 -1.142964778245624 1.643922686137054 0
3265 -1.227068135642386 1.596679132650885 0
3266 -1.116989967414553 1.697283870769525 0
3267 -1.086168741853903 1.643822591678108 0
3268 -1.063027504500904 1.697416133062263 0
3269 -1.030262250514282 1.644985934238473 0
3270 -1.005625285341321 1.704633441013181 0
3271 -0.9725763735446741 1.643622402206778 0
3272 -1.056520980189027 1.596539294110019 0
3273 -0.9466588914593272 1.697062766704835 0
3274 -0.9157800416311399 1.643522307190008 0
3275 -0.8927546510976346 1.697242577521014 0
3276 -0.85989250532868 1.644753232367951 0
3277 -0.8353318605148431 1.704426748678817 0
3278 -0.8021870822901455 1.643322116592714 0
3279 -0.8859736736782861 1.596399373915948 0
3280 -0.776327371536201 1.696841514076607 0
3281 -0.745390454862592 1.643222021011908 0
3282 -0.7224815162732608 1.697068860207966 0
3283 -0.6895219749284499 1.644520232609313 0
3284 -0.6650379030845007 1.704219989791621 0
3285 -0.6317969044927559 1.643021829285883 0
3286 -0.7154262109426449 1.596259375168247 0
3287 -0.605995410342149 1.696620111515256 0
3288 -0.5749999815501211 1.642921733140644 0
3289 -0.5522081031565473 1.696894979346973 0
3290 -0.5191506598242167 1.644286939750747 0
3291 -0.4947434128986486 1.704013164395332 0
3292 -0.4614058401485112 1.642721540285703 0
3293 -0.5448785868179992 1.59611930072329 0
3294 -0.4356630105689269 1.696398557457788 0
3295 -0.4046086216891671 1.642621443576 0
3296 -0.3819344149137051 1.696720933107116 0
3297 -0.3487785605309123 1.64405335845254 0
3298 -0.3244483898253506 1.703806272515585 0
3299 -0.2910138892524759 1.642421249592126 0
3300 -0.3743307962190273 1.595979153343386 0
3301 -0.265330174952279 1.696176850314387 0
3302 -0.2342163752747585 1.642321152317955 0
3303 -0.2106431600551941 1.696173647237652 0
3304 -0.1774187627905461 1.642221054855627 0
3305 -0.2036183483434424 1.595572529299587 0
3306 -0.1524294513336493 1.693056472865456 0
3307 -0.1206210517996536 1.642120957205143 0
3308 -0.09493343228699326 1.692436376307365 0
3309 -0.06382324230189655 1.642020859366501 0
3310 -0.03731725648436592 1.691979312070826 0
3311 -0.007025334297089383 1.6419207613397 0
3312 0.01872261296441054 1.692197790899089 0
3313 0.04977267221495304 1.64182066312474 0
3314 0.07353216425238918 1.702494272501201 0
3315 0.1061703844727644 1.643544927099744 0
3316 0.1321519598175886 1.695824823947857 0
3317 0.1632259818267355 1.642131283466933 0
3318 0.1856288535223921 1.696252345837422 0
3319 0.2201672827963446 1.641520367350904 0
3320 0.2433506157023926 1.70288192772316 0
3321 0.2766447387864094 1.642796004280092 0
3322 0.1943114700969709 1.595304578345681 0
3323 0.3054515719848631 1.690559133537574 0
3324 0.3337122505558345 1.642424708737887 0
3325 0.3568710734875549 1.691589584573046 0
3326 0.389659219832965 1.642492839486165 0
3327 0.4136599236720906 1.702206072842054 0
3328 0.447361476017396 1.641119970351548 0
3329 0.3647279577341056 1.595464307082711 0
3330 0.4758475129144553 1.690259091156086 0
3331 0.504161907453312 1.641939342360908 0
3332 0.5271890468691683 1.691296508196566 0
3333 0.5600515660933466 1.642207263042845 0
3334 0.5839662111472907 1.701974733890917 0
3335 0.6177581552740621 1.640819670626336 0
3336 0.5352883259035974 1.595284547308503 0
3337 0.6462443404233342 1.689959047082586 0
3338 0.6745589595686389 1.64168292114472 0
3339 0.6972144420959442 1.690735753733197 0
3340 0.7303869725128362 1.641914999382191 0
3341 0.7539789573042194 1.701441924084831 0
3342 0.7881557211141781 1.640519369207658 0
3343 0.7058303556324123 1.59514181695562 0
3344 0.816642054516499 1.689659001317063 0
3345 0.8449568976638169 1.641426154755508 0
3346 0.872896822978475 1.693230273088081 0
3347 0.9016659481975653 1.642131662945552 0
3348 0.9301294569049262 1.686947844299223 0
3349 0.9585464505637388 1.640732771478499 0
3350 0.8765297181914598 1.59508383822166 0
3351 0.985301226080009 1.68803338614571 0
3352 1.015064529725695 1.641033731769325 0
3353 1.043035421189755 1.69284100534853 0
3354 1.071973166434704 1.641844862427392 0
3355 1.100470053438056 1.686687423731274 0
3356 1.128939303355014 1.640457307294263 0
3357 1.047018665017287 1.594919328775382 0
3358 1.155669796990535 1.687732536793187 0
3359 1.185458005995792 1.640780278689621 0
3360 1.213720616990989 1.691887705324938 0
3361 1.242419715347091 1.641486998788848 0
3362 1.217578406921107 1.594766127960331 0
3363 1.271040292903389 1.688858870824301 0
3364 1.297535805219142 1.647914454884436 0
3365 1.129126758702344 1.738278158381753 0
3366 0.9587274187033598 1.738577951420043 0
3367 0.7932193788126773 1.741402189674848 0
3368 0.6229952835637652 1.741679486318138 0
3369 0.4475347182471264 1.739477320391375 0
3370 0.2771389245919602 1.739777106667336 0
3371 0.1079568235236738 1.742926383692913 0
3372 -0.2893104191113163 1.743289482484218 0
3373 -0.4595113546182863 1.743387895367241 0
3374 -0.6297123869385842 1.743486093985848 0
3375 -0.7999135131561687 1.743584081095771 0
3376 -0.9701147304367087 1.743681859426663 0
3377 -1.140316035964199 1.74377943144993 0
3378 -1.310517414852036 1.743876749144866 0
3379 -1.480716253243394 1.743962864786261 0
3380 -1.663865280631139 1.749293586524235 0
3381 -1.83403691653247 1.749377227899052 0
3382 -2.406314423525017 1.749624356686338 0
3383 -2.004041899170405 1.749191699486043 0
3384 -2.164789060233153 1.548759432229275 0
3385 2.16725780602591 1.549305141381871 0
3386 2.299796212710314 0.2496691044564366 0
3387 2.350450635513653 0.3331216882358441 0
3388 2.353253568575409 0.3889777087153863 0
3389 2.402696685821227 0.4141680047131425 0
3390 2.355200517621895 0.4440686860145742 0
3391 2.405013682920009 0.4695422674539185 0
3392 2.452221115611799 0.4480513335690746 0
3393 2.358906968939507 0.4998318346897452 0
3394 2.408650926222584 0.5250855631138953 0
3395 2.362502177587233 0.5555138210400576 0
3396 2.411103286399825 0.5806653823226531 0
3397 2.368764388591655 0.6109060122995029 0
3398 2.414066679054814 0.6362205162535151 0
3399 2.372384446568269 0.666425476570631 0
3400 2.41774405091351 0.6917339673835956 0
3401 2.37251129158814 0.7221387977230797 0
3402 2.419675991500786 0.7473457301510683 0
3403 2.377218141788019 0.777595220865584 0
3404 2.422280462919834 0.8029211022469421 0
3405 2.380519427857928 0.8331321789430636 0
3406 2.42655912402711 0.8584035432759457 0
3407 2.381584492408934 0.8887964836496253 0
3408 2.428025895225182 0.9140464165636633 0
3409 2.385502884590926 0.9443020376737513 0
3410 2.433968053100037 0.9694819326865562 0
3411 2.389229235628207 0.9998271858243357 0
3412 2.462045739149035 0.6056641853790443 0
3413 2.331798617497012 0.8637343681099191 0
3414 2.470197933389986 0.772201104981266 0
3415 2.439553560134462 1.024790416147012 0
3416 2.391056832444773 1.055442810900186 0
3417 2.443288157352837 1.080247946068911 0
3418 2.395023417170688 1.110932753168963 0
3419 2.446225899409454 1.135779954780261 0
3420 2.398257250946634 1.166474684426626 0
3421 2.339886058802917 1.029874027017383 0
3422 2.323631754192645 0.6964906330642331 0
3423 2.471758926140072 0.9301278220607522 0
3424 2.30644606051425 0.5282424579316569 0
3425 2.495783302769402 1.10536081602573 0
3426 2.449453210282331 1.191331884308954 0
3427 2.400851088585704 1.222051749596721 0
3428 2.350538861247799 1.197055650709071 0
3429 2.353664213760862 1.252593503001007 0
3430 2.403430945041598 1.27765101563986 0
3431 2.362463637328074 1.316154442750243 0
3432 2.418600682180102 1.334224048826533 0
3433 2.45640229125722 1.300588468412276 0
3434 2.327700521705767 1.358261918695873 0
3435 2.302068733177488 0.3615718050911276 0
3436 -2.299796052496475 0.2496688947668227 0
3437 -2.350450584943976 0.3331214377971036 0
3438 -2.353253565997897 0.3889776925025703 0
3439 -2.402696683918208 0.4141679814676614 0
3440 -2.355341254355145 0.444083044204497 0
3441 -2.405036710665209 0.4695446806888274 0
3442 -2.452223603990531 0.4480501604097996 0
3443 -2.357214366343416 0.4994739656827009 0
3444 -2.408578380789651 0.5250701480391436 0
3445 -2.362374112453147 0.5554778364986972 0
3446 -2.411069851305272 0.5806568157199785 0
3447 -2.368617815440206 0.6108349397656037 0
3448 -2.414036243723413 0.636207267485263 0
3449 -2.372354945154387 0.6664114230202678 0
3450 -2.417741337613065 0.6917327892377176 0
3451 -2.372506199313401 0.722132679684109 0
3452 -2.419674690571495 0.7473445141202735 0
3453 -2.377217353098329 0.7775904190976912 0
3454 -2.422279672482294 0.8029201241632764 0
3455 -2.38051916466994 0.8331312156344671 0
3456 -2.42655896321585 0.8584034655264314 0
3457 -2.381584697091899 0.8887927315539973 0
3458 -2.428025902537002 0.9140457782561526 0
3459 -2.385503195272906 0.9442977273539517 0
3460 -2.433968106098845 0.9694811079153571 0
3461 -2.389229296241524 0.9998263299758363 0
3462 -2.462045739148949 0.605664185379084 0
3463 -2.33179861749681 0.8637343681099086 0
3464 -2.470197398634387 0.7722005001172794 0
3465 -2.439523863995836 1.024791808242844 0
3466 -2.391055132717064 1.055441539228713 0
3467 -2.442763980658685 1.080277169424746 0
3468 -2.39493604630224 1.110933832941934 0
3469 -2.445616838581883 1.135781520107243 0
3470 -2.398141178997132 1.166475125276623 0
3471 -2.339886070595288 1.029873149385786 0
3472 -2.32360998350588 0.6964755908542092 0
3473 -2.471758797072432 0.9301274179402752 0
3474 -2.306163696925946 0.5281275330966692 0
3475 -2.495837802537819 1.105361513430844 0
3476 -2.449311616596102 1.191295767150293 0
3477 -2.400808144350575 1.222045803602831 0
3478 -2.350538861247511 1.197055650709086 0
3479 -2.353664213760574 1.252593503001021 0
3480 -2.403422998772751 1.277649597181547 0
3481 -2.357818810980236 1.309189615457186 0
3482 -2.406408523240331 1.333047898608393 0
3483 -2.363340952817007 1.363635371558759 0
3484 -2.409544370756731 1.388740909062359 0
3485 -2.452981467629936 1.302736732967714 0
3486 -2.364681913785121 1.417020594949129 0
3487 -2.314453991232042 1.391199977023455 0
3488 -2.302068724319619 0.3615717606492 0
3489 -2.411705728484345 1.442990297436406 0
3490 -2.353972790820789 1.471482157165633 0
3491 -2.312557981273233 0.5893780386871722 0
3492 -2.494920393020903 0.9848351865046873 0
3493 2.49495011625672 0.9848337298762917 0
3494 2.295660033464317 -0.02363816738816926 0
3495 -2.295660033464317 -0.02363816738816882 0
3496 2.409316046426055 1.751911812639009 0
3497 -2.501845610394196 0.1005487065475873 0
3498 -2.501699894067902 0.1561848425870708 0
3499 -2.44535993931057 0.1638931132524815 0
3500 2.501750013217732 0.1007142857142855 0
3501 2.50179496913935 0.1563507054882193 0
3502 2.445406981380069 0.1639184787657972 0
3503 2.395054178544642 1.583768154896941 0
3504 2.443430807416004 1.55586847714491 0
3505 2.443852310924699 1.501851520556623 0
3506 2.395023929598587 1.472670212702282 0
3507 2.443807659003417 1.446226183847926 0
3508 2.394512026640224 1.420361897264222 0
3509 2.443125683061582 1.389381225457277 0
3510 2.498279896645374 1.430382184981929 0
3511 2.498831755888323 1.549285714285715 0
3512 1.710934136457991 1.692340774963752 0
3513 -0.02602089266601261 1.74755974626406 0
3514 2.05196257725562 1.557036602727168 0
3515 -0.06003222219702523 1.548815539776466 0
3516 0.05373357809527033 1.54867011621175 0
3517 -2.051171558337983 1.54887981014277 0
3518 -2.120366517029375 1.748619170940842 0
3519 -0.13984128930927 1.747617893036741 0
3520 2.127255279428333 1.752552417004989 0
3521 -2.344293389070649 1.085920476977547 0
3522 2.344291737858779 1.085941950024104 0
3523 2.33858050212861 0.9266799282686413 0
3524 -2.338580630466467 0.9266785845327319 0
3525 -2.332445681403483 0.7599826440452526 0
3526 2.332450226081883 0.7599873362953119 0
3527 2.314539051156081 0.5878356954495259 0
3528 -2.503805186050935 1.437550099304153 0
3529 -2.496048685964966 1.549510244067777 0
3530 1.761774870665001 1.552593038527723 0
3531 1.594694893063671 1.549313697602734 0
3532 1.538011112629815 1.549330549947189 0
3533 1.366797256731327 1.547930118860878 0
3534 1.425703684680417 1.549531504179694 0
3535 2.501492375870948 1.272033547615537 0
3536 2.504843972221177 0.6498127315515152 0
3537 2.500943682776189 1.658786016523028 0
3538 2.501755540428614 0.4907238591243585 0
3539 -2.50106584565143 0.2659741656386557 0
3540 -2.507942706543434 0.8169871216523678 0
3541 2.507943376956337 0.816987357854296 0
3542 -2.50091916325482 1.272386156467109 0
3543 -2.504843538264142 0.6498127559726896 0
3544 -2.501750013217731 0.4907142857142859 0
3545 2.501061693307805 0.2659822271680207 0
3546 2.298149077418786 1.249978894968811 0
3547 -2.298854478237399 1.247629313288893 0
3548 2.300901916372113 1.409530218867993 0
3549 1.782983054759891 1.752201028609434 0
3550 1.840348144548902 1.752051740296161 0
3551 1.275074078148381 1.748730602802034 0
3552 -2.451250545124489 1.247107968080988 0
3553 2.449876319450113 1.247189311516081 0
3554 1.249888736348884 1.547267810987286 0
3555 1.457657981225492 1.603486638249778 0
3556 1.331740507575049 1.597123780496716 0
3557 -2.298802848555687 0.1939094556532089 0
3558 2.298803062494726 0.1939096646713862 0
3559 2.246715001884529 1.603906632376085 0
3560 1.078862878831042 1.547119883022817 0
3561 -2.333771709381661 1.646117472053565 0
3562 0.9081525223748663 1.547205262169422 0
3563 0.7374072320333597 1.547273007118563 0
3564 1.906642982759678 1.691487101744888 0
3565 0.5666882984661478 1.547354992893809 0
3566 2.007711583079378 1.749477215626111 0
3567 0.395966442348849 1.547443260345934 0
3568 0.2252686993859095 1.54747505094626 0
3569 -2.193428224405868 1.597376932130594 0
3570 -2.363239267559444 1.694994140748153 0
3571 -2.49947058351157 1.16080262155983 0
3572 -2.431784002223315 -0.05901500676456151 0
3573 2.431784041518172 -0.05901467719407638 0
3574 -0.1730735732223294 1.547790585433198 0
3575 -0.3438207111192063 1.54778286910697 0
3576 -0.5145397707311371 1.547865025812836 0
3577 -0.6852586739598376 1.547947243718052 0
3578 -0.8559774225241709 1.548029516169937 0
3579 -1.026696018169516 1.548111836383928 0
3580 2.49958617937794 1.160863704971371 0
3581 -1.19741446265285 1.548194197423012 0
3582 -1.368132756180196 1.548276586399196 0
3583 -1.538692175082485 1.548686564023492 0
3584 2.373569849400838 -0.107254862038049 0
3585 -2.373569846822269 -0.1072548836649189 0
3586 -1.7088088378227 1.548845577209245 0
3587 -1.879450382019674 1.548878327574073 0
3588 -2.136780825914887 1.59749061443516 0
3589 -2.501814564584794 0.3217395246469187 0
3590 2.501814361313921 0.3217399261654447 0
3591 -2.501860750095748 1.32777803265368 0
3592 2.503507950169059 1.325033787088989 0
3593 -2.445181332217493 0.2205618625777728 0
3594 2.44517883576118 0.2205732244831154 0
3595 -2.080081639166602 1.597595437138115 0
3596 -2.02333974446865 1.597613086825859 0
3597 2.296463688435636 1.751770288031208 0
3598 1.332065710091059 1.753974402655392 0
3599 -1.966462353422023 1.597292013432019 0
3600 -1.937839126344583 1.548552498919708 0
3601 2.297252266697374 1.191886154300694 0
3602 -2.297609640954644 1.190719910611936 0
3603 -1.852989293117643 1.597712627356855 0
3604 -2.302098364970312 0.4167654987303304 0
3605 2.301934173273976 0.4167487510414958 0
3606 -1.796102797846358 1.597546098790227 0
3607 -2.449840230544585 0.3893283861116476 0
3608 2.449840018232154 0.3893285048894182 0
3609 -1.767018411679513 1.548534323948276 0
3610 -1.682418307251934 1.597555597933364 0
3611 -1.625683559616053 1.597496585272067 0
3612 -1.596199312817047 1.548550615192577 0
3613 1.613551415819441 1.750280331568622 0
3614 -1.512219230032919 1.597684949161559 0
3615 -2.455111784882843 1.357449665621103 0
3616 -1.454400918217695 1.596445564225029 0
3617 -1.425014697097001 1.548341443792169 0
3618 -1.341832250740293 1.597668480670606 0
3619 -1.283849182847873 1.59626337263208 0
3620 -1.254297032871859 1.548265562312044 0
3621 2.472590818557816 -0.100598567986345 0
3622 -2.472590814548146 -0.1005986016159871 0
3623 -1.171444383491369 1.597650297403746 0
3624 -1.11329700022046 1.596081203218725 0
3625 -1.083579266189083 1.548189663323721 0
3626 -1.001055632388053 1.597630432081259 0
3627 2.493564905010731 1.71255455334414 0
3628 -0.9427443717233998 1.595899068402229 0
3629 -0.9128613970145658 1.548113757807772 0
3630 2.348178904401547 1.145464066695123 0
3631 -2.347159893096018 1.146928168974152 0
3632 -0.8306659976350508 1.597608916713318 0
3633 -2.502160269304204 0.4311164936335056 0
3634 2.502160605794653 0.4311177871272102 0
3635 -0.7721912956865141 1.59571697522103 0
3636 -0.742143423015262 1.548037848972803 0
3637 -0.6602754791893801 1.597585782553423 0
3638 -2.325489774567927 -0.1087429097775389 0
3639 2.325489776716741 -0.1087428917551487 0
3640 -0.6016377703554925 1.595534930593389 0
3641 -2.457070692360284 1.411768223847815 0
3642 -0.5714253418586472 1.547961939934275 0
3643 -0.4898840769933769 1.597561060114892 0
3644 -0.43108379399666 1.595352941304162 0
3645 -0.4007071512466601 1.547886033735399 0
3646 -0.3194917909896092 1.597534779190928 0
3647 -0.2605019506033423 1.59512661293999 0
3648 -0.2299522121991173 1.547773299655527 0
3649 -0.1481245457330439 1.596579715306582 0
3650 1.495764497963674 1.754033572281697 0
3651 -0.09188432887201956 1.597128479991162 0
3652 -0.03472164861183719 1.596771691441485 0
3653 0.02171711000108925 1.597099124868525 0
3654 0.07918579190930952 1.596510143539777 0
3655 0.1375382875137079 1.594948875983775 0
3656 0.1683901049537373 1.547633457622069 0
3657 -2.294812746896952 1.076274058111376 0
3658 2.294812422957913 1.076277144958906 0
3659 0.2500336436465785 1.595997177270003 0
3660 2.452154190752287 0.5000707040436684 0
3661 -2.452148463688762 0.5000687553794738 0
3662 0.308186718483324 1.594754187325742 0
3663 0.3391091651070051 1.547606851706368 0
3664 0.4194504833408633 1.596858913229908 0
3665 -2.458566202292808 1.465723026077748 0
3666 0.4786442691102545 1.594454997964458 0
3667 0.5098137572124101 1.547503773332163 0
3668 0.5898822817801758 1.596792788542821 0
3669 0.649205798378399 1.594275124020674 0
3670 0.6805321213094575 1.547427796853935 0
3671 0.760311414750764 1.596727137932412 0
3672 0.8197933874666008 1.594109738555976 0
3673 0.8512854301431917 1.54737073160157 0
3674 0.9314725939300041 1.596144528223731 0
3675 0.990418378500353 1.593903789267152 0
3676 1.022004068301713 1.547286209550902 0
3677 1.101511435245199 1.596394469178005 0
3678 1.160916095024625 1.593780511711824 0
3679 -2.504911276824865 1.658908857806909 0
3680 1.940287060543864 1.546258081515675 0
3681 1.192765864761804 1.547256233648803 0
3682 1.27458444944939 1.596269764475261 0
3683 1.357458404209021 1.654901068223917 0
3684 2.286562200838659 1.026785789950814 0
3685 -2.286562267984942 1.026784997054987 0
3686 -2.447118489630071 0.5515776951892503 0
3687 2.447140831148291 0.5515828812575665 0
3688 1.395586359305059 1.59068579800807 0
3689 2.350262240716626 0.9745810802012669 0
3690 -2.35026234300173 0.9745796026941054 0
3691 1.875200984682219 1.545796559953303 0
3692 -2.513727858126163 0.6012382454132119 0
3693 2.513727944917587 0.601238240528969 0
3694 2.351611119747644 1.40134482111082 0
3695 2.195887537120099 1.590398706713505 0
3696 -1.947434297227668 1.748406379609864 0
3697 -2.231026695913446 1.74710317380176 0
3698 -1.777204751107885 1.748261240491116 0
3699 -1.608924530044879 1.749017048376103 0
3700 1.510489982696172 1.588517953152315 0
3701 -1.436699444143831 1.753813164213481 0
3702 -1.266559748978332 1.753853368996098 0
3703 -1.096420839673063 1.753892086259749 0
3704 -0.9262829363603559 1.753930179793231 0
3705 -0.7561460521230003 1.753967646589642 0
3706 -2.292452775226335 0.9095132698848838 0
3707 2.292452753836745 0.9095134938408715 0
3708 -0.5860101992298654 1.754004479538311 0
3709 2.459456838719485 0.6690712861491809 0
3710 -2.459451241621314 0.6690688857336992 0
3711 -0.4158798423785647 1.753177040225026 0
3712 -2.291295907760084 1.351265505597195 0
3713 -0.245432692276388 1.753962915404077 0
3714 -2.508336766903585 1.720392820821242 0
3715 0.1512387479143875 1.753246801257546 0
3716 0.3218547061218431 1.745475175316139 0
3717 0.492039657449572 1.745326357810485 0
3718 0.6649492193824508 1.728573760849996 0
3719 1.801426119119828 1.591332951915407 0
3720 1.756543659694338 1.71281996070824 0
3721 0.836551651261532 1.72927129204447 0
3722 1.617144506891869 1.591142653761064 0
3723 1.005412813194626 1.728250340211306 0
3724 2.153276436222317 1.712637503682569 0
3725 1.175262493326701 1.72927620613714 0
3726 2.440040686061338 1.717648832780601 0
3727 2.284102707378047 0.8603505358439936 0
3728 -2.284102749519754 0.8603500527561069 0
3729 -2.453762936331596 0.7187836235560796 0
3730 2.453764965548298 0.7187847034473079 0
3731 2.464526526251496 1.345325503217146 0
3732 2.011839284593449 1.592512184969532 0
3733 1.315166973586194 1.70113853083161 0
3734 -2.394928804849685 -0.07074144989713205 0
3735 2.394928813639742 -0.07074137617360632 0
3736 2.094413727669227 1.593075192948306 0
3737 1.436244494287348 1.755901729114878 0
3738 1.708860759493672 1.535551248869261 0
3739 1.863289504762361 1.711075143339372 0
3740 2.045993258915866 1.711629670382965 0
3741 2.343649715756264 0.8081463398521664 0
3742 -2.343648634308837 0.8081438100901682 0
3743 -2.515978023679109 0.7682660957825009 0
3744 2.515978264712809 0.768266263995684 0
3745 2.384375305452413 1.370817312019144 0
3746 -2.460618833946747 1.590075304971245 0
3747 1.67067849889698 1.7653661527216 0
3748 -2.309088101296497 1.512585912984788 0
3749 -2.323063762474348 1.434516128275978 0
3750 2.508359440941381 1.758608157473549 0
3751 2.286602540378444 -0.113397459621555 0
3752 -2.286602540378444 -0.1133974596215558 0
3753 2.264560981782251 1.555607303264317 0
3754 -2.461840146488544 1.509553230771036 0
3755 2.239986855067457 1.76547648329778 0
3756 2.28279795857758 1.361111111111111 0
3757 -2.288875821597555 0.7428638471512377 0
3758 2.28888017593857 0.7428675014751576 0
3759 2.465031418351773 0.8360998971687493 0
3760 -2.465030919829538 0.8360994207448662 0
3761 1.955037464493554 1.766245877790816 0
3762 1.091950282259355 1.761477247146163 0
3763 1.569150673809278 1.708834929665286 0
3764 2.338267585043807 1.71001460743678 0
3765 0.9217904949690338 1.761534467385114 0
3766 -2.359945674196227 1.51763303351688 0
3767 2.514613828721051 -0.1128219342002071 0
3768 -2.514613828721056 -0.1128219342002115 0
3769 0.7536958950144973 1.758832691297602 0
3770 0.5837267232977738 1.75917156258172 0
3771 0.4115462486925806 1.759303395406717 0
3772 2.472371923551778 -0.03868310658604468 0
3773 -2.472371923551819 -0.03868310658604301 0
3774 2.281098748545424 0.6955098638281034 0
3775 -2.281069592250533 0.6954933950526674 0
3776 0.2413294460569348 1.759458166141078 0
3777 -2.458842681048833 0.884079590501142 0
3778 2.458843004209902 0.8840801021502636 0
3779 0.07120140727579856 1.759705905123654 0
3780 2.472544374759969 0.01727208848372064 0
3781 -2.472544332439178 0.01726969929087463 0
3782 -0.3259850277847278 1.760035657376369 0
3783 -2.287014377093906 1.425777713516773 0
3784 -0.4961908685212862 1.760155486822959 0
3785 -0.6663966782404488 1.760275296852881 0
3786 -0.8366024601923451 1.760395089568417 0
3787 2.338339094961768 0.6404829024988166 0
3788 -2.337209742958098 0.640999568898331 0
3789 -2.515921760951851 0.9346283943138903 0
3790 2.515926144811816 0.9346283813333623 0
3791 -1.006808217705175 1.760514867111573 0
3792 1.165244712459537 1.767195022828393 0
3793 -2.514296957714481 1.764256441920823 0
3794 1.243877646195955 1.720378598510868 0
3795 2.473037613949136 0.07061460301493028 0
3796 -2.47303974003733 0.07057821785837004 0
3797 -1.177013954164875 1.760634631598065 0
3798 0.9970200331282865 1.765643111542424 0
3799 -2.328591336337861 1.339638299761382 0
3800 1.082583169784569 1.726041812345321 0
3801 0.8278244328677473 1.766268320983592 0
3802 -1.347219669609763 1.760754371244866 0
3803 0.9123755053778264 1.726243152662269 0
3804 0.6595806400884195 1.763868514146039 0
3805 -1.51742464758045 1.760871074060024 0
$EndNodes
$Elements
7608
1 1 2 11 1 1 11
2 1 2 11 1 11 12
3 1 2 11 1 12 13
4 1 2 11 1 13 14
5 1 2 11 1 14 15
6 1 2 11 1 15 16
7 1 2 11 1 16 17
8 1 2 11 1 17 18
9 1 2 11 1 18 19
10 1 2 11 1 19 20
11 1 2 11 1 20 21
12 1 2 11 1 21 22
13 1 2 11 1 22 23
14 1 2 11 1 23 24
15 1 2 11 1 24 25
16 1 2 11 1 25 26
17 1 2 11 1 26 27
18 1 2 11 1 27 28
19 1 2 11 1 28 29
20 1 2 11 1 29 30
21 1 2 11 1 30 31
22 1 2 11 1 31 32
23 1 2 11 1 32 33
24 1 2 11 1 33 34
25 1 2 11 1 34 35
26 1 2 11 1 35 36
27 1 2 11 1 36 37
28 1 2 11 1 37 38
29 1 2 11 1 38 39
30 1 2 11 1 39 40
31 1 2 11 1 40 41
32 1 2 11 1 41 42
33 1 2 11 1 42 43
34 1 2 11 1 43 44
35 1 2 11 1 44 2
36 1 2 11 2 3 45
37 1 2 11 2 45 46
38 1 2 11 2 46 47
39 1 2 11 2 47 48
40 1 2 11 2 48 49
41 1 2 11 2 49 50
42 1 2 11 2 50 51
43 1 2 11 2 51 52
44 1 2 11 2 52 53
45 1 2 11 2 53 54
46 1 2 11 2 54 55
47 1 2 11 2 55 56
48 1 2 11 2 56 57
49 1 2 11 2 57 58
50 1 2 11 2 58 59
51 1 2 11 2 59 60
52 1 2 11 2 60 61
53 1 2 11 2 61 62
54 1 2 11 2 62 63
55 1 2 11 2 63 64
56 1 2 11 2 64 65
57 1 2 11 2 65 66
58 1 2 11 2 66 67
59 1 2 11 2 67 68
60 1 2 11 2 68 69
61 1 2 11 2 69 70
62 1 2 11 2 70 71
63 1 2 11 2 71 72
64 1 2 11 2 72 73
65 1 2 11 2 73 74
66 1 2 11 2 74 75
67 1 2 11 2 75 76
68 1 2 11 2 76 77
69 1 2 11 2 77 78
70 1 2 11 2 78 79
71 1 2 11 2 79 80
72 1 2 11 2 80 81
73 1 2 11 2 81 82
74 1 2 11 2 82 83
75 1 2 11 2 83 84
76 1 2 11 2 84 85
77 1 2 11 2 85 86
78 1 2 11 2 86 87
79 1 2 11 2 87 88
80 1 2 11 2 88 89
81 1 2 11 2 89 90
82 1 2 11 2 90 91
83 1 2 11 2 91 92
84 1 2 11 2 92 93
85 1 2 11 2 93 94
86 1 2 11 2 94 95
87 1 2 11 2 95 96
88 1 2 11 2 96 97
89 1 2 11 2 97 98
90 1 2 11 2 98 99
91 1 2 11 2 99 100
92 1 2 11 2 100 101
93 1 2 11 2 101 102
94 1 2 11 2 102 103
95 1 2 11 2 103 104
96 1 2 11 2 104 105
97 1 2 11 2 105 106
98 1 2 11 2 106 107
99 1 2 11 2 107 108
100 1 2 11 2 108 109
101 1 2 11 2 109 110
102 1 2 11 2 110 111
103 1 2 11 2 111 112
104 1 2 11 2 112 113
105 1 2 11 2 113 114
106 1 2 11 2 114 115
107 1 2 11 2 115 116
108 1 2 11 2 116 117
109 1 2 11 2 117 118
110 1 2 11 2 118 119
111 1 2 11 2 119 120
112 1 2 11 2 120 121
113 1 2 11 2 121 122
114 1 2 11 2 122 123
115 1 2 11 2 123 124
116 1 2 11 2 124 125
117 1 2 11 2 125 126
118 1 2 11 2 126 127
119 1 2 11 2 127 128
120 1 2 11 2 128 129
121 1 2 11 2 129 130
122 1 2 11 2 130 131
123 1 2 11 2 131 132
124 1 2 11 2 132 133
125 1 2 11 2 133 1
126 1 2 11 3 4 134
127 1 2 11 3 134 135
128 1 2 11 3 135 136
129 1 2 11 3 136 137
130 1 2 11 3 137 138
131 1 2 11 3 138 139
132 1 2 11 3 139 140
133 1 2 11 3 140 141
134 1 2 11 3 141 142
135 1 2 11 3 142 143
136 1 2 11 3 143 144
137 1 2 11 3 144 145
138 1 2 11 3 145 146
139 1 2 11 3 146 147
140 1 2 11 3 147 148
141 1 2 11 3 148 149
142 1 2 11 3 149 150
143 1 2 11 3 150 151
144 1 2 11 3 151 152
145 1 2 11 3 152 153
146 1 2 11 3 153 154
147 1 2 11 3 154 155
148 1 2 11 3 155 156
149 1 2 11 3 156 157
150 1 2 11 3 157 158
151 1 2 11 3 158 159
152 1 2 11 3 159 160
153 1 2 11 3 160 161
154 1 2 11 3 161 162
155 1 2 11 3 162 163
156 1 2 11 3 163 164
157 1 2 11 3 164 165
158 1 2 11 3 165 166
159 1 2 11 3 166 167
160 1 2 11 3 167 3
161 1 2 11 4 5 168
162 1 2 11 4 168 169
163 1 2 11 4 169 170
164 1 2 11 4 170 171
165 1 2 11 4 171 172
166 1 2 11 4 172 4
167 1 2 11 10 2 307
168 1 2 11 10 307 308
169 1 2 11 10 308 309
170 1 2 11 10 309 310
171 1 2 11 10 310 311
172 1 2 11 10 311 10
173 1 2 12 12 10 390
174 1 2 12 12 390 391
175 1 2 12 12 391 392
176 1 2 12 12 392 393
177 1 2 12 12 393 394
178 1 2 12 12 394 395
179 1 2 12 12 395 396
180 1 2 12 12 396 397
181 1 2 12 12 397 398
182 1 2 12 12 398 399
183 1 2 12 12 399 400
184 1 2 12 12 400 401
185 1 2 12 12 401 402
186 1 2 12 12 402 403
187 1 2 12 12 403 404
188 1 2 12 12 404 405
189 1 2 12 12 405 406
190 1 2 12 12 406 407
191 1 2 12 12 407 408
192 1 2 12 12 408 409
193 1 2 12 12 409 410
194 1 2 12 12 410 411
195 1 2 12 12 411 412
196 1 2 12 12 412 413
197 1 2 12 12 413 414
198 1 2 12 12 414 415
199 1 2 12 12 415 416
200 1 2 12 12 416 417
201 1 2 12 12 417 418
202 1 2 12 12 418 419
203 1 2 12 12 419 420
204 1 2 12 12 420 421
205 1 2 12 12 421 422
206 1 2 12 12 422 423
207 1 2 12 12 423 424
208 1 2 12 12 424 425
209 1 2 12 12 425 426
210 1 2 12 12 426 427
211 1 2 12 12 427 428
212 1 2 12 12 428 429
213 1 2 12 12 429 430
214 1 2 12 12 430 431
215 1 2 12 12 431 432
216 1 2 12 12 432 433
217 1 2 12 12 433 434
218 1 2 12 12 434 435
219 1 2 12 12 435 436
220 1 2 12 12 436 437
221 1 2 12 12 437 438
222 1 2 12 12 438 439
223 1 2 12 12 439 440
224 1 2 12 12 440 441
225 1 2 12 12 441 442
226 1 2 12 12 442 443
227 1 2 12 12 443 444
228 1 2 12 12 444 445
229 1 2 12 12 445 446
230 1 2 12 12 446 447
231 1 2 12 12 447 448
232 1 2 12 12 448 449
233 1 2 12 12 449 450
234 1 2 12 12 450 451
235 1 2 12 12 451 452
236 1 2 12 12 452 453
237 1 2 12 12 453 454
238 1 2 12 12 454 455
239 1 2 12 12 455 456
240 1 2 12 12 456 457
241 1 2 12 12 457 458
242 1 2 12 12 458 459
243 1 2 12 12 459 460
244 1 2 12 12 460 461
245 1 2 12 12 461 462
246 1 2 12 12 462 463
247 1 2 12 12 463 464
248 1 2 12 12 464 465
249 1 2 12 12 465 466
250 1 2 12 12 466 467
251 1 2 12 12 467 5
252 2 2 1 2 510 2720 2291
253 2 2 1 2 1709 1710 1707
254 2 2 1 2 1708 1709 1707
255 2 2 1 2 469 2326 1666
256 2 2 1 2 1256 1706 1705
257 2 2 1 2 300 1710 299
258 2 2 1 2 2348 2735 512
259 2 2 1 2 1618 2714 1644
260 2 2 1 2 2714 2715 1644
261 2 2 1 2 1658 1660 519
262 2 2 1 2 1660 2761 519
263 2 2 1 2 2291 2725 510
264 2 2 1 2 1249 1708 1216
265 2 2 1 2 1657 1715 522
266 2 2 1 2 1224 1711 1412
267 2 2 1 2 510 1700 180
268 2 2 1 2 1618 2711 1816
269 2 2 1 2 1816 2714 1618
270 2 2 1 2 274 2774 2715
271 2 2 1 2 1816 2711 1192
272 2 2 1 2 2715 2774 1644
273 2 2 1 2 1666 2726 469
274 2 2 1 2 1192 2777 1816
275 2 2 1 2 1795 2710 1473
276 2 2 1 2 299 1710 513
277 2 2 1 2 1256 1708 1706
278 2 2 1 2 1473 2790 1795
279 2 2 1 2 176 1676 175
280 2 2 1 2 304 1703 303
281 2 2 1 2 200 1719 199
282 2 2 1 2 549 2433 2330
283 2 2 1 2 494 1683 1672
284 2 2 1 2 1682 1683 494
285 2 2 1 2 1705 1711 1256
286 2 2 1 2 496 1743 1649
287 2 2 1 2 2433 2789 2330
288 2 2 1 2 1216 1708 1256
289 2 2 1 2 1725 2735 2348
290 2 2 1 2 2291 2720 1641
291 2 2 1 2 512 1744 194
292 2 2 1 2 1249 1709 1708
293 2 2 1 2 1725 2348 1723
294 2 2 1 2 1676 2753 175
295 2 2 1 2 304 2754 1703
296 2 2 1 2 200 2755 1719
297 2 2 1 2 1680 2728 2316
298 2 2 1 2 502 1656 1655
299 2 2 1 2 522 1716 1657
300 2 2 1 2 516 1696 1694
301 2 2 1 2 516 1694 1677
302 2 2 1 2 322 1682 321
303 2 2 1 2 194 1744 193
304 2 2 1 2 1706 1707 517
305 2 2 1 2 1256 1711 1224
306 2 2 1 2 1722 1723 518
307 2 2 1 2 1704 1706 517
308 2 2 1 2 502 1713 1656
309 2 2 1 2 1412 1711 1657
310 2 2 1 2 1720 1722 518
311 2 2 1 2 1368 2763 2227
312 2 2 1 2 2227 2765 1368
313 2 2 1 2 1710 2707 513
314 2 2 1 2 1370 2767 2161
315 2 2 1 2 2161 2769 1370
316 2 2 1 2 1373 2773 2224
317 2 2 1 2 2224 2775 1373
318 2 2 1 2 180 1700 179
319 2 2 1 2 1655 1716 502
320 2 2 1 2 2348 2741 1723
321 2 2 1 2 1711 1715 1657
322 2 2 1 2 548 2327 1759
323 2 2 1 2 1217 2820 1792
324 2 2 1 2 1433 2792 2154
325 2 2 1 2 2154 2793 1433
326 2 2 1 2 300 2738 1710
327 2 2 1 2 1792 2827 1217
328 2 2 1 2 1706 1708 1707
329 2 2 1 2 1401 1733 1699
330 2 2 1 2 1642 2742 501
331 2 2 1 2 2316 2728 546
332 2 2 1 2 501 2743 1642
333 2 2 1 2 1435 2797 2157
334 2 2 1 2 2157 2798 1435
335 2 2 1 2 1622 2772 2768
336 2 2 1 2 497 2328 1645
337 2 2 1 2 1709 2707 1710
338 2 2 1 2 1657 1716 1655
339 2 2 1 2 2768 2772 514
340 2 2 1 2 1454 2807 2217
341 2 2 1 2 2217 2808 1454
342 2 2 1 2 1689 2347 2346
343 2 2 1 2 1456 2810 2166
344 2 2 1 2 2166 2811 1456
345 2 2 1 2 1768 2331 498
346 2 2 1 2 2326 2722 1666
347 2 2 1 2 1457 2814 2169
348 2 2 1 2 2169 2815 1457
349 2 2 1 2 1637 2819 2173
350 2 2 1 2 2173 2821 1637
351 2 2 1 2 521 1806 1650
352 2 2 1 2 321 1682 494
353 2 2 1 2 1649 1745 496
354 2 2 1 2 1901 2716 487
355 2 2 1 2 1650 1806 1672
356 2 2 1 2 1672 1806 494
357 2 2 1 2 1696 1697 1695
358 2 2 1 2 1699 1733 1698
359 2 2 1 2 1694 1696 1695
360 2 2 1 2 1698 1733 1190
361 2 2 1 2 510 2725 1700
362 2 2 1 2 1768 2744 2331
363 2 2 1 2 1650 2586 521
364 2 2 1 2 2335 2336 1483
365 2 2 1 2 529 1682 322
366 2 2 1 2 1651 1681 529
367 2 2 1 2 529 1800 1651
368 2 2 1 2 1652 2740 1642
369 2 2 1 2 2712 2720 182
370 2 2 1 2 2740 2742 1642
371 2 2 1 2 2015 2018 1168
372 2 2 1 2 976 2023 974
373 2 2 1 2 487 2309 1800
374 2 2 1 2 1800 2309 1651
375 2 2 1 2 980 2020 978
376 2 2 1 2 1190 1735 1698
377 2 2 1 2 2713 2717 1243
378 2 2 1 2 512 2735 2724
379 2 2 1 2 1455 1654 1653
380 2 2 1 2 1455 2433 1654
381 2 2 1 2 2013 2029 2011
382 2 2 1 2 2011 2029 1174
383 2 2 1 2 1455 1653 1367
384 2 2 1 2 2498 2523 1150
385 2 2 1 2 1914 2523 2498
386 2 2 1 2 496 2729 1743
387 2 2 1 2 2009 2011 1174
388 2 2 1 2 2552 2571 1152
389 2 2 1 2 1908 2466 2451
390 2 2 1 2 2051 2466 1908
391 2 2 1 2 1921 2571 2552
392 2 2 1 2 2593 2609 1128
393 2 2 1 2 986 2021 984
394 2 2 1 2 1724 2733 1219
395 2 2 1 2 1837 1886 1595
396 2 2 1 2 1924 2609 2593
397 2 2 1 2 1780 2333 1779
398 2 2 1 2 1595 1886 1669
399 2 2 1 2 2006 2032 2004
400 2 2 1 2 2004 2032 1171
401 2 2 1 2 1669 1886 488
402 2 2 1 2 2612 2615 1129
403 2 2 1 2 2180 2615 2612
404 2 2 1 2 1164 2689 2548
405 2 2 1 2 2002 2004 1171
406 2 2 1 2 1150 2466 2051
407 2 2 1 2 2619 2622 1130
408 2 2 1 2 1222 1679 1199
409 2 2 1 2 2316 2726 1680
410 2 2 1 2 2051 2498 1150
411 2 2 1 2 2191 2622 2619
412 2 2 1 2 1699 2291 1401
413 2 2 1 2 2627 2629 1176
414 2 2 1 2 2200 2629 2627
415 2 2 1 2 1468 1680 1679
416 2 2 1 2 992 2022 990
417 2 2 1 2 2631 2634 1177
418 2 2 1 2 2605 2607 1167
419 2 2 1 2 2149 2634 2631
420 2 2 1 2 1713 2586 1656
421 2 2 1 2 2637 2639 1131
422 2 2 1 2 2137 2639 2637
423 2 2 1 2 2317 2832 2723
424 2 2 1 2 2645 2648 1178
425 2 2 1 2 521 2586 1713
426 2 2 1 2 1999 2058 1997
427 2 2 1 2 2145 2648 2645
428 2 2 1 2 2651 2653 1133
429 2 2 1 2 2101 2653 2651
430 2 2 1 2 2186 2607 2605
431 2 2 1 2 1997 2058 1169
432 2 2 1 2 1780 2395 511
433 2 2 1 2 1152 2523 1914
434 2 2 1 2 2656 2658 1179
435 2 2 1 2 1924 2616 2609
436 2 2 1 2 2092 2658 2656
437 2 2 1 2 1995 1997 1169
438 2 2 1 2 1914 2552 1152
439 2 2 1 2 2662 2667 1134
440 2 2 1 2 2327 2746 1759
441 2 2 1 2 1925 2616 1924
442 2 2 1 2 1112 1714 1387
443 2 2 1 2 2095 2667 2662
444 2 2 1 2 2346 2748 1689
445 2 2 1 2 2674 2678 1180
446 2 2 1 2 2108 2678 2674
447 2 2 1 2 2681 2685 1181
448 2 2 1 2 2113 2685 2681
449 2 2 1 2 2687 2690 1182
450 2 2 1 2 2118 2690 2687
451 2 2 1 2 1991 1993 1173
452 2 2 1 2 2693 2695 1183
453 2 2 1 2 2180 2618 2615
454 2 2 1 2 2123 2695 2693
455 2 2 1 2 1128 2571 1921
456 2 2 1 2 2183 2618 2180
457 2 2 1 2 998 2027 996
458 2 2 1 2 1595 2493 1837
459 2 2 1 2 1921 2593 1128
460 2 2 1 2 2697 2701 1184
461 2 2 1 2 1881 2493 1185
462 2 2 1 2 2210 2701 2697
463 2 2 1 2 1841 2702 2699
464 2 2 1 2 2191 2625 2622
465 2 2 1 2 1925 2605 1167
466 2 2 1 2 1662 1781 1231
467 2 2 1 2 2192 2625 2191
468 2 2 1 2 2699 2702 1138
469 2 2 1 2 1987 1989 1172
470 2 2 1 2 1002 2028 1000
471 2 2 1 2 487 2716 2309
472 2 2 1 2 1006 2024 1004
473 2 2 1 2 316 1716 315
474 2 2 1 2 1653 1714 1367
475 2 2 1 2 1129 2607 2186
476 2 2 1 2 1984 2307 1982
477 2 2 1 2 2186 2612 1129
478 2 2 1 2 1836 2706 2704
479 2 2 1 2 1167 2616 1925
480 2 2 1 2 2704 2706 1145
481 2 2 1 2 2018 2023 1168
482 2 2 1 2 1168 2020 2015
483 2 2 1 2 1837 2493 1881
484 2 2 1 2 1982 2307 1165
485 2 2 1 2 1227 1667 1665
486 2 2 1 2 2137 2642 2639
487 2 2 1 2 1699 2725 2291
488 2 2 1 2 1645 2745 497
489 2 2 1 2 1462 2472 1714
490 2 2 1 2 1980 1982 1165
491 2 2 1 2 1698 1735 1695
492 2 2 1 2 974 2023 1164
493 2 2 1 2 2142 2642 2137
494 2 2 1 2 978 2020 1168
495 2 2 1 2 1168 2023 976
496 2 2 1 2 318 1713 317
497 2 2 1 2 1701 1715 1702
498 2 2 1 2 1012 2025 1010
499 2 2 1 2 1130 2618 2183
500 2 2 1 2 980 2029 2020
501 2 2 1 2 1174 2021 2009
502 2 2 1 2 2183 2619 1130
503 2 2 1 2 1977 2315 1975
504 2 2 1 2 984 2021 1174
505 2 2 1 2 1125 2343 1819
506 2 2 1 2 1249 1712 1709
507 2 2 1 2 512 2724 1744
508 2 2 1 2 2101 2654 2653
509 2 2 1 2 1664 2343 1125
510 2 2 1 2 2020 2029 2013
511 2 2 1 2 2100 2654 2101
512 2 2 1 2 1975 2315 1163
513 2 2 1 2 1219 2782 1724
514 2 2 1 2 1973 1975 1163
515 2 2 1 2 1468 1679 1222
516 2 2 1 2 1171 2022 2002
517 2 2 1 2 986 2032 2021
518 2 2 1 2 1722 1724 1723
519 2 2 1 2 1176 2625 2192
520 2 2 1 2 2675 2677 525
521 2 2 1 2 1199 1679 1227
522 2 2 1 2 1665 1729 1227
523 2 2 1 2 2192 2627 1176
524 2 2 1 2 990 2022 1171
525 2 2 1 2 1669 2677 2675
526 2 2 1 2 1819 2343 1466
527 2 2 1 2 2021 2032 2006
528 2 2 1 2 1466 1820 1819
529 2 2 1 2 1820 2340 1766
530 2 2 1 2 2095 2669 2667
531 2 2 1 2 1018 2030 1016
532 2 2 1 2 1177 2629 2200
533 2 2 1 2 2096 2669 2095
534 2 2 1 2 1969 1971 1166
535 2 2 1 2 1437 2608 2586
536 2 2 1 2 1169 2027 1995
537 2 2 1 2 2200 2631 1177
538 2 2 1 2 992 2058 2022
539 2 2 1 2 1387 1714 1653
540 2 2 1 2 1125 1729 1664
541 2 2 1 2 1417 1781 1662
542 2 2 1 2 2022 2058 1999
543 2 2 1 2 1462 1714 1112
544 2 2 1 2 1022 2026 1020
545 2 2 1 2 1733 1734 1190
546 2 2 1 2 1466 2340 1820
547 2 2 1 2 1662 2472 1462
548 2 2 1 2 1993 2027 1173
549 2 2 1 2 2723 2832 1616
550 2 2 1 2 1173 2028 1991
551 2 2 1 2 1131 2634 2149
552 2 2 1 2 2149 2637 1131
553 2 2 1 2 1966 2329 1964
554 2 2 1 2 1755 2492 1753
555 2 2 1 2 893 1734 1732
556 2 2 1 2 996 2027 1169
557 2 2 1 2 1173 2027 998
558 2 2 1 2 1661 1670 1417
559 2 2 1 2 1417 1662 1661
560 2 2 1 2 1172 2024 1987
561 2 2 1 2 315 1716 522
562 2 2 1 2 1989 2028 1172
563 2 2 1 2 1755 2564 2546
564 2 2 1 2 1964 2329 1161
565 2 2 1 2 2661 2665 1810
566 2 2 1 2 1004 2024 1172
567 2 2 1 2 893 2366 1813
568 2 2 1 2 502 1716 316
569 2 2 1 2 1696 1700 1697
570 2 2 1 2 1962 1964 1161
571 2 2 1 2 1732 1734 1733
572 2 2 1 2 1172 2028 1002
573 2 2 1 2 1000 2028 1173
574 2 2 1 2 1641 2720 2712
575 2 2 1 2 1178 2642 2142
576 2 2 1 2 2023 2689 1164
577 2 2 1 2 1732 2366 893
578 2 2 1 2 1231 2472 1662
579 2 2 1 2 2142 2645 1178
580 2 2 1 2 1165 2025 1980
581 2 2 1 2 1450 2665 2661
582 2 2 1 2 1752 2479 1476
583 2 2 1 2 1702 1715 1705
584 2 2 1 2 1808 2355 1810
585 2 2 1 2 317 1713 502
586 2 2 1 2 867 1814 1727
587 2 2 1 2 1006 2307 2024
588 2 2 1 2 521 1713 318
589 2 2 1 2 1467 1814 1813
590 2 2 1 2 1697 1698 1695
591 2 2 1 2 2475 2493 1594
592 2 2 1 2 1826 2555 1825
593 2 2 1 2 1010 2025 1165
594 2 2 1 2 1813 2366 1467
595 2 2 1 2 1028 2031 1026
596 2 2 1 2 1360 2565 1374
597 2 2 1 2 1810 2355 1135
598 2 2 1 2 2024 2307 1984
599 2 2 1 2 1683 2717 2713
600 2 2 1 2 1958 1960 1162
601 2 2 1 2 1215 2646 1214
602 2 2 1 2 1663 1670 958
603 2 2 1 2 1464 1691 1690
604 2 2 1 2 1133 2648 2145
605 2 2 1 2 2145 2651 1133
606 2 2 1 2 1137 1729 918
607 2 2 1 2 1664 1729 1665
608 2 2 1 2 747 2492 1755
609 2 2 1 2 1727 1814 1467
610 2 2 1 2 1600 2323 1730
611 2 2 1 2 1730 2323 1115
612 2 2 1 2 522 1715 1701
613 2 2 1 2 1646 1759 1758
614 2 2 1 2 1012 2315 2025
615 2 2 1 2 867 2520 1775
616 2 2 1 2 2750 2751 1619
617 2 2 1 2 1163 2030 1973
618 2 2 1 2 2360 2750 1619
619 2 2 1 2 1705 1715 1711
620 2 2 1 2 2546 2564 1474
621 2 2 1 2 2025 2315 1977
622 2 2 1 2 1032 2033 1030
623 2 2 1 2 1374 1750 1600
624 2 2 1 2 738 2479 1752
625 2 2 1 2 1166 2026 1969
626 2 2 1 2 1750 2323 1600
627 2 2 1 2 1954 1956 1160
628 2 2 1 2 1971 2030 1166
629 2 2 1 2 1765 2442 1766
630 2 2 1 2 2751 2752 2310
631 2 2 1 2 1678 1808 503
632 2 2 1 2 1678 2355 1808
633 2 2 1 2 1619 2751 2310
634 2 2 1 2 1227 1679 1667
635 2 2 1 2 1020 2026 1166
636 2 2 1 2 1166 2030 1018
637 2 2 1 2 1016 2030 1163
638 2 2 1 2 1179 2654 2100
639 2 2 1 2 2100 2656 1179
640 2 2 1 2 1111 1770 1731
641 2 2 1 2 958 1746 1663
642 2 2 1 2 1770 2352 1781
643 2 2 1 2 1766 2442 1820
644 2 2 1 2 1690 2395 1464
645 2 2 1 2 1036 2035 1034
646 2 2 1 2 1685 2477 1731
647 2 2 1 2 1710 2738 1707
648 2 2 1 2 1670 2322 958
649 2 2 1 2 1022 2329 2026
650 2 2 1 2 1840 2703 1841
651 2 2 1 2 1671 1728 1210
652 2 2 1 2 557 1693 1362
653 2 2 1 2 1841 2703 2702
654 2 2 1 2 1161 2031 1962
655 2 2 1 2 1950 1952 1158
656 2 2 1 2 1758 1760 1646
657 2 2 1 2 1781 2352 1231
658 2 2 1 2 2026 2329 1966
659 2 2 1 2 1134 2658 2092
660 2 2 1 2 1626 1760 1673
661 2 2 1 2 1661 2322 1670
662 2 2 1 2 947 1746 949
663 2 2 1 2 1149 1692 1236
664 2 2 1 2 1727 2520 867
665 2 2 1 2 1673 1760 1127
666 2 2 1 2 2092 2662 1134
667 2 2 1 2 1470 1728 1671
668 2 2 1 2 2586 2608 1656
669 2 2 1 2 2752 2756 1620
670 2 2 1 2 2310 2752 1620
671 2 2 1 2 1111 2352 1770
672 2 2 1 2 882 2591 1668
673 2 2 1 2 1088 2555 1826
674 2 2 1 2 1881 2705 1836
675 2 2 1 2 2705 2706 1836
676 2 2 1 2 1227 1729 1137
677 2 2 1 2 1826 2560 2558
678 2 2 1 2 1846 2334 1929
679 2 2 1 2 1210 1728 1485
680 2 2 1 2 1693 1694 1362
681 2 2 1 2 1960 2031 1162
682 2 2 1 2 862 1827 746
683 2 2 1 2 1649 1743 1742
684 2 2 1 2 918 1729 1125
685 2 2 1 2 1162 2033 1958
686 2 2 1 2 1162 2031 1028
687 2 2 1 2 1026 2031 1161
688 2 2 1 2 1417 1670 1383
689 2 2 1 2 1071 1748 1747
690 2 2 1 2 1040 2037 1038
691 2 2 1 2 2558 2560 736
692 2 2 1 2 1374 2565 1750
693 2 2 1 2 2688 2708 677
694 2 2 1 2 954 2292 1824
695 2 2 1 2 1411 2398 2357
696 2 2 1 2 1929 2334 872
697 2 2 1 2 2756 2757 2305
698 2 2 1 2 1185 2493 2475
699 2 2 1 2 1677 1694 1693
700 2 2 1 2 1071 1778 1748
701 2 2 1 2 1620 2756 2305
702 2 2 1 2 1383 1670 1663
703 2 2 1 2 1854 1855 1793
704 2 2 1 2 1766 2340 1237
705 2 2 1 2 1764 1766 1237
706 2 2 1 2 1659 1689 1688
707 2 2 1 2 1668 2591 1447
708 2 2 1 2 2692 2709 729
709 2 2 1 2 749 1767 751
710 2 2 1 2 942 1778 945
711 2 2 1 2 1946 1948 1157
712 2 2 1 2 2673 2691 667
713 2 2 1 2 503 2337 1678
714 2 2 1 2 1956 2033 1160
715 2 2 1 2 1724 1725 1723
716 2 2 1 2 1646 1760 1626
717 2 2 1 2 1160 2033 1032
718 2 2 1 2 1030 2033 1162
719 2 2 1 2 2663 2680 661
720 2 2 1 2 1160 2035 1954
721 2 2 1 2 555 1693 557
722 2 2 1 2 954 1824 1823
723 2 2 1 2 2357 2398 1896
724 2 2 1 2 1773 1774 1239
725 2 2 1 2 1127 1761 1673
726 2 2 1 2 1365 1742 1226
727 2 2 1 2 1180 2669 2096
728 2 2 1 2 1671 1783 1470
729 2 2 1 2 1193 1687 1194
730 2 2 1 2 1686 1868 716
731 2 2 1 2 2096 2674 1180
732 2 2 1 2 1259 1740 1739
733 2 2 1 2 2644 2655 647
734 2 2 1 2 551 1675 554
735 2 2 1 2 2319 2334 1846
736 2 2 1 2 1731 2477 1111
737 2 2 1 2 1714 2472 1367
738 2 2 1 2 2636 2647 641
739 2 2 1 2 1753 2492 1752
740 2 2 1 2 582 1869 584
741 2 2 1 2 1206 1685 1684
742 2 2 1 2 1701 1702 552
743 2 2 1 2 554 1675 555
744 2 2 1 2 1382 1747 1403
745 2 2 1 2 1847 2319 1846
746 2 2 1 2 949 1746 958
747 2 2 1 2 1259 1741 1740
748 2 2 1 2 2624 2633 631
749 2 2 1 2 1847 2338 1077
750 2 2 1 2 1649 1742 1365
751 2 2 1 2 1486 2567 1822
752 2 2 1 2 733 2446 1896
753 2 2 1 2 1236 1692 1464
754 2 2 1 2 905 2452 2369
755 2 2 1 2 1594 2493 1595
756 2 2 1 2 1044 2036 1042
757 2 2 1 2 1659 1688 1687
758 2 2 1 2 2576 2591 882
759 2 2 1 2 1158 2035 1036
760 2 2 1 2 493 2342 1855
761 2 2 1 2 1783 2444 919
762 2 2 1 2 1034 2035 1160
763 2 2 1 2 2205 2206 1926
764 2 2 1 2 551 554 388
765 2 2 1 2 1952 2035 1158
766 2 2 1 2 1717 1718 553
767 2 2 1 2 1774 1784 1239
768 2 2 1 2 551 1676 1675
769 2 2 1 2 2305 2757 1621
770 2 2 1 2 1158 2037 1950
771 2 2 1 2 1702 1703 552
772 2 2 1 2 313 1701 552
773 2 2 1 2 2757 2758 1621
774 2 2 1 2 1259 1739 1175
775 2 2 1 2 1249 2437 1712
776 2 2 1 2 1687 1688 1194
777 2 2 1 2 755 1765 1763
778 2 2 1 2 1718 1719 553
779 2 2 1 2 716 1869 1686
780 2 2 1 2 1855 2342 1793
781 2 2 1 2 1896 2398 733
782 2 2 1 2 2209 2211 1842
783 2 2 1 2 1872 2351 2338
784 2 2 1 2 888 1827 862
785 2 2 1 2 1124 2437 1249
786 2 2 1 2 1077 2319 1847
787 2 2 1 2 1071 1746 947
788 2 2 1 2 1923 2205 1926
789 2 2 1 2 1237 2318 1764
790 2 2 1 2 202 1717 553
791 2 2 1 2 550 1726 277
792 2 2 1 2 499 2682 2676
793 2 2 1 2 1486 2576 2567
794 2 2 1 2 1712 2437 2364
795 2 2 1 2 1149 2369 1692
796 2 2 1 2 1799 1885 1823
797 2 2 1 2 1202 2464 2435
798 2 2 1 2 2338 2351 1077
799 2 2 1 2 2458 2526 1520
800 2 2 1 2 2462 2532 1514
801 2 2 1 2 1942 1944 1156
802 2 2 1 2 1684 1776 1206
803 2 2 1 2 1823 1885 954
804 2 2 1 2 1476 2479 1728
805 2 2 1 2 584 1869 716
806 2 2 1 2 2449 2504 1538
807 2 2 1 2 727 2467 591
808 2 2 1 2 751 1767 755
809 2 2 1 2 1181 2678 2108
810 2 2 1 2 1214 1754 1196
811 2 2 1 2 2441 2491 1548
812 2 2 1 2 1697 1699 1698
813 2 2 1 2 1712 2364 1484
814 2 2 1 2 1690 1691 1688
815 2 2 1 2 1763 1843 755
816 2 2 1 2 1675 1693 555
817 2 2 1 2 1157 2037 1040
818 2 2 1 2 1695 1735 1362
819 2 2 1 2 945 1778 1071
820 2 2 1 2 1926 2206 2185
821 2 2 1 2 1464 1692 1691
822 2 2 1 2 1717 1805 1718
823 2 2 1 2 2108 2681 1181
824 2 2 1 2 1767 2442 1765
825 2 2 1 2 1038 2037 1158
826 2 2 1 2 746 1827 1206
827 2 2 1 2 1240 1687 1193
828 2 2 1 2 586 2306 588
829 2 2 1 2 1175 1739 1117
830 2 2 1 2 1676 1677 1675
831 2 2 1 2 2353 2386 1211
832 2 2 1 2 1948 2037 1157
833 2 2 1 2 1809 1812 1811
834 2 2 1 2 1702 1704 1703
835 2 2 1 2 1803 1848 1376
836 2 2 1 2 1621 2758 2303
837 2 2 1 2 2453 2481 1505
838 2 2 1 2 2446 2456 1894
839 2 2 1 2 385 2337 503
840 2 2 1 2 1157 2036 1946
841 2 2 1 2 2758 2759 2303
842 2 2 1 2 940 1778 942
843 2 2 1 2 755 1767 1765
844 2 2 1 2 1764 2318 1385
845 2 2 1 2 749 1900 1767
846 2 2 1 2 2336 2749 1483
847 2 2 1 2 1718 1720 1719
848 2 2 1 2 554 555 520
849 2 2 1 2 1718 1805 1721
850 2 2 1 2 1747 1748 1403
851 2 2 1 2 573 1775 575
852 2 2 1 2 1799 2294 1475
853 2 2 1 2 2369 2452 1692
854 2 2 1 2 1872 2358 868
855 2 2 1 2 334 2295 333
856 2 2 1 2 1362 1735 559
857 2 2 1 2 1475 1885 1799
858 2 2 1 2 1663 1747 1382
859 2 2 1 2 867 1775 573
860 2 2 1 2 1679 1680 1667
861 2 2 1 2 1395 1893 1892
862 2 2 1 2 2211 2252 1842
863 2 2 1 2 1773 2344 1771
864 2 2 1 2 1239 2344 1773
865 2 2 1 2 740 1776 735
866 2 2 1 2 1883 2362 2358
867 2 2 1 2 1395 1895 1893
868 2 2 1 2 1694 1695 1362
869 2 2 1 2 1471 1774 1773
870 2 2 1 2 1869 2386 2353
871 2 2 1 2 2012 2700 2698
872 2 2 1 2 1226 1742 1259
873 2 2 1 2 2212 2252 2211
874 2 2 1 2 868 2351 1872
875 2 2 1 2 1048 2034 1046
876 2 2 1 2 1922 2205 1923
877 2 2 1 2 887 1804 1761
878 2 2 1 2 887 1761 894
879 2 2 1 2 1471 1773 1772
880 2 2 1 2 1117 1737 1087
881 2 2 1 2 1794 2342 493
882 2 2 1 2 1206 1827 1685
883 2 2 1 2 1156 2036 1044
884 2 2 1 2 1804 2314 1761
885 2 2 1 2 1681 1682 529
886 2 2 1 2 1095 1858 1736
887 2 2 1 2 1042 2036 1157
888 2 2 1 2 1257 1749 1616
889 2 2 1 2 2358 2362 868
890 2 2 1 2 1438 1745 1649
891 2 2 1 2 1731 1770 1769
892 2 2 1 2 1647 1745 1438
893 2 2 1 2 269 1794 493
894 2 2 1 2 333 2295 1927
895 2 2 1 2 1780 2776 2333
896 2 2 1 2 2683 2684 2000
897 2 2 1 2 1477 2583 2556
898 2 2 1 2 894 1761 1127
899 2 2 1 2 1689 1690 1688
900 2 2 1 2 389 551 388
901 2 2 1 2 313 552 312
902 2 2 1 2 1117 1739 1737
903 2 2 1 2 1761 2314 1673
904 2 2 1 2 1868 2306 716
905 2 2 1 2 387 554 520
906 2 2 1 2 540 2205 1922
907 2 2 1 2 1944 2036 1156
908 2 2 1 2 1156 2034 1942
909 2 2 1 2 278 550 277
910 2 2 1 2 202 553 201
911 2 2 1 2 1198 1784 1200
912 2 2 1 2 522 1701 314
913 2 2 1 2 1807 1811 383
914 2 2 1 2 1809 1811 1807
915 2 2 1 2 1671 2444 1783
916 2 2 1 2 1206 1776 740
917 2 2 1 2 1369 1895 1238
918 2 2 1 2 2303 2759 1368
919 2 2 1 2 571 1814 867
920 2 2 1 2 2671 2672 1994
921 2 2 1 2 1658 1659 1623
922 2 2 1 2 1777 1931 1116
923 2 2 1 2 1624 1660 1658
924 2 2 1 2 2759 2763 1368
925 2 2 1 2 1386 1777 962
926 2 2 1 2 962 1777 961
927 2 2 1 2 1471 1772 577
928 2 2 1 2 1783 1821 1393
929 2 2 1 2 1234 1756 1465
930 2 2 1 2 1624 1658 1623
931 2 2 1 2 1731 1769 1402
932 2 2 1 2 1182 2685 2113
933 2 2 1 2 515 1717 203
934 2 2 1 2 276 1726 514
935 2 2 1 2 1928 2716 1901
936 2 2 1 2 1196 1754 1235
937 2 2 1 2 1802 1848 1803
938 2 2 1 2 1235 1753 1751
939 2 2 1 2 736 2560 1822
940 2 2 1 2 1238 1895 1395
941 2 2 1 2 2548 2689 1865
942 2 2 1 2 1688 1691 1194
943 2 2 1 2 863 1804 887
944 2 2 1 2 333 1927 332
945 2 2 1 2 1892 2288 1395
946 2 2 1 2 2045 2384 2046
947 2 2 1 2 1922 2295 540
948 2 2 1 2 1190 1734 563
949 2 2 1 2 1479 2361 2070
950 2 2 1 2 2113 2687 1182
951 2 2 1 2 1239 1784 1198
952 2 2 1 2 702 2541 672
953 2 2 1 2 716 2306 586
954 2 2 1 2 1094 2496 2476
955 2 2 1 2 1995 2027 1993
956 2 2 1 2 1937 1940 1153
957 2 2 1 2 1258 1749 1257
958 2 2 1 2 1437 2586 1650
959 2 2 1 2 557 1362 559
960 2 2 1 2 1786 1815 1790
961 2 2 1 2 1470 1783 1393
962 2 2 1 2 565 1734 893
963 2 2 1 2 2070 2361 1090
964 2 2 1 2 1259 1742 1741
965 2 2 1 2 1376 2341 1803
966 2 2 1 2 869 2368 1884
967 2 2 1 2 1785 1786 523
968 2 2 1 2 270 1794 269
969 2 2 1 2 1991 2028 1989
970 2 2 1 2 733 2456 2446
971 2 2 1 2 735 1776 719
972 2 2 1 2 919 1821 1783
973 2 2 1 2 1622 1623 1240
974 2 2 1 2 555 557 556
975 2 2 1 2 1752 2492 738
976 2 2 1 2 503 1808 1807
977 2 2 1 2 2041 2375 2372
978 2 2 1 2 575 1775 1471
979 2 2 1 2 555 556 520
980 2 2 1 2 1751 1817 1235
981 2 2 1 2 2650 2652 1978
982 2 2 1 2 1884 2372 869
983 2 2 1 2 324 1800 323
984 2 2 1 2 588 2306 1095
985 2 2 1 2 2364 2437 1116
986 2 2 1 2 1402 1769 1379
987 2 2 1 2 1815 1816 1790
988 2 2 1 2 556 2337 520
989 2 2 1 2 387 520 386
990 2 2 1 2 2044 2313 2294
991 2 2 1 2 540 2295 334
992 2 2 1 2 207 1796 501
993 2 2 1 2 1859 2332 1406
994 2 2 1 2 1785 1815 1786
995 2 2 1 2 1086 1117 1087
996 2 2 1 2 1705 1706 1704
997 2 2 1 2 1153 2034 1048
998 2 2 1 2 744 1771 759
999 2 2 1 2 1827 2477 1685
1000 2 2 1 2 1084 1086 1085
1001 2 2 1 2 563 1734 565
1002 2 2 1 2 755 1843 753
1003 2 2 1 2 1736 2298 1095
1004 2 2 1 2 481 2252 2212
1005 2 2 1 2 1123 1219 1195
1006 2 2 1 2 753 1843 756
1007 2 2 1 2 1124 1249 1216
1008 2 2 1 2 1802 1803 1202
1009 2 2 1 2 577 1772 579
1010 2 2 1 2 1159 1782 1229
1011 2 2 1 2 1046 2034 1156
1012 2 2 1 2 1153 2055 1937
1013 2 2 1 2 1866 1870 720
1014 2 2 1 2 1127 1782 1109
1015 2 2 1 2 271 1785 523
1016 2 2 1 2 693 1802 1202
1017 2 2 1 2 1825 2555 2357
1018 2 2 1 2 720 2345 2052
1019 2 2 1 2 315 522 314
1020 2 2 1 2 1897 2467 727
1021 2 2 1 2 1762 1843 1763
1022 2 2 1 2 1762 1763 1385
1023 2 2 1 2 1363 1779 1625
1024 2 2 1 2 1678 2337 556
1025 2 2 1 2 388 554 387
1026 2 2 1 2 1884 2368 1883
1027 2 2 1 2 314 1701 313
1028 2 2 1 2 1389 1768 1481
1029 2 2 1 2 473 1917 1915
1030 2 2 1 2 1737 1738 1219
1031 2 2 1 2 2641 2643 1972
1032 2 2 1 2 323 1800 529
1033 2 2 1 2 1071 1747 1746
1034 2 2 1 2 714 2524 678
1035 2 2 1 2 1241 1799 1798
1036 2 2 1 2 1907 2718 1928
1037 2 2 1 2 1760 1782 1127
1038 2 2 1 2 1742 1743 1741
1039 2 2 1 2 2376 2487 595
1040 2 2 1 2 1148 2288 1892
1041 2 2 1 2 1739 1740 1738
1042 2 2 1 2 1866 2052 1867
1043 2 2 1 2 687 1870 685
1044 2 2 1 2 481 2259 1838
1045 2 2 1 2 1743 1744 1741
1046 2 2 1 2 203 1717 202
1047 2 2 1 2 277 1726 276
1048 2 2 1 2 1109 1782 1159
1049 2 2 1 2 1082 1762 1385
1050 2 2 1 2 1721 1722 1720
1051 2 2 1 2 1193 1194 1120
1052 2 2 1 2 494 1806 320
1053 2 2 1 2 1241 1798 1242
1054 2 2 1 2 2483 2551 605
1055 2 2 1 2 487 1800 324
1056 2 2 1 2 1086 1087 1085
1057 2 2 1 2 515 1805 1717
1058 2 2 1 2 1940 2034 1153
1059 2 2 1 2 1087 1737 1123
1060 2 2 1 2 1623 1687 1240
1061 2 2 1 2 332 1927 473
1062 2 2 1 2 1201 1756 1234
1063 2 2 1 2 1763 1764 1385
1064 2 2 1 2 2294 2313 1475
1065 2 2 1 2 1369 1896 1895
1066 2 2 1 2 503 1807 384
1067 2 2 1 2 897 1821 919
1068 2 2 1 2 1758 1782 1760
1069 2 2 1 2 1226 1259 1175
1070 2 2 1 2 1118 1175 1117
1071 2 2 1 2 1823 1824 1478
1072 2 2 1 2 1400 1641 1640
1073 2 2 1 2 1139 1817 1394
1074 2 2 1 2 1935 1936 1934
1075 2 2 1 2 1400 1640 1398
1076 2 2 1 2 473 1927 1917
1077 2 2 1 2 582 2386 1869
1078 2 2 1 2 783 2377 870
1079 2 2 1 2 1203 1900 865
1080 2 2 1 2 1915 2043 473
1081 2 2 1 2 1469 2565 1360
1082 2 2 1 2 1235 1754 1753
1083 2 2 1 2 1788 1795 1791
1084 2 2 1 2 759 881 865
1085 2 2 1 2 276 514 275
1086 2 2 1 2 204 515 203
1087 2 2 1 2 720 2052 1866
1088 2 2 1 2 881 918 892
1089 2 2 1 2 1438 1649 1365
1090 2 2 1 2 1257 1616 1468
1091 2 2 1 2 1387 1389 1388
1092 2 2 1 2 1973 2030 1971
1093 2 2 1 2 1149 1213 1114
1094 2 2 1 2 1187 1226 1175
1095 2 2 1 2 1232 1365 1226
1096 2 2 1 2 957 962 961
1097 2 2 1 2 1808 1810 1809
1098 2 2 1 2 684 1844 686
1099 2 2 1 2 952 957 953
1100 2 2 1 2 561 1190 563
1101 2 2 1 2 1811 1812 499
1102 2 2 1 2 1236 1363 1213
1103 2 2 1 2 1123 1737 1219
1104 2 2 1 2 1241 2294 1799
1105 2 2 1 2 1463 1779 1363
1106 2 2 1 2 949 952 951
1107 2 2 1 2 865 1900 748
1108 2 2 1 2 1073 1116 1075
1109 2 2 1 2 1257 1468 1222
1110 2 2 1 2 2628 2630 1961
1111 2 2 1 2 490 1818 210
1112 2 2 1 2 918 1125 892
1113 2 2 1 2 744 759 748
1114 2 2 1 2 385 503 384
1115 2 2 1 2 561 1735 1190
1116 2 2 1 2 1765 1766 1764
1117 2 2 1 2 559 1735 561
1118 2 2 1 2 881 892 865
1119 2 2 1 2 1389 1481 1388
1120 2 2 1 2 1486 2591 2576
1121 2 2 1 2 686 1844 1207
1122 2 2 1 2 1082 1084 1083
1123 2 2 1 2 900 1114 883
1124 2 2 1 2 1416 1781 1417
1125 2 2 1 2 2052 2447 1867
1126 2 2 1 2 1851 1855 1854
1127 2 2 1 2 759 865 748
1128 2 2 1 2 1366 1438 1365
1129 2 2 1 2 1199 1227 1137
1130 2 2 1 2 1746 1747 1663
1131 2 2 1 2 961 1777 1073
1132 2 2 1 2 1928 2718 2716
1133 2 2 1 2 1838 2252 481
1134 2 2 1 2 1463 1780 1779
1135 2 2 1 2 957 961 953
1136 2 2 1 2 952 953 951
1137 2 2 1 2 1236 1463 1363
1138 2 2 1 2 590 2298 592
1139 2 2 1 2 2372 2375 869
1140 2 2 1 2 1654 1768 1389
1141 2 2 1 2 947 949 948
1142 2 2 1 2 1892 1893 1891
1143 2 2 1 2 1148 1892 1889
1144 2 2 1 2 741 1771 744
1145 2 2 1 2 949 951 948
1146 2 2 1 2 1883 2368 2362
1147 2 2 1 2 1681 1683 1682
1148 2 2 1 2 1082 1385 1084
1149 2 2 1 2 1084 1085 1083
1150 2 2 1 2 938 2435 940
1151 2 2 1 2 1376 1848 711
1152 2 2 1 2 1149 1236 1213
1153 2 2 1 2 1112 1387 1386
1154 2 2 1 2 1879 1933 1154
1155 2 2 1 2 743 746 740
1156 2 2 1 2 500 1815 1785
1157 2 2 1 2 719 1828 712
1158 2 2 1 2 1790 1795 1788
1159 2 2 1 2 758 862 746
1160 2 2 1 2 1218 2332 1859
1161 2 2 1 2 711 1848 708
1162 2 2 1 2 1439 1647 1438
1163 2 2 1 2 1234 1465 1455
1164 2 2 1 2 1880 1933 1879
1165 2 2 1 2 883 1804 863
1166 2 2 1 2 863 887 862
1167 2 2 1 2 1229 1757 1756
1168 2 2 1 2 1140 1817 1139
1169 2 2 1 2 1387 1388 1386
1170 2 2 1 2 1786 1790 1788
1171 2 2 1 2 1363 1625 1372
1172 2 2 1 2 1737 1739 1738
1173 2 2 1 2 692 1802 693
1174 2 2 1 2 1889 1892 1891
1175 2 2 1 2 2052 2345 1430
1176 2 2 1 2 1653 1654 1389
1177 2 2 1 2 739 740 735
1178 2 2 1 2 1829 1830 524
1179 2 2 1 2 1070 1112 962
1180 2 2 1 2 1799 1823 1798
1181 2 2 1 2 1873 1888 1875
1182 2 2 1 2 717 1828 1378
1183 2 2 1 2 557 559 558
1184 2 2 1 2 2124 2208 2125
1185 2 2 1 2 900 1149 1114
1186 2 2 1 2 1229 1756 1201
1187 2 2 1 2 720 1870 687
1188 2 2 1 2 1888 1889 1875
1189 2 2 1 2 1933 1935 1934
1190 2 2 1 2 1754 1755 1753
1191 2 2 1 2 1771 2344 759
1192 2 2 1 2 2302 2408 1574
1193 2 2 1 2 1159 1229 1201
1194 2 2 1 2 758 863 862
1195 2 2 1 2 1798 1823 1478
1196 2 2 1 2 528 1797 1796
1197 2 2 1 2 743 758 746
1198 2 2 1 2 695 2284 1930
1199 2 2 1 2 1398 1749 1258
1200 2 2 1 2 685 1870 920
1201 2 2 1 2 376 1829 524
1202 2 2 1 2 382 1811 499
1203 2 2 1 2 493 1855 1850
1204 2 2 1 2 1086 1118 1117
1205 2 2 1 2 565 893 567
1206 2 2 1 2 1625 1645 1626
1207 2 2 1 2 536 2208 2124
1208 2 2 1 2 894 1127 1109
1209 2 2 1 2 1112 1386 962
1210 2 2 1 2 712 1828 717
1211 2 2 1 2 739 743 740
1212 2 2 1 2 704 1848 1802
1213 2 2 1 2 1471 1775 1774
1214 2 2 1 2 2046 2384 936
1215 2 2 1 2 712 717 711
1216 2 2 1 2 1079 1762 1082
1217 2 2 1 2 1381 1416 1383
1218 2 2 1 2 1358 1845 1469
1219 2 2 1 2 870 2377 2040
1220 2 2 1 2 1850 1855 1851
1221 2 2 1 2 500 1785 272
1222 2 2 1 2 1136 1137 918
1223 2 2 1 2 756 1843 923
1224 2 2 1 2 1962 2031 1960
1225 2 2 1 2 1786 1788 1787
1226 2 2 1 2 1073 1777 1116
1227 2 2 1 2 688 690 689
1228 2 2 1 2 690 692 691
1229 2 2 1 2 1846 1929 1845
1230 2 2 1 2 1198 1199 1137
1231 2 2 1 2 686 688 687
1232 2 2 1 2 1912 1913 1911
1233 2 2 1 2 1622 1624 1623
1234 2 2 1 2 982 2029 980
1235 2 2 1 2 1250 1477 1251
1236 2 2 1 2 1685 1731 1402
1237 2 2 1 2 493 1850 268
1238 2 2 1 2 528 1796 208
1239 2 2 1 2 569 1814 571
1240 2 2 1 2 1148 1889 1888
1241 2 2 1 2 1763 1765 1764
1242 2 2 1 2 1174 2029 982
1243 2 2 1 2 887 894 888
1244 2 2 1 2 1394 1817 1751
1245 2 2 1 2 1229 1782 1758
1246 2 2 1 2 1378 1402 1379
1247 2 2 1 2 1450 1668 1447
1248 2 2 1 2 1200 1222 1199
1249 2 2 1 2 1416 1417 1383
1250 2 2 1 2 1095 2306 1858
1251 2 2 1 2 1481 1483 1482
1252 2 2 1 2 1770 1781 1416
1253 2 2 1 2 684 686 685
1254 2 2 1 2 317 502 316
1255 2 2 1 2 1223 1257 1222
1256 2 2 1 2 710 712 711
1257 2 2 1 2 1808 1809 1807
1258 2 2 1 2 1772 1773 1771
1259 2 2 1 2 710 711 708
1260 2 2 1 2 1769 1770 1416
1261 2 2 1 2 2208 2211 2209
1262 2 2 1 2 899 1821 897
1263 2 2 1 2 319 1806 521
1264 2 2 1 2 693 1202 938
1265 2 2 1 2 1197 1214 1196
1266 2 2 1 2 382 499 381
1267 2 2 1 2 273 500 272
1268 2 2 1 2 207 501 206
1269 2 2 1 2 1385 2318 1084
1270 2 2 1 2 1114 1804 883
1271 2 2 1 2 1665 1666 1648
1272 2 2 1 2 2208 2209 2125
1273 2 2 1 2 1813 1814 569
1274 2 2 1 2 923 1843 1762
1275 2 2 1 2 1378 1379 1377
1276 2 2 1 2 1786 1787 523
1277 2 2 1 2 1445 1486 1443
1278 2 2 1 2 1250 1478 1477
1279 2 2 1 2 1929 2562 1469
1280 2 2 1 2 1758 1759 1757
1281 2 2 1 2 894 1109 895
1282 2 2 1 2 893 1813 567
1283 2 2 1 2 1958 2033 1956
1284 2 2 1 2 1399 1400 1398
1285 2 2 1 2 1079 1082 1081
1286 2 2 1 2 1834 2259 2054
1287 2 2 1 2 559 561 560
1288 2 2 1 2 949 958 952
1289 2 2 1 2 1937 2055 1934
1290 2 2 1 2 1143 1817 1140
1291 2 2 1 2 923 1762 1079
1292 2 2 1 2 1118 1187 1175
1293 2 2 1 2 265 1857 474
1294 2 2 1 2 571 867 573
1295 2 2 1 2 692 693 691
1296 2 2 1 2 579 1772 741
1297 2 2 1 2 526 1849 212
1298 2 2 1 2 1252 2378 1593
1299 2 2 1 2 1588 1868 1686
1300 2 2 1 2 1246 1440 1245
1301 2 2 1 2 1187 1232 1226
1302 2 2 1 2 1232 1366 1365
1303 2 2 1 2 1830 1886 1837
1304 2 2 1 2 1829 1886 1830
1305 2 2 1 2 530 1909 329
1306 2 2 1 2 717 1378 1377
1307 2 2 1 2 1234 1455 1367
1308 2 2 1 2 947 948 946
1309 2 2 1 2 319 521 318
1310 2 2 1 2 1124 1216 1132
1311 2 2 1 2 209 1818 528
1312 2 2 1 2 1087 1123 1113
1313 2 2 1 2 1776 1828 719
1314 2 2 1 2 1201 1234 1230
1315 2 2 1 2 2057 2320 1442
1316 2 2 1 2 704 1802 692
1317 2 2 1 2 1379 1769 1381
1318 2 2 1 2 744 748 745
1319 2 2 1 2 1144 1196 1143
1320 2 2 1 2 523 1794 270
1321 2 2 1 2 380 525 379
1322 2 2 1 2 1668 2610 882
1323 2 2 1 2 1788 1791 1789
1324 2 2 1 2 1159 1201 1186
1325 2 2 1 2 1109 1159 1110
1326 2 2 1 2 567 1813 569
1327 2 2 1 2 1363 1372 1213
1328 2 2 1 2 1640 1749 1398
1329 2 2 1 2 1586 1868 1588
1330 2 2 1 2 1069 1091 1068
1331 2 2 1 2 1910 1912 1911
1332 2 2 1 2 1904 1910 1906
1333 2 2 1 2 2436 2461 1499
1334 2 2 1 2 2435 2464 1748
1335 2 2 1 2 741 744 742
1336 2 2 1 2 1246 1441 1440
1337 2 2 1 2 957 1070 962
1338 2 2 1 2 777 2368 869
1339 2 2 1 2 1443 1822 1441
1340 2 2 1 2 1242 1250 1244
1341 2 2 1 2 271 523 270
1342 2 2 1 2 209 528 208
1343 2 2 1 2 1838 2259 1834
1344 2 2 1 2 1757 2438 1756
1345 2 2 1 2 384 1807 383
1346 2 2 1 2 1387 1653 1389
1347 2 2 1 2 686 687 685
1348 2 2 1 2 1684 1828 1776
1349 2 2 1 2 1356 1845 1358
1350 2 2 1 2 1486 1822 1443
1351 2 2 1 2 1954 2035 1952
1352 2 2 1 2 1189 2057 1246
1353 2 2 1 2 688 689 687
1354 2 2 1 2 1751 1752 1476
1355 2 2 1 2 1091 1189 1188
1356 2 2 1 2 708 1848 704
1357 2 2 1 2 717 1377 1376
1358 2 2 1 2 1189 1246 1245
1359 2 2 1 2 561 563 562
1360 2 2 1 2 1845 1929 1469
1361 2 2 1 2 1394 1476 1470
1362 2 2 1 2 530 1910 1909
1363 2 2 1 2 1684 1685 1402
1364 2 2 1 2 1196 1235 1143
1365 2 2 1 2 690 691 689
1366 2 2 1 2 1440 1826 1825
1367 2 2 1 2 1095 2298 590
1368 2 2 1 2 1189 1245 1238
1369 2 2 1 2 1086 2318 1118
1370 2 2 1 2 1397 1398 1258
1371 2 2 1 2 1909 1910 1904
1372 2 2 1 2 1154 2280 1879
1373 2 2 1 2 1366 1439 1438
1374 2 2 1 2 1625 1626 1372
1375 2 2 1 2 945 1071 947
1376 2 2 1 2 1204 1241 1205
1377 2 2 1 2 945 947 946
1378 2 2 1 2 2359 2439 1493
1379 2 2 1 2 488 1829 377
1380 2 2 1 2 1907 1928 1903
1381 2 2 1 2 321 494 320
1382 2 2 1 2 703 704 692
1383 2 2 1 2 1880 1935 1933
1384 2 2 1 2 1139 1394 1393
1385 2 2 1 2 1062 1888 1873
1386 2 2 1 2 325 1901 487
1387 2 2 1 2 1850 1851 527
1388 2 2 1 2 1931 2364 1116
1389 2 2 1 2 1197 1215 1214
1390 2 2 1 2 378 488 377
1391 2 2 1 2 1584 1858 1586
1392 2 2 1 2 1677 1693 1675
1393 2 2 1 2 1381 1769 1416
1394 2 2 1 2 1070 1462 1112
1395 2 2 1 2 488 1886 1829
1396 2 2 1 2 1348 1882 1871
1397 2 2 1 2 684 685 683
1398 2 2 1 2 1075 1124 1076
1399 2 2 1 2 1439 1648 1647
1400 2 2 1 2 706 1844 684
1401 2 2 1 2 1858 1868 1586
1402 2 2 1 2 1067 1068 1066
1403 2 2 1 2 1246 2057 1442
1404 2 2 1 2 693 938 937
1405 2 2 1 2 746 1206 740
1406 2 2 1 2 1082 1083 1081
1407 2 2 1 2 1831 2054 524
1408 2 2 1 2 919 2444 2070
1409 2 2 1 2 922 1139 921
1410 2 2 1 2 575 1471 577
1411 2 2 1 2 1588 1598 1597
1412 2 2 1 2 887 888 862
1413 2 2 1 2 1254 2373 1253
1414 2 2 1 2 373 2259 481
1415 2 2 1 2 1751 1753 1752
1416 2 2 1 2 1902 1928 1901
1417 2 2 1 2 1386 1931 1777
1418 2 2 1 2 1930 2284 1580
1419 2 2 1 2 787 2382 936
1420 2 2 1 2 326 1902 1901
1421 2 2 1 2 1903 1928 1902
1422 2 2 1 2 557 558 556
1423 2 2 1 2 1090 2361 1801
1424 2 2 1 2 1118 2318 1237
1425 2 2 1 2 881 1136 918
1426 2 2 1 2 1092 2057 1091
1427 2 2 1 2 707 708 704
1428 2 2 1 2 1242 1798 1250
1429 2 2 1 2 208 1796 207
1430 2 2 1 2 1589 2367 1930
1431 2 2 1 2 681 1860 729
1432 2 2 1 2 1871 1872 1431
1433 2 2 1 2 709 710 708
1434 2 2 1 2 1144 1197 1196
1435 2 2 1 2 2284 2298 1736
1436 2 2 1 2 897 919 896
1437 2 2 1 2 1851 1854 1853
1438 2 2 1 2 1912 2043 1915
1439 2 2 1 2 1142 1143 1140
1440 2 2 1 2 383 1811 382
1441 2 2 1 2 1898 1899 1877
1442 2 2 1 2 886 896 885
1443 2 2 1 2 682 684 683
1444 2 2 1 2 1378 1828 1684
1445 2 2 1 2 323 529 322
1446 2 2 1 2 1950 2037 1948
1447 2 2 1 2 737 739 735
1448 2 2 1 2 2046 2382 2380
1449 2 2 1 2 211 1849 490
1450 2 2 1 2 269 493 268
1451 2 2 1 2 211 490 210
1452 2 2 1 2 1091 1188 1068
1453 2 2 1 2 1114 2314 1804
1454 2 2 1 2 2047 2338 1847
1455 2 2 1 2 1191 1193 1120
1456 2 2 1 2 1893 1894 1891
1457 2 2 1 2 1358 1469 1360
1458 2 2 1 2 741 1772 1771
1459 2 2 1 2 1139 1393 921
1460 2 2 1 2 1586 1588 1587
1461 2 2 1 2 1394 1751 1476
1462 2 2 1 2 1250 1251 1244
1463 2 2 1 2 718 719 712
1464 2 2 1 2 734 735 719
1465 2 2 1 2 1235 1817 1143
1466 2 2 1 2 942 945 944
1467 2 2 1 2 1645 1646 1626
1468 2 2 1 2 1241 1242 1205
1469 2 2 1 2 1245 1825 1369
1470 2 2 1 2 266 1857 265
1471 2 2 1 2 2124 2267 536
1472 2 2 1 2 1588 1597 1587
1473 2 2 1 2 1056 2280 1154
1474 2 2 1 2 1350 1871 1431
1475 2 2 1 2 1862 1866 1864
1476 2 2 1 2 1600 1730 1601
1477 2 2 1 2 1374 1600 1375
1478 2 2 1 2 988 2032 986
1479 2 2 1 2 1069 1092 1091
1480 2 2 1 2 272 1785 271
1481 2 2 1 2 1889 1890 1875
1482 2 2 1 2 1119 1120 905
1483 2 2 1 2 1834 2054 1831
1484 2 2 1 2 1866 1867 1864
1485 2 2 1 2 579 741 694
1486 2 2 1 2 1171 2032 988
1487 2 2 1 2 1476 1728 1470
1488 2 2 1 2 1917 1927 1919
1489 2 2 1 2 1371 1845 1356
1490 2 2 1 2 1394 1470 1393
1491 2 2 1 2 1354 2047 1371
1492 2 2 1 2 958 2322 952
1493 2 2 1 2 1889 1891 1890
1494 2 2 1 2 267 1850 527
1495 2 2 1 2 486 2267 2121
1496 2 2 1 2 686 1207 688
1497 2 2 1 2 1371 2047 1847
1498 2 2 1 2 861 885 860
1499 2 2 1 2 1584 1586 1585
1500 2 2 1 2 1874 1898 1877
1501 2 2 1 2 751 755 753
1502 2 2 1 2 1371 1846 1845
1503 2 2 1 2 688 1856 690
1504 2 2 1 2 690 703 692
1505 2 2 1 2 894 895 888
1506 2 2 1 2 329 1909 328
1507 2 2 1 2 2121 2267 2124
1508 2 2 1 2 886 897 896
1509 2 2 1 2 1229 1758 1757
1510 2 2 1 2 1665 1667 1666
1511 2 2 1 2 1431 2047 1352
1512 2 2 1 2 1360 1374 1361
1513 2 2 1 2 1216 1256 1224
1514 2 2 1 2 1381 1383 1382
1515 2 2 1 2 1803 2464 1202
1516 2 2 1 2 1379 1381 1380
1517 2 2 1 2 1358 1360 1359
1518 2 2 1 2 320 1806 319
1519 2 2 1 2 1102 2491 2441
1520 2 2 1 2 1406 2332 1404
1521 2 2 1 2 900 2369 1149
1522 2 2 1 2 1188 2288 1068
1523 2 2 1 2 1442 2320 1444
1524 2 2 1 2 1067 1069 1068
1525 2 2 1 2 1440 1825 1245
1526 2 2 1 2 1586 1587 1585
1527 2 2 1 2 1142 1144 1143
1528 2 2 1 2 940 2435 1778
1529 2 2 1 2 1832 1881 1836
1530 2 2 1 2 1354 1371 1356
1531 2 2 1 2 1788 1789 1787
1532 2 2 1 2 1136 1198 1137
1533 2 2 1 2 955 2044 959
1534 2 2 1 2 916 921 899
1535 2 2 1 2 1189 1238 1188
1536 2 2 1 2 1830 1837 1832
1537 2 2 1 2 961 1073 1072
1538 2 2 1 2 1582 1584 1583
1539 2 2 1 2 1851 1853 1852
1540 2 2 1 2 504 1903 1902
1541 2 2 1 2 685 920 683
1542 2 2 1 2 1578 1930 1580
1543 2 2 1 2 213 2038 526
1544 2 2 1 2 325 487 324
1545 2 2 1 2 717 1376 711
1546 2 2 1 2 1873 1874 1151
1547 2 2 1 2 1356 1358 1357
1548 2 2 1 2 1065 1066 1064
1549 2 2 1 2 2044 2294 1204
1550 2 2 1 2 864 883 863
1551 2 2 1 2 861 886 885
1552 2 2 1 2 376 524 375
1553 2 2 1 2 2119 2128 486
1554 2 2 1 2 2041 2042 1392
1555 2 2 1 2 559 560 558
1556 2 2 1 2 1354 1356 1355
1557 2 2 1 2 1584 1585 1583
1558 2 2 1 2 1372 2314 1213
1559 2 2 1 2 2568 2570 808
1560 2 2 1 2 1736 1858 1584
1561 2 2 1 2 1350 1431 1352
1562 2 2 1 2 920 1862 1861
1563 2 2 1 2 682 706 684
1564 2 2 1 2 1837 1881 1832
1565 2 2 1 2 1873 1875 1874
1566 2 2 1 2 1207 1856 688
1567 2 2 1 2 1346 1882 1348
1568 2 2 1 2 1245 1369 1238
1569 2 2 1 2 764 2277 1407
1570 2 2 1 2 2209 2210 2125
1571 2 2 1 2 1932 2055 1052
1572 2 2 1 2 563 565 564
1573 2 2 1 2 1872 2338 1431
1574 2 2 1 2 210 1818 209
1575 2 2 1 2 1580 1582 1581
1576 2 2 1 2 1942 2034 1940
1577 2 2 1 2 1198 1200 1199
1578 2 2 1 2 964 2044 1204
1579 2 2 1 2 884 900 883
1580 2 2 1 2 1908 2719 1907
1581 2 2 1 2 545 2128 2116
1582 2 2 1 2 1352 1354 1353
1583 2 2 1 2 1063 1064 1062
1584 2 2 1 2 1060 1873 1151
1585 2 2 1 2 859 860 858
1586 2 2 1 2 1125 1819 892
1587 2 2 1 2 920 1870 1862
1588 2 2 1 2 1066 1148 1064
1589 2 2 1 2 690 1856 703
1590 2 2 1 2 592 2298 695
1591 2 2 1 2 1896 2446 1895
1592 2 2 1 2 1395 2288 1188
1593 2 2 1 2 892 1203 865
1594 2 2 1 2 922 1140 1139
1595 2 2 1 2 1913 1914 1911
1596 2 2 1 2 2116 2128 2119
1597 2 2 1 2 473 2043 331
1598 2 2 1 2 1934 2055 1932
1599 2 2 1 2 695 2298 2284
1600 2 2 1 2 1485 1887 1208
1601 2 2 1 2 1348 1871 1350
1602 2 2 1 2 957 2322 1070
1603 2 2 1 2 1582 1583 1581
1604 2 2 1 2 1338 2039 1392
1605 2 2 1 2 2039 2040 1392
1606 2 2 1 2 1946 2036 1944
1607 2 2 1 2 486 2121 2119
1608 2 2 1 2 1061 1062 1060
1609 2 2 1 2 1910 1911 1906
1610 2 2 1 2 916 922 921
1611 2 2 1 2 959 2044 964
1612 2 2 1 2 1891 1897 1890
1613 2 2 1 2 1862 1864 1863
1614 2 2 1 2 2538 2544 826
1615 2 2 1 2 268 1850 267
1616 2 2 1 2 504 1902 327
1617 2 2 1 2 964 1204 1147
1618 2 2 1 2 1588 1686 1598
1619 2 2 1 2 1442 1443 1441
1620 2 2 1 2 859 861 860
1621 2 2 1 2 1062 1873 1060
1622 2 2 1 2 1578 1580 1579
1623 2 2 1 2 2476 2496 1824
1624 2 2 1 2 938 940 939
1625 2 2 1 2 1830 1831 524
1626 2 2 1 2 945 946 944
1627 2 2 1 2 1073 1075 1074
1628 2 2 1 2 1378 1684 1402
1629 2 2 1 2 921 1821 899
1630 2 2 1 2 1252 1593 1474
1631 2 2 1 2 803 2399 2371
1632 2 2 1 2 2114 2126 545
1633 2 2 1 2 1830 1832 1831
1634 2 2 1 2 377 1829 376
1635 2 2 1 2 1400 2291 1641
1636 2 2 1 2 2040 2380 870
1637 2 2 1 2 1580 1581 1579
1638 2 2 1 2 1851 1852 527
1639 2 2 1 2 1210 1485 1208
1640 2 2 1 2 1344 2056 1384
1641 2 2 1 2 1936 1937 1934
1642 2 2 1 2 213 526 212
1643 2 2 1 2 267 527 266
1644 2 2 1 2 1384 2056 1884
1645 2 2 1 2 1404 2300 1121
1646 2 2 1 2 561 562 560
1647 2 2 1 2 1109 1110 895
1648 2 2 1 2 326 1901 325
1649 2 2 1 2 768 2272 906
1650 2 2 1 2 1059 1060 1058
1651 2 2 1 2 1350 1352 1351
1652 2 2 1 2 1223 1258 1257
1653 2 2 1 2 1334 2045 1421
1654 2 2 1 2 2045 2046 1421
1655 2 2 1 2 1659 1687 1623
1656 2 2 1 2 2082 2410 2409
1657 2 2 1 2 2484 2490 844
1658 2 2 1 2 1576 1578 1577
1659 2 2 1 2 1200 1223 1222
1660 2 2 1 2 1862 1870 1866
1661 2 2 1 2 1905 1908 1907
1662 2 2 1 2 1066 2288 1148
1663 2 2 1 2 1123 1195 1170
1664 2 2 1 2 1419 2410 2082
1665 2 2 1 2 1384 1883 1882
1666 2 2 1 2 1905 1907 1903
1667 2 2 1 2 1639 1859 1406
1668 2 2 1 2 545 2116 2114
1669 2 2 1 2 1065 1067 1066
1670 2 2 1 2 1384 1882 1346
1671 2 2 1 2 1582 1736 1584
1672 2 2 1 2 492 2126 2111
1673 2 2 1 2 1905 2051 1908
1674 2 2 1 2 2317 2723 495
1675 2 2 1 2 1791 1792 1789
1676 2 2 1 2 1574 1576 1575
1677 2 2 1 2 2042 2056 1342
1678 2 2 1 2 1060 1151 1058
1679 2 2 1 2 328 504 327
1680 2 2 1 2 1589 1930 1578
1681 2 2 1 2 859 2049 861
1682 2 2 1 2 2111 2126 2114
1683 2 2 1 2 1572 1574 1573
1684 2 2 1 2 2540 2542 668
1685 2 2 1 2 2534 2537 662
1686 2 2 1 2 1344 1384 1346
1687 2 2 1 2 1392 2042 1340
1688 2 2 1 2 1481 1482 1388
1689 2 2 1 2 1057 1058 1056
1690 2 2 1 2 1204 1205 1147
1691 2 2 1 2 2040 2041 1392
1692 2 2 1 2 481 2212 372
1693 2 2 1 2 1578 1579 1577
1694 2 2 1 2 896 1090 885
1695 2 2 1 2 1570 1572 1571
1696 2 2 1 2 2528 2529 656
1697 2 2 1 2 892 1819 1203
1698 2 2 1 2 1234 1367 1230
1699 2 2 1 2 212 1849 211
1700 2 2 1 2 567 569 568
1701 2 2 1 2 1832 1836 1833
1702 2 2 1 2 1576 1577 1575
1703 2 2 1 2 1063 1065 1064
1704 2 2 1 2 1056 1154 1054
1705 2 2 1 2 1336 2039 1338
1706 2 2 1 2 1061 1063 1062
1707 2 2 1 2 2016 2019 2018
1708 2 2 1 2 1673 2314 1372
1709 2 2 1 2 1330 2053 1420
1710 2 2 1 2 331 2043 330
1711 2 2 1 2 920 1861 1860
1712 2 2 1 2 1099 2504 2449
1713 2 2 1 2 1352 2047 1354
1714 2 2 1 2 1348 1350 1349
1715 2 2 1 2 504 1904 1903
1716 2 2 1 2 1904 1905 1903
1717 2 2 1 2 509 2227 2226
1718 2 2 1 2 1568 1570 1569
1719 2 2 1 2 1159 1186 1110
1720 2 2 1 2 1401 2291 1400
1721 2 2 1 2 2109 2127 492
1722 2 2 1 2 1574 1575 1573
1723 2 2 1 2 860 908 858
1724 2 2 1 2 565 567 566
1725 2 2 1 2 1201 1230 1186
1726 2 2 1 2 1091 2057 1189
1727 2 2 1 2 1340 2042 1342
1728 2 2 1 2 524 2054 375
1729 2 2 1 2 1869 2353 1686
1730 2 2 1 2 1572 1573 1571
1731 2 2 1 2 1055 1056 1054
1732 2 2 1 2 1360 1361 1359
1733 2 2 1 2 1346 1348 1347
1734 2 2 1 2 1070 2322 1661
1735 2 2 1 2 1050 2055 1153
1736 2 2 1 2 1374 1375 1361
1737 2 2 1 2 772 2276 1098
1738 2 2 1 2 903 905 901
1739 2 2 1 2 676 714 678
1740 2 2 1 2 530 1912 1910
1741 2 2 1 2 2207 2211 2208
1742 2 2 1 2 1835 1840 1839
1743 2 2 1 2 2053 2389 2385
1744 2 2 1 2 1600 1601 1375
1745 2 2 1 2 1358 1359 1357
1746 2 2 1 2 1570 1571 1569
1747 2 2 1 2 374 2259 373
1748 2 2 1 2 1344 1346 1345
1749 2 2 1 2 492 2111 2109
1750 2 2 1 2 327 1902 326
1751 2 2 1 2 1354 1355 1353
1752 2 2 1 2 1059 1061 1060
1753 2 2 1 2 1444 1445 1443
1754 2 2 1 2 1356 1357 1355
1755 2 2 1 2 1589 2387 2367
1756 2 2 1 2 1566 1568 1567
1757 2 2 1 2 1342 1344 1343
1758 2 2 1 2 1332 2045 1334
1759 2 2 1 2 2016 2018 2015
1760 2 2 1 2 1338 1392 1340
1761 2 2 1 2 2562 2565 1469
1762 2 2 1 2 541 2127 2106
1763 2 2 1 2 896 2070 1090
1764 2 2 1 2 1576 1589 1578
1765 2 2 1 2 1912 1915 1913
1766 2 2 1 2 1342 2056 1344
1767 2 2 1 2 214 2038 213
1768 2 2 1 2 475 2038 214
1769 2 2 1 2 1326 2059 1423
1770 2 2 1 2 2106 2127 2109
1771 2 2 1 2 1930 2367 695
1772 2 2 1 2 1064 1888 1062
1773 2 2 1 2 1568 1569 1567
1774 2 2 1 2 1421 2039 1336
1775 2 2 1 2 1702 1705 1704
1776 2 2 1 2 1334 1421 1336
1777 2 2 1 2 476 2161 2160
1778 2 2 1 2 2172 2173 489
1779 2 2 1 2 328 1909 504
1780 2 2 1 2 1052 2055 1050
1781 2 2 1 2 857 858 856
1782 2 2 1 2 1053 1054 1052
1783 2 2 1 2 1875 1898 1874
1784 2 2 1 2 1050 1153 1048
1785 2 2 1 2 2207 2208 536
1786 2 2 1 2 1049 1050 1048
1787 2 2 1 2 1054 1932 1052
1788 2 2 1 2 372 2212 371
1789 2 2 1 2 2144 2146 2102
1790 2 2 1 2 1564 1566 1565
1791 2 2 1 2 1340 1342 1341
1792 2 2 1 2 923 1079 1078
1793 2 2 1 2 330 530 329
1794 2 2 1 2 2122 2123 2120
1795 2 2 1 2 1328 2053 1330
1796 2 2 1 2 1057 1059 1058
1797 2 2 1 2 1051 1052 1050
1798 2 2 1 2 1819 1820 1203
1799 2 2 1 2 1154 1933 1932
1800 2 2 1 2 994 2058 992
1801 2 2 1 2 1570 1590 1572
1802 2 2 1 2 1169 2058 994
1803 2 2 1 2 1338 1340 1339
1804 2 2 1 2 1047 1048 1046
1805 2 2 1 2 1874 1877 1876
1806 2 2 1 2 946 1885 1475
1807 2 2 1 2 1566 1567 1565
1808 2 2 1 2 1483 1484 1482
1809 2 2 1 2 1562 1564 1563
1810 2 2 1 2 1420 2045 1332
1811 2 2 1 2 689 2345 720
1812 2 2 1 2 1046 1156 1044
1813 2 2 1 2 741 742 694
1814 2 2 1 2 1336 1338 1337
1815 2 2 1 2 1379 1380 1377
1816 2 2 1 2 1330 1420 1332
1817 2 2 1 2 1463 2395 1780
1818 2 2 1 2 1564 1565 1563
1819 2 2 1 2 970 2296 1155
1820 2 2 1 2 1352 1353 1351
1821 2 2 1 2 2104 2129 541
1822 2 2 1 2 1801 2419 1090
1823 2 2 1 2 1560 1562 1561
1824 2 2 1 2 857 859 858
1825 2 2 1 2 1195 1254 1253
1826 2 2 1 2 1876 2280 1151
1827 2 2 1 2 1055 1057 1056
1828 2 2 1 2 880 2049 859
1829 2 2 1 2 1251 1437 1436
1830 2 2 1 2 1862 1863 1861
1831 2 2 1 2 2146 2253 2102
1832 2 2 1 2 2117 2118 2115
1833 2 2 1 2 682 683 681
1834 2 2 1 2 1407 2325 762
1835 2 2 1 2 1045 1046 1044
1836 2 2 1 2 1320 2061 2060
1837 2 2 1 2 1562 1563 1561
1838 2 2 1 2 1334 1336 1335
1839 2 2 1 2 1686 2353 1598
1840 2 2 1 2 680 682 681
1841 2 2 1 2 1058 2280 1056
1842 2 2 1 2 535 2224 2223
1843 2 2 1 2 912 2481 2453
1844 2 2 1 2 898 899 897
1845 2 2 1 2 713 2408 2302
1846 2 2 1 2 2124 2125 2122
1847 2 2 1 2 1042 1157 1040
1848 2 2 1 2 1423 2053 1328
1849 2 2 1 2 541 2106 2104
1850 2 2 1 2 1324 2059 1326
1851 2 2 1 2 2014 2015 2013
1852 2 2 1 2 1397 1399 1398
1853 2 2 1 2 1558 1560 1559
1854 2 2 1 2 680 681 679
1855 2 2 1 2 2147 2201 505
1856 2 2 1 2 2151 2253 2146
1857 2 2 1 2 855 856 854
1858 2 2 1 2 1906 2051 1905
1859 2 2 1 2 1043 1044 1042
1860 2 2 1 2 919 2070 896
1861 2 2 1 2 2012 2013 2011
1862 2 2 1 2 1560 1561 1559
1863 2 2 1 2 1927 2295 1919
1864 2 2 1 2 1322 2060 1422
1865 2 2 1 2 1332 1334 1333
1866 2 2 1 2 1371 1847 1846
1867 2 2 1 2 788 2256 909
1868 2 2 1 2 216 2225 215
1869 2 2 1 2 215 2225 475
1870 2 2 1 2 1326 1423 1328
1871 2 2 1 2 2185 2206 2184
1872 2 2 1 2 710 718 712
1873 2 2 1 2 853 854 852
1874 2 2 1 2 678 680 679
1875 2 2 1 2 2112 2113 2110
1876 2 2 1 2 1316 2063 1408
1877 2 2 1 2 1556 1558 1557
1878 2 2 1 2 1840 1841 1839
1879 2 2 1 2 2184 2206 472
1880 2 2 1 2 678 679 677
1881 2 2 1 2 2015 2020 2013
1882 2 2 1 2 1041 1042 1040
1883 2 2 1 2 1330 1332 1331
1884 2 2 1 2 509 2226 217
1885 2 2 1 2 1384 1884 1883
1886 2 2 1 2 1038 1158 1036
1887 2 2 1 2 1554 1556 1555
1888 2 2 1 2 770 2272 768
1889 2 2 1 2 2199 2201 2148
1890 2 2 1 2 1039 1040 1038
1891 2 2 1 2 1422 2059 1324
1892 2 2 1 2 2103 2129 2104
1893 2 2 1 2 1328 1330 1329
1894 2 2 1 2 1558 1559 1557
1895 2 2 1 2 854 911 852
1896 2 2 1 2 370 2207 536
1897 2 2 1 2 371 2207 370
1898 2 2 1 2 1552 1554 1553
1899 2 2 1 2 1312 2064 1425
1900 2 2 1 2 2121 2122 2120
1901 2 2 1 2 1322 1422 1324
1902 2 2 1 2 851 852 850
1903 2 2 1 2 1936 1939 1938
1904 2 2 1 2 2090 2092 2088
1905 2 2 1 2 2119 2120 2117
1906 2 2 1 2 216 2226 2225
1907 2 2 1 2 354 2151 353
1908 2 2 1 2 2107 2108 2105
1909 2 2 1 2 1556 1557 1555
1910 2 2 1 2 2014 2016 2015
1911 2 2 1 2 478 2129 2103
1912 2 2 1 2 2012 2014 2013
1913 2 2 1 2 710 1887 718
1914 2 2 1 2 1037 1038 1036
1915 2 2 1 2 1318 2061 1320
1916 2 2 1 2 676 678 677
1917 2 2 1 2 2148 2201 2147
1918 2 2 1 2 766 2277 764
1919 2 2 1 2 1250 1798 1478
1920 2 2 1 2 849 850 848
1921 2 2 1 2 676 677 675
1922 2 2 1 2 1047 1049 1048
1923 2 2 1 2 1228 2299 1453
1924 2 2 1 2 1554 1555 1553
1925 2 2 1 2 792 2255 1108
1926 2 2 1 2 1550 1552 1551
1927 2 2 1 2 218 2159 509
1928 2 2 1 2 219 2159 218
1929 2 2 1 2 920 1860 683
1930 2 2 1 2 703 707 704
1931 2 2 1 2 1320 2060 1322
1932 2 2 1 2 2010 2011 2009
1933 2 2 1 2 1154 1932 1054
1934 2 2 1 2 1326 1328 1327
1935 2 2 1 2 1183 2690 2118
1936 2 2 1 2 721 2065 673
1937 2 2 1 2 853 855 854
1938 2 2 1 2 1035 1036 1034
1939 2 2 1 2 968 2286 966
1940 2 2 1 2 330 2043 530
1941 2 2 1 2 2085 2090 2088
1942 2 2 1 2 1552 1553 1551
1943 2 2 1 2 2116 2117 2115
1944 2 2 1 2 470 2151 354
1945 2 2 1 2 476 2160 220
1946 2 2 1 2 2010 2012 2011
1947 2 2 1 2 855 857 856
1948 2 2 1 2 1314 2063 1316
1949 2 2 1 2 2114 2115 2112
1950 2 2 1 2 673 2065 671
1951 2 2 1 2 1034 1160 1032
1952 2 2 1 2 2093 2130 478
1953 2 2 1 2 1049 1051 1050
1954 2 2 1 2 1053 1055 1054
1955 2 2 1 2 1874 1876 1151
1956 2 2 1 2 1424 2258 1266
1957 2 2 1 2 847 848 846
1958 2 2 1 2 337 2194 472
1959 2 2 1 2 1548 1550 1549
1960 2 2 1 2 472 2194 2184
1961 2 2 1 2 1324 1326 1325
1962 2 2 1 2 1871 2358 1872
1963 2 2 1 2 1033 1034 1032
1964 2 2 1 2 1408 2062 2061
1965 2 2 1 2 219 2160 2159
1966 2 2 1 2 2094 2095 2091
1967 2 2 1 2 2204 2206 2205
1968 2 2 1 2 1918 1921 1916
1969 2 2 1 2 1546 1548 1547
1970 2 2 1 2 851 853 852
1971 2 2 1 2 1306 2067 2066
1972 2 2 1 2 2094 2096 2095
1973 2 2 1 2 1408 2061 1318
1974 2 2 1 2 1031 1032 1030
1975 2 2 1 2 1550 1551 1549
1976 2 2 1 2 674 675 673
1977 2 2 1 2 1030 1162 1028
1978 2 2 1 2 689 720 687
1979 2 2 1 2 1322 1324 1323
1980 2 2 1 2 674 676 675
1981 2 2 1 2 693 937 691
1982 2 2 1 2 1310 2064 1312
1983 2 2 1 2 1832 1833 1831
1984 2 2 1 2 527 1857 266
1985 2 2 1 2 847 849 848
1986 2 2 1 2 880 2050 2049
1987 2 2 1 2 353 2151 2150
1988 2 2 1 2 1544 1546 1545
1989 2 2 1 2 938 939 937
1990 2 2 1 2 1316 1408 1318
1991 2 2 1 2 849 851 850
1992 2 2 1 2 2111 2112 2110
1993 2 2 1 2 222 2222 221
1994 2 2 1 2 221 2222 476
1995 2 2 1 2 1320 1322 1321
1996 2 2 1 2 2109 2110 2107
1997 2 2 1 2 1045 1047 1046
1998 2 2 1 2 1542 1544 1543
1999 2 2 1 2 1029 1030 1028
2000 2 2 1 2 2007 2009 2006
2001 2 2 1 2 1548 1549 1547
2002 2 2 1 2 2201 2202 505
2003 2 2 1 2 709 1887 710
2004 2 2 1 2 1308 2066 1426
2005 2 2 1 2 2087 2091 2090
2006 2 2 1 2 2087 2090 2085
2007 2 2 1 2 1312 1425 1314
2008 2 2 1 2 1425 2063 1314
2009 2 2 1 2 681 729 679
2010 2 2 1 2 1350 1351 1349
2011 2 2 1 2 2005 2006 2004
2012 2 2 1 2 672 673 671
2013 2 2 1 2 1879 2280 1876
2014 2 2 1 2 1302 2069 1414
2015 2 2 1 2 1399 1401 1400
2016 2 2 1 2 535 2223 223
2017 2 2 1 2 1026 1161 1024
2018 2 2 1 2 338 2194 337
2019 2 2 1 2 1546 1547 1545
2020 2 2 1 2 1043 1045 1044
2021 2 2 1 2 671 2065 924
2022 2 2 1 2 1344 1345 1343
2023 2 2 1 2 1544 1545 1543
2024 2 2 1 2 1540 1542 1541
2025 2 2 1 2 2084 2130 2087
2026 2 2 1 2 756 923 760
2027 2 2 1 2 1923 1924 1920
2028 2 2 1 2 764 1407 762
2029 2 2 1 2 2009 2021 2006
2030 2 2 1 2 484 2169 2168
2031 2 2 1 2 802 2239 1103
2032 2 2 1 2 2106 2107 2105
2033 2 2 1 2 1318 1320 1319
2034 2 2 1 2 774 2276 772
2035 2 2 1 2 470 2240 2098
2036 2 2 1 2 2085 2088 2086
2037 2 2 1 2 222 2223 2222
2038 2 2 1 2 1027 1028 1026
2039 2 2 1 2 353 2150 352
2040 2 2 1 2 1426 2064 1310
2041 2 2 1 2 2104 2105 2097
2042 2 2 1 2 1542 1543 1541
2043 2 2 1 2 1298 2071 1427
2044 2 2 1 2 1316 1318 1317
2045 2 2 1 2 748 1900 749
2046 2 2 1 2 1051 1053 1052
2047 2 2 1 2 671 924 669
2048 2 2 1 2 542 2202 2198
2049 2 2 1 2 1308 1426 1310
2050 2 2 1 2 2198 2202 2201
2051 2 2 1 2 347 2231 505
2052 2 2 1 2 1304 2067 1306
2053 2 2 1 2 1338 1339 1337
2054 2 2 1 2 672 674 673
2055 2 2 1 2 2003 2004 2002
2056 2 2 1 2 1538 1540 1539
2057 2 2 1 2 2204 2205 540
2058 2 2 1 2 1025 1026 1024
2059 2 2 1 2 1314 1316 1315
2060 2 2 1 2 670 671 669
2061 2 2 1 2 2143 2144 2141
2062 2 2 1 2 1544 1596 1546
2063 2 2 1 2 940 942 941
2064 2 2 1 2 505 2231 2147
2065 2 2 1 2 2084 2087 2085
2066 2 2 1 2 531 2143 2140
2067 2 2 1 2 2086 2240 532
2068 2 2 1 2 1041 1043 1042
2069 2 2 1 2 1039 1041 1040
2070 2 2 1 2 2087 2130 2093
2071 2 2 1 2 2093 2094 2091
2072 2 2 1 2 1023 1024 1022
2073 2 2 1 2 2005 2007 2006
2074 2 2 1 2 2049 2076 861
2075 2 2 1 2 1536 1538 1537
2076 2 2 1 2 2182 2186 2185
2077 2 2 1 2 1020 1166 1018
2078 2 2 1 2 1021 1022 1020
2079 2 2 1 2 1306 2066 1308
2080 2 2 1 2 1540 1541 1539
2081 2 2 1 2 1037 1039 1038
2082 2 2 1 2 2085 2086 532
2083 2 2 1 2 1933 1934 1932
2084 2 2 1 2 2144 2145 2141
2085 2 2 1 2 1312 1314 1313
2086 2 2 1 2 1429 2234 1270
2087 2 2 1 2 675 721 673
2088 2 2 1 2 748 749 745
2089 2 2 1 2 2007 2010 2009
2090 2 2 1 2 1300 2069 1302
2091 2 2 1 2 2140 2143 2141
2092 2 2 1 2 2196 2230 542
2093 2 2 1 2 1534 1536 1535
2094 2 2 1 2 1019 1020 1018
2095 2 2 1 2 1068 2288 1066
2096 2 2 1 2 848 912 846
2097 2 2 1 2 545 2126 365
2098 2 2 1 2 364 2126 492
2099 2 2 1 2 2089 2100 2099
2100 2 2 1 2 472 2206 2204
2101 2 2 1 2 2084 2085 532
2102 2 2 1 2 2003 2005 2004
2103 2 2 1 2 1538 1539 1537
2104 2 2 1 2 2134 2142 2137
2105 2 2 1 2 670 672 671
2106 2 2 1 2 1532 1534 1533
2107 2 2 1 2 2182 2185 2184
2108 2 2 1 2 1035 1037 1036
2109 2 2 1 2 1310 1312 1311
2110 2 2 1 2 542 2198 2196
2111 2 2 1 2 2088 2089 2086
2112 2 2 1 2 2177 2187 2183
2113 2 2 1 2 790 2256 788
2114 2 2 1 2 1414 2068 2067
2115 2 2 1 2 1536 1537 1535
2116 2 2 1 2 531 2140 2131
2117 2 2 1 2 2175 2187 2177
2118 2 2 1 2 362 2127 541
2119 2 2 1 2 492 2127 363
2120 2 2 1 2 1016 1163 1014
2121 2 2 1 2 1414 2067 1304
2122 2 2 1 2 849 2249 876
2123 2 2 1 2 847 2249 849
2124 2 2 1 2 1308 1310 1309
2125 2 2 1 2 1534 1535 1533
2126 2 2 1 2 2098 2240 2086
2127 2 2 1 2 1292 2073 2072
2128 2 2 1 2 1296 2071 1298
2129 2 2 1 2 845 846 844
2130 2 2 1 2 365 2126 364
2131 2 2 1 2 812 2235 1101
2132 2 2 1 2 534 2154 2153
2133 2 2 1 2 845 847 846
2134 2 2 1 2 1302 1414 1304
2135 2 2 1 2 2177 2179 2176
2136 2 2 1 2 2177 2180 2179
2137 2 2 1 2 1530 1532 1531
2138 2 2 1 2 363 2127 362
2139 2 2 1 2 668 669 667
2140 2 2 1 2 1017 1018 1016
2141 2 2 1 2 2179 2182 2181
2142 2 2 1 2 2002 2022 1999
2143 2 2 1 2 1033 1035 1034
2144 2 2 1 2 486 2128 367
2145 2 2 1 2 366 2128 545
2146 2 2 1 2 1306 1308 1307
2147 2 2 1 2 338 2247 2194
2148 2 2 1 2 1031 1033 1032
2149 2 2 1 2 2000 2002 1999
2150 2 2 1 2 1294 2072 1428
2151 2 2 1 2 1427 2069 1300
2152 2 2 1 2 1532 1533 1531
2153 2 2 1 2 2054 2259 374
2154 2 2 1 2 2136 2142 2134
2155 2 2 1 2 1298 1427 1300
2156 2 2 1 2 2195 2230 2196
2157 2 2 1 2 2175 2177 2176
2158 2 2 1 2 857 2260 880
2159 2 2 1 2 845 2077 847
2160 2 2 1 2 339 2247 338
2161 2 2 1 2 1029 1031 1030
2162 2 2 1 2 668 670 669
2163 2 2 1 2 1528 1530 1529
2164 2 2 1 2 470 2253 2151
2165 2 2 1 2 816 2233 890
2166 2 2 1 2 1534 1602 1536
2167 2 2 1 2 2100 2101 2099
2168 2 2 1 2 1015 1016 1014
2169 2 2 1 2 1904 1906 1905
2170 2 2 1 2 1288 2075 1415
2171 2 2 1 2 485 2230 2195
2172 2 2 1 2 217 2226 216
2173 2 2 1 2 2132 2134 2133
2174 2 2 1 2 1304 1306 1305
2175 2 2 1 2 2134 2137 2135
2176 2 2 1 2 1526 1528 1527
2177 2 2 1 2 349 2243 348
2178 2 2 1 2 1302 1304 1303
2179 2 2 1 2 348 2231 347
2180 2 2 1 2 2132 2136 2134
2181 2 2 1 2 1013 1014 1012
2182 2 2 1 2 1428 2071 1296
2183 2 2 1 2 855 2260 857
2184 2 2 1 2 1010 1165 1008
2185 2 2 1 2 1530 1531 1529
2186 2 2 1 2 352 2150 531
2187 2 2 1 2 1336 1337 1335
2188 2 2 1 2 1011 1012 1010
2189 2 2 1 2 1294 1428 1296
2190 2 2 1 2 1998 1999 1997
2191 2 2 1 2 1300 1302 1301
2192 2 2 1 2 1340 1341 1339
2193 2 2 1 2 1524 1526 1525
2194 2 2 1 2 2175 2176 508
2195 2 2 1 2 664 715 666
2196 2 2 1 2 2000 2003 2002
2197 2 2 1 2 1342 1343 1341
2198 2 2 1 2 1332 1333 1331
2199 2 2 1 2 1528 1529 1527
2200 2 2 1 2 794 2255 792
2201 2 2 1 2 2189 2229 485
2202 2 2 1 2 478 2103 2093
2203 2 2 1 2 1334 1335 1333
2204 2 2 1 2 1346 1347 1345
2205 2 2 1 2 1027 1029 1028
2206 2 2 1 2 1330 1331 1329
2207 2 2 1 2 1009 1010 1008
2208 2 2 1 2 820 2232 1105
2209 2 2 1 2 1290 2073 1292
2210 2 2 1 2 507 2166 2165
2211 2 2 1 2 1923 1925 1924
2212 2 2 1 2 1526 1527 1525
2213 2 2 1 2 2178 2187 2175
2214 2 2 1 2 1292 2072 1294
2215 2 2 1 2 1328 1329 1327
2216 2 2 1 2 1019 1021 1020
2217 2 2 1 2 1298 1300 1299
2218 2 2 1 2 1522 1524 1523
2219 2 2 1 2 2139 2149 2148
2220 2 2 1 2 220 2160 219
2221 2 2 1 2 506 2157 2156
2222 2 2 1 2 1524 1525 1523
2223 2 2 1 2 256 2168 255
2224 2 2 1 2 484 2168 256
2225 2 2 1 2 2140 2141 2136
2226 2 2 1 2 2143 2150 2146
2227 2 2 1 2 1296 1298 1297
2228 2 2 1 2 2134 2135 2133
2229 2 2 1 2 2199 2200 2197
2230 2 2 1 2 2131 2132 471
2231 2 2 1 2 2132 2133 471
2232 2 2 1 2 2174 2229 2178
2233 2 2 1 2 1155 2286 968
2234 2 2 1 2 1021 1023 1022
2235 2 2 1 2 254 2170 507
2236 2 2 1 2 1023 1025 1024
2237 2 2 1 2 1286 2075 1288
2238 2 2 1 2 2190 2191 2188
2239 2 2 1 2 1415 2074 2073
2240 2 2 1 2 1520 1522 1521
2241 2 2 1 2 1294 1296 1295
2242 2 2 1 2 2143 2146 2144
2243 2 2 1 2 1284 2079 1432
2244 2 2 1 2 1007 1008 1006
2245 2 2 1 2 2174 2178 2175
2246 2 2 1 2 1415 2073 1290
2247 2 2 1 2 541 2129 361
2248 2 2 1 2 360 2129 478
2249 2 2 1 2 1522 1523 1521
2250 2 2 1 2 2168 2170 255
2251 2 2 1 2 1348 1349 1347
2252 2 2 1 2 534 2153 236
2253 2 2 1 2 236 2153 235
2254 2 2 1 2 1963 1968 1965
2255 2 2 1 2 1292 1294 1293
2256 2 2 1 2 1025 1027 1026
2257 2 2 1 2 2178 2188 2187
2258 2 2 1 2 531 2150 2143
2259 2 2 1 2 1288 1415 1290
2260 2 2 1 2 1004 1172 1002
2261 2 2 1 2 804 2239 802
2262 2 2 1 2 223 2223 222
2263 2 2 1 2 1518 1520 1519
2264 2 2 1 2 744 745 742
2265 2 2 1 2 234 2155 483
2266 2 2 1 2 1996 1997 1995
2267 2 2 1 2 1419 2082 2081
2268 2 2 1 2 2190 2192 2191
2269 2 2 1 2 1998 2000 1999
2270 2 2 1 2 2174 2175 508
2271 2 2 1 2 1005 1006 1004
2272 2 2 1 2 830 2228 1097
2273 2 2 1 2 2178 2229 2189
2274 2 2 1 2 1017 1019 1018
2275 2 2 1 2 1284 1432 1286
2276 2 2 1 2 358 2130 2084
2277 2 2 1 2 478 2130 359
2278 2 2 1 2 1270 2234 1272
2279 2 2 1 2 875 2077 845
2280 2 2 1 2 834 2083 889
2281 2 2 1 2 1520 1521 1519
2282 2 2 1 2 2153 2155 235
2283 2 2 1 2 838 2080 1100
2284 2 2 1 2 1432 2075 1286
2285 2 2 1 2 1290 1292 1291
2286 2 2 1 2 2131 2140 2132
2287 2 2 1 2 1266 2258 1268
2288 2 2 1 2 1419 2081 1280
2289 2 2 1 2 666 668 667
2290 2 2 1 2 480 2217 2216
2291 2 2 1 2 1280 2081 1282
2292 2 2 1 2 2177 2183 2180
2293 2 2 1 2 1516 1518 1517
2294 2 2 1 2 1009 1011 1010
2295 2 2 1 2 1282 2079 1284
2296 2 2 1 2 1003 1004 1002
2297 2 2 1 2 1288 1290 1289
2298 2 2 1 2 1324 1325 1323
2299 2 2 1 2 836 2083 834
2300 2 2 1 2 1316 1317 1315
2301 2 2 1 2 875 2078 2077
2302 2 2 1 2 1282 2081 2079
2303 2 2 1 2 1518 1519 1517
2304 2 2 1 2 1013 1015 1014
2305 2 2 1 2 506 2156 241
2306 2 2 1 2 241 2156 240
2307 2 2 1 2 1322 1323 1321
2308 2 2 1 2 1994 1995 1993
2309 2 2 1 2 1286 1288 1287
2310 2 2 1 2 842 913 840
2311 2 2 1 2 1011 1013 1012
2312 2 2 1 2 840 2080 838
2313 2 2 1 2 2198 2199 2197
2314 2 2 1 2 1569 1611 1567
2315 2 2 1 2 666 667 665
2316 2 2 1 2 239 2158 482
2317 2 2 1 2 1015 1017 1016
2318 2 2 1 2 818 2233 816
2319 2 2 1 2 814 2235 812
2320 2 2 1 2 1320 1321 1319
2321 2 2 1 2 796 910 794
2322 2 2 1 2 1516 1603 1518
2323 2 2 1 2 1974 1979 1976
2324 2 2 1 2 253 2165 252
2325 2 2 1 2 507 2165 253
2326 2 2 1 2 2156 2158 240
2327 2 2 1 2 2196 2197 2193
2328 2 2 1 2 249 2216 2215
2329 2 2 1 2 913 2080 840
2330 2 2 1 2 2179 2181 2176
2331 2 2 1 2 251 2167 480
2332 2 2 1 2 2087 2093 2091
2333 2 2 1 2 2182 2184 2181
2334 2 2 1 2 346 2202 345
2335 2 2 1 2 2098 2253 470
2336 2 2 1 2 822 2232 820
2337 2 2 1 2 1981 1986 1983
2338 2 2 1 2 1516 1517 1515
2339 2 2 1 2 2135 2139 2138
2340 2 2 1 2 1302 1303 1301
2341 2 2 1 2 2165 2167 252
2342 2 2 1 2 2150 2151 2146
2343 2 2 1 2 485 2195 2189
2344 2 2 1 2 1100 2083 836
2345 2 2 1 2 348 2243 2231
2346 2 2 1 2 1284 1286 1285
2347 2 2 1 2 248 2215 537
2348 2 2 1 2 249 2215 248
2349 2 2 1 2 1514 1516 1515
2350 2 2 1 2 843 844 842
2351 2 2 1 2 2189 2190 2188
2352 2 2 1 2 1326 1327 1325
2353 2 2 1 2 2089 2099 2098
2354 2 2 1 2 1007 1009 1008
2355 2 2 1 2 1314 1315 1313
2356 2 2 1 2 255 2170 254
2357 2 2 1 2 1312 1313 1311
2358 2 2 1 2 345 2202 542
2359 2 2 1 2 505 2202 346
2360 2 2 1 2 832 2228 830
2361 2 2 1 2 1308 1309 1307
2362 2 2 1 2 838 1100 836
2363 2 2 1 2 2139 2148 2147
2364 2 2 1 2 2094 2097 2096
2365 2 2 1 2 802 1103 800
2366 2 2 1 2 788 909 786
2367 2 2 1 2 235 2155 234
2368 2 2 1 2 824 907 822
2369 2 2 1 2 1310 1311 1309
2370 2 2 1 2 250 2216 249
2371 2 2 1 2 480 2216 250
2372 2 2 1 2 812 1101 810
2373 2 2 1 2 841 842 840
2374 2 2 1 2 1306 1307 1305
2375 2 2 1 2 1300 1301 1299
2376 2 2 1 2 1298 1299 1297
2377 2 2 1 2 1296 1297 1295
2378 2 2 1 2 834 889 832
2379 2 2 1 2 1001 1002 1000
2380 2 2 1 2 806 891 804
2381 2 2 1 2 341 2229 2174
2382 2 2 1 2 485 2229 342
2383 2 2 1 2 1996 1998 1997
2384 2 2 1 2 240 2158 239
2385 2 2 1 2 1294 1295 1293
2386 2 2 1 2 252 2167 251
2387 2 2 1 2 1000 1173 998
2388 2 2 1 2 830 1097 828
2389 2 2 1 2 542 2230 344
2390 2 2 1 2 343 2230 485
2391 2 2 1 2 1292 1293 1291
2392 2 2 1 2 1304 1305 1303
2393 2 2 1 2 1282 1284 1283
2394 2 2 1 2 336 2204 335
2395 2 2 1 2 472 2204 336
2396 2 2 1 2 350 2131 471
2397 2 2 1 2 227 2213 226
2398 2 2 1 2 533 2163 243
2399 2 2 1 2 351 2131 350
2400 2 2 1 2 482 2162 238
2401 2 2 1 2 238 2162 237
2402 2 2 1 2 243 2163 242
2403 2 2 1 2 247 2203 246
2404 2 2 1 2 262 2172 261
2405 2 2 1 2 245 2219 244
2406 2 2 1 2 232 2220 539
2407 2 2 1 2 224 2152 535
2408 2 2 1 2 228 2164 544
2409 2 2 1 2 242 2163 506
2410 2 2 1 2 537 2203 247
2411 2 2 1 2 261 2172 489
2412 2 2 1 2 237 534 236
2413 2 2 1 2 242 506 241
2414 2 2 1 2 544 2213 227
2415 2 2 1 2 230 2214 491
2416 2 2 1 2 357 2084 532
2417 2 2 1 2 358 2084 357
2418 2 2 1 2 233 2220 232
2419 2 2 1 2 225 2152 224
2420 2 2 1 2 254 507 253
2421 2 2 1 2 257 484 256
2422 2 2 1 2 259 543 258
2423 2 2 1 2 538 2172 262
2424 2 2 1 2 360 478 359
2425 2 2 1 2 368 486 367
2426 2 2 1 2 370 536 369
2427 2 2 1 2 373 481 372
2428 2 2 1 2 531 2131 351
2429 2 2 1 2 228 544 227
2430 2 2 1 2 231 2214 230
2431 2 2 1 2 230 491 229
2432 2 2 1 2 539 2214 231
2433 2 2 1 2 352 531 351
2434 2 2 1 2 479 2219 245
2435 2 2 1 2 335 2204 540
2436 2 2 1 2 357 532 356
2437 2 2 1 2 341 2174 340
2438 2 2 1 2 347 505 346
2439 2 2 1 2 237 2162 534
2440 2 2 1 2 345 542 344
2441 2 2 1 2 350 471 349
2442 2 2 1 2 355 470 354
2443 2 2 1 2 239 482 238
2444 2 2 1 2 483 2220 233
2445 2 2 1 2 226 2213 477
2446 2 2 1 2 246 2203 479
2447 2 2 1 2 257 2171 484
2448 2 2 1 2 259 2221 543
2449 2 2 1 2 332 473 331
2450 2 2 1 2 335 540 334
2451 2 2 1 2 337 472 336
2452 2 2 1 2 340 508 339
2453 2 2 1 2 343 485 342
2454 2 2 1 2 362 541 361
2455 2 2 1 2 364 492 363
2456 2 2 1 2 366 545 365
2457 2 2 1 2 244 533 243
2458 2 2 1 2 215 475 214
2459 2 2 1 2 218 509 217
2460 2 2 1 2 221 476 220
2461 2 2 1 2 224 535 223
2462 2 2 1 2 226 477 225
2463 2 2 1 2 229 2164 228
2464 2 2 1 2 491 2164 229
2465 2 2 1 2 232 539 231
2466 2 2 1 2 234 483 233
2467 2 2 1 2 246 479 245
2468 2 2 1 2 248 537 247
2469 2 2 1 2 251 480 250
2470 2 2 1 2 258 2171 257
2471 2 2 1 2 543 2171 258
2472 2 2 1 2 261 489 260
2473 2 2 1 2 263 538 262
2474 2 2 1 2 265 474 264
2475 2 2 1 2 474 2218 264
2476 2 2 1 2 340 2174 508
2477 2 2 1 2 244 2219 533
2478 2 2 1 2 489 2221 260
2479 2 2 1 2 477 2152 225
2480 2 2 1 2 260 2221 259
2481 2 2 1 2 264 2218 263
2482 2 2 1 2 263 2218 538
2483 2 2 1 2 816 890 814
2484 2 2 1 2 355 2240 470
2485 2 2 1 2 532 2240 356
2486 2 2 1 2 1003 1005 1004
2487 2 2 1 2 820 1105 818
2488 2 2 1 2 1288 1289 1287
2489 2 2 1 2 1005 1007 1006
2490 2 2 1 2 1527 1608 1525
2491 2 2 1 2 839 840 838
2492 2 2 1 2 1992 1994 1993
2493 2 2 1 2 889 2228 832
2494 2 2 1 2 853 925 855
2495 2 2 1 2 1290 1291 1289
2496 2 2 1 2 1318 1319 1317
2497 2 2 1 2 1278 1419 1280
2498 2 2 1 2 2132 2140 2136
2499 2 2 1 2 843 845 844
2500 2 2 1 2 837 838 836
2501 2 2 1 2 841 843 842
2502 2 2 1 2 1994 1996 1995
2503 2 2 1 2 1286 1287 1285
2504 2 2 1 2 907 2232 822
2505 2 2 1 2 342 2229 341
2506 2 2 1 2 1545 1609 1543
2507 2 2 1 2 344 2230 343
2508 2 2 1 2 2196 2198 2197
2509 2 2 1 2 471 2243 349
2510 2 2 1 2 2198 2201 2199
2511 2 2 1 2 1992 1993 1991
2512 2 2 1 2 1555 1610 1553
2513 2 2 1 2 670 702 672
2514 2 2 1 2 2190 2193 2192
2515 2 2 1 2 839 841 840
2516 2 2 1 2 1284 1285 1283
2517 2 2 1 2 1280 1282 1281
2518 2 2 1 2 999 1000 998
2519 2 2 1 2 835 836 834
2520 2 2 1 2 1001 1003 1002
2521 2 2 1 2 361 2129 360
2522 2 2 1 2 837 839 838
2523 2 2 1 2 2178 2189 2188
2524 2 2 1 2 1514 1515 1513
2525 2 2 1 2 996 1169 994
2526 2 2 1 2 1105 2233 818
2527 2 2 1 2 665 722 663
2528 2 2 1 2 658 700 660
2529 2 2 1 2 2195 2196 2193
2530 2 2 1 2 2135 2138 2133
2531 2 2 1 2 835 837 836
2532 2 2 1 2 359 2130 358
2533 2 2 1 2 2190 2195 2193
2534 2 2 1 2 890 2235 814
2535 2 2 1 2 1282 1283 1281
2536 2 2 1 2 2104 2106 2105
2537 2 2 1 2 2139 2147 2138
2538 2 2 1 2 2189 2195 2190
2539 2 2 1 2 664 666 665
2540 2 2 1 2 843 875 845
2541 2 2 1 2 652 1096 654
2542 2 2 1 2 664 665 663
2543 2 2 1 2 837 874 839
2544 2 2 1 2 1272 1418 1274
2545 2 2 1 2 662 664 663
2546 2 2 1 2 655 927 653
2547 2 2 1 2 1278 1280 1279
2548 2 2 1 2 999 1001 1000
2549 2 2 1 2 659 723 657
2550 2 2 1 2 833 834 832
2551 2 2 1 2 1990 1992 1991
2552 2 2 1 2 2181 2247 2176
2553 2 2 1 2 792 1108 790
2554 2 2 1 2 662 663 661
2555 2 2 1 2 833 926 835
2556 2 2 1 2 1285 1454 1283
2557 2 2 1 2 660 662 661
2558 2 2 1 2 1988 1990 1989
2559 2 2 1 2 1990 1991 1989
2560 2 2 1 2 2094 2103 2097
2561 2 2 1 2 1512 1514 1513
2562 2 2 1 2 1289 1635 1287
2563 2 2 1 2 833 835 834
2564 2 2 1 2 660 661 659
2565 2 2 1 2 2093 2103 2094
2566 2 2 1 2 831 832 830
2567 2 2 1 2 776 914 774
2568 2 2 1 2 367 2128 366
2569 2 2 1 2 2114 2116 2115
2570 2 2 1 2 658 660 659
2571 2 2 1 2 2109 2111 2110
2572 2 2 1 2 1996 2001 1998
2573 2 2 1 2 997 998 996
2574 2 2 1 2 1280 1281 1279
2575 2 2 1 2 891 2239 804
2576 2 2 1 2 658 659 657
2577 2 2 1 2 1293 1634 1291
2578 2 2 1 2 1985 1988 1987
2579 2 2 1 2 656 658 657
2580 2 2 1 2 829 830 828
2581 2 2 1 2 1983 1985 1984
2582 2 2 1 2 831 833 832
2583 2 2 1 2 648 705 650
2584 2 2 1 2 1272 2234 1418
2585 2 2 1 2 1988 1989 1987
2586 2 2 1 2 368 2267 486
2587 2 2 1 2 536 2267 369
2588 2 2 1 2 1718 1721 1720
2589 2 2 1 2 1510 1605 1512
2590 2 2 1 2 1987 2024 1984
2591 2 2 1 2 656 657 655
2592 2 2 1 2 2147 2231 2138
2593 2 2 1 2 508 2247 339
2594 2 2 1 2 651 730 649
2595 2 2 1 2 1001 1176 1003
2596 2 2 1 2 1287 2237 1285
2597 2 2 1 2 654 656 655
2598 2 2 1 2 2194 2247 2181
2599 2 2 1 2 997 999 998
2600 2 2 1 2 835 2236 837
2601 2 2 1 2 644 1104 646
2602 2 2 1 2 829 831 830
2603 2 2 1 2 827 828 826
2604 2 2 1 2 837 2236 874
2605 2 2 1 2 1279 1456 1277
2606 2 2 1 2 1276 1278 1277
2607 2 2 1 2 1005 1177 1007
2608 2 2 1 2 1009 1131 1011
2609 2 2 1 2 1278 1279 1277
2610 2 2 1 2 683 1860 681
2611 2 2 1 2 2089 2098 2086
2612 2 2 1 2 926 2236 835
2613 2 2 1 2 1981 1983 1982
2614 2 2 1 2 1297 1633 1295
2615 2 2 1 2 1985 1987 1984
2616 2 2 1 2 2101 2102 2099
2617 2 2 1 2 356 2240 355
2618 2 2 1 2 654 655 653
2619 2 2 1 2 2077 2249 847
2620 2 2 1 2 827 879 829
2621 2 2 1 2 2119 2121 2120
2622 2 2 1 2 1285 2237 1454
2623 2 2 1 2 827 829 828
2624 2 2 1 2 2103 2104 2097
2625 2 2 1 2 652 654 653
2626 2 2 1 2 823 928 825
2627 2 2 1 2 655 2238 927
2628 2 2 1 2 1635 2237 1287
2629 2 2 1 2 825 826 824
2630 2 2 1 2 1512 1513 1511
2631 2 2 1 2 1268 1429 1270
2632 2 2 1 2 1291 2241 1289
2633 2 2 1 2 1575 1612 1573
2634 2 2 1 2 1983 1984 1982
2635 2 2 1 2 723 2238 657
2636 2 2 1 2 652 653 651
2637 2 2 1 2 2176 2247 508
2638 2 2 1 2 650 652 651
2639 2 2 1 2 2003 2008 2005
2640 2 2 1 2 2133 2243 471
2641 2 2 1 2 825 827 826
2642 2 2 1 2 652 2242 1096
2643 2 2 1 2 1289 2241 1635
2644 2 2 1 2 1978 1981 1980
2645 2 2 1 2 1510 1512 1511
2646 2 2 1 2 657 2238 655
2647 2 2 1 2 650 651 649
2648 2 2 1 2 1936 1938 1937
2649 2 2 1 2 995 996 994
2650 2 2 1 2 640 698 642
2651 2 2 1 2 823 824 822
2652 2 2 1 2 927 2244 653
2653 2 2 1 2 648 650 649
2654 2 2 1 2 995 997 996
2655 2 2 1 2 1634 2241 1291
2656 2 2 1 2 995 1130 997
2657 2 2 1 2 1980 2025 1977
2658 2 2 1 2 2106 2109 2107
2659 2 2 1 2 1981 1982 1980
2660 2 2 1 2 1976 1978 1977
2661 2 2 1 2 823 825 824
2662 2 2 1 2 705 2242 650
2663 2 2 1 2 645 724 643
2664 2 2 1 2 821 822 820
2665 2 2 1 2 648 649 647
2666 2 2 1 2 1295 2245 1293
2667 2 2 1 2 2138 2243 2133
2668 2 2 1 2 651 2244 730
2669 2 2 1 2 1293 2245 1634
2670 2 2 1 2 646 648 647
2671 2 2 1 2 819 873 821
2672 2 2 1 2 650 2242 652
2673 2 2 1 2 2231 2243 2138
2674 2 2 1 2 639 929 637
2675 2 2 1 2 1510 1511 1509
2676 2 2 1 2 1303 1435 1301
2677 2 2 1 2 1015 1178 1017
2678 2 2 1 2 1974 1976 1975
2679 2 2 1 2 653 2244 651
2680 2 2 1 2 2184 2194 2181
2681 2 2 1 2 819 820 818
2682 2 2 1 2 821 823 822
2683 2 2 1 2 634 1099 636
2684 2 2 1 2 1019 1133 1021
2685 2 2 1 2 646 647 645
2686 2 2 1 2 1978 1980 1977
2687 2 2 1 2 644 646 645
2688 2 2 1 2 910 2255 794
2689 2 2 1 2 1972 1974 1973
2690 2 2 1 2 1633 2245 1295
2691 2 2 1 2 993 995 994
2692 2 2 1 2 1276 1277 1275
2693 2 2 1 2 648 2248 705
2694 2 2 1 2 1104 2248 646
2695 2 2 1 2 1970 1972 1971
2696 2 2 1 2 1509 1599 1507
2697 2 2 1 2 993 994 992
2698 2 2 1 2 990 1171 988
2699 2 2 1 2 644 645 643
2700 2 2 1 2 819 821 820
2701 2 2 1 2 2111 2114 2112
2702 2 2 1 2 928 2246 825
2703 2 2 1 2 1976 1977 1975
2704 2 2 1 2 817 818 816
2705 2 2 1 2 849 876 851
2706 2 2 1 2 642 644 643
2707 2 2 1 2 827 2246 879
2708 2 2 1 2 1264 1424 1266
2709 2 2 1 2 1307 1632 1305
2710 2 2 1 2 644 2251 1104
2711 2 2 1 2 1883 2358 1882
2712 2 2 1 2 825 2246 827
2713 2 2 1 2 782 917 780
2714 2 2 1 2 1508 1510 1509
2715 2 2 1 2 646 2248 648
2716 2 2 1 2 817 819 818
2717 2 2 1 2 1274 1276 1275
2718 2 2 1 2 642 643 641
2719 2 2 1 2 815 816 814
2720 2 2 1 2 1974 1975 1973
2721 2 2 1 2 823 2254 928
2722 2 2 1 2 2099 2253 2098
2723 2 2 1 2 640 642 641
2724 2 2 1 2 698 2251 642
2725 2 2 1 2 1967 1970 1969
2726 2 2 1 2 813 814 812
2727 2 2 1 2 813 930 815
2728 2 2 1 2 1972 1973 1971
2729 2 2 1 2 2116 2119 2117
2730 2 2 1 2 991 993 992
2731 2 2 1 2 815 817 816
2732 2 2 1 2 630 697 632
2733 2 2 1 2 563 564 562
2734 2 2 1 2 640 641 639
2735 2 2 1 2 853 2250 925
2736 2 2 1 2 1965 1967 1966
2737 2 2 1 2 642 2251 644
2738 2 2 1 2 638 640 639
2739 2 2 1 2 2102 2253 2099
2740 2 2 1 2 991 992 990
2741 2 2 1 2 873 2254 821
2742 2 2 1 2 821 2254 823
2743 2 2 1 2 811 812 810
2744 2 2 1 2 813 815 814
2745 2 2 1 2 1108 2256 790
2746 2 2 1 2 1273 1457 1271
2747 2 2 1 2 1508 1509 1507
2748 2 2 1 2 989 1129 991
2749 2 2 1 2 635 725 633
2750 2 2 1 2 1969 2026 1966
2751 2 2 1 2 1970 1971 1969
2752 2 2 1 2 371 2212 2207
2753 2 2 1 2 638 639 637
2754 2 2 1 2 925 2260 855
2755 2 2 1 2 1922 1923 1920
2756 2 2 1 2 768 906 766
2757 2 2 1 2 1305 2257 1303
2758 2 2 1 2 636 638 637
2759 2 2 1 2 809 871 811
2760 2 2 1 2 811 813 812
2761 2 2 1 2 772 1098 770
2762 2 2 1 2 1313 1433 1311
2763 2 2 1 2 809 810 808
2764 2 2 1 2 1959 1961 1960
2765 2 2 1 2 624 1102 626
2766 2 2 1 2 1274 1275 1273
2767 2 2 1 2 1961 1963 1962
2768 2 2 1 2 1963 1965 1964
2769 2 2 1 2 1025 1179 1027
2770 2 2 1 2 1919 1920 1918
2771 2 2 1 2 2121 2124 2122
2772 2 2 1 2 1393 1821 921
2773 2 2 1 2 1272 1274 1273
2774 2 2 1 2 1303 2257 1435
2775 2 2 1 2 989 991 990
2776 2 2 1 2 629 931 627
2777 2 2 1 2 2014 2017 2016
2778 2 2 1 2 636 637 635
2779 2 2 1 2 1967 1969 1966
2780 2 2 1 2 1029 1134 1031
2781 2 2 1 2 1506 1508 1507
2782 2 2 1 2 1923 1926 1925
2783 2 2 1 2 2207 2212 2211
2784 2 2 1 2 634 636 635
2785 2 2 1 2 1268 2258 1429
2786 2 2 1 2 809 811 810
2787 2 2 1 2 886 898 897
2788 2 2 1 2 1632 2257 1305
2789 2 2 1 2 1504 1606 1506
2790 2 2 1 2 857 880 859
2791 2 2 1 2 807 808 806
2792 2 2 1 2 985 1167 987
2793 2 2 1 2 1317 1631 1315
2794 2 2 1 2 989 990 988
2795 2 2 1 2 1965 1966 1964
2796 2 2 1 2 634 635 633
2797 2 2 1 2 929 2262 637
2798 2 2 1 2 1272 1273 1271
2799 2 2 1 2 634 2261 1099
2800 2 2 1 2 632 634 633
2801 2 2 1 2 1270 1272 1271
2802 2 2 1 2 805 932 807
2803 2 2 1 2 1957 1959 1958
2804 2 2 1 2 807 809 808
2805 2 2 1 2 1448 1450 1447
2806 2 2 1 2 805 806 804
2807 2 2 1 2 1503 1592 1501
2808 2 2 1 2 1963 1964 1962
2809 2 2 1 2 1506 1507 1505
2810 2 2 1 2 632 633 631
2811 2 2 1 2 1961 1962 1960
2812 2 2 1 2 1915 1916 1913
2813 2 2 1 2 803 804 802
2814 2 2 1 2 630 632 631
2815 2 2 1 2 876 2250 851
2816 2 2 1 2 697 2261 632
2817 2 2 1 2 375 2054 374
2818 2 2 1 2 1446 1447 1445
2819 2 2 1 2 1148 1888 1064
2820 2 2 1 2 987 989 988
2821 2 2 1 2 813 2263 930
2822 2 2 1 2 805 807 806
2823 2 2 1 2 1321 1630 1319
2824 2 2 1 2 1890 1898 1875
2825 2 2 1 2 635 2262 725
2826 2 2 1 2 637 2262 635
2827 2 2 1 2 1246 1442 1441
2828 2 2 1 2 630 631 629
2829 2 2 1 2 1580 2284 1582
2830 2 2 1 2 1955 1957 1956
2831 2 2 1 2 628 630 629
2832 2 2 1 2 851 2250 853
2833 2 2 1 2 811 2263 813
2834 2 2 1 2 1959 1960 1958
2835 2 2 1 2 987 988 986
2836 2 2 1 2 801 802 800
2837 2 2 1 2 632 2261 634
2838 2 2 1 2 871 2263 811
2839 2 2 1 2 803 805 804
2840 2 2 1 2 1236 1464 1463
2841 2 2 1 2 1504 1506 1505
2842 2 2 1 2 620 701 622
2843 2 2 1 2 625 726 623
2844 2 2 1 2 621 933 619
2845 2 2 1 2 984 1174 982
2846 2 2 1 2 628 629 627
2847 2 2 1 2 1315 2264 1313
2848 2 2 1 2 626 628 627
2849 2 2 1 2 616 1107 618
2850 2 2 1 2 801 803 802
2851 2 2 1 2 1270 1271 1269
2852 2 2 1 2 799 800 798
2853 2 2 1 2 1313 2264 1433
2854 2 2 1 2 1035 1180 1037
2855 2 2 1 2 1919 1922 1920
2856 2 2 1 2 626 627 625
2857 2 2 1 2 809 2265 871
2858 2 2 1 2 1325 1629 1323
2859 2 2 1 2 1957 1958 1956
2860 2 2 1 2 985 987 986
2861 2 2 1 2 624 626 625
2862 2 2 1 2 1953 1955 1954
2863 2 2 1 2 1631 2264 1315
2864 2 2 1 2 1504 1505 1503
2865 2 2 1 2 799 878 801
2866 2 2 1 2 369 2267 368
2867 2 2 1 2 799 801 800
2868 2 2 1 2 1951 1953 1952
2869 2 2 1 2 1268 1270 1269
2870 2 2 1 2 932 2265 807
2871 2 2 1 2 807 2265 809
2872 2 2 1 2 707 709 708
2873 2 2 1 2 1319 2266 1317
2874 2 2 1 2 797 798 796
2875 2 2 1 2 1590 2302 1572
2876 2 2 1 2 985 986 984
2877 2 2 1 2 1917 1918 1916
2878 2 2 1 2 624 625 623
2879 2 2 1 2 881 2344 1136
2880 2 2 1 2 1317 2266 1631
2881 2 2 1 2 915 916 899
2882 2 2 1 2 795 934 797
2883 2 2 1 2 1949 1951 1950
2884 2 2 1 2 931 2268 627
2885 2 2 1 2 622 624 623
2886 2 2 1 2 2286 2308 966
2887 2 2 1 2 624 2269 1102
2888 2 2 1 2 1955 1956 1954
2889 2 2 1 2 797 799 798
2890 2 2 1 2 1039 1181 1041
2891 2 2 1 2 1661 1662 1462
2892 2 2 1 2 1329 1628 1327
2893 2 2 1 2 1141 1142 1140
2894 2 2 1 2 598 713 600
2895 2 2 1 2 983 985 984
2896 2 2 1 2 617 731 615
2897 2 2 1 2 1917 1919 1918
2898 2 2 1 2 1630 2266 1319
2899 2 2 1 2 795 796 794
2900 2 2 1 2 622 623 621
2901 2 2 1 2 1877 1878 1876
2902 2 2 1 2 1204 2294 1241
2903 2 2 1 2 613 935 611
2904 2 2 1 2 620 622 621
2905 2 2 1 2 1947 1949 1948
2906 2 2 1 2 951 954 948
2907 2 2 1 2 1405 1406 1404
2908 2 2 1 2 1953 1954 1952
2909 2 2 1 2 1502 1504 1503
2910 2 2 1 2 795 797 796
2911 2 2 1 2 612 699 614
2912 2 2 1 2 1220 1404 1121
2913 2 2 1 2 627 2268 625
2914 2 2 1 2 1323 2270 1321
2915 2 2 1 2 625 2268 726
2916 2 2 1 2 983 984 982
2917 2 2 1 2 1268 1269 1267
2918 2 2 1 2 620 621 619
2919 2 2 1 2 608 1106 610
2920 2 2 1 2 1321 2270 1630
2921 2 2 1 2 793 794 792
2922 2 2 1 2 701 2269 622
2923 2 2 1 2 1951 1952 1950
2924 2 2 1 2 914 2276 774
2925 2 2 1 2 1266 1268 1267
2926 2 2 1 2 618 620 619
2927 2 2 1 2 936 2382 2046
2928 2 2 1 2 1945 1947 1946
2929 2 2 1 2 1043 1182 1045
2930 2 2 1 2 622 2269 624
2931 2 2 1 2 1087 1113 1085
2932 2 2 1 2 621 2271 933
2933 2 2 1 2 1943 1945 1944
2934 2 2 1 2 733 2398 585
2935 2 2 1 2 793 795 794
2936 2 2 1 2 618 619 617
2937 2 2 1 2 791 792 790
2938 2 2 1 2 1333 1627 1331
2939 2 2 1 2 1151 2280 1058
2940 2 2 1 2 1629 2270 1323
2941 2 2 1 2 1949 1950 1948
2942 2 2 1 2 616 618 617
2943 2 2 1 2 726 2271 623
2944 2 2 1 2 1098 2272 770
2945 2 2 1 2 1502 1503 1501
2946 2 2 1 2 791 877 793
2947 2 2 1 2 620 2273 701
2948 2 2 1 2 1107 2273 618
2949 2 2 1 2 787 936 789
2950 2 2 1 2 1327 2274 1325
2951 2 2 1 2 866 2324 1209
2952 2 2 1 2 616 617 615
2953 2 2 1 2 981 983 982
2954 2 2 1 2 1420 2384 2045
2955 2 2 1 2 791 793 792
2956 2 2 1 2 1325 2274 1629
2957 2 2 1 2 623 2271 621
2958 2 2 1 2 1266 1267 1265
2959 2 2 1 2 614 616 615
2960 2 2 1 2 1941 1943 1942
2961 2 2 1 2 1264 1266 1265
2962 2 2 1 2 933 2278 619
2963 2 2 1 2 979 1128 981
2964 2 2 1 2 1267 1636 1265
2965 2 2 1 2 789 790 788
2966 2 2 1 2 1947 1948 1946
2967 2 2 1 2 799 2275 878
2968 2 2 1 2 2118 2693 1183
2969 2 2 1 2 616 2279 1107
2970 2 2 1 2 934 2275 797
2971 2 2 1 2 906 2277 766
2972 2 2 1 2 2353 2505 1598
2973 2 2 1 2 797 2275 799
2974 2 2 1 2 981 982 980
2975 2 2 1 2 1498 1607 1500
2976 2 2 1 2 618 2273 620
2977 2 2 1 2 1047 1183 1049
2978 2 2 1 2 1938 1941 1940
2979 2 2 1 2 1628 2274 1327
2980 2 2 1 2 978 1168 976
2981 2 2 1 2 604 696 606
2982 2 2 1 2 609 732 607
2983 2 2 1 2 789 791 790
2984 2 2 1 2 1945 1946 1944
2985 2 2 1 2 614 615 613
2986 2 2 1 2 1500 1502 1501
2987 2 2 1 2 530 2043 1912
2988 2 2 1 2 617 2278 731
2989 2 2 1 2 1894 1897 1891
2990 2 2 1 2 1915 1917 1916
2991 2 2 1 2 612 614 613
2992 2 2 1 2 1075 2437 1124
2993 2 2 1 2 1497 1591 1495
2994 2 2 1 2 787 788 786
2995 2 2 1 2 2059 2393 2390
2996 2 2 1 2 972 2296 970
2997 2 2 1 2 619 2278 617
2998 2 2 1 2 1055 1138 1057
2999 2 2 1 2 1943 1944 1942
3000 2 2 1 2 975 1152 977
3001 2 2 1 2 613 2281 935
3002 2 2 1 2 979 981 980
3003 2 2 1 2 569 571 570
3004 2 2 1 2 612 613 611
3005 2 2 1 2 699 2279 614
3006 2 2 1 2 795 2283 934
3007 2 2 1 2 787 789 788
3008 2 2 1 2 1331 2282 1329
3009 2 2 1 2 1329 2282 1628
3010 2 2 1 2 1500 1501 1499
3011 2 2 1 2 731 2281 615
3012 2 2 1 2 610 612 611
3013 2 2 1 2 1858 2306 1868
3014 2 2 1 2 614 2279 616
3015 2 2 1 2 1265 2293 1263
3016 2 2 1 2 1079 1081 1080
3017 2 2 1 2 785 786 784
3018 2 2 1 2 861 2076 886
3019 2 2 1 2 783 870 785
3020 2 2 1 2 841 2426 2409
3021 2 2 1 2 2041 2372 2042
3022 2 2 1 2 979 980 978
3023 2 2 1 2 1941 1942 1940
3024 2 2 1 2 1938 1940 1937
3025 2 2 1 2 1051 1184 1053
3026 2 2 1 2 942 944 943
3027 2 2 1 2 1264 1265 1263
3028 2 2 1 2 793 2283 795
3029 2 2 1 2 610 611 609
3030 2 2 1 2 2419 2439 908
3031 2 2 1 2 974 1164 972
3032 2 2 1 2 1339 1373 1337
3033 2 2 1 2 1106 2285 610
3034 2 2 1 2 886 2076 898
3035 2 2 1 2 970 1155 968
3036 2 2 1 2 1242 1244 1243
3037 2 2 1 2 1383 1663 1382
3038 2 2 1 2 608 610 609
3039 2 2 1 2 1627 2282 1331
3040 2 2 1 2 785 787 786
3041 2 2 1 2 612 2285 699
3042 2 2 1 2 877 2283 793
3043 2 2 1 2 783 784 782
3044 2 2 1 2 615 2281 613
3045 2 2 1 2 603 1093 601
3046 2 2 1 2 935 2289 611
3047 2 2 1 2 1841 1842 1839
3048 2 2 1 2 977 979 978
3049 2 2 1 2 1498 1500 1499
3050 2 2 1 2 831 2417 2402
3051 2 2 1 2 504 1909 1904
3052 2 2 1 2 1262 1264 1263
3053 2 2 1 2 1919 2295 1922
3054 2 2 1 2 608 609 607
3055 2 2 1 2 936 2287 789
3056 2 2 1 2 1498 1499 1497
3057 2 2 1 2 1061 1145 1063
3058 2 2 1 2 783 785 784
3059 2 2 1 2 1835 1839 1838
3060 2 2 1 2 791 2287 877
3061 2 2 1 2 606 608 607
3062 2 2 1 2 1228 1453 1451
3063 2 2 1 2 608 2290 1106
3064 2 2 1 2 977 978 976
3065 2 2 1 2 610 2285 612
3066 2 2 1 2 781 782 780
3067 2 2 1 2 1248 1262 1261
3068 2 2 1 2 789 2287 791
3069 2 2 1 2 1491 1801 1489
3070 2 2 1 2 606 607 605
3071 2 2 1 2 609 2289 732
3072 2 2 1 2 1833 1835 1834
3073 2 2 1 2 1496 1498 1497
3074 2 2 1 2 604 606 605
3075 2 2 1 2 781 783 782
3076 2 2 1 2 696 2290 606
3077 2 2 1 2 1582 2284 1736
3078 2 2 1 2 1453 1681 1651
3079 2 2 1 2 1878 1880 1879
3080 2 2 1 2 2040 2377 2041
3081 2 2 1 2 611 2289 609
3082 2 2 1 2 777 869 779
3083 2 2 1 2 971 1150 973
3084 2 2 1 2 1496 1497 1495
3085 2 2 1 2 1008 2307 1006
3086 2 2 1 2 779 780 778
3087 2 2 1 2 1263 2293 1637
3088 2 2 1 2 975 977 976
3089 2 2 1 2 1263 1637 1261
3090 2 2 1 2 1262 1263 1261
3091 2 2 1 2 604 605 603
3092 2 2 1 2 1638 1639 1406
3093 2 2 1 2 1492 1604 1494
3094 2 2 1 2 1220 1405 1404
3095 2 2 1 2 2056 2372 1884
3096 2 2 1 2 777 778 776
3097 2 2 1 2 1345 1370 1343
3098 2 2 1 2 1494 1496 1495
3099 2 2 1 2 602 604 603
3100 2 2 1 2 734 737 735
3101 2 2 1 2 1122 1247 1221
3102 2 2 1 2 1636 2293 1265
3103 2 2 1 2 779 781 780
3104 2 2 1 2 1248 1260 1221
3105 2 2 1 2 606 2290 608
3106 2 2 1 2 718 734 719
3107 2 2 1 2 898 915 899
3108 2 2 1 2 737 747 739
3109 2 2 1 2 961 1072 953
3110 2 2 1 2 571 573 572
3111 2 2 1 2 975 976 974
3112 2 2 1 2 758 864 863
3113 2 2 1 2 592 695 594
3114 2 2 1 2 599 728 597
3115 2 2 1 2 1381 1382 1380
3116 2 2 1 2 602 603 601
3117 2 2 1 2 1096 2526 2458
3118 2 2 1 2 1248 1261 1260
3119 2 2 1 2 2387 2408 713
3120 2 2 1 2 2381 2383 1262
3121 2 2 1 2 959 964 963
3122 2 2 1 2 1878 1879 1876
3123 2 2 1 2 777 779 778
3124 2 2 1 2 964 1147 1146
3125 2 2 1 2 1801 2361 1489
3126 2 2 1 2 2427 2428 1276
3127 2 2 1 2 600 602 601
3128 2 2 1 2 2079 2424 2423
3129 2 2 1 2 573 575 574
3130 2 2 1 2 1775 2520 1774
3131 2 2 1 2 588 1095 590
3132 2 2 1 2 1494 1495 1493
3133 2 2 1 2 775 776 774
3134 2 2 1 2 915 1121 916
3135 2 2 1 2 1014 2315 1012
3136 2 2 1 2 1664 1665 1648
3137 2 2 1 2 1067 1185 1069
3138 2 2 1 2 973 975 974
3139 2 2 1 2 923 1078 760
3140 2 2 1 2 775 777 776
3141 2 2 1 2 922 1141 1140
3142 2 2 1 2 600 601 599
3143 2 2 1 2 1572 2302 1574
3144 2 2 1 2 1842 2252 1839
3145 2 2 1 2 1839 2252 1838
3146 2 2 1 2 773 774 772
3147 2 2 1 2 598 600 599
3148 2 2 1 2 1492 1494 1493
3149 2 2 1 2 2072 2416 2415
3150 2 2 1 2 1238 1395 1188
3151 2 2 1 2 1092 2320 2057
3152 2 2 1 2 771 772 770
3153 2 2 1 2 771 868 773
3154 2 2 1 2 2380 2382 870
3155 2 2 1 2 1822 2567 736
3156 2 2 1 2 1024 2329 1022
3157 2 2 1 2 1863 1865 1861
3158 2 2 1 2 1391 1487 1480
3159 2 2 1 2 1247 1248 1221
3160 2 2 1 2 1787 1794 523
3161 2 2 1 2 1351 1368 1349
3162 2 2 1 2 1122 1221 1220
3163 2 2 1 2 973 974 972
3164 2 2 1 2 1833 1834 1831
3165 2 2 1 2 2390 2393 934
3166 2 2 1 2 2069 2411 2391
3167 2 2 1 2 915 1122 1121
3168 2 2 1 2 598 599 597
3169 2 2 1 2 593 727 591
3170 2 2 1 2 773 775 774
3171 2 2 1 2 596 598 597
3172 2 2 1 2 1164 2296 972
3173 2 2 1 2 1355 1621 1353
3174 2 2 1 2 1122 1220 1121
3175 2 2 1 2 565 566 564
3176 2 2 1 2 1835 1838 1834
3177 2 2 1 2 1492 1493 1491
3178 2 2 1 2 1825 2357 1369
3179 2 2 1 2 940 941 939
3180 2 2 1 2 1084 2318 1086
3181 2 2 1 2 567 568 566
3182 2 2 1 2 946 1475 944
3183 2 2 1 2 1852 1857 527
3184 2 2 1 2 1093 2297 601
3185 2 2 1 2 1449 1460 1459
3186 2 2 1 2 771 773 772
3187 2 2 1 2 1359 1620 1357
3188 2 2 1 2 596 597 595
3189 2 2 1 2 583 1411 581
3190 2 2 1 2 1442 1444 1443
3191 2 2 1 2 1405 1638 1406
3192 2 2 1 2 2050 2370 2049
3193 2 2 1 2 1209 2324 1391
3194 2 2 1 2 1144 1217 1197
3195 2 2 1 2 1213 2314 1114
3196 2 2 1 2 769 770 768
3197 2 2 1 2 594 596 595
3198 2 2 1 2 1405 1643 1638
3199 2 2 1 2 971 973 972
3200 2 2 1 2 1242 1243 1205
3201 2 2 1 2 700 2532 2462
3202 2 2 1 2 769 771 770
3203 2 2 1 2 1209 1210 1208
3204 2 2 1 2 965 966 960
3205 2 2 1 2 1122 2321 1247
3206 2 2 1 2 955 2313 2044
3207 2 2 1 2 767 1077 769
3208 2 2 1 2 1165 2307 1008
3209 2 2 1 2 1375 1619 1361
3210 2 2 1 2 1251 1436 1244
3211 2 2 1 2 1141 1218 1142
3212 2 2 1 2 942 943 941
3213 2 2 1 2 781 2377 783
3214 2 2 1 2 584 716 586
3215 2 2 1 2 1460 1594 1461
3216 2 2 1 2 1453 1651 1451
3217 2 2 1 2 594 595 593
3218 2 2 1 2 2066 2406 2404
3219 2 2 1 2 1079 1080 1078
3220 2 2 1 2 599 2297 728
3221 2 2 1 2 601 2297 599
3222 2 2 1 2 2385 2389 877
3223 2 2 1 2 1490 1492 1491
3224 2 2 1 2 771 2351 868
3225 2 2 1 2 866 1208 709
3226 2 2 1 2 592 594 593
3227 2 2 1 2 964 1146 963
3228 2 2 1 2 1136 2344 1239
3229 2 2 1 2 1260 2301 1221
3230 2 2 1 2 1147 1228 1146
3231 2 2 1 2 971 972 970
3232 2 2 1 2 1411 2356 581
3233 2 2 1 2 587 733 585
3234 2 2 1 2 1083 2048 1115
3235 2 2 1 2 1390 1671 1210
3236 2 2 1 2 1121 2300 916
3237 2 2 1 2 767 768 766
3238 2 2 1 2 1603 2529 2528
3239 2 2 1 2 761 762 757
3240 2 2 1 2 592 593 591
3241 2 2 1 2 1692 2452 1691
3242 2 2 1 2 963 965 960
3243 2 2 1 2 590 592 591
3244 2 2 1 2 1233 1240 1193
3245 2 2 1 2 948 1885 946
3246 2 2 1 2 765 766 764
3247 2 2 1 2 1353 2303 1351
3248 2 2 1 2 969 971 970
3249 2 2 1 2 1404 2332 2300
3250 2 2 1 2 965 1126 967
3251 2 2 1 2 1228 1409 1146
3252 2 2 1 2 767 769 768
3253 2 2 1 2 1451 1452 1409
3254 2 2 1 2 916 2300 922
3255 2 2 1 2 520 2337 386
3256 2 2 1 2 1431 2338 2047
3257 2 2 1 2 959 963 960
3258 2 2 1 2 575 577 576
3259 2 2 1 2 952 2322 957
3260 2 2 1 2 1221 2301 1220
3261 2 2 1 2 969 970 968
3262 2 2 1 2 959 960 956
3263 2 2 1 2 956 1212 950
3264 2 2 1 2 1220 2301 1405
3265 2 2 1 2 579 694 580
3266 2 2 1 2 590 591 589
3267 2 2 1 2 1163 2315 1014
3268 2 2 1 2 1228 1451 1409
3269 2 2 1 2 1205 2299 1147
3270 2 2 1 2 955 959 956
3271 2 2 1 2 1380 2341 1377
3272 2 2 1 2 1490 1491 1489
3273 2 2 1 2 922 2300 1141
3274 2 2 1 2 1613 1614 1255
3275 2 2 1 2 588 590 589
3276 2 2 1 2 752 2311 750
3277 2 2 1 2 1208 1887 709
3278 2 2 1 2 569 570 568
3279 2 2 1 2 951 2292 954
3280 2 2 1 2 577 579 578
3281 2 2 1 2 967 968 966
3282 2 2 1 2 1405 2301 1643
3283 2 2 1 2 967 969 968
3284 2 2 1 2 765 767 766
3285 2 2 1 2 765 2319 767
3286 2 2 1 2 965 967 966
3287 2 2 1 2 763 764 762
3288 2 2 1 2 1351 2303 1368
3289 2 2 1 2 2063 2400 2374
3290 2 2 1 2 2039 2380 2040
3291 2 2 1 2 754 1089 752
3292 2 2 1 2 1626 1673 1372
3293 2 2 1 2 1605 2537 2534
3294 2 2 1 2 1147 2299 1228
3295 2 2 1 2 775 2368 777
3296 2 2 1 2 944 2313 943
3297 2 2 1 2 1357 2305 1355
3298 2 2 1 2 1070 1661 1462
3299 2 2 1 2 1595 1669 1461
3300 2 2 1 2 1621 2303 1353
3301 2 2 1 2 761 872 763
3302 2 2 1 2 1161 2329 1024
3303 2 2 1 2 1083 1115 1081
3304 2 2 1 2 1124 1132 1076
3305 2 2 1 2 1118 1237 1187
3306 2 2 1 2 579 580 578
3307 2 2 1 2 588 589 587
3308 2 2 1 2 763 765 764
3309 2 2 1 2 1598 2547 1597
3310 2 2 1 2 760 761 757
3311 2 2 1 2 1893 2446 1894
3312 2 2 1 2 749 751 750
3313 2 2 1 2 386 2337 385
3314 2 2 1 2 1423 2389 2053
3315 2 2 1 2 1460 1461 1459
3316 2 2 1 2 1209 1390 1210
3317 2 2 1 2 1475 2313 944
3318 2 2 1 2 1590 2434 2302
3319 2 2 1 2 586 588 587
3320 2 2 1 2 1488 1490 1489
3321 2 2 1 2 1142 2304 1144
3322 2 2 1 2 756 760 757
3323 2 2 1 2 1487 1488 1480
3324 2 2 1 2 1444 1446 1445
3325 2 2 1 2 1907 2719 2718
3326 2 2 1 2 1792 1793 1789
3327 2 2 1 2 1369 2357 1896
3328 2 2 1 2 1594 1595 1461
3329 2 2 1 2 756 757 754
3330 2 2 1 2 1119 1191 1120
3331 2 2 1 2 767 2319 1077
3332 2 2 1 2 864 884 883
3333 2 2 1 2 2260 2405 2392
3334 2 2 1 2 866 1209 1208
3335 2 2 1 2 753 756 754
3336 2 2 1 2 1591 2359 1495
3337 2 2 1 2 1396 1397 1258
3338 2 2 1 2 2573 2600 1565
3339 2 2 1 2 1218 2304 1142
3340 2 2 1 2 580 581 578
3341 2 2 1 2 955 956 950
3342 2 2 1 2 915 2321 1122
3343 2 2 1 2 1413 1434 1225
3344 2 2 1 2 1485 2363 1887
3345 2 2 1 2 751 753 752
3346 2 2 1 2 1355 2305 1621
3347 2 2 1 2 903 1119 905
3348 2 2 1 2 1081 2323 1080
3349 2 2 1 2 586 587 585
3350 2 2 1 2 1361 2310 1359
3351 2 2 1 2 761 763 762
3352 2 2 1 2 1209 1391 1390
3353 2 2 1 2 1232 1466 1366
3354 2 2 1 2 584 586 585
3355 2 2 1 2 1620 2305 1357
3356 2 2 1 2 1080 1750 1410
3357 2 2 1 2 2478 2487 1899
3358 2 2 1 2 1391 2324 1487
3359 2 2 1 2 1388 1931 1386
3360 2 2 1 2 1606 2542 2540
3361 2 2 1 2 943 955 950
3362 2 2 1 2 2076 2321 898
3363 2 2 1 2 2575 2603 1571
3364 2 2 1 2 1488 1489 1480
3365 2 2 1 2 759 2344 881
3366 2 2 1 2 1754 2564 1755
3367 2 2 1 2 753 754 752
3368 2 2 1 2 884 901 900
3369 2 2 1 2 1408 2374 2062
3370 2 2 1 2 575 576 574
3371 2 2 1 2 2046 2380 1421
3372 2 2 1 2 1415 2421 2074
3373 2 2 1 2 1243 2299 1205
3374 2 2 1 2 1451 2309 1452
3375 2 2 1 2 2559 2580 1551
3376 2 2 1 2 898 2321 915
3377 2 2 1 2 571 572 570
3378 2 2 1 2 960 2308 956
3379 2 2 1 2 1359 2310 1620
3380 2 2 1 2 573 574 572
3381 2 2 1 2 805 2371 932
3382 2 2 1 2 577 578 576
3383 2 2 1 2 1080 1410 1078
3384 2 2 1 2 1391 1479 1390
3385 2 2 1 2 584 585 583
3386 2 2 1 2 1651 2309 1451
3387 2 2 1 2 905 2369 901
3388 2 2 1 2 943 950 941
3389 2 2 1 2 1882 2358 1871
3390 2 2 1 2 1377 2341 1376
3391 2 2 1 2 963 2312 965
3392 2 2 1 2 742 1211 694
3393 2 2 1 2 1403 2341 1380
3394 2 2 1 2 966 2308 960
3395 2 2 1 2 1144 2304 1217
3396 2 2 1 2 707 866 709
3397 2 2 1 2 582 584 583
3398 2 2 1 2 1439 1664 1648
3399 2 2 1 2 1073 1074 1072
3400 2 2 1 2 2545 2566 1541
3401 2 2 1 2 965 2312 1126
3402 2 2 1 2 1110 1111 895
3403 2 2 1 2 1446 1448 1447
3404 2 2 1 2 1391 1480 1479
3405 2 2 1 2 2050 2381 2370
3406 2 2 1 2 956 2308 1212
3407 2 2 1 2 2371 2399 2062
3408 2 2 1 2 1089 2311 752
3409 2 2 1 2 1619 2310 1361
3410 2 2 1 2 184 495 183
3411 2 2 1 2 185 2317 184
3412 2 2 1 2 1146 2312 963
3413 2 2 1 2 186 546 185
3414 2 2 1 2 187 2316 186
3415 2 2 1 2 1437 1650 1436
3416 2 2 1 2 1617 1622 1240
3417 2 2 1 2 188 469 187
3418 2 2 1 2 292 468 291
3419 2 2 1 2 751 752 750
3420 2 2 1 2 902 1252 904
3421 2 2 1 2 943 2313 955
3422 2 2 1 2 580 582 581
3423 2 2 1 2 761 2339 872
3424 2 2 1 2 769 2351 771
3425 2 2 1 2 189 2326 188
3426 2 2 1 2 291 2327 290
3427 2 2 1 2 1409 2312 1146
3428 2 2 1 2 939 1430 937
3429 2 2 1 2 582 583 581
3430 2 2 1 2 1252 1474 1472
3431 2 2 1 2 293 2330 292
3432 2 2 1 2 1278 2428 1419
3433 2 2 1 2 2494 2531 1523
3434 2 2 1 2 953 2292 951
3435 2 2 1 2 290 548 289
3436 2 2 1 2 190 547 189
3437 2 2 1 2 1075 1076 1074
3438 2 2 1 2 749 750 745
3439 2 2 1 2 1382 1403 1380
3440 2 2 1 2 773 2362 775
3441 2 2 1 2 695 2367 594
3442 2 2 1 2 1136 1239 1198
3443 2 2 1 2 289 2328 288
3444 2 2 1 2 1120 2452 905
3445 2 2 1 2 294 549 293
3446 2 2 1 2 908 2439 2359
3447 2 2 1 2 1449 1459 1458
3448 2 2 1 2 287 2333 286
3449 2 2 1 2 1459 1674 1458
3450 2 2 1 2 1253 2373 1364
3451 2 2 1 2 1264 2383 1424
3452 2 2 1 2 1115 2323 1081
3453 2 2 1 2 1141 2332 1218
3454 2 2 1 2 192 496 191
3455 2 2 1 2 288 497 287
3456 2 2 1 2 1409 2365 2312
3457 2 2 1 2 2312 2365 1126
3458 2 2 1 2 1412 1657 1655
3459 2 2 1 2 760 2339 761
3460 2 2 1 2 1230 1231 1186
3461 2 2 1 2 576 1088 574
3462 2 2 1 2 765 2334 2319
3463 2 2 1 2 295 2331 294
3464 2 2 1 2 2300 2332 1141
3465 2 2 1 2 1078 2339 760
3466 2 2 1 2 1080 2323 1750
3467 2 2 1 2 762 2325 757
3468 2 2 1 2 779 2375 781
3469 2 2 1 2 1422 2393 2059
3470 2 2 1 2 1364 1652 1642
3471 2 2 1 2 819 2388 873
3472 2 2 1 2 297 2335 296
3473 2 2 1 2 1732 1733 1401
3474 2 2 1 2 562 1135 560
3475 2 2 1 2 2062 2396 2061
3476 2 2 1 2 691 2345 689
3477 2 2 1 2 1123 1170 1113
3478 2 2 1 2 296 498 295
3479 2 2 1 2 2041 2377 2375
3480 2 2 1 2 757 2325 754
3481 2 2 1 2 1223 1396 1258
3482 2 2 1 2 785 2382 787
3483 2 2 1 2 598 2387 713
3484 2 2 1 2 1077 2351 769
3485 2 2 1 2 734 738 737
3486 2 2 1 2 2050 2383 2381
3487 2 2 1 2 2053 2385 1420
3488 2 2 1 2 1650 1672 1436
3489 2 2 1 2 754 2325 1089
3490 2 2 1 2 763 2334 765
3491 2 2 1 2 860 2419 908
3492 2 2 1 2 572 736 570
3493 2 2 1 2 1589 2408 2387
3494 2 2 1 2 728 2376 597
3495 2 2 1 2 872 2334 763
3496 2 2 1 2 1216 1224 1132
3497 2 2 1 2 1375 2360 1619
3498 2 2 1 2 1248 2381 1262
3499 2 2 1 2 1856 2349 703
3500 2 2 1 2 1472 1473 904
3501 2 2 1 2 1449 1458 1448
3502 2 2 1 2 2321 2370 1247
3503 2 2 1 2 2394 2396 878
3504 2 2 1 2 1085 2048 1083
3505 2 2 1 2 831 2402 833
3506 2 2 1 2 1446 1449 1448
3507 2 2 1 2 801 2399 803
3508 2 2 1 2 1691 2452 1194
3509 2 2 1 2 1574 2408 1576
3510 2 2 1 2 2067 2406 2066
3511 2 2 1 2 1090 2419 885
3512 2 2 1 2 1495 2359 1493
3513 2 2 1 2 1590 2445 2434
3514 2 2 1 2 2287 2385 877
3515 2 2 1 2 2283 2390 934
3516 2 2 1 2 1410 2339 1078
3517 2 2 1 2 2275 2394 878
3518 2 2 1 2 2374 2400 932
3519 2 2 1 2 1252 1472 904
3520 2 2 1 2 841 2409 843
3521 2 2 1 2 591 2467 589
3522 2 2 1 2 930 2407 815
3523 2 2 1 2 2556 2583 1434
3524 2 2 1 2 1482 1931 1388
3525 2 2 1 2 954 1885 948
3526 2 2 1 2 566 882 564
3527 2 2 1 2 1613 1615 1614
3528 2 2 1 2 2062 2399 2396
3529 2 2 1 2 2391 2411 873
3530 2 2 1 2 2073 2416 2072
3531 2 2 1 2 868 2362 773
3532 2 2 1 2 298 2336 297
3533 2 2 1 2 2260 2392 880
3534 2 2 1 2 1212 2350 950
3535 2 2 1 2 2402 2417 2074
3536 2 2 1 2 1489 2361 1480
3537 2 2 1 2 879 2417 829
3538 2 2 1 2 1599 2490 2484
3539 2 2 1 2 1396 1467 1397
3540 2 2 1 2 2311 2354 750
3541 2 2 1 2 1789 2342 1787
3542 2 2 1 2 1396 1727 1467
3543 2 2 1 2 1601 2360 1375
3544 2 2 1 2 2081 2424 2079
3545 2 2 1 2 1787 2342 1794
3546 2 2 1 2 941 2350 939
3547 2 2 1 2 2409 2426 2082
3548 2 2 1 2 2078 2429 2077
3549 2 2 1 2 1399 1732 1401
3550 2 2 1 2 874 2426 839
3551 2 2 1 2 284 2346 283
3552 2 2 1 2 2042 2372 2056
3553 2 2 1 2 285 511 284
3554 2 2 1 2 195 512 194
3555 2 2 1 2 1274 2427 1276
3556 2 2 1 2 1899 2487 2376
3557 2 2 1 2 937 2345 691
3558 2 2 1 2 778 2601 2595
3559 2 2 1 2 2076 2370 2321
3560 2 2 1 2 703 2349 707
3561 2 2 1 2 743 2430 758
3562 2 2 1 2 181 510 180
3563 2 2 1 2 1566 2454 1568
3564 2 2 1 2 2392 2405 1424
3565 2 2 1 2 784 2602 2599
3566 2 2 1 2 2069 2391 1414
3567 2 2 1 2 558 1678 556
3568 2 2 1 2 1801 2439 2419
3569 2 2 1 2 1480 2361 1479
3570 2 2 1 2 1784 2431 1200
3571 2 2 1 2 2062 2374 2371
3572 2 2 1 2 196 2348 195
3573 2 2 1 2 803 2371 805
3574 2 2 1 2 1187 2340 1232
3575 2 2 1 2 2445 2450 696
3576 2 2 1 2 1887 2363 718
3577 2 2 1 2 1793 2342 1789
3578 2 2 1 2 1452 2365 1409
3579 2 2 1 2 2049 2370 2076
3580 2 2 1 2 866 2349 2324
3581 2 2 1 2 594 2367 596
3582 2 2 1 2 581 2356 578
3583 2 2 1 2 902 903 901
3584 2 2 1 2 902 904 903
3585 2 2 1 2 2581 2584 798
3586 2 2 1 2 2063 2374 1408
3587 2 2 1 2 1191 1233 1193
3588 2 2 1 2 1186 2352 1110
3589 2 2 1 2 2447 2489 1867
3590 2 2 1 2 713 2434 600
3591 2 2 1 2 950 2350 941
3592 2 2 1 2 2371 2374 932
3593 2 2 1 2 299 513 298
3594 2 2 1 2 2415 2416 879
3595 2 2 1 2 707 2349 866
3596 2 2 1 2 1366 2343 1439
3597 2 2 1 2 1592 2436 1501
3598 2 2 1 2 2423 2424 874
3599 2 2 1 2 2078 2428 2427
3600 2 2 1 2 2572 2646 1215
3601 2 2 1 2 2362 2368 775
3602 2 2 1 2 1237 2340 1187
3603 2 2 1 2 745 2354 742
3604 2 2 1 2 1430 2345 937
3605 2 2 1 2 2302 2434 713
3606 2 2 1 2 1414 2391 2068
3607 2 2 1 2 578 2356 576
3608 2 2 1 2 2404 2406 930
3609 2 2 1 2 1195 1253 1170
3610 2 2 1 2 742 2354 1211
3611 2 2 1 2 184 2317 495
3612 2 2 1 2 546 2317 185
3613 2 2 1 2 1425 2400 2063
3614 2 2 1 2 869 2375 779
3615 2 2 1 2 750 2354 745
3616 2 2 1 2 186 2316 546
3617 2 2 1 2 939 2350 1430
3618 2 2 1 2 469 2316 187
3619 2 2 1 2 2059 2390 1423
3620 2 2 1 2 1473 2379 904
3621 2 2 1 2 2547 2554 1597
3622 2 2 1 2 1072 2292 953
3623 2 2 1 2 911 2461 2436
3624 2 2 1 2 884 902 901
3625 2 2 1 2 1564 2459 1566
3626 2 2 1 2 1364 1613 1255
3627 2 2 1 2 580 2386 582
3628 2 2 1 2 1211 2386 694
3629 2 2 1 2 718 2363 734
3630 2 2 1 2 188 2326 469
3631 2 2 1 2 468 2327 291
3632 2 2 1 2 1546 2441 1548
3633 2 2 1 2 1232 2340 1466
3634 2 2 1 2 178 516 177
3635 2 2 1 2 2064 2401 1425
3636 2 2 1 2 292 2330 468
3637 2 2 1 2 1202 2435 938
3638 2 2 1 2 1119 1192 1191
3639 2 2 1 2 1449 2418 1460
3640 2 2 1 2 1421 2380 2039
3641 2 2 1 2 290 2327 548
3642 2 2 1 2 547 2326 189
3643 2 2 1 2 1466 2343 1366
3644 2 2 1 2 908 2443 858
3645 2 2 1 2 1110 2352 1111
3646 2 2 1 2 1425 2401 2400
3647 2 2 1 2 727 2478 1897
3648 2 2 1 2 1484 2364 1482
3649 2 2 1 2 1113 2048 1085
3650 2 2 1 2 302 517 301
3651 2 2 1 2 576 2356 1088
3652 2 2 1 2 2064 2403 2401
3653 2 2 1 2 2292 2476 1824
3654 2 2 1 2 1564 2463 2459
3655 2 2 1 2 1426 2403 2064
3656 2 2 1 2 597 2376 595
3657 2 2 1 2 549 2330 293
3658 2 2 1 2 1655 1656 1413
3659 2 2 1 2 2367 2387 596
3660 2 2 1 2 548 2328 289
3661 2 2 1 2 1364 1642 1613
3662 2 2 1 2 2375 2377 781
3663 2 2 1 2 1439 2343 1664
3664 2 2 1 2 1076 1094 1074
3665 2 2 1 2 880 2392 2050
3666 2 2 1 2 2066 2404 1426
3667 2 2 1 2 1231 2352 1186
3668 2 2 1 2 585 2398 583
3669 2 2 1 2 870 2382 785
3670 2 2 1 2 2370 2381 1247
3671 2 2 1 2 288 2328 497
3672 2 2 1 2 1591 2443 2359
3673 2 2 1 2 497 2333 287
3674 2 2 1 2 1426 2404 2403
3675 2 2 1 2 734 2363 738
3676 2 2 1 2 936 2384 2287
3677 2 2 1 2 1566 2459 2454
3678 2 2 1 2 1262 2383 1264
3679 2 2 1 2 294 2331 549
3680 2 2 1 2 1247 2381 1248
3681 2 2 1 2 1412 1413 1225
3682 2 2 1 2 283 2347 282
3683 2 2 1 2 2406 2407 930
3684 2 2 1 2 2465 2539 1508
3685 2 2 1 2 1203 2442 1900
3686 2 2 1 2 911 2448 852
3687 2 2 1 2 604 2445 696
3688 2 2 1 2 1562 2463 1564
3689 2 2 1 2 2320 2418 1444
3690 2 2 1 2 2505 2547 1598
3691 2 2 1 2 817 2388 819
3692 2 2 1 2 901 2369 900
3693 2 2 1 2 560 2355 558
3694 2 2 1 2 1756 2438 1465
3695 2 2 1 2 1536 2449 1538
3696 2 2 1 2 1568 2450 1570
3697 2 2 1 2 1397 2366 1399
3698 2 2 1 2 498 2331 295
3699 2 2 1 2 2470 2533 1496
3700 2 2 1 2 1253 1364 1255
3701 2 2 1 2 694 2386 580
3702 2 2 1 2 2388 2391 873
3703 2 2 1 2 296 2335 498
3704 2 2 1 2 1493 2439 1491
3705 2 2 1 2 877 2389 2283
3706 2 2 1 2 2383 2392 1424
3707 2 2 1 2 596 2387 598
3708 2 2 1 2 2471 2543 1502
3709 2 2 1 2 1224 1412 1225
3710 2 2 1 2 1427 2411 2069
3711 2 2 1 2 2378 2430 1593
3712 2 2 1 2 1412 1655 1413
3713 2 2 1 2 1467 2366 1397
3714 2 2 1 2 2060 2394 1422
3715 2 2 1 2 1420 2385 2384
3716 2 2 1 2 934 2393 2275
3717 2 2 1 2 2071 2412 1427
3718 2 2 1 2 2060 2396 2394
3719 2 2 1 2 1755 2546 747
3720 2 2 1 2 902 2378 1252
3721 2 2 1 2 1434 2397 1225
3722 2 2 1 2 1427 2412 2411
3723 2 2 1 2 1364 2373 1652
3724 2 2 1 2 2074 2421 2402
3725 2 2 1 2 2061 2396 2060
3726 2 2 1 2 2071 2414 2412
3727 2 2 1 2 1560 2468 1562
3728 2 2 1 2 1428 2414 2071
3729 2 2 1 2 1897 2478 1890
3730 2 2 1 2 1507 2453 1505
3731 2 2 1 2 1424 2405 2258
3732 2 2 1 2 2072 2415 1428
3733 2 2 1 2 817 2407 2388
3734 2 2 1 2 1428 2415 2414
3735 2 2 1 2 2388 2407 2068
3736 2 2 1 2 878 2399 801
3737 2 2 1 2 1591 2455 2443
3738 2 2 1 2 1444 2418 1446
3739 2 2 1 2 2359 2443 908
3740 2 2 1 2 1614 2432 1255
3741 2 2 1 2 2416 2417 879
3742 2 2 1 2 904 2379 903
3743 2 2 1 2 854 2455 911
3744 2 2 1 2 2405 2413 2258
3745 2 2 1 2 932 2400 2265
3746 2 2 1 2 1560 2474 2468
3747 2 2 1 2 297 2336 2335
3748 2 2 1 2 833 2402 926
3749 2 2 1 2 2265 2401 871
3750 2 2 1 2 1224 1225 1132
3751 2 2 1 2 2401 2403 871
3752 2 2 1 2 1253 1255 1170
3753 2 2 1 2 2075 2421 1415
3754 2 2 1 2 1926 2605 1925
3755 2 2 1 2 2258 2413 1429
3756 2 2 1 2 2400 2401 2265
3757 2 2 1 2 1233 1617 1240
3758 2 2 1 2 1778 2435 1748
3759 2 2 1 2 1419 2428 2410
3760 2 2 1 2 1200 2431 1223
3761 2 2 1 2 871 2403 2263
3762 2 2 1 2 2075 2422 2421
3763 2 2 1 2 1429 2420 2234
3764 2 2 1 2 1432 2422 2075
3765 2 2 1 2 583 2398 1411
3766 2 2 1 2 2263 2404 930
3767 2 2 1 2 1562 2468 2463
3768 2 2 1 2 2403 2404 2263
3769 2 2 1 2 1432 2423 2422
3770 2 2 1 2 2079 2423 1432
3771 2 2 1 2 2396 2399 878
3772 2 2 1 2 2420 2425 2234
3773 2 2 1 2 2068 2406 2067
3774 2 2 1 2 903 2379 1119
3775 2 2 1 2 2413 2420 1429
3776 2 2 1 2 2424 2426 874
3777 2 2 1 2 925 2405 2260
3778 2 2 1 2 2425 2429 1418
3779 2 2 1 2 2234 2425 1418
3780 2 2 1 2 1135 2355 560
3781 2 2 1 2 1482 2364 1931
3782 2 2 1 2 1618 1644 1617
3783 2 2 1 2 864 2378 884
3784 2 2 1 2 815 2407 817
3785 2 2 1 2 843 2409 875
3786 2 2 1 2 1576 2408 1589
3787 2 2 1 2 1399 2366 1732
3788 2 2 1 2 2409 2410 875
3789 2 2 1 2 1558 2474 1560
3790 2 2 1 2 2427 2429 2078
3791 2 2 1 2 1407 2569 2554
3792 2 2 1 2 925 2413 2405
3793 2 2 1 2 875 2410 2078
3794 2 2 1 2 743 2469 2430
3795 2 2 1 2 1276 2428 1278
3796 2 2 1 2 1233 1618 1617
3797 2 2 1 2 873 2411 2254
3798 2 2 1 2 885 2419 860
3799 2 2 1 2 2254 2412 928
3800 2 2 1 2 2411 2412 2254
3801 2 2 1 2 2412 2414 928
3802 2 2 1 2 1518 2458 1520
3803 2 2 1 2 2250 2413 925
3804 2 2 1 2 928 2414 2246
3805 2 2 1 2 1856 2440 2349
3806 2 2 1 2 282 519 281
3807 2 2 1 2 198 518 197
3808 2 2 1 2 1126 2451 967
3809 2 2 1 2 2414 2415 2246
3810 2 2 1 2 2246 2415 879
3811 2 2 1 2 2074 2416 2073
3812 2 2 1 2 1464 2395 1463
3813 2 2 1 2 1479 2444 1390
3814 2 2 1 2 829 2417 831
3815 2 2 1 2 2250 2420 2413
3816 2 2 1 2 1556 2480 1558
3817 2 2 1 2 2068 2391 2388
3818 2 2 1 2 2349 2440 2324
3819 2 2 1 2 876 2420 2250
3820 2 2 1 2 2455 2461 911
3821 2 2 1 2 2421 2422 926
3822 2 2 1 2 926 2422 2236
3823 2 2 1 2 2070 2444 1479
3824 2 2 1 2 876 2425 2420
3825 2 2 1 2 2422 2423 2236
3826 2 2 1 2 2236 2423 874
3827 2 2 1 2 1512 2462 1514
3828 2 2 1 2 2082 2424 2081
3829 2 2 1 2 2249 2425 876
3830 2 2 1 2 1499 2461 1497
3831 2 2 1 2 2249 2429 2425
3832 2 2 1 2 839 2426 841
3833 2 2 1 2 1556 2482 2480
3834 2 2 1 2 511 2346 284
3835 2 2 1 2 1418 2427 1274
3836 2 2 1 2 1608 2544 2538
3837 2 2 1 2 2050 2392 2383
3838 2 2 1 2 2077 2429 2249
3839 2 2 1 2 2286 2514 2489
3840 2 2 1 2 1558 2480 2474
3841 2 2 1 2 1465 2433 1455
3842 2 2 1 2 1423 2390 2389
3843 2 2 1 2 1119 2379 1192
3844 2 2 1 2 558 2355 1678
3845 2 2 1 2 1207 2440 1856
3846 2 2 1 2 1506 2465 1508
3847 2 2 1 2 195 2348 512
3848 2 2 1 2 2384 2385 2287
3849 2 2 1 2 1554 2482 1556
3850 2 2 1 2 884 2378 902
3851 2 2 1 2 513 2336 298
3852 2 2 1 2 758 2430 864
3853 2 2 1 2 728 2486 2376
3854 2 2 1 2 1396 2431 1727
3855 2 2 1 2 1460 2457 1594
3856 2 2 1 2 589 2456 587
3857 2 2 1 2 1899 2486 1877
3858 2 2 1 2 1898 2478 1899
3859 2 2 1 2 1552 2485 1554
3860 2 2 1 2 971 2466 1150
3861 2 2 1 2 848 2473 912
3862 2 2 1 2 2457 2475 1594
3863 2 2 1 2 1184 2695 2123
3864 2 2 1 2 1500 2471 1502
3865 2 2 1 2 680 2524 2517
3866 2 2 1 2 747 2469 739
3867 2 2 1 2 2123 2697 1184
3868 2 2 1 2 1103 2581 800
3869 2 2 1 2 2389 2390 2283
3870 2 2 1 2 1446 2418 1449
3871 2 2 1 2 1914 2498 1911
3872 2 2 1 2 1552 2488 2485
3873 2 2 1 2 1554 2485 2482
3874 2 2 1 2 1478 2496 1477
3875 2 2 1 2 1494 2470 1496
3876 2 2 1 2 600 2434 602
3877 2 2 1 2 1894 2467 1897
3878 2 2 1 2 1116 2437 1075
3879 2 2 1 2 1501 2436 1499
3880 2 2 1 2 1550 2488 1552
3881 2 2 1 2 1132 2397 1076
3882 2 2 1 2 1895 2446 1893
3883 2 2 1 2 2393 2394 2275
3884 2 2 1 2 1826 2558 1088
3885 2 2 1 2 2068 2407 2406
3886 2 2 1 2 1223 2431 1396
3887 2 2 1 2 1422 2394 2393
3888 2 2 1 2 1568 2454 2450
3889 2 2 1 2 1590 2450 2445
3890 2 2 1 2 1505 2481 1503
3891 2 2 1 2 1548 2491 1550
3892 2 2 1 2 1900 2442 1767
3893 2 2 1 2 2346 2347 283
3894 2 2 1 2 2762 2767 1370
3895 2 2 1 2 1550 2491 2488
3896 2 2 1 2 912 2484 846
3897 2 2 1 2 1076 2397 1094
3898 2 2 1 2 732 2483 607
3899 2 2 1 2 888 2477 1827
3900 2 2 1 2 1939 2551 2483
3901 2 2 1 2 728 2509 2486
3902 2 2 1 2 1596 2441 1546
3903 2 2 1 2 1728 2479 1485
3904 2 2 1 2 2434 2445 602
3905 2 2 1 2 1185 2475 1069
3906 2 2 1 2 1225 2397 1132
3907 2 2 1 2 844 2490 842
3908 2 2 1 2 2436 2448 911
3909 2 2 1 2 1491 2439 1801
3910 2 2 1 2 1592 2448 2436
3911 2 2 1 2 2074 2417 2416
3912 2 2 1 2 1820 2442 1203
3913 2 2 1 2 2297 2509 728
3914 2 2 1 2 864 2430 2378
3915 2 2 1 2 1093 2535 2527
3916 2 2 1 2 1515 2512 2506
3917 2 2 1 2 2506 2512 1100
3918 2 2 1 2 1525 2494 1523
3919 2 2 1 2 858 2443 856
3920 2 2 1 2 727 2487 2478
3921 2 2 1 2 1596 2500 2495
3922 2 2 1 2 674 2541 2536
3923 2 2 1 2 1102 2495 626
3924 2 2 1 2 2082 2426 2424
3925 2 2 1 2 2402 2421 926
3926 2 2 1 2 630 2500 697
3927 2 2 1 2 2376 2486 1899
3928 2 2 1 2 1113 2432 2048
3929 2 2 1 2 1418 2429 2427
3930 2 2 1 2 1207 2460 2440
3931 2 2 1 2 895 2477 888
3932 2 2 1 2 1542 2501 1544
3933 2 2 1 2 595 2487 593
3934 2 2 1 2 2500 2501 697
3935 2 2 1 2 602 2445 604
3936 2 2 1 2 1540 2503 1542
3937 2 2 1 2 1170 2432 1113
3938 2 2 1 2 1390 2444 1671
3939 2 2 1 2 2471 2541 702
3940 2 2 1 2 1430 2447 2052
3941 2 2 1 2 909 2602 786
3942 2 2 1 2 2410 2428 2078
3943 2 2 1 2 1538 2504 1540
3944 2 2 1 2 1540 2504 2503
3945 2 2 1 2 1609 2570 2568
3946 2 2 1 2 1542 2503 2501
3947 2 2 1 2 2470 2524 714
3948 2 2 1 2 2210 2699 1138
3949 2 2 1 2 1099 2507 636
3950 2 2 1 2 852 2448 850
3951 2 2 1 2 1532 2513 2511
3952 2 2 1 2 1906 2498 2051
3953 2 2 1 2 2418 2457 1460
3954 2 2 1 2 2324 2440 1487
3955 2 2 1 2 1230 2472 1231
3956 2 2 1 2 1602 2449 1536
3957 2 2 1 2 640 2510 698
3958 2 2 1 2 1532 2511 1534
3959 2 2 1 2 2473 2481 912
3960 2 2 1 2 2443 2455 856
3961 2 2 1 2 1570 2450 1590
3962 2 2 1 2 1822 2560 1441
3963 2 2 1 2 1255 2432 1170
3964 2 2 1 2 967 2451 969
3965 2 2 1 2 1194 2452 1120
3966 2 2 1 2 1844 2460 1207
3967 2 2 1 2 917 2601 780
3968 2 2 1 2 2297 2527 2509
3969 2 2 1 2 1492 2508 1604
3970 2 2 1 2 1602 2510 2507
3971 2 2 1 2 2440 2460 1487
3972 2 2 1 2 2430 2469 1593
3973 2 2 1 2 1939 2519 1938
3974 2 2 1 2 680 2517 682
3975 2 2 1 2 2341 2464 1803
3976 2 2 1 2 2510 2511 698
3977 2 2 1 2 1599 2453 1507
3978 2 2 1 2 2286 2489 2308
3979 2 2 1 2 1530 2513 1532
3980 2 2 1 2 282 2347 519
3981 2 2 1 2 1093 2527 2297
3982 2 2 1 2 1592 2473 2448
3983 2 2 1 2 1530 2515 2513
3984 2 2 1 2 1212 2447 2350
3985 2 2 1 2 1528 2515 1530
3986 2 2 1 2 1096 2528 654
3987 2 2 1 2 975 2523 1152
3988 2 2 1 2 1097 2531 2494
3989 2 2 1 2 1528 2518 2515
3990 2 2 1 2 656 2529 658
3991 2 2 1 2 1150 2523 973
3992 2 2 1 2 1526 2518 1528
3993 2 2 1 2 696 2454 2290
3994 2 2 1 2 700 2534 660
3995 2 2 1 2 856 2455 854
3996 2 2 1 2 1440 2560 1826
3997 2 2 1 2 738 2492 737
3998 2 2 1 2 1526 2521 2518
3999 2 2 1 2 662 2537 664
4000 2 2 1 2 1524 2521 1526
4001 2 2 1 2 1097 2538 828
4002 2 2 1 2 2320 2457 2418
4003 2 2 1 2 715 2539 2465
4004 2 2 1 2 674 2536 676
4005 2 2 1 2 1498 2533 1607
4006 2 2 1 2 1510 2539 1605
4007 2 2 1 2 715 2540 666
4008 2 2 1 2 1524 2522 2521
4009 2 2 1 2 668 2542 670
4010 2 2 1 2 1748 2464 1403
4011 2 2 1 2 1522 2522 1524
4012 2 2 1 2 2350 2447 1430
4013 2 2 1 2 714 2533 2470
4014 2 2 1 2 1403 2464 2341
4015 2 2 1 2 1504 2543 1606
4016 2 2 1 2 587 2456 733
4017 2 2 1 2 826 2544 824
4018 2 2 1 2 1522 2526 2522
4019 2 2 1 2 1591 2461 2455
4020 2 2 1 2 1520 2526 1522
4021 2 2 1 2 1543 2545 1541
4022 2 2 1 2 702 2543 2471
4023 2 2 1 2 2448 2473 850
4024 2 2 1 2 2451 2466 969
4025 2 2 1 2 2454 2459 2290
4026 2 2 1 2 1603 2458 1518
4027 2 2 1 2 1527 2549 1608
4028 2 2 1 2 1094 2476 1074
4029 2 2 1 2 2290 2459 1106
4030 2 2 1 2 1511 2497 1509
4031 2 2 1 2 1497 2461 1591
4032 2 2 1 2 2459 2463 1106
4033 2 2 1 2 1092 2475 2457
4034 2 2 1 2 1514 2532 1516
4035 2 2 1 2 1072 2476 2292
4036 2 2 1 2 706 2499 1844
4037 2 2 1 2 1511 2502 2497
4038 2 2 1 2 1212 2489 2447
4039 2 2 1 2 1921 2552 1916
4040 2 2 1 2 1936 2535 1939
4041 2 2 1 2 1596 2495 2441
4042 2 2 1 2 1251 2556 1437
4043 2 2 1 2 1605 2462 1512
4044 2 2 1 2 2489 2514 1867
4045 2 2 1 2 2450 2454 696
4046 2 2 1 2 2456 2467 1894
4047 2 2 1 2 2441 2495 1102
4048 2 2 1 2 1106 2463 2285
4049 2 2 1 2 1487 2460 1488
4050 2 2 1 2 1513 2502 1511
4051 2 2 1 2 605 2551 603
4052 2 2 1 2 1605 2539 2537
4053 2 2 1 2 2453 2484 912
4054 2 2 1 2 1092 2457 2320
4055 2 2 1 2 1606 2465 1506
4056 2 2 1 2 1513 2506 2502
4057 2 2 1 2 1553 2559 1551
4058 2 2 1 2 1913 2552 1914
4059 2 2 1 2 969 2466 971
4060 2 2 1 2 739 2469 743
4061 2 2 1 2 2463 2468 2285
4062 2 2 1 2 1515 2506 1513
4063 2 2 1 2 1606 2543 2542
4064 2 2 1 2 2285 2468 699
4065 2 2 1 2 1101 2566 2545
4066 2 2 1 2 1607 2471 1500
4067 2 2 1 2 2468 2474 699
4068 2 2 1 2 1604 2470 1494
4069 2 2 1 2 1367 2472 1230
4070 2 2 1 2 1138 2701 2210
4071 2 2 1 2 672 2541 674
4072 2 2 1 2 678 2524 680
4073 2 2 1 2 850 2473 848
4074 2 2 1 2 1509 2497 1599
4075 2 2 1 2 589 2467 2456
4076 2 2 1 2 706 2508 2499
4077 2 2 1 2 2533 2536 1607
4078 2 2 1 2 1101 2568 810
4079 2 2 1 2 699 2474 2279
4080 2 2 1 2 2449 2507 1099
4081 2 2 1 2 511 2776 1780
4082 2 2 1 2 1100 2512 2083
4083 2 2 1 2 808 2570 806
4084 2 2 1 2 1069 2475 1092
4085 2 2 1 2 1407 2554 2325
4086 2 2 1 2 1602 2507 2449
4087 2 2 1 2 2512 2516 2083
4088 2 2 1 2 2474 2480 2279
4089 2 2 1 2 979 2571 1128
4090 2 2 1 2 1152 2571 977
4091 2 2 1 2 1567 2573 1565
4092 2 2 1 2 1890 2478 1898
4093 2 2 1 2 1545 2574 1609
4094 2 2 1 2 2279 2480 1107
4095 2 2 1 2 2508 2517 1604
4096 2 2 1 2 1115 2585 1730
4097 2 2 1 2 1503 2481 1592
4098 2 2 1 2 2480 2482 1107
4099 2 2 1 2 1485 2479 2363
4100 2 2 1 2 1844 2499 2460
4101 2 2 1 2 2083 2516 889
4102 2 2 1 2 1103 2580 2559
4103 2 2 1 2 1573 2575 1571
4104 2 2 1 2 1111 2477 895
4105 2 2 1 2 1107 2482 2273
4106 2 2 1 2 1088 2558 574
4107 2 2 1 2 2516 2525 889
4108 2 2 1 2 607 2483 605
4109 2 2 1 2 1074 2476 1072
4110 2 2 1 2 1447 2591 1445
4111 2 2 1 2 1211 2505 2353
4112 2 2 1 2 572 2558 736
4113 2 2 1 2 2460 2499 1488
4114 2 2 1 2 1968 2633 2624
4115 2 2 1 2 889 2525 2228
4116 2 2 1 2 846 2484 844
4117 2 2 1 2 2482 2485 2273
4118 2 2 1 2 798 2584 796
4119 2 2 1 2 2273 2485 701
4120 2 2 1 2 2354 2505 1211
4121 2 2 1 2 2485 2488 701
4122 2 2 1 2 1877 2486 1878
4123 2 2 1 2 2535 2551 1939
4124 2 2 1 2 2554 2569 1597
4125 2 2 1 2 2525 2531 2228
4126 2 2 1 2 872 2562 1929
4127 2 2 1 2 1555 2587 1610
4128 2 2 1 2 1599 2484 2453
4129 2 2 1 2 2363 2479 738
4130 2 2 1 2 701 2488 2269
4131 2 2 1 2 2357 2555 1411
4132 2 2 1 2 593 2487 727
4133 2 2 1 2 931 2630 2628
4134 2 2 1 2 1918 2593 1921
4135 2 2 1 2 2228 2531 1097
4136 2 2 1 2 2458 2528 1096
4137 2 2 1 2 1924 2593 1920
4138 2 2 1 2 842 2490 913
4139 2 2 1 2 909 2600 2573
4140 2 2 1 2 2488 2491 2269
4141 2 2 1 2 1592 2481 2473
4142 2 2 1 2 2269 2491 1102
4143 2 2 1 2 1824 2496 1478
4144 2 2 1 2 1411 2555 2356
4145 2 2 1 2 736 2567 570
4146 2 2 1 2 1575 2598 1612
4147 2 2 1 2 917 2603 2575
4148 2 2 1 2 2308 2489 1212
4149 2 2 1 2 1608 2494 1525
4150 2 2 1 2 2517 2524 1604
4151 2 2 1 2 2339 2562 872
4152 2 2 1 2 2462 2534 700
4153 2 2 1 2 778 2595 776
4154 2 2 1 2 737 2492 747
4155 2 2 1 2 784 2599 782
4156 2 2 1 2 1569 2603 1611
4157 2 2 1 2 626 2495 628
4158 2 2 1 2 2431 2520 1727
4159 2 2 1 2 1593 2546 1474
4160 2 2 1 2 1911 2498 1906
4161 2 2 1 2 2495 2500 628
4162 2 2 1 2 1347 2604 1345
4163 2 2 1 2 628 2500 630
4164 2 2 1 2 2497 2502 913
4165 2 2 1 2 2486 2509 1878
4166 2 2 1 2 1596 2501 2500
4167 2 2 1 2 2465 2540 715
4168 2 2 1 2 2483 2519 1939
4169 2 2 1 2 1544 2501 1596
4170 2 2 1 2 1603 2528 2458
4171 2 2 1 2 1488 2499 1490
4172 2 2 1 2 2766 2773 1373
4173 2 2 1 2 913 2502 2080
4174 2 2 1 2 1608 2549 2544
4175 2 2 1 2 989 2607 1129
4176 2 2 1 2 1167 2607 987
4177 2 2 1 2 697 2503 2261
4178 2 2 1 2 732 2519 2483
4179 2 2 1 2 566 2576 882
4180 2 2 1 2 2604 2762 1370
4181 2 2 1 2 2501 2503 697
4182 2 2 1 2 2502 2506 2080
4183 2 2 1 2 2503 2504 2261
4184 2 2 1 2 1155 2514 2286
4185 2 2 1 2 488 2677 1669
4186 2 2 1 2 2261 2504 1099
4187 2 2 1 2 1128 2609 981
4188 2 2 1 2 2499 2508 1490
4189 2 2 1 2 1784 2520 2431
4190 2 2 1 2 2080 2506 1100
4191 2 2 1 2 1605 2534 2462
4192 2 2 1 2 636 2507 638
4193 2 2 1 2 2549 2550 907
4194 2 2 1 2 1155 2530 2514
4195 2 2 1 2 2048 2585 1115
4196 2 2 1 2 2507 2510 638
4197 2 2 1 2 2496 2583 1477
4198 2 2 1 2 2182 2612 2186
4199 2 2 1 2 2180 2612 2179
4200 2 2 1 2 638 2510 640
4201 2 2 1 2 2511 2513 698
4202 2 2 1 2 1490 2508 1492
4203 2 2 1 2 907 2550 2232
4204 2 2 1 2 1878 2509 1880
4205 2 2 1 2 1534 2511 1602
4206 2 2 1 2 1517 2512 1515
4207 2 2 1 2 1610 2584 2581
4208 2 2 1 2 2494 2538 1097
4209 2 2 1 2 2527 2535 1935
4210 2 2 1 2 2550 2553 2232
4211 2 2 1 2 1413 2608 1434
4212 2 2 1 2 698 2513 2251
4213 2 2 1 2 2536 2541 1607
4214 2 2 1 2 1867 2514 1864
4215 2 2 1 2 1606 2540 2465
4216 2 2 1 2 1602 2511 2510
4217 2 2 1 2 1517 2516 2512
4218 2 2 1 2 2513 2515 2251
4219 2 2 1 2 2311 2505 2354
4220 2 2 1 2 2595 2601 1612
4221 2 2 1 2 2232 2553 1105
4222 2 2 1 2 2251 2515 1104
4223 2 2 1 2 2296 2530 1155
4224 2 2 1 2 2515 2518 1104
4225 2 2 1 2 1214 2564 1754
4226 2 2 1 2 1774 2520 1784
4227 2 2 1 2 1519 2516 1517
4228 2 2 1 2 1341 2613 1339
4229 2 2 1 2 1104 2518 2248
4230 2 2 1 2 1516 2532 1603
4231 2 2 1 2 2553 2557 1105
4232 2 2 1 2 1979 2647 2636
4233 2 2 1 2 1129 2615 991
4234 2 2 1 2 2599 2602 1611
4235 2 2 1 2 1938 2519 1941
4236 2 2 1 2 2518 2521 2248
4237 2 2 1 2 985 2616 1167
4238 2 2 1 2 2248 2521 705
4239 2 2 1 2 747 2546 2469
4240 2 2 1 2 682 2517 706
4241 2 2 1 2 1519 2525 2516
4242 2 2 1 2 2514 2530 1864
4243 2 2 1 2 2521 2522 705
4244 2 2 1 2 1105 2557 2233
4245 2 2 1 2 705 2522 2242
4246 2 2 1 2 973 2523 975
4247 2 2 1 2 1521 2525 1519
4248 2 2 1 2 2522 2526 2242
4249 2 2 1 2 1880 2527 1935
4250 2 2 1 2 2242 2526 1096
4251 2 2 1 2 2557 2561 2233
4252 2 2 1 2 2289 2578 732
4253 2 2 1 2 2509 2527 1880
4254 2 2 1 2 654 2528 656
4255 2 2 1 2 1521 2531 2525
4256 2 2 1 2 2233 2561 890
4257 2 2 1 2 562 2610 1135
4258 2 2 1 2 929 2643 2641
4259 2 2 1 2 995 2618 1130
4260 2 2 1 2 658 2529 700
4261 2 2 1 2 1935 2535 1936
4262 2 2 1 2 2296 2548 2530
4263 2 2 1 2 1864 2530 1863
4264 2 2 1 2 1523 2531 1521
4265 2 2 1 2 2311 2547 2505
4266 2 2 1 2 2561 2563 890
4267 2 2 1 2 660 2534 662
4268 2 2 1 2 882 2610 564
4269 2 2 1 2 676 2536 714
4270 2 2 1 2 1496 2533 1498
4271 2 2 1 2 890 2563 2235
4272 2 2 1 2 2289 2589 2578
4273 2 2 1 2 664 2537 715
4274 2 2 1 2 1599 2497 2490
4275 2 2 1 2 1164 2548 2296
4276 2 2 1 2 828 2538 826
4277 2 2 1 2 1508 2539 1510
4278 2 2 1 2 2563 2566 2235
4279 2 2 1 2 666 2540 668
4280 2 2 1 2 2187 2619 2183
4281 2 2 1 2 2191 2619 2188
4282 2 2 1 2 670 2542 702
4283 2 2 1 2 1335 2621 1333
4284 2 2 1 2 2235 2566 1101
4285 2 2 1 2 1502 2543 1504
4286 2 2 1 2 1654 2744 1768
4287 2 2 1 2 1986 2655 2644
4288 2 2 1 2 824 2544 907
4289 2 2 1 2 732 2578 2519
4290 2 2 1 2 2530 2548 1863
4291 2 2 1 2 1609 2545 1543
4292 2 2 1 2 1627 2778 2282
4293 2 2 1 2 1130 2622 997
4294 2 2 1 2 1529 2549 1527
4295 2 2 1 2 2778 2779 2282
4296 2 2 1 2 1863 2548 1865
4297 2 2 1 2 2537 2539 715
4298 2 2 1 2 935 2589 2289
4299 2 2 1 2 1529 2550 2549
4300 2 2 1 2 706 2517 2508
4301 2 2 1 2 724 2652 2650
4302 2 2 1 2 1609 2574 2570
4303 2 2 1 2 633 2624 631
4304 2 2 1 2 2186 2605 2185
4305 2 2 1 2 2559 2581 1103
4306 2 2 1 2 1531 2550 1529
4307 2 2 1 2 1089 2547 2311
4308 2 2 1 2 1001 2625 1176
4309 2 2 1 2 714 2536 2533
4310 2 2 1 2 603 2551 1093
4311 2 2 1 2 1531 2553 2550
4312 2 2 1 2 2542 2543 702
4313 2 2 1 2 1916 2552 1913
4314 2 2 1 2 2574 2577 891
4315 2 2 1 2 1533 2553 1531
4316 2 2 1 2 935 2606 2589
4317 2 2 1 2 2519 2578 1941
4318 2 2 1 2 891 2577 2239
4319 2 2 1 2 1093 2551 2535
4320 2 2 1 2 2490 2497 913
4321 2 2 1 2 1533 2557 2553
4322 2 2 1 2 1477 2556 1251
4323 2 2 1 2 1089 2554 2547
4324 2 2 1 2 2545 2568 1101
4325 2 2 1 2 2577 2580 2239
4326 2 2 1 2 2200 2627 2197
4327 2 2 1 2 2193 2627 2192
4328 2 2 1 2 1535 2557 1533
4329 2 2 1 2 525 2676 1674
4330 2 2 1 2 2239 2580 1103
4331 2 2 1 2 2282 2779 1628
4332 2 2 1 2 1441 2560 1440
4333 2 2 1 2 1535 2561 2557
4334 2 2 1 2 2325 2554 1089
4335 2 2 1 2 1610 2559 1553
4336 2 2 1 2 1608 2538 2494
4337 2 2 1 2 574 2558 572
4338 2 2 1 2 1537 2561 1535
4339 2 2 1 2 2779 2780 1628
4340 2 2 1 2 2770 2778 1627
4341 2 2 1 2 1840 2704 1145
4342 2 2 1 2 2356 2555 1088
4343 2 2 1 2 2277 2569 1407
4344 2 2 1 2 2281 2606 935
4345 2 2 1 2 1537 2563 2561
4346 2 2 1 2 1176 2629 1003
4347 2 2 1 2 1005 2629 1177
4348 2 2 1 2 1961 2630 1963
4349 2 2 1 2 1539 2563 1537
4350 2 2 1 2 800 2581 798
4351 2 2 1 2 1610 2587 2584
4352 2 2 1 2 2469 2546 1593
4353 2 2 1 2 1539 2566 2563
4354 2 2 1 2 1604 2524 2470
4355 2 2 1 2 2397 2583 1094
4356 2 2 1 2 2199 2631 2200
4357 2 2 1 2 1541 2566 1539
4358 2 2 1 2 2149 2631 2148
4359 2 2 1 2 1145 2703 1840
4360 2 2 1 2 2573 2602 909
4361 2 2 1 2 2281 2611 2606
4362 2 2 1 2 1865 2689 2019
4363 2 2 1 2 1410 2562 2339
4364 2 2 1 2 2587 2590 910
4365 2 2 1 2 2277 2579 2569
4366 2 2 1 2 1750 2565 1410
4367 2 2 1 2 2001 2680 2663
4368 2 2 1 2 1614 2585 2432
4369 2 2 1 2 1410 2565 2562
4370 2 2 1 2 1628 2780 2274
4371 2 2 1 2 910 2590 2255
4372 2 2 1 2 810 2568 808
4373 2 2 1 2 1597 2569 1587
4374 2 2 1 2 2590 2594 2255
4375 2 2 1 2 2575 2601 917
4376 2 2 1 2 570 2567 568
4377 2 2 1 2 2255 2594 1108
4378 2 2 1 2 2780 2781 2274
4379 2 2 1 2 906 2579 2277
4380 2 2 1 2 806 2570 891
4381 2 2 1 2 1177 2634 1007
4382 2 2 1 2 1009 2634 1131
4383 2 2 1 2 2594 2597 1108
4384 2 2 1 2 2272 2582 906
4385 2 2 1 2 906 2582 2579
4386 2 2 1 2 1607 2541 2471
4387 2 2 1 2 977 2571 979
4388 2 2 1 2 2556 2608 1437
4389 2 2 1 2 1108 2597 2256
4390 2 2 1 2 1968 2635 1965
4391 2 2 1 2 2597 2600 2256
4392 2 2 1 2 2256 2600 909
4393 2 2 1 2 1611 2573 1567
4394 2 2 1 2 2569 2579 1587
4395 2 2 1 2 1547 2574 1545
4396 2 2 1 2 731 2611 2281
4397 2 2 1 2 643 2636 641
4398 2 2 1 2 723 2672 2671
4399 2 2 1 2 2139 2637 2149
4400 2 2 1 2 2137 2637 2135
4401 2 2 1 2 2272 2588 2582
4402 2 2 1 2 1547 2577 2574
4403 2 2 1 2 2544 2549 907
4404 2 2 1 2 1611 2603 2599
4405 2 2 1 2 1612 2575 1573
4406 2 2 1 2 1472 2572 1473
4407 2 2 1 2 2008 2691 2673
4408 2 2 1 2 2276 2592 1098
4409 2 2 1 2 1098 2588 2272
4410 2 2 1 2 1614 2632 2585
4411 2 2 1 2 1587 2579 1585
4412 2 2 1 2 1549 2577 1547
4413 2 2 1 2 2613 2766 1373
4414 2 2 1 2 568 2576 566
4415 2 2 1 2 1098 2592 2588
4416 2 2 1 2 1941 2578 1943
4417 2 2 1 2 786 2602 784
4418 2 2 1 2 1612 2598 2595
4419 2 2 1 2 2567 2576 568
4420 2 2 1 2 1549 2580 2577
4421 2 2 1 2 1674 2675 525
4422 2 2 1 2 2276 2596 2592
4423 2 2 1 2 2274 2781 1629
4424 2 2 1 2 914 2596 2276
4425 2 2 1 2 914 2598 2596
4426 2 2 1 2 1551 2580 1549
4427 2 2 1 2 731 2614 2611
4428 2 2 1 2 780 2601 778
4429 2 2 1 2 2579 2582 1585
4430 2 2 1 2 1185 2705 1881
4431 2 2 1 2 1131 2639 1011
4432 2 2 1 2 1603 2532 2529
4433 2 2 1 2 1434 2608 2556
4434 2 2 1 2 2781 2783 1629
4435 2 2 1 2 1309 2640 1307
4436 2 2 1 2 1585 2582 1583
4437 2 2 1 2 2578 2589 1943
4438 2 2 1 2 2676 2682 1674
4439 2 2 1 2 796 2584 910
4440 2 2 1 2 2185 2605 1926
4441 2 2 1 2 1015 2642 1178
4442 2 2 1 2 722 2684 2683
4443 2 2 1 2 2582 2588 1583
4444 2 2 1 2 1972 2643 1974
4445 2 2 1 2 2278 2614 731
4446 2 2 1 2 2529 2532 700
4447 2 2 1 2 1557 2587 1555
4448 2 2 1 2 1583 2588 1581
4449 2 2 1 2 2019 2692 1865
4450 2 2 1 2 2017 2708 2688
4451 2 2 1 2 1557 2590 2587
4452 2 2 1 2 1094 2583 2496
4453 2 2 1 2 1943 2589 1945
4454 2 2 1 2 1445 2591 1486
4455 2 2 1 2 649 2644 647
4456 2 2 1 2 1559 2590 1557
4457 2 2 1 2 469 2726 2316
4458 2 2 1 2 2588 2592 1581
4459 2 2 1 2 1629 2783 2270
4460 2 2 1 2 2145 2645 2141
4461 2 2 1 2 2136 2645 2142
4462 2 2 1 2 1581 2592 1579
4463 2 2 1 2 1434 2583 2397
4464 2 2 1 2 1559 2594 2590
4465 2 2 1 2 1920 2593 1918
4466 2 2 1 2 1561 2594 1559
4467 2 2 1 2 2278 2617 2614
4468 2 2 1 2 2783 2784 2270
4469 2 2 1 2 2592 2596 1579
4470 2 2 1 2 2019 2709 2692
4471 2 2 1 2 1561 2597 2594
4472 2 2 1 2 1579 2596 1577
4473 2 2 1 2 1563 2597 1561
4474 2 2 1 2 776 2595 914
4475 2 2 1 2 1563 2600 2597
4476 2 2 1 2 2596 2598 1577
4477 2 2 1 2 1577 2598 1575
4478 2 2 1 2 1565 2600 1563
4479 2 2 1 2 782 2599 917
4480 2 2 1 2 1178 2648 1017
4481 2 2 1 2 1019 2648 1133
4482 2 2 1 2 2589 2606 1945
4483 2 2 1 2 1299 2649 1297
4484 2 2 1 2 1571 2603 1569
4485 2 2 1 2 1345 2604 1370
4486 2 2 1 2 2144 2651 2145
4487 2 2 1 2 1810 2665 1809
4488 2 2 1 2 1979 2650 1976
4489 2 2 1 2 2101 2651 2102
4490 2 2 1 2 2698 2700 721
4491 2 2 1 2 933 2617 2278
4492 2 2 1 2 2270 2784 1630
4493 2 2 1 2 1978 2652 1981
4494 2 2 1 2 1609 2568 2545
4495 2 2 1 2 1945 2606 1947
4496 2 2 1 2 1474 2646 1472
4497 2 2 1 2 2784 2785 1630
4498 2 2 1 2 1133 2653 1021
4499 2 2 1 2 2432 2585 2048
4500 2 2 1 2 933 2620 2617
4501 2 2 1 2 987 2607 989
4502 2 2 1 2 2606 2611 1947
4503 2 2 1 2 2585 2632 1730
4504 2 2 1 2 1025 2654 1179
4505 2 2 1 2 981 2609 983
4506 2 2 1 2 564 2610 562
4507 2 2 1 2 1630 2785 2266
4508 2 2 1 2 2271 2620 933
4509 2 2 1 2 1656 2608 1413
4510 2 2 1 2 2092 2656 2088
4511 2 2 1 2 2089 2656 2100
4512 2 2 1 2 2785 2786 2266
4513 2 2 1 2 1986 2657 1983
4514 2 2 1 2 1947 2611 1949
4515 2 2 1 2 2330 2789 468
4516 2 2 1 2 2271 2623 2620
4517 2 2 1 2 2179 2612 2182
4518 2 2 1 2 629 2633 931
4519 2 2 1 2 1179 2658 1027
4520 2 2 1 2 1029 2658 1134
4521 2 2 1 2 2570 2574 891
4522 2 2 1 2 1281 2659 1279
4523 2 2 1 2 2609 2616 983
4524 2 2 1 2 2611 2614 1949
4525 2 2 1 2 2266 2786 1631
4526 2 2 1 2 468 2789 2438
4527 2 2 1 2 2090 2662 2092
4528 2 2 1 2 2095 2662 2091
4529 2 2 1 2 1730 2632 1601
4530 2 2 1 2 663 2663 661
4531 2 2 1 2 2786 2788 1631
4532 2 2 1 2 726 2623 2271
4533 2 2 1 2 499 2676 381
4534 2 2 1 2 1683 2713 1672
4535 2 2 1 2 1339 2613 1373
4536 2 2 1 2 1450 2661 1668
4537 2 2 1 2 380 2676 525
4538 2 2 1 2 515 2740 1652
4539 2 2 1 2 1949 2614 1951
4540 2 2 1 2 1275 2666 1273
4541 2 2 1 2 2621 2770 1627
4542 2 2 1 2 525 2677 379
4543 2 2 1 2 1134 2667 1031
4544 2 2 1 2 991 2615 993
4545 2 2 1 2 983 2616 985
4546 2 2 1 2 378 2677 488
4547 2 2 1 2 726 2626 2623
4548 2 2 1 2 2610 2661 1135
4549 2 2 1 2 1631 2788 2264
4550 2 2 1 2 2614 2617 1951
4551 2 2 1 2 1035 2669 1180
4552 2 2 1 2 2615 2618 993
4553 2 2 1 2 2788 2791 2264
4554 2 2 1 2 1269 2670 1267
4555 2 2 1 2 1994 2672 1996
4556 2 2 1 2 2108 2674 2105
4557 2 2 1 2 2268 2626 726
4558 2 2 1 2 669 2673 667
4559 2 2 1 2 2097 2674 2096
4560 2 2 1 2 1951 2617 1953
4561 2 2 1 2 1841 2699 1842
4562 2 2 1 2 993 2618 995
4563 2 2 1 2 1214 2646 2564
4564 2 2 1 2 2584 2587 910
4565 2 2 1 2 2268 2628 2626
4566 2 2 1 2 1180 2678 1037
4567 2 2 1 2 1039 2678 1181
4568 2 2 1 2 2264 2791 1433
4569 2 2 1 2 2019 2689 2018
4570 2 2 1 2 639 2647 929
4571 2 2 1 2 2617 2620 1953
4572 2 2 1 2 1610 2581 2559
4573 2 2 1 2 2113 2681 2110
4574 2 2 1 2 2791 2792 1433
4575 2 2 1 2 2107 2681 2108
4576 2 2 1 2 1669 2675 1461
4577 2 2 1 2 1616 2728 1468
4578 2 2 1 2 1459 2675 1674
4579 2 2 1 2 931 2628 2268
4580 2 2 1 2 2001 2683 1998
4581 2 2 1 2 2000 2684 2003
4582 2 2 1 2 2188 2619 2187
4583 2 2 1 2 1953 2620 1955
4584 2 2 1 2 1333 2621 1627
4585 2 2 1 2 1181 2685 1041
4586 2 2 1 2 1043 2685 1182
4587 2 2 1 2 2118 2687 2115
4588 2 2 1 2 2112 2687 2113
4589 2 2 1 2 2209 2699 2210
4590 2 2 1 2 1860 2692 729
4591 2 2 1 2 2620 2623 1955
4592 2 2 1 2 679 2688 677
4593 2 2 1 2 645 2655 724
4594 2 2 1 2 2595 2598 914
4595 2 2 1 2 2599 2603 917
4596 2 2 1 2 1260 2686 2301
4597 2 2 1 2 1182 2690 1045
4598 2 2 1 2 1047 2690 1183
4599 2 2 1 2 631 2633 629
4600 2 2 1 2 997 2622 999
4601 2 2 1 2 2123 2693 2120
4602 2 2 1 2 2564 2646 1474
4603 2 2 1 2 2117 2693 2118
4604 2 2 1 2 1955 2623 1957
4605 2 2 1 2 2008 2694 2005
4606 2 2 1 2 1865 2692 1861
4607 2 2 1 2 1611 2602 2573
4608 2 2 1 2 2622 2625 999
4609 2 2 1 2 1612 2601 2575
4610 2 2 1 2 725 2624 633
4611 2 2 1 2 1183 2695 1049
4612 2 2 1 2 2623 2626 1957
4613 2 2 1 2 1051 2695 1184
4614 2 2 1 2 2122 2697 2123
4615 2 2 1 2 2210 2697 2125
4616 2 2 1 2 1448 2679 1450
4617 2 2 1 2 999 2625 1001
4618 2 2 1 2 2012 2698 2014
4619 2 2 1 2 1957 2626 1959
4620 2 2 1 2 1835 2704 1840
4621 2 2 1 2 1836 2704 1833
4622 2 2 1 2 1184 2701 1053
4623 2 2 1 2 1055 2701 1138
4624 2 2 1 2 2735 2782 1738
4625 2 2 1 2 1138 2702 1057
4626 2 2 1 2 1061 2703 1145
4627 2 2 1 2 2626 2628 1959
4628 2 2 1 2 1145 2706 1063
4629 2 2 1 2 1067 2705 1185
4630 2 2 1 2 2197 2627 2193
4631 2 2 1 2 1632 2795 2257
4632 2 2 1 2 2795 2796 2257
4633 2 2 1 2 1959 2628 1961
4634 2 2 1 2 2017 2709 2016
4635 2 2 1 2 725 2638 2635
4636 2 2 1 2 2624 2635 1968
4637 2 2 1 2 2257 2796 1435
4638 2 2 1 2 1003 2629 1005
4639 2 2 1 2 659 2680 723
4640 2 2 1 2 1963 2630 1968
4641 2 2 1 2 2796 2797 1435
4642 2 2 1 2 2262 2638 725
4643 2 2 1 2 2262 2641 2638
4644 2 2 1 2 2148 2631 2199
4645 2 2 1 2 1815 2714 1816
4646 2 2 1 2 929 2641 2262
4647 2 2 1 2 665 2691 722
4648 2 2 1 2 2787 2795 1632
4649 2 2 1 2 1615 2632 1614
4650 2 2 1 2 1007 2634 1009
4651 2 2 1 2 2572 2822 2790
4652 2 2 1 2 641 2647 639
4653 2 2 1 2 1965 2635 1967
4654 2 2 1 2 1668 2661 2610
4655 2 2 1 2 183 2712 182
4656 2 2 1 2 724 2636 643
4657 2 2 1 2 2135 2637 2139
4658 2 2 1 2 2635 2638 1967
4659 2 2 1 2 1135 2661 1810
4660 2 2 1 2 1967 2638 1970
4661 2 2 1 2 1633 2799 2245
4662 2 2 1 2 1244 2713 1243
4663 2 2 1 2 274 2715 273
4664 2 2 1 2 675 2708 721
4665 2 2 1 2 2799 2800 2245
4666 2 2 1 2 1011 2639 1013
4667 2 2 1 2 1672 2713 1436
4668 2 2 1 2 2638 2641 1970
4669 2 2 1 2 1307 2640 1632
4670 2 2 1 2 1192 2711 1191
4671 2 2 1 2 1473 2710 2379
4672 2 2 1 2 2639 2642 1013
4673 2 2 1 2 2245 2800 1634
4674 2 2 1 2 1970 2641 1972
4675 2 2 1 2 1681 2717 1683
4676 2 2 1 2 2800 2801 1634
4677 2 2 1 2 2636 2650 1979
4678 2 2 1 2 1013 2642 1015
4679 2 2 1 2 1722 2812 1724
4680 2 2 1 2 1233 2711 1618
4681 2 2 1 2 1453 2717 1681
4682 2 2 1 2 1126 2719 2451
4683 2 2 1 2 1974 2643 1979
4684 2 2 1 2 931 2633 2630
4685 2 2 1 2 1634 2801 2241
4686 2 2 1 2 647 2655 645
4687 2 2 1 2 2801 2803 2241
4688 2 2 1 2 730 2644 649
4689 2 2 1 2 2141 2645 2136
4690 2 2 1 2 1243 2717 2299
4691 2 2 1 2 2241 2803 1635
4692 2 2 1 2 2794 2799 1633
4693 2 2 1 2 2803 2804 1635
4694 2 2 1 2 1017 2648 1019
4695 2 2 1 2 1297 2649 1633
4696 2 2 1 2 1635 2804 2237
4697 2 2 1 2 2451 2719 1908
4698 2 2 1 2 2804 2805 2237
4699 2 2 1 2 1615 2764 2747
4700 2 2 1 2 1976 2650 1978
4701 2 2 1 2 2102 2651 2144
4702 2 2 1 2 2644 2657 1986
4703 2 2 1 2 2237 2805 1454
4704 2 2 1 2 730 2660 2657
4705 2 2 1 2 1981 2652 1986
4706 2 2 1 2 2805 2807 1454
4707 2 2 1 2 2244 2660 730
4708 2 2 1 2 1021 2653 1023
4709 2 2 1 2 2244 2664 2660
4710 2 2 1 2 2653 2654 1023
4711 2 2 1 2 1677 2730 516
4712 2 2 1 2 1809 2665 1812
4713 2 2 1 2 927 2664 2244
4714 2 2 1 2 1023 2654 1025
4715 2 2 1 2 517 2731 1704
4716 2 2 1 2 927 2668 2664
4717 2 2 1 2 929 2647 2643
4718 2 2 1 2 725 2635 2624
4719 2 2 1 2 2238 2668 927
4720 2 2 1 2 2088 2656 2089
4721 2 2 1 2 1983 2657 1985
4722 2 2 1 2 2640 2787 1632
4723 2 2 1 2 182 2720 181
4724 2 2 1 2 2238 2671 2668
4725 2 2 1 2 2657 2660 1985
4726 2 2 1 2 1027 2658 1029
4727 2 2 1 2 723 2671 2238
4728 2 2 1 2 1279 2659 1456
4729 2 2 1 2 1985 2660 1988
4730 2 2 1 2 516 2739 1696
4731 2 2 1 2 2660 2664 1988
4732 2 2 1 2 518 2732 1720
4733 2 2 1 2 2091 2662 2090
4734 2 2 1 2 722 2663 663
4735 2 2 1 2 661 2680 659
4736 2 2 1 2 1472 2646 2572
4737 2 2 1 2 1988 2664 1990
4738 2 2 1 2 724 2655 2652
4739 2 2 1 2 1273 2666 1457
4740 2 2 1 2 2664 2668 1990
4741 2 2 1 2 1458 2682 2679
4742 2 2 1 2 1031 2667 1033
4743 2 2 1 2 1990 2668 1992
4744 2 2 1 2 2667 2669 1033
4745 2 2 1 2 2630 2633 1968
4746 2 2 1 2 1707 2738 517
4747 2 2 1 2 2668 2671 1992
4748 2 2 1 2 1033 2669 1035
4749 2 2 1 2 2663 2683 2001
4750 2 2 1 2 2802 2810 1456
4751 2 2 1 2 1992 2671 1994
4752 2 2 1 2 1267 2670 1636
4753 2 2 1 2 1458 2679 1448
4754 2 2 1 2 1996 2672 2001
4755 2 2 1 2 1723 2741 518
4756 2 2 1 2 924 2673 669
4757 2 2 1 2 2105 2674 2097
4758 2 2 1 2 2679 2682 1812
4759 2 2 1 2 667 2691 665
4760 2 2 1 2 1461 2675 1459
4761 2 2 1 2 379 2677 378
4762 2 2 1 2 381 2676 380
4763 2 2 1 2 1450 2679 2665
4764 2 2 1 2 1812 2682 499
4765 2 2 1 2 1215 2822 2572
4766 2 2 1 2 1037 2678 1039
4767 2 2 1 2 2649 2794 1633
4768 2 2 1 2 1636 2817 2293
4769 2 2 1 2 2110 2681 2107
4770 2 2 1 2 2817 2818 2293
4771 2 2 1 2 2673 2694 2008
4772 2 2 1 2 2806 2814 1457
4773 2 2 1 2 1674 2682 1458
4774 2 2 1 2 1998 2683 2000
4775 2 2 1 2 2003 2684 2008
4776 2 2 1 2 2018 2689 2023
4777 2 2 1 2 2293 2818 1637
4778 2 2 1 2 1041 2685 1043
4779 2 2 1 2 2818 2819 1637
4780 2 2 1 2 924 2696 2694
4781 2 2 1 2 2301 2686 1643
4782 2 2 1 2 724 2650 2636
4783 2 2 1 2 2065 2696 924
4784 2 2 1 2 1484 2707 1712
4785 2 2 1 2 1842 2699 2209
4786 2 2 1 2 2115 2687 2112
4787 2 2 1 2 2065 2700 2696
4788 2 2 1 2 1712 2707 1709
4789 2 2 1 2 721 2700 2065
4790 2 2 1 2 729 2688 679
4791 2 2 1 2 1045 2690 1047
4792 2 2 1 2 723 2680 2672
4793 2 2 1 2 1468 2728 1680
4794 2 2 1 2 677 2708 675
4795 2 2 1 2 1861 2692 1860
4796 2 2 1 2 2809 2817 1636
4797 2 2 1 2 2120 2693 2117
4798 2 2 1 2 2005 2694 2007
4799 2 2 1 2 2694 2696 2007
4800 2 2 1 2 1260 2821 2686
4801 2 2 1 2 1049 2695 1051
4802 2 2 1 2 2688 2709 2017
4803 2 2 1 2 2007 2696 2010
4804 2 2 1 2 2643 2647 1979
4805 2 2 1 2 1640 2723 1749
4806 2 2 1 2 2125 2697 2122
4807 2 2 1 2 1689 2748 1690
4808 2 2 1 2 1269 2815 2670
4809 2 2 1 2 2696 2700 2010
4810 2 2 1 2 2014 2698 2017
4811 2 2 1 2 2010 2700 2012
4812 2 2 1 2 1217 2825 2820
4813 2 2 1 2 722 2691 2684
4814 2 2 1 2 1643 2823 1638
4815 2 2 1 2 2823 2824 1638
4816 2 2 1 2 730 2657 2644
4817 2 2 1 2 1053 2701 1055
4818 2 2 1 2 1275 2811 2666
4819 2 2 1 2 1057 2702 1059
4820 2 2 1 2 2702 2703 1059
4821 2 2 1 2 1059 2703 1061
4822 2 2 1 2 1833 2704 1835
4823 2 2 1 2 1065 2705 1067
4824 2 2 1 2 1063 2706 1065
4825 2 2 1 2 1065 2706 2705
4826 2 2 1 2 2824 2826 1639
4827 2 2 1 2 1638 2824 1639
4828 2 2 1 2 1281 2808 2659
4829 2 2 1 2 2016 2709 2019
4830 2 2 1 2 6 2753 389
4831 2 2 1 2 312 2754 9
4832 2 2 1 2 201 2755 7
4833 2 2 1 2 1744 2729 193
4834 2 2 1 2 175 2753 6
4835 2 2 1 2 9 2754 304
4836 2 2 1 2 7 2755 200
4837 2 2 1 2 2813 2823 1643
4838 2 2 1 2 2652 2655 1986
4839 2 2 1 2 2304 2825 1217
4840 2 2 1 2 2659 2802 1456
4841 2 2 1 2 1299 2798 2649
4842 2 2 1 2 721 2708 2698
4843 2 2 1 2 1745 2727 496
4844 2 2 1 2 1744 2724 1741
4845 2 2 1 2 1309 2793 2640
4846 2 2 1 2 2666 2806 1457
4847 2 2 1 2 551 2753 1676
4848 2 2 1 2 190 2727 547
4849 2 2 1 2 1703 2754 552
4850 2 2 1 2 496 2727 191
4851 2 2 1 2 1719 2755 553
4852 2 2 1 2 2379 2710 1192
4853 2 2 1 2 1219 2733 1195
4854 2 2 1 2 2328 2734 1645
4855 2 2 1 2 495 2712 183
4856 2 2 1 2 1191 2711 1233
4857 2 2 1 2 1335 2775 2621
4858 2 2 1 2 500 2715 2714
4859 2 2 1 2 2670 2809 1636
4860 2 2 1 2 722 2683 2663
4861 2 2 1 2 500 2714 1815
4862 2 2 1 2 1436 2713 1244
4863 2 2 1 2 1341 2769 2613
4864 2 2 1 2 1852 2830 2826
4865 2 2 1 2 192 2729 496
4866 2 2 1 2 1601 2747 2360
4867 2 2 1 2 1759 2746 1757
4868 2 2 1 2 273 2715 500
4869 2 2 1 2 2360 2747 1797
4870 2 2 1 2 1347 2765 2604
4871 2 2 1 2 2665 2679 1812
4872 2 2 1 2 204 2740 515
4873 2 2 1 2 2686 2821 2173
4874 2 2 1 2 2672 2680 2001
4875 2 2 1 2 2670 2815 2169
4876 2 2 1 2 1666 2722 1648
4877 2 2 1 2 924 2694 2673
4878 2 2 1 2 501 2742 206
4879 2 2 1 2 2666 2811 2166
4880 2 2 1 2 1740 2735 1738
4881 2 2 1 2 1792 2820 1793
4882 2 2 1 2 1625 2745 1645
4883 2 2 1 2 2659 2808 2217
4884 2 2 1 2 2299 2717 1453
4885 2 2 1 2 2309 2716 1452
4886 2 2 1 2 2716 2718 1452
4887 2 2 1 2 1648 2722 1647
4888 2 2 1 2 2365 2719 1126
4889 2 2 1 2 1452 2718 2365
4890 2 2 1 2 1796 2764 501
4891 2 2 1 2 2718 2719 2365
4892 2 2 1 2 528 2750 1797
4893 2 2 1 2 2649 2798 2157
4894 2 2 1 2 2686 2813 1643
4895 2 2 1 2 2721 2760 550
4896 2 2 1 2 2572 2790 1473
4897 2 2 1 2 2640 2793 2154
4898 2 2 1 2 1797 2750 2360
4899 2 2 1 2 178 2739 516
4900 2 2 1 2 2684 2691 2008
4901 2 2 1 2 517 2738 301
4902 2 2 1 2 196 2741 2348
4903 2 2 1 2 1642 2743 1613
4904 2 2 1 2 2621 2775 2224
4905 2 2 1 2 1790 2777 1795
4906 2 2 1 2 518 2741 197
4907 2 2 1 2 2613 2769 2161
4908 2 2 1 2 509 2762 2227
4909 2 2 1 2 2227 2763 2226
4910 2 2 1 2 2604 2765 2227
4911 2 2 1 2 476 2766 2161
4912 2 2 1 2 2161 2767 2160
4913 2 2 1 2 535 2770 2224
4914 2 2 1 2 1852 2826 1857
4915 2 2 1 2 2224 2773 2223
4916 2 2 1 2 1368 2765 1349
4917 2 2 1 2 1483 2737 2335
4918 2 2 1 2 1370 2769 1343
4919 2 2 1 2 1373 2775 1337
4920 2 2 1 2 2722 2831 1647
4921 2 2 1 2 1483 2749 1484
4922 2 2 1 2 534 2787 2154
4923 2 2 1 2 2173 2819 489
4924 2 2 1 2 2154 2792 2153
4925 2 2 1 2 2172 2813 2173
4926 2 2 1 2 1433 2793 1311
4927 2 2 1 2 506 2794 2157
4928 2 2 1 2 729 2709 2688
4929 2 2 1 2 2157 2797 2156
4930 2 2 1 2 2169 2814 2168
4931 2 2 1 2 1457 2815 1271
4932 2 2 1 2 1435 2798 1301
4933 2 2 1 2 1637 2821 1261
4934 2 2 1 2 484 2809 2169
4935 2 2 1 2 1456 2811 1277
4936 2 2 1 2 2166 2810 2165
4937 2 2 1 2 480 2802 2217
4938 2 2 1 2 507 2806 2166
4939 2 2 1 2 2217 2807 2216
4940 2 2 1 2 1454 2808 1283
4941 2 2 1 2 1218 2829 2304
4942 2 2 1 2 2333 2776 286
4943 2 2 1 2 1667 2726 1666
4944 2 2 1 2 285 2776 511
4945 2 2 1 2 1465 2789 2433
4946 2 2 1 2 1724 2812 2733
4947 2 2 1 2 1617 2772 1622
4948 2 2 1 2 1641 2833 1640
4949 2 2 1 2 2747 2764 1797
4950 2 2 1 2 519 2761 281
4951 2 2 1 2 1759 2734 548
4952 2 2 1 2 275 2774 274
4953 2 2 1 2 1700 2725 1697
4954 2 2 1 2 2698 2708 2017
4955 2 2 1 2 2227 2762 2604
4956 2 2 1 2 550 2760 1726
4957 2 2 1 2 1726 2768 514
4958 2 2 1 2 181 2720 510
4959 2 2 1 2 2161 2766 2613
4960 2 2 1 2 1725 2782 2735
4961 2 2 1 2 2304 2829 2825
4962 2 2 1 2 519 2736 1658
4963 2 2 1 2 1217 2827 1197
4964 2 2 1 2 8 2771 278
4965 2 2 1 2 2224 2770 2621
4966 2 2 1 2 176 2730 1676
4967 2 2 1 2 279 2771 8
4968 2 2 1 2 1703 2731 303
4969 2 2 1 2 547 2831 2722
4970 2 2 1 2 280 2721 279
4971 2 2 1 2 1719 2732 199
4972 2 2 1 2 2154 2787 2640
4973 2 2 1 2 2760 2768 1726
4974 2 2 1 2 2157 2794 2649
4975 2 2 1 2 2829 2830 1853
4976 2 2 1 2 1660 2760 2721
4977 2 2 1 2 2217 2802 2659
4978 2 2 1 2 1853 2830 1852
4979 2 2 1 2 2166 2806 2666
4980 2 2 1 2 547 2722 2326
4981 2 2 1 2 2169 2809 2670
4982 2 2 1 2 2710 2777 1192
4983 2 2 1 2 2173 2813 2686
4984 2 2 1 2 516 2730 177
4985 2 2 1 2 302 2731 517
4986 2 2 1 2 198 2732 518
4987 2 2 1 2 1795 2777 2710
4988 2 2 1 2 1481 2737 1483
4989 2 2 1 2 2712 2833 1641
4990 2 2 1 2 1689 2736 2347
4991 2 2 1 2 1646 2734 1759
4992 2 2 1 2 1645 2734 1646
4993 2 2 1 2 1616 2832 2728
4994 2 2 1 2 1652 2828 515
4995 2 2 1 2 1658 2736 1659
4996 2 2 1 2 1743 2729 1744
4997 2 2 1 2 2433 2744 1654
4998 2 2 1 2 1615 2747 2632
4999 2 2 1 2 1749 2723 1616
5000 2 2 1 2 468 2746 2327
5001 2 2 1 2 2438 2746 468
5002 2 2 1 2 1659 2736 1689
5003 2 2 1 2 501 2764 2743
5004 2 2 1 2 177 2730 176
5005 2 2 1 2 303 2731 302
5006 2 2 1 2 497 2745 2333
5007 2 2 1 2 199 2732 198
5008 2 2 1 2 2333 2745 1779
5009 2 2 1 2 1741 2724 1740
5010 2 2 1 2 1697 2725 1699
5011 2 2 1 2 2395 2748 511
5012 2 2 1 2 1680 2726 1667
5013 2 2 1 2 511 2748 2346
5014 2 2 1 2 498 2737 1768
5015 2 2 1 2 280 2761 2721
5016 2 2 1 2 191 2727 190
5017 2 2 1 2 2331 2744 549
5018 2 2 1 2 549 2744 2433
5019 2 2 1 2 2721 2761 1660
5020 2 2 1 2 1700 2739 179
5021 2 2 1 2 1768 2737 1481
5022 2 2 1 2 2707 2749 513
5023 2 2 1 2 1696 2739 1700
5024 2 2 1 2 1676 2730 1677
5025 2 2 1 2 1704 2731 1703
5026 2 2 1 2 513 2749 2336
5027 2 2 1 2 1720 2732 1719
5028 2 2 1 2 193 2729 192
5029 2 2 1 2 1195 2733 1254
5030 2 2 1 2 1738 2782 1219
5031 2 2 1 2 548 2734 2328
5032 2 2 1 2 2335 2737 498
5033 2 2 1 2 2347 2736 519
5034 2 2 1 2 301 2738 300
5035 2 2 1 2 205 2742 2740
5036 2 2 1 2 205 2740 204
5037 2 2 1 2 179 2739 178
5038 2 2 1 2 197 2741 196
5039 2 2 1 2 206 2742 205
5040 2 2 1 2 1690 2748 2395
5041 2 2 1 2 1640 2833 2723
5042 2 2 1 2 1613 2743 1615
5043 2 2 1 2 1779 2745 1625
5044 2 2 1 2 1757 2746 2438
5045 2 2 1 2 278 2771 550
5046 2 2 1 2 389 2753 551
5047 2 2 1 2 552 2754 312
5048 2 2 1 2 553 2755 201
5049 2 2 1 2 2826 2830 1639
5050 2 2 1 2 490 2751 1818
5051 2 2 1 2 1818 2750 528
5052 2 2 1 2 1818 2751 2750
5053 2 2 1 2 490 2752 2751
5054 2 2 1 2 1849 2752 490
5055 2 2 1 2 526 2756 1849
5056 2 2 1 2 1849 2756 2752
5057 2 2 1 2 526 2757 2756
5058 2 2 1 2 2038 2757 526
5059 2 2 1 2 2038 2758 2757
5060 2 2 1 2 475 2758 2038
5061 2 2 1 2 475 2759 2758
5062 2 2 1 2 2225 2759 475
5063 2 2 1 2 2225 2763 2759
5064 2 2 1 2 1624 2760 1660
5065 2 2 1 2 2727 2831 547
5066 2 2 1 2 1797 2764 1796
5067 2 2 1 2 2159 2762 509
5068 2 2 1 2 2226 2763 2225
5069 2 2 1 2 514 2774 275
5070 2 2 1 2 281 2761 280
5071 2 2 1 2 2159 2767 2762
5072 2 2 1 2 2632 2747 1601
5073 2 2 1 2 1349 2765 1347
5074 2 2 1 2 2222 2766 476
5075 2 2 1 2 2160 2767 2159
5076 2 2 1 2 2222 2773 2766
5077 2 2 1 2 1343 2769 1341
5078 2 2 1 2 1793 2820 1854
5079 2 2 1 2 2152 2770 535
5080 2 2 1 2 1816 2777 1790
5081 2 2 1 2 1624 2768 2760
5082 2 2 1 2 2223 2773 2222
5083 2 2 1 2 1622 2768 1624
5084 2 2 1 2 2152 2778 2770
5085 2 2 1 2 1337 2775 1335
5086 2 2 1 2 1724 2782 1725
5087 2 2 1 2 1644 2772 1617
5088 2 2 1 2 286 2776 285
5089 2 2 1 2 477 2778 2152
5090 2 2 1 2 477 2779 2778
5091 2 2 1 2 1805 2816 1721
5092 2 2 1 2 2213 2779 477
5093 2 2 1 2 2213 2780 2779
5094 2 2 1 2 544 2780 2213
5095 2 2 1 2 544 2781 2780
5096 2 2 1 2 2164 2781 544
5097 2 2 1 2 2164 2783 2781
5098 2 2 1 2 1795 2790 1791
5099 2 2 1 2 491 2783 2164
5100 2 2 1 2 491 2784 2783
5101 2 2 1 2 2214 2784 491
5102 2 2 1 2 2214 2785 2784
5103 2 2 1 2 539 2785 2214
5104 2 2 1 2 539 2786 2785
5105 2 2 1 2 2220 2786 539
5106 2 2 1 2 2220 2788 2786
5107 2 2 1 2 2162 2787 534
5108 2 2 1 2 483 2788 2220
5109 2 2 1 2 483 2791 2788
5110 2 2 1 2 2155 2791 483
5111 2 2 1 2 2155 2792 2791
5112 2 2 1 2 546 2832 2317
5113 2 2 1 2 2153 2792 2155
5114 2 2 1 2 2162 2795 2787
5115 2 2 1 2 1721 2812 1722
5116 2 2 1 2 1311 2793 1309
5117 2 2 1 2 2820 2825 1854
5118 2 2 1 2 2163 2794 506
5119 2 2 1 2 482 2795 2162
5120 2 2 1 2 482 2796 2795
5121 2 2 1 2 2790 2822 1791
5122 2 2 1 2 2158 2796 482
5123 2 2 1 2 515 2828 1805
5124 2 2 1 2 2158 2797 2796
5125 2 2 1 2 2156 2797 2158
5126 2 2 1 2 2163 2799 2794
5127 2 2 1 2 1301 2798 1299
5128 2 2 1 2 1805 2828 2816
5129 2 2 1 2 2438 2789 1465
5130 2 2 1 2 533 2799 2163
5131 2 2 1 2 533 2800 2799
5132 2 2 1 2 2219 2800 533
5133 2 2 1 2 2219 2801 2800
5134 2 2 1 2 479 2801 2219
5135 2 2 1 2 479 2803 2801
5136 2 2 1 2 2167 2802 480
5137 2 2 1 2 2203 2803 479
5138 2 2 1 2 2203 2804 2803
5139 2 2 1 2 537 2804 2203
5140 2 2 1 2 537 2805 2804
5141 2 2 1 2 2215 2805 537
5142 2 2 1 2 2215 2807 2805
5143 2 2 1 2 2170 2806 507
5144 2 2 1 2 2167 2810 2802
5145 2 2 1 2 2216 2807 2215
5146 2 2 1 2 1647 2831 1745
5147 2 2 1 2 1283 2808 1281
5148 2 2 1 2 550 2771 2721
5149 2 2 1 2 2171 2809 484
5150 2 2 1 2 2170 2814 2806
5151 2 2 1 2 2165 2810 2167
5152 2 2 1 2 1277 2811 1275
5153 2 2 1 2 1254 2816 2373
5154 2 2 1 2 2171 2817 2809
5155 2 2 1 2 538 2813 2172
5156 2 2 1 2 2168 2814 2170
5157 2 2 1 2 1859 2830 2829
5158 2 2 1 2 1271 2815 1269
5159 2 2 1 2 1857 2826 474
5160 2 2 1 2 538 2823 2813
5161 2 2 1 2 543 2817 2171
5162 2 2 1 2 1791 2822 1792
5163 2 2 1 2 1197 2827 1215
5164 2 2 1 2 543 2818 2817
5165 2 2 1 2 2221 2818 543
5166 2 2 1 2 2221 2819 2818
5167 2 2 1 2 1854 2825 1853
5168 2 2 1 2 489 2819 2221
5169 2 2 1 2 474 2826 2824
5170 2 2 1 2 2218 2824 2823
5171 2 2 1 2 2218 2823 538
5172 2 2 1 2 1261 2821 1260
5173 2 2 1 2 1859 2829 1218
5174 2 2 1 2 474 2824 2218
5175 2 2 1 2 1639 2830 1859
5176 2 2 1 2 2816 2828 2373
5177 2 2 1 2 2373 2828 1652
5178 2 2 1 2 1721 2816 2812
5179 2 2 1 2 2812 2816 1254
5180 2 2 1 2 1484 2749 2707
5181 2 2 1 2 2825 2829 1853
5182 2 2 1 2 2724 2735 1740
5183 2 2 1 2 2721 2771 279
5184 2 2 1 2 495 2833 2712
5185 2 2 1 2 2723 2833 495
5186 2 2 1 2 2743 2764 1615
5187 2 2 1 2 2728 2832 546
5188 2 2 1 2 1745 2831 2727
5189 2 2 1 2 2772 2774 514
5190 2 2 1 2 2733 2812 1254
5191 2 2 1 2 1644 2774 2772
5192 2 2 1 2 1215 2827 2822
5193 2 2 1 2 2822 2827 1792
5194 2 2 2 3 2880 2955 2903
5195 2 2 2 3 2903 2955 2929
5196 2 2 2 3 2911 2940 2844
5197 2 2 2 3 2910 2911 2844
5198 2 2 2 3 330 2975 2961
5199 2 2 2 3 2875 2923 2902
5200 2 2 2 3 2875 2924 2923
5201 2 2 2 3 329 2975 330
5202 2 2 2 3 2882 2959 2913
5203 2 2 2 3 2882 2913 2909
5204 2 2 2 3 2869 2912 2907
5205 2 2 2 3 2934 2976 2905
5206 2 2 2 3 2847 2934 2905
5207 2 2 2 3 2869 2977 2912
5208 2 2 2 3 2967 2979 2899
5209 2 2 2 3 2867 2967 2899
5210 2 2 2 3 2870 2970 2898
5211 2 2 2 3 2970 2980 2898
5212 2 2 2 3 2888 2921 2836
5213 2 2 2 3 2836 2915 2888
5214 2 2 2 3 2871 2920 2839
5215 2 2 2 3 2839 2925 2871
5216 2 2 2 3 2870 2969 2846
5217 2 2 2 3 2858 2949 2872
5218 2 2 2 3 2872 2946 2858
5219 2 2 2 3 2844 2940 2892
5220 2 2 2 3 2846 2970 2870
5221 2 2 2 3 2907 2912 2839
5222 2 2 2 3 2892 2939 2844
5223 2 2 2 3 2839 2920 2907
5224 2 2 2 3 2843 2938 2889
5225 2 2 2 3 2909 2913 2849
5226 2 2 2 3 2849 2960 2887
5227 2 2 2 3 2891 2941 2851
5228 2 2 2 3 2851 2963 2891
5229 2 2 2 3 2889 2978 2843
5230 2 2 2 3 2902 2923 2852
5231 2 2 2 3 2837 2919 2876
5232 2 2 2 3 2887 2936 2849
5233 2 2 2 3 2876 2922 2837
5234 2 2 2 3 2852 2930 2902
5235 2 2 2 3 2894 2951 2860
5236 2 2 2 3 2850 2944 2895
5237 2 2 2 3 2838 2917 2874
5238 2 2 2 3 2901 2919 2837
5239 2 2 2 3 2849 2936 2909
5240 2 2 2 3 2895 2937 2850
5241 2 2 2 3 2855 2957 2877
5242 2 2 2 3 2860 2947 2894
5243 2 2 2 3 2875 2917 2838
5244 2 2 2 3 2845 2965 2873
5245 2 2 2 3 2873 2950 2859
5246 2 2 2 3 2863 2922 2876
5247 2 2 2 3 2877 2933 2855
5248 2 2 2 3 2903 2929 2854
5249 2 2 2 3 2873 2962 2845
5250 2 2 2 3 2837 2926 2901
5251 2 2 2 3 2859 2962 2873
5252 2 2 2 3 2874 2945 2838
5253 2 2 2 3 2838 2924 2875
5254 2 2 2 3 2848 2959 2882
5255 2 2 2 3 2866 2966 2878
5256 2 2 2 3 2876 2953 2863
5257 2 2 2 3 2878 2971 2866
5258 2 2 2 3 2853 2931 2879
5259 2 2 2 3 2854 2932 2903
5260 2 2 2 3 2881 2934 2847
5261 2 2 2 3 2879 2954 2853
5262 2 2 2 3 2854 2956 2886
5263 2 2 2 3 2886 2932 2854
5264 2 2 2 3 2847 2958 2881
5265 2 2 2 3 2861 2952 2883
5266 2 2 2 3 2856 2943 2884
5267 2 2 2 3 2884 2948 2856
5268 2 2 2 3 2882 2935 2848
5269 2 2 2 3 2848 2935 2881
5270 2 2 2 3 2883 2972 2861
5271 2 2 2 3 2879 2930 2852
5272 2 2 2 3 2883 2968 2865
5273 2 2 2 3 2880 2931 2853
5274 2 2 2 3 2865 2972 2883
5275 2 2 2 3 2885 2945 2874
5276 2 2 2 3 2853 2955 2880
5277 2 2 2 3 2884 2942 2857
5278 2 2 2 3 2857 2948 2884
5279 2 2 2 3 2852 2954 2879
5280 2 2 2 3 2890 2943 2856
5281 2 2 2 3 2874 2974 2885
5282 2 2 2 3 2886 2956 2855
5283 2 2 2 3 2863 2953 2885
5284 2 2 2 3 2856 2964 2890
5285 2 2 2 3 2878 2966 2862
5286 2 2 2 3 2881 2958 2848
5287 2 2 2 3 2855 2933 2886
5288 2 2 2 3 2857 2942 2904
5289 2 2 2 3 2887 2960 2850
5290 2 2 2 3 2885 2974 2863
5291 2 2 2 3 2890 2964 2866
5292 2 2 2 3 2850 2937 2887
5293 2 2 2 3 2851 2941 2899
5294 2 2 2 3 2866 2971 2890
5295 2 2 2 3 2893 2927 2841
5296 2 2 2 3 2877 2957 2905
5297 2 2 2 3 2905 2976 2877
5298 2 2 2 3 2899 2979 2851
5299 2 2 2 3 2908 2967 2867
5300 2 2 2 3 2860 2951 2900
5301 2 2 2 3 2872 2927 2893
5302 2 2 2 3 2906 2952 2861
5303 2 2 2 3 2898 2980 2842
5304 2 2 2 3 2865 2968 2891
5305 2 2 2 3 2891 2963 2865
5306 2 2 2 3 2892 2918 2840
5307 2 2 2 3 2893 2946 2872
5308 2 2 2 3 2859 2950 2894
5309 2 2 2 3 2896 2965 2845
5310 2 2 2 3 2889 2977 2869
5311 2 2 2 3 2843 2921 2888
5312 2 2 2 3 2871 2925 2895
5313 2 2 2 3 2910 2915 2836
5314 2 2 2 3 2888 2938 2843
5315 2 2 2 3 2836 2911 2910
5316 2 2 2 3 2894 2947 2859
5317 2 2 2 3 2869 2978 2889
5318 2 2 2 3 2840 2939 2892
5319 2 2 2 3 2895 2944 2871
5320 2 2 2 3 2897 2949 2858
5321 2 2 2 3 2904 2988 2857
5322 2 2 2 3 2862 2986 2878
5323 2 2 2 3 2841 2992 2893
5324 2 2 2 3 2867 2993 2908
5325 2 2 2 3 2900 2989 2860
5326 2 2 2 3 2845 2987 2896
5327 2 2 2 3 2842 2985 2898
5328 2 2 2 3 2861 2990 2906
5329 2 2 2 3 2858 2991 2897
5330 2 2 2 3 2846 2984 2982
5331 2 2 2 3 2840 2983 2981
5332 2 2 2 3 2969 2984 2846
5333 2 2 2 3 2918 2983 2840
5334 2 2 2 3 347 2994 348
5335 2 2 2 3 2973 2994 347
5336 2 2 2 3 315 2898 316
5337 2 2 2 3 395 2897 2842
5338 2 2 2 3 400 2896 2841
5339 2 2 2 3 415 2899 414
5340 2 2 2 3 445 2905 444
5341 2 2 2 3 462 2836 461
5342 2 2 2 3 407 2900 406
5343 2 2 2 3 429 2876 428
5344 2 2 2 3 392 2846 391
5345 2 2 2 3 2864 2900 407
5346 2 2 2 3 355 2875 356
5347 2 2 2 3 427 2901 426
5348 2 2 2 3 2870 2898 315
5349 2 2 2 3 408 2906 2864
5350 2 2 2 3 335 2851 336
5351 2 2 2 3 385 2844 386
5352 2 2 2 3 436 2852 435
5353 2 2 2 3 438 2853 437
5354 2 2 2 3 441 2854 440
5355 2 2 2 3 443 2855 442
5356 2 2 2 3 446 2847 445
5357 2 2 2 3 448 2848 447
5358 2 2 2 3 451 2849 450
5359 2 2 2 3 453 2850 452
5360 2 2 2 3 460 2843 459
5361 2 2 2 3 465 2892 464
5362 2 2 2 3 353 2874 354
5363 2 2 2 3 408 2864 407
5364 2 2 2 3 419 2878 418
5365 2 2 2 3 425 2904 424
5366 2 2 2 3 400 2841 399
5367 2 2 2 3 343 2856 344
5368 2 2 2 3 345 2857 346
5369 2 2 2 3 426 2868 425
5370 2 2 2 3 2868 2904 425
5371 2 2 2 3 431 2885 430
5372 2 2 2 3 426 2901 2868
5373 2 2 2 3 385 2910 2844
5374 2 2 2 3 341 2866 342
5375 2 2 2 3 455 2871 454
5376 2 2 2 3 333 2865 334
5377 2 2 2 3 380 2889 381
5378 2 2 2 3 2867 2899 415
5379 2 2 2 3 339 2908 2862
5380 2 2 2 3 349 2837 350
5381 2 2 2 3 377 2839 378
5382 2 2 2 3 387 2840 388
5383 2 2 2 3 401 2896 400
5384 2 2 2 3 416 2867 415
5385 2 2 2 3 433 2838 432
5386 2 2 2 3 375 2895 376
5387 2 2 2 3 318 2858 319
5388 2 2 2 3 325 2859 326
5389 2 2 2 3 327 2860 328
5390 2 2 2 3 331 2861 332
5391 2 2 2 3 339 2862 340
5392 2 2 2 3 351 2863 352
5393 2 2 2 3 358 2879 359
5394 2 2 2 3 360 2880 361
5395 2 2 2 3 363 2886 364
5396 2 2 2 3 365 2877 366
5397 2 2 2 3 368 2881 369
5398 2 2 2 3 370 2882 371
5399 2 2 2 3 373 2887 374
5400 2 2 2 3 320 2893 321
5401 2 2 2 3 382 2888 383
5402 2 2 2 3 396 2897 395
5403 2 2 2 3 398 2872 397
5404 2 2 2 3 403 2873 402
5405 2 2 2 3 405 2894 404
5406 2 2 2 3 423 2884 422
5407 2 2 2 3 413 2891 412
5408 2 2 2 3 421 2890 420
5409 2 2 2 3 458 2869 457
5410 2 2 2 3 323 2845 324
5411 2 2 2 3 2847 2905 445
5412 2 2 2 3 2875 2902 356
5413 2 2 2 3 409 2906 408
5414 2 2 2 3 411 2883 410
5415 2 2 2 3 361 2903 362
5416 2 2 2 3 2880 2903 361
5417 2 2 2 3 338 2908 339
5418 2 2 2 3 395 2842 394
5419 2 2 2 3 314 2870 315
5420 2 2 2 3 356 2902 357
5421 2 2 2 3 2882 2909 371
5422 2 2 2 3 384 2910 385
5423 2 2 2 3 457 2907 456
5424 2 2 2 3 371 2909 372
5425 2 2 2 3 2869 2907 457
5426 2 2 2 3 388 2981 389
5427 2 2 2 3 391 2982 390
5428 2 2 2 3 2836 2921 461
5429 2 2 2 3 2888 2915 383
5430 2 2 2 3 455 2920 2871
5431 2 2 2 3 2872 2949 397
5432 2 2 2 3 2858 2946 319
5433 2 2 2 3 392 2970 2846
5434 2 2 2 3 377 2925 2839
5435 2 2 2 3 2892 2940 464
5436 2 2 2 3 314 2969 2870
5437 2 2 2 3 2844 2939 386
5438 2 2 2 3 2843 2978 459
5439 2 2 2 3 2845 2962 324
5440 2 2 2 3 2873 2965 402
5441 2 2 2 3 403 2950 2873
5442 2 2 2 3 2899 2941 414
5443 2 2 2 3 2889 2938 381
5444 2 2 2 3 325 2962 2859
5445 2 2 2 3 405 2951 2894
5446 2 2 2 3 413 2941 2891
5447 2 2 2 3 335 2963 2851
5448 2 2 2 3 327 2947 2860
5449 2 2 2 3 373 2936 2887
5450 2 2 2 3 451 2960 2849
5451 2 2 2 3 427 2919 2901
5452 2 2 2 3 365 2933 2877
5453 2 2 2 3 2905 2957 444
5454 2 2 2 3 453 2944 2850
5455 2 2 2 3 2883 2952 410
5456 2 2 2 3 2876 2919 428
5457 2 2 2 3 443 2957 2855
5458 2 2 2 3 446 2958 2847
5459 2 2 2 3 419 2971 2878
5460 2 2 2 3 2879 2931 359
5461 2 2 2 3 341 2966 2866
5462 2 2 2 3 363 2932 2886
5463 2 2 2 3 368 2934 2881
5464 2 2 2 3 2884 2943 422
5465 2 2 2 3 2852 2923 435
5466 2 2 2 3 2874 2917 354
5467 2 2 2 3 355 2917 2875
5468 2 2 2 3 2838 2945 432
5469 2 2 2 3 411 2968 2883
5470 2 2 2 3 2853 2954 437
5471 2 2 2 3 349 2926 2837
5472 2 2 2 3 441 2956 2854
5473 2 2 2 3 2904 2942 424
5474 2 2 2 3 2856 2948 344
5475 2 2 2 3 2837 2922 350
5476 2 2 2 3 2881 2935 369
5477 2 2 2 3 375 2937 2895
5478 2 2 2 3 2849 2913 450
5479 2 2 2 3 333 2972 2865
5480 2 2 2 3 429 2953 2876
5481 2 2 2 3 2885 2953 430
5482 2 2 2 3 2854 2929 440
5483 2 2 2 3 370 2935 2882
5484 2 2 2 3 351 2922 2863
5485 2 2 2 3 2903 2932 362
5486 2 2 2 3 2848 2958 447
5487 2 2 2 3 2861 2972 332
5488 2 2 2 3 448 2959 2848
5489 2 2 2 3 2902 2930 357
5490 2 2 2 3 431 2945 2885
5491 2 2 2 3 358 2930 2879
5492 2 2 2 3 436 2954 2852
5493 2 2 2 3 345 2948 2857
5494 2 2 2 3 2839 2912 378
5495 2 2 2 3 2890 2971 420
5496 2 2 2 3 423 2942 2884
5497 2 2 2 3 433 2924 2838
5498 2 2 2 3 2866 2964 342
5499 2 2 2 3 2900 2951 406
5500 2 2 2 3 2863 2974 352
5501 2 2 2 3 421 2943 2890
5502 2 2 2 3 343 2964 2856
5503 2 2 2 3 438 2955 2853
5504 2 2 2 3 2862 2966 340
5505 2 2 2 3 353 2974 2874
5506 2 2 2 3 2855 2956 442
5507 2 2 2 3 360 2931 2880
5508 2 2 2 3 2887 2937 374
5509 2 2 2 3 2886 2933 364
5510 2 2 2 3 409 2952 2906
5511 2 2 2 3 2865 2963 334
5512 2 2 2 3 2850 2960 452
5513 2 2 2 3 320 2946 2893
5514 2 2 2 3 2909 2936 372
5515 2 2 2 3 2891 2968 412
5516 2 2 2 3 458 2978 2869
5517 2 2 2 3 2851 2979 336
5518 2 2 2 3 401 2965 2896
5519 2 2 2 3 338 2967 2908
5520 2 2 2 3 2859 2947 326
5521 2 2 2 3 2871 2944 454
5522 2 2 2 3 380 2977 2889
5523 2 2 2 3 2894 2950 404
5524 2 2 2 3 387 2939 2840
5525 2 2 2 3 465 2918 2892
5526 2 2 2 3 2877 2976 366
5527 2 2 2 3 2907 2920 456
5528 2 2 2 3 398 2927 2872
5529 2 2 2 3 2841 2927 399
5530 2 2 2 3 460 2921 2843
5531 2 2 2 3 2895 2925 376
5532 2 2 2 3 382 2938 2888
5533 2 2 2 3 462 2911 2836
5534 2 2 2 3 396 2949 2897
5535 2 2 2 3 2842 2980 394
5536 2 2 2 3 384 2915 2910
5537 2 2 2 3 467 2983 466
5538 2 2 2 3 312 2984 313
5539 2 2 2 3 393 2980 2970
5540 2 2 2 3 2897 2914 2842
5541 2 2 2 3 386 2939 387
5542 2 2 2 3 324 2962 325
5543 2 2 2 3 404 2950 403
5544 2 2 2 3 466 2918 465
5545 2 2 2 3 463 2940 2911
5546 2 2 2 3 2896 2916 2841
5547 2 2 2 3 337 2979 2967
5548 2 2 2 3 463 2911 462
5549 2 2 2 3 456 2920 455
5550 2 2 2 3 319 2946 320
5551 2 2 2 3 402 2965 401
5552 2 2 2 3 393 2970 392
5553 2 2 2 3 367 2976 2934
5554 2 2 2 3 372 2936 373
5555 2 2 2 3 461 2921 460
5556 2 2 2 3 367 2934 368
5557 2 2 2 3 428 2919 427
5558 2 2 2 3 450 2913 449
5559 2 2 2 3 348 2926 349
5560 2 2 2 3 362 2932 363
5561 2 2 2 3 447 2958 446
5562 2 2 2 3 350 2922 351
5563 2 2 2 3 414 2941 413
5564 2 2 2 3 354 2917 355
5565 2 2 2 3 378 2912 379
5566 2 2 2 3 434 2924 433
5567 2 2 2 3 357 2930 358
5568 2 2 2 3 435 2923 434
5569 2 2 2 3 454 2944 453
5570 2 2 2 3 2929 2955 439
5571 2 2 2 3 2913 2959 449
5572 2 2 2 3 383 2915 384
5573 2 2 2 3 2923 2924 434
5574 2 2 2 3 326 2947 327
5575 2 2 2 3 359 2931 360
5576 2 2 2 3 364 2933 365
5577 2 2 2 3 369 2935 370
5578 2 2 2 3 412 2968 411
5579 2 2 2 3 2908 2928 2862
5580 2 2 2 3 397 2949 396
5581 2 2 2 3 422 2943 421
5582 2 2 2 3 432 2945 431
5583 2 2 2 3 337 2967 338
5584 2 2 2 3 424 2942 423
5585 2 2 2 3 459 2978 458
5586 2 2 2 3 2868 2973 2904
5587 2 2 2 3 406 2951 405
5588 2 2 2 3 410 2952 409
5589 2 2 2 3 420 2971 419
5590 2 2 2 3 430 2953 429
5591 2 2 2 3 437 2954 436
5592 2 2 2 3 340 2966 341
5593 2 2 2 3 2961 2975 2864
5594 2 2 2 3 334 2963 335
5595 2 2 2 3 344 2948 345
5596 2 2 2 3 374 2937 375
5597 2 2 2 3 464 2940 463
5598 2 2 2 3 342 2964 343
5599 2 2 2 3 439 2955 438
5600 2 2 2 3 440 2929 439
5601 2 2 2 3 442 2956 441
5602 2 2 2 3 444 2957 443
5603 2 2 2 3 2906 2961 2864
5604 2 2 2 3 332 2972 333
5605 2 2 2 3 381 2938 382
5606 2 2 2 3 352 2974 353
5607 2 2 2 3 376 2925 377
5608 2 2 2 3 449 2959 448
5609 2 2 2 3 452 2960 451
5610 2 2 2 3 336 2979 337
5611 2 2 2 3 366 2976 367
5612 2 2 2 3 2864 2975 2900
5613 2 2 2 3 399 2927 398
5614 2 2 2 3 379 2977 380
5615 2 2 2 3 394 2980 393
5616 2 2 2 3 2912 2977 379
5617 2 2 2 3 313 2969 314
5618 2 2 2 3 2982 2984 2834
5619 2 2 2 3 2981 2983 2835
5620 2 2 2 3 306 2834 305
5621 2 2 2 3 174 2835 173
5622 2 2 2 3 2840 2981 388
5623 2 2 2 3 2846 2982 391
5624 2 2 2 3 348 2994 2926
5625 2 2 2 3 322 2987 323
5626 2 2 2 3 316 2985 317
5627 2 2 2 3 418 2986 417
5628 2 2 2 3 417 2993 416
5629 2 2 2 3 346 2988 347
5630 2 2 2 3 330 2990 331
5631 2 2 2 3 328 2989 329
5632 2 2 2 3 317 2991 318
5633 2 2 2 3 321 2992 322
5634 2 2 2 3 2916 2992 2841
5635 2 2 2 3 2897 2991 2914
5636 2 2 2 3 2914 2985 2842
5637 2 2 2 3 2896 2987 2916
5638 2 2 2 3 2975 2989 2900
5639 2 2 2 3 2908 2993 2928
5640 2 2 2 3 2906 2990 2961
5641 2 2 2 3 2928 2986 2862
5642 2 2 2 3 2973 2988 2904
5643 2 2 2 3 2901 2994 2868
5644 2 2 2 3 466 2983 2918
5645 2 2 2 3 313 2984 2969
5646 2 2 2 3 5 2995 467
5647 2 2 2 3 389 2997 6
5648 2 2 2 3 390 2996 10
5649 2 2 2 3 9 2998 312
5650 2 2 2 3 2916 2987 322
5651 2 2 2 3 317 2985 2914
5652 2 2 2 3 2928 2993 417
5653 2 2 2 3 417 2986 2928
5654 2 2 2 3 322 2992 2916
5655 2 2 2 3 2914 2991 317
5656 2 2 2 3 2961 2990 330
5657 2 2 2 3 347 2988 2973
5658 2 2 2 3 329 2989 2975
5659 2 2 2 3 2926 2994 2901
5660 2 2 2 3 305 2998 9
5661 2 2 2 3 10 2996 306
5662 2 2 2 3 6 2997 174
5663 2 2 2 3 173 2995 5
5664 2 2 2 3 2981 2997 389
5665 2 2 2 3 2982 2996 390
5666 2 2 2 3 467 2995 2983
5667 2 2 2 3 312 2998 2984
5668 2 2 2 3 2835 2997 2981
5669 2 2 2 3 2834 2996 2982
5670 2 2 2 3 2983 2995 2835
5671 2 2 2 3 2984 2998 2834
5672 2 2 2 3 2898 2985 316
5673 2 2 2 3 2857 2988 346
5674 2 2 2 3 2878 2986 418
5675 2 2 2 3 331 2990 2861
5676 2 2 2 3 2893 2992 321
5677 2 2 2 3 416 2993 2867
5678 2 2 2 3 323 2987 2845
5679 2 2 2 3 2860 2989 328
5680 2 2 2 3 318 2991 2858
5681 2 2 2 3 2868 2994 2973
5682 2 2 2 3 306 2996 2834
5683 2 2 2 3 2834 2998 305
5684 2 2 2 3 174 2997 2835
5685 2 2 2 3 2835 2995 173
5686 2 2 3 4 3339 3341 3041
5687 2 2 3 4 81 3717 80
5688 2 2 3 4 3500 3501 3185
5689 2 2 3 4 3030 3380 119
5690 2 2 3 4 3341 3769 3041
5691 2 2 3 4 3242 3380 3030
5692 2 2 3 4 3138 3226 3003
5693 2 2 3 4 3206 3498 3497
5694 2 2 3 4 3003 3226 130
5695 2 2 3 4 3501 3502 3185
5696 2 2 3 4 84 3716 83
5697 2 2 3 4 3332 3334 3044
5698 2 2 3 4 3028 3381 122
5699 2 2 3 4 3235 3381 3028
5700 2 2 3 4 3206 3499 3498
5701 2 2 3 4 3334 3770 3044
5702 2 2 3 4 184 3527 185
5703 2 2 3 4 3318 3715 3316
5704 2 2 3 4 3025 3383 125
5705 2 2 3 4 3325 3327 3045
5706 2 2 3 4 3229 3383 3025
5707 2 2 3 4 3327 3771 3045
5708 2 2 3 4 25 3492 24
5709 2 2 3 4 154 3493 153
5710 2 2 3 4 294 3491 295
5711 2 2 3 4 3318 3320 3048
5712 2 2 3 4 3320 3776 3048
5713 2 2 3 4 3020 3481 3479
5714 2 2 3 4 3429 3431 3019
5715 2 2 3 4 3303 3713 3301
5716 2 2 3 4 3505 3507 3094
5717 2 2 3 4 3312 3314 3049
5718 2 2 3 4 3683 3733 3364
5719 2 2 3 4 3019 3546 3429
5720 2 2 3 4 3479 3547 3020
5721 2 2 3 4 3424 3527 184
5722 2 2 3 4 3314 3779 3049
5723 2 2 3 4 3296 3711 3294
5724 2 2 3 4 3507 3510 3094
5725 2 2 3 4 3308 3310 3050
5726 2 2 3 4 3064 3634 3608
5727 2 2 3 4 3607 3633 3063
5728 2 2 3 4 3608 3634 3392
5729 2 2 3 4 3442 3633 3607
5730 2 2 3 4 3139 3504 2999
5731 2 2 3 4 3369 3717 81
5732 2 2 3 4 2999 3537 3139
5733 2 2 3 4 3303 3306 3047
5734 2 2 3 4 3289 3708 3287
5735 2 2 3 4 3310 3513 3050
5736 2 2 3 4 3139 3537 3134
5737 2 2 3 4 3173 3683 3175
5738 2 2 3 4 3504 3511 2999
5739 2 2 3 4 3545 3594 3067
5740 2 2 3 4 3066 3593 3539
5741 2 2 3 4 3478 3631 3602
5742 2 2 3 4 3601 3630 3428
5743 2 2 3 4 3370 3716 84
5744 2 2 3 4 3306 3519 3047
5745 2 2 3 4 3602 3631 3018
5746 2 2 3 4 3017 3630 3601
5747 2 2 3 4 3282 3705 3280
5748 2 2 3 4 3296 3298 3046
5749 2 2 3 4 3539 3593 3213
5750 2 2 3 4 3192 3594 3545
5751 2 2 3 4 3298 3782 3046
5752 2 2 3 4 3099 3385 3143
5753 2 2 3 4 3048 3715 3318
5754 2 2 3 4 3275 3704 3273
5755 2 2 3 4 3289 3291 3043
5756 2 2 3 4 3213 3589 3539
5757 2 2 3 4 3545 3590 3192
5758 2 2 3 4 3192 3590 3193
5759 2 2 3 4 3214 3589 3213
5760 2 2 3 4 3431 3745 3434
5761 2 2 3 4 183 3424 184
5762 2 2 3 4 3627 3726 3134
5763 2 2 3 4 3052 3510 3509
5764 2 2 3 4 3291 3784 3043
5765 2 2 3 4 3537 3627 3134
5766 2 2 3 4 295 3491 3474
5767 2 2 3 4 3094 3511 3505
5768 2 2 3 4 3268 3703 3266
5769 2 2 3 4 3465 3467 3055
5770 2 2 3 4 3056 3417 3415
5771 2 2 3 4 3282 3284 3042
5772 2 2 3 4 3174 3683 3173
5773 2 2 3 4 3261 3702 3259
5774 2 2 3 4 3284 3785 3042
5775 2 2 3 4 3049 3513 3312
5776 2 2 3 4 3498 3499 3066
5777 2 2 3 4 3499 3593 3066
5778 2 2 3 4 3429 3546 3428
5779 2 2 3 4 3478 3547 3479
5780 2 2 3 4 3067 3594 3502
5781 2 2 3 4 3067 3502 3501
5782 2 2 3 4 3275 3277 3040
5783 2 2 3 4 3509 3510 3507
5784 2 2 3 4 3505 3511 3504
5785 2 2 3 4 3050 3519 3308
5786 2 2 3 4 3546 3601 3428
5787 2 2 3 4 3478 3602 3547
5788 2 2 3 4 3047 3713 3303
5789 2 2 3 4 3254 3701 3252
5790 2 2 3 4 3277 3786 3040
5791 2 2 3 4 3268 3270 3038
5792 2 2 3 4 3022 3748 3490
5793 2 2 3 4 3621 3772 3573
5794 2 2 3 4 3572 3773 3622
5795 2 2 3 4 3312 3513 3310
5796 2 2 3 4 3247 3699 3245
5797 2 2 3 4 3046 3711 3296
5798 2 2 3 4 3679 3714 12
5799 2 2 3 4 3172 3512 3029
5800 2 2 3 4 3308 3519 3306
5801 2 2 3 4 3270 3791 3038
5802 2 2 3 4 3063 3589 3214
5803 2 2 3 4 3193 3590 3064
5804 2 2 3 4 3261 3263 3035
5805 2 2 3 4 3114 3221 3136
5806 2 2 3 4 3240 3698 3238
5807 2 2 3 4 3214 3607 3063
5808 2 2 3 4 3064 3608 3193
5809 2 2 3 4 3143 3736 3099
5810 2 2 3 4 3136 3382 3114
5811 2 2 3 4 3043 3708 3289
5812 2 2 3 4 3555 3688 3534
5813 2 2 3 4 25 3789 3492
5814 2 2 3 4 3493 3790 153
5815 2 2 3 4 3263 3797 3035
5816 2 2 3 4 129 3697 128
5817 2 2 3 4 3254 3256 3034
5818 2 2 3 4 3233 3696 3231
5819 2 2 3 4 3683 3688 3175
5820 2 2 3 4 3042 3705 3282
5821 2 2 3 4 3256 3802 3034
5822 2 2 3 4 3247 3249 3031
5823 2 2 3 4 3382 3570 3003
5824 2 2 3 4 3221 3714 3679
5825 2 2 3 4 3622 3773 3123
5826 2 2 3 4 3124 3772 3621
5827 2 2 3 4 3136 3570 3382
5828 2 2 3 4 119 3380 118
5829 2 2 3 4 3040 3704 3275
5830 2 2 3 4 3029 3747 3172
5831 2 2 3 4 3249 3805 3031
5832 2 2 3 4 3240 3242 3030
5833 2 2 3 4 3390 3393 3009
5834 2 2 3 4 3010 3443 3440
5835 2 2 3 4 3082 3555 3534
5836 2 2 3 4 3003 3570 3138
5837 2 2 3 4 3748 3766 3490
5838 2 2 3 4 3009 3424 183
5839 2 2 3 4 3151 3680 3088
5840 2 2 3 4 3556 3688 3683
5841 2 2 3 4 3096 3140 3137
5842 2 2 3 4 3544 3661 3061
5843 2 2 3 4 3062 3660 3538
5844 2 2 3 4 23 3475 22
5845 2 2 3 4 130 3226 129
5846 2 2 3 4 63 3737 3650
5847 2 2 3 4 122 3381 121
5848 2 2 3 4 3661 3686 3061
5849 2 2 3 4 3062 3687 3660
5850 2 2 3 4 3421 3684 3015
5851 2 2 3 4 3016 3685 3471
5852 2 2 3 4 3038 3703 3268
5853 2 2 3 4 3233 3235 3028
5854 2 2 3 4 3015 3689 3421
5855 2 2 3 4 3471 3690 3016
5856 2 2 3 4 3032 3650 3169
5857 2 2 3 4 3174 3733 3683
5858 2 2 3 4 3056 3425 3417
5859 2 2 3 4 125 3383 124
5860 2 2 3 4 3222 3224 3097
5861 2 2 3 4 295 3474 296
5862 2 2 3 4 3227 3229 3025
5863 2 2 3 4 185 3527 3011
5864 2 2 3 4 3167 3532 3531
5865 2 2 3 4 3035 3702 3261
5866 2 2 3 4 3224 3518 3097
5867 2 2 3 4 3522 3658 3421
5868 2 2 3 4 3471 3657 3521
5869 2 2 3 4 3467 3475 3055
5870 2 2 3 4 3432 3745 3431
5871 2 2 3 4 3392 3634 3538
5872 2 2 3 4 3012 3491 294
5873 2 2 3 4 3544 3633 3442
5874 2 2 3 4 3025 3518 3227
5875 2 2 3 4 3010 3474 3443
5876 2 2 3 4 3658 3684 3421
5877 2 2 3 4 3471 3685 3657
5878 2 2 3 4 181 3605 182
5879 2 2 3 4 297 3604 298
5880 2 2 3 4 24 3492 3055
5881 2 2 3 4 3056 3493 154
5882 2 2 3 4 3034 3701 3254
5883 2 2 3 4 3227 3518 3224
5884 2 2 3 4 3169 3763 3032
5885 2 2 3 4 3538 3660 3392
5886 2 2 3 4 3442 3661 3544
5887 2 2 3 4 3061 3686 3462
5888 2 2 3 4 3412 3687 3062
5889 2 2 3 4 3462 3692 3061
5890 2 2 3 4 3062 3693 3412
5891 2 2 3 4 3086 3691 3154
5892 2 2 3 4 3031 3699 3247
5893 2 2 3 4 3650 3737 3171
5894 2 2 3 4 3393 3424 3009
5895 2 2 3 4 3364 3733 3363
5896 2 2 3 4 3018 3631 3521
5897 2 2 3 4 3137 3755 3096
5898 2 2 3 4 3522 3630 3017
5899 2 2 3 4 3133 3496 3004
5900 2 2 3 4 3091 3621 3573
5901 2 2 3 4 3572 3622 3090
5902 2 2 3 4 3680 3691 206
5903 2 2 3 4 3521 3657 3018
5904 2 2 3 4 3017 3658 3522
5905 2 2 3 4 3135 3679 3000
5906 2 2 3 4 3030 3698 3240
5907 2 2 3 4 3196 3639 3584
5908 2 2 3 4 3585 3638 3217
5909 2 2 3 4 3226 3697 129
5910 2 2 3 4 3556 3682 3080
5911 2 2 3 4 3028 3696 3233
5912 2 2 3 4 3088 3732 3151
5913 2 2 3 4 3055 3492 3465
5914 2 2 3 4 3415 3493 3056
5915 2 2 3 4 3419 3580 3426
5916 2 2 3 4 3055 3475 23
5917 2 2 3 4 3476 3571 3469
5918 2 2 3 4 156 3425 155
5919 2 2 3 4 296 3474 3010
5920 2 2 3 4 3543 3710 3059
5921 2 2 3 4 3060 3709 3536
5922 2 2 3 4 3710 3729 3059
5923 2 2 3 4 3060 3730 3709
5924 2 2 3 4 3000 3746 3135
5925 2 2 3 4 3157 3550 3549
5926 2 2 3 4 3004 3764 3133
5927 2 2 3 4 3523 3707 3413
5928 2 2 3 4 3463 3706 3524
5929 2 2 3 4 3435 3605 181
5930 2 2 3 4 298 3604 3488
5931 2 2 3 4 3161 3530 3159
5932 2 2 3 4 3054 3571 3476
5933 2 2 3 4 3161 3162 3084
5934 2 2 3 4 3426 3580 3053
5935 2 2 3 4 3707 3727 3413
5936 2 2 3 4 3463 3728 3706
5937 2 2 3 4 3175 3688 3555
5938 2 2 3 4 3145 3520 3026
5939 2 2 3 4 155 3425 3056
5940 2 2 3 4 3153 3691 3680
5941 2 2 3 4 3367 3769 3341
5942 2 2 3 4 3492 3789 3473
5943 2 2 3 4 3423 3790 3493
5944 2 2 3 4 3368 3770 3334
5945 2 2 3 4 3559 3695 3023
5946 2 2 3 4 3490 3749 3022
5947 2 2 3 4 3434 3694 3548
5948 2 2 3 4 3369 3771 3327
5949 2 2 3 4 3475 3571 22
5950 2 2 3 4 3008 3435 180
5951 2 2 3 4 299 3488 3007
5952 2 2 3 4 3154 3719 3086
5953 2 2 3 4 3370 3776 3320
5954 2 2 3 4 3584 3735 3196
5955 2 2 3 4 3217 3734 3585
5956 2 2 3 4 3425 3580 3419
5957 2 2 3 4 3531 3722 3167
5958 2 2 3 4 3371 3779 3314
5959 2 2 3 4 3413 3727 3014
5960 2 2 3 4 3013 3728 3463
5961 2 2 3 4 3023 3753 3559
5962 2 2 3 4 3548 3756 3434
5963 2 2 3 4 3476 3552 3054
5964 2 2 3 4 3053 3553 3426
5965 2 2 3 4 3014 3741 3413
5966 2 2 3 4 3463 3742 3013
5967 2 2 3 4 3116 3495 3217
5968 2 2 3 4 3196 3494 3115
5969 2 2 3 4 3364 3682 3556
5970 2 2 3 4 3372 3782 3298
5971 2 2 3 4 80 3717 3044
5972 2 2 3 4 3078 3681 3678
5973 2 2 3 4 3373 3784 3291
5974 2 2 3 4 3678 3681 3362
5975 2 2 3 4 3217 3638 3116
5976 2 2 3 4 3115 3639 3196
5977 2 2 3 4 180 3435 181
5978 2 2 3 4 298 3488 299
5979 2 2 3 4 3009 3605 3390
5980 2 2 3 4 3440 3604 3010
5981 2 2 3 4 3540 3760 3057
5982 2 2 3 4 3058 3759 3541
5983 2 2 3 4 3173 3737 3033
5984 2 2 3 4 3374 3785 3284
5985 2 2 3 4 83 3716 3045
5986 2 2 3 4 182 3605 3009
5987 2 2 3 4 3010 3604 297
5988 2 2 3 4 3760 3777 3057
5989 2 2 3 4 3058 3778 3759
5990 2 2 3 4 3432 3731 3509
5991 2 2 3 4 3076 3676 3675
5992 2 2 3 4 3675 3676 3357
5993 2 2 3 4 3469 3571 3475
5994 2 2 3 4 3033 3174 3173
5995 2 2 3 4 3375 3786 3277
5996 2 2 3 4 3412 3693 3536
5997 2 2 3 4 3543 3692 3462
5998 2 2 3 4 3316 3715 3371
5999 2 2 3 4 3217 3495 3216
6000 2 2 3 4 3195 3494 3196
6001 2 2 3 4 3059 3729 3464
6002 2 2 3 4 3414 3730 3060
6003 2 2 3 4 3074 3673 3672
6004 2 2 3 4 3672 3673 3350
6005 2 2 3 4 3376 3791 3270
6006 2 2 3 4 3464 3743 3059
6007 2 2 3 4 3060 3744 3414
6008 2 2 3 4 156 3580 3425
6009 2 2 3 4 3443 3474 3445
6010 2 2 3 4 3509 3745 3432
6011 2 2 3 4 3536 3709 3412
6012 2 2 3 4 3462 3710 3543
6013 2 2 3 4 3149 3566 3176
6014 2 2 3 4 3535 3553 3053
6015 2 2 3 4 3054 3552 3542
6016 2 2 3 4 3377 3797 3263
6017 2 2 3 4 3072 3670 3669
6018 2 2 3 4 3194 3387 3191
6019 2 2 3 4 3212 3437 3215
6020 2 2 3 4 3154 3691 3153
6021 2 2 3 4 3669 3670 3343
6022 2 2 3 4 3301 3713 3372
6023 2 2 3 4 3378 3802 3256
6024 2 2 3 4 3070 3667 3666
6025 2 2 3 4 3526 3758 3422
6026 2 2 3 4 3472 3757 3525
6027 2 2 3 4 3666 3667 3336
6028 2 2 3 4 3190 3387 3008
6029 2 2 3 4 3007 3437 3211
6030 2 2 3 4 3027 3564 3176
6031 2 2 3 4 3016 3690 3524
6032 2 2 3 4 3523 3689 3015
6033 2 2 3 4 3294 3711 3373
6034 2 2 3 4 3379 3805 3249
6035 2 2 3 4 3387 3435 3008
6036 2 2 3 4 3007 3488 3437
6037 2 2 3 4 90 3513 89
6038 2 2 3 4 3758 3774 3422
6039 2 2 3 4 3472 3775 3757
6040 2 2 3 4 162 3510 161
6041 2 2 3 4 3068 3663 3662
6042 2 2 3 4 3662 3663 3329
6043 2 2 3 4 92 3519 91
6044 2 2 3 4 3287 3708 3374
6045 2 2 3 4 3524 3706 3016
6046 2 2 3 4 3015 3707 3523
6047 2 2 3 4 178 3386 179
6048 2 2 3 4 300 3436 301
6049 2 2 3 4 3153 3680 3151
6050 2 2 3 4 3065 3656 3655
6051 2 2 3 4 3280 3705 3375
6052 2 2 3 4 3655 3656 3322
6053 2 2 3 4 164 3511 163
6054 2 2 3 4 3417 3425 3419
6055 2 2 3 4 3001 3218 3216
6056 2 2 3 4 3195 3197 3002
6057 2 2 3 4 3191 3387 3190
6058 2 2 3 4 3211 3437 3212
6059 2 2 3 4 3157 3739 3550
6060 2 2 3 4 3474 3491 3445
6061 2 2 3 4 3273 3704 3376
6062 2 2 3 4 3431 3434 3019
6063 2 2 3 4 3171 3737 3173
6064 2 2 3 4 3008 3386 3190
6065 2 2 3 4 3211 3436 3007
6066 2 2 3 4 3194 3388 3387
6067 2 2 3 4 3437 3438 3215
6068 2 2 3 4 3266 3703 3377
6069 2 2 3 4 3185 3502 3180
6070 2 2 3 4 3180 3502 3182
6071 2 2 3 4 3069 3648 3647
6072 2 2 3 4 3201 3499 3206
6073 2 2 3 4 3203 3499 3201
6074 2 2 3 4 3199 3218 3198
6075 2 2 3 4 3177 3197 3178
6076 2 2 3 4 3647 3648 3305
6077 2 2 3 4 3487 3712 280
6078 2 2 3 4 3542 3552 3485
6079 2 2 3 4 3259 3702 3378
6080 2 2 3 4 3433 3553 3535
6081 2 2 3 4 3216 3495 3001
6082 2 2 3 4 3002 3494 3195
6083 2 2 3 4 6 3002 175
6084 2 2 3 4 304 3001 9
6085 2 2 3 4 3198 3218 3001
6086 2 2 3 4 3002 3197 3177
6087 2 2 3 4 3071 3645 3644
6088 2 2 3 4 3161 3738 3530
6089 2 2 3 4 3252 3701 3379
6090 2 2 3 4 3644 3645 3300
6091 2 2 3 4 3084 3738 3161
6092 2 2 3 4 3113 3726 3627
6093 2 2 3 4 3026 3740 3145
6094 2 2 3 4 3073 3642 3640
6095 2 2 3 4 3245 3699 3380
6096 2 2 3 4 3094 3510 162
6097 2 2 3 4 161 3510 3052
6098 2 2 3 4 3640 3642 3293
6099 2 2 3 4 179 3386 3008
6100 2 2 3 4 3007 3436 300
6101 2 2 3 4 3050 3513 90
6102 2 2 3 4 89 3513 3049
6103 2 2 3 4 3514 3736 3147
6104 2 2 3 4 91 3519 3050
6105 2 2 3 4 3047 3519 92
6106 2 2 3 4 3583 3612 267
6107 2 2 3 4 3238 3698 3381
6108 2 2 3 4 3489 3490 3132
6109 2 2 3 4 3075 3636 3635
6110 2 2 3 4 163 3511 3094
6111 2 2 3 4 2999 3511 164
6112 2 2 3 4 3183 3558 3179
6113 2 2 3 4 3200 3557 3204
6114 2 2 3 4 3635 3636 3286
6115 2 2 3 4 3436 3557 301
6116 2 2 3 4 178 3558 3386
6117 2 2 3 4 174 3494 6
6118 2 2 3 4 9 3495 305
6119 2 2 3 4 3586 3609 270
6120 2 2 3 4 128 3697 3097
6121 2 2 3 4 3195 3196 3189
6122 2 2 3 4 3210 3217 3216
6123 2 2 3 4 3005 3199 3198
6124 2 2 3 4 3177 3178 3006
6125 2 2 3 4 3231 3696 3383
6126 2 2 3 4 176 3177 3006
6127 2 2 3 4 3005 3198 303
6128 2 2 3 4 3202 3218 3199
6129 2 2 3 4 3178 3197 3181
6130 2 2 3 4 3077 3629 3628
6131 2 2 3 4 3587 3600 273
6132 2 2 3 4 305 3495 3116
6133 2 2 3 4 3115 3494 174
6134 2 2 3 4 3628 3629 3279
6135 2 2 3 4 3485 3591 3542
6136 2 2 3 4 3535 3592 3433
6137 2 2 3 4 3209 3210 3208
6138 2 2 3 4 3187 3189 3188
6139 2 2 3 4 3092 3220 136
6140 2 2 3 4 42 3219 3093
6141 2 2 3 4 3434 3745 3694
6142 2 2 3 4 3079 3625 3624
6143 2 2 3 4 3624 3625 3272
6144 2 2 3 4 3422 3774 3011
6145 2 2 3 4 3012 3775 3472
6146 2 2 3 4 3011 3787 3422
6147 2 2 3 4 3472 3788 3012
6148 2 2 3 4 3210 3216 3208
6149 2 2 3 4 3187 3195 3189
6150 2 2 3 4 3167 3700 3532
6151 2 2 3 4 3081 3620 3619
6152 2 2 3 4 44 3123 43
6153 2 2 3 4 135 3124 134
6154 2 2 3 4 3619 3620 3265
6155 2 2 3 4 135 3220 3124
6156 2 2 3 4 3123 3219 43
6157 2 2 3 4 3207 3208 3202
6158 2 2 3 4 3181 3187 3186
6159 2 2 3 4 132 3382 131
6160 2 2 3 4 3179 3558 3006
6161 2 2 3 4 3005 3557 3200
6162 2 2 3 4 3204 3557 3436
6163 2 2 3 4 3386 3558 3183
6164 2 2 3 4 6 3494 3002
6165 2 2 3 4 3001 3495 9
6166 2 2 3 4 3445 3491 3447
6167 2 2 3 4 3083 3617 3616
6168 2 2 3 4 3187 3188 3186
6169 2 2 3 4 3207 3209 3208
6170 2 2 3 4 127 3518 126
6171 2 2 3 4 3388 3435 3387
6172 2 2 3 4 3437 3488 3438
6173 2 2 3 4 3114 3382 132
6174 2 2 3 4 3616 3617 3258
6175 2 2 3 4 3194 3389 3388
6176 2 2 3 4 3438 3439 3215
6177 2 2 3 4 131 3382 3003
6178 2 2 3 4 278 3024 8
6179 2 2 3 4 7 3023 201
6180 2 2 3 4 3121 3505 3504
6181 2 2 3 4 202 3385 3099
6182 2 2 3 4 3098 3384 277
6183 2 2 3 4 3080 3682 3554
6184 2 2 3 4 3465 3492 3460
6185 2 2 3 4 3410 3493 3415
6186 2 2 3 4 3024 3103 8
6187 2 2 3 4 3460 3492 3473
6188 2 2 3 4 3423 3493 3410
6189 2 2 3 4 3097 3518 127
6190 2 2 3 4 3502 3594 3182
6191 2 2 3 4 137 3500 3092
6192 2 2 3 4 3121 3504 3503
6193 2 2 3 4 3203 3593 3499
6194 2 2 3 4 3004 3496 47
6195 2 2 3 4 126 3518 3025
6196 2 2 3 4 39 3498 3066
6197 2 2 3 4 3251 3612 3583
6198 2 2 3 4 3107 3503 3118
6199 2 2 3 4 3078 3677 3560
6200 2 2 3 4 3508 3509 3507
6201 2 2 3 4 3244 3609 3586
6202 2 2 3 4 3078 3678 3677
6203 2 2 3 4 137 3092 136
6204 2 2 3 4 42 3093 41
6205 2 2 3 4 3566 3761 3176
6206 2 2 3 4 3121 3503 3107
6207 2 2 3 4 136 3220 135
6208 2 2 3 4 43 3219 42
6209 2 2 3 4 3206 3207 3202
6210 2 2 3 4 3181 3186 3185
6211 2 2 3 4 3237 3600 3587
6212 2 2 3 4 3506 3508 3507
6213 2 2 3 4 46 3496 3113
6214 2 2 3 4 3093 3497 41
6215 2 2 3 4 3108 3506 3106
6216 2 2 3 4 3128 3139 3134
6217 2 2 3 4 46 3113 45
6218 2 2 3 4 133 3114 132
6219 2 2 3 4 3389 3390 3388
6220 2 2 3 4 3438 3440 3439
6221 2 2 3 4 3178 3181 3180
6222 2 2 3 4 3201 3202 3199
6223 2 2 3 4 3121 3506 3505
6224 2 2 3 4 3108 3508 3506
6225 2 2 3 4 3076 3674 3562
6226 2 2 3 4 3076 3675 3674
6227 2 2 3 4 3106 3506 3121
6228 2 2 3 4 3208 3218 3202
6229 2 2 3 4 3181 3197 3187
6230 2 2 3 4 131 3003 130
6231 2 2 3 4 48 3004 47
6232 2 2 3 4 3105 3110 3103
6233 2 2 3 4 3118 3503 3128
6234 2 2 3 4 3067 3501 139
6235 2 2 3 4 138 3500 137
6236 2 2 3 4 40 3498 39
6237 2 2 3 4 3131 3132 3112
6238 2 2 3 4 3111 3112 3110
6239 2 2 3 4 3503 3504 3139
6240 2 2 3 4 3497 3498 40
6241 2 2 3 4 138 3501 3500
6242 2 2 3 4 3125 3131 3112
6243 2 2 3 4 3128 3503 3139
6244 2 2 3 4 3158 3512 3160
6245 2 2 3 4 47 3496 46
6246 2 2 3 4 213 3532 3082
6247 2 2 3 4 3105 3111 3110
6248 2 2 3 4 3506 3507 3505
6249 2 2 3 4 215 3534 3533
6250 2 2 3 4 3099 3514 203
6251 2 2 3 4 276 3517 3098
6252 2 2 3 4 241 3515 3100
6253 2 2 3 4 239 3516 3101
6254 2 2 3 4 3111 3125 3112
6255 2 2 3 4 216 3533 3080
6256 2 2 3 4 3163 3172 3165
6257 2 2 3 4 51 3520 3096
6258 2 2 3 4 3118 3128 3127
6259 2 2 3 4 3287 3374 3284
6260 2 2 3 4 3280 3375 3277
6261 2 2 3 4 3294 3373 3291
6262 2 2 3 4 3301 3372 3298
6263 2 2 3 4 3316 3371 3314
6264 2 2 3 4 3323 3370 3320
6265 2 2 3 4 3330 3369 3327
6266 2 2 3 4 3337 3368 3334
6267 2 2 3 4 3344 3367 3341
6268 2 2 3 4 3351 3366 3348
6269 2 2 3 4 3358 3365 3355
6270 2 2 3 4 3273 3376 3270
6271 2 2 3 4 3266 3377 3263
6272 2 2 3 4 3259 3378 3256
6273 2 2 3 4 3252 3379 3249
6274 2 2 3 4 3245 3380 3242
6275 2 2 3 4 3238 3381 3235
6276 2 2 3 4 3074 3672 3671
6277 2 2 3 4 51 3096 50
6278 2 2 3 4 128 3097 127
6279 2 2 3 4 3231 3383 3229
6280 2 2 3 4 3178 3179 3006
6281 2 2 3 4 3005 3200 3199
6282 2 2 3 4 3416 3522 3421
6283 2 2 3 4 3407 3523 3413
6284 2 2 3 4 3401 3526 3422
6285 2 2 3 4 3395 3527 3424
6286 2 2 3 4 3169 3171 3170
6287 2 2 3 4 3163 3165 3164
6288 2 2 3 4 3155 3157 3156
6289 2 2 3 4 3200 3201 3199
6290 2 2 3 4 3178 3180 3179
6291 2 2 3 4 3051 3528 17
6292 2 2 3 4 14 3529 3000
6293 2 2 3 4 3086 3530 208
6294 2 2 3 4 3531 3532 212
6295 2 2 3 4 3084 3531 211
6296 2 2 3 4 3082 3534 214
6297 2 2 3 4 3089 3517 275
6298 2 2 3 4 3065 3516 238
6299 2 2 3 4 204 3514 3088
6300 2 2 3 4 3101 3515 240
6301 2 2 3 4 3160 3512 3163
6302 2 2 3 4 140 3545 3067
6303 2 2 3 4 3166 3169 3168
6304 2 2 3 4 3128 3134 3133
6305 2 2 3 4 3160 3163 3162
6306 2 2 3 4 3149 3176 3150
6307 2 2 3 4 3152 3155 3154
6308 2 2 3 4 33 3544 3061
6309 2 2 3 4 3104 3105 3103
6310 2 2 3 4 30 3543 3059
6311 2 2 3 4 27 3540 3057
6312 2 2 3 4 158 3535 3053
6313 2 2 3 4 3181 3185 3180
6314 2 2 3 4 3201 3206 3202
6315 2 2 3 4 3440 3441 3439
6316 2 2 3 4 3389 3391 3390
6317 2 2 3 4 212 3532 213
6318 2 2 3 4 215 3533 216
6319 2 2 3 4 244 3069 245
6320 2 2 3 4 239 3101 240
6321 2 2 3 4 237 3065 238
6322 2 2 3 4 274 3089 275
6323 2 2 3 4 253 3075 254
6324 2 2 3 4 256 3077 257
6325 2 2 3 4 241 3100 242
6326 2 2 3 4 222 3076 223
6327 2 2 3 4 234 3068 235
6328 2 2 3 4 265 3083 266
6329 2 2 3 4 204 3088 205
6330 2 2 3 4 219 3078 220
6331 2 2 3 4 268 3085 269
6332 2 2 3 4 271 3087 272
6333 2 2 3 4 276 3098 277
6334 2 2 3 4 207 3086 208
6335 2 2 3 4 213 3082 214
6336 2 2 3 4 216 3080 217
6337 2 2 3 4 225 3074 226
6338 2 2 3 4 228 3072 229
6339 2 2 3 4 247 3071 248
6340 2 2 3 4 259 3079 260
6341 2 2 3 4 231 3070 232
6342 2 2 3 4 250 3073 251
6343 2 2 3 4 262 3081 263
6344 2 2 3 4 210 3084 211
6345 2 2 3 4 202 3099 203
6346 2 2 3 4 3483 3487 3486
6347 2 2 3 4 3470 3478 3477
6348 2 2 3 4 3427 3428 3420
6349 2 2 3 4 3418 3522 3416
6350 2 2 3 4 3461 3471 3466
6351 2 2 3 4 3416 3421 3411
6352 2 2 3 4 3409 3523 3407
6353 2 2 3 4 3455 3463 3457
6354 2 2 3 4 3407 3413 3405
6355 2 2 3 4 3403 3526 3401
6356 2 2 3 4 41 3497 40
6357 2 2 3 4 3449 3472 3451
6358 2 2 3 4 3401 3422 3399
6359 2 2 3 4 3397 3527 3395
6360 2 2 3 4 3395 3424 3393
6361 2 2 3 4 3074 3671 3563
6362 2 2 3 4 139 3501 138
6363 2 2 3 4 3466 3521 3468
6364 2 2 3 4 3457 3524 3459
6365 2 2 3 4 3451 3525 3453
6366 2 2 3 4 196 3546 197
6367 2 2 3 4 282 3547 283
6368 2 2 3 4 3066 3539 38
6369 2 2 3 4 3033 3598 3174
6370 2 2 3 4 3427 3429 3428
6371 2 2 3 4 3478 3479 3477
6372 2 2 3 4 3471 3521 3466
6373 2 2 3 4 3463 3524 3457
6374 2 2 3 4 3472 3525 3451
6375 2 2 3 4 3163 3512 3172
6376 2 2 3 4 3062 3538 145
6377 2 2 3 4 3060 3536 148
6378 2 2 3 4 3058 3541 151
6379 2 2 3 4 3054 3542 20
6380 2 2 3 4 3095 3529 15
6381 2 2 3 4 16 3528 3095
6382 2 2 3 4 141 3545 140
6383 2 2 3 4 208 3530 209
6384 2 2 3 4 211 3531 212
6385 2 2 3 4 214 3534 215
6386 2 2 3 4 275 3517 276
6387 2 2 3 4 238 3516 239
6388 2 2 3 4 240 3515 241
6389 2 2 3 4 203 3514 204
6390 2 2 3 4 3171 3173 3170
6391 2 2 3 4 3165 3166 3164
6392 2 2 3 4 34 3544 33
6393 2 2 3 4 3157 3158 3156
6394 2 2 3 4 31 3543 30
6395 2 2 3 4 28 3540 27
6396 2 2 3 4 27 3057 26
6397 2 2 3 4 146 3062 145
6398 2 2 3 4 143 3064 142
6399 2 2 3 4 14 3000 13
6400 2 2 3 4 24 3055 23
6401 2 2 3 4 30 3059 29
6402 2 2 3 4 33 3061 32
6403 2 2 3 4 36 3063 35
6404 2 2 3 4 163 3094 162
6405 2 2 3 4 21 3054 20
6406 2 2 3 4 152 3058 151
6407 2 2 3 4 165 2999 164
6408 2 2 3 4 16 3095 15
6409 2 2 3 4 161 3052 160
6410 2 2 3 4 149 3060 148
6411 2 2 3 4 39 3066 38
6412 2 2 3 4 140 3067 139
6413 2 2 3 4 18 3051 17
6414 2 2 3 4 155 3056 154
6415 2 2 3 4 158 3053 157
6416 2 2 3 4 159 3535 158
6417 2 2 3 4 3169 3170 3168
6418 2 2 3 4 3163 3164 3162
6419 2 2 3 4 3361 3363 3360
6420 2 2 3 4 3359 3360 3358
6421 2 2 3 4 3281 3282 3280
6422 2 2 3 4 3283 3284 3282
6423 2 2 3 4 3285 3287 3284
6424 2 2 3 4 3288 3289 3287
6425 2 2 3 4 3278 3280 3277
6426 2 2 3 4 3290 3291 3289
6427 2 2 3 4 3292 3294 3291
6428 2 2 3 4 3295 3296 3294
6429 2 2 3 4 3297 3298 3296
6430 2 2 3 4 3299 3301 3298
6431 2 2 3 4 3302 3303 3301
6432 2 2 3 4 3304 3306 3303
6433 2 2 3 4 3307 3308 3306
6434 2 2 3 4 3309 3310 3308
6435 2 2 3 4 3276 3277 3275
6436 2 2 3 4 3311 3312 3310
6437 2 2 3 4 3313 3314 3312
6438 2 2 3 4 3315 3316 3314
6439 2 2 3 4 3317 3318 3316
6440 2 2 3 4 3319 3320 3318
6441 2 2 3 4 3321 3323 3320
6442 2 2 3 4 3324 3325 3323
6443 2 2 3 4 3326 3327 3325
6444 2 2 3 4 3328 3330 3327
6445 2 2 3 4 3331 3332 3330
6446 2 2 3 4 3274 3275 3273
6447 2 2 3 4 3333 3334 3332
6448 2 2 3 4 3335 3337 3334
6449 2 2 3 4 3338 3339 3337
6450 2 2 3 4 3340 3341 3339
6451 2 2 3 4 3342 3344 3341
6452 2 2 3 4 3345 3346 3344
6453 2 2 3 4 3347 3348 3346
6454 2 2 3 4 3349 3351 3348
6455 2 2 3 4 3352 3353 3351
6456 2 2 3 4 3354 3355 3353
6457 2 2 3 4 3356 3358 3355
6458 2 2 3 4 3271 3273 3270
6459 2 2 3 4 3269 3270 3268
6460 2 2 3 4 3267 3268 3266
6461 2 2 3 4 3264 3266 3263
6462 2 2 3 4 3262 3263 3261
6463 2 2 3 4 3260 3261 3259
6464 2 2 3 4 3257 3259 3256
6465 2 2 3 4 3255 3256 3254
6466 2 2 3 4 3253 3254 3252
6467 2 2 3 4 3250 3252 3249
6468 2 2 3 4 3248 3249 3247
6469 2 2 3 4 3246 3247 3245
6470 2 2 3 4 3243 3245 3242
6471 2 2 3 4 3241 3242 3240
6472 2 2 3 4 3239 3240 3238
6473 2 2 3 4 3440 3443 3441
6474 2 2 3 4 3391 3393 3390
6475 2 2 3 4 38 3539 37
6476 2 2 3 4 3236 3238 3235
6477 2 2 3 4 3155 3156 3154
6478 2 2 3 4 3234 3235 3233
6479 2 2 3 4 145 3538 144
6480 2 2 3 4 148 3536 147
6481 2 2 3 4 151 3541 150
6482 2 2 3 4 20 3542 19
6483 2 2 3 4 15 3529 14
6484 2 2 3 4 17 3528 16
6485 2 2 3 4 3232 3233 3231
6486 2 2 3 4 52 3520 51
6487 2 2 3 4 197 3546 3019
6488 2 2 3 4 3020 3547 282
6489 2 2 3 4 3479 3481 3480
6490 2 2 3 4 3481 3483 3482
6491 2 2 3 4 3470 3477 3476
6492 2 2 3 4 3426 3427 3420
6493 2 2 3 4 3468 3470 3469
6494 2 2 3 4 3419 3420 3418
6495 2 2 3 4 3466 3468 3467
6496 2 2 3 4 3417 3418 3416
6497 2 2 3 4 3415 3416 3411
6498 2 2 3 4 3461 3466 3465
6499 2 2 3 4 3459 3461 3460
6500 2 2 3 4 3410 3411 3409
6501 2 2 3 4 3457 3459 3458
6502 2 2 3 4 3408 3409 3407
6503 2 2 3 4 3455 3457 3456
6504 2 2 3 4 3406 3407 3405
6505 2 2 3 4 3404 3405 3403
6506 2 2 3 4 3453 3455 3454
6507 2 2 3 4 3451 3453 3452
6508 2 2 3 4 3402 3403 3401
6509 2 2 3 4 3400 3401 3399
6510 2 2 3 4 3449 3451 3450
6511 2 2 3 4 3398 3399 3397
6512 2 2 3 4 3447 3449 3448
6513 2 2 3 4 3396 3397 3395
6514 2 2 3 4 3445 3447 3446
6515 2 2 3 4 3443 3445 3444
6516 2 2 3 4 3394 3395 3393
6517 2 2 3 4 3430 3431 3429
6518 2 2 3 4 3483 3486 3484
6519 2 2 3 4 3021 3108 3106
6520 2 2 3 4 3119 3559 3117
6521 2 2 3 4 3230 3231 3229
6522 2 2 3 4 3149 3150 3148
6523 2 2 3 4 3479 3480 3477
6524 2 2 3 4 3427 3430 3429
6525 2 2 3 4 3221 3679 3135
6526 2 2 3 4 3130 3559 3119
6527 2 2 3 4 3146 3149 3148
6528 2 2 3 4 3212 3215 3214
6529 2 2 3 4 3193 3194 3191
6530 2 2 3 4 3391 3394 3393
6531 2 2 3 4 3443 3444 3441
6532 2 2 3 4 201 3385 202
6533 2 2 3 4 277 3384 278
6534 2 2 3 4 3481 3482 3480
6535 2 2 3 4 3419 3426 3420
6536 2 2 3 4 3470 3476 3469
6537 2 2 3 4 3468 3469 3467
6538 2 2 3 4 3417 3419 3418
6539 2 2 3 4 3415 3417 3416
6540 2 2 3 4 3466 3467 3465
6541 2 2 3 4 3461 3465 3460
6542 2 2 3 4 3410 3415 3411
6543 2 2 3 4 3459 3460 3458
6544 2 2 3 4 3408 3410 3409
6545 2 2 3 4 3406 3408 3407
6546 2 2 3 4 3457 3458 3456
6547 2 2 3 4 3455 3456 3454
6548 2 2 3 4 3404 3406 3405
6549 2 2 3 4 3402 3404 3403
6550 2 2 3 4 3453 3454 3452
6551 2 2 3 4 3400 3402 3401
6552 2 2 3 4 3451 3452 3450
6553 2 2 3 4 3449 3450 3448
6554 2 2 3 4 3398 3400 3399
6555 2 2 3 4 3447 3448 3446
6556 2 2 3 4 3396 3398 3397
6557 2 2 3 4 3445 3446 3444
6558 2 2 3 4 3394 3396 3395
6559 2 2 3 4 3486 3490 3489
6560 2 2 3 4 217 3554 218
6561 2 2 3 4 3204 3436 3211
6562 2 2 3 4 3190 3386 3183
6563 2 2 3 4 3430 3432 3431
6564 2 2 3 4 3483 3484 3482
6565 2 2 3 4 3361 3364 3363
6566 2 2 3 4 3359 3361 3360
6567 2 2 3 4 3281 3283 3282
6568 2 2 3 4 3283 3285 3284
6569 2 2 3 4 3278 3281 3280
6570 2 2 3 4 3285 3288 3287
6571 2 2 3 4 3288 3290 3289
6572 2 2 3 4 3290 3292 3291
6573 2 2 3 4 3292 3295 3294
6574 2 2 3 4 3276 3278 3277
6575 2 2 3 4 3295 3297 3296
6576 2 2 3 4 3297 3299 3298
6577 2 2 3 4 3299 3302 3301
6578 2 2 3 4 3302 3304 3303
6579 2 2 3 4 3304 3307 3306
6580 2 2 3 4 3307 3309 3308
6581 2 2 3 4 3309 3311 3310
6582 2 2 3 4 3311 3313 3312
6583 2 2 3 4 3313 3315 3314
6584 2 2 3 4 3315 3317 3316
6585 2 2 3 4 3317 3319 3318
6586 2 2 3 4 3319 3321 3320
6587 2 2 3 4 3274 3276 3275
6588 2 2 3 4 3321 3324 3323
6589 2 2 3 4 3324 3326 3325
6590 2 2 3 4 3326 3328 3327
6591 2 2 3 4 3328 3331 3330
6592 2 2 3 4 3331 3333 3332
6593 2 2 3 4 3333 3335 3334
6594 2 2 3 4 3335 3338 3337
6595 2 2 3 4 3338 3340 3339
6596 2 2 3 4 3340 3342 3341
6597 2 2 3 4 3342 3345 3344
6598 2 2 3 4 3345 3347 3346
6599 2 2 3 4 3347 3349 3348
6600 2 2 3 4 3349 3352 3351
6601 2 2 3 4 3352 3354 3353
6602 2 2 3 4 3354 3356 3355
6603 2 2 3 4 3356 3359 3358
6604 2 2 3 4 3271 3274 3273
6605 2 2 3 4 3269 3271 3270
6606 2 2 3 4 3267 3269 3268
6607 2 2 3 4 3264 3267 3266
6608 2 2 3 4 3262 3264 3263
6609 2 2 3 4 3260 3262 3261
6610 2 2 3 4 3257 3260 3259
6611 2 2 3 4 3255 3257 3256
6612 2 2 3 4 3253 3255 3254
6613 2 2 3 4 3250 3253 3252
6614 2 2 3 4 3248 3250 3249
6615 2 2 3 4 3246 3248 3247
6616 2 2 3 4 3243 3246 3245
6617 2 2 3 4 3241 3243 3242
6618 2 2 3 4 3166 3168 3167
6619 2 2 3 4 3239 3241 3240
6620 2 2 3 4 3158 3160 3159
6621 2 2 3 4 3236 3239 3238
6622 2 2 3 4 200 3021 7
6623 2 2 3 4 191 3015 192
6624 2 2 3 4 290 3013 291
6625 2 2 3 4 293 3012 294
6626 2 2 3 4 194 3017 195
6627 2 2 3 4 197 3019 198
6628 2 2 3 4 296 3010 297
6629 2 2 3 4 302 3005 303
6630 2 2 3 4 284 3018 285
6631 2 2 3 4 176 3006 177
6632 2 2 3 4 179 3008 180
6633 2 2 3 4 182 3009 183
6634 2 2 3 4 188 3014 189
6635 2 2 3 4 185 3011 186
6636 2 2 3 4 8 3022 279
6637 2 2 3 4 281 3020 282
6638 2 2 3 4 299 3007 300
6639 2 2 3 4 287 3016 288
6640 2 2 3 4 3234 3236 3235
6641 2 2 3 4 3160 3162 3161
6642 2 2 3 4 3480 3552 3477
6643 2 2 3 4 3427 3553 3430
6644 2 2 3 4 3152 3154 3153
6645 2 2 3 4 3232 3234 3233
6646 2 2 3 4 3441 3442 3439
6647 2 2 3 4 3389 3392 3391
6648 2 2 3 4 3026 3520 52
6649 2 2 3 4 3150 3152 3151
6650 2 2 3 4 3106 3121 3107
6651 2 2 3 4 3080 3554 217
6652 2 2 3 4 3230 3232 3231
6653 2 2 3 4 3477 3552 3476
6654 2 2 3 4 3426 3553 3427
6655 2 2 3 4 3430 3433 3432
6656 2 2 3 4 3486 3489 3484
6657 2 2 3 4 3430 3553 3433
6658 2 2 3 4 3482 3485 3480
6659 2 2 3 4 3485 3552 3480
6660 2 2 3 4 3469 3475 3467
6661 2 2 3 4 3408 3423 3410
6662 2 2 3 4 3460 3473 3458
6663 2 2 3 4 3454 3464 3452
6664 2 2 3 4 3402 3414 3404
6665 2 2 3 4 3448 3462 3446
6666 2 2 3 4 3396 3412 3398
6667 2 2 3 4 58 3549 57
6668 2 2 3 4 57 3550 56
6669 2 2 3 4 67 3551 66
6670 2 2 3 4 126 3025 125
6671 2 2 3 4 56 3027 55
6672 2 2 3 4 59 3029 58
6673 2 2 3 4 65 3033 64
6674 2 2 3 4 68 3036 67
6675 2 2 3 4 71 3037 70
6676 2 2 3 4 74 3039 73
6677 2 2 3 4 99 3043 98
6678 2 2 3 4 111 3035 110
6679 2 2 3 4 77 3041 76
6680 2 2 3 4 80 3044 79
6681 2 2 3 4 53 3026 52
6682 2 2 3 4 62 3032 61
6683 2 2 3 4 89 3049 88
6684 2 2 3 4 91 3050 90
6685 2 2 3 4 93 3047 92
6686 2 2 3 4 117 3031 116
6687 2 2 3 4 123 3028 122
6688 2 2 3 4 83 3045 82
6689 2 2 3 4 86 3048 85
6690 2 2 3 4 96 3046 95
6691 2 2 3 4 102 3042 101
6692 2 2 3 4 105 3040 104
6693 2 2 3 4 108 3038 107
6694 2 2 3 4 114 3034 113
6695 2 2 3 4 120 3030 119
6696 2 2 3 4 3173 3175 3170
6697 2 2 3 4 3166 3167 3164
6698 2 2 3 4 3158 3159 3156
6699 2 2 3 4 3533 3556 3080
6700 2 2 3 4 301 3557 302
6701 2 2 3 4 177 3558 178
6702 2 2 3 4 199 3548 200
6703 2 2 3 4 3126 3135 3125
6704 2 2 3 4 3160 3161 3159
6705 2 2 3 4 3204 3211 3205
6706 2 2 3 4 3184 3190 3183
6707 2 2 3 4 3150 3151 3148
6708 2 2 3 4 220 3560 221
6709 2 2 3 4 3228 3229 3227
6710 2 2 3 4 3152 3153 3151
6711 2 2 3 4 165 3537 2999
6712 2 2 3 4 3228 3230 3229
6713 2 2 3 4 3142 3145 3144
6714 2 2 3 4 200 3548 3021
6715 2 2 3 4 3281 3286 3283
6716 2 2 3 4 3288 3293 3290
6717 2 2 3 4 3295 3300 3297
6718 2 2 3 4 3302 3305 3304
6719 2 2 3 4 3317 3322 3319
6720 2 2 3 4 3324 3329 3326
6721 2 2 3 4 3274 3279 3276
6722 2 2 3 4 3331 3336 3333
6723 2 2 3 4 3338 3343 3340
6724 2 2 3 4 3345 3350 3347
6725 2 2 3 4 3352 3357 3354
6726 2 2 3 4 3267 3272 3269
6727 2 2 3 4 3260 3265 3262
6728 2 2 3 4 3359 3362 3361
6729 2 2 3 4 3253 3258 3255
6730 2 2 3 4 3246 3251 3248
6731 2 2 3 4 3239 3244 3241
6732 2 2 3 4 3184 3191 3190
6733 2 2 3 4 3211 3212 3205
6734 2 2 3 4 3232 3237 3234
6735 2 2 3 4 3192 3193 3191
6736 2 2 3 4 3212 3214 3213
6737 2 2 3 4 3212 3213 3205
6738 2 2 3 4 3184 3192 3191
6739 2 2 3 4 3170 3555 3168
6740 2 2 3 4 3549 3550 57
6741 2 2 3 4 3029 3549 58
6742 2 2 3 4 56 3550 3027
6743 2 2 3 4 3036 3551 67
6744 2 2 3 4 3072 3669 3668
6745 2 2 3 4 166 3537 165
6746 2 2 3 4 3182 3183 3179
6747 2 2 3 4 3200 3204 3203
6748 2 2 3 4 3021 3548 3108
6749 2 2 3 4 3122 3138 3109
6750 2 2 3 4 3140 3141 3130
6751 2 2 3 4 3204 3205 3203
6752 2 2 3 4 3182 3184 3183
6753 2 2 3 4 3175 3555 3170
6754 2 2 3 4 3128 3133 3127
6755 2 2 3 4 3136 3221 3135
6756 2 2 3 4 223 3562 224
6757 2 2 3 4 3111 3126 3125
6758 2 2 3 4 3200 3203 3201
6759 2 2 3 4 3180 3182 3179
6760 2 2 3 4 3138 3561 3109
6761 2 2 3 4 302 3557 3005
6762 2 2 3 4 3006 3558 177
6763 2 2 3 4 3146 3148 3147
6764 2 2 3 4 3078 3560 220
6765 2 2 3 4 3146 3147 3144
6766 2 2 3 4 3152 3564 3155
6767 2 2 3 4 3145 3146 3144
6768 2 2 3 4 3024 3104 3103
6769 2 2 3 4 303 3198 304
6770 2 2 3 4 175 3177 176
6771 2 2 3 4 226 3563 227
6772 2 2 3 4 3176 3564 3150
6773 2 2 3 4 3072 3668 3565
6774 2 2 3 4 3225 3228 3227
6775 2 2 3 4 3225 3227 3224
6776 2 2 3 4 3104 3109 3105
6777 2 2 3 4 3140 3142 3141
6778 2 2 3 4 3106 3107 3102
6779 2 2 3 4 3021 3106 3102
6780 2 2 3 4 3142 3143 3141
6781 2 2 3 4 3057 3777 3473
6782 2 2 3 4 3423 3778 3058
6783 2 2 3 4 3142 3144 3143
6784 2 2 3 4 229 3565 230
6785 2 2 3 4 3118 3127 3119
6786 2 2 3 4 3141 3559 3130
6787 2 2 3 4 3122 3226 3138
6788 2 2 3 4 3137 3140 3130
6789 2 2 3 4 3129 3130 3119
6790 2 2 3 4 3120 3222 3122
6791 2 2 3 4 3076 3562 223
6792 2 2 3 4 3023 3385 201
6793 2 2 3 4 278 3384 3024
6794 2 2 3 4 3129 3137 3130
6795 2 2 3 4 3021 3102 7
6796 2 2 3 4 232 3567 233
6797 2 2 3 4 3070 3666 3664
6798 2 2 3 4 3104 3120 3109
6799 2 2 3 4 3120 3122 3109
6800 2 2 3 4 3223 3225 3224
6801 2 2 3 4 3473 3789 3057
6802 2 2 3 4 3058 3790 3423
6803 2 2 3 4 3105 3561 3111
6804 2 2 3 4 173 3115 174
6805 2 2 3 4 305 3116 306
6806 2 2 3 4 3126 3136 3135
6807 2 2 3 4 3107 3118 3117
6808 2 2 3 4 3120 3223 3222
6809 2 2 3 4 235 3568 236
6810 2 2 3 4 3223 3224 3222
6811 2 2 3 4 53 3566 3026
6812 2 2 3 4 3036 3725 3360
6813 2 2 3 4 3127 3129 3119
6814 2 2 3 4 3074 3563 226
6815 2 2 3 4 3111 3561 3126
6816 2 2 3 4 22 3571 21
6817 2 2 3 4 3109 3561 3105
6818 2 2 3 4 3516 3653 3101
6819 2 2 3 4 3118 3119 3117
6820 2 2 3 4 3070 3664 3567
6821 2 2 3 4 3065 3654 3516
6822 2 2 3 4 242 3574 243
6823 2 2 3 4 3107 3117 3102
6824 2 2 3 4 3068 3662 3659
6825 2 2 3 4 245 3575 246
6826 2 2 3 4 3072 3565 229
6827 2 2 3 4 3150 3564 3152
6828 2 2 3 4 248 3576 249
6829 2 2 3 4 3515 3651 3100
6830 2 2 3 4 3101 3652 3515
6831 2 2 3 4 3098 3588 3384
6832 2 2 3 4 251 3577 252
6833 2 2 3 4 54 3566 53
6834 2 2 3 4 254 3578 255
6835 2 2 3 4 3384 3569 3024
6836 2 2 3 4 3070 3567 232
6837 2 2 3 4 157 3580 156
6838 2 2 3 4 257 3579 258
6839 2 2 3 4 3065 3655 3654
6840 2 2 3 4 260 3581 261
6841 2 2 3 4 3024 3569 3104
6842 2 2 3 4 3516 3654 3653
6843 2 2 3 4 263 3582 264
6844 2 2 3 4 3068 3659 3568
6845 2 2 3 4 3216 3218 3208
6846 2 2 3 4 3187 3197 3195
6847 2 2 3 4 266 3583 267
6848 2 2 3 4 269 3586 270
6849 2 2 3 4 3068 3568 235
6850 2 2 3 4 272 3587 273
6851 2 2 3 4 3539 3589 37
6852 2 2 3 4 3101 3653 3652
6853 2 2 3 4 141 3590 3545
6854 2 2 3 4 36 3589 3063
6855 2 2 3 4 3064 3590 142
6856 2 2 3 4 3515 3652 3651
6857 2 2 3 4 3037 3723 3353
6858 2 2 3 4 3542 3591 19
6859 2 2 3 4 18 3591 3051
6860 2 2 3 4 3052 3592 160
6861 2 2 3 4 159 3592 3535
6862 2 2 3 4 3104 3569 3120
6863 2 2 3 4 3176 3761 3027
6864 2 2 3 4 3209 3572 3210
6865 2 2 3 4 3189 3573 3188
6866 2 2 3 4 3099 3736 3514
6867 2 2 3 4 21 3571 3054
6868 2 2 3 4 3120 3569 3223
6869 2 2 3 4 3100 3651 3649
6870 2 2 3 4 3138 3570 3561
6871 2 2 3 4 3561 3570 3126
6872 2 2 3 4 3205 3593 3203
6873 2 2 3 4 3100 3574 242
6874 2 2 3 4 3126 3570 3136
6875 2 2 3 4 3182 3594 3184
6876 2 2 3 4 3569 3588 3223
6877 2 2 3 4 3069 3575 245
6878 2 2 3 4 3069 3647 3646
6879 2 2 3 4 3071 3576 248
6880 2 2 3 4 3039 3721 3346
6881 2 2 3 4 3071 3644 3643
6882 2 2 3 4 3073 3577 251
6883 2 2 3 4 3100 3649 3574
6884 2 2 3 4 3384 3588 3569
6885 2 2 3 4 3075 3578 254
6886 2 2 3 4 3414 3744 3541
6887 2 2 3 4 3053 3580 157
6888 2 2 3 4 3073 3640 3637
6889 2 2 3 4 3077 3579 257
6890 2 2 3 4 3172 3613 3165
6891 2 2 3 4 3540 3743 3464
6892 2 2 3 4 3169 3650 3171
6893 2 2 3 4 3079 3581 260
6894 2 2 3 4 3069 3646 3575
6895 2 2 3 4 170 3584 169
6896 2 2 3 4 310 3585 309
6897 2 2 3 4 3081 3582 263
6898 2 2 3 4 3075 3635 3632
6899 2 2 3 4 3083 3583 266
6900 2 2 3 4 3085 3586 269
6901 2 2 3 4 49 3597 48
6902 2 2 3 4 3591 3615 3051
6903 2 2 3 4 3087 3587 272
6904 2 2 3 4 3077 3628 3626
6905 2 2 3 4 3041 3718 3339
6906 2 2 3 4 3071 3643 3576
6907 2 2 3 4 3147 3732 3514
6908 2 2 3 4 3517 3595 3098
6909 2 2 3 4 3582 3617 264
6910 2 2 3 4 3551 3598 66
6911 2 2 3 4 65 3598 3033
6912 2 2 3 4 3079 3624 3623
6913 2 2 3 4 3089 3596 3517
6914 2 2 3 4 273 3600 274
6915 2 2 3 4 37 3589 36
6916 2 2 3 4 142 3590 141
6917 2 2 3 4 3081 3619 3618
6918 2 2 3 4 3232 3599 3237
6919 2 2 3 4 3223 3588 3225
6920 2 2 3 4 3073 3637 3577
6921 2 2 3 4 196 3601 3546
6922 2 2 3 4 3547 3602 283
6923 2 2 3 4 3017 3601 195
6924 2 2 3 4 284 3602 3018
6925 2 2 3 4 3611 3612 3251
6926 2 2 3 4 19 3591 18
6927 2 2 3 4 160 3592 159
6928 2 2 3 4 3083 3616 3614
6929 2 2 3 4 3606 3609 3244
6930 2 2 3 4 3599 3600 3237
6931 2 2 3 4 3085 3611 3610
6932 2 2 3 4 304 3198 3001
6933 2 2 3 4 3002 3177 175
6934 2 2 3 4 3541 3759 3414
6935 2 2 3 4 3464 3760 3540
6936 2 2 3 4 3087 3606 3603
6937 2 2 3 4 3075 3632 3578
6938 2 2 3 4 3581 3620 261
6939 2 2 3 4 3237 3603 3234
6940 2 2 3 4 3089 3599 3596
6941 2 2 3 4 3517 3596 3595
6942 2 2 3 4 280 3783 3487
6943 2 2 3 4 3213 3593 3205
6944 2 2 3 4 3044 3717 3332
6945 2 2 3 4 270 3609 271
6946 2 2 3 4 3184 3594 3192
6947 2 2 3 4 3239 3606 3244
6948 2 2 3 4 69 3762 3365
6949 2 2 3 4 3077 3626 3579
6950 2 2 3 4 3098 3595 3588
6951 2 2 3 4 3079 3623 3581
6952 2 2 3 4 3129 3597 3137
6953 2 2 3 4 3244 3610 3241
6954 2 2 3 4 3579 3625 258
6955 2 2 3 4 267 3612 268
6956 2 2 3 4 3081 3618 3582
6957 2 2 3 4 309 3090 308
6958 2 2 3 4 171 3091 170
6959 2 2 3 4 3246 3611 3251
6960 2 2 3 4 3045 3716 3325
6961 2 2 3 4 3258 3617 3582
6962 2 2 3 4 3588 3595 3225
6963 2 2 3 4 61 3613 60
6964 2 2 3 4 3083 3614 3583
6965 2 2 3 4 3085 3610 3586
6966 2 2 3 4 3485 3615 3591
6967 2 2 3 4 265 3617 3083
6968 2 2 3 4 3251 3614 3248
6969 2 2 3 4 3385 3695 3143
6970 2 2 3 4 3578 3629 255
6971 2 2 3 4 3484 3615 3482
6972 2 2 3 4 3442 3607 3439
6973 2 2 3 4 3389 3608 3392
6974 2 2 3 4 3087 3603 3587
6975 2 2 3 4 72 3765 3366
6976 2 2 3 4 3253 3616 3258
6977 2 2 3 4 3265 3620 3581
6978 2 2 3 4 3587 3603 3237
6979 2 2 3 4 262 3620 3081
6980 2 2 3 4 3258 3618 3255
6981 2 2 3 4 3577 3636 252
6982 2 2 3 4 3260 3619 3265
6983 2 2 3 4 3272 3625 3579
6984 2 2 3 4 3225 3595 3228
6985 2 2 3 4 3215 3607 3214
6986 2 2 3 4 3193 3608 3194
6987 2 2 3 4 259 3625 3079
6988 2 2 3 4 3586 3610 3244
6989 2 2 3 4 3265 3623 3262
6990 2 2 3 4 3489 3641 3484
6991 2 2 3 4 3576 3642 249
6992 2 2 3 4 75 3769 3367
6993 2 2 3 4 3595 3596 3228
6994 2 2 3 4 48 3597 3004
6995 2 2 3 4 3267 3624 3272
6996 2 2 3 4 3279 3629 3578
6997 2 2 3 4 3371 3715 87
6998 2 2 3 4 3013 3742 3525
6999 2 2 3 4 3228 3596 3230
7000 2 2 3 4 3526 3741 3014
7001 2 2 3 4 3521 3631 3468
7002 2 2 3 4 66 3598 65
7003 2 2 3 4 256 3629 3077
7004 2 2 3 4 3583 3614 3251
7005 2 2 3 4 3272 3626 3269
7006 2 2 3 4 3428 3630 3420
7007 2 2 3 4 3470 3631 3478
7008 2 2 3 4 3418 3630 3522
7009 2 2 3 4 3575 3645 246
7010 2 2 3 4 167 3627 166
7011 2 2 3 4 3596 3599 3230
7012 2 2 3 4 3274 3628 3279
7013 2 2 3 4 3286 3636 3577
7014 2 2 3 4 3538 3634 144
7015 2 2 3 4 34 3633 3544
7016 2 2 3 4 3063 3633 35
7017 2 2 3 4 143 3634 3064
7018 2 2 3 4 3230 3599 3232
7019 2 2 3 4 253 3636 3075
7020 2 2 3 4 3582 3618 3258
7021 2 2 3 4 3279 3632 3276
7022 2 2 3 4 311 3638 310
7023 2 2 3 4 169 3639 168
7024 2 2 3 4 274 3600 3089
7025 2 2 3 4 78 3770 3368
7026 2 2 3 4 3089 3600 3599
7027 2 2 3 4 3390 3605 3388
7028 2 2 3 4 3438 3604 3440
7029 2 2 3 4 195 3601 196
7030 2 2 3 4 283 3602 284
7031 2 2 3 4 3574 3648 243
7032 2 2 3 4 3293 3642 3576
7033 2 2 3 4 3281 3635 3286
7034 2 2 3 4 3488 3604 3438
7035 2 2 3 4 3388 3605 3435
7036 2 2 3 4 3525 3757 3013
7037 2 2 3 4 250 3642 3073
7038 2 2 3 4 3014 3758 3526
7039 2 2 3 4 3581 3623 3265
7040 2 2 3 4 3286 3637 3283
7041 2 2 3 4 3091 3584 170
7042 2 2 3 4 309 3585 3090
7043 2 2 3 4 3234 3603 3236
7044 2 2 3 4 3300 3645 3575
7045 2 2 3 4 3439 3607 3215
7046 2 2 3 4 3194 3608 3389
7047 2 2 3 4 3288 3640 3293
7048 2 2 3 4 3087 3609 3606
7049 2 2 3 4 3372 3713 94
7050 2 2 3 4 247 3645 3071
7051 2 2 3 4 3603 3606 3236
7052 2 2 3 4 3579 3626 3272
7053 2 2 3 4 3293 3643 3290
7054 2 2 3 4 3236 3606 3239
7055 2 2 3 4 81 3771 3369
7056 2 2 3 4 3305 3648 3574
7057 2 2 3 4 3295 3644 3300
7058 2 2 3 4 3085 3612 3611
7059 2 2 3 4 244 3648 3069
7060 2 2 3 4 271 3609 3087
7061 2 2 3 4 3578 3632 3279
7062 2 2 3 4 3568 3656 236
7063 2 2 3 4 3373 3711 97
7064 2 2 3 4 3300 3646 3297
7065 2 2 3 4 3302 3647 3305
7066 2 2 3 4 3613 3763 3165
7067 2 2 3 4 3241 3610 3243
7068 2 2 3 4 3577 3637 3286
7069 2 2 3 4 3489 3665 3641
7070 2 2 3 4 63 3650 62
7071 2 2 3 4 3305 3649 3304
7072 2 2 3 4 84 3776 3370
7073 2 2 3 4 3567 3663 233
7074 2 2 3 4 3374 3708 100
7075 2 2 3 4 12 3714 11
7076 2 2 3 4 3610 3611 3243
7077 2 2 3 4 3322 3656 3568
7078 2 2 3 4 3576 3643 3293
7079 2 2 3 4 3243 3611 3246
7080 2 2 3 4 3196 3735 3189
7081 2 2 3 4 3210 3734 3217
7082 2 2 3 4 237 3656 3065
7083 2 2 3 4 3565 3667 230
7084 2 2 3 4 3575 3646 3300
7085 2 2 3 4 3329 3663 3567
7086 2 2 3 4 268 3612 3085
7087 2 2 3 4 3375 3705 103
7088 2 2 3 4 3018 3657 285
7089 2 2 3 4 194 3658 3017
7090 2 2 3 4 3317 3655 3322
7091 2 2 3 4 234 3663 3068
7092 2 2 3 4 87 3779 3371
7093 2 2 3 4 3322 3659 3319
7094 2 2 3 4 3392 3660 3391
7095 2 2 3 4 3441 3661 3442
7096 2 2 3 4 3574 3649 3305
7097 2 2 3 4 3248 3614 3250
7098 2 2 3 4 3336 3667 3565
7099 2 2 3 4 3032 3613 61
7100 2 2 3 4 3563 3670 227
7101 2 2 3 4 3324 3662 3329
7102 2 2 3 4 231 3667 3070
7103 2 2 3 4 3082 3700 3555
7104 2 2 3 4 3376 3704 106
7105 2 2 3 4 3329 3664 3326
7106 2 2 3 4 3614 3616 3250
7107 2 2 3 4 3482 3615 3485
7108 2 2 3 4 3343 3670 3563
7109 2 2 3 4 3250 3616 3253
7110 2 2 3 4 3331 3666 3336
7111 2 2 3 4 3562 3673 224
7112 2 2 3 4 172 3621 171
7113 2 2 3 4 308 3622 307
7114 2 2 3 4 228 3670 3072
7115 2 2 3 4 3568 3659 3322
7116 2 2 3 4 3336 3668 3333
7117 2 2 3 4 3377 3703 109
7118 2 2 3 4 3350 3673 3562
7119 2 2 3 4 264 3617 265
7120 2 2 3 4 3338 3669 3343
7121 2 2 3 4 225 3673 3074
7122 2 2 3 4 3567 3664 3329
7123 2 2 3 4 3560 3676 221
7124 2 2 3 4 3343 3671 3340
7125 2 2 3 4 3357 3676 3560
7126 2 2 3 4 3255 3618 3257
7127 2 2 3 4 3378 3702 112
7128 2 2 3 4 3345 3672 3350
7129 2 2 3 4 3565 3668 3336
7130 2 2 3 4 222 3676 3076
7131 2 2 3 4 3363 3733 3551
7132 2 2 3 4 3362 3681 3554
7133 2 2 3 4 3350 3674 3347
7134 2 2 3 4 3554 3681 218
7135 2 2 3 4 3618 3619 3257
7136 2 2 3 4 3563 3671 3343
7137 2 2 3 4 3257 3619 3260
7138 2 2 3 4 3352 3675 3357
7139 2 2 3 4 219 3681 3078
7140 2 2 3 4 94 3782 3372
7141 2 2 3 4 3379 3701 115
7142 2 2 3 4 3562 3674 3350
7143 2 2 3 4 205 3680 206
7144 2 2 3 4 3357 3677 3354
7145 2 2 3 4 13 3679 12
7146 2 2 3 4 3359 3678 3362
7147 2 2 3 4 261 3620 262
7148 2 2 3 4 3560 3677 3357
7149 2 2 3 4 3015 3684 192
7150 2 2 3 4 287 3685 3016
7151 2 2 3 4 3380 3699 118
7152 2 2 3 4 3362 3682 3361
7153 2 2 3 4 3554 3682 3362
7154 2 2 3 4 3132 3665 3489
7155 2 2 3 4 3262 3623 3264
7156 2 2 3 4 3462 3686 3446
7157 2 2 3 4 3396 3687 3412
7158 2 2 3 4 97 3784 3373
7159 2 2 3 4 3530 3719 3159
7160 2 2 3 4 3623 3624 3264
7161 2 2 3 4 3381 3698 121
7162 2 2 3 4 3090 3622 308
7163 2 2 3 4 171 3621 3091
7164 2 2 3 4 3484 3641 3615
7165 2 2 3 4 3264 3624 3267
7166 2 2 3 4 3383 3696 124
7167 2 2 3 4 258 3625 259
7168 2 2 3 4 100 3785 3374
7169 2 2 3 4 3533 3688 3556
7170 2 2 3 4 3097 3697 3222
7171 2 2 3 4 3269 3626 3271
7172 2 2 3 4 166 3627 3537
7173 2 2 3 4 3490 3766 3132
7174 2 2 3 4 3613 3747 60
7175 2 2 3 4 3162 3722 3084
7176 2 2 3 4 3626 3628 3271
7177 2 2 3 4 103 3786 3375
7178 2 2 3 4 3271 3628 3274
7179 2 2 3 4 3524 3690 3459
7180 2 2 3 4 3421 3689 3411
7181 2 2 3 4 3461 3690 3471
7182 2 2 3 4 3409 3689 3523
7183 2 2 3 4 206 3691 207
7184 2 2 3 4 3420 3630 3418
7185 2 2 3 4 3468 3631 3470
7186 2 2 3 4 255 3629 256
7187 2 2 3 4 3536 3693 147
7188 2 2 3 4 31 3692 3543
7189 2 2 3 4 3061 3692 32
7190 2 2 3 4 146 3693 3062
7191 2 2 3 4 106 3791 3376
7192 2 2 3 4 3276 3632 3278
7193 2 2 3 4 3032 3763 3613
7194 2 2 3 4 35 3633 34
7195 2 2 3 4 144 3634 143
7196 2 2 3 4 49 3755 3597
7197 2 2 3 4 3548 3694 3108
7198 2 2 3 4 124 3696 123
7199 2 2 3 4 3632 3635 3278
7200 2 2 3 4 3141 3695 3559
7201 2 2 3 4 3278 3635 3281
7202 2 2 3 4 121 3698 120
7203 2 2 3 4 109 3797 3377
7204 2 2 3 4 3491 3788 3447
7205 2 2 3 4 3514 3732 3088
7206 2 2 3 4 118 3699 117
7207 2 2 3 4 252 3636 253
7208 2 2 3 4 115 3701 114
7209 2 2 3 4 3222 3697 3122
7210 2 2 3 4 112 3702 111
7211 2 2 3 4 3283 3637 3285
7212 2 2 3 4 3145 3724 3520
7213 2 2 3 4 112 3802 3378
7214 2 2 3 4 109 3703 108
7215 2 2 3 4 45 3750 3
7216 2 2 3 4 3 3750 167
7217 2 2 3 4 106 3704 105
7218 2 2 3 4 3637 3640 3285
7219 2 2 3 4 103 3705 102
7220 2 2 3 4 3285 3640 3288
7221 2 2 3 4 3012 3788 3491
7222 2 2 3 4 3051 3641 3528
7223 2 2 3 4 3016 3706 288
7224 2 2 3 4 191 3707 3015
7225 2 2 3 4 100 3708 99
7226 2 2 3 4 3551 3794 3363
7227 2 2 3 4 115 3805 3379
7228 2 2 3 4 3433 3731 3432
7229 2 2 3 4 3412 3709 3398
7230 2 2 3 4 3448 3710 3462
7231 2 2 3 4 97 3711 96
7232 2 2 3 4 280 3712 281
7233 2 2 3 4 249 3642 250
7234 2 2 3 4 94 3713 93
7235 2 2 3 4 3131 3746 3529
7236 2 2 3 4 3325 3716 3323
7237 2 2 3 4 3290 3643 3292
7238 2 2 3 4 3332 3717 3330
7239 2 2 3 4 3509 3731 3052
7240 2 2 3 4 87 3715 86
7241 2 2 3 4 3339 3718 3337
7242 2 2 3 4 3346 3721 3344
7243 2 2 3 4 3549 3720 3157
7244 2 2 3 4 3584 3639 169
7245 2 2 3 4 310 3638 3585
7246 2 2 3 4 3643 3644 3292
7247 2 2 3 4 3353 3723 3351
7248 2 2 3 4 3292 3644 3295
7249 2 2 3 4 3360 3725 3358
7250 2 2 3 4 3156 3719 3154
7251 2 2 3 4 3434 3756 3019
7252 2 2 3 4 3167 3722 3164
7253 2 2 3 4 246 3645 247
7254 2 2 3 4 3155 3739 3157
7255 2 2 3 4 3014 3727 189
7256 2 2 3 4 290 3728 3013
7257 2 2 3 4 3597 3755 3137
7258 2 2 3 4 3297 3646 3299
7259 2 2 3 4 3464 3729 3452
7260 2 2 3 4 3402 3730 3414
7261 2 2 3 4 3529 3746 3000
7262 2 2 3 4 3151 3732 3148
7263 2 2 3 4 3646 3647 3299
7264 2 2 3 4 3299 3647 3302
7265 2 2 3 4 3103 3748 8
7266 2 2 3 4 3530 3738 209
7267 2 2 3 4 210 3738 3084
7268 2 2 3 4 3172 3747 3613
7269 2 2 3 4 3615 3641 3051
7270 2 2 3 4 3525 3742 3453
7271 2 2 3 4 64 3737 63
7272 2 2 3 4 3455 3742 3463
7273 2 2 3 4 3413 3741 3405
7274 2 2 3 4 3403 3741 3526
7275 2 2 3 4 3556 3683 3364
7276 2 2 3 4 243 3648 244
7277 2 2 3 4 8 3748 3022
7278 2 2 3 4 3541 3744 150
7279 2 2 3 4 28 3743 3540
7280 2 2 3 4 3059 3743 29
7281 2 2 3 4 149 3744 3060
7282 2 2 3 4 3353 3800 3037
7283 2 2 3 4 3135 3746 3125
7284 2 2 3 4 3527 3787 3011
7285 2 2 3 4 3144 3736 3143
7286 2 2 3 4 3304 3649 3307
7287 2 2 3 4 3145 3740 3146
7288 2 2 3 4 3096 3755 50
7289 2 2 3 4 3132 3766 3112
7290 2 2 3 4 3486 3749 3490
7291 2 2 3 4 3366 3803 3348
7292 2 2 3 4 3365 3800 3355
7293 2 2 3 4 3649 3651 3307
7294 2 2 3 4 3641 3665 3528
7295 2 2 3 4 62 3650 3032
7296 2 2 3 4 59 3747 3029
7297 2 2 3 4 3483 3799 3487
7298 2 2 3 4 3307 3651 3309
7299 2 2 3 4 3129 3764 3597
7300 2 2 3 4 3166 3763 3169
7301 2 2 3 4 116 3805 115
7302 2 2 3 4 3449 3788 3472
7303 2 2 3 4 3422 3787 3399
7304 2 2 3 4 168 3751 5
7305 2 2 3 4 5 3751 173
7306 2 2 3 4 10 3752 311
7307 2 2 3 4 306 3752 10
7308 2 2 3 4 3397 3787 3527
7309 2 2 3 4 152 3790 3058
7310 2 2 3 4 3057 3789 26
7311 2 2 3 4 3019 3756 198
7312 2 2 3 4 3013 3757 291
7313 2 2 3 4 188 3758 3014
7314 2 2 3 4 113 3802 112
7315 2 2 3 4 77 3804 3041
7316 2 2 3 4 3651 3652 3309
7317 2 2 3 4 7 3753 3023
7318 2 2 3 4 199 3756 3548
7319 2 2 3 4 110 3797 109
7320 2 2 3 4 74 3801 3039
7321 2 2 3 4 3414 3759 3404
7322 2 2 3 4 3454 3760 3464
7323 2 2 3 4 70 3762 69
7324 2 2 3 4 3309 3652 3311
7325 2 2 3 4 107 3791 106
7326 2 2 3 4 71 3798 3037
7327 2 2 3 4 73 3765 72
7328 2 2 3 4 3497 3796 3206
7329 2 2 3 4 3027 3761 55
7330 2 2 3 4 3529 3754 3131
7331 2 2 3 4 104 3786 103
7332 2 2 3 4 76 3769 75
7333 2 2 3 4 68 3792 3036
7334 2 2 3 4 101 3785 100
7335 2 2 3 4 79 3770 78
7336 2 2 3 4 98 3784 97
7337 2 2 3 4 82 3771 81
7338 2 2 3 4 3508 3745 3509
7339 2 2 3 4 95 3782 94
7340 2 2 3 4 85 3776 84
7341 2 2 3 4 3011 3774 186
7342 2 2 3 4 293 3775 3012
7343 2 2 3 4 88 3779 87
7344 2 2 3 4 3473 3777 3458
7345 2 2 3 4 3408 3778 3423
7346 2 2 3 4 3652 3653 3311
7347 2 2 3 4 3311 3653 3313
7348 2 2 3 4 3346 3803 3039
7349 2 2 3 4 3653 3654 3313
7350 2 2 3 4 3313 3654 3315
7351 2 2 3 4 3133 3764 3127
7352 2 2 3 4 3185 3795 3500
7353 2 2 3 4 3559 3753 3117
7354 2 2 3 4 54 3761 3566
7355 2 2 3 4 3654 3655 3315
7356 2 2 3 4 3315 3655 3317
7357 2 2 3 4 3102 3753 7
7358 2 2 3 4 285 3657 286
7359 2 2 3 4 193 3658 194
7360 2 2 3 4 236 3656 237
7361 2 2 3 4 3095 3754 3529
7362 2 2 3 4 3168 3700 3167
7363 2 2 3 4 3319 3659 3321
7364 2 2 3 4 3391 3660 3394
7365 2 2 3 4 3444 3661 3441
7366 2 2 3 4 3597 3764 3004
7367 2 2 3 4 3659 3662 3321
7368 2 2 3 4 3321 3662 3324
7369 2 2 3 4 233 3663 234
7370 2 2 3 4 3360 3794 3036
7371 2 2 3 4 3326 3664 3328
7372 2 2 3 4 134 3767 4
7373 2 2 3 4 2 3768 44
7374 2 2 3 4 3528 3665 3095
7375 2 2 3 4 3664 3666 3328
7376 2 2 3 4 3328 3666 3331
7377 2 2 3 4 230 3667 231
7378 2 2 3 4 3333 3668 3335
7379 2 2 3 4 3365 3792 69
7380 2 2 3 4 3668 3669 3335
7381 2 2 3 4 3512 3720 3029
7382 2 2 3 4 3335 3669 3338
7383 2 2 3 4 227 3670 228
7384 2 2 3 4 3657 3685 286
7385 2 2 3 4 193 3684 3658
7386 2 2 3 4 3340 3671 3342
7387 2 2 3 4 3671 3672 3342
7388 2 2 3 4 3660 3687 3394
7389 2 2 3 4 3444 3686 3661
7390 2 2 3 4 3342 3672 3345
7391 2 2 3 4 224 3673 225
7392 2 2 3 4 3366 3798 72
7393 2 2 3 4 3347 3674 3349
7394 2 2 3 4 3674 3675 3349
7395 2 2 3 4 3086 3719 3530
7396 2 2 3 4 3349 3675 3352
7397 2 2 3 4 221 3676 222
7398 2 2 3 4 3084 3722 3531
7399 2 2 3 4 3354 3677 3356
7400 2 2 3 4 3000 3679 13
7401 2 2 3 4 3677 3678 3356
7402 2 2 3 4 3356 3678 3359
7403 2 2 3 4 3088 3680 205
7404 2 2 3 4 218 3681 219
7405 2 2 3 4 3142 3724 3145
7406 2 2 3 4 3367 3801 75
7407 2 2 3 4 3361 3682 3364
7408 2 2 3 4 192 3684 193
7409 2 2 3 4 286 3685 287
7410 2 2 3 4 4 3767 172
7411 2 2 3 4 307 3768 2
7412 2 2 3 4 3446 3686 3444
7413 2 2 3 4 3394 3687 3396
7414 2 2 3 4 3023 3695 3385
7415 2 2 3 4 3368 3804 78
7416 2 2 3 4 3157 3720 3158
7417 2 2 3 4 3052 3731 3592
7418 2 2 3 4 3096 3724 3140
7419 2 2 3 4 3534 3688 3533
7420 2 2 3 4 3551 3733 3598
7421 2 2 3 4 3555 3700 3168
7422 2 2 3 4 3765 3803 3366
7423 2 2 3 4 3762 3800 3365
7424 2 2 3 4 3487 3799 3712
7425 2 2 3 4 3158 3720 3512
7426 2 2 3 4 3411 3689 3409
7427 2 2 3 4 3459 3690 3461
7428 2 2 3 4 3041 3804 3718
7429 2 2 3 4 207 3691 3086
7430 2 2 3 4 32 3692 31
7431 2 2 3 4 147 3693 146
7432 2 2 3 4 3108 3694 3508
7433 2 2 3 4 3039 3801 3721
7434 2 2 3 4 3550 3739 3027
7435 2 2 3 4 3037 3798 3723
7436 2 2 3 4 3027 3739 3564
7437 2 2 3 4 3143 3695 3141
7438 2 2 3 4 3036 3792 3725
7439 2 2 3 4 3566 3740 3026
7440 2 2 3 4 123 3696 3028
7441 2 2 3 4 3122 3697 3226
7442 2 2 3 4 120 3698 3030
7443 2 2 3 4 3020 3799 3481
7444 2 2 3 4 3149 3740 3566
7445 2 2 3 4 3532 3700 3082
7446 2 2 3 4 117 3699 3031
7447 2 2 3 4 133 3793 3114
7448 2 2 3 4 3772 3780 3188
7449 2 2 3 4 3209 3781 3773
7450 2 2 3 4 114 3701 3034
7451 2 2 3 4 3140 3724 3142
7452 2 2 3 4 3573 3735 3091
7453 2 2 3 4 3090 3734 3572
7454 2 2 3 4 3114 3714 3221
7455 2 2 3 4 111 3702 3035
7456 2 2 3 4 108 3703 3038
7457 2 2 3 4 105 3704 3040
7458 2 2 3 4 102 3705 3042
7459 2 2 3 4 288 3706 289
7460 2 2 3 4 190 3707 191
7461 2 2 3 4 44 3768 3123
7462 2 2 3 4 3124 3767 134
7463 2 2 3 4 99 3708 3043
7464 2 2 3 4 3398 3709 3400
7465 2 2 3 4 3450 3710 3448
7466 2 2 3 4 96 3711 3046
7467 2 2 3 4 3133 3726 3496
7468 2 2 3 4 281 3712 3020
7469 2 2 3 4 93 3713 3047
7470 2 2 3 4 3780 3795 3186
7471 2 2 3 4 3207 3796 3781
7472 2 2 3 4 86 3715 3048
7473 2 2 3 4 3496 3726 3113
7474 2 2 3 4 3323 3716 3370
7475 2 2 3 4 3706 3728 289
7476 2 2 3 4 190 3727 3707
7477 2 2 3 4 3022 3783 279
7478 2 2 3 4 3091 3735 3584
7479 2 2 3 4 3585 3734 3090
7480 2 2 3 4 3330 3717 3369
7481 2 2 3 4 3709 3730 3400
7482 2 2 3 4 3450 3729 3710
7483 2 2 3 4 3337 3718 3368
7484 2 2 3 4 3344 3721 3367
7485 2 2 3 4 3159 3719 3156
7486 2 2 3 4 3209 3773 3572
7487 2 2 3 4 3573 3772 3188
7488 2 2 3 4 3029 3720 3549
7489 2 2 3 4 3351 3723 3366
7490 2 2 3 4 3164 3722 3162
7491 2 2 3 4 3520 3724 3096
7492 2 2 3 4 3358 3725 3365
7493 2 2 3 4 3134 3726 3133
7494 2 2 3 4 189 3727 190
7495 2 2 3 4 289 3728 290
7496 2 2 3 4 3452 3729 3450
7497 2 2 3 4 3400 3730 3402
7498 2 2 3 4 3207 3781 3209
7499 2 2 3 4 3188 3780 3186
7500 2 2 3 4 3148 3732 3147
7501 2 2 3 4 279 3783 280
7502 2 2 3 4 3147 3736 3144
7503 2 2 3 4 3592 3731 3433
7504 2 2 3 4 3033 3737 64
7505 2 2 3 4 3092 3780 3220
7506 2 2 3 4 3219 3781 3093
7507 2 2 3 4 209 3738 210
7508 2 2 3 4 311 3752 3638
7509 2 2 3 4 3639 3751 168
7510 2 2 3 4 3564 3739 3155
7511 2 2 3 4 3572 3734 3210
7512 2 2 3 4 3189 3735 3573
7513 2 2 3 4 3146 3740 3149
7514 2 2 3 4 3405 3741 3403
7515 2 2 3 4 3453 3742 3455
7516 2 2 3 4 29 3743 28
7517 2 2 3 4 150 3744 149
7518 2 2 3 4 3206 3796 3207
7519 2 2 3 4 3186 3795 3185
7520 2 2 3 4 1 3793 133
7521 2 2 3 4 167 3750 3627
7522 2 2 3 4 3131 3754 3132
7523 2 2 3 4 3113 3750 45
7524 2 2 3 4 3092 3795 3780
7525 2 2 3 4 3781 3796 3093
7526 2 2 3 4 3110 3748 3103
7527 2 2 3 4 3125 3746 3131
7528 2 2 3 4 3220 3772 3124
7529 2 2 3 4 3123 3773 3219
7530 2 2 3 4 3220 3780 3772
7531 2 2 3 4 3773 3781 3219
7532 2 2 3 4 60 3747 59
7533 2 2 3 4 3487 3749 3486
7534 2 2 3 4 3110 3766 3748
7535 2 2 3 4 11 3793 1
7536 2 2 3 4 50 3755 49
7537 2 2 3 4 3598 3733 3174
7538 2 2 3 4 173 3751 3115
7539 2 2 3 4 3116 3752 306
7540 2 2 3 4 198 3756 199
7541 2 2 3 4 291 3757 292
7542 2 2 3 4 187 3758 188
7543 2 2 3 4 3117 3753 3102
7544 2 2 3 4 3404 3759 3406
7545 2 2 3 4 3456 3760 3454
7546 2 2 3 4 3363 3794 3360
7547 2 2 3 4 55 3761 54
7548 2 2 3 4 3165 3763 3166
7549 2 2 3 4 3112 3766 3110
7550 2 2 3 4 3037 3762 70
7551 2 2 3 4 3757 3775 292
7552 2 2 3 4 187 3774 3758
7553 2 2 3 4 3039 3765 73
7554 2 2 3 4 3127 3764 3129
7555 2 2 3 4 3759 3778 3406
7556 2 2 3 4 3456 3777 3760
7557 2 2 3 4 3041 3769 76
7558 2 2 3 4 3044 3770 79
7559 2 2 3 4 3500 3795 3092
7560 2 2 3 4 3045 3771 82
7561 2 2 3 4 186 3774 187
7562 2 2 3 4 292 3775 293
7563 2 2 3 4 3048 3776 85
7564 2 2 3 4 3458 3777 3456
7565 2 2 3 4 3406 3778 3408
7566 2 2 3 4 3123 3768 3622
7567 2 2 3 4 3621 3767 3124
7568 2 2 3 4 3049 3779 88
7569 2 2 3 4 3093 3796 3497
7570 2 2 3 4 3046 3782 95
7571 2 2 3 4 3043 3784 98
7572 2 2 3 4 3132 3754 3665
7573 2 2 3 4 3399 3787 3397
7574 2 2 3 4 3447 3788 3449
7575 2 2 3 4 3042 3785 101
7576 2 2 3 4 26 3789 25
7577 2 2 3 4 153 3790 152
7578 2 2 3 4 3355 3800 3353
7579 2 2 3 4 3348 3803 3346
7580 2 2 3 4 3040 3786 104
7581 2 2 3 4 3481 3799 3483
7582 2 2 3 4 69 3792 68
7583 2 2 3 4 72 3798 71
7584 2 2 3 4 3038 3791 107
7585 2 2 3 4 75 3801 74
7586 2 2 3 4 3035 3797 110
7587 2 2 3 4 78 3804 77
7588 2 2 3 4 3034 3802 113
7589 2 2 3 4 3036 3794 3551
7590 2 2 3 4 3031 3805 116
7591 2 2 3 4 3114 3793 3714
7592 2 2 3 4 3638 3752 3116
7593 2 2 3 4 3115 3751 3639
7594 2 2 3 4 3627 3750 3113
7595 2 2 3 4 172 3767 3621
7596 2 2 3 4 3622 3768 307
7597 2 2 3 4 3665 3754 3095
7598 2 2 3 4 3749 3783 3022
7599 2 2 3 4 3694 3745 3508
7600 2 2 3 4 3712 3799 3020
7601 2 2 3 4 3718 3804 3368
7602 2 2 3 4 3721 3801 3367
7603 2 2 3 4 3723 3798 3366
7604 2 2 3 4 3725 3792 3365
7605 2 2 3 4 3714 3793 11
7606 2 2 3 4 3037 3800 3762
7607 2 2 3 4 3039 3803 3765
7608 2 2 3 4 3487 3783 3749
$EndElements
