$MeshFormat
2.2 0 8
$EndMeshFormat
$PhysicalNames
5
1 11 "Outer"
1 12 "Rigid"
2 1 "Air"
2 2 "Porous"
2 3 "Sponge"
$EndPhysicalNames
$Nodes
3678
1 -2.55 1.8 0
2 -2.55 -0.05 0
3 2.55 1.8 0
4 2.55 -0.05 0
5 2.25 -0.05 0
6 2.25 0 0
7 2.25 1.5 0
8 -2.25 1.5 0
9 -2.25 0 0
10 -2.25 -0.05 0
11 -2.55 1.743939393939394 0
12 -2.55 1.687878787878788 0
13 -2.55 1.631818181818182 0
14 -2.55 1.575757575757575 0
15 -2.55 1.519696969696969 0
16 -2.55 1.463636363636363 0
17 -2.55 1.407575757575757 0
18 -2.55 1.351515151515151 0
19 -2.55 1.295454545454545 0
20 -2.55 1.239393939393938 0
21 -2.55 1.183333333333332 0
22 -2.55 1.127272727272726 0
23 -2.55 1.07121212121212 0
24 -2.55 1.015151515151513 0
25 -2.55 0.959090909090907 0
26 -2.55 0.9030303030303006 0
27 -2.55 0.8469696969696947 0
28 -2.55 0.7909090909090883 0
29 -2.55 0.7348484848484826 0
30 -2.55 0.6787878787878765 0
31 -2.55 0.6227272727272708 0
32 -2.55 0.5666666666666649 0
33 -2.55 0.510606060606059 0
34 -2.55 0.454545454545453 0
35 -2.55 0.3984848484848471 0
36 -2.55 0.3424242424242412 0
37 -2.55 0.2863636363636353 0
38 -2.55 0.2303030303030296 0
39 -2.55 0.1742424242424234 0
40 -2.55 0.1181818181818177 0
41 -2.55 0.06212121212121158 0
42 -2.55 0.006060606060605878 0
43 2.493333333333333 1.8 0
44 2.436666666666667 1.8 0
45 2.38 1.8 0
46 2.323333333333334 1.8 0
47 2.266666666666667 1.8 0
48 2.21 1.8 0
49 2.153333333333334 1.8 0
50 2.096666666666668 1.8 0
51 2.040000000000001 1.8 0
52 1.983333333333335 1.8 0
53 1.926666666666668 1.8 0
54 1.870000000000001 1.8 0
55 1.813333333333335 1.8 0
56 1.756666666666669 1.8 0
57 1.700000000000002 1.8 0
58 1.643333333333336 1.8 0
59 1.586666666666669 1.8 0
60 1.530000000000002 1.8 0
61 1.473333333333336 1.8 0
62 1.416666666666669 1.8 0
63 1.360000000000003 1.8 0
64 1.303333333333336 1.8 0
65 1.24666666666667 1.8 0
66 1.190000000000003 1.8 0
67 1.133333333333337 1.8 0
68 1.07666666666667 1.8 0
69 1.020000000000004 1.8 0
70 0.9633333333333376 1.8 0
71 0.9066666666666712 1.8 0
72 0.8500000000000045 1.8 0
73 0.7933333333333381 1.8 0
74 0.7366666666666717 1.8 0
75 0.680000000000005 1.8 0
76 0.6233333333333386 1.8 0
77 0.566666666666672 1.8 0
78 0.5100000000000051 1.8 0
79 0.4533333333333385 1.8 0
80 0.3966666666666714 1.8 0
81 0.3400000000000047 1.8 0
82 0.2833333333333381 1.8 0
83 0.226666666666671 1.8 0
84 0.1700000000000044 1.8 0
85 0.1133333333333377 1.8 0
86 0.05666666666667064 1.8 0
87 3.996802888650564e-15 1.8 0
88 -0.05666666666666265 1.8 0
89 -0.1133333333333293 1.8 0
90 -0.1699999999999964 1.8 0
91 -0.226666666666663 1.8 0
92 -0.2833333333333301 1.8 0
93 -0.3399999999999967 1.8 0
94 -0.3966666666666634 1.8 0
95 -0.4533333333333305 1.8 0
96 -0.5099999999999967 1.8 0
97 -0.5666666666666633 1.8 0
98 -0.6233333333333304 1.8 0
99 -0.6799999999999971 1.8 0
100 -0.7366666666666637 1.8 0
101 -0.7933333333333308 1.8 0
102 -0.8499999999999974 1.8 0
103 -0.9066666666666641 1.8 0
104 -0.9633333333333312 1.8 0
105 -1.019999999999998 1.8 0
106 -1.076666666666664 1.8 0
107 -1.133333333333331 1.8 0
108 -1.189999999999998 1.8 0
109 -1.246666666666664 1.8 0
110 -1.303333333333331 1.8 0
111 -1.359999999999997 1.8 0
112 -1.416666666666664 1.8 0
113 -1.473333333333331 1.8 0
114 -1.529999999999998 1.8 0
115 -1.586666666666664 1.8 0
116 -1.643333333333331 1.8 0
117 -1.699999999999998 1.8 0
118 -1.756666666666665 1.8 0
119 -1.813333333333332 1.8 0
120 -1.869999999999998 1.8 0
121 -1.926666666666665 1.8 0
122 -1.983333333333332 1.8 0
123 -2.039999999999998 1.8 0
124 -2.096666666666666 1.8 0
125 -2.153333333333332 1.8 0
126 -2.209999999999999 1.8 0
127 -2.266666666666666 1.8 0
128 -2.323333333333332 1.8 0
129 -2.38 1.8 0
130 -2.436666666666667 1.8 0
131 -2.493333333333333 1.8 0
132 2.55 0.006060606060606148 0
133 2.55 0.0621212121212123 0
134 2.55 0.1181818181818185 0
135 2.55 0.1742424242424246 0
136 2.55 0.2303030303030308 0
137 2.55 0.2863636363636369 0
138 2.55 0.342424242424243 0
139 2.55 0.3984848484848491 0
140 2.55 0.4545454545454553 0
141 2.55 0.5106060606060616 0
142 2.55 0.5666666666666678 0
143 2.55 0.6227272727272741 0
144 2.55 0.6787878787878805 0
145 2.55 0.7348484848484866 0
146 2.55 0.790909090909093 0
147 2.55 0.8469696969696994 0
148 2.55 0.9030303030303053 0
149 2.55 0.9590909090909117 0
150 2.55 1.015151515151517 0
151 2.55 1.071212121212124 0
152 2.55 1.127272727272729 0
153 2.55 1.183333333333335 0
154 2.55 1.239393939393941 0
155 2.55 1.295454545454547 0
156 2.55 1.351515151515153 0
157 2.55 1.407575757575759 0
158 2.55 1.463636363636365 0
159 2.55 1.51969696969697 0
160 2.55 1.575757575757577 0
161 2.55 1.631818181818182 0
162 2.55 1.687878787878788 0
163 2.55 1.743939393939394 0
164 2.3 -0.05 0
165 2.35 -0.05 0
166 2.4 -0.05 0
167 2.45 -0.05 0
168 2.5 -0.05 0
169 2.25 0.05555555555555566 0
170 2.25 0.1111111111111113 0
171 2.25 0.1666666666666669 0
172 2.25 0.2222222222222225 0
173 2.25 0.2777777777777783 0
174 2.25 0.333333333333334 0
175 2.25 0.3888888888888897 0
176 2.25 0.4444444444444455 0
177 2.25 0.500000000000001 0
178 2.25 0.5555555555555566 0
179 2.25 0.611111111111112 0
180 2.25 0.6666666666666675 0
181 2.25 0.722222222222223 0
182 2.25 0.7777777777777786 0
183 2.25 0.833333333333334 0
184 2.25 0.8888888888888895 0
185 2.25 0.944444444444445 0
186 2.25 1 0
187 2.25 1.055555555555556 0
188 2.25 1.111111111111112 0
189 2.25 1.166666666666667 0
190 2.25 1.222222222222223 0
191 2.25 1.277777777777778 0
192 2.25 1.333333333333333 0
193 2.25 1.388888888888889 0
194 2.25 1.444444444444444 0
195 2.193037974683544 1.5 0
196 2.136075949367089 1.5 0
197 2.079113924050633 1.5 0
198 2.022151898734178 1.5 0
199 1.965189873417722 1.5 0
200 1.908227848101267 1.5 0
201 1.851265822784811 1.5 0
202 1.794303797468355 1.5 0
203 1.7373417721519 1.5 0
204 1.680379746835444 1.5 0
205 1.623417721518989 1.5 0
206 1.566455696202533 1.5 0
207 1.509493670886077 1.5 0
208 1.452531645569622 1.5 0
209 1.395569620253166 1.5 0
210 1.338607594936711 1.5 0
211 1.281645569620255 1.5 0
212 1.2246835443038 1.5 0
213 1.167721518987344 1.5 0
214 1.110759493670888 1.5 0
215 1.053797468354432 1.5 0
216 0.9968354430379764 1.5 0
217 0.9398734177215207 1.5 0
218 0.8829113924050651 1.5 0
219 0.8259493670886091 1.5 0
220 0.7689873417721536 1.5 0
221 0.7120253164556978 1.5 0
222 0.655063291139242 1.5 0
223 0.5981012658227864 1.5 0
224 0.5411392405063304 1.5 0
225 0.4841772151898747 1.5 0
226 0.4272151898734191 1.5 0
227 0.3702531645569633 1.5 0
228 0.3132911392405078 1.5 0
229 0.256329113924052 1.5 0
230 0.1993670886075964 1.5 0
231 0.1424050632911404 1.5 0
232 0.08544303797468444 1.5 0
233 0.02848101265822933 1.5 0
234 -0.02848101265822667 1.5 0
235 -0.08544303797468222 1.5 0
236 -0.1424050632911382 1.5 0
237 -0.1993670886075942 1.5 0
238 -0.2563291139240493 1.5 0
239 -0.3132911392405053 1.5 0
240 -0.3702531645569609 1.5 0
241 -0.4272151898734169 1.5 0
242 -0.4841772151898724 1.5 0
243 -0.5411392405063284 1.5 0
244 -0.598101265822784 1.5 0
245 -0.6550632911392396 1.5 0
246 -0.7120253164556956 1.5 0
247 -0.7689873417721511 1.5 0
248 -0.8259493670886071 1.5 0
249 -0.8829113924050627 1.5 0
250 -0.9398734177215182 1.5 0
251 -0.9968354430379742 1.5 0
252 -1.05379746835443 1.5 0
253 -1.110759493670886 1.5 0
254 -1.167721518987341 1.5 0
255 -1.224683544303797 1.5 0
256 -1.281645569620253 1.5 0
257 -1.338607594936708 1.5 0
258 -1.395569620253164 1.5 0
259 -1.45253164556962 1.5 0
260 -1.509493670886076 1.5 0
261 -1.566455696202531 1.5 0
262 -1.623417721518987 1.5 0
263 -1.680379746835443 1.5 0
264 -1.737341772151899 1.5 0
265 -1.794303797468355 1.5 0
266 -1.85126582278481 1.5 0
267 -1.908227848101266 1.5 0
268 -1.965189873417721 1.5 0
269 -2.022151898734177 1.5 0
270 -2.079113924050633 1.5 0
271 -2.136075949367088 1.5 0
272 -2.193037974683544 1.5 0
273 -2.25 1.444444444444444 0
274 -2.25 1.388888888888889 0
275 -2.25 1.333333333333333 0
276 -2.25 1.277777777777777 0
277 -2.25 1.222222222222222 0
278 -2.25 1.166666666666666 0
279 -2.25 1.11111111111111 0
280 -2.25 1.055555555555554 0
281 -2.25 0.999999999999999 0
282 -2.25 0.9444444444444434 0
283 -2.25 0.888888888888888 0
284 -2.25 0.8333333333333325 0
285 -2.25 0.777777777777777 0
286 -2.25 0.7222222222222214 0
287 -2.25 0.666666666666666 0
288 -2.25 0.6111111111111105 0
289 -2.25 0.555555555555555 0
290 -2.25 0.4999999999999996 0
291 -2.25 0.444444444444444 0
292 -2.25 0.3888888888888884 0
293 -2.25 0.333333333333333 0
294 -2.25 0.2777777777777775 0
295 -2.25 0.2222222222222219 0
296 -2.25 0.1666666666666665 0
297 -2.25 0.1111111111111112 0
298 -2.25 0.05555555555555558 0
299 -2.5 -0.05 0
300 -2.45 -0.05 0
301 -2.4 -0.05 0
302 -2.35 -0.05 0
303 -2.3 -0.05 0
304 -2.193037974683544 0 0
305 -2.136075949367089 0 0
306 -2.079113924050633 0 0
307 -2.022151898734178 0 0
308 -1.965189873417722 0 0
309 -1.908227848101267 0 0
310 -1.851265822784811 0 0
311 -1.794303797468355 0 0
312 -1.7373417721519 0 0
313 -1.680379746835444 0 0
314 -1.623417721518989 0 0
315 -1.566455696202533 0 0
316 -1.509493670886077 0 0
317 -1.452531645569622 0 0
318 -1.395569620253166 0 0
319 -1.338607594936711 0 0
320 -1.281645569620255 0 0
321 -1.2246835443038 0 0
322 -1.167721518987344 0 0
323 -1.110759493670888 0 0
324 -1.053797468354432 0 0
325 -0.9968354430379764 0 0
326 -0.9398734177215207 0 0
327 -0.8829113924050651 0 0
328 -0.8259493670886091 0 0
329 -0.7689873417721536 0 0
330 -0.7120253164556978 0 0
331 -0.655063291139242 0 0
332 -0.5981012658227864 0 0
333 -0.5411392405063304 0 0
334 -0.4841772151898747 0 0
335 -0.4272151898734191 0 0
336 -0.3702531645569633 0 0
337 -0.3132911392405078 0 0
338 -0.256329113924052 0 0
339 -0.1993670886075964 0 0
340 -0.1424050632911404 0 0
341 -0.08544303797468444 0 0
342 -0.02848101265822933 0 0
343 0.02848101265822667 0 0
344 0.08544303797468222 0 0
345 0.1424050632911382 0 0
346 0.1993670886075942 0 0
347 0.2563291139240493 0 0
348 0.3132911392405053 0 0
349 0.3702531645569609 0 0
350 0.4272151898734169 0 0
351 0.4841772151898724 0 0
352 0.5411392405063284 0 0
353 0.598101265822784 0 0
354 0.6550632911392396 0 0
355 0.7120253164556956 0 0
356 0.7689873417721511 0 0
357 0.8259493670886071 0 0
358 0.8829113924050627 0 0
359 0.9398734177215182 0 0
360 0.9968354430379742 0 0
361 1.05379746835443 0 0
362 1.110759493670886 0 0
363 1.167721518987341 0 0
364 1.224683544303797 0 0
365 1.281645569620253 0 0
366 1.338607594936708 0 0
367 1.395569620253164 0 0
368 1.45253164556962 0 0
369 1.509493670886076 0 0
370 1.566455696202531 0 0
371 1.623417721518987 0 0
372 1.680379746835443 0 0
373 1.737341772151899 0 0
374 1.794303797468355 0 0
375 1.85126582278481 0 0
376 1.908227848101266 0 0
377 1.965189873417721 0 0
378 2.022151898734177 0 0
379 2.079113924050633 0 0
380 2.136075949367088 0 0
381 2.193037974683544 0 0
382 -2.193037974683544 -0.05 0
383 -2.136075949367089 -0.05 0
384 -2.079113924050633 -0.05 0
385 -2.022151898734178 -0.05 0
386 -1.965189873417722 -0.05 0
387 -1.908227848101267 -0.05 0
388 -1.851265822784811 -0.05 0
389 -1.794303797468355 -0.05 0
390 -1.7373417721519 -0.05 0
391 -1.680379746835444 -0.05 0
392 -1.623417721518989 -0.05 0
393 -1.566455696202533 -0.05 0
394 -1.509493670886077 -0.05 0
395 -1.452531645569622 -0.05 0
396 -1.395569620253166 -0.05 0
397 -1.338607594936711 -0.05 0
398 -1.281645569620255 -0.05 0
399 -1.2246835443038 -0.05 0
400 -1.167721518987344 -0.05 0
401 -1.110759493670888 -0.05 0
402 -1.053797468354432 -0.05 0
403 -0.9968354430379764 -0.05 0
404 -0.9398734177215207 -0.05 0
405 -0.8829113924050651 -0.05 0
406 -0.8259493670886091 -0.05 0
407 -0.7689873417721536 -0.05 0
408 -0.7120253164556978 -0.05 0
409 -0.655063291139242 -0.05 0
410 -0.5981012658227864 -0.05 0
411 -0.5411392405063304 -0.05 0
412 -0.4841772151898747 -0.05 0
413 -0.4272151898734191 -0.05 0
414 -0.3702531645569633 -0.05 0
415 -0.3132911392405078 -0.05 0
416 -0.256329113924052 -0.05 0
417 -0.1993670886075964 -0.05 0
418 -0.1424050632911404 -0.05 0
419 -0.08544303797468444 -0.05 0
420 -0.02848101265822933 -0.05 0
421 0.02848101265822667 -0.05 0
422 0.08544303797468222 -0.05 0
423 0.1424050632911382 -0.05 0
424 0.1993670886075942 -0.05 0
425 0.2563291139240493 -0.05 0
426 0.3132911392405053 -0.05 0
427 0.3702531645569609 -0.05 0
428 0.4272151898734169 -0.05 0
429 0.4841772151898724 -0.05 0
430 0.5411392405063284 -0.05 0
431 0.598101265822784 -0.05 0
432 0.6550632911392396 -0.05 0
433 0.7120253164556956 -0.05 0
434 0.7689873417721511 -0.05 0
435 0.8259493670886071 -0.05 0
436 0.8829113924050627 -0.05 0
437 0.9398734177215182 -0.05 0
438 0.9968354430379742 -0.05 0
439 1.05379746835443 -0.05 0
440 1.110759493670886 -0.05 0
441 1.167721518987341 -0.05 0
442 1.224683544303797 -0.05 0
443 1.281645569620253 -0.05 0
444 1.338607594936708 -0.05 0
445 1.395569620253164 -0.05 0
446 1.45253164556962 -0.05 0
447 1.509493670886076 -0.05 0
448 1.566455696202531 -0.05 0
449 1.623417721518987 -0.05 0
450 1.680379746835443 -0.05 0
451 1.737341772151899 -0.05 0
452 1.794303797468355 -0.05 0
453 1.85126582278481 -0.05 0
454 1.908227848101266 -0.05 0
455 1.965189873417721 -0.05 0
456 2.022151898734177 -0.05 0
457 2.079113924050633 -0.05 0
458 2.136075949367088 -0.05 0
459 2.193037974683544 -0.05 0
460 -2.199548552647086 0.7468983121196843 0
461 2.200627268310911 0.7549878488484368 0
462 0.2278480758158727 0.04644423644903106 0
463 -0.05696207618256272 0.04650541235262262 0
464 -0.7974686842999122 0.04666163743096241 0
465 -1.08227848101266 0.04933056097506283 0
466 -1.367092707859943 0.04677164625812091 0
467 1.423337920566525 1.449434942883072 0
468 1.082271957746166 1.450662743000688 0
469 0.7974683544303812 1.450669439024937 0
470 0.5126582142173916 0.04638273595052222 0
471 -0.3417709839968785 1.45060979740352 0
472 -0.6266329542908412 1.450545048835839 0
473 1.257461700191847 0.05206232596407501 0
474 0.0569590816383809 1.45064225021306 0
475 0.3417732763963184 1.45066357661244 0
476 -0.9683671334231313 1.450358930986209 0
477 -1.253264948338825 1.450578077875665 0
478 -0.4556963424127778 0.04659024990575844 0
479 0.9683544303797461 0.04933056097506283 0
480 -1.53894663853063 1.451417368278818 0
481 1.538043917218869 0.04933965817232311 0
482 -1.651898734177217 0.04933056097506261 0
483 1.651041450069946 1.448980702519707 0
484 0.5696215857170115 1.450664197900621 0
485 0.7405063291139232 0.04933056097506283 0
486 -2.204677359516365 0.9731995600018279 0
487 2.202364929762278 0.5295614747318349 0
488 -2.198845516029921 0.5250568092333943 0
489 2.201887477567531 0.9722222222222228 0
490 1.768729168187154 0.04043013894965564 0
491 -1.76626393210749 1.451237191881831 0
492 -1.883546118586431 0.05040262963227027 0
493 1.878074124788411 1.450164210525672 0
494 -1.936906792515666 1.450741198878615 0
495 1.94346358271881 0.04521630507565355 0
496 -0.2278481012658243 0.04933056097506283 0
497 -0.1139245156463825 1.450634548083626 0
498 -0.6265822784810143 0.04662627646312689 0
499 -0.7974934165543063 1.450545307678465 0
500 1.253146744832329 1.450644431840236 0
501 -2.201887477567531 1.138888888888888 0
502 2.200503072139467 0.3647289094607279 0
503 -2.199509084086062 0.3617016481424508 0
504 2.201308074171792 1.144089907118856 0
505 -2.047056500981241 0.05062668518105673 0
506 2.04414109931317 1.445439993282976 0
507 -2.199982899316582 1.304928744469673 0
508 2.201887477567531 0.1944444444444446 0
509 -2.200055203971313 0.195030520090111 0
510 2.203821253782875 1.307151873147939 0
511 -2.050720699253712 1.45078804600172 0
512 2.052775006652908 0.04784218018059638 0
513 -1.537974683544306 0.04933056097506283 0
514 -1.765823747389211 0.0468144635752058 0
515 -1.424079380295566 1.450686930418673 0
516 1.42428320357553 0.04309735370084711 0
517 1.651377602439726 0.04899740268178865 0
518 -1.653733216075527 1.45179131288312 0
519 1.537231902486924 1.449799957736745 0
520 1.768315641974664 1.449815847636962 0
521 0.05696202531645438 0.04933056097506283 0
522 0.341772151898733 0.04933056097506283 0
523 -0.2278475446789352 1.450622807885726 0
524 0.1708880210635272 1.450659497019264 0
525 0.9113918313779584 1.450669211356863 0
526 1.082278481012658 0.04933056097506283 0
527 -0.4556941025960198 1.450596635248105 0
528 -1.082314467686818 1.450128867466355 0
529 0.4556978086482819 1.450661411492001 0
530 0.6265822784810117 0.04933056097506283 0
531 -1.196202531645572 0.046741749014379 0
532 -0.3417721518987356 0.04933056097506283 0
533 -0.9683544303797486 0.04933056097506294 0
534 0.6835452416467854 1.450666851972836 0
535 0.854430379746835 0.04933056097506283 0
536 2.201887477567531 0.6388888888888898 0
537 -2.204708565836278 0.8654649829648708 0
538 -2.208063652920682 0.6384812220060789 0
539 2.200477986992424 0.8579343780291169 0
540 -2.162188985095068 1.452067848870862 0
541 2.162193924914083 0.04793503399517307 0
542 -2.162208744641037 0.04794138814661009 0
543 2.164556962025317 1.450669439024937 0
544 -2.10719834304188 1.451030587699094 0
545 -2.079113745279001 1.401630654892579 0
546 -2.022521775760285 1.401657635131784 0
547 -2.050973844371879 1.352769487267453 0
548 -1.994456866086528 1.35262655837246 0
549 -2.022754927051681 1.303802351459209 0
550 -1.966369398851569 1.303686622480056 0
551 -1.994639452298977 1.254939541219664 0
552 -1.9384756492684 1.254728887416714 0
553 -1.966675031643103 1.206058927629542 0
554 -1.910476606194246 1.20586655878044 0
555 -1.93865141603324 1.157220350571926 0
556 -1.882418323152554 1.157049439789716 0
557 -1.910550371169883 1.108439333143316 0
558 -1.854275435297157 1.108279669555561 0
559 -1.882475252599277 1.059626164532631 0
560 -1.826278222831078 1.059415775254604 0
561 -1.854425482166074 1.010776738919145 0
562 -1.798102664498201 1.010630452195312 0
563 -1.82640231534074 0.9618676062239193 0
564 -1.770009827284444 0.9617628766105031 0
565 -1.798342135553665 0.9129653323649882 0
566 -1.741912816245362 0.9128653436421286 0
567 -1.770244047183164 0.8640509637510642 0
568 -1.713798221011263 0.8639369426730776 0
569 -1.742149932406796 0.8150931672951378 0
570 -1.685666024117061 0.8149748710402553 0
571 -1.657313669051425 0.8638362470677198 0
572 -1.629150771975698 0.8148357145562718 0
573 -1.60083243284598 0.8637061212736956 0
574 -1.572597166448958 0.8146967451524668 0
575 -1.544252902956866 0.8636018987553347 0
576 -1.515980204863641 0.8145528609328075 0
577 -1.487640419568442 0.8634861248576313 0
578 -1.459326478104873 0.8144013660115026 0
579 -1.430964281847664 0.8633586483498152 0
580 -1.402627798048256 0.8142563671078131 0
581 -1.374158672482666 0.8633028306571405 0
582 -1.345878799496131 0.8141361559872893 0
583 -1.317503106515189 0.8631541623107408 0
584 -1.289370346057006 0.8141301433519482 0
585 -1.260783644314773 0.8629995013357535 0
586 -1.232631528248537 0.8143954592910798 0
587 -1.203887907270591 0.8630138316569788 0
588 -1.175568330868754 0.8142070714595523 0
589 -1.147007430149678 0.8629666933675997 0
590 -1.118685592281692 0.8136969781965485 0
591 -1.090148429985244 0.8627991247138871 0
592 -1.061825101653265 0.8134956630400949 0
593 -1.033438610688045 0.8625752923442999 0
594 -1.005217165814371 0.8134721561064124 0
595 -0.976537065830554 0.8624010224913766 0
596 -0.9483771498476605 0.8137321225228435 0
597 -0.9195347999327166 0.8624188389143737 0
598 -0.8912423289031225 0.8135551310977772 0
599 -0.8627738017183114 0.8622328785518982 0
600 -0.8345500368418072 0.81316003509219 0
601 -0.8057911461274397 0.8619785047544711 0
602 -0.7776640266153384 0.8133369851121797 0
603 -0.7487455169409709 0.8620334058953568 0
604 -0.7205079336728205 0.8131599863272219 0
605 -0.6920220778068772 0.8618221852476754 0
606 -0.6637929355247746 0.8127642598947448 0
607 -0.6349924015515337 0.8615410209872204 0
608 -0.6068831083376744 0.8129252451134369 0
609 -0.5779299608087826 0.8616318200617148 0
610 -0.5497209541283531 0.8127595181155186 0
611 -0.5212251068573156 0.8614069935673578 0
612 -0.4929863563786901 0.8123692625550225 0
613 -0.4641525259225038 0.8611036418533339 0
614 -0.4360583056835599 0.8125139517506045 0
615 -0.4070767647709163 0.8612290168365246 0
616 -0.3788965877382809 0.812359378259377 0
617 -0.3502906609866455 0.8612495202006399 0
618 -0.3219428257186041 0.8119105729569847 0
619 -0.2933618295226254 0.8611109025208225 0
620 -0.2649976993423665 0.8117297504598235 0
621 -0.2364174811064054 0.8609766017579806 0
622 -0.2080501506706187 0.8115943586996973 0
623 -0.1794689431606379 0.8608503842200917 0
624 -0.1511008534622394 0.811467269501341 0
625 -0.1225186893217026 0.8607265268382535 0
626 -0.09414924656181121 0.8113435789169839 0
627 -0.06556616497385508 0.8606041646638023 0
628 -0.03719604594932836 0.8112199472903207 0
629 -0.008612685246941386 0.8604816494172864 0
630 0.01960013244173036 0.8111880457556768 0
631 0.04831576624160986 0.8603743525666835 0
632 0.0767134730228637 0.8110491919293406 0
633 0.1051837236274851 0.8598764494441204 0
634 0.1338404679164426 0.8109854396967431 0
635 0.1624788098514124 0.8595127121311645 0
636 0.1906920116737055 0.8106486406480078 0
637 0.2195844704922535 0.8596895752462879 0
638 0.2476566815874507 0.8105396869494221 0
639 0.2762434017517628 0.8598074502893009 0
640 0.3044324914532686 0.8105364248900696 0
641 0.3331215323740582 0.859744730225288 0
642 0.3614999593150744 0.8103562974650506 0
643 0.3899761960489612 0.8591842938135966 0
644 0.4186316594652885 0.81031398514831 0
645 0.4473225329100523 0.8587839723733569 0
646 0.4754934192667138 0.8100040362192493 0
647 0.504439248202683 0.8590218839732572 0
648 0.5324630552726167 0.809909862054459 0
649 0.561051247191468 0.859181870664687 0
650 0.5893380941710489 0.8098634644017446 0
651 0.6179392411648962 0.8591188677928615 0
652 0.6463008013584358 0.8097382972624415 0
653 0.6748879927275327 0.8590055665394761 0
654 0.7032591693975409 0.8096168738832198 0
655 0.7318462744348811 0.858884483166841 0
656 0.7602196844248591 0.8094938652439246 0
657 0.7888067488666047 0.8587617787772469 0
658 0.8171806913721443 0.8093709647663622 0
659 0.8457675581643924 0.858638740618322 0
660 0.874141462890904 0.8092483011575163 0
661 0.9027279888836254 0.8585156983179187 0
662 0.9311010269231982 0.8091255029003683 0
663 0.9596865075294851 0.8583919020927746 0
664 0.9880587256150136 0.8090037094128613 0
665 1.016531206220104 0.8576963713263289 0
666 1.044995807421232 0.8087873758682487 0
667 1.073944576585051 0.8571819137029504 0
668 1.102021909213736 0.8085854007229621 0
669 1.131096275482139 0.8575504587302324 0
670 1.159016356674936 0.8085385220059992 0
671 1.187488435669221 0.8571973499908653 0
672 1.215875190597942 0.80839678444829 0
673 1.244813422345213 0.8567323147279957 0
674 1.272844045463216 0.8082169531038285 0
675 1.301903217041469 0.8571278870923554 0
676 1.329763602157968 0.8082005466542145 0
677 1.358289824045238 0.8573814896724135 0
678 1.386505503409412 0.8082142962837127 0
679 1.414985853708293 0.8573430604250033 0
680 1.443244788902741 0.8081504485589024 0
681 1.471694464846279 0.8571934213711112 0
682 1.499927248407234 0.8080538753049124 0
683 1.528343659882204 0.85703070189847 0
684 -1.714028137670179 0.766138715785658 0
685 -1.431086606337655 0.7652248471526952 0
686 -0.8631146439326007 0.7651155511133316 0
687 -0.5215335479261646 0.7642135397472566 0
688 -1.147298718706463 0.7651358733878468 0
689 -0.1223737254647195 0.7625021545031495 0
690 0.1623826266558377 0.7621612375071414 0
691 1.358033531975852 0.7590507376847266 0
692 0.4472022736391294 0.761425788179328 0
693 0.675034232013715 0.76060388762551 0
694 0.902873884724526 0.7600653975538958 0
695 1.130529487203564 0.7594405244236407 0
696 1.556533896237246 0.8079678723593212 0
697 1.584920150979583 0.8568763287138392 0
698 1.613097094898501 0.8078771940062566 0
699 1.58473493709288 0.758972897058995 0
700 1.641236592107477 0.758877462471036 0
701 1.612915612659945 0.7100241399579692 0
702 1.641433545199229 0.8567337260589457 0
703 1.669375543972447 0.7099351546453138 0
704 1.641117783885494 0.6611130926417356 0
705 -0.6923506082887541 0.7646647111253433 0
706 -0.3506049916950248 0.763414529121246 0
707 1.330371611907944 0.9051200487983272 0
708 1.159945488829256 0.9046537022292997 0
709 0.9884828878906343 0.9055305423751171 0
710 0.248019409086194 0.9081928640430168 0
711 -0.03702984395002418 0.9096876529272445 0
712 1.613306936189635 0.9057344358095634 0
713 1.66977935599686 0.9055874956954096 0
714 -1.346088301876963 0.9122500487164484 0
715 -0.5493685475416153 0.9099763851145684 0
716 -0.720237315230541 0.91050945616773 0
717 -1.175552722802031 0.9119381717614982 0
718 -0.8910658865854927 0.9110398543029578 0
719 1.697519269378604 0.6609966677749396 0
720 1.669271618789664 0.6121874629393008 0
721 0.7604326003203878 0.9081529283191434 0
722 0.5328778042703971 0.9074146782378889 0
723 -0.2648335164460272 0.9101995552876623 0
724 -1.516377826775452 0.9125217264316166 0
725 1.725671748055907 0.6120374187213854 0
726 1.697414348908738 0.5632654768048291 0
727 1.641191234636671 0.5629378478983451 0
728 1.641675311693254 0.9545696019256384 0
729 1.698131527658005 0.954423559020427 0
730 1.753781989404054 0.5631339390585519 0
731 1.754021513424164 0.6612628528374024 0
732 -1.770305279404962 1.059433647368647 0
733 1.725514898147989 0.5143433690873711 0
734 -1.770503442113275 0.7662581549826321 0
735 -1.742402705867079 0.7173121690175337 0
736 1.781896637811401 0.5142082875063461 0
737 1.670033119760284 1.003396362385655 0
738 1.726479829473415 1.00323336841674 0
739 1.754549058211956 0.9543060061207543 0
740 1.782869408119881 1.00304109290073 0
741 -1.798840036999434 0.7174447285125252 0
742 -1.770750758795437 0.6685064398569199 0
743 1.810926791668233 0.954194194140301 0
744 1.753657833225294 0.4654516740099183 0
745 1.810029119410888 0.4652954898551143 0
746 -1.827170694843022 0.6686524805069595 0
747 -1.799179461060593 0.6196587010656739 0
748 -1.7426565573479 0.6195405762979888 0
749 -1.771129381878742 0.5706579710188171 0
750 -1.714753197291198 0.5706637346889788 0
751 -1.742977675935338 0.521680745930015 0
752 -1.686560011222273 0.5219839368628867 0
753 -1.799666327162724 0.5216821349130636 0
754 -1.714862635695947 0.4726665012043696 0
755 -1.658241434592614 0.4730398201911354 0
756 1.698395618437503 1.052214683138507 0
757 1.641909471780691 1.052377816500995 0
758 1.839182959564517 1.002853721935553 0
759 1.838268666001122 0.5140965618492637 0
760 -1.855219680204322 0.7175305306163973 0
761 -1.686676535820536 0.4236074177661967 0
762 -1.630040576228006 0.4234368377054608 0
763 -1.601571836870335 0.4729324577203152 0
764 -1.573452113344594 0.4233212995903363 0
765 -1.544904764701756 0.4723013126457489 0
766 -1.516938808088256 0.4229373707713747 0
767 -1.488216997841015 0.4724414735947491 0
768 -1.460159083259426 0.4227263706010772 0
769 -1.431464510584995 0.4723396906433737 0
770 -1.403199242002745 0.4225317099876771 0
771 -1.374654809211245 0.4718459165258158 0
772 -1.346361558127048 0.4223087632803397 0
773 -1.317844896473614 0.4716085668836206 0
774 -1.289570879647623 0.4223154304011226 0
775 -1.260999367141656 0.4717976864176103 0
776 -1.232728413785281 0.4222097170670659 0
777 -1.204143241302585 0.4717132774105451 0
778 -1.175872645860574 0.4220691582535987 0
779 -1.147299999596615 0.4712369173121397 0
780 -1.119014008929926 0.4218327440086703 0
781 -1.090437145689352 0.4710570206100742 0
782 -1.062131562842862 0.4216815071372677 0
783 -1.033553604226549 0.4709042700945432 0
784 -1.005241126348589 0.4215241832206794 0
785 -0.9766589562748785 0.4707506982581462 0
786 -0.9483415262717811 0.4213669877921865 0
787 -0.9197551688843777 0.4706001414559032 0
788 -0.8914338404334214 0.4212089450302788 0
789 -0.8628442007643276 0.4704470470762747 0
790 -0.8345209615525466 0.4210539549135703 0
791 -0.8059269628198533 0.4702962052559635 0
792 -0.7776053955447441 0.4209002750635623 0
793 -0.7489930301671077 0.4703493539187014 0
794 -0.7206769496005851 0.420777458580636 0
795 -0.6920578520077362 0.4702353302753841 0
796 -0.6637454762400881 0.4206362550402283 0
797 -0.6351358833525296 0.4698624500162654 0
798 -0.6068243021398069 0.4204482891665027 0
799 -0.5781973446880404 0.4698728861275897 0
800 -0.5498823627237027 0.4203114670520461 0
801 -0.521252146922027 0.4697489887871331 0
802 -0.4929272033462591 0.4201639321751701 0
803 -0.4643164585704288 0.4694010863093123 0
804 -0.4359829566166559 0.4199669476845096 0
805 -0.407366322825975 0.4693876931879924 0
806 -0.3790341521955104 0.4198403500004815 0
807 -0.350413403897151 0.4692610475626091 0
808 -0.3220841496384484 0.4196954726258545 0
809 -0.2934725175188274 0.4689384506496238 0
810 -0.2651474804052517 0.4195222467887754 0
811 -0.2365196760549922 0.4689088904914474 0
812 -0.2081974913598698 0.4193946062156829 0
813 -0.1795631501484317 0.4687791341790672 0
814 -0.1512312750057058 0.4192417301829872 0
815 -0.1226157665623356 0.4684784384079402 0
816 -0.09427702306675328 0.4190414629150572 0
817 -0.06566574827840195 0.4683135674176938 0
818 -0.03732125079784419 0.4188921855426248 0
819 -0.008710693759615636 0.4681596713444073 0
820 0.01961787992796273 0.418749306176194 0
821 0.04825154784365315 0.4681048184097727 0
822 0.07657297517223972 0.4186296710435259 0
823 0.1052133726932926 0.4679718936970799 0
824 0.1335480635608962 0.41847541806036 0
825 0.1621662089110925 0.4677082550968592 0
826 0.1905078682164293 0.4182820884153925 0
827 0.2191202319385494 0.4675496643371198 0
828 0.2474664420290507 0.4181275240604347 0
829 0.2760783380958562 0.4673957664520119 0
830 0.3044254282619461 0.4179986844473971 0
831 0.3330374389499109 0.467246679156418 0
832 0.361384711762203 0.4178366824620122 0
833 0.3899969845129495 0.4670930877268947 0
834 0.4183445275229536 0.4176922951397997 0
835 0.4469568755038082 0.4669414522024671 0
836 0.475304452566835 0.4175130977581089 0
837 0.5039170154436267 0.4667845327979535 0
838 0.5322647855932914 0.4173617385684971 0
839 0.5608774055193173 0.466631100543145 0
840 0.5892252240526054 0.4172090161038232 0
841 0.6178379104047032 0.4664782110361983 0
842 0.6461857483674736 0.4170561875608204 0
843 0.6747983445617046 0.466309027902862 0
844 0.7031462568087484 0.4168992905211508 0
845 0.7317588132090372 0.4661527245571265 0
846 0.760106655172366 0.4167466433540041 0
847 0.7887192579727853 0.4659992287881511 0
848 0.8170669071343442 0.4165937716843295 0
849 0.845679281694688 0.4658457701065499 0
850 0.8740263274452413 0.4164411835391595 0
851 0.9026383276794251 0.4656927840010039 0
852 0.9309850496538566 0.4162886586953444 0
853 0.95959627765564 0.4655388701961405 0
854 0.987942775393715 0.4161361988150425 0
855 1.016554811633768 0.4653876973277432 0
856 1.044895683715408 0.4159862548637444 0
857 1.073505592211245 0.4652306962585884 0
858 1.101844041171367 0.4158349348183882 0
859 1.130446266219028 0.4650659905642041 0
860 1.15877235343631 0.4156880360067202 0
861 1.187369540480224 0.464900964239788 0
862 1.21568759953433 0.4155551690937682 0
863 1.244271314842838 0.4647391866685822 0
864 1.272586590255845 0.4154049106748747 0
865 1.781820968802266 0.4165763610568723 0
866 1.725742417227424 0.415806383196461 0
867 1.838124175459844 0.4164217293755408 0
868 1.301150730545235 0.4645613090820886 0
869 1.329448159557951 0.4152667800058712 0
870 1.867168095308194 0.9540838978583578 0
871 1.670318490264192 1.101279683215461 0
872 1.613728252216406 1.101410847853652 0
873 -1.88348929366264 0.6688326058256859 0
874 -1.882875305566452 0.9614933470370498 0
875 1.895402580056121 1.002691651501715 0
876 1.867445095501024 1.051463042393263 0
877 -1.432161504033369 0.3729567400221304 0
878 -1.261293527890431 0.3730039062379908 0
879 -0.8631336441074903 0.3718221922122551 0
880 -0.6923895848476338 0.3713559186086766 0
881 -0.5215659167790549 0.3709104568621467 0
882 -1.60221801706355 0.3741479602447998 0
883 -0.1228921844448271 0.3698286160395609 0
884 0.1618863122497286 0.369075074249725 0
885 0.4466790438977131 0.368319629553171 0
886 -1.033825413302814 0.3723219192559234 0
887 1.187112035040487 0.3663589967787187 0
888 -0.2937811232240817 0.3702883875261577 0
889 1.809939359259127 0.3676900662362051 0
890 1.866237866676026 0.3675186458605187 0
891 0.6745336518652748 0.3676463688375644 0
892 0.9023738327223808 0.3670371959473057 0
893 -1.91150536846589 0.7176080521078614 0
894 -1.854770333709227 1.206151219498849 0
895 1.35799250694974 0.4643860602339971 0
896 1.386263730633207 0.4151165388346342 0
897 1.357741150901934 0.3659863251259164 0
898 1.414553973203733 0.3658470670012052 0
899 1.923372945248063 0.9539667217520964 0
900 1.895164341276006 0.9053964892870209 0
901 1.642191547867692 1.150371513147111 0
902 1.585554201587387 1.150514052263103 0
903 1.557101612887303 1.101527031703426 0
904 1.52889223955591 1.150669370854512 0
905 1.923650280448885 1.051286834520029 0
906 1.895751099984008 1.100034008979673 0
907 -1.289286037913255 0.5209532036153512 0
908 0.304719176367655 0.5167572218660768 0
909 0.01990958551883347 0.5174603359021415 0
910 -1.00492876543461 0.5204308769074238 0
911 1.837956557297043 0.3188598148940781 0
912 1.894316269695004 0.3186906514186343 0
913 1.922556055333545 0.3673581710226298 0
914 1.9506049764252 0.3186186553632565 0
915 -1.939730256007135 0.6690294369678758 0
916 -1.966823905142378 1.108356737289403 0
917 1.386024707307582 0.3167132915501724 0
918 1.442828952311532 0.3165887122147628 0
919 1.215963878319446 0.5140967146356514 0
920 1.951287470763757 0.9052575501590513 0
921 1.923141131733686 0.8567731433910171 0
922 0.9882272028786614 0.5147962807703594 0
923 0.7603714502768116 0.5154045170501733 0
924 0.532558205927102 0.5161164536131444 0
925 1.500432431647822 1.101649213682059 0
926 1.47218586996703 1.150826507049945 0
927 1.471335115842128 0.3656940466522628 0
928 1.499614028596936 0.3164476491974354 0
929 -1.51634001443725 0.5226100453365701 0
930 -0.2648601248209271 0.5182352115109961 0
931 1.951889401491189 1.099859602040166 0
932 1.924010239539123 1.148632028827111 0
933 -0.7773221709914615 0.5196280259292824 0
934 -0.4357059941545534 0.5187007730308827 0
935 -0.6065304004124638 0.5191634021650654 0
936 1.614008256452689 1.199472920894976 0
937 1.67067370363178 1.19933327172541 0
938 -1.967863938701859 0.7176370035142037 0
939 1.978789092035392 0.3672129086047083 0
940 1.980152267158134 1.148461776393339 0
941 1.9522274646228 1.19727138719202 0
942 1.97920260906887 0.8566714154206241 0
943 1.951084973344546 0.8081781660910402 0
944 1.697822890263649 0.7591227594017207 0
945 1.471509937407016 0.7590420198572054 0
946 -1.743281059036905 0.4236796626053517 0
947 1.073240831410583 0.3665935950865337 0
948 0.8743543839692366 0.9079066434508358 0
949 0.7884545485335324 0.3673410972884609 0
950 0.6465114406281871 0.9083985753783234 0
951 0.5606125400609517 0.3679520970393925 0
952 0.3618231626798142 0.9073835866962903 0
953 0.2758236807768819 0.3687787558880085 0
954 0.07697868016855616 0.9082322978965953 0
955 -0.009004108347380161 0.3695305941750308 0
956 -0.1509348490169908 0.9099436320295808 0
957 -0.4076502278997826 0.3705913069375563 0
958 -0.378619601327918 0.9099258141782492 0
959 -1.062013338759402 0.9116622813031721 0
960 -1.147586017203884 0.3726570364351761 0
961 -1.715125325017749 0.3745708748373923 0
962 -1.771748929584701 0.3747283308413546 0
963 -1.743590324306029 0.3255960772126967 0
964 -1.800214458841028 0.3257918583721772 0
965 -1.828353615962162 0.3748831251080966 0
966 -1.856808353250236 0.3260114503748984 0
967 -1.884904014426749 0.3750072486499266 0
968 -1.913310071657176 0.3262396713199481 0
969 -1.94134791212076 0.3751371526621381 0
970 -1.969702225850734 0.3264210440250669 0
971 1.500680373181925 1.199875364279678 0
972 1.443934144023395 1.200040912520166 0
973 1.415425516671224 1.150950729115387 0
974 1.387141878514452 1.200198405579307 0
975 1.358609055160818 1.150090091547124 0
976 1.330314608247107 1.200185881140465 0
977 1.30176362012633 1.150020641981496 0
978 1.273454153928723 1.200254228129189 0
979 1.244886031147298 1.150168086584294 0
980 1.216566118877424 1.200394472907421 0
981 1.188003466848335 1.150271343144983 0
982 1.15966253961408 1.200505431649796 0
983 1.131102432370277 1.151294127939481 0
984 1.102744585322065 1.200854303076972 0
985 1.074145710100773 1.150816940891986 0
986 1.04580842351776 1.200848790148505 0
987 1.017212333543408 1.15080823788762 0
988 0.9888683172257676 1.200913990869865 0
989 0.960287608712581 1.151723179483481 0
990 0.9319258830809592 1.201270767205282 0
991 0.9033325696960673 1.151334779643974 0
992 0.8749742340664075 1.201243379661066 0
993 0.8463789681987298 1.151354160687659 0
994 0.8180199777785276 1.201308779983364 0
995 0.7894238533120598 1.151501833118102 0
996 0.7610638256886095 1.201435008927633 0
997 0.7324669080634997 1.151636854881157 0
998 0.7041061376063963 1.20154482897024 0
999 0.6755088538271471 1.151810676868182 0
1000 0.6471474902847704 1.201682421102612 0
1001 0.6185498348135593 1.151952309342247 0
1002 0.5901881015740732 1.201795144320257 0
1003 0.5615903992087504 1.15212750629972 0
1004 0.5332283839405444 1.201933243832084 0
1005 0.5046305566379192 1.15226963600671 0
1006 0.4762683756567868 1.202046128419158 0
1007 0.4476498170268126 1.152416011487022 0
1008 0.4193048349069814 1.202179369190141 0
1009 0.3906835689457566 1.152553802285156 0
1010 0.3623430593981908 1.202290727216567 0
1011 0.3337442249069618 1.153243968303675 0
1012 0.3053861793974371 1.202514274154004 0
1013 0.2767892327425535 1.153019668330876 0
1014 0.248427585518531 1.20258036568639 0
1015 0.2198304753097662 1.153083425754227 0
1016 0.1914689265833002 1.202928500067817 0
1017 0.1628515665878909 1.153262696389289 0
1018 0.1345057670619356 1.202857897721493 0
1019 0.1058838606379875 1.153373556543917 0
1020 0.07754451555743636 1.202928882821608 0
1021 0.0489438485282209 1.153939098546138 0
1022 0.02058850463351706 1.203124856773853 0
1023 -0.008007425153977597 1.153795234221839 0
1024 -0.03636825289516132 1.203197365269645 0
1025 -0.06496408131460772 1.153873662723188 0
1026 -0.09332493600792956 1.203572107926462 0
1027 -0.1219211261378028 1.154082241608318 0
1028 -0.1502826113549509 1.203486385771698 0
1029 -0.1788780609356795 1.154193163443167 0
1030 -0.2072393026794108 1.203554332620654 0
1031 -0.2358341433397977 1.154355954197416 0
1032 -0.2641950306966983 1.203682550277839 0
1033 -0.292789416484293 1.154495069344156 0
1034 -0.3211498462810863 1.203791036833888 0
1035 -0.3497435456573297 1.154669195676364 0
1036 -0.378103485434324 1.20392787826561 0
1037 -0.4066966480726594 1.1548117493965 0
1038 -0.4350560628683908 1.204038578594165 0
1039 -0.4636604457117613 1.154976391915606 0
1040 -0.4920093042788666 1.204174113756116 0
1041 -0.5206179340853508 1.155119983472081 0
1042 -0.5489605011117349 1.204285056705057 0
1043 -0.5775559158581216 1.155453161671167 0
1044 -0.6059050083468407 1.204735158793383 0
1045 -0.6345031642054134 1.155537599461284 0
1046 -0.6628522287274207 1.204614528469039 0
1047 -0.6914520016687008 1.155508628935255 0
1048 -0.7197965882458404 1.20463932511355 0
1049 -0.748387694830653 1.155734710322309 0
1050 -0.7767349750741646 1.205101471235808 0
1051 -0.8053194415237745 1.155985552434041 0
1052 -0.8336721070399903 1.204956222813396 0
1053 -0.8622499667181447 1.156043237004208 0
1054 -0.8906045157149143 1.204986482357419 0
1055 -0.919182243532583 1.156221556580073 0
1056 -0.9475338422648082 1.205470604617241 0
1057 -0.9761125229307461 1.156478160123642 0
1058 -1.004457581917037 1.205300550116975 0
1059 -1.033037220200391 1.156586710588547 0
1060 -1.061376868615394 1.205335115386514 0
1061 -1.08995392431782 1.15670445717094 0
1062 -1.118289658786217 1.205448575550371 0
1063 -1.146864340765775 1.156839575218164 0
1064 -1.175193686268917 1.205687368001581 0
1065 -1.203763484561073 1.156998632200902 0
1066 -1.23208754883591 1.206171359030735 0
1067 -1.260645744724374 1.15720233441948 0
1068 -1.288964584926658 1.206035754272745 0
1069 -1.317520013156941 1.15731568987252 0
1070 -1.345825865660842 1.206114785927311 0
1071 -1.374372263943346 1.15744870011733 0
1072 -1.402669461722745 1.206561677308901 0
1073 -1.43119835671044 1.157653120794015 0
1074 -1.459484116590551 1.206421519449387 0
1075 -1.487999858170103 1.157773603626659 0
1076 -1.51626572200574 1.206927180766189 0
1077 1.414780313222405 0.4642299966469148 0
1078 1.386538920096353 0.5134725722366388 0
1079 -1.68656475800074 0.6201894862813547 0
1080 -1.713728148072019 0.9615877168537513 0
1081 1.782070488353273 0.318682667608971 0
1082 1.584815107551275 0.6610426282697097 0
1083 1.896179347944717 1.197580476600655 0
1084 -1.54441333298257 0.7655773612879473 0
1085 -1.544775027529789 1.158011404836507 0
1086 -1.573006082583047 1.207086579353315 0
1087 1.244225990967005 0.7591778017895423 0
1088 -1.402840137113122 0.5222883985818221 0
1089 1.102128325917459 0.5144547139418403 0
1090 -1.317758485030071 0.7657475272099424 0
1091 1.016781860010282 0.7597845463071429 0
1092 0.2761771676211985 0.7616293605305626 0
1093 0.8742915840230696 0.5150969082700185 0
1094 0.190806553144337 0.5170583709150868 0
1095 0.7889549224085374 0.7603343487009895 0
1096 -1.118684907367299 0.5207125551619124 0
1097 -0.008650865667661895 0.7623385113813569 0
1098 0.6464788633617001 0.5157772548147124 0
1099 -0.09397665806204618 0.5178583896093745 0
1100 -1.033618479467854 0.7649953628274845 0
1101 0.5611274008704799 0.7608618989245972 0
1102 0.4186380913060985 0.5164377902449981 0
1103 -0.2364527636685313 0.7628830320861905 0
1104 -0.8911259008044948 0.5201128821767903 0
1105 -1.94171670469609 0.2775233682290356 0
1106 1.979851910636617 1.051134794734518 0
1107 1.865898783473308 0.2702349592663741 0
1108 -1.829096542222463 0.2767157092061115 0
1109 2.00683531927974 0.3185161143985921 0
1110 -1.99768700603987 0.3752314673923731 0
1111 -1.969396301463167 0.4239195181319326 0
1112 1.978678136141702 0.2699345303771146 0
1113 1.471113720033538 0.2673445733281333 0
1114 1.527902336200524 0.267213766720242 0
1115 2.008444518144445 1.197096660141862 0
1116 1.980479105715424 1.24591699493731 0
1117 -1.998071245046201 0.2777284788711505 0
1118 -1.996466478702166 0.6682125897635576 0
1119 1.35937216484215 1.249556120208885 0
1120 1.188243619467994 1.250001929671873 0
1121 1.017462608136054 1.250448081466481 0
1122 0.2795844509321949 1.252246089576982 0
1123 -0.005211926002795956 1.252599263884604 0
1124 -0.5178222028681109 1.253188407833994 0
1125 -0.6886623324093415 1.253383113777722 0
1126 -0.8594747202764784 1.253453565393735 0
1127 -1.910176917964246 1.303491956266339 0
1128 2.007324993188841 0.9050897995652536 0
1129 -1.144342954909005 1.253699095086163 0
1130 -1.939541237139904 0.7663098773984672 0
1131 -1.995839101164015 0.7662889574905616 0
1132 -1.315024301875121 1.254402520198201 0
1133 1.472455765620788 1.249127886090945 0
1134 1.895015922139293 0.808270529076378 0
1135 1.92297149088968 0.759659167001569 0
1136 1.979025523134529 0.7595750289113674 0
1137 1.950932016758987 0.711067855056285 0
1138 2.006961157297192 0.7109835690982137 0
1139 1.978877136967678 0.6624972752533143 0
1140 -1.402913770304419 1.108430045248115 0
1141 1.443297321776157 0.5133118785012613 0
1142 1.415075656180472 0.5625274703147949 0
1143 0.8466162424535081 1.250870060631523 0
1144 -1.232336068680556 1.107923000120692 0
1145 1.528109991746796 0.3655659163771589 0
1146 0.732703512323946 1.251144556422736 0
1147 1.443952078366533 0.9060086976480064 0
1148 -1.970084357008198 0.2288234079450577 0
1149 0.6187859037526394 1.251416580536115 0
1150 -0.94778772386927 1.107037668042251 0
1151 -1.118528194644449 1.107634850936611 0
1152 0.5048662837364939 1.251687271356088 0
1153 -0.7770023261282512 1.106457543508403 0
1154 1.27317143262208 1.099036169030035 0
1155 1.386925805788767 1.101800095601335 0
1156 -0.6062105995634232 1.105853515561517 0
1157 -0.4353475182236581 1.105230854741155 0
1158 0.3909460648076732 1.25195747270903 0
1159 -0.321434615330341 1.104831478426146 0
1160 -0.2075266976477355 1.104425592751042 0
1161 -0.09361496090162642 1.10402229648072 0
1162 0.02027105805502958 1.103592125466143 0
1163 0.1911588058876714 1.102983254148875 0
1164 1.102434913083481 1.099599288803371 0
1165 0.3050673966404392 1.102559926902053 0
1166 0.4759558818161467 1.101950327975628 0
1167 -2.025617107507227 0.4240229661495302 0
1168 0.5898925631013291 1.101566909656115 0
1169 0.7038105827270931 1.101159782824732 0
1170 0.8177250109040494 1.100757477283022 0
1171 0.9316183003285369 1.100283352485761 0
1172 0.1087043115857834 1.252455506558889 0
1173 -0.1760871498908148 1.252796888578101 0
1174 -0.2900017449146478 1.252920430829612 0
1175 -0.4039134146951904 1.253054251191181 0
1176 -1.030275539870057 1.25349760085577 0
1177 -1.486293988360153 1.25525561785141 0
1178 1.642487144871837 1.248462441552248 0
1179 1.699150712022046 1.248284527285628 0
1180 -1.997415943465778 0.4726196019189458 0
1181 -1.516530858483905 1.108805880778752 0
1182 -1.573240865037604 1.108958713593762 0
1183 -2.023667491259885 1.205732437129062 0
1184 2.035023748249579 0.7594464039778053 0
1185 2.03487429908598 0.269837793684704 0
1186 -2.024835200182219 0.2281013005424101 0
1187 -1.967512835167741 0.8149281222668064 0
1188 -2.024135434135595 0.8146922183668529 0
1189 -1.995533582078564 0.8634902239237943 0
1190 2.034960372594741 0.367078645316694 0
1191 2.006980401372725 0.4157204721810191 0
1192 -1.911811311744695 0.620264199006166 0
1193 1.358289750055813 0.5626712471196125 0
1194 1.782653645192298 0.9054984876960408 0
1195 1.329196666366879 0.3168432460890388 0
1196 1.357498583613049 0.2675536229595863 0
1197 1.300640449442986 0.2676796550805611 0
1198 1.328952333745697 0.2183608473749165 0
1199 1.272073009215873 0.2184885077519539 0
1200 1.92284405307066 0.6625683854898634 0
1201 1.950862359858618 0.6138746562991373 0
1202 2.007061828621898 0.6130133853077318 0
1203 1.726819029935547 1.101073951539589 0
1204 1.585170487816574 0.9546913496736688 0
1205 2.063026999066619 0.4155910208275693 0
1206 2.006701335398397 0.2212395007727848 0
1207 2.036769974398692 1.24574176031837 0
1208 2.036311759787506 1.14816200274736 0
1209 1.499405475672688 0.2180970140348218 0
1210 1.556194996686761 0.2179899583754846 0
1211 1.584681604299828 0.2670923265162511 0
1212 1.612960751665398 0.2178861219425148 0
1213 -2.060065247460708 0.2742306355114834 0
1214 2.0087706166561 1.294576080675367 0
1215 1.952395486635995 1.294790644580567 0
1216 -2.052108634049845 0.8632308821577224 0
1217 -2.023506510203711 0.911972638110082 0
1218 -2.053561288192609 0.4727147700291204 0
1219 -2.05255335934439 0.7654545274459456 0
1220 2.062903903766371 0.7109303018115456 0
1221 2.035141018681315 0.464159006760875 0
1222 1.671523941957179 1.297133287289654 0
1223 1.725333461537533 1.295850280529163 0
1224 1.614262294376851 1.297634187760917 0
1225 -2.025375467001565 0.5212415636483655 0
1226 1.866857269287692 0.7597572868665931 0
1227 -1.941061589914391 0.4727002168420412 0
1228 1.978908521004918 0.4649769504333042 0
1229 -1.911408608215483 0.8148510497358374 0
1230 1.471798285132148 0.5623482102073009 0
1231 1.500001257574288 0.5131704875646519 0
1232 -1.544995867324691 1.059758769818962 0
1233 1.443610753180653 0.6115416723864957 0
1234 -1.601684148679148 1.059951017422008 0
1235 -1.629873872896756 1.109071653375761 0
1236 1.755424992291131 1.247891488736014 0
1237 1.782948981294728 1.299044191494692 0
1238 1.641423274432464 0.2669679157096223 0
1239 1.669690760388042 0.2188229430343769 0
1240 2.062895404689602 0.2211698650435779 0
1241 2.091020288208217 0.2697193326403479 0
1242 -1.998204198189642 0.1798961934359076 0
1243 -2.049671860215182 0.1815887644257285 0
1244 -1.941961144838087 0.1798029833292561 0
1245 2.065059058978455 1.294376281615409 0
1246 2.092966994455352 1.245606504564416 0
1247 -2.079464721990411 0.9120766655228095 0
1248 -2.051314897793734 0.9605507552822926 0
1249 -2.081799863701268 0.4240382776552751 0
1250 1.980752741103893 1.343583393889372 0
1251 1.300806381393881 0.1693798383311229 0
1252 1.243975493884832 0.1727171178655396 0
1253 1.215240096716721 0.219205364509132 0
1254 1.186677392903565 0.1732476593542942 0
1255 1.158263786961761 0.2195184175071896 0
1256 1.357306237934258 0.1690226141946963 0
1257 1.129664627758145 0.1703076294478898 0
1258 1.101303479132188 0.2191785893661614 0
1259 1.072704910017176 0.1698521440857835 0
1260 1.044350755525897 0.2191428786446042 0
1261 1.015752108977455 0.169862444495594 0
1262 0.9873977281821303 0.2192345776016393 0
1263 0.9587976819635348 0.1699724066484705 0
1264 0.9304422048520539 0.2193637089407608 0
1265 0.9018411464248733 0.1701057055037265 0
1266 0.8734848363769599 0.2195024831679061 0
1267 0.844883021174797 0.1702446562361951 0
1268 0.8165261319225848 0.2196432451562479 0
1269 0.7879236284698445 0.170385604638534 0
1270 0.7595661215732741 0.2197851463119395 0
1271 0.730963220313218 0.170526887777442 0
1272 0.7026054610450551 0.2199269704857797 0
1273 0.6740024681571583 0.1706682653712208 0
1274 0.6456445948490552 0.220068631249572 0
1275 0.6170414815021191 0.1708097453268436 0
1276 0.5886835061503107 0.2202102267613169 0
1277 0.560418864406572 0.1711455553904729 0
1278 0.5317787856672871 0.2203841798219425 0
1279 0.5035310092804713 0.1743306989170171 0
1280 0.4748393253213695 0.2210383998205874 0
1281 0.4462472228972161 0.1748706558244525 0
1282 0.4178280548272137 0.2213317579236264 0
1283 0.3892165526445415 0.1720981512088376 0
1284 0.360847067562764 0.2210128878413601 0
1285 0.3322406505547749 0.1716773209499981 0
1286 0.3038803240770807 0.2209839061648666 0
1287 0.2755898336408888 0.1718766988241649 0
1288 0.2469701781978665 0.2211065688903622 0
1289 0.2186965235308892 0.1749636249643842 0
1290 0.1900292675870111 0.2217357961312029 0
1291 0.1614369783005457 0.1754974212193959 0
1292 0.1330222488063124 0.2220238604949089 0
1293 0.1044117299038679 0.1727900273735318 0
1294 0.07604342356027026 0.2217148590633063 0
1295 0.04743768527633291 0.1723817053547411 0
1296 0.01907798175759944 0.2216894972546147 0
1297 -0.009237784007741284 0.1725689094849673 0
1298 -0.03783537220425193 0.2218105899472157 0
1299 -0.0661351171290986 0.1755867228384821 0
1300 -0.09477658173379121 0.2224279306183171 0
1301 -0.1233686179989011 0.1761218656717269 0
1302 -0.1517783568279012 0.2227140823107873 0
1303 -0.180387454318703 0.1734812700316003 0
1304 -0.2087541506282323 0.2224157354825865 0
1305 -0.2373587606878899 0.1730858722247524 0
1306 -0.2657173920687396 0.2223940767833584 0
1307 -0.2943196878724585 0.1731108592326365 0
1308 -0.3226765770127175 0.2224884308587977 0
1309 -0.3512777620145567 0.1732251983283519 0
1310 -0.3796336627279157 0.2226171521553097 0
1311 -0.4079852315404053 0.1735031228673783 0
1312 -0.4365484020325029 0.2227786491519955 0
1313 -0.4648856632200264 0.1764494938936362 0
1314 -0.4934875271597414 0.2233903013288773 0
1315 -0.5220777895438088 0.1769938638386394 0
1316 -0.5504786596077228 0.2236763850131839 0
1317 -0.5788523986000108 0.1745811149975965 0
1318 -0.6074083665263046 0.2234150443540198 0
1319 -0.6357641155603333 0.1769686414140264 0
1320 -0.6643493186581204 0.2238622917330737 0
1321 -0.6929378918568568 0.1774026188442898 0
1322 -0.7213347288978106 0.2241021056278142 0
1323 -0.7497242337344668 0.1749928523702925 0
1324 -0.7782609729685418 0.2238339374984397 0
1325 -0.8066338381723093 0.1773398678954884 0
1326 -0.8351953730015168 0.2242737396705572 0
1327 -0.8637831329359568 0.1777767094631493 0
1328 -0.8921721405699714 0.2245118461807095 0
1329 -0.9207719327305572 0.1752855874271885 0
1330 -0.9491276397452698 0.2242283837994682 0
1331 -0.9777220005303681 0.1749176932825344 0
1332 -1.006070372063997 0.2242082301539625 0
1333 -1.034661215856119 0.1749480067097249 0
1334 -1.063007719849193 0.2243005718866982 0
1335 -1.09159493083994 0.1750631521632915 0
1336 -1.119940642526675 0.2244297887396166 0
1337 -1.148363169683174 0.1752900116384838 0
1338 -1.176844142665361 0.2245886227670559 0
1339 -1.205249464575579 0.1780548543154631 0
1340 -1.233747195067552 0.2251565641569514 0
1341 -1.26231798682585 0.1786130464599558 0
1342 -1.290683166464058 0.2254321861247933 0
1343 -1.319131451123279 0.1763170395190823 0
1344 -1.347570487637408 0.2251733389352697 0
1345 -1.376004564141774 0.1785514848242941 0
1346 -1.404436626199947 0.2255954617187906 0
1347 -1.433011002856128 0.1790182172836791 0
1348 -1.461335935149241 0.2258341931340578 0
1349 -1.489907917773354 0.1766752303931183 0
1350 -1.51821681883967 0.225561088742508 0
1351 -1.546763338652295 0.1763389893626325 0
1352 -1.575058659619759 0.2255411223151764 0
1353 -1.603591303032223 0.1763800477734652 0
1354 -1.631747420656663 0.2259175322227212 0
1355 -1.660382622212541 0.1765321104447685 0
1356 -2.079210444177006 1.303967347866577 0
1357 1.584498437169392 0.1687682383712656 0
1358 2.091095117021064 0.4640288286988901 0
1359 -1.970411412847492 0.1309280052591086 0
1360 -2.081434785305656 0.5213352958202353 0
1361 1.924244763680144 1.343761141190679 0
1362 2.032591654776177 0.1737224481335785 0
1363 1.978069592736151 0.1727482940204143 0
1364 2.090121392810394 0.1799115130745862 0
1365 2.063250918516679 0.5125324371509299 0
1366 -2.053283574477028 0.5697925253999745 0
1367 1.894728346976018 0.6140438892865566 0
1368 2.090961563787276 0.7593011181447774 0
1369 -1.457672305747576 0.1271330859601969 0
1370 -1.489662656231211 0.2746547789833252 0
1371 -1.286777168878209 0.1269435957772945 0
1372 1.922665319272213 0.5652292993619847 0
1373 -1.688264370629574 0.2263325362012011 0
1374 -1.717095426998233 0.1767461069266417 0
1375 -1.319039403619091 0.2741728425230446 0
1376 -1.573382459755372 1.010677590788343 0
1377 -1.856515779058574 0.4239053901346834 0
1378 2.035202519321056 0.8565126102232118 0
1379 2.063279092804508 0.9049356601655212 0
1380 2.035445076967929 0.9534534741989533 0
1381 2.091128987340612 0.8564617467176258 0
1382 -0.9205367922663418 0.2733939552007848 0
1383 -0.8883031001513274 0.1262250414248135 0
1384 1.613163931885594 0.3161292581305089 0
1385 1.697883141417643 0.8566363762280591 0
1386 -0.7496972987335464 0.2729876306427804 0
1387 -1.488242715658519 1.059540801294983 0
1388 -1.995320912149736 0.9604590289886569 0
1389 -2.023235234281197 1.008994165503463 0
1390 -2.079207419211808 1.009092180718018 0
1391 -2.051163766888498 1.057507398961191 0
1392 -2.107103259392767 1.057545484717884 0
1393 -2.080290347709033 1.106872125938052 0
1394 -0.5788429417010207 0.2725731622956984 0
1395 -1.205218584750958 0.2740136140097388 0
1396 -1.091352754424095 0.2736633459237234 0
1397 -0.7172312414725205 0.1261155473803393 0
1398 -0.180151289822062 0.2715845156187759 0
1399 -0.4649025672780235 0.272228099042089 0
1400 -0.3510153073758333 0.2718558183481629 0
1401 0.1046381417244844 0.270880495855931 0
1402 -0.06620383722743427 0.2712339438368807 0
1403 -1.686945098086166 0.325417683978946 0
1404 0.3894356823645176 0.2701756560258149 0
1405 1.839608924178964 1.100413768673968 0
1406 0.2185938134127497 0.2705190773804623 0
1407 0.5033978702267259 0.2698006369263818 0
1408 1.016001608303496 0.2684555443172891 0
1409 1.86673453369076 0.6626438519423751 0
1410 0.6172867395248592 0.2694691132209037 0
1411 0.7312086164888695 0.2691854172063028 0
1412 1.129909861703821 0.2682786138948737 0
1413 -1.685906533926393 0.7171384809456551 0
1414 0.8451287516811783 0.2689005361628229 0
1415 1.528665322405066 1.052546480811374 0
1416 1.471986186053796 1.05260785964254 0
1417 1.838865818456358 0.8083648589647348 0
1418 1.810669879276803 0.7598253798899359 0
1419 -0.5463437212425104 0.1258552933759156 0
1420 -1.629172270670948 0.9126028555828367 0
1421 1.699456940026144 1.346472573787591 0
1422 1.500307877623631 1.003660268986555 0
1423 -0.147860459823879 0.1250555487894943 0
1424 1.528406051441463 0.562221321475682 0
1425 1.556584548764001 0.5130820386936676 0
1426 1.896157254342503 1.295022998848895 0
1427 0.1369442830249601 0.1246080514638641 0
1428 1.444033493455999 1.002505800786154 0
1429 -2.10923590741203 0.5699481810489491 0
1430 -2.081144565451687 0.6182890906638689 0
1431 2.090967700463999 0.3669641858104494 0
1432 -1.658028082553198 1.059710854182466 0
1433 -1.686291573782899 1.108900362573608 0
1434 -1.658030606986152 1.15811632862096 0
1435 -1.714618528765684 1.158200987331612 0
1436 -1.686256959629226 1.207197999702086 0
1437 -1.742667511066252 1.207193546146436 0
1438 -1.714459356169235 1.256228666209817 0
1439 -1.770848428144021 1.256245236194793 0
1440 -1.742233907292047 1.305098138141987 0
1441 -1.685940142545101 1.305187453649618 0
1442 0.4217520170864525 0.1241600496882761 0
1443 -1.797942039777134 1.30488184365963 0
1444 1.669720545034947 0.3160737989202617 0
1445 1.641633384127261 0.3651332258212376 0
1446 2.091355878017523 0.9532939704380925 0
1447 2.063556282782275 1.001780822572336 0
1448 1.161011786029258 0.1221944718959558 0
1449 1.328976445948819 0.1199377796844311 0
1450 1.867680986571123 1.343910119025423 0
1451 -1.714229002347851 1.354357328903335 0
1452 -1.657501302934528 1.353855004563719 0
1453 -1.629270553568725 1.305047739838152 0
1454 -1.600758039130795 1.353663356150271 0
1455 2.116910488376415 0.7120681090693424 0
1456 2.090643067362452 0.661750102486431 0
1457 1.953557553955253 1.392176748254558 0
1458 -1.997271102441251 0.5697246440096192 0
1459 1.838550555530189 0.6138613873273921 0
1460 -1.967189486167106 1.008930911404972 0
1461 -2.10740062581773 0.8637582661828661 0
1462 -1.603255180613545 0.2749659545010041 0
1463 -1.826682581243385 0.8640985327647115 0
1464 1.528215836650713 0.4639913606170688 0
1465 1.584850551519883 0.4639168002384705 0
1466 2.117771865798851 1.00137869730419 0
1467 2.091365394859033 1.050042895644709 0
1468 2.151676810942975 1.052570441223368 0
1469 2.119717438224988 1.098366210236566 0
1470 1.442604298845914 0.2181947369736655 0
1471 1.467669439589937 0.1735094518954506 0
1472 1.78264373966029 0.8084138733046229 0
1473 1.272334703207727 0.3169931551713692 0
1474 1.811903009429793 1.247749562966985 0
1475 1.783850332822797 1.19897267000174 0
1476 1.529202446530076 1.248932485289196 0
1477 1.500965576691106 1.298224864601802 0
1478 1.444812972954876 1.298042150911759 0
1479 1.473470564366933 1.347122004894691 0
1480 1.41940068302923 1.348613485661104 0
1481 1.529050794727501 1.346900686590703 0
1482 -1.745011321415154 0.2263114966231602 0
1483 -1.773913598810998 0.1796494935231966 0
1484 -1.572294852060136 1.305146515565467 0
1485 -1.543367651615808 1.353893897700355 0
1486 -1.770678727979101 1.157654284634967 0
1487 -1.913837576162774 0.1329150588271214 0
1488 -1.885378073209613 0.1796972370776436 0
1489 -1.859377265771755 0.1365710897608906 0
1490 -2.129069210744832 0.9068851444383972 0
1491 2.004697099555056 0.1284115134070737 0
1492 -1.695495444212444 0.129237017449265 0
1493 -1.581810213807547 0.1289827811774783 0
1494 -1.126306121632131 0.1280902268765759 0
1495 -1.012607791443337 0.1277365103561237 0
1496 2.11717477771509 0.5112780531351173 0
1497 2.146985141466584 0.4639832937867213 0
1498 2.0913236070399 0.5608660218942685 0
1499 -0.3858321973811575 0.1265935680421605 0
1500 -0.2722045027193752 0.1261628666229159 0
1501 0.01293126784582469 0.1258100409836472 0
1502 0.2977663164251758 0.1252278943965833 0
1503 2.118942500281339 1.292850595715818 0
1504 2.092985260981706 1.342727865414491 0
1505 2.146100989297262 1.24472950011926 0
1506 2.120232364251026 1.196936588630711 0
1507 0.5826014158232132 0.1246113524646987 0
1508 0.6961291516121945 0.1240722273266021 0
1509 0.8100507264525675 0.1238307857554388 0
1510 0.923969380222886 0.1235925529323515 0
1511 1.037882324287719 0.1233888225957446 0
1512 1.392573196904764 0.1207859790757149 0
1513 1.95007654857863 0.1237329730924003 0
1514 1.921973495382373 0.1726704610747022 0
1515 1.893513094938773 0.1264014655062411 0
1516 1.86533914517323 0.173222044005107 0
1517 1.837416994752008 0.1247062006501204 0
1518 1.808679607491096 0.1731945734913364 0
1519 1.778430848408185 0.1257659293482144 0
1520 1.751962483990493 0.1731861329666009 0
1521 1.719027477779735 0.1314822657472173 0
1522 1.780945021651958 0.2219393782079447 0
1523 -2.130953331940312 1.006800971569062 0
1524 -2.159097536007173 1.047005559942407 0
1525 -1.941876357644173 0.08146772568746075 0
1526 1.863450089097275 0.08226107300444674 0
1527 1.353336994476665 0.07310475701180386 0
1528 2.010379755015915 1.392961881329032 0
1529 -2.13332540592615 0.6167370859309387 0
1530 -2.107482869154619 0.6664285895418092 0
1531 2.155061249332502 1.337805881793799 0
1532 2.121672640139911 1.39151501625815 0
1533 2.151516319701945 0.5586854984911971 0
1534 -2.138396854821028 0.5219422259872215 0
1535 1.503617635699511 1.397264516533214 0
1536 2.172917607036713 1.196550064200822 0
1537 2.17794203783496 1.391306046306023 0
1538 2.11903121927115 0.6097137190564983 0
1539 2.035219021703782 0.5628906612197065 0
1540 2.151276925412266 0.6636578686853953 0
1541 -2.00055715325992 0.08390683986983238 0
1542 1.987536165841431 1.444888718552764 0
1543 2.151410826142519 0.9493595198281469 0
1544 1.697668165297334 0.3659125653386189 0
1545 -1.569421685813676 1.402418470658455 0
1546 1.560218729888098 1.394540870970324 0
1547 1.593699193488897 1.442389479644583 0
1548 1.615555180359706 1.390403822332906 0
1549 -1.684434557062446 1.402921245232002 0
1550 -2.052692020809253 0.667242624911293 0
1551 -2.080792180627819 0.7153562547984826 0
1552 -2.144971246995937 0.7170694561193497 0
1553 -2.10879521441823 0.7634707417495439 0
1554 1.671213337046424 1.39653329047156 0
1555 1.708996257582853 1.448713849532632 0
1556 1.739079666756407 1.391383523214096 0
1557 1.798281218473601 1.404699887218427 0
1558 2.101847892558732 1.446550276327502 0
1559 1.61330229943204 0.5128723484196628 0
1560 1.641472716117045 0.4637785786440852 0
1561 2.063106030392406 0.612598266720997 0
1562 2.063999485556386 1.099135734416875 0
1563 1.979085238568632 0.5645929371715709 0
1564 1.950847414385162 0.5148121071333298 0
1565 1.613064711101007 0.414830687463436 0
1566 -2.135496409977121 1.402046940936536 0
1567 -2.197199728863265 1.408184729667501 0
1568 -2.164432641520442 1.355076908663628 0
1569 -1.801391124481516 0.2277561298045292 0
1570 -1.965683434565539 1.401629438503837 0
1571 -2.082269293807252 0.8133389951879275 0
1572 -2.138714302786012 0.8107159496322455 0
1573 -1.826715241533872 1.255296430678927 0
1574 -1.715750231363666 0.2762315686873277 0
1575 -2.107783281108572 1.353068739098419 0
1576 -2.136156639919907 1.304107127881345 0
1577 -2.109766927694369 1.255217127873278 0
1578 -2.165907446206489 1.254662389705105 0
1579 -2.139358314901427 1.207445844760942 0
1580 -2.081947315750528 1.205753040403531 0
1581 -2.108247683651264 1.157909332592197 0
1582 -2.197572935605085 1.200654849233713 0
1583 2.107495323660095 0.04927304935454591 0
1584 2.137713216765118 0.09679935294649045 0
1585 2.197515689442196 0.09166289002758754 0
1586 2.165801183267513 0.1459564019329102 0
1587 2.083873532168317 0.09248669142646559 0
1588 2.007646385363991 1.00197214278062 0
1589 1.754437262779362 0.7599029296803379 0
1590 1.782486863176739 0.7111293791681852 0
1591 -2.107522609017005 0.04928880256270374 0
1592 -2.135575865721075 0.09802412220410994 0
1593 -2.197228886424892 0.0918347461923732 0
1594 -2.164450767410578 0.1455108725248455 0
1595 -2.109209675894981 0.1464248047617202 0
1596 -2.14206950340708 0.1945024267500483 0
1597 -2.169537909430945 0.2477968825337366 0
1598 -2.112581608185846 0.2445814937662468 0
1599 -2.145092677586436 0.2895299589246633 0
1600 -2.024609955142362 0.7169756754612219 0
1601 2.063102719182761 0.8078688291419091 0
1602 2.118954940561593 0.8078891768307845 0
1603 2.064606793126016 1.196996467804037 0
1604 2.092124255156303 1.148116158121201 0
1605 -1.939227796461446 0.9603251859420359 0
1606 1.999429691919203 0.04557299885620802 0
1607 -2.051997759705408 1.25490197432522 0
1608 -2.052080044609747 1.156569732869567 0
1609 -1.995169035428508 1.156648248170611 0
1610 -2.026952026992102 0.3259323696196608 0
1611 -2.081952258332591 0.3298654012014451 0
1612 -2.054005246701458 0.3757559078865466 0
1613 -2.108567069643107 0.3789155494617245 0
1614 -2.136235802878987 0.4254672081555735 0
1615 -2.109527561964053 0.4730082023725902 0
1616 -2.164841036519487 0.4736472270548771 0
1617 -2.195841307416308 0.4209766886607053 0
1618 -2.161119943725168 0.5709471242246826 0
1619 -2.023289138511974 1.106605543394667 0
1620 2.144267040970667 0.7599402511358667 0
1621 2.171411404133717 0.8070775307250254 0
1622 -2.104302221353318 0.9586313570058637 0
1623 2.118561206840846 0.2276223366679787 0
1624 2.151396404782417 0.2756639566520094 0
1625 2.119092227383113 0.3181827787715583 0
1626 2.063010023641758 0.3183671575935799 0
1627 2.11894412028697 0.4155238774852478 0
1628 2.172079892474461 0.4167114424586119 0
1629 1.584804676486403 0.3654815361348116 0
1630 1.499780511530974 0.4148804464482241 0
1631 -1.799917561539683 0.4237792290222182 0
1632 -1.828067797711445 0.4727714743746873 0
1633 -1.884590402896907 0.4727768852984132 0
1634 -1.856175249819998 0.5218619026659208 0
1635 -1.912561364475296 0.5219645414264058 0
1636 -1.827613672108032 0.5708817831024094 0
1637 1.725943890499161 0.7103916239179833 0
1638 1.894519081617891 0.4162080450354544 0
1639 1.866337414634113 0.4655670881194445 0
1640 1.922622241972942 0.4656603655871689 0
1641 2.117711162081429 0.9028967584546569 0
1642 -1.826918276102797 0.7663123806593796 0
1643 -1.798582667768007 0.8151801613243578 0
1644 -1.854985546970103 0.8151414010399824 0
1645 -1.883118075364897 0.8637950261222023 0
1646 -1.854826178401735 0.9127057324992005 0
1647 1.669663187380771 0.8079532093927927 0
1648 1.810192187731168 0.5631362749496387 0
1649 1.782156876546912 0.6122613547653651 0
1650 1.727255747718176 1.199146695259428 0
1651 1.755337769486737 1.150021383958092 0
1652 1.811656875291855 1.149547981043439 0
1653 -1.821175535607045 0.04777004762016823 0
1654 -1.785171269875322 0.08989596802709243 0
1655 1.708724539336584 0.04480519378657932 0
1656 -1.939373452940679 0.8635651836933061 0
1657 -2.080965471484197 0.09754212031162091 0
1658 1.866435031184564 0.5651833527442335 0
1659 -1.708890836415719 0.04790347216421365 0
1660 1.59487848482022 0.04924368566095005 0
1661 1.629018618623351 0.09516297943133356 0
1662 1.573417689290741 0.09494052547714293 0
1663 1.515688816261447 0.104099715409233 0
1664 1.481599578445068 0.04934953616815041 0
1665 1.450675687763058 0.09731833505407061 0
1666 -1.879807082245324 1.450747133443743 0
1667 -1.908627194384042 1.401584386904682 0
1668 -1.851376759891733 1.401950330749026 0
1669 -1.881095340557742 1.352969792147377 0
1670 -1.82288686053298 1.450898078469118 0
1671 -1.795353199307349 1.402349864725126 0
1672 1.698019966363354 0.2682539095434792 0
1673 -1.938797395379352 1.059515186255893 0
1674 -1.910822320025315 1.010370589512724 0
1675 2.007107015383557 0.8080420756276596 0
1676 1.726246941385633 0.9055775055443331 0
1677 -1.968151522782263 0.6201672396239257 0
1678 -1.940533851201755 0.5708015166712985 0
1679 1.443037790640414 0.4149786284636434 0
1680 -1.62960597787615 1.010558828153561 0
1681 -1.742730949519585 1.108911536636558 0
1682 1.754850241796097 1.051976742143977 0
1683 -1.77146217618034 0.4727099580082843 0
1684 -1.594968091666888 0.04931244210349772 0
1685 1.500211684168405 0.6115368262917498 0
1686 1.471764721079881 0.66088328703653 0
1687 1.414941229981107 0.6607670904080337 0
1688 1.556697040608452 0.6116319351499742 0
1689 -1.481184540763811 1.450819381696271 0
1690 -1.452598672276048 1.401421546518756 0
1691 -1.395658614658033 1.401376967993511 0
1692 -1.424151940856026 1.352117704065681 0
1693 -1.367251599277644 1.352562800222885 0
1694 -1.338730575145926 1.401424824402169 0
1695 -1.31034079977578 1.352603970625926 0
1696 -1.398000317633101 1.303247072776129 0
1697 -1.481030435129732 1.352149921669409 0
1698 -1.281807447686976 1.401403702344493 0
1699 -1.25342250961278 1.35206521333913 0
1700 -1.283847196362378 1.303375430481222 0
1701 -1.227754658056194 1.302995758377239 0
1702 -1.196886795829076 1.352063724245395 0
1703 1.301172607631729 0.759064324886036 0
1704 1.27260451197244 0.7098834904968518 0
1705 1.215671211866006 0.7099753101144344 0
1706 1.244031806970461 0.6606572123172215 0
1707 1.187142466493931 0.6607637787903758 0
1708 1.300909683165061 0.6605529959275157 0
1709 1.272632962885562 0.6115001517003176 0
1710 1.329520140168856 0.7098344671449511 0
1711 1.35786557234996 0.6605532424942187 0
1712 1.38639177962132 0.7098910244971035 0
1713 1.480025600178697 1.449212258379629 0
1714 -1.54649609673508 0.2747340706633999 0
1715 -1.517882126596179 0.3240196394400142 0
1716 -1.461000914938596 0.323760430202861 0
1717 -1.488967771337898 0.3734450666571694 0
1718 -1.404000536586358 0.3234622684189422 0
1719 -1.375198296813784 0.3729115983507938 0
1720 -1.574685333690574 0.3240908684498085 0
1721 1.414801882380151 0.7590657975138554 0
1722 1.838980645379101 0.9054941010969327 0
1723 1.951536299274659 1.002499654066987 0
1724 2.034925520734666 0.6619621501130388 0
1725 1.272862797941056 0.5138155790641429 0
1726 -1.262119556189879 0.274148540575872 0
1727 -1.290417230243923 0.3233987919969502 0
1728 -1.23353530052813 0.3233123532528647 0
1729 -1.176611478409518 0.3232049200566095 0
1730 -1.148285018959874 0.2738304449234404 0
1731 -1.119638471256951 0.3230578035203521 0
1732 -1.062693103078017 0.3229151445887576 0
1733 -1.289208839981524 1.10810005043056 0
1734 -1.260912041314715 1.058782885211088 0
1735 -1.317770188583755 1.058954570922779 0
1736 -1.204051586556665 1.0586152933316 0
1737 -1.23263397879094 1.0095871448906 0
1738 -1.175772999604761 1.009398023878755 0
1739 -1.147165827638933 1.058467516374693 0
1740 -1.118910291502021 1.009117284249613 0
1741 -1.455720104124023 1.30369417230641 0
1742 1.528155072179445 0.7590183232697895 0
1743 -1.511091604021617 1.402020097753677 0
1744 1.500250029523954 0.9059592986771146 0
1745 -1.346087498734772 1.108257126541242 0
1746 -1.374598035780257 1.059110620638095 0
1747 -1.346307010214333 1.009821232038064 0
1748 -1.403115473987561 1.010109400921356 0
1749 -1.431413504620874 1.059296377047092 0
1750 -1.459938805587862 1.010344382752114 0
1751 -1.431410016929731 0.9613826125734045 0
1752 -1.516751758710385 1.010609541038004 0
1753 -1.544858526286935 0.9615735249524767 0
1754 -1.289482002582958 1.009799655510046 0
1755 -1.261033416881624 0.9608958564282261 0
1756 -1.855450125634547 0.6198909360564501 0
1757 -1.481012658227849 0.04933056097506283 0
1758 -1.061625596326172 1.107471542491277 0
1759 -1.090223524497469 1.058289179416575 0
1760 -1.03331903779435 1.058133269898749 0
1761 -1.062008339399171 1.008968498621992 0
1762 -1.005082750933979 1.008871432873309 0
1763 -0.9764309144346413 1.057902690655782 0
1764 -0.9481927644420144 1.008668751169483 0
1765 -0.9766477301882378 0.9601623350088898 0
1766 -0.9195192992551681 1.0576394024435 0
1767 -0.891107094130556 1.008509991835553 0
1768 -0.8625659386573309 1.057387509490264 0
1769 -0.8341576133486462 1.008064280922356 0
1770 -0.8056386780950399 1.057133512010677 0
1771 -0.7774091580442567 1.007896397813306 0
1772 -0.8056627454975031 0.9594143093150036 0
1773 -0.7487432737964032 1.056881901368687 0
1774 -0.7203022025471956 1.00776562197325 0
1775 -0.6917868990071777 1.056598783364174 0
1776 -0.6633382050977418 1.007279212516731 0
1777 -0.6348480948523687 1.056364607477915 0
1778 -0.6066105381592038 1.007128389160811 0
1779 -0.6348047947276463 0.9587571525466257 0
1780 -0.5779390748478767 1.056301193624153 0
1781 -0.5494637545129545 1.007051566447171 0
1782 -0.5209666586654815 1.056025248606727 0
1783 -0.4924839726022526 1.006536347892925 0
1784 -0.464014714543935 1.055635946955215 0
1785 -0.435778945570797 1.006374995671648 0
1786 -0.463913772197027 0.9581106827894164 0
1787 -0.4070940291186487 1.055376286261767 0
1788 -0.3788906851968308 1.005901408739732 0
1789 -0.350157738330341 1.055096914979202 0
1790 -0.321948538043458 1.0054359459231 0
1791 -0.2932101100455237 1.05479438396613 0
1792 -0.2649992457948092 1.005163320542893 0
1793 -0.2362588897860969 1.054540247110615 0
1794 -0.2080483765154804 1.004890779497833 0
1795 -0.1793057214169501 1.054273919499981 0
1796 -0.1510961344676595 1.004618319728295 0
1797 -0.1223516121406501 1.054026262632273 0
1798 -0.09414268244517404 1.004345887549501 0
1799 -0.06539630961060389 1.053760913551432 0
1800 -0.03718810874164231 1.004073465925379 0
1801 -0.008445100697469345 1.053508930440051 0
1802 0.01976736640372142 1.003801122504636 0
1803 0.04850731124514455 1.05364669453733 0
1804 0.07709503222035054 1.004262200011762 0
1805 0.1055196994802238 1.053375394369973 0
1806 0.1341210903160207 1.003696559294909 0
1807 0.1624901918056275 1.052854022755703 0
1808 0.1907294688565658 1.003577462581708 0
1809 0.1628187278671775 0.9557201860107042 0
1810 0.2194122456239566 1.052590991635157 0
1811 0.2476035586428103 1.002994838333963 0
1812 0.2763491941900044 1.052288815370798 0
1813 0.3045542171046459 1.002439907070981 0
1814 0.3333023832114889 1.052476878873216 0
1815 0.3619374542236911 1.003025058094527 0
1816 0.3903240547438976 1.052180356270711 0
1817 0.4189753428314587 1.002413152365401 0
1818 0.4472959489746384 1.051589088387036 0
1819 0.475535608566806 1.002307706451551 0
1820 0.4477269537913777 0.9546361321532748 0
1821 0.5042118388626405 1.05132340275121 0
1822 0.5323991156046353 1.001674535083405 0
1823 0.5611510058598617 1.051018991611648 0
1824 0.5893498890504083 1.001079191451157 0
1825 0.6181055483939309 1.050690525933433 0
1826 0.6463092975546757 1.000807117252965 0
1827 0.6750639579007829 1.050431867493377 0
1828 0.7032685684221988 1.0005350477407 0
1829 0.7320224820254478 1.050164654269382 0
1830 0.7602275524665387 1.000263031732693 0
1831 0.788980479115553 1.049916990479837 0
1832 0.8171858027817201 0.9999911749211967 0
1833 0.8459369857850065 1.049651113578048 0
1834 0.8741428252401526 0.9997195573699731 0
1835 0.9028897521091507 1.049391738917442 0
1836 0.931098144788807 0.9994480329510227 0
1837 0.9598517284548141 1.049857765764515 0
1838 0.9885871184771603 1.000297584201483 0
1839 1.016885410308159 1.049528877972967 0
1840 1.04563637719929 0.9995890559052616 0
1841 1.073837909903075 1.048784208507965 0
1842 1.102074612089489 0.9995142200851246 0
1843 1.074497745937111 0.9522564590191668 0
1844 1.130723680512152 1.04930720032306 0
1845 1.159470511031597 0.9997285861351041 0
1846 1.187718627169507 1.048850749684396 0
1847 1.216476576080248 0.9988681428107276 0
1848 1.24462428447262 1.048039386963758 0
1849 1.272840010392232 0.9987723710430206 0
1850 1.245342844357431 0.9516205821712761 0
1851 1.301420027586164 1.047694860502749 0
1852 1.329617451686851 0.9979847357433429 0
1853 1.358254501993726 1.047269592215269 0
1854 1.386744533584354 0.9986780074594687 0
1855 1.045517031020058 1.099537727197099 0
1856 1.216311435645225 1.098860170710898 0
1857 1.330041611250939 1.097721334500194 0
1858 0.4189851286802258 1.101911776985366 0
1859 0.1341853428169098 1.10299548875454 0
1860 0.8746469311702567 1.100462103765984 0
1861 0.7607382193579504 1.100856265476039 0
1862 0.646821890127307 1.101268678686348 0
1863 0.5329053742477744 1.101709462383505 0
1864 1.159423578987993 1.100367740902285 0
1865 -0.4923074023554809 1.105349536216553 0
1866 0.2481012250657318 1.102754347023664 0
1867 -0.6631421665370753 1.105968185157175 0
1868 0.9885988452928826 1.100916951549581 0
1869 -0.03669280327054256 1.103758860480562 0
1870 -0.8908438203806083 1.106773021807535 0
1871 -0.150599696530074 1.104170579402584 0
1872 -0.2645089787722979 1.104573787632584 0
1873 -0.378412349122163 1.105002746580189 0
1874 -1.432715686466624 0.2744914354833087 0
1875 1.55637942820268 0.3163217421794013 0
1876 -1.424053684751687 0.04634599873556267 0
1877 -1.39881798471505 0.09367215248160865 0
1878 1.159053262917386 0.5141354953892339 0
1879 1.130744995417031 0.5633533916523696 0
1880 1.073821018297575 0.5638056404705459 0
1881 1.102444569690174 0.6126935643768658 0
1882 1.045520233519073 0.6131913950803589 0
1883 1.074151676485199 0.6621675965298333 0
1884 1.017220002578443 0.6625552395371124 0
1885 0.9885784903046505 0.6134239207831742 0
1886 0.9602733264843185 0.662868755880153 0
1887 0.9316275805979783 0.6136405242988607 0
1888 0.9033202868430752 0.663066119086874 0
1889 0.8746727238163023 0.6138277842780653 0
1890 0.8463639289682775 0.6632626075417036 0
1891 0.8177154071860321 0.6140210915943333 0
1892 0.7894056012392814 0.6634585951932119 0
1893 0.7607566650532426 0.6142029802241781 0
1894 0.7324462144747668 0.6636541966591369 0
1895 0.7037970620575228 0.6143958077843964 0
1896 0.6754863054786374 0.6638495865705342 0
1897 0.646837069721732 0.614576789832518 0
1898 0.6185261941172162 0.6640448331644575 0
1899 0.5898769714256759 0.6147696122203365 0
1900 0.5615660821076915 0.6642399976462139 0
1901 0.5329168877193552 0.6149503547659178 0
1902 0.5046060789372725 0.6644351122897111 0
1903 0.4759569764266958 0.6151431932769683 0
1904 0.4474209841745365 0.6642381358518088 0
1905 0.4189597119289269 0.6152584684927913 0
1906 0.3904184959636463 0.6646077877008031 0
1907 0.3620015136530979 0.615505242486075 0
1908 0.3336758202928155 0.6646994187665078 0
1909 0.3050641164909885 0.6156418570881943 0
1910 0.2767652519172905 0.6650525938220271 0
1911 0.2481171255158739 0.6158537730333816 0
1912 0.2198101606210546 0.6654102019925336 0
1913 0.1911613971386241 0.6160645806095988 0
1914 0.1626018461048137 0.6651600437122673 0
1915 0.1341744308759373 0.6162419445384048 0
1916 0.1055988515039673 0.6655604683495421 0
1917 0.07719320118299008 0.6165091605769754 0
1918 0.04887887809538686 0.6656459583680505 0
1919 0.02027198340289551 0.6165823584539651 0
1920 -0.008021712374476537 0.6660091431448363 0
1921 -0.03666846253315679 0.6167855348992526 0
1922 -0.06497292905944023 0.6663843711941384 0
1923 -0.09361993703063996 0.6169976323695555 0
1924 -0.1219270887831431 0.6665790473484596 0
1925 -0.1505729508936655 0.6171960078918457 0
1926 -0.1788800541890435 0.666773610764838 0
1927 -0.2075247878561534 0.617522954823349 0
1928 -0.2360114205197802 0.6664177639867446 0
1929 -0.2645059097295707 0.6174952652188077 0
1930 -0.2931733471306656 0.6665767766906175 0
1931 -0.3214753985228109 0.6177314968831189 0
1932 -0.350273018771679 0.6668279293205046 0
1933 -0.3784710566732057 0.6180136686159439 0
1934 -0.4070746794704844 0.6672746323244791 0
1935 -0.4354005448600586 0.6180888583293008 0
1936 -0.4637015322355614 0.667311151023406 0
1937 -0.492287698856103 0.6182387031953571 0
1938 -0.5208845318632062 0.6672966694485428 0
1939 -0.5492578790228898 0.6185700322671248 0
1940 -0.577866547395685 0.6678238961756564 0
1941 -0.6062063951952364 0.6186417806849611 0
1942 -0.634507007414323 0.6678660385648698 0
1943 -0.6630910472634767 0.6187925939006184 0
1944 -0.6916942787863521 0.6678455981398518 0
1945 -0.7200526642460615 0.6191492592278531 0
1946 -0.7486662019155487 0.6683889030371226 0
1947 -0.7769885181654125 0.619200958122326 0
1948 -0.8052820811468446 0.6684244760207404 0
1949 -0.8338567141782128 0.6193478749065326 0
1950 -0.8624607237755055 0.6683961841105703 0
1951 -0.8908026795508009 0.6194804000703371 0
1952 -0.9194160474532703 0.6689110182951756 0
1953 -0.9477190402145952 0.6197215795385332 0
1954 -0.9760020415039727 0.6689689262114371 0
1955 -1.004562751295763 0.6198830767659697 0
1956 -1.032941477774423 0.669078035651809 0
1957 -1.061446577773164 0.6200622902963633 0
1958 -1.089781374875028 0.6696604507763797 0
1959 -1.118312424907298 0.6202993529679373 0
1960 -1.147059327703756 0.6694604917088183 0
1961 -1.175238800246916 0.620441630695279 0
1962 -1.203835535173033 0.6698652303653675 0
1963 -1.232080066419015 0.6209670738251132 0
1964 -1.260327840684919 0.6699511124580371 0
1965 -1.288846387071732 0.6208635271878813 0
1966 -1.317139949897618 0.670179472750949 0
1967 -1.345639769958687 0.6210230049325866 0
1968 -1.373925704120932 0.6705921255839353 0
1969 -1.402415291555208 0.621566219820487 0
1970 -1.430689759340694 0.6707994386981108 0
1971 -1.459164008258966 0.6218732707258986 0
1972 -1.487422940762483 0.6709852672028659 0
1973 -1.515891361482189 0.6220991208320834 0
1974 -1.544119888563647 0.6711636789306149 0
1975 -1.572574093840399 0.6223128328680518 0
1976 -1.203761621066295 0.5715882735494163 0
1977 -0.6917068144663289 0.569784848786198 0
1978 -0.5209058352966501 0.5691996089031068 0
1979 -0.3500765333733064 0.5686220899362101 0
1980 -0.1792197256567932 0.5680490600407867 0
1981 0.1055517247766794 0.5670861094644108 0
1982 -1.601444555315424 0.6702334687869078 0
1983 0.3617708250886917 0.7131443812303252 0
1984 0.0769254270967924 0.7139918311395332 0
1985 -0.4356563480072103 0.7160056014178573 0
1986 -0.6064842619591252 0.7165282415586932 0
1987 -0.7772770780661948 0.7170522643950216 0
1988 -0.9478122279402821 0.7178776379891662 0
1989 -1.232158958591414 0.7187513810118682 0
1990 -1.48773991051092 0.5726190790092012 0
1991 -1.37421677413043 0.5717253212143645 0
1992 -1.090052277353774 0.5704755011374714 0
1993 -0.9762906496158648 0.570131011164913 0
1994 -0.862482726393747 0.5697795446058853 0
1995 -0.06531790552516008 0.5674692321600495 0
1996 0.2194657106461688 0.5665678960406544 0
1997 0.3333744566188633 0.5661442098565024 0
1998 -1.629418060802558 0.6221480607952489 0
1999 -1.601430620304076 0.5724310632589458 0
2000 0.4472950347137223 0.5657965291446949 0
2001 0.5612219605417067 0.5654921769233197 0
2002 0.6751398688530045 0.5650941855949335 0
2003 0.7890562236421338 0.5647393165072421 0
2004 0.9029672957780487 0.5643804669745969 0
2005 1.045188214778949 0.5146216178647756 0
2006 1.698766048150687 1.150204416474182 0
2007 -0.9774770897670149 0.2734536813978652 0
2008 -0.9488903475536964 0.3226240724262844 0
2009 -0.8919632360261462 0.3224860610383526 0
2010 -1.005786946155546 0.3227808470973196 0
2011 -1.885444051442015 0.2772853920148474 0
2012 -1.004712035451016 1.107290453968827 0
2013 -1.367135386635363 1.450692275546577 0
2014 1.471513099410036 0.4641036751986192 0
2015 -1.260594812013495 0.5717882154764155 0
2016 -1.23237585497374 0.5220112212218603 0
2017 -1.317424104609359 0.5707145165526804 0
2018 -1.601428885190976 1.158075646156893 0
2019 -0.8066335887333144 0.2731297108030973 0
2020 -0.7780584429852558 0.3222225832196907 0
2021 -0.721098574671474 0.3220953394882237 0
2022 -1.544516464726943 0.5722348018202541 0
2023 -1.45959189781688 0.5224591153705987 0
2024 -0.5218605705376731 0.2725141363719314 0
2025 -0.5502295746696005 0.3217056153449512 0
2026 -0.6072062949645231 0.3218164560329116 0
2027 -0.6357884071462714 0.2727127894524173 0
2028 -0.8635835127629069 0.2733558167250902 0
2029 -0.4079610122743921 0.2720121270679504 0
2030 -1.430994669897588 0.5720885674537287 0
2031 1.215783429138991 0.6116075039798654 0
2032 1.073820103896209 0.7596681515197873 0
2033 -0.6927388654323561 0.2729446441717697 0
2034 0.931259433456661 0.5149480981847213 0
2035 0.9599489309684288 0.7599948095630117 0
2036 -0.2940762280905883 0.2717277095079167 0
2037 -1.346088256996695 0.5212828933110222 0
2038 -0.237115139167303 0.2716436515461723 0
2039 -0.2085074259343546 0.3208306574256564 0
2040 -0.7486344620461837 0.5699756265912725 0
2041 -0.7203496606613821 0.5202798675942604 0
2042 -0.8055689428537977 0.5692860540509935 0
2043 -0.1231657059566034 0.2715154749253602 0
2044 -0.5778465095463838 0.5693892432855883 0
2045 -0.5495523938986447 0.5197207125535535 0
2046 -0.6347823377642783 0.5686699915398712 0
2047 -1.573085077340042 0.5228300950813406 0
2048 -1.630030224229843 0.5223937228717829 0
2049 0.846034818518969 0.7602729451760919 0
2050 -0.8342118174379468 0.5199249598491984 0
2051 -0.9194021167872775 0.5696974217466158 0
2052 -0.9480269263002505 0.5202871719516321 0
2053 -1.033180528614672 0.5700231475432024 0
2054 -1.061806204781042 0.5206005619091045 0
2055 -1.146908797006808 0.5700075684276815 0
2056 -0.009281603836744114 0.2710238819402485 0
2057 0.04767989214364744 0.2709359516078591 0
2058 0.07627643576406977 0.3200943800518682 0
2059 -0.407025286001488 0.568808869892682 0
2060 -0.3787223023443109 0.5191663836322499 0
2061 -0.4639732981666355 0.568262660267211 0
2062 0.8173571930205745 0.5152720064688805 0
2063 0.1616217100507419 0.2708050036374924 0
2064 0.8173942673155852 0.9080295901842381 0
2065 0.9312100393987868 0.9067360228927998 0
2066 -0.2361732846598826 0.5682330386297811 0
2067 -0.2078724334726532 0.518616728998827 0
2068 -0.2931291664187021 0.5677314713899333 0
2069 0.2755623549628734 0.2703156555709508 0
2070 0.3325095468768205 0.2702380517419604 0
2071 0.3611035799982619 0.319406961654107 0
2072 0.9599367266152672 0.5642274057396192 0
2073 0.4464184349328839 0.2700936610815478 0
2074 0.5603321585262289 0.2696012684161448 0
2075 0.703442494010794 0.5155992543523 0
2076 0.6181779575288225 0.5652461566064315 0
2077 0.5895253838805586 0.5159568922561586 0
2078 0.5042530835173595 0.5656278081144883 0
2079 0.04859467807746871 0.5672715098781141 0
2080 0.07690063278151653 0.5177024026351404 0
2081 -0.008368043417076898 0.5670267665299022 0
2082 -0.0370215772539112 0.5177146604939281 0
2083 -0.1222693986789937 0.5672566461821155 0
2084 0.9020875338823732 0.268757255914074 0
2085 0.4756030510686195 0.5162840943529579 0
2086 0.3903197446284676 0.5659527610599895 0
2087 0.3616809820639908 0.5166052916518132 0
2088 0.2764168490312776 0.5662430782185262 0
2089 0.2477678098706407 0.5169286663049126 0
2090 0.1625090603567028 0.5664635182391385 0
2091 0.6742476765140755 0.2693274710084737 0
2092 0.7321006528057774 0.5648824049992021 0
2093 0.7314941473757487 0.367493747284806 0
2094 0.3987341772151888 0.04933056097506283 0
2095 0.455696192204622 0.04584775388351192 0
2096 0.4809328420385592 0.09154336836188048 0
2097 -1.063098450198621e-15 0.04933056097506272 0
2098 0.8544306431483061 1.450669193805854 0
2099 0.8829119700079006 1.401339127787963 0
2100 0.9398721472032173 1.401339071359635 0
2101 0.9113923417967961 1.352010594889087 0
2102 0.9683515935284058 1.35208468962868 0
2103 0.8544324999871896 1.352119379021208 0
2104 0.9398725204767984 1.302683581840518 0
2105 0.9968308084404424 1.401350786683083 0
2106 1.025309745418084 1.35209963981223 0
2107 1.053789390774224 1.40135271430308 0
2108 1.082264486435605 1.352026680746359 0
2109 1.053788642741678 1.302688045834428 0
2110 1.110739074939143 1.302688051052687 0
2111 1.139215838870891 1.352043763871053 0
2112 1.110745031880673 1.401337990028042 0
2113 1.16769735424968 1.401329677222223 0
2114 1.196165703895785 1.352043403004927 0
2115 1.224650424679303 1.40132094549527 0
2116 1.253109279465561 1.351994426726944 0
2117 1.224634878566188 1.302681963141822 0
2118 1.281567740644771 1.302675008754115 0
2119 1.309403345529715 1.35233870111503 0
2120 1.334444554337133 1.30078583270543 0
2121 1.281494039259156 1.401365132857029 0
2122 1.337802343521001 1.401751608159463 0
2123 1.196188145543415 1.45065696116029 0
2124 0.8829128276501979 1.302681909191883 0
2125 0.8259509383182606 1.401357181125257 0
2126 0.7974720299302178 1.352139628057357 0
2127 0.7689896913107132 1.401362346307109 0
2128 0.740511537892716 1.35216601242659 0
2129 0.7689938073203453 1.302678403012641 0
2130 0.7120285867240725 1.40136617066182 0
2131 0.683550822745188 1.352168976623938 0
2132 0.6550672201835065 1.401365452321156 0
2133 0.6265897098183579 1.352191197170026 0
2134 0.6550732048598079 1.302672136817374 0
2135 0.598105755073662 1.401367557242166 0
2136 0.5696283824468898 1.352193108726109 0
2137 0.5411441342850054 1.401366278599231 0
2138 0.5126669277425041 1.352214977164266 0
2139 0.5411506067997571 1.302665500384135 0
2140 0.484182492466855 1.401368203426523 0
2141 0.4557054075336882 1.352216834380077 0
2142 0.4272207782898846 1.401366848282779 0
2143 0.3987438421391276 1.352238652185977 0
2144 0.4272276241577031 1.302659101936722 0
2145 0.3702589634570888 1.401369572526536 0
2146 0.3417822556225936 1.352240667604735 0
2147 0.3132977292819403 1.401367496940787 0
2148 0.2848207805871767 1.35226236033892 0
2149 0.2563369417489634 1.401365540590108 0
2150 0.227859434635924 1.352263601768703 0
2151 0.3133045190425208 1.302652900581069 0
2152 0.1993738307517688 1.401371875098317 0
2153 0.1708964801425348 1.352037807065773 0
2154 0.1993815544812531 1.302646837583277 0
2155 0.1424205558501883 1.30264377117533 0
2156 0.1139344185856373 1.352249050753392 0
2157 0.2278531561941583 1.450650997666263 0
2158 0.1424095414768705 1.401379105957495 0
2159 0.08544681543483761 1.401360963749597 0
2160 0.05697517136763659 1.352279530185967 0
2161 0.02848325409306139 1.401350385860892 0
2162 1.430827611763301e-05 1.352297490581475 0
2163 -0.02847909556832069 1.401335558229044 0
2164 -0.05694686309012553 1.35228637408643 0
2165 0.02632957749190353 1.302808580084418 0
2166 -0.08543854259504301 1.401328097725839 0
2167 -0.1139071619945896 1.351979887009223 0
2168 -0.08541271841035794 1.302584758547942 0
2169 -0.1423727840153254 1.302567264419816 0
2170 -0.1708683842591968 1.352230383456815 0
2171 -6.821240343301453e-06 1.450635217198324 0
2172 0.7405068841391514 1.450672312681877 0
2173 1.02531064753756 1.45066548606301 0
2174 -0.1423982116077109 1.401322645718321 0
2175 -0.1993590159106219 1.401298089801028 0
2176 -0.227827952259309 1.352271904342994 0
2177 -0.25631985167238 1.401288247659288 0
2178 -0.2847882388420581 1.3522909331033 0
2179 -0.2584682143369373 1.303007713472883 0
2180 -0.3132806330581401 1.401281419317157 0
2181 -0.3417484284901601 1.352280774216766 0
2182 -0.3702413766982705 1.401265870741227 0
2183 -0.3987084187684132 1.352290137207043 0
2184 -0.372385367153553 1.303089961928023 0
2185 -0.4272018156665671 1.401256468054769 0
2186 -0.4556680359485852 1.352278074055767 0
2187 -0.4841618939068346 1.4012399717802 0
2188 -0.5126272514377291 1.352286856990143 0
2189 -0.5411219038830514 1.401202152590527 0
2190 -0.5695859823435445 1.352270164434871 0
2191 -0.486300459435047 1.303169841003832 0
2192 -0.5981006565990173 1.401244263104628 0
2193 -0.6265566189104506 1.351893188260712 0
2194 -0.600637494942135 1.30249248056387 0
2195 -0.656849027608285 1.302631005102999 0
2196 -0.6838287977467296 1.352253762537337 0
2197 -0.5696254874377764 1.450571347798319 0
2198 -0.6551754486770636 1.401241179475332 0
2199 -0.7121689053798888 1.401105694132411 0
2200 -0.7405348274810791 1.35217087670228 0
2201 -0.7690470976691343 1.401034913235719 0
2202 -0.7974294617258304 1.351607546365643 0
2203 -0.7714821878006891 1.30242425836246 0
2204 -0.8284310932220469 1.302619760209988 0
2205 -0.8548166329246814 1.351979868453107 0
2206 -0.6836805744513013 1.450500994759025 0
2207 -0.3987294388980189 1.450621461907937 0
2208 -0.2848065444284814 1.450633712044282 0
2209 -0.1708835732903972 1.45064634858145 0
2210 0.6265831873838125 1.450669863908748 0
2211 0.1139240506329127 1.450658925863463 0
2212 0.5126593426206146 1.450666867129672 0
2213 0.3987353777195117 1.450664212790326 0
2214 -0.5126533072533138 1.450601684569525 0
2215 -0.8260125162384587 1.40074736961116 0
2216 -0.8830161013777935 1.40074543665663 0
2217 -0.9114078455875141 1.351864714697768 0
2218 -0.9398998693394696 1.400707937848573 0
2219 -0.9682848219844715 1.351229676686496 0
2220 -0.9423174691132509 1.302243575473916 0
2221 -0.9992606698377023 1.302462188340373 0
2222 -1.025664417650891 1.351679566591393 0
2223 -0.8544739784722176 1.450316432741331 0
2224 -0.9968704954145239 1.400335589548741 0
2225 -1.053850971827636 1.400446611247885 0
2226 -1.082250000054123 1.351550432951716 0
2227 -1.110738570116687 1.40032616186438 0
2228 -1.139286580345582 1.450001094701612 0
2229 -1.139418032571802 1.351802110740679 0
2230 -1.113018502104614 1.303176068337733 0
2231 -1.025332794454214 1.450064325113735 0
2232 0.2848101265822773 0.04933056097506261 0
2233 0.7974683544303794 0.04933056097506316 0
2234 0.6835443037974676 0.04933056097506283 0
2235 0.5696202531645558 0.04933056097506217 0
2236 1.025316455696202 0.04933056097506328 0
2237 0.1139240506329102 0.04933056097506272 0
2238 0.1708860567194848 0.04592485294594695 0
2239 0.1961030246647421 0.09186985450413343 0
2240 -0.7405063291139249 0.04933056097506294 0
2241 -0.6835443037974697 0.04615413196072571 0
2242 -0.6583430399548782 0.09286746308998328 0
2243 -0.569620253164559 0.0493305609750625 0
2244 -0.5126583328630713 0.04610861336771743 0
2245 -0.4874488295944443 0.09267470911962816 0
2246 -0.2848101265822799 0.0493305609750625 0
2247 -1.253164556962027 0.04630259984680496 0
2248 -1.227949611349452 0.09349581359283399 0
2249 -1.310126930940473 0.04622692518638793 0
2250 -0.1708860759493685 0.04933056097506283 0
2251 -0.1139240889640433 0.04600167683825207 0
2252 -0.08872591807269199 0.09219558033875386 0
2253 1.139240506329114 0.04933056097506239 0
2254 1.196918722183873 0.04662410997386734 0
2255 1.218241467842796 0.09602394297763073 0
2256 -1.025316455696205 0.04933056097506339 0
2257 -0.3987341772151915 0.04933056097506261 0
2258 -1.139240506329116 0.04785867503864183 0
2259 -0.9113924050632937 0.04933056097506117 0
2260 -0.8544306266031894 0.04619918179544225 0
2261 -0.8292609252130752 0.09303762420376038 0
2262 0.9113924050632908 0.0493305609750635 0
2263 1.367088607594939 1.450669439024938 0
2264 1.393169465403776 1.39988404029469 0
2265 1.309964149960732 1.450738435313611 0
2266 0.8454141895880852 0.3671887568156855 0
2267 0.9593319524036427 0.3668850938476984 0
2268 1.016286381022094 0.3667350909315951 0
2269 0.7321149115621984 0.7605500296054765 0
2270 0.6175730804356309 0.3677992574664419 0
2271 0.7881686848240075 0.2690432721942325 0
2272 0.7034719264513452 0.908275599446258 0
2273 0.6181968699687754 0.760825778389426 0
2274 0.5894716292411779 0.9076767485171204 0
2275 0.503651491194312 0.3681289922350206 0
2276 0.5043043382382028 0.7611208454987516 0
2277 -0.8339366952505248 1.106630062709188 0
2278 0.3540866400847351 0.1258047792507974 0
2279 0.6371565123427846 0.1251705907204531 0
2280 0.846025360513959 0.5645462980911478 0
2281 1.186857045293923 0.2681460825849854 0
2282 0.2194758687174986 0.7618491665204243 0
2283 0.3046452918557884 0.9078367830185428 0
2284 0.2188546843011109 0.3689361465368046 0
2285 0.06927483611398243 0.1263427902340829 0
2286 0.9590462391294302 0.268597942327656 0
2287 -1.224838799510641 1.401125288586536 0
2288 0.7510132308459451 0.1248927712860191 0
2289 1.072953090676283 0.268324154832298 0
2290 0.01984149918266583 0.9090507292478595 0
2291 -0.0653317802449332 0.7625194330386711 0
2292 -0.0659373821343658 0.3696879921557531 0
2293 -1.310198587060675 1.450683146694817 0
2294 -0.09400728504503786 0.9097252481304202 0
2295 -0.2155845633469159 0.126841900280198 0
2296 -0.1792355186905406 0.7627999463297401 0
2297 -0.2079095123309799 0.9099879903200079 0
2298 -0.2935662904407778 0.7631065749724082 0
2299 -0.3311964089641698 0.1271128631054662 0
2300 0.8649341722947989 0.1246658428442577 0
2301 -0.321909135564571 0.9097860618982337 0
2302 -0.3507065173767509 0.3704406701488538 0
2303 0.9683523825531123 1.450670759243765 0
2304 -0.4646030460610187 0.3707557757969542 0
2305 0.2848133698755281 1.450657674903539 0
2306 1.130175946358051 0.3664684386579727 0
2307 0.9788517260351809 0.1244537142964504 0
2308 -1.175457059259282 1.107783118550689 0
2309 -1.459735283872481 1.108645984266711 0
2310 -0.05696217094716641 1.450655570206139 0
2311 1.094303435019602 0.1242239908474539 0
2312 -0.9560189476025143 0.1282477103729399 0
2313 1.641322475549729 0.1705311440837393 0
2314 1.139230583679694 1.450664561901874 0
2315 -0.9200253632217654 0.3719956766083411 0
2316 1.386782989326857 0.611700467510122 0
2317 -1.034404877740278 0.2735395157091894 0
2318 -1.071621170299474 0.1285785784719288 0
2319 -0.9769300737560284 0.3721663495280658 0
2320 1.387370721166399 0.9052717351279964 0
2321 -1.090711432616556 0.3725001263324578 0
2322 -1.090386818966382 0.7650480848784948 0
2323 -0.7200857269947101 1.106191625442667 0
2324 1.187342633748113 0.7592668070909823 0
2325 -0.8349816306187887 0.3223683020186826 0
2326 0.3620420264755236 1.102932813389071 0
2327 -1.601219004631338 0.766268087257586 0
2328 1.016878647732363 0.5640110434514722 0
2329 1.922396578937284 0.2700526721763731 0
2330 -1.118814751175247 0.9118231809646511 0
2331 -1.204447587812962 0.3728447740643399 0
2332 1.329723726835895 0.5135536545933002 0
2333 1.522939935094688 0.1642610274659578 0
2334 1.499864676852928 0.7100540386448434 0
2335 -1.525354948216937 0.1293344913650684 0
2336 -0.8062275142232554 0.3716703197897285 0
2337 1.585305878640441 1.052458735194746 0
2338 -1.374371629085634 0.7653111895564215 0
2339 1.158826724861433 0.71011350931992 0
2340 1.243777112370494 0.2679392724634936 0
2341 -0.1509195220968756 0.518173066236352 0
2342 0.1338579254439368 0.517331758341286 0
2343 -0.3217790080622041 0.5186591091136037 0
2344 -1.640852391040919 0.1297179451038053 0
2345 -0.4926176878348232 0.5191723049751999 0
2346 -0.549252789689161 1.10584043942147 0
2347 -1.487771116810869 0.7654345507121478 0
2348 -0.7493427436454915 0.3715036491250864 0
2349 0.07723879517998937 1.103842336742419 0
2350 1.414310930722319 0.2674591518839947 0
2351 -0.6634271581107865 0.5196659817295074 0
2352 -1.629667581445682 1.207106678263447 0
2353 1.443715767746999 1.101763954659599 0
2354 1.416480104807518 1.248884292752323 0
2355 -1.912969333313425 0.4239077352865225 0
2356 -1.375860739334882 0.2743155681588283 0
2357 -2.193448977711638 0.8080265306924955 0
2358 2.201887477567531 0.5833333333333343 0
2359 -2.205868110287261 0.9201585964407802 0
2360 2.202849338738329 0.6940087001754427 0
2361 -2.146054899694689 1.108662973932455 0
2362 1.950729232222902 0.4161894854773808 0
2363 -0.6641261607918395 0.3219905775043502 0
2364 -1.772509000438309 0.2764004733176672 0
2365 -2.201987126252436 0.6934132395794436 0
2366 2.202708318411109 0.9183368555068308 0
2367 1.300900693045459 0.366126547719977 0
2368 -1.657786177688986 0.766189489419149 0
2369 2.203464240564227 1.027280258722414 0
2370 2.203370578492426 1.08295024133305 0
2371 -1.175542447082324 0.5209959971163366 0
2372 -0.6354728134513443 0.3712153499406797 0
2373 2.007075355476748 0.5139940166449528 0
2374 1.385796327563683 0.2182709768912569 0
2375 1.304049212138634 1.250530023452418 0
2376 -1.969036553083339 0.5215086807527793 0
2377 -1.99392064742888 1.45081363880928 0
2378 1.867011092699749 0.8568673910687944 0
2379 -1.658577855100604 0.3744193122203766 0
2380 1.556471046505962 0.414777791213195 0
2381 1.894840685391074 0.7111571163866491 0
2382 -0.5785450617241749 0.3710446032914084 0
2383 -0.1798733442796912 0.3700139527752687 0
2384 1.557369196785995 1.199646688002408 0
2385 -2.024834877443941 0.6189047857287066 0
2386 -1.883263119516416 0.7662922152596543 0
2387 -0.4932118965442886 0.3215542860394113 0
2388 -2.195239392344886 0.299905303512766 0
2389 -0.4362717777030928 0.3213967075843626 0
2390 2.202736949652902 0.3045728246081035 0
2391 2.203452040747422 0.2512193247014021 0
2392 1.979470922470051 0.9536344662667195 0
2393 -1.714325648858456 0.6683613204077878 0
2394 -1.937734858734945 1.352664792445792 0
2395 -1.685530195762076 0.9127192621962845 0
2396 1.556787588737459 0.9058485201788388 0
2397 -0.1515319230360401 0.320676333690859 0
2398 -0.9114236487898656 1.450354789705457 0
2399 -0.3793267060373653 0.3212289815221185 0
2400 2.037245702198724 1.343317118720437 0
2401 1.613528344182868 1.003524148061045 0
2402 1.244013475746693 0.3662730034135284 0
2403 -0.3224148892974938 0.3210540532055961 0
2404 -1.742021888098072 1.010408980697538 0
2405 1.414512578268969 0.1729884632254478 0
2406 -1.31828568754079 0.3729339837849708 0
2407 1.900666155822669 1.396664211135534 0
2408 -0.265460700986795 0.3209487018173609 0
2409 2.035719477861449 1.050604055117965 0
2410 -1.995141924597491 1.057891767850936 0
2411 1.415286236570701 1.05172535606699 0
2412 -0.2368397769865143 0.3701610900727739 0
2413 1.329554175215651 0.6115278058748688 0
2414 0.1048943286777332 0.369264434290935 0
2415 1.811183555004795 1.051738320459609 0
2416 1.215438044072056 0.3171602142065714 0
2417 -2.02696085007565 0.1312218266128579 0
2418 0.1332599736034173 0.3199783567097585 0
2419 -0.09455314625777843 0.3205475721397196 0
2420 2.200316621541362 0.468127510823768 0
2421 1.783242732615666 1.100795357969779 0
2422 -0.03760996433911203 0.3203650834981772 0
2423 1.556466683403348 0.7101158533843658 0
2424 0.01932316018063303 0.3202236523039107 0
2425 -1.402849633356615 0.9123221891297223 0
2426 1.58583670907823 1.248662926310538 0
2427 1.4432123712204 0.7099505429929286 0
2428 0.04794677856254304 0.3694153396735775 0
2429 0.3897323752134788 0.3685389664584729 0
2430 1.894418922521468 0.5157862429587354 0
2431 -1.752047626493905 0.1336483467891276 0
2432 0.1902362304997629 0.3198193904914851 0
2433 2.0078974079704 1.099557940558734 0
2434 0.4180681776713755 0.3192578212411354 0
2435 1.24590837296472 1.250078789936351 0
2436 0.2472143343589642 0.3196333863676721 0
2437 1.838712525392311 0.7112019713629566 0
2438 0.3041643843284263 0.3195142713172118 0
2439 -1.196185301204512 1.450335582499158 0
2440 0.3327723600568663 0.3686790537045349 0
2441 0.4750358807483579 0.3190775485287144 0
2442 1.158528405914882 0.3172637195939475 0
2443 -0.7405671087137461 1.45053115163427 0
2444 0.5319984743408928 0.3188796052088704 0
2445 0.5889591262927321 0.3187157232111018 0
2446 -1.657823505204331 1.2561314803213 0
2447 1.924335595120642 1.246149874656312 0
2448 0.6459194329725151 0.3185680714679598 0
2449 -1.967416485195901 0.9119711351900346 0
2450 1.557007187401524 1.297537479045337 0
2451 0.702880168444408 0.3184206396256947 0
2452 -1.913774219846068 0.2286202466583364 0
2453 1.101574950759906 0.3174117726847069 0
2454 0.7598406198916317 0.3182733120609386 0
2455 1.556940455270381 1.003616096027687 0
2456 0.816800882795611 0.3181257250481966 0
2457 0.8737609869475332 0.317978476643505 0
2458 1.044631979533049 0.3175380210462059 0
2459 0.9307186703299511 0.3178293642958978 0
2460 0.9876770986110417 0.3176815597520543 0
2461 1.950465891679023 0.2213557044992488 0
2462 1.167682436004549 1.302903585883456 0
2463 1.783316020794177 1.354318027073242 0
2464 -1.657553619854823 0.9614992836594651 0
2465 1.810622898249538 0.6625325600132901 0
2466 2.144036959362667 0.3680073607352279 0
2467 -1.884024262497387 0.5709441464881084 0
2468 1.131327057715324 1.249875469801094 0
2469 1.810773310204139 0.8569419701060723 0
2470 2.065526780456274 1.391677209398951 0
2471 1.528575154196759 0.9547682068741673 0
2472 1.754460767365122 0.856948977557453 0
2473 2.143693016812326 0.8549052117308955 0
2474 -1.601100736468268 1.256071268063673 0
2475 1.836992874882617 0.2218109427738316 0
2476 -1.232411968944925 0.9119281229694894 0
2477 1.726151831477806 0.8081630209274977 0
2478 1.074398298556932 1.249945852835003 0
2479 -1.543804984749098 1.256124200172092 0
2480 1.528303318944048 0.6608774281295289 0
2481 0.9961507239362097 1.302750289266114 0
2482 1.584745687794471 0.5623454835624171 0
2483 1.612973078877672 0.611876408410247 0
2484 1.867863957374555 1.149123159741928 0
2485 -1.347133649023138 0.323532508872255 0
2486 1.669396587042649 0.5140412484566625 0
2487 -1.167727794923385 1.400761386170533 0
2488 -1.513809075821283 1.305298523162955 0
2489 1.697497058316514 0.4645766825317688 0
2490 -1.57280652139009 0.9125650265088353 0
2491 1.669423024728503 0.4147299218221765 0
2492 0.9605172130380669 1.250081790214652 0
2493 1.894066407950128 0.2215196983149769 0
2494 1.840004739054355 1.198215099355529 0
2495 1.47255189917467 0.9544656000028486 0
2496 1.301340222753868 0.562542825379588 0
2497 -1.911139548988518 0.9123092684139715 0
2498 0.904236434448446 1.250492911787478 0
2499 -1.488264441016117 0.9615465130874066 0
2500 -1.545690695020175 0.3736603675255838 0
2501 -1.374831248331428 0.9613863416008093 0
2502 -1.459584436582337 0.9124363024049328 0
2503 0.8252753256503116 1.302936791024862 0
2504 -1.204205461003896 0.9607868484743809 0
2505 -0.9477707426770877 0.9113275392121215 0
2506 -1.630844401030795 0.3249425009537391 0
2507 0.7902975711177741 1.250656478153569 0
2508 1.244502427972376 0.5625696207774176 0
2509 -1.317986795369786 0.961202462706743 0
2510 1.753825611310264 0.3668390225464452 0
2511 -1.659467783730068 0.2756346294241566 0
2512 -1.601229895972386 0.961579518274253 0
2513 0.7113559753017776 1.303060080647312 0
2514 -1.289437626756896 0.9120064784433967 0
2515 1.809835880213706 0.2703363284755415 0
2516 1.726076055330535 0.3177086953433041 0
2517 -1.685830527973281 1.010443641265082 0
2518 1.187626157637793 0.5627532994822628 0
2519 -1.714201383555333 1.05963483712065 0
2520 0.676381390679819 1.25080078589585 0
2521 1.159349302214735 0.6119770597481828 0
2522 -1.147493356274809 0.9608639112030248 0
2523 -1.857564089134486 0.228114283268544 0
2524 1.868179732463143 1.246732225075345 0
2525 0.3330213394864104 0.7616808387722036 0
2526 -1.354006897285884 0.1334591133825028 0
2527 -1.798531113189314 1.10820662133726 0
2528 0.597434244690887 1.303180507058358 0
2529 -0.7774167313733208 0.9106949416295593 0
2530 -1.090625105542812 0.9606529896254115 0
2531 1.130959013482774 0.6613310902904563 0
2532 -1.033681535388062 0.9603982654737162 0
2533 -1.826513244635147 1.157359251183983 0
2534 0.5624620130910675 1.250945111427037 0
2535 -1.005332203546099 0.9113697802372699 0
2536 2.1478776899919 1.149099944891661 0
2537 1.102632926791222 0.7106312369994824 0
2538 -1.79869891451127 1.206649994722993 0
2539 0.4832406937780987 1.303119861796325 0
2540 0.04857268993474845 0.762479979697919 0
2541 -1.184930083072373 0.1333012926270847 0
2542 1.045665452588146 0.7108992019163312 0
2543 -0.919461823603177 0.959844142084145 0
2544 0.4485296371948265 1.251081258546079 0
2545 0.9888153102607421 0.711019103345941 0
2546 -0.60659706006778 0.9101567051241179 0
2547 -1.882663521880672 1.254849415817448 0
2548 0.9318324371741599 0.7112260611401588 0
2549 0.369317945829148 1.30323297360818 0
2550 -0.8627161923652993 0.9595859252754171 0
2551 0.874939717616814 0.7113126942893822 0
2552 0.8179582813436185 0.7115011835438431 0
2553 0.3354271525810452 1.251652659362859 0
2554 -0.8342377506112278 0.9108244023048845 0
2555 0.7610907071753509 0.7115461595340646 0
2556 0.2541688960960194 1.302164559910206 0
2557 0.7040682081759544 0.7117847661660668 0
2558 -0.4642713600151423 0.7641585634057158 0
2559 -0.7486733761611991 0.9591534051181668 0
2560 1.840170919635226 1.293339041485586 0
2561 0.6471704978675384 0.7118639911438993 0
2562 -0.4357676377003647 0.9097013922182375 0
2563 0.2200626368970472 1.250915569612283 0
2564 0.590148407393885 0.7121046866403943 0
2565 -0.6350868287475976 0.7646145666376128 0
2566 -0.7845484269762746 0.1325715603163241 0
2567 -0.6919031831925532 0.9589167445649489 0
2568 0.5332499705008328 0.7121821119891376 0
2569 0.1652369886400828 1.251999761161933 0
2570 0.4757954120856575 0.7127811130894633 0
2571 0.4189377144099782 0.7130146679804542 0
2572 -0.805858274476226 0.7650713759746447 0
2573 -1.658126145308448 0.5716350007931996 0
2574 -0.6634261387628219 0.9102838774397197 0
2575 2.200724739725293 1.246985027879034 0
2576 0.3904175810266992 0.7617230813297695 0
2577 0.08292470225394646 1.302255187771012 0
2578 -0.6136688280716905 0.1323022153803294 0
2579 -1.659153348070309 0.6688837121252156 0
2580 0.3052531280646399 0.7129624846730074 0
2581 -0.9764970830713252 0.7654667293718056 0
2582 -0.5778081551261034 0.9584993378533764 0
2583 -1.63022754899786 0.7178443108728113 0
2584 0.2484525391675368 0.7129782030957438 0
2585 0.05181328091996515 1.252695379649064 0
2586 0.1909615205286828 0.7136217644832495 0
2587 -0.5210475780620949 0.9582679996173264 0
2588 -1.260740513858497 0.7662251687448354 0
2589 0.1341159171591548 0.7138634719223729 0
2590 -0.44451938567175 0.1320596452847421 0
2591 -0.03099344130887293 1.302297318809348 0
2592 0.1054251002976399 0.7624218586488417 0
2593 0.02042163385738194 0.7138377413325572 0
2594 -0.4925791947134869 0.9097611825267067 0
2595 -0.0647330261179794 1.251207445671221 0
2596 -0.03633299482558212 0.7137759792979408 0
2597 -0.09335085296280871 0.7140335375486669 0
2598 -0.4075110450192119 0.9583098808377772 0
2599 -1.830147766624829 0.1824062053262997 0
2600 -0.1502415760364772 0.7140959386093464 0
2601 -0.1195560886459595 1.252291397990862 0
2602 -0.2075355938693582 0.7145515375103071 0
2603 -0.3506489598100472 0.9582143811951117 0
2604 -0.2649289885761206 0.7148631621815519 0
2605 -0.2018714725239418 1.302375004097429 0
2606 -0.04578235931871093 0.1313924460729341 0
2607 -0.3221554022167202 0.7152044667088466 0
2608 -0.3793186586662839 0.7156737180925564 0
2609 -0.2936056573760195 0.9578905333159043 0
2610 -0.2329771525070751 1.253056153312753 0
2611 -0.4074677086342503 0.7640209570078929 0
2612 -0.4927890679745566 0.7158806720478521 0
2613 -0.5499378966069955 0.7162025578881231 0
2614 -1.572918246529534 0.7184004723259629 0
2615 -0.2366705016410945 0.9577492603408029 0
2616 -0.3161510423881811 1.30251313851811 0
2617 -1.516124233878678 0.718440574119644 0
2618 -0.578274432950985 0.7645406115101069 0
2619 -0.6636117079003367 0.7163910345003988 0
2620 0.2390400287049147 0.1309094108113124 0
2621 -0.7207562819992733 0.71671841613705 0
2622 -0.1796886769944126 0.9575270966825951 0
2623 -1.853591872515259 1.304381701014539 0
2624 -1.459402447885719 0.7182518680944706 0
2625 -0.3469508168111637 1.253216116261071 0
2626 -0.7490690338531011 0.7650006231785769 0
2627 -0.8343906025385166 0.7169026706045351 0
2628 -1.402670996227034 0.7180994873832024 0
2629 -0.8914977564173108 0.7172645109032341 0
2630 0.1908366111744044 0.9077662199035845 0
2631 -0.1227650985508747 0.9573548464961479 0
2632 -1.345727801530437 0.7178933410228762 0
2633 -1.17616092391645 0.7180749863401052 0
2634 -1.824659799388941 1.353273714112676 0
2635 -1.004822051081337 0.7172785488029105 0
2636 -1.288975591598826 0.7181246671997514 0
2637 -0.9197534621745943 0.7656911098740924 0
2638 -0.4300658794914147 1.302580915380712 0
2639 -1.118791360149707 0.7174440813095677 0
2640 -1.061723593719122 0.7172507607077744 0
2641 -1.204093162365019 0.7661316567058813 0
2642 -0.06578186657600503 0.95713013804549 0
2643 0.5238640445087293 0.130412299841336 0
2644 -0.46086122060617 1.253367684626666 0
2645 1.754253873712974 0.2698690450329979 0
2646 -0.008787207517733132 0.956839443318609 0
2647 -1.626797584979621 1.402967662379557 0
2648 -1.596462090520162 1.451432469033325 0
2649 -1.709934872936568 1.451864425892631 0
2650 -0.5440487977717409 1.302521082732999 0
2651 0.04867523564988382 0.9562504199707209 0
2652 0.1054854984396401 0.9559017503618046 0
2653 -0.5765737759278607 1.252246303647441 0
2654 -0.6325856470154869 1.252900594936747 0
2655 0.4756791506008934 0.9068937699286563 0
2656 0.1339636751881126 0.9078349359579956 0
2657 -1.768723418453195 1.353256800182209 0
2658 -0.7149185311414147 1.302444300410526 0
2659 0.2190023257737055 0.9560985419309554 0
2660 0.2759819473415776 0.9558017163117135 0
2661 1.266727895255162 0.1173140051691205 0
2662 -0.7474108136179138 1.25234808737704 0
2663 0.3335331335152197 0.9551030381074672 0
2664 0.3903357659780004 0.9548035268980997 0
2665 1.303325923630195 0.07863588136369515 0
2666 -1.739823163702483 1.402664476136189 0
2667 -0.8028676495052138 1.253483894232071 0
2668 -1.201432656768335 1.254417689660454 0
2669 -1.258185157804099 1.254566418670099 0
2670 -1.34143471751093 1.303202836815587 0
2671 -1.429385346428688 1.2547008810469 0
2672 -1.372653074663233 1.254225037843693 0
2673 0.4188106270015164 0.9069475469772125 0
2674 -1.170475600039837 1.30302574107461 0
2675 1.726174052034773 0.2207593869405324 0
2676 0.5038082299786384 0.9550943857101079 0
2677 -0.8859014347769542 1.302326680697697 0
2678 1.696579118218129 0.1755949875830014 0
2679 0.5606496647525774 0.9550586407064883 0
2680 -0.9184382366639536 1.252210159591727 0
2681 0.6177528389155761 0.9546847674493957 0
2682 0.6747391440049957 0.9545670431103359 0
2683 1.102373198813903 0.9048035418836707 0
2684 -0.9737138899444683 1.253530779832667 0
2685 0.7317019639863512 0.9543792916340029 0
2686 1.273126649970629 0.904434895876444 0
2687 1.416826125108213 0.9535059244883802 0
2688 0.7886617761985659 0.9541833113020672 0
2689 -1.056698989257601 1.302359776407891 0
2690 0.8456204794208912 0.9539864703644501 0
2691 1.686132468410702 0.09030585269413793 0
2692 0.9026305297764727 0.9535797055600101 0
2693 -1.087333752257148 1.253919371937407 0
2694 1.016852840756366 0.9525759820079602 0
2695 0.9598102601813712 0.9530279783313989 0
2696 1.187804053422219 0.9519134868513339 0
2697 1.045447076033861 0.9050074683858657 0
2698 -2.206008443662193 1.026426147058509 0
2699 1.131027601687262 0.9521449993672833 0
2700 1.804311423596898 0.08022867093091879 0
2701 1.646137622975153 1.344669100530796 0
2702 1.216420149098995 0.9044253886412025 0
2703 1.301426824679686 0.9518764619380606 0
2704 1.358726211355574 0.9520728189259293 0
2705 1.584925982571413 1.345079571075821 0
2706 1.364230682451717 1.349952324856432 0
2707 1.448836978207445 1.398588541441066 0
2708 1.389790193737104 1.299305701182655 0
2709 1.823480549469763 1.452649884124652 0
2710 -2.20281651375788 1.083116883312183 0
2711 -2.161931655520444 0.6567991171653131 0
2712 1.93151953297576 1.444869373898639 0
2713 -2.158621378301405 0.9526083055171624 0
2714 1.850108847460124 1.408043426652116 0
2715 -2.156267841660637 0.3838841402472596 0
2716 -2.157095658911781 0.7692361980626637 0
2717 -2.158624262283999 1.162712377881639 0
2718 -2.209750288636851 0.5839295998508913 0
2719 -2.1544574499505 0.855774175504736 0
2720 2.207364908190067 1.351697204693997 0
2721 -2.212446284514066 0.4722222222222218 0
2722 -2.211814147667078 1.35817937912859 0
2723 2.213040870055448 0.1419683028365442 0
2724 -2.211841365604707 0.1418989448610762 0
2725 -2.068495471780498 0.2234566619547544 0
2726 2.210185976553387 1.428640333359799 0
2727 2.151229301422958 0.190455467022976 0
2728 1.825362266726292 1.367219912714832 0
2729 2.165274386601517 0.6111111111111169 0
2730 2.165287027764414 1.000286850949015 0
2731 -2.139704694885272 0.3361783107857399 0
2732 -1.987898901354643 0.0403818044251989 0
2733 -2.213214840101026 1.251463711915499 0
2734 -2.214528335541879 0.2499999999999996 0
2735 -1.937347819820847 0.03445043194898589 0
2736 2.163304361139264 0.7176287057410434 0
2737 -1.88682818739217 0.09737418368858908 0
2738 2.163774345275564 1.107094174266996 0
2739 2.163229504031158 0.5055252536780936 0
2740 -1.806411246770223 0.1355028066816338 0
2741 2.162634743427995 0.325932970424771 0
2742 2.162473619764182 0.8971716796281637 0
2743 -1.734265576580804 0.08616435809719369 0
2744 2.120565838655991 0.1396823080244933 0
2745 2.208070911792054 0.04156631093635255 0
2746 -2.208070911792054 1.458433689063648 0
2747 -2.208070911792052 0.04156631093634733 0
2748 -1.678732948752895 0.08508323406380547 0
2749 -1.621229447570542 0.08564910008870286 0
2750 -1.564777772141021 0.08499789170109884 0
2751 2.061091685139394 0.1340584708349501 0
2752 -1.50322098742264 0.08724165139154749 0
2753 -1.452955524172961 0.08074468990879569 0
2754 -1.333077876549968 0.08835973427650556 0
2755 1.829268650097218 0.0407133766075406 0
2756 -1.840418270667158 0.0929194542351075 0
2757 -1.403902550949283 0.1423668107864563 0
2758 -1.165940841587298 0.08598437548226479 0
2759 -1.282219228936026 0.08026573373596546 0
2760 2.03231629485457 0.08994901301678282 0
2761 -1.233444862940293 0.1420817205545264 0
2762 1.977513865262848 0.08945551243280947 0
2763 -1.110759493670888 0.08285361816293224 0
2764 1.888326703639965 0.04260439360878965 0
2765 1.920543544544855 0.08762739011512666 0
2766 -1.052783742521184 0.08381461182015026 0
2767 1.744225987619876 0.0855030085761207 0
2768 -0.996835443037977 0.0826983002533932 0
2769 -0.7635068205885672 0.08833735690629752 0
2770 2.163535304083752 1.286019313240772 0
2771 -0.9339693133845131 0.0863958002421068 0
2772 2.216422296056198 0.8057984922126926 0
2773 -0.8834712740830797 0.08023764172823677 0
2774 2.216781954425318 0.4166441688919438 0
2775 -0.8354529814931226 0.1412944609727524 0
2776 -0.5926162386645931 0.08817532001386263 0
2777 -0.7126263469854722 0.08056101206248167 0
2778 -2.102708078925323 0.2891570620339073 0
2779 -0.664608427249625 0.1411049857706471 0
2780 -0.4254458835461888 0.08526079619348004 0
2781 -0.5417374751058356 0.08042889937043729 0
2782 -0.4937492024210468 0.1409171165459824 0
2783 1.743309837379519 1.337808166547005 0
2784 -0.3702531645569633 0.08183182916748899 0
2785 -0.3122854225774215 0.08283418199164316 0
2786 -0.02670992397800287 0.08479248213413404 0
2787 -0.2563291139240525 0.08167256560238534 0
2788 -0.1934855673539519 0.08562403908802185 0
2789 -0.1429764220327869 0.07964148120591708 0
2790 -0.09504559189032957 0.1404829723192651 0
2791 0.2581049666357152 0.0844551008886778 0
2792 2.217346733902072 1.194757248078947 0
2793 0.03012187559090257 0.08304448360499184 0
2794 0.09160535339846876 0.0856282852792476 0
2795 0.1418925536881132 0.07947232103365087 0
2796 0.1897553600437432 0.1401751071830842 0
2797 0.5429200732050753 0.08411249758597183 0
2798 1.66765166890251 0.1361464771189503 0
2799 0.3149339071426289 0.0826769595361686 0
2800 0.3764156793103071 0.08533584171072717 0
2801 0.426706181571026 0.07924351492389159 0
2802 0.4745608949972311 0.1398685930883412 0
2803 0.5992004705473418 0.08177782841076087 0
2804 0.6561157296371335 0.08159032719321957 0
2805 0.7120253164556956 0.08031047083189014 0
2806 0.7689873417721507 0.08023065138620622 0
2807 0.825949367088608 0.08015042082572688 0
2808 1.313588053093083 0.03496298440181012 0
2809 0.8829113924050619 0.08007093581210756 0
2810 2.16512989376065 0.2292392820709311 0
2811 -2.095323442858533 0.1887811155279041 0
2812 0.9398734177215196 0.07999190259362321 0
2813 0.9968354430379717 0.07991415651291833 0
2814 1.053797468354431 0.07983746393595526 0
2815 -2.066944543769258 0.1402436065188365 0
2816 1.114782854826492 0.08286202142720012 0
2817 1.167721518987344 0.07969173986284384 0
2818 1.815649796029475 1.328614069363635 0
2819 1.214970183269253 0.1390650360256859 0
2820 1.480033674777707 0.133540392966141 0
2821 1.561874995685596 0.1341311328807815 0
2822 1.610544776986837 0.1347961042614229 0
2823 1.368293224790526 0.03323535621487095 0
2824 -2.040222628561772 0.09432477079209356 0
2825 1.441092915460887 0.139628524443365 0
2826 1.397414437946459 0.07678958727033824 0
2827 2.215731283441615 1.466540550960259 0
2828 -2.170155899837343 0.8945514327580879 0
2829 -2.175423829202656 0.6103829378103676 0
2830 -2.17334979355088 0.999443698159323 0
2831 -2.221518987341772 -0.02500000000000002 0
2832 2.221518987341772 -0.02500000000000002 0
2833 -2.164556962025316 -0.02500000000000002 0
2834 -2.107594936708861 -0.02500000000000002 0
2835 -2.050632911392405 -0.02500000000000002 0
2836 -1.196202531645572 -0.02500000000000002 0
2837 -0.8544303797468372 -0.02500000000000002 0
2838 -0.5696202531645586 -0.02500000000000002 0
2839 -0.1708860759493685 -0.02500000000000002 0
2840 -0.1139240506329125 -0.02500000000000002 0
2841 -1.396165357586168e-15 -0.02500000000000002 0
2842 0.1139240506329102 -0.02500000000000002 0
2843 0.1708860759493662 -0.02500000000000002 0
2844 0.2848101265822773 -0.02500000000000002 0
2845 0.3987341772151888 -0.02500000000000002 0
2846 0.5126582278481003 -0.02500000000000002 0
2847 0.6835443037974674 -0.02500000000000002 0
2848 0.797468354430379 -0.02500000000000002 0
2849 0.9683544303797461 -0.02500000000000002 0
2850 1.082278481012658 -0.02500000000000002 0
2851 1.253164556962025 -0.02500000000000002 0
2852 1.367088607594936 -0.02500000000000002 0
2853 1.594936708860759 -0.02500000000000002 0
2854 1.651898734177214 -0.02500000000000002 0
2855 1.708860759493671 -0.02500000000000024 0
2856 1.765822784810127 -0.02500000000000002 0
2857 1.879746835443038 -0.02500000000000002 0
2858 1.993670886075949 -0.02500000000000002 0
2859 2.050632911392405 -0.02500000000000002 0
2860 2.164556962025316 -0.02500000000000002 0
2861 -1.99367088607595 -0.02500000000000002 0
2862 -0.9683544303797486 -0.02500000000000002 0
2863 -0.7405063291139258 -0.02500000000000002 0
2864 -0.6835443037974699 -0.02500000000000002 0
2865 -0.5126582278481027 -0.02500000000000002 0
2866 -0.3987341772151913 -0.02500000000000002 0
2867 -0.2848101265822799 -0.02500000000000002 0
2868 -0.2278481012658242 -0.02500000000000002 0
2869 0.0569620253164544 -0.02499999999999991 0
2870 0.3417721518987331 -0.02500000000000002 0
2871 1.025316455696202 -0.02500000000000002 0
2872 1.139240506329114 -0.02500000000000002 0
2873 1.196202531645569 -0.02500000000000002 0
2874 1.310126582278481 -0.02500000000000002 0
2875 1.424050632911392 -0.0249999999999998 0
2876 1.481012658227848 -0.02500000000000002 0
2877 -1.822784810126583 -0.02500000000000002 0
2878 -1.765822784810128 -0.02500000000000002 0
2879 -1.651898734177216 -0.02500000000000002 0
2880 -1.594936708860761 -0.02500000000000002 0
2881 -1.481012658227849 -0.02500000000000002 0
2882 -1.424050632911394 -0.02500000000000002 0
2883 -1.367088607594938 -0.0249999999999998 0
2884 -1.310126582278483 -0.02500000000000002 0
2885 -1.253164556962027 -0.0249999999999998 0
2886 -1.08227848101266 -0.02500000000000002 0
2887 -0.911392405063293 -0.02500000000000002 0
2888 -0.7974683544303814 -0.02500000000000002 0
2889 -0.6265822784810143 -0.02500000000000002 0
2890 -0.4556962025316469 -0.02500000000000002 0
2891 -0.3417721518987356 -0.02500000000000002 0
2892 0.4556962025316446 -0.02500000000000002 0
2893 0.5696202531645561 -0.02500000000000002 0
2894 0.6265822784810117 -0.02500000000000002 0
2895 0.7405063291139232 -0.02500000000000002 0
2896 0.8544303797468348 -0.02500000000000002 0
2897 0.9113924050632903 -0.02500000000000002 0
2898 -1.936708860759494 -0.02500000000000002 0
2899 -1.879746835443039 -0.02500000000000002 0
2900 -1.708860759493672 -0.02500000000000002 0
2901 -1.537974683544305 -0.02500000000000002 0
2902 -1.139240506329116 -0.02500000000000002 0
2903 -1.025316455696204 -0.02500000000000002 0
2904 -0.05696202531645695 -0.02500000000000002 0
2905 0.2278481012658217 -0.02500000000000002 0
2906 1.537974683544303 -0.02500000000000002 0
2907 1.822784810126582 -0.02500000000000002 0
2908 1.936708860759493 -0.02500000000000002 0
2909 2.10759493670886 -0.02500000000000002 0
2910 2.497817413429197 1.599653123475309 0
2911 -2.502061139596217 1.60758347822035 0
2912 2.356909451452989 1.751501723667175 0
2913 -2.342779869384384 1.747244713334511 0
2914 -2.302445669071457 0.1402248265523787 0
2915 2.303631653588419 0.1411734031456483 0
2916 -2.300484277471314 0.3077973176712995 0
2917 2.301258018720536 0.308997063454208 0
2918 -2.300335751350138 0.475192668480854 0
2919 2.300335751350143 0.4751926684808608 0
2920 -2.298452191245993 0.6395856788022698 0
2921 2.298449859405333 0.6395913981722532 0
2922 -2.298112522432469 0.8055555555555542 0
2923 2.298112522432469 0.8055555555555562 0
2924 2.297471172648494 0.9753822808806746 0
2925 -2.297472315642439 0.9753706670269758 0
2926 2.296422326865735 1.142327788837928 0
2927 -2.296423422529116 1.142316175825783 0
2928 2.295369654617487 1.30925754483924 0
2929 -2.295374209401753 1.309257587917368 0
2930 2.29816000153899 1.472200134356876 0
2931 -2.300262417390589 1.471104312926992 0
2932 2.219573632201103 1.551113079236551 0
2933 -2.221478100039391 1.548743847340114 0
2934 -2.059890586318275 1.747247051504885 0
2935 2.070196354543597 1.751585224311721 0
2936 1.90240745940026 1.749710697186941 0
2937 -1.891238994484054 1.74881791035232 0
2938 1.71967415864699 1.749742057690462 0
2939 -1.721085586684723 1.74871753248721 0
2940 -1.558333333333331 1.750925227118882 0
2941 1.55267238741821 1.751452100908838 0
2942 1.3851529917629 1.75122248432559 0
2943 -1.388333333333331 1.750925227118882 0
2944 -1.218333333333331 1.750925227118882 0
2945 1.215689863478149 1.75196451057886 0
2946 1.048333333333337 1.750925227118882 0
2947 -1.048333333333331 1.750925227118882 0
2948 0.8783333333333376 1.750925227118882 0
2949 -0.8783333333333309 1.750925227118882 0
2950 0.7083333333333381 1.750925227118882 0
2951 -0.7083333333333305 1.750925227118882 0
2952 -0.53833333333333 1.750925227118882 0
2953 0.536463695693334 1.749220790669446 0
2954 0.3683333333333381 1.750925227118882 0
2955 -0.3683333333333301 1.750925227118882 0
2956 -0.1922186715482399 1.748661410434437 0
2957 0.1983333333333376 1.750925227118882 0
2958 0.02833333333333726 1.750925227118882 0
2959 -0.08499999999999604 1.750925227118882 0
2960 0.1114559288634009 1.548046207116599 0
2961 0.2822494526249082 1.547947119436403 0
2962 -0.2868056441772818 1.548127575152341 0
2963 2.494267366842629 1.37775044333887 0
2964 -2.493566148149412 1.377623940487727 0
2965 0.4529657750228178 1.547892954072284 0
2966 -0.457522399239921 1.548181675945647 0
2967 0.6236820107793665 1.547838778656706 0
2968 -0.6282392677825395 1.548235756608999 0
2969 2.49709558242125 1.210009371361265 0
2970 -2.494647416229272 1.208839741307816 0
2971 0.7943981646903285 1.547784594874468 0
2972 -0.798956255084781 1.548289815030161 0
2973 2.497835409266028 1.04203345719559 0
2974 -2.495867031539866 1.041003577369876 0
2975 0.9651142414801038 1.547730404350828 0
2976 -0.9696733665079759 1.548343849020783 0
2977 1.135830245803002 1.547676208667472 0
2978 -1.140390607495964 1.548397856315792 0
2979 2.498582013011017 0.8740536491967358 0
2980 -2.497081899068157 0.8731696366642359 0
2981 1.308361126882527 1.549022342604079 0
2982 -1.31110798356706 1.548451834603332 0
2983 2.499336048291875 0.7060701997854731 0
2984 -2.498291633082706 0.7053378018653084 0
2985 1.48101265822785 1.549330560975063 0
2986 -1.481825500195378 1.548505782053697 0
2987 1.655997182861356 1.552409939828609 0
2988 -1.652599123629009 1.548916831826172 0
2989 -2.501450090999963 0.5386363636363619 0
2990 2.501450090999963 0.5386363636363647 0
2991 1.822983432571813 1.549311498561639 0
2992 -1.823333781375183 1.548938353846976 0
2993 -2.500545704241805 0.3699087905833773 0
2994 2.500542757880724 0.3699138965480766 0
2995 1.990910506761939 1.549685090906686 0
2996 -1.994335534571929 1.5488777367544 0
2997 -2.501426914224435 0.2020402563119819 0
2998 2.501426914224435 0.2020402563119831 0
2999 -2.425492443420415 -0.008687934982452461 0
3000 2.425000000000002 -0.006698729810778237 0
3001 2.189813125603506 1.75019046870109 0
3002 -2.17800209815269 1.748666959113189 0
3003 2.501450090999963 1.491666666666668 0
3004 -2.509291055555326 1.494911764144522 0
3005 -2.107931562018971 1.548944736147484 0
3006 2.112960812133449 1.55047744077386 0
3007 -0.1160859619352313 1.548884617056998 0
3008 -0.002355935401088022 1.548927717397571 0
3009 2.300586427670334 1.527887622480802 0
3010 -2.277639612241898 1.551281899434335 0
3011 -2.249488095825185 1.597818360738341 0
3012 -2.305592207749482 1.597894108819796 0
3013 2.345560001867768 1.500467137302997 0
3014 2.346648454045793 1.55589713798624 0
3015 2.344776667236136 1.446663619213019 0
3016 -2.501870388271167 0.08978813342644043 0
3017 2.501947481712526 0.08987004690733935 0
3018 -2.277510825817742 1.646038060778005 0
3019 -2.333664594762634 1.551867159556097 0
3020 -2.361650969651589 1.598010713333387 0
3021 -2.389707122462744 1.549515659421219 0
3022 2.464576268487342 1.756107732159694 0
3023 -2.465000000000003 1.750925227118882 0
3024 -2.3220252822223 -0.009831711812966382 0
3025 2.322041890315952 -0.009814986502773126 0
3026 2.300837534739601 1.583736580932366 0
3027 2.346970837568617 1.611857492146279 0
3028 2.298285680411777 1.63978133518681 0
3029 -2.221295508988925 1.646058243607829 0
3030 2.39394752448464 1.531461406312613 0
3031 -2.250694108484683 1.694076969943507 0
3032 -2.415478988902608 1.596377699500533 0
3033 -2.389306526432075 1.645917506022812 0
3034 2.345177774428906 1.665627585015439 0
3035 2.394951029696824 1.639562293567037 0
3036 2.295964777440763 1.693189171482236 0
3037 2.248682418152803 1.667262198208384 0
3038 -2.44096204660682 1.548616028016808 0
3039 -2.415404460457801 1.502697785235893 0
3040 -2.451909670911444 1.64048693048639 0
3041 2.389286245631955 1.699948621408741 0
3042 2.443700183205374 1.668036820390637 0
3043 -2.417656413380533 1.694659344986355 0
3044 2.244871141245163 1.720801491915284 0
3045 -2.307311593765812 1.695237315625119 0
3046 2.444187123207856 1.613654169634564 0
3047 2.197986570427485 1.693145610911239 0
3048 2.198988140928946 1.640093150241462 0
3049 2.15095129686958 1.665426813081979 0
3050 2.145939638505336 1.60401807258585 0
3051 2.102136990293211 1.638954068543103 0
3052 2.100064673574199 1.699957025270045 0
3053 2.05146703451121 1.665859992515445 0
3054 2.052344422190451 1.613175130366151 0
3055 2.004530039307512 1.640700550783768 0
3056 2.003740991024751 1.69543388518951 0
3057 1.954762855282492 1.667213937631379 0
3058 1.959150713736671 1.602323349219344 0
3059 1.90626805898978 1.63710713159138 0
3060 1.90680860765087 1.586205164553024 0
3061 1.853267025660772 1.601984893921636 0
3062 1.857089199411977 1.663093199825285 0
3063 1.807048945665504 1.638207884355789 0
3064 1.809819153203333 1.699209882160492 0
3065 1.758092681768351 1.665578560797995 0
3066 1.757906885694613 1.609706805167684 0
3067 1.708673472246399 1.637867008857099 0
3068 1.70945611214254 1.582402823511928 0
3069 1.659976208890894 1.611357534872955 0
3070 1.659446302739582 1.666627354902189 0
3071 1.611284299553434 1.639912831819045 0
3072 1.612158305254251 1.692807122158152 0
3073 1.56284479514089 1.663866082796626 0
3074 1.563508996371765 1.602907738008071 0
3075 1.512132787893513 1.637601121867827 0
3076 1.518203694804693 1.700558335190666 0
3077 1.463712412351959 1.667053043514422 0
3078 1.466842747795135 1.714583921746879 0
3079 1.662684686587455 1.721131168681016 0
3080 1.409964294559493 1.697262066209456 0
3081 1.357813312417295 1.712487266849154 0
3082 1.415736309119071 1.641345825243413 0
3083 1.955522745112963 1.720937787100746 0
3084 -2.501747543055743 0.145696919138708 0
3085 -2.453399897100035 0.1737314133421757 0
3086 -2.452712010863327 0.229527132258682 0
3087 -2.405060800243861 0.2008351182018734 0
3088 -2.40568247334305 0.1449915683597888 0
3089 -2.403179554370743 0.256787655360916 0
3090 -2.35476465023584 0.2268300008253127 0
3091 -2.451852605090316 0.2853481931792061 0
3092 -2.402226509161854 0.3126117114377808 0
3093 -2.451271817578696 0.3411608131808983 0
3094 -2.402385669793536 0.3684138929604489 0
3095 -2.354622700690459 0.3398867673432775 0
3096 -2.352416269600252 0.395052769489388 0
3097 -2.401526950524741 0.4240951316217426 0
3098 -2.303287986024667 0.3655505935460188 0
3099 -2.350703459627627 0.4501252841601863 0
3100 -2.401086005788222 0.47974183157724 0
3101 -2.450881153840342 0.4529889720014344 0
3102 -2.350646454570248 0.5054301849008942 0
3103 -2.400229002716149 0.5357297024548582 0
3104 -2.35030412447664 0.5613312359255929 0
3105 -2.399240597867275 0.5912602059411909 0
3106 -2.449012099612842 0.564538342489602 0
3107 -2.447437699781771 0.6202259659264824 0
3108 -2.398616915138571 0.6473217454441231 0
3109 -2.447220254793818 0.6760971005021652 0
3110 -2.397935019082961 0.7031922440036598 0
3111 -2.447903893015733 0.7321961303335529 0
3112 -2.397584927624872 0.759082392248784 0
3113 -2.446797515541761 0.7879594459985729 0
3114 -2.396801379485851 0.8149161190355327 0
3115 -2.349091233824864 0.7303867973766827 0
3116 -2.445390589814126 0.8437142261254758 0
3117 -2.395705015540868 0.8707353401501803 0
3118 -2.446223166421405 0.8998778817104511 0
3119 -2.39554988597603 0.9266283919577956 0
3120 -2.444968839115596 0.9555966006118461 0
3121 -2.394774221306137 0.9824524387958622 0
3122 -2.346658760279651 0.8951622695250444 0
3123 -2.44332654171449 1.01129956408971 0
3124 -2.393400881943634 1.038255204656285 0
3125 -2.444485315114559 1.067555224611221 0
3126 -2.393493290979461 1.094161593455237 0
3127 -2.443122226046702 1.123233245213653 0
3128 -2.392740795303034 1.149978347111713 0
3129 -2.344883292591609 1.062396449758972 0
3130 -2.441257754279005 1.17887730445671 0
3131 -2.391095032661337 1.205763869030303 0
3132 -2.442740822462487 1.235234076069182 0
3133 -2.391435689820688 1.261684983865121 0
3134 -2.441269643514677 1.290870727443445 0
3135 -2.390706529907193 1.317494606125392 0
3136 -2.343107186813173 1.229623032702812 0
3137 -2.439211044791765 1.346605552130568 0
3138 -2.388790800164432 1.373288744925984 0
3139 -2.438133767861268 1.402479012859104 0
3140 -2.389053613338179 1.42480897748688 0
3141 -2.3407536321014 1.395038828696267 0
3142 -2.493051141996645 1.320635137741034 0
3143 -2.494341565479002 1.152700621501666 0
3144 -2.495647060572257 0.9848994498645578 0
3145 -2.496945830913787 0.817100139763996 0
3146 -2.491112680174392 1.443841820254239 0
3147 -2.498120507532382 0.6494526674020245 0
3148 -2.299974542481683 0.5288528155544285 0
3149 -2.500718220897714 0.3138867479070629 0
3150 2.501747543055739 0.1456969191387071 0
3151 2.453399897100033 0.173731413342181 0
3152 2.452712010863329 0.2295271322586864 0
3153 2.404716496015936 0.2007751266939989 0
3154 2.405736909836064 0.1444369113831988 0
3155 2.403122170332762 0.2567776567762783 0
3156 2.354091101813232 0.2275681975208291 0
3157 2.451843041083993 0.2853465267484354 0
3158 2.402215351154479 0.3126097672685538 0
3159 2.451271817578711 0.3411608131809027 0
3160 2.402383810125654 0.3684135689322537 0
3161 2.354096072050524 0.3397792482420885 0
3162 2.352328188215623 0.3950347956344991 0
3163 2.401511960349334 0.4240920819745699 0
3164 2.303301509087995 0.3656419415755215 0
3165 2.350686281034293 0.4501217802431826 0
3166 2.401080896432867 0.4797407428218171 0
3167 2.450878943225783 0.4529957777886138 0
3168 2.350642739912141 0.5054294194554957 0
3169 2.400229002716164 0.5357297024548704 0
3170 2.350298242029275 0.5613384903506552 0
3171 2.399232001142751 0.5912716987813549 0
3172 2.449411031326822 0.5646835930500189 0
3173 2.447961967770642 0.620365482316005 0
3174 2.398695890600565 0.6473688851807967 0
3175 2.44789203671931 0.6763225081912571 0
3176 2.398060791882121 0.7032493563370413 0
3177 2.446828650065298 0.7323073864780607 0
3178 2.397426682599677 0.7591104536617813 0
3179 2.445743999150449 0.7880153303699496 0
3180 2.396600126046292 0.8149417246097097 0
3181 2.349091233824882 0.7303867973767126 0
3182 2.445965783376836 0.8439657048295471 0
3183 2.395768045691264 0.8707931354733383 0
3184 2.444792012226849 0.8999617169407135 0
3185 2.395321865302045 0.926651997050052 0
3186 2.443582047635747 0.9556134994953168 0
3187 2.394505793272585 0.9824708033121868 0
3188 2.346630071648858 0.8951874508710577 0
3189 2.444056016218768 1.01159112598671 0
3190 2.393478430347524 1.038318472912211 0
3191 2.442768883679754 1.067599424860517 0
3192 2.393220143807712 1.094179504872794 0
3193 2.441436996104885 1.123198924925839 0
3194 2.392415106446929 1.149987225312153 0
3195 2.344849549803028 1.06242159355825 0
3196 2.442155993544523 1.179209914965916 0
3197 2.391191165059072 1.205832396827389 0
3198 2.440757052028306 1.235223493932121 0
3199 2.391121083481357 1.261694641475137 0
3200 2.439307573484783 1.290772365776121 0
3201 2.39032379810735 1.317481439389948 0
3202 2.343069678826197 1.229647676616139 0
3203 2.439915628612654 1.346785623597072 0
3204 2.39040614540112 1.372035246190469 0
3205 2.43897817204852 1.402941881696244 0
3206 2.493373190233426 1.32115888173577 0
3207 2.49495155959478 1.153338427103931 0
3208 2.496135838274524 0.9854637721609468 0
3209 2.497334628850664 0.8175793530770975 0
3210 2.487823920807921 1.4348900023744 0
3211 2.43982185267197 1.457547298966073 0
3212 2.498555958394782 0.6496767148765494 0
3213 2.299974542481691 0.5288528155544343 0
3214 2.3429545398445 1.34051756156997 0
3215 2.500716135836483 0.3138873211627186 0
3216 2.499453472185776 0.03192367120610751 0
3217 2.452899044356946 0.06490731813602924 0
3218 2.453793412326468 0.1179327525580738 0
3219 2.406502699847668 0.08975670701180227 0
3220 2.355081645046381 0.1151104479766522 0
3221 2.361156540431752 0.05958800677238107 0
3222 2.356566078979298 0.1708833354169482 0
3223 2.303720765030878 0.1974462913200642 0
3224 -2.499456232964469 0.03184346235739133 0
3225 -2.452231292763249 0.06501614576039538 0
3226 -2.453361280719823 0.1181817790977177 0
3227 -2.404866809012097 0.09133558900716654 0
3228 -2.357895763546189 0.1177563696868588 0
3229 -2.361434714790691 0.05967478938622817 0
3230 2.447251346469673 1.511734567217077 0
3231 2.496356237075166 1.544417609510769 0
3232 -2.196737215615947 1.694773590368619 0
3233 -2.165506943227343 1.646043964831787 0
3234 -2.138610056700201 1.695490371443213 0
3235 -2.108739480358353 1.646184469090823 0
3236 -2.469023680271419 1.69380828584356 0
3237 2.349867545583331 0.2840395830409173 0
3238 -2.350482954998787 0.283591677411006 0
3239 -2.284045327269033 1.745290227750655 0
3240 -2.084495813501738 1.696577909851888 0
3241 -2.052434729795384 1.646398394738518 0
3242 -2.025446432188339 1.695677065780923 0
3243 -1.995358232224567 1.646249068667077 0
3244 -1.968365520958667 1.696839868675386 0
3245 -1.938053032577903 1.645358019872645 0
3246 -1.910868354879238 1.695652621391327 0
3247 -1.881319718362088 1.645375817995971 0
3248 -1.854695656532352 1.69546187061326 0
3249 -1.824470735571256 1.64514784369561 0
3250 -1.909353550994313 1.597264868964003 0
3251 -1.797880723644017 1.696482456853488 0
3252 -1.767676572728849 1.645043908253703 0
3253 -1.740132966322055 1.695034841962112 0
3254 -1.711038525758014 1.645412140607645 0
3255 -1.684308668984752 1.695193285049629 0
3256 -1.654087053667694 1.644836712964389 0
3257 -1.738867030581068 1.597188452307232 0
3258 -1.627536132087892 1.696244718208253 0
3259 -1.597291963915838 1.644733185969296 0
3260 -1.573747343649682 1.697657824021605 0
3261 -1.541319805168936 1.645638919447465 0
3262 -1.516461759929974 1.705206661009981 0
3263 -1.483701423436214 1.644526173595431 0
3264 -1.568471432639259 1.597144429350676 0
3265 -1.457614080438042 1.697720417092864 0
3266 -1.426905989348021 1.644422671503013 0
3267 -1.403543546489521 1.697762228759013 0
3268 -1.370963810604624 1.645445727803047 0
3269 -1.346180982726159 1.705040757415289 0
3270 -1.313314812127449 1.644215669366722 0
3271 -1.397589651707865 1.596814893883565 0
3272 -1.287285985920127 1.697499424345243 0
3273 -1.256519070039498 1.644112168271367 0
3274 -1.23327184788817 1.697583715693556 0
3275 -1.200595726461526 1.64520509848026 0
3276 -1.17588838217365 1.704827657808392 0
3277 -1.142927280075641 1.643905165645993 0
3278 -1.227041952838694 1.596669059498216 0
3279 -1.116955550599925 1.697270424001243 0
3280 -1.086131232265307 1.643801664049454 0
3281 -1.062999542807711 1.697403727291265 0
3282 -1.030226777247505 1.644963939061874 0
3283 -1.005595176252785 1.704614269641496 0
3284 -0.9725388310604254 1.643594660265001 0
3285 -1.056494091536967 1.596523107726816 0
3286 -0.9466246484037245 1.697041232735498 0
3287 -0.915742477669672 1.643491158072854 0
3288 -0.8927269467876479 1.697223564575835 0
3289 -0.8598570160853354 1.644722471596701 0
3290 -0.8353014170834687 1.704400810168094 0
3291 -0.8021494653152127 1.643284153087235 0
3292 -0.8859460716546635 1.596377077634183 0
3293 -0.7762932908358687 1.696811885205684 0
3294 -0.7453528063513792 1.643180650293491 0
3295 -0.7224540644979539 1.69704323173945 0
3296 -0.6894864437737047 1.644480702167489 0
3297 -0.6650071048213865 1.704187280495276 0
3298 -0.6317591828498136 1.642973644104043 0
3299 -0.715397887912877 1.596230972483109 0
3300 -0.6059614806875721 1.696582380002659 0
3301 -0.5749622183117038 1.64287014070832 0
3302 -0.5521808991657968 1.696862726951519 0
3303 -0.5191150608386194 1.644238635745431 0
3304 -0.4947122393844154 1.703973680715987 0
3305 -0.4613679836598623 1.642663133314868 0
3306 -0.544849535039105 1.596084795289432 0
3307 -0.4356292207463632 1.696352715522887 0
3308 -0.4045707135457365 1.642559629317137 0
3309 -0.3819074540576018 1.696682048325626 0
3310 -0.3487428678107903 1.643996277170295 0
3311 -0.3244168207091191 1.703760010903639 0
3312 -0.290975867740089 1.642352620719663 0
3313 -0.3743010078413737 1.595938548971926 0
3314 -0.2652965138451029 1.696122890134908 0
3315 -0.2341782920481723 1.642249116119919 0
3316 -0.2106146221923023 1.696123891165418 0
3317 -0.177380614496597 1.642145611319503 0
3318 -0.2035874260870854 1.595524233048665 0
3319 -0.1523959550177407 1.692986594351785 0
3320 -0.1205828350851659 1.642042106318414 0
3321 -0.09489805739389261 1.692361972694732 0
3322 -0.0637849538136812 1.641938601116652 0
3323 -0.03728007121914651 1.691899732825819 0
3324 -0.006986970681945698 1.641835095714215 0
3325 0.01875833521672644 1.692116840248564 0
3326 0.04981111431023841 1.641731590111104 0
3327 0.07356641252207115 1.702426745732042 0
3328 0.1062083595404053 1.643460527889622 0
3329 0.1350980333782301 1.690765062918187 0
3330 0.1633423095103425 1.642667509303865 0
3331 0.1865942437208603 1.691777080095224 0
3332 0.2193130008660952 1.642659949088986 0
3333 0.2433906115483961 1.702357581382371 0
3334 0.2770044728874104 1.641317565691915 0
3335 0.1942083125981926 1.595553350135515 0
3336 0.3054933584155027 1.69045480864486 0
3337 0.3338046933269008 1.642097075845091 0
3338 0.3569140304832197 1.691463074888128 0
3339 0.3897073770837479 1.642350966630831 0
3340 0.4136975488784317 1.702115328355569 0
3341 0.4474005613646758 1.641007045270429 0
3342 0.3647719175082615 1.595352614918798 0
3343 0.4758896002065913 1.690144552566989 0
3344 0.5042011696791682 1.641831710209388 0
3345 0.5269121071431465 1.690915995426867 0
3346 0.5600377611147999 1.642053745764409 0
3347 0.5836826953631093 1.701597963107343 0
3348 0.6177975666001964 1.640696523042848 0
3349 0.5353137858360845 1.595204674552262 0
3350 0.6462867587568274 1.689834294684559 0
3351 0.6745985621744349 1.641566004134861 0
3352 0.7025902966950323 1.693365588882818 0
3353 0.7313155940711931 1.642255680756115 0
3354 0.7597830518360454 1.687064874967223 0
3355 0.78818852149366 1.640877972876176 0
3356 0.70601363316401 1.595139861721431 0
3357 0.8149681734512977 1.688198543937252 0
3358 0.8447095995285302 1.641161037072863 0
3359 0.8727312356778053 1.692967383808625 0
3360 0.901623436840196 1.641959543954112 0
3361 0.9301238126437599 1.686795282898326 0
3362 0.9585809547797819 1.640592983004054 0
3363 0.8765040124836522 1.594968820018125 0
3364 0.9853365098086884 1.687887851190945 0
3365 1.015102647452023 1.640898831171645 0
3366 1.043073893307301 1.692719185893579 0
3367 1.072012511920841 1.641711977580886 0
3368 1.10051234352193 1.686559002621529 0
3369 1.128979821754169 1.64031139688955 0
3370 1.047054859817624 1.594829661738467 0
3371 1.155714773567584 1.68758343884651 0
3372 1.185499032758449 1.640637896396777 0
3373 1.213759617276634 1.691741385448539 0
3374 1.242459931448481 1.641342802584793 0
3375 1.217615919505836 1.59467044357565 0
3376 1.271084183277016 1.688696666836945 0
3377 1.2975586138679 1.647843255867229 0
3378 1.129173226630144 1.738124592009788 0
3379 0.9587734700459035 1.738434590467103 0
3380 0.7883746302359247 1.738744587121363 0
3381 0.6229909895626508 1.741556961327709 0
3382 0.4527700928916297 1.741838523191456 0
3383 0.2771836113982167 1.739674566265954 0
3384 0.1067884386319517 1.739984555708127 0
3385 -0.2892884334740586 1.743266426743281 0
3386 -0.4594895353944313 1.743368312109514 0
3387 -0.6296907384336513 1.743469969882782 0
3388 -0.799892039466546 1.74357140283503 0
3389 -0.9700934354496249 1.743672613709487 0
3390 -1.140294923357729 1.743773604988601 0
3391 -1.310496488066034 1.743874328683793 0
3392 -1.480695508341185 1.743963842177205 0
3393 -1.663846682869813 1.749300930051552 0
3394 -1.834018055903117 1.749388262701423 0
3395 -2.004022893238152 1.749208236983378 0
3396 -2.406328924233245 1.74985960797834 0
3397 -2.164782671735621 1.548764568290164 0
3398 2.167241420742874 1.549348424503082 0
3399 2.349627916926489 0.6740170313009448 0
3400 2.349828840671326 0.6175117441567548 0
3401 -2.349618765732398 0.6739577112216419 0
3402 2.347331341937792 0.8405196520583489 0
3403 -2.347344425872563 0.8404762861426542 0
3404 2.345480072639203 1.007531513899878 0
3405 -2.345507058572854 1.007497510338161 0
3406 -2.344095042488817 1.173901891222981 0
3407 2.344048546144542 1.173920835043487 0
3408 -2.341765211556816 1.341888378889513 0
3409 -2.349845159060735 0.6174703892657221 0
3410 1.710872994775908 1.69240236252662 0
3411 -2.356092101966112 1.501179385907975 0
3412 2.409331768485024 1.751932899712186 0
3413 -0.02601646436684259 1.747502826940404 0
3414 2.051921993775617 1.557086320546816 0
3415 0.05374748674693221 1.548644680525407 0
3416 -0.06001631026474791 1.548793623945733 0
3417 -2.051156015125703 1.548883939011005 0
3418 -0.1398378287385955 1.747560371516285 0
3419 -2.120356970794392 1.748648670173161 0
3420 2.499746715690395 1.6560420960886 0
3421 2.501467786898343 0.4826064077708329 0
3422 2.500570794010485 0.4259178784679574 0
3423 -2.501450090999971 0.482575757575756 0
3424 -2.500568704190026 0.4259107848101291 0
3425 2.127234581175772 1.752610158224893 0
3426 1.761747051828252 1.552627252783588 0
3427 1.594687040348973 1.549319075218004 0
3428 1.538011112326073 1.549330550122704 0
3429 1.366800190138341 1.547907476851395 0
3430 1.425689398425517 1.549532337596097 0
3431 1.78297110753061 1.752224198533467 0
3432 1.840331662358462 1.752079792891551 0
3433 1.275100626189128 1.747833580090294 0
3434 1.457625973855655 1.603500110584755 0
3435 2.305788377226261 0.07767782785386368 0
3436 -2.299782233568763 0.2507691593994205 0
3437 -2.304841019013244 0.1957884317615356 0
3438 2.296354115520261 1.417956558033778 0
3439 -2.306046471480528 0.0779183672638103 0
3440 2.394499121529102 1.585682670746526 0
3441 2.451193347195115 0.3970823361487291 0
3442 -2.451196666694857 0.3970797308596719 0
3443 2.246685628945689 1.604017493077555 0
3444 2.451554980941621 0.5087467961874197 0
3445 -2.451667497280264 0.5086867001705586 0
3446 1.249904342734295 1.547217685343076 0
3447 -2.298345420461939 0.6951452119034374 0
3448 -2.333844724331945 1.646261548126267 0
3449 -2.501118291845965 0.2579114993872663 0
3450 2.501116350334707 0.2579113171914152 0
3451 2.298336892162761 0.6951480336204887 0
3452 1.331771251003118 1.597080999090674 0
3453 -2.496220081852101 1.549175122111882 0
3454 1.078879147380766 1.547070968249714 0
3455 0.9081582858818896 1.547154419478122 0
3456 0.7374476426966776 1.547243301883455 0
3457 0.5667022277036774 1.547314591200638 0
3458 1.906584873146784 1.691566122134023 0
3459 2.00766515153048 1.749544296843857 0
3460 -2.19341571479122 1.597398810673309 0
3461 0.395983281274743 1.547399841195376 0
3462 -2.363996453533997 1.695521799399784 0
3463 0.2252608500045256 1.547493990692135 0
3464 -0.173059450966525 1.547766307163545 0
3465 -0.3438069305433805 1.547761151889968 0
3466 -0.5145262608428113 1.547846586200564 0
3467 2.29816449043107 0.7510527355950877 0
3468 -2.298165008427858 0.7510525642079925 0
3469 -0.6852454286902103 1.547932077096794 0
3470 2.498586752702463 0.5937910437090782 0
3471 -0.8559644358411157 1.548017617695844 0
3472 -1.026683284078162 1.548103200979399 0
3473 -2.297814196208964 0.5838500495096747 0
3474 2.297814196208963 0.5838500495096787 0
3475 -1.197401975196468 1.54818881977251 0
3476 -1.368120509441958 1.548274460941519 0
3477 -1.538680088645841 1.54868544169836 0
3478 -1.708802209801566 1.548845736628061 0
3479 -1.879448124274016 1.548880650878964 0
3480 -2.136756729513513 1.597500015580076 0
3481 2.495088899694627 1.265335432942294 0
3482 2.498207221059714 0.7616216409113601 0
3483 2.496165474774241 1.097442513761788 0
3484 -2.370240804883827 0.001925330955942939 0
3485 2.497181985191355 0.9295356416524883 0
3486 -2.498318654287304 0.5936599097494895 0
3487 2.370480069945916 0.002217456381466643 0
3488 -2.499376362504665 0.7615398998988853 0
3489 2.348589109586319 0.7848911554436556 0
3490 -2.348620835810483 0.7848828897727216 0
3491 -2.498676349002083 0.9294817314177952 0
3492 -2.497230236096864 1.265425092857852 0
3493 -2.497957571138041 1.097438028020837 0
3494 -2.080056613493703 1.597608545295165 0
3495 -2.023313152986765 1.597625568130467 0
3496 -1.966435213857167 1.597307699260336 0
3497 -2.296638500695142 0.8611111111111103 0
3498 2.296627118654867 0.8611111111111118 0
3499 2.29648438127355 1.751782235046748 0
3500 1.332046503377933 1.753851179917375 0
3501 -1.937821411134176 1.548562366410619 0
3502 -1.852954581092622 1.597715625009306 0
3503 -1.796070016764001 1.597549687906476 0
3504 -1.76700371322847 1.548540107536751 0
3505 2.298192664959194 0.9197973297268042 0
3506 -2.298199533903356 0.9197911971935114 0
3507 -1.682385998755342 1.597555412752087 0
3508 2.300224767851292 0.2526684434313197 0
3509 -2.355115062575607 0.1710710525646247 0
3510 -1.625651114639012 1.597495082288132 0
3511 -1.596186116389599 1.548552464162693 0
3512 -1.512184558117692 1.597677917365824 0
3513 1.613498966441478 1.750309288455059 0
3514 2.473230234672194 -0.01072070355451793 0
3515 -1.454376292619427 1.596445178813971 0
3516 2.346266940078396 0.9511702292901087 0
3517 -2.346360295946744 0.9511504124728917 0
3518 -1.425002203297902 1.548340052615458 0
3519 -1.34179757327556 1.597656402679925 0
3520 -1.283824324801714 1.596256330543772 0
3521 -2.473352934721564 -0.01108674424231637 0
3522 -1.254284225054664 1.548261007402971 0
3523 -2.410792753391088 0.03872532351970026 0
3524 -1.171409670590988 1.597633153977986 0
3525 -2.296557559649178 1.029859545557102 0
3526 2.296547021992679 1.029867969511233 0
3527 -1.113271893829587 1.596067498607795 0
3528 -2.299834692091867 0.4197016287048863 0
3529 2.2998237710306 0.4197099465927006 0
3530 -1.083566139827666 1.5481819439383 0
3531 -1.00102085401897 1.597608205198068 0
3532 2.493435810655982 1.712051817673153 0
3533 -0.9427190009958327 1.595878695692853 0
3534 -0.9128479475210282 1.548102873340611 0
3535 -0.83063112375029 1.597581589544485 0
3536 2.297541937577797 1.087094916132825 0
3537 -2.29754950026253 1.087087386005226 0
3538 -0.7721656445880772 1.595689929080617 0
3539 -0.742129645750632 1.548023798948447 0
3540 -0.660240479736986 1.59755333944344 0
3541 -0.6016118228141172 1.595501205927022 0
3542 -0.5714112321346142 1.547944724004336 0
3543 2.34474960177429 1.118321977292906 0
3544 -2.344864224025761 1.118306973896652 0
3545 -0.4898489219170848 1.597523486560406 0
3546 2.411052955150058 0.03882648781882603 0
3547 -0.4310575339031945 1.595312533250764 0
3548 -0.4006927043263745 1.547865651676384 0
3549 -0.3194564502289719 1.597492061820942 0
3550 -0.2604752969245703 1.595079250717666 0
3551 -2.296153032064105 1.197454998106744 0
3552 2.296138848731679 1.197464198231074 0
3553 -0.2299373367811843 1.547749561013703 0
3554 -0.1480922233296117 1.596531320818696 0
3555 -2.290421698040519 0.02677586128009135 0
3556 2.290415544458734 0.02677050490780786 0
3557 1.495723520527324 1.754046826194995 0
3558 -0.09185021138019063 1.597080722930515 0
3559 -0.03468983639709883 1.596722047355441 0
3560 0.02175072438246345 1.597047894452124 0
3561 2.296836299794995 1.25419304956453 0
3562 -2.296845674145596 1.25418741607127 0
3563 0.0792157869478108 1.596453781793451 0
3564 0.1375527955682534 1.595044751299629 0
3565 0.1683750064888515 1.547689716540646 0
3566 0.2485250563230361 1.597376343022172 0
3567 0.308021290761542 1.594650958330558 0
3568 0.3390950409944876 1.547558422313522 0
3569 -2.343205750274203 1.285689334261913 0
3570 2.343279175778648 1.285465318909161 0
3571 0.4194863809360155 1.596788712608404 0
3572 0.4786709834478107 1.594378343017604 0
3573 0.5098282046177657 1.547465093807131 0
3574 0.5899148781166528 1.596718980722604 0
3575 -2.430715801978133 1.45864180800495 0
3576 0.6492584924386883 1.594206179467132 0
3577 -2.293017290669024 1.361909694068098 0
3578 2.295133519590638 1.363220440895263 0
3579 0.6805817311122803 1.547404686954788 0
3580 0.7606632664275502 1.596470108786835 0
3581 0.8198156573950928 1.59404557869926 0
3582 0.8512894799907728 1.547325568844996 0
3583 0.9311002087135812 1.596386201021197 0
3584 -2.504824184248023 1.665025976169903 0
3585 0.9903782279898864 1.593864179837088 0
3586 -2.29605790662413 1.418534868905061 0
3587 1.022009898010132 1.547249202362682 0
3588 1.101547401272725 1.596306739695676 0
3589 1.940227723338204 1.546297863308422 0
3590 1.160945825456626 1.593681299611648 0
3591 1.192783566131817 1.547207606199641 0
3592 2.445676461032605 1.564433924482809 0
3593 1.274611864240359 1.59619625484425 0
3594 1.357473437017594 1.654897670488659 0
3595 2.342862859894526 1.394431150188329 0
3596 2.390660300950598 1.424725808718002 0
3597 -2.345329664287916 1.446799578676802 0
3598 1.395586358149683 1.590679537174976 0
3599 1.875199791220856 1.545814517607562 0
3600 2.195860517566725 1.590481954422233 0
3601 -1.947415960593351 1.748419772900402 0
3602 -2.231024236031502 1.747134624529328 0
3603 -1.777186222092318 1.748270515667372 0
3604 -1.608910581990119 1.749021449900048 0
3605 1.510458305734971 1.588534016311684 0
3606 2.388822040136589 1.475784954150441 0
3607 -1.43668045829259 1.7538222145572 0
3608 -1.266541821989612 1.753861031495075 0
3609 -1.096404023580318 1.753898329351943 0
3610 -0.9262672841200806 1.753934971311446 0
3611 -0.7561316170716824 1.753970954152288 0
3612 -0.5859970350894802 1.754006270546741 0
3613 -0.4158677326362069 1.753174800633423 0
3614 -0.2454216813167635 1.75396028988063 0
3615 0.1516912303996203 1.745575320973403 0
3616 0.32187627782727 1.745419612819637 0
3617 0.4947404325202747 1.728743112882835 0
3618 0.6663736090029041 1.729401401731613 0
3619 1.801376603274872 1.59137189657481 0
3620 -2.508363580451958 1.721136761658161 0
3621 0.8352148078730072 1.728377946961113 0
3622 1.756527946738963 1.71287159132675 0
3623 1.617090745605285 1.591181423949337 0
3624 1.00543677463238 1.728149940825224 0
3625 1.175299202797785 1.729144806515752 0
3626 2.153245273473887 1.712740934046036 0
3627 2.440066055293135 1.717615578268882 0
3628 2.011771535154438 1.592594088364553 0
3629 1.315179446024478 1.700934936674943 0
3630 2.094369935646069 1.593155576178499 0
3631 1.43620136237388 1.755924919448431 0
3632 1.708860759493672 1.535597745669056 0
3633 1.863458920683233 1.711333979468407 0
3634 2.045862636698713 1.711742629393142 0
3635 1.670670092930513 1.765388880769823 0
3636 -2.305642799054033 1.515287721951016 0
3637 2.508415825731311 1.758575603699905 0
3638 -2.463951021104095 1.499647387961382 0
3639 2.264571478618868 1.555654153315079 0
3640 -2.460394355476279 1.589767884891007 0
3641 2.239983195386622 1.76556718303084 0
3642 2.286602540378441 -0.01339745962155725 0
3643 -2.286602540378441 -0.01339745962155725 0
3644 1.091968634262286 1.76143592472807 0
3645 1.955030995212606 1.766310886229467 0
3646 1.569065567560166 1.708849537046602 0
3647 0.9218086766309003 1.761496150014151 0
3648 2.338187627963642 1.71012783203982 0
3649 2.329976484475722 0.03128776188254923 0
3650 0.7516490861825097 1.761556634655312 0
3651 2.514536741371594 -0.01454728525756099 0
3652 -2.514561833537206 -0.01463653516486374 0
3653 -2.330033794283573 0.0312925274146213 0
3654 0.5835303960820747 1.758932939185696 0
3655 0.4135796450154681 1.759257958391025 0
3656 0.2413661052399037 1.759406909573846 0
3657 -2.452265131452157 0.02316205048254361 0
3658 0.07117277301945883 1.75953167551795 0
3659 2.450279376318067 0.02318816842205484 0
3660 -2.387319128405629 1.4668255070625 0
3661 -0.325956062941724 1.760016935479524 0
3662 -0.4961637218199879 1.760138331391238 0
3663 -0.6663713330394592 1.760259697881952 0
3664 -0.8365788995661909 1.760381036896639 0
3665 1.166689851367537 1.765750982684573 0
3666 -1.006786424437258 1.760502350415746 0
3667 1.244696599444215 1.72046235593844 0
3668 0.9970300349540434 1.765582208188919 0
3669 -1.176993910740441 1.760623640389214 0
3670 -2.513339382757059 1.763200276543287 0
3671 1.082612286210999 1.72595278647437 0
3672 0.826941348301279 1.765736535262892 0
3673 -1.347201358203532 1.760744894872178 0
3674 0.9123541056663413 1.726123726861417 0
3675 0.6577663712236543 1.766361923352342 0
3676 -1.517408048130876 1.760863103132278 0
3677 0.7421460796565701 1.72633138254912 0
3678 0.4894615108877164 1.763960485348747 0
$EndNodes
$Elements
7354
1 1 2 11 1 1 11
2 1 2 11 1 11 12
3 1 2 11 1 12 13
4 1 2 11 1 13 14
5 1 2 11 1 14 15
6 1 2 11 1 15 16
7 1 2 11 1 16 17
8 1 2 11 1 17 18
9 1 2 11 1 18 19
10 1 2 11 1 19 20
11 1 2 11 1 20 21
12 1 2 11 1 21 22
13 1 2 11 1 22 23
14 1 2 11 1 23 24
15 1 2 11 1 24 25
16 1 2 11 1 25 26
17 1 2 11 1 26 27
18 1 2 11 1 27 28
19 1 2 11 1 28 29
20 1 2 11 1 29 30
21 1 2 11 1 30 31
22 1 2 11 1 31 32
23 1 2 11 1 32 33
24 1 2 11 1 33 34
25 1 2 11 1 34 35
26 1 2 11 1 35 36
27 1 2 11 1 36 37
28 1 2 11 1 37 38
29 1 2 11 1 38 39
30 1 2 11 1 39 40
31 1 2 11 1 40 41
32 1 2 11 1 41 42
33 1 2 11 1 42 2
34 1 2 11 2 3 43
35 1 2 11 2 43 44
36 1 2 11 2 44 45
37 1 2 11 2 45 46
38 1 2 11 2 46 47
39 1 2 11 2 47 48
40 1 2 11 2 48 49
41 1 2 11 2 49 50
42 1 2 11 2 50 51
43 1 2 11 2 51 52
44 1 2 11 2 52 53
45 1 2 11 2 53 54
46 1 2 11 2 54 55
47 1 2 11 2 55 56
48 1 2 11 2 56 57
49 1 2 11 2 57 58
50 1 2 11 2 58 59
51 1 2 11 2 59 60
52 1 2 11 2 60 61
53 1 2 11 2 61 62
54 1 2 11 2 62 63
55 1 2 11 2 63 64
56 1 2 11 2 64 65
57 1 2 11 2 65 66
58 1 2 11 2 66 67
59 1 2 11 2 67 68
60 1 2 11 2 68 69
61 1 2 11 2 69 70
62 1 2 11 2 70 71
63 1 2 11 2 71 72
64 1 2 11 2 72 73
65 1 2 11 2 73 74
66 1 2 11 2 74 75
67 1 2 11 2 75 76
68 1 2 11 2 76 77
69 1 2 11 2 77 78
70 1 2 11 2 78 79
71 1 2 11 2 79 80
72 1 2 11 2 80 81
73 1 2 11 2 81 82
74 1 2 11 2 82 83
75 1 2 11 2 83 84
76 1 2 11 2 84 85
77 1 2 11 2 85 86
78 1 2 11 2 86 87
79 1 2 11 2 87 88
80 1 2 11 2 88 89
81 1 2 11 2 89 90
82 1 2 11 2 90 91
83 1 2 11 2 91 92
84 1 2 11 2 92 93
85 1 2 11 2 93 94
86 1 2 11 2 94 95
87 1 2 11 2 95 96
88 1 2 11 2 96 97
89 1 2 11 2 97 98
90 1 2 11 2 98 99
91 1 2 11 2 99 100
92 1 2 11 2 100 101
93 1 2 11 2 101 102
94 1 2 11 2 102 103
95 1 2 11 2 103 104
96 1 2 11 2 104 105
97 1 2 11 2 105 106
98 1 2 11 2 106 107
99 1 2 11 2 107 108
100 1 2 11 2 108 109
101 1 2 11 2 109 110
102 1 2 11 2 110 111
103 1 2 11 2 111 112
104 1 2 11 2 112 113
105 1 2 11 2 113 114
106 1 2 11 2 114 115
107 1 2 11 2 115 116
108 1 2 11 2 116 117
109 1 2 11 2 117 118
110 1 2 11 2 118 119
111 1 2 11 2 119 120
112 1 2 11 2 120 121
113 1 2 11 2 121 122
114 1 2 11 2 122 123
115 1 2 11 2 123 124
116 1 2 11 2 124 125
117 1 2 11 2 125 126
118 1 2 11 2 126 127
119 1 2 11 2 127 128
120 1 2 11 2 128 129
121 1 2 11 2 129 130
122 1 2 11 2 130 131
123 1 2 11 2 131 1
124 1 2 11 3 4 132
125 1 2 11 3 132 133
126 1 2 11 3 133 134
127 1 2 11 3 134 135
128 1 2 11 3 135 136
129 1 2 11 3 136 137
130 1 2 11 3 137 138
131 1 2 11 3 138 139
132 1 2 11 3 139 140
133 1 2 11 3 140 141
134 1 2 11 3 141 142
135 1 2 11 3 142 143
136 1 2 11 3 143 144
137 1 2 11 3 144 145
138 1 2 11 3 145 146
139 1 2 11 3 146 147
140 1 2 11 3 147 148
141 1 2 11 3 148 149
142 1 2 11 3 149 150
143 1 2 11 3 150 151
144 1 2 11 3 151 152
145 1 2 11 3 152 153
146 1 2 11 3 153 154
147 1 2 11 3 154 155
148 1 2 11 3 155 156
149 1 2 11 3 156 157
150 1 2 11 3 157 158
151 1 2 11 3 158 159
152 1 2 11 3 159 160
153 1 2 11 3 160 161
154 1 2 11 3 161 162
155 1 2 11 3 162 163
156 1 2 11 3 163 3
157 1 2 11 4 5 164
158 1 2 11 4 164 165
159 1 2 11 4 165 166
160 1 2 11 4 166 167
161 1 2 11 4 167 168
162 1 2 11 4 168 4
163 1 2 11 10 2 299
164 1 2 11 10 299 300
165 1 2 11 10 300 301
166 1 2 11 10 301 302
167 1 2 11 10 302 303
168 1 2 11 10 303 10
169 1 2 12 12 10 382
170 1 2 12 12 382 383
171 1 2 12 12 383 384
172 1 2 12 12 384 385
173 1 2 12 12 385 386
174 1 2 12 12 386 387
175 1 2 12 12 387 388
176 1 2 12 12 388 389
177 1 2 12 12 389 390
178 1 2 12 12 390 391
179 1 2 12 12 391 392
180 1 2 12 12 392 393
181 1 2 12 12 393 394
182 1 2 12 12 394 395
183 1 2 12 12 395 396
184 1 2 12 12 396 397
185 1 2 12 12 397 398
186 1 2 12 12 398 399
187 1 2 12 12 399 400
188 1 2 12 12 400 401
189 1 2 12 12 401 402
190 1 2 12 12 402 403
191 1 2 12 12 403 404
192 1 2 12 12 404 405
193 1 2 12 12 405 406
194 1 2 12 12 406 407
195 1 2 12 12 407 408
196 1 2 12 12 408 409
197 1 2 12 12 409 410
198 1 2 12 12 410 411
199 1 2 12 12 411 412
200 1 2 12 12 412 413
201 1 2 12 12 413 414
202 1 2 12 12 414 415
203 1 2 12 12 415 416
204 1 2 12 12 416 417
205 1 2 12 12 417 418
206 1 2 12 12 418 419
207 1 2 12 12 419 420
208 1 2 12 12 420 421
209 1 2 12 12 421 422
210 1 2 12 12 422 423
211 1 2 12 12 423 424
212 1 2 12 12 424 425
213 1 2 12 12 425 426
214 1 2 12 12 426 427
215 1 2 12 12 427 428
216 1 2 12 12 428 429
217 1 2 12 12 429 430
218 1 2 12 12 430 431
219 1 2 12 12 431 432
220 1 2 12 12 432 433
221 1 2 12 12 433 434
222 1 2 12 12 434 435
223 1 2 12 12 435 436
224 1 2 12 12 436 437
225 1 2 12 12 437 438
226 1 2 12 12 438 439
227 1 2 12 12 439 440
228 1 2 12 12 440 441
229 1 2 12 12 441 442
230 1 2 12 12 442 443
231 1 2 12 12 443 444
232 1 2 12 12 444 445
233 1 2 12 12 445 446
234 1 2 12 12 446 447
235 1 2 12 12 447 448
236 1 2 12 12 448 449
237 1 2 12 12 449 450
238 1 2 12 12 450 451
239 1 2 12 12 451 452
240 1 2 12 12 452 453
241 1 2 12 12 453 454
242 1 2 12 12 454 455
243 1 2 12 12 455 456
244 1 2 12 12 456 457
245 1 2 12 12 457 458
246 1 2 12 12 458 459
247 1 2 12 12 459 5
248 2 2 1 2 501 2710 2361
249 2 2 1 2 460 2365 1552
250 2 2 1 2 1421 1556 1554
251 2 2 1 2 2388 2731 503
252 2 2 1 2 506 1542 1528
253 2 2 1 2 198 1542 506
254 2 2 1 2 2361 2717 501
255 2 2 1 2 1519 2767 2700
256 2 2 1 2 2700 2767 490
257 2 2 1 2 501 1582 278
258 2 2 1 2 1532 1537 543
259 2 2 1 2 1554 1556 1555
260 2 2 1 2 1552 2716 460
261 2 2 1 2 473 2661 2255
262 2 2 1 2 473 2665 2661
263 2 2 1 2 274 1567 273
264 2 2 1 2 170 1585 169
265 2 2 1 2 298 1593 297
266 2 2 1 2 200 2712 199
267 2 2 1 2 1547 1548 483
268 2 2 1 2 543 1558 1532
269 2 2 1 2 1548 1554 483
270 2 2 1 2 1528 2470 506
271 2 2 1 2 488 1616 1534
272 2 2 1 2 199 1542 198
273 2 2 1 2 193 2726 1537
274 2 2 1 2 503 1617 292
275 2 2 1 2 1599 2731 2388
276 2 2 1 2 2361 2710 1524
277 2 2 1 2 1537 2720 193
278 2 2 1 2 1599 2388 1597
279 2 2 1 2 204 1555 203
280 2 2 1 2 506 2470 1558
281 2 2 1 2 1567 2746 273
282 2 2 1 2 1585 2745 169
283 2 2 1 2 298 2747 1593
284 2 2 1 2 1572 2719 2357
285 2 2 1 2 206 1547 205
286 2 2 1 2 2333 2820 1663
287 2 2 1 2 1663 2821 2333
288 2 2 1 2 507 1578 1576
289 2 2 1 2 507 1576 1568
290 2 2 1 2 199 2712 1542
291 2 2 1 2 292 1617 291
292 2 2 1 2 1558 2470 1532
293 2 2 1 2 1596 1597 509
294 2 2 1 2 1364 2751 2744
295 2 2 1 2 1594 1596 509
296 2 2 1 2 1369 2753 1877
297 2 2 1 2 1877 2757 1369
298 2 2 1 2 2744 2751 1587
299 2 2 1 2 1371 2759 2248
300 2 2 1 2 2248 2761 1371
301 2 2 1 2 278 1582 277
302 2 2 1 2 1383 2773 2261
303 2 2 1 2 2261 2775 1383
304 2 2 1 2 1397 2777 2242
305 2 2 1 2 2242 2779 1397
306 2 2 1 2 1419 2781 2245
307 2 2 1 2 2245 2782 1419
308 2 2 1 2 1393 1608 1581
309 2 2 1 2 2388 2734 1597
310 2 2 1 2 2755 2764 1526
311 2 2 1 2 375 2764 2755
312 2 2 1 2 1423 2789 2252
313 2 2 1 2 2252 2790 1423
314 2 2 1 2 1543 2366 489
315 2 2 1 2 1624 2391 2390
316 2 2 1 2 2357 2719 537
317 2 2 1 2 1525 2735 492
318 2 2 1 2 492 2737 1525
319 2 2 1 2 536 2360 1540
320 2 2 1 2 1427 2795 2239
321 2 2 1 2 2239 2796 1427
322 2 2 1 2 1364 2744 2727
323 2 2 1 2 203 1555 520
324 2 2 1 2 1442 2801 2096
325 2 2 1 2 2096 2802 1442
326 2 2 1 2 487 2358 1533
327 2 2 1 2 2365 2711 1552
328 2 2 1 2 2369 2370 1468
329 2 2 1 2 2407 2714 1450
330 2 2 1 2 467 2707 1713
331 2 2 1 2 205 1547 483
332 2 2 1 2 1448 2817 2255
333 2 2 1 2 2255 2819 1448
334 2 2 1 2 1534 1618 488
335 2 2 1 2 1665 2825 1512
336 2 2 1 2 1512 2826 1665
337 2 2 1 2 1578 1579 1577
338 2 2 1 2 483 1555 204
339 2 2 1 2 977 1857 975
340 2 2 1 2 1576 1578 1577
341 2 2 1 2 1535 1546 519
342 2 2 1 2 2714 2728 1450
343 2 2 1 2 1848 1851 1154
344 2 2 1 2 501 2717 1582
345 2 2 1 2 519 1547 206
346 2 2 1 2 461 1621 1620
347 2 2 1 2 981 1856 979
348 2 2 1 2 519 1713 1535
349 2 2 1 2 1364 2727 1623
350 2 2 1 2 1538 1540 1456
351 2 2 1 2 1844 1864 1164
352 2 2 1 2 1846 1864 1844
353 2 2 1 2 1841 1844 1164
354 2 2 1 2 1541 2732 1525
355 2 2 1 2 2732 2735 1525
356 2 2 1 2 1421 2783 1556
357 2 2 1 2 2698 2710 280
358 2 2 1 2 987 1855 985
359 2 2 1 2 2120 2375 1119
360 2 2 1 2 1697 1743 1485
361 2 2 1 2 2118 2375 2120
362 2 2 1 2 1837 1868 1171
363 2 2 1 2 1839 1868 1837
364 2 2 1 2 1183 1607 1580
365 2 2 1 2 2118 2435 2375
366 2 2 1 2 2117 2435 2118
367 2 2 1 2 1835 1837 1171
368 2 2 1 2 503 2731 2715
369 2 2 1 2 1539 1561 1202
370 2 2 1 2 2462 2468 1120
371 2 2 1 2 1581 1608 1580
372 2 2 1 2 1485 1743 1545
373 2 2 1 2 2110 2468 2462
374 2 2 1 2 1628 2420 1497
375 2 2 1 2 1545 1743 480
376 2 2 1 2 2481 2492 1121
377 2 2 1 2 1536 2536 504
378 2 2 1 2 2104 2492 2481
379 2 2 1 2 1120 2435 2117
380 2 2 1 2 2117 2462 1120
381 2 2 1 2 488 2721 1616
382 2 2 1 2 2503 2507 1143
383 2 2 1 2 2110 2478 2468
384 2 2 1 2 2129 2507 2503
385 2 2 1 2 1598 2725 1213
386 2 2 1 2 2109 2478 2110
387 2 2 1 2 2513 2520 1146
388 2 2 1 2 1831 1833 1170
389 2 2 1 2 2134 2520 2513
390 2 2 1 2 2528 2534 1149
391 2 2 1 2 2139 2534 2528
392 2 2 1 2 2539 2544 1152
393 2 2 1 2 993 1860 991
394 2 2 1 2 2144 2544 2539
395 2 2 1 2 2549 2553 1158
396 2 2 1 2 2701 2705 1224
397 2 2 1 2 1498 1561 1539
398 2 2 1 2 2151 2553 2549
399 2 2 1 2 2556 2563 1122
400 2 2 1 2 2104 2498 2492
401 2 2 1 2 2154 2563 2556
402 2 2 1 2 2124 2498 2104
403 2 2 1 2 2577 2585 1172
404 2 2 1 2 2165 2585 2577
405 2 2 1 2 1121 2478 2109
406 2 2 1 2 1827 1829 1169
407 2 2 1 2 2591 2595 1123
408 2 2 1 2 2109 2481 1121
409 2 2 1 2 2357 2716 1572
410 2 2 1 2 2168 2595 2591
411 2 2 1 2 197 1558 196
412 2 2 1 2 1216 1571 1188
413 2 2 1 2 2605 2610 1173
414 2 2 1 2 997 1861 995
415 2 2 1 2 1581 2361 1393
416 2 2 1 2 2179 2610 2605
417 2 2 1 2 1543 2742 2366
418 2 2 1 2 2616 2625 1174
419 2 2 1 2 2184 2625 2616
420 2 2 1 2 1461 1572 1571
421 2 2 1 2 2638 2644 1175
422 2 2 1 2 2191 2644 2638
423 2 2 1 2 1428 2411 1854
424 2 2 1 2 1854 2411 1853
425 2 2 1 2 2390 2741 1624
426 2 2 1 2 2650 2653 1124
427 2 2 1 2 2359 2828 2713
428 2 2 1 2 2658 2662 1125
429 2 2 1 2 2194 2653 2650
430 2 2 1 2 1823 1825 1168
431 2 2 1 2 2203 2662 2658
432 2 2 1 2 1143 2498 2124
433 2 2 1 2 1001 1862 999
434 2 2 1 2 2124 2503 1143
435 2 2 1 2 2677 2680 1126
436 2 2 1 2 1580 1608 1183
437 2 2 1 2 2220 2680 2677
438 2 2 1 2 1564 1640 1228
439 2 2 1 2 1853 2411 1155
440 2 2 1 2 2689 2693 1176
441 2 2 1 2 1818 1821 1166
442 2 2 1 2 1146 2507 2129
443 2 2 1 2 1485 2488 1697
444 2 2 1 2 2129 2513 1146
445 2 2 1 2 2230 2693 2689
446 2 2 1 2 1456 1561 1538
447 2 2 1 2 1155 1857 1853
448 2 2 1 2 1005 1863 1003
449 2 2 1 2 1741 2488 1177
450 2 2 1 2 1009 1858 1007
451 2 2 1 2 975 1857 1155
452 2 2 1 2 1628 2466 502
453 2 2 1 2 1149 2520 2134
454 2 2 1 2 1154 1857 977
455 2 2 1 2 2154 2569 2563
456 2 2 1 2 2134 2528 1149
457 2 2 1 2 2155 2569 2154
458 2 2 1 2 1816 2326 1814
459 2 2 1 2 1154 1856 1848
460 2 2 1 2 1851 1857 1154
461 2 2 1 2 1814 2326 1165
462 2 2 1 2 2120 2708 2706
463 2 2 1 2 2706 2708 1480
464 2 2 1 2 510 2720 1531
465 2 2 1 2 1812 1814 1165
466 2 2 1 2 979 1856 1154
467 2 2 1 2 763 2048 755
468 2 2 1 2 1152 2534 2139
469 2 2 1 2 493 2712 200
470 2 2 1 2 1713 2707 1535
471 2 2 1 2 2370 2738 1468
472 2 2 1 2 2139 2539 1152
473 2 2 1 2 1696 2672 2670
474 2 2 1 2 2670 2672 1132
475 2 2 1 2 1202 1563 1539
476 2 2 1 2 1564 2430 1640
477 2 2 1 2 981 1864 1856
478 2 2 1 2 1640 2430 1639
479 2 2 1 2 2168 2601 2595
480 2 2 1 2 2169 2601 2168
481 2 2 1 2 1164 1855 1841
482 2 2 1 2 1999 2047 2022
483 2 2 1 2 1158 2544 2144
484 2 2 1 2 2144 2549 1158
485 2 2 1 2 2022 2047 929
486 2 2 1 2 1807 1810 1163
487 2 2 1 2 985 1855 1164
488 2 2 1 2 1015 1866 1013
489 2 2 1 2 1219 1553 1551
490 2 2 1 2 1990 2022 929
491 2 2 1 2 1856 1864 1846
492 2 2 1 2 1580 1607 1577
493 2 2 1 2 1581 2717 2361
494 2 2 1 2 1998 2573 1999
495 2 2 1 2 1019 1859 1017
496 2 2 1 2 1608 1619 1609
497 2 2 1 2 1228 2373 1564
498 2 2 1 2 1122 2553 2151
499 2 2 1 2 987 1868 1855
500 2 2 1 2 1171 1860 1835
501 2 2 1 2 539 2473 1621
502 2 2 1 2 2151 2556 1122
503 2 2 1 2 1538 1561 1498
504 2 2 1 2 1129 2674 2668
505 2 2 1 2 1697 2488 1741
506 2 2 1 2 1564 2373 1563
507 2 2 1 2 1805 2349 1803
508 2 2 1 2 503 2715 1617
509 2 2 1 2 196 1558 543
510 2 2 1 2 1833 1860 1170
511 2 2 1 2 1855 1868 1839
512 2 2 1 2 2647 2648 518
513 2 2 1 2 1170 1861 1831
514 2 2 1 2 1803 2349 1162
515 2 2 1 2 1118 2385 1677
516 2 2 1 2 1545 2648 2647
517 2 2 1 2 1213 2778 1598
518 2 2 1 2 769 2023 767
519 2 2 1 2 1801 1803 1162
520 2 2 1 2 1550 2385 1118
521 2 2 1 2 506 1558 197
522 2 2 1 2 1172 2569 2155
523 2 2 1 2 991 1860 1171
524 2 2 1 2 1170 1860 993
525 2 2 1 2 1829 1861 1169
526 2 2 1 2 1991 2030 1088
527 2 2 1 2 2155 2577 1172
528 2 2 1 2 1169 1862 1827
529 2 2 1 2 1461 1571 1216
530 2 2 1 2 2360 2736 1540
531 2 2 1 2 1393 1619 1608
532 2 2 1 2 1596 1598 1597
533 2 2 1 2 2668 2674 1701
534 2 2 1 2 2194 2654 2653
535 2 2 1 2 1188 1571 1219
536 2 2 1 2 2195 2654 2194
537 2 2 1 2 1551 1600 1219
538 2 2 1 2 1088 2037 1991
539 2 2 1 2 1677 2385 1458
540 2 2 1 2 1563 2373 1539
541 2 2 1 2 1025 1869 1023
542 2 2 1 2 995 1861 1170
543 2 2 1 2 1169 1861 997
544 2 2 1 2 1533 2739 487
545 2 2 1 2 1825 1862 1168
546 2 2 1 2 1797 1799 1161
547 2 2 1 2 1458 1678 1677
548 2 2 1 2 1168 1863 1823
549 2 2 1 2 2479 2488 1484
550 2 2 1 2 1123 2585 2165
551 2 2 1 2 1678 2376 1635
552 2 2 1 2 2165 2591 1123
553 2 2 1 2 1967 2017 1965
554 2 2 1 2 777 2016 775
555 2 2 1 2 2203 2667 2662
556 2 2 1 2 1118 1600 1550
557 2 2 1 2 999 1862 1169
558 2 2 1 2 1168 1862 1001
559 2 2 1 2 2204 2667 2203
560 2 2 1 2 1166 1858 1818
561 2 2 1 2 1821 1863 1166
562 2 2 1 2 1458 2376 1678
563 2 2 1 2 1007 1858 1166
564 2 2 1 2 1531 2770 510
565 2 2 1 2 1029 1871 1027
566 2 2 1 2 1793 1795 1160
567 2 2 1 2 1003 1863 1168
568 2 2 1 2 1166 1863 1005
569 2 2 1 2 1354 2511 1373
570 2 2 1 2 2713 2828 1490
571 2 2 1 2 1562 1604 1208
572 2 2 1 2 1961 2055 1959
573 2 2 1 2 1173 2601 2169
574 2 2 1 2 1555 1556 520
575 2 2 1 2 2169 2605 1173
576 2 2 1 2 1096 2054 1992
577 2 2 1 2 461 2772 1621
578 2 2 1 2 1165 1866 1812
579 2 2 1 2 1009 2326 1858
580 2 2 1 2 1482 2364 1569
581 2 2 1 2 1569 2364 1108
582 2 2 1 2 1578 1582 1579
583 2 2 1 2 755 2048 752
584 2 2 1 2 2623 2634 1669
585 2 2 1 2 1649 2465 731
586 2 2 1 2 1858 2326 1816
587 2 2 1 2 1033 1872 1031
588 2 2 1 2 916 2410 1673
589 2 2 1 2 1957 2053 1955
590 2 2 1 2 2047 2048 763
591 2 2 1 2 2220 2684 2680
592 2 2 1 2 1789 1791 1159
593 2 2 1 2 910 2052 1993
594 2 2 1 2 1163 1859 1807
595 2 2 1 2 2221 2684 2220
596 2 2 1 2 1373 1574 1482
597 2 2 1 2 1810 1866 1163
598 2 2 1 2 1524 2710 2698
599 2 2 1 2 1609 1619 916
600 2 2 1 2 1574 2364 1482
601 2 2 1 2 1174 2610 2179
602 2 2 1 2 1469 1604 1562
603 2 2 1 2 1999 2048 2047
604 2 2 1 2 1017 1859 1163
605 2 2 1 2 1681 2519 1433
606 2 2 1 2 2179 2616 1174
607 2 2 1 2 929 2023 1990
608 2 2 1 2 1667 2394 1669
609 2 2 1 2 1619 2410 916
610 2 2 1 2 1953 2051 1951
611 2 2 1 2 1163 1866 1015
612 2 2 1 2 1013 1866 1165
613 2 2 1 2 1579 1580 1577
614 2 2 1 2 874 1674 1605
615 2 2 1 2 1459 1649 1648
616 2 2 1 2 1536 2575 1505
617 2 2 1 2 1104 2050 1994
618 2 2 1 2 1460 1674 1673
619 2 2 1 2 1669 2394 1127
620 2 2 1 2 1639 2430 759
621 2 2 1 2 1673 2410 1460
622 2 2 1 2 1560 2491 2489
623 2 2 1 2 1648 1658 1459
624 2 2 1 2 1037 1873 1035
625 2 2 1 2 1949 2042 1947
626 2 2 1 2 795 2041 793
627 2 2 1 2 1131 1600 938
628 2 2 1 2 1019 2349 1859
629 2 2 1 2 1784 1787 1157
630 2 2 1 2 1079 2573 1998
631 2 2 1 2 1162 1869 1801
632 2 2 1 2 1715 2500 1720
633 2 2 1 2 1550 1600 1551
634 2 2 1 2 1175 2625 2184
635 2 2 1 2 1469 2536 1604
636 2 2 1 2 1700 2669 1701
637 2 2 1 2 1701 2669 2668
638 2 2 1 2 759 1658 1648
639 2 2 1 2 767 2023 929
640 2 2 1 2 2184 2638 1175
641 2 2 1 2 768 1717 877
642 2 2 1 2 1443 2634 2623
643 2 2 1 2 1859 2349 1805
644 2 2 1 2 1605 1674 1460
645 2 2 1 2 1088 2023 769
646 2 2 1 2 874 2497 1646
647 2 2 1 2 877 1717 1716
648 2 2 1 2 907 2016 2015
649 2 2 1 2 528 2227 2225
650 2 2 1 2 2743 2748 1492
651 2 2 1 2 1943 2046 1941
652 2 2 1 2 1459 2465 1649
653 2 2 1 2 1590 1637 731
654 2 2 1 2 801 2045 799
655 2 2 1 2 1741 2671 1696
656 2 2 1 2 1041 1865 1039
657 2 2 1 2 2671 2672 1696
658 2 2 1 2 775 2016 907
659 2 2 1 2 2015 2017 907
660 2 2 1 2 2431 2743 1492
661 2 2 1 2 1688 2480 1685
662 2 2 1 2 1799 1869 1161
663 2 2 1 2 2489 2491 866
664 2 2 1 2 1161 1871 1797
665 2 2 1 2 1161 1869 1025
666 2 2 1 2 1023 1869 1162
667 2 2 1 2 254 2228 253
668 2 2 1 2 1976 2371 2055
669 2 2 1 2 1634 2467 1635
670 2 2 1 2 1373 2511 1574
671 2 2 1 2 1570 1667 494
672 2 2 1 2 1088 2030 2023
673 2 2 1 2 759 2430 1658
674 2 2 1 2 1219 1571 1553
675 2 2 1 2 1570 2394 1667
676 2 2 1 2 1991 2017 1967
677 2 2 1 2 1124 2644 2191
678 2 2 1 2 1782 2346 1780
679 2 2 1 2 2748 2749 2344
680 2 2 1 2 1965 2017 2015
681 2 2 1 2 1937 2061 1935
682 2 2 1 2 2191 2650 1124
683 2 2 1 2 1177 2488 2479
684 2 2 1 2 807 2060 805
685 2 2 1 2 731 2465 1590
686 2 2 1 2 944 1637 1589
687 2 2 1 2 2540 2592 632
688 2 2 1 2 866 2491 1544
689 2 2 1 2 2525 2576 642
690 2 2 1 2 1492 2748 2344
691 2 2 1 2 2510 2516 1081
692 2 2 1 2 1548 2705 2701
693 2 2 1 2 1991 2037 2017
694 2 2 1 2 1795 1871 1160
695 2 2 1 2 1635 2467 1678
696 2 2 1 2 777 2371 2016
697 2 2 1 2 1160 1872 1793
698 2 2 1 2 1992 2055 1096
699 2 2 1 2 770 1719 772
700 2 2 1 2 1716 1718 877
701 2 2 1 2 1160 1871 1029
702 2 2 1 2 1780 2346 1156
703 2 2 1 2 1027 1871 1161
704 2 2 1 2 1589 1637 1590
705 2 2 1 2 528 2228 2227
706 2 2 1 2 2016 2371 1976
707 2 2 1 2 252 2231 251
708 2 2 1 2 944 2477 1647
709 2 2 1 2 491 2666 2649
710 2 2 1 2 1976 2055 1961
711 2 2 1 2 1777 1780 1156
712 2 2 1 2 476 2224 2218
713 2 2 1 2 2686 2702 673
714 2 2 1 2 1931 2068 1929
715 2 2 1 2 1959 2055 1992
716 2 2 1 2 2683 2697 667
717 2 2 1 2 547 1575 1356
718 2 2 1 2 1993 2053 910
719 2 2 1 2 813 2067 811
720 2 2 1 2 1687 1712 1711
721 2 2 1 2 504 2792 1536
722 2 2 1 2 2505 2535 595
723 2 2 1 2 1791 1872 1159
724 2 2 1 2 2406 2485 1727
725 2 2 1 2 1484 2488 1485
726 2 2 1 2 1159 1873 1789
727 2 2 1 2 1159 1872 1033
728 2 2 1 2 1031 1872 1160
729 2 2 1 2 1992 2053 1957
730 2 2 1 2 1955 2053 1993
731 2 2 1 2 1605 2497 874
732 2 2 1 2 766 1717 768
733 2 2 1 2 1994 2051 1104
734 2 2 1 2 1082 2480 1688
735 2 2 1 2 2287 2487 2439
736 2 2 1 2 1047 1867 1045
737 2 2 1 2 1219 1600 1131
738 2 2 1 2 250 2398 249
739 2 2 1 2 253 2228 528
740 2 2 1 2 1992 2054 2053
741 2 2 1 2 933 2041 2040
742 2 2 1 2 1608 1609 1183
743 2 2 1 2 2655 2673 645
744 2 2 1 2 1925 2083 1923
745 2 2 1 2 2749 2750 1493
746 2 2 1 2 1993 2051 1953
747 2 2 1 2 1546 1547 519
748 2 2 1 2 2344 2749 1493
749 2 2 1 2 793 2041 933
750 2 2 1 2 1951 2051 1994
751 2 2 1 2 938 1600 1118
752 2 2 1 2 1575 1576 1356
753 2 2 1 2 2040 2042 933
754 2 2 1 2 1534 1616 1615
755 2 2 1 2 208 1713 207
756 2 2 1 2 732 2519 1681
757 2 2 1 2 2630 2656 635
758 2 2 1 2 1977 2351 2046
759 2 2 1 2 1157 1865 1784
760 2 2 1 2 1099 2082 1995
761 2 2 1 2 1125 2654 2195
762 2 2 1 2 1720 2500 882
763 2 2 1 2 1047 2323 1867
764 2 2 1 2 1993 2052 2051
765 2 2 1 2 1456 1724 1561
766 2 2 1 2 1628 2774 2420
767 2 2 1 2 1573 2538 1439
768 2 2 1 2 1787 1873 1157
769 2 2 1 2 1589 2477 944
770 2 2 1 2 2529 2554 601
771 2 2 1 2 1157 1873 1037
772 2 2 1 2 1035 1873 1159
773 2 2 1 2 1994 2042 1949
774 2 2 1 2 1947 2042 2040
775 2 2 1 2 1568 1576 1575
776 2 2 1 2 1208 2433 1562
777 2 2 1 2 935 2045 2044
778 2 2 1 2 2546 2574 607
779 2 2 1 2 1921 2081 1919
780 2 2 1 2 2562 2594 613
781 2 2 1 2 1049 2323 1047
782 2 2 1 2 823 2080 821
783 2 2 1 2 1635 2376 1227
784 2 2 1 2 1039 1865 1157
785 2 2 1 2 1633 1635 1227
786 2 2 1 2 1544 2516 2510
787 2 2 1 2 2225 2231 528
788 2 2 1 2 1201 1563 1202
789 2 2 1 2 799 2045 935
790 2 2 1 2 1994 2050 2042
791 2 2 1 2 2195 2658 1125
792 2 2 1 2 795 2351 2041
793 2 2 1 2 2044 2046 935
794 2 2 1 2 1561 1724 1202
795 2 2 1 2 747 1636 749
796 2 2 1 2 1516 2493 2475
797 2 2 1 2 727 2482 1559
798 2 2 1 2 2041 2351 1977
799 2 2 1 2 1978 2345 2061
800 2 2 1 2 2750 2752 2335
801 2 2 1 2 1629 2380 1145
802 2 2 1 2 494 2377 1570
803 2 2 1 2 1493 2750 2335
804 2 2 1 2 1652 2421 1405
805 2 2 1 2 1598 1599 1597
806 2 2 1 2 2264 2707 467
807 2 2 1 2 254 2439 2228
808 2 2 1 2 1977 2046 1943
809 2 2 1 2 1560 2486 1559
810 2 2 1 2 1941 2046 2044
811 2 2 1 2 1372 1563 1201
812 2 2 1 2 934 2060 2059
813 2 2 1 2 545 1575 547
814 2 2 1 2 1565 1629 1445
815 2 2 1 2 1644 1645 1229
816 2 2 1 2 249 2398 2223
817 2 2 1 2 805 2060 934
818 2 2 1 2 1360 1615 1218
819 2 2 1 2 2059 2061 934
820 2 2 1 2 801 2345 2045
821 2 2 1 2 1544 2510 866
822 2 2 1 2 1041 2346 1865
823 2 2 1 2 2045 2345 1978
824 2 2 1 2 1979 2343 2068
825 2 2 1 2 877 1719 770
826 2 2 1 2 1249 1613 1612
827 2 2 1 2 540 1566 544
828 2 2 1 2 1915 2090 1913
829 2 2 1 2 1651 2421 1652
830 2 2 1 2 1680 2512 1376
831 2 2 1 2 1770 1773 1153
832 2 2 1 2 1978 2061 1937
833 2 2 1 2 544 1566 545
834 2 2 1 2 1935 2061 2059
835 2 2 1 2 1560 2489 2486
836 2 2 1 2 1249 1614 1613
837 2 2 1 2 930 2067 2066
838 2 2 1 2 553 1609 555
839 2 2 1 2 476 2231 2224
840 2 2 1 2 1554 1555 483
841 2 2 1 2 1719 2485 2406
842 2 2 1 2 1534 1615 1360
843 2 2 1 2 1565 2380 1629
844 2 2 1 2 1865 2346 1782
845 2 2 1 2 1094 2089 1996
846 2 2 1 2 499 2215 2201
847 2 2 1 2 541 1584 1583
848 2 2 1 2 1711 2316 1687
849 2 2 1 2 247 2443 246
850 2 2 1 2 1156 1867 1777
851 2 2 1 2 811 2067 930
852 2 2 1 2 2066 2068 930
853 2 2 1 2 807 2343 2060
854 2 2 1 2 894 2538 1573
855 2 2 1 2 528 2231 252
856 2 2 1 2 251 2231 476
857 2 2 1 2 541 1583 380
858 2 2 1 2 540 544 271
859 2 2 1 2 2060 2343 1979
860 2 2 1 2 1980 2341 2083
861 2 2 1 2 1591 1592 542
862 2 2 1 2 540 1567 1566
863 2 2 1 2 1556 1557 520
864 2 2 1 2 1645 1656 1229
865 2 2 1 2 753 1634 1632
866 2 2 1 2 1911 2088 1909
867 2 2 1 2 249 2223 248
868 2 2 1 2 1249 1612 1167
869 2 2 1 2 1592 1593 542
870 2 2 1 2 499 2223 2215
871 2 2 1 2 1979 2068 1931
872 2 2 1 2 1929 2068 2066
873 2 2 1 2 541 1585 1584
874 2 2 1 2 1045 1867 1156
875 2 2 1 2 1727 1728 878
876 2 2 1 2 1227 2355 1633
877 2 2 1 2 305 1591 542
878 2 2 1 2 1719 2406 772
879 2 2 1 2 908 2087 1997
880 2 2 1 2 1995 2083 1099
881 2 2 1 2 813 2341 2067
882 2 2 1 2 878 2406 1727
883 2 2 1 2 1053 2277 1051
884 2 2 1 2 2067 2341 1980
885 2 2 1 2 1711 2413 2316
886 2 2 1 2 1106 1723 1588
887 2 2 1 2 2316 2413 1193
888 2 2 1 2 1729 1731 960
889 2 2 1 2 1845 2699 2696
890 2 2 1 2 2218 2398 476
891 2 2 1 2 909 2080 2079
892 2 2 1 2 2335 2752 1369
893 2 2 1 2 207 1713 519
894 2 2 1 2 2752 2753 1369
895 2 2 1 2 749 1636 753
896 2 2 1 2 1378 1601 1381
897 2 2 1 2 1109 1626 1190
898 2 2 1 2 1980 2083 1925
899 2 2 1 2 1923 2083 1995
900 2 2 1 2 1729 2331 1728
901 2 2 1 2 1579 1581 1580
902 2 2 1 2 1907 2086 1905
903 2 2 1 2 821 2080 909
904 2 2 1 2 1632 1683 753
905 2 2 1 2 1728 2331 878
906 2 2 1 2 467 1713 208
907 2 2 1 2 2079 2081 909
908 2 2 1 2 1208 1604 1603
909 2 2 1 2 1566 1575 545
910 2 2 1 2 1577 1607 1356
911 2 2 1 2 1183 1609 553
912 2 2 1 2 1591 1657 1592
913 2 2 1 2 1838 2695 2694
914 2 2 1 2 727 2483 2482
915 2 2 1 2 1246 1603 1506
916 2 2 1 2 1982 2579 1998
917 2 2 1 2 1981 2342 2090
918 2 2 1 2 1636 2467 1634
919 2 2 1 2 1431 1626 1625
920 2 2 1 2 1870 2277 1053
921 2 2 1 2 555 1609 916
922 2 2 1 2 1167 1612 1110
923 2 2 1 2 1567 1568 1566
924 2 2 1 2 1668 1671 1670
925 2 2 1 2 1368 1620 1602
926 2 2 1 2 1559 2482 1425
927 2 2 1 2 248 2223 499
928 2 2 1 2 476 2398 250
929 2 2 1 2 1995 2081 1921
930 2 2 1 2 1585 1586 1584
931 2 2 1 2 1919 2081 2079
932 2 2 1 2 268 2377 494
933 2 2 1 2 940 2433 1208
934 2 2 1 2 1102 2085 2000
935 2 2 1 2 753 1636 1634
936 2 2 1 2 2334 2427 1686
937 2 2 1 2 2230 2674 1129
938 2 2 1 2 245 2206 472
939 2 2 1 2 1633 2355 1377
940 2 2 1 2 255 2439 254
941 2 2 1 2 1153 2323 1049
942 2 2 1 2 747 1756 1636
943 2 2 1 2 1592 1594 1593
944 2 2 1 2 1601 1602 1381
945 2 2 1 2 1982 2583 2579
946 2 2 1 2 544 545 511
947 2 2 1 2 1592 1657 1595
948 2 2 1 2 1625 2466 1431
949 2 2 1 2 1356 1607 549
950 2 2 1 2 1686 2427 1687
951 2 2 1 2 1995 2082 2081
952 2 2 1 2 1368 1602 1601
953 2 2 1 2 1055 1870 1053
954 2 2 1 2 1651 2006 1203
955 2 2 1 2 563 1646 565
956 2 2 1 2 960 2331 1729
957 2 2 1 2 1720 2506 1462
958 2 2 1 2 745 1639 759
959 2 2 1 2 1462 2511 1354
960 2 2 1 2 1455 1620 1368
961 2 2 1 2 1387 1750 1749
962 2 2 1 2 823 2342 2080
963 2 2 1 2 1996 2090 1094
964 2 2 1 2 1603 1604 1506
965 2 2 1 2 1429 1618 1534
966 2 2 1 2 874 1646 563
967 2 2 1 2 1571 1572 1553
968 2 2 1 2 1529 1618 1429
969 2 2 1 2 2080 2342 1981
970 2 2 1 2 1644 2386 1642
971 2 2 1 2 1207 1603 1246
972 2 2 1 2 1903 2078 1901
973 2 2 1 2 1387 1752 1750
974 2 2 1 2 1229 2386 1644
975 2 2 1 2 1190 1626 1431
976 2 2 1 2 1576 1577 1356
977 2 2 1 2 377 1606 495
978 2 2 1 2 1640 2362 1228
979 2 2 1 2 1463 1645 1644
980 2 2 1 2 1372 1564 1563
981 2 2 1 2 1981 2090 1915
982 2 2 1 2 1732 2321 1731
983 2 2 1 2 1913 2090 1996
984 2 2 1 2 1583 1587 512
985 2 2 1 2 1153 2277 1770
986 2 2 1 2 1218 1615 1249
987 2 2 1 2 773 2037 771
988 2 2 1 2 725 1649 731
989 2 2 1 2 1623 1624 1241
990 2 2 1 2 1999 2573 2048
991 2 2 1 2 1997 2088 908
992 2 2 1 2 1110 1610 970
993 2 2 1 2 1463 1644 1643
994 2 2 1 2 1773 2323 1153
995 2 2 1 2 924 2077 2001
996 2 2 1 2 1731 2321 960
997 2 2 1 2 886 2321 1732
998 2 2 1 2 1711 1712 1710
999 2 2 1 2 1708 1710 1704
1000 2 2 1 2 1732 2010 886
1001 2 2 1 2 244 2197 243
1002 2 2 1 2 1464 2014 1630
1003 2 2 1 2 2663 2664 1815
1004 2 2 1 2 1247 1622 1490
1005 2 2 1 2 1559 2486 727
1006 2 2 1 2 1562 2433 2409
1007 2 2 1 2 1638 2362 1640
1008 2 2 1 2 2409 2433 1106
1009 2 2 1 2 1126 2667 2204
1010 2 2 1 2 1835 1860 1833
1011 2 2 1 2 2197 2214 243
1012 2 2 1 2 1378 1675 1601
1013 2 2 1 2 1663 1665 1664
1014 2 2 1 2 272 540 271
1015 2 2 1 2 381 541 380
1016 2 2 1 2 1996 2088 1911
1017 2 2 1 2 1909 2088 1997
1018 2 2 1 2 1110 1612 1610
1019 2 2 1 2 1718 1719 877
1020 2 2 1 2 1185 1626 1109
1021 2 2 1 2 1358 1627 1497
1022 2 2 1 2 1753 2490 724
1023 2 2 1 2 270 544 511
1024 2 2 1 2 379 1583 512
1025 2 2 1 2 1546 1548 1547
1026 2 2 1 2 2193 2198 2196
1027 2 2 1 2 1685 2480 1686
1028 2 2 1 2 243 2214 242
1029 2 2 1 2 246 2443 2206
1030 2 2 1 2 305 542 304
1031 2 2 1 2 196 543 195
1032 2 2 1 2 1658 2430 1372
1033 2 2 1 2 1203 2421 1651
1034 2 2 1 2 1372 2430 1564
1035 2 2 1 2 1098 2075 2002
1036 2 2 1 2 1831 1861 1829
1037 2 2 1 2 1240 1623 1241
1038 2 2 1 2 2000 2086 1102
1039 2 2 1 2 1187 1656 1189
1040 2 2 1 2 368 1664 516
1041 2 2 1 2 1708 1711 1710
1042 2 2 1 2 1666 1670 266
1043 2 2 1 2 1668 1670 1666
1044 2 2 1 2 1376 1752 1232
1045 2 2 1 2 1627 1628 1497
1046 2 2 1 2 1899 2076 1897
1047 2 2 1 2 561 1674 874
1048 2 2 1 2 1647 2477 1385
1049 2 2 1 2 2439 2487 2228
1050 2 2 1 2 1971 2030 1969
1051 2 2 1 2 527 2187 2185
1052 2 2 1 2 2425 2502 579
1053 2 2 1 2 1184 1675 1136
1054 2 2 1 2 1996 2089 2088
1055 2 2 1 2 1051 2277 1153
1056 2 2 1 2 1827 1862 1825
1057 2 2 1 2 472 2198 2192
1058 2 2 1 2 472 2206 2198
1059 2 2 1 2 1630 2014 1679
1060 2 2 1 2 369 1664 368
1061 2 2 1 2 2651 2652 1804
1062 2 2 1 2 1367 1658 1372
1063 2 2 1 2 2204 2677 1126
1064 2 2 1 2 2475 2493 1107
1065 2 2 1 2 1463 1643 567
1066 2 2 1 2 1145 1875 1629
1067 2 2 1 2 505 1591 306
1068 2 2 1 2 1232 1752 1387
1069 2 2 1 2 1997 2086 1907
1070 2 2 1 2 1905 2086 2000
1071 2 2 1 2 783 2054 781
1072 2 2 1 2 1749 2309 1387
1073 2 2 1 2 905 1723 1106
1074 2 2 1 2 2476 2514 585
1075 2 2 1 2 2506 2511 1462
1076 2 2 1 2 241 2207 240
1077 2 2 1 2 1823 1863 1821
1078 2 2 1 2 2008 2319 2010
1079 2 2 1 2 1246 1505 1503
1080 2 2 1 2 1150 1870 1055
1081 2 2 1 2 702 1647 1385
1082 2 2 1 2 1763 1766 1150
1083 2 2 1 2 246 2206 245
1084 2 2 1 2 1584 1587 1583
1085 2 2 1 2 1486 2527 1681
1086 2 2 1 2 731 1637 719
1087 2 2 1 2 2215 2223 2216
1088 2 2 1 2 2010 2319 886
1089 2 2 1 2 2001 2078 924
1090 2 2 1 2 1716 1874 1718
1091 2 2 1 2 1446 1641 1543
1092 2 2 1 2 1248 1622 1247
1093 2 2 1 2 1229 1656 1187
1094 2 2 1 2 471 2182 2180
1095 2 2 1 2 547 1356 549
1096 2 2 1 2 787 2052 785
1097 2 2 1 2 899 2392 1723
1098 2 2 1 2 1459 1658 1367
1099 2 2 1 2 2192 2198 2193
1100 2 2 1 2 2482 2483 1688
1101 2 2 1 2 1997 2087 2086
1102 2 2 1 2 1717 2500 1715
1103 2 2 1 2 1249 1615 1614
1104 2 2 1 2 512 1606 378
1105 2 2 1 2 545 547 546
1106 2 2 1 2 1205 1627 1358
1107 2 2 1 2 1364 1623 1240
1108 2 2 1 2 2627 2629 1950
1109 2 2 1 2 1506 1536 1505
1110 2 2 1 2 494 1667 1666
1111 2 2 1 2 1348 1874 1370
1112 2 2 1 2 724 2490 575
1113 2 2 1 2 2533 2538 894
1114 2 2 1 2 545 546 511
1115 2 2 1 2 729 1676 739
1116 2 2 1 2 1702 2487 2287
1117 2 2 1 2 791 2050 789
1118 2 2 1 2 871 2006 901
1119 2 2 1 2 565 1646 1463
1120 2 2 1 2 983 1864 981
1121 2 2 1 2 2619 2621 1944
1122 2 2 1 2 2315 2319 2008
1123 2 2 1 2 310 1653 492
1124 2 2 1 2 1083 2494 2484
1125 2 2 1 2 771 2037 1088
1126 2 2 1 2 2000 2078 1903
1127 2 2 1 2 1901 2078 2001
1128 2 2 1 2 546 2377 511
1129 2 2 1 2 270 511 269
1130 2 2 1 2 379 512 378
1131 2 2 1 2 239 2208 238
1132 2 2 1 2 1164 1864 983
1133 2 2 1 2 2009 2325 879
1134 2 2 1 2 867 1639 745
1135 2 2 1 2 2009 2315 2008
1136 2 2 1 2 969 1110 970
1137 2 2 1 2 1812 1866 1810
1138 2 2 1 2 2229 2487 1702
1139 2 2 1 2 1150 2012 1763
1140 2 2 1 2 2198 2199 2196
1141 2 2 1 2 923 2062 2003
1142 2 2 1 2 372 1655 517
1143 2 2 1 2 967 969 968
1144 2 2 1 2 739 1676 1194
1145 2 2 1 2 741 1642 760
1146 2 2 1 2 2612 2613 1938
1147 2 2 1 2 753 1683 751
1148 2 2 1 2 1601 1675 1184
1149 2 2 1 2 1117 1213 1186
1150 2 2 1 2 724 2499 1753
1151 2 2 1 2 751 1683 754
1152 2 2 1 2 1207 1246 1245
1153 2 2 1 2 1631 1683 1632
1154 2 2 1 2 567 1643 569
1155 2 2 1 2 1687 2427 1712
1156 2 2 1 2 1723 2392 1588
1157 2 2 1 2 1631 1632 1377
1158 2 2 1 2 698 1647 702
1159 2 2 1 2 1588 2409 1106
1160 2 2 1 2 523 2177 2175
1161 2 2 1 2 1570 2377 546
1162 2 2 1 2 271 544 270
1163 2 2 1 2 380 1583 379
1164 2 2 1 2 2002 2076 1098
1165 2 2 1 2 2192 2197 472
1166 2 2 1 2 1895 2092 1893
1167 2 2 1 2 499 2443 247
1168 2 2 1 2 2075 2092 2002
1169 2 2 1 2 2122 2264 2263
1170 2 2 1 2 1624 1625 1241
1171 2 2 1 2 1664 1665 516
1172 2 2 1 2 1620 1621 1602
1173 2 2 1 2 1610 1611 1213
1174 2 2 1 2 1140 2309 1749
1175 2 2 1 2 907 2037 773
1176 2 2 1 2 1145 2380 1630
1177 2 2 1 2 1615 1616 1614
1178 2 2 1 2 1612 1613 1611
1179 2 2 1 2 477 2293 1698
1180 2 2 1 2 472 2197 244
1181 2 2 1 2 965 1631 1377
1182 2 2 1 2 306 1591 305
1183 2 2 1 2 1616 1617 1614
1184 2 2 1 2 1240 1241 1185
1185 2 2 1 2 1136 1675 943
1186 2 2 1 2 1595 1596 1594
1187 2 2 1 2 1704 1710 1703
1188 2 2 1 2 1650 1651 1475
1189 2 2 1 2 730 1649 725
1190 2 2 1 2 1203 2006 871
1191 2 2 1 2 1766 1870 1150
1192 2 2 1 2 2000 2085 2078
1193 2 2 1 2 940 1208 1115
1194 2 2 1 2 2499 2502 1751
1195 2 2 1 2 482 1659 313
1196 2 2 1 2 505 1657 1591
1197 2 2 1 2 879 2315 2009
1198 2 2 1 2 969 970 968
1199 2 2 1 2 970 1610 1117
1200 2 2 1 2 1376 1753 1752
1201 2 2 1 2 2582 2587 1781
1202 2 2 1 2 1115 1603 1207
1203 2 2 1 2 370 1660 481
1204 2 2 1 2 1246 1506 1505
1205 2 2 1 2 1246 1503 1245
1206 2 2 1 2 1632 1633 1377
1207 2 2 1 2 494 1666 267
1208 2 2 1 2 1761 1762 1760
1209 2 2 1 2 1714 1720 1462
1210 2 2 1 2 914 939 913
1211 2 2 1 2 1218 1249 1167
1212 2 2 1 2 1111 1167 1110
1213 2 2 1 2 1236 1650 1475
1214 2 2 1 2 1392 1524 1523
1215 2 2 1 2 1431 1627 1205
1216 2 2 1 2 242 2214 527
1217 2 2 1 2 1392 1523 1390
1218 2 2 1 2 1990 2030 1971
1219 2 2 1 2 1109 1190 939
1220 2 2 1 2 1220 1724 1456
1221 2 2 1 2 237 2209 236
1222 2 2 1 2 1650 2006 1651
1223 2 2 1 2 870 1722 900
1224 2 2 1 2 1801 1869 1799
1225 2 2 1 2 1192 1756 873
1226 2 2 1 2 2185 2207 527
1227 2 2 1 2 2001 2076 1899
1228 2 2 1 2 1897 2076 2002
1229 2 2 1 2 307 505 306
1230 2 2 1 2 198 506 197
1231 2 2 1 2 760 893 873
1232 2 2 1 2 912 913 890
1233 2 2 1 2 1429 1534 1360
1234 2 2 1 2 674 1703 676
1235 2 2 1 2 1627 2466 1628
1236 2 2 1 2 1180 1218 1167
1237 2 2 1 2 1247 1490 1461
1238 2 2 1 2 893 938 915
1239 2 2 1 2 527 2214 2187
1240 2 2 1 2 1225 1360 1218
1241 2 2 1 2 1660 1662 481
1242 2 2 1 2 1667 1669 1668
1243 2 2 1 2 1638 1640 1639
1244 2 2 1 2 1670 1671 491
1245 2 2 1 2 1630 1679 927
1246 2 2 1 2 551 1183 553
1247 2 2 1 2 2020 2336 2325
1248 2 2 1 2 1117 1610 1213
1249 2 2 1 2 1238 1672 1444
1250 2 2 1 2 819 2082 817
1251 2 2 1 2 914 1109 939
1252 2 2 1 2 1247 1461 1216
1253 2 2 1 2 2559 2567 1774
1254 2 2 1 2 1379 1641 1446
1255 2 2 1 2 1138 1724 1220
1256 2 2 1 2 1638 1639 867
1257 2 2 1 2 873 1756 746
1258 2 2 1 2 377 495 376
1259 2 2 1 2 268 494 267
1260 2 2 1 2 781 2054 1096
1261 2 2 1 2 551 1607 1183
1262 2 2 1 2 676 1703 691
1263 2 2 1 2 549 1607 551
1264 2 2 1 2 1634 1635 1633
1265 2 2 1 2 1358 1497 1496
1266 2 2 1 2 938 1118 915
1267 2 2 1 2 741 760 746
1268 2 2 1 2 497 2174 2166
1269 2 2 1 2 912 914 913
1270 2 2 1 2 893 915 873
1271 2 2 1 2 2586 2589 1914
1272 2 2 1 2 965 967 966
1273 2 2 1 2 2325 2336 879
1274 2 2 1 2 2224 2231 2225
1275 2 2 1 2 829 2089 827
1276 2 2 1 2 743 1722 870
1277 2 2 1 2 2024 2387 2025
1278 2 2 1 2 1366 1429 1360
1279 2 2 1 2 833 2087 831
1280 2 2 1 2 2055 2371 1096
1281 2 2 1 2 905 1106 931
1282 2 2 1 2 760 873 746
1283 2 2 1 2 1698 2287 477
1284 2 2 1 2 1749 1750 1748
1285 2 2 1 2 1188 1219 1131
1286 2 2 1 2 837 2085 835
1287 2 2 1 2 1651 1652 1475
1288 2 2 1 2 1140 1749 1746
1289 2 2 1 2 1797 1871 1795
1290 2 2 1 2 1190 1431 1205
1291 2 2 1 2 841 2077 839
1292 2 2 1 2 719 1637 703
1293 2 2 1 2 2003 2092 923
1294 2 2 1 2 1739 1759 1151
1295 2 2 1 2 1370 1874 1716
1296 2 2 1 2 965 1377 967
1297 2 2 1 2 240 2207 471
1298 2 2 1 2 527 2207 241
1299 2 2 1 2 910 2054 783
1300 2 2 1 2 1740 1759 1739
1301 2 2 1 2 2062 2280 2003
1302 2 2 1 2 967 968 966
1303 2 2 1 2 1205 1358 1221
1304 2 2 1 2 734 1642 741
1305 2 2 1 2 1208 1603 1115
1306 2 2 1 2 1358 1496 1365
1307 2 2 1 2 1220 1368 1184
1308 2 2 1 2 928 1875 1145
1309 2 2 1 2 1190 1205 1191
1310 2 2 1 2 1446 1543 1466
1311 2 2 1 2 1220 1455 1368
1312 2 2 1 2 745 759 736
1313 2 2 1 2 2180 2208 471
1314 2 2 1 2 481 1664 369
1315 2 2 1 2 1969 2030 1991
1316 2 2 1 2 471 2207 2182
1317 2 2 1 2 785 2052 910
1318 2 2 1 2 1138 1220 1184
1319 2 2 1 2 2543 2550 1767
1320 2 2 1 2 890 1638 867
1321 2 2 1 2 1430 1529 1429
1322 2 2 1 2 1746 1749 1748
1323 2 2 1 2 870 899 875
1324 2 2 1 2 743 870 758
1325 2 2 1 2 1378 1381 1379
1326 2 2 1 2 2687 2704 2320
1327 2 2 1 2 1733 1745 1735
1328 2 2 1 2 1610 1612 1611
1329 2 2 1 2 1759 1761 1760
1330 2 2 1 2 682 1742 696
1331 2 2 1 2 1689 1690 515
1332 2 2 1 2 1730 1731 1729
1333 2 2 1 2 1138 1184 1136
1334 2 2 1 2 235 2310 234
1335 2 2 1 2 1745 1746 1735
1336 2 2 1 2 1378 1379 1128
1337 2 2 1 2 2570 2571 1904
1338 2 2 1 2 942 1378 1128
1339 2 2 1 2 1381 1641 1379
1340 2 2 1 2 547 549 548
1341 2 2 1 2 514 1654 1653
1342 2 2 1 2 989 1868 987
1343 2 2 1 2 927 1679 898
1344 2 2 1 2 1496 1533 1498
1345 2 2 1 2 739 743 740
1346 2 2 1 2 713 1676 729
1347 2 2 1 2 1793 1872 1791
1348 2 2 1 2 1648 1649 730
1349 2 2 1 2 1171 1868 989
1350 2 2 1 2 513 1684 315
1351 2 2 1 2 1104 2052 787
1352 2 2 1 2 870 875 758
1353 2 2 1 2 1642 2386 760
1354 2 2 1 2 725 731 719
1355 2 2 1 2 743 758 740
1356 2 2 1 2 682 696 683
1357 2 2 1 2 1390 1622 1248
1358 2 2 1 2 2001 2077 2076
1359 2 2 1 2 265 1670 491
1360 2 2 1 2 789 2050 1104
1361 2 2 1 2 259 1689 515
1362 2 2 1 2 969 1111 1110
1363 2 2 1 2 1236 1475 1474
1364 2 2 1 2 942 1128 920
1365 2 2 1 2 696 698 697
1366 2 2 1 2 555 916 557
1367 2 2 1 2 736 1648 730
1368 2 2 1 2 490 1655 373
1369 2 2 1 2 2263 2265 2122
1370 2 2 1 2 962 1631 965
1371 2 2 1 2 680 682 681
1372 2 2 1 2 1396 1730 1336
1373 2 2 1 2 514 1653 311
1374 2 2 1 2 754 1683 946
1375 2 2 1 2 1486 2533 2527
1376 2 2 1 2 696 1742 699
1377 2 2 1 2 933 2050 791
1378 2 2 1 2 2201 2443 499
1379 2 2 1 2 1463 1646 1645
1380 2 2 1 2 1130 1131 938
1381 2 2 1 2 678 680 679
1382 2 2 1 2 1352 1714 1462
1383 2 2 1 2 676 678 677
1384 2 2 1 2 559 1674 561
1385 2 2 1 2 1346 1874 1348
1386 2 2 1 2 238 2208 523
1387 2 2 1 2 471 2208 239
1388 2 2 1 2 1336 1730 1338
1389 2 2 1 2 1140 1746 1745
1390 2 2 1 2 2175 2209 523
1391 2 2 1 2 1187 1188 1131
1392 2 2 1 2 698 702 697
1393 2 2 1 2 1179 1650 1236
1394 2 2 1 2 1236 1474 1237
1395 2 2 1 2 1632 1634 1633
1396 2 2 1 2 523 2208 2177
1397 2 2 1 2 729 739 738
1398 2 2 1 2 703 944 700
1399 2 2 1 2 674 676 675
1400 2 2 1 2 696 697 683
1401 2 2 1 2 1789 1873 1787
1402 2 2 1 2 1703 1710 691
1403 2 2 1 2 1093 2034 2004
1404 2 2 1 2 1238 1444 1384
1405 2 2 1 2 1667 1668 1666
1406 2 2 1 2 1443 1573 1439
1407 2 2 1 2 378 1606 377
1408 2 2 1 2 913 1638 890
1409 2 2 1 2 739 740 738
1410 2 2 1 2 937 1650 1179
1411 2 2 1 2 1189 1216 1188
1412 2 2 1 2 756 1682 1203
1413 2 2 1 2 1217 1247 1216
1414 2 2 1 2 1384 1875 1211
1415 2 2 1 2 1377 2355 967
1416 2 2 1 2 875 1723 905
1417 2 2 1 2 1643 1644 1642
1418 2 2 1 2 900 920 899
1419 2 2 1 2 946 1683 1631
1420 2 2 1 2 1893 2092 2003
1421 2 2 1 2 1629 1875 1384
1422 2 2 1 2 310 492 309
1423 2 2 1 2 1433 2519 1432
1424 2 2 1 2 2002 2092 1895
1425 2 2 1 2 265 491 264
1426 2 2 1 2 374 490 373
1427 2 2 1 2 201 493 200
1428 2 2 1 2 517 1661 1660
1429 2 2 1 2 312 1659 514
1430 2 2 1 2 901 2006 937
1431 2 2 1 2 1673 1674 559
1432 2 2 1 2 1551 1552 1530
1433 2 2 1 2 1456 1540 1455
1434 2 2 1 2 517 1660 371
1435 2 2 1 2 1763 2012 1760
1436 2 2 1 2 703 1637 944
1437 2 2 1 2 682 683 681
1438 2 2 1 2 1712 1721 691
1439 2 2 1 2 1694 2293 2013
1440 2 2 1 2 916 1673 557
1441 2 2 1 2 921 942 920
1442 2 2 1 2 1437 1486 1435
1443 2 2 1 2 549 551 550
1444 2 2 1 2 1391 1392 1390
1445 2 2 1 2 2018 2352 1434
1446 2 2 1 2 962 965 964
1447 2 2 1 2 1111 1180 1167
1448 2 2 1 2 2021 2348 2020
1449 2 2 1 2 880 2348 2021
1450 2 2 1 2 561 874 563
1451 2 2 1 2 234 2310 2171
1452 2 2 1 2 946 1631 962
1453 2 2 1 2 702 1385 713
1454 2 2 1 2 1690 1743 1697
1455 2 2 1 2 1235 1432 1234
1456 2 2 1 2 1180 1225 1218
1457 2 2 1 2 1225 1366 1360
1458 2 2 1 2 1689 1743 1690
1459 2 2 1 2 1891 2280 1889
1460 2 2 1 2 569 1643 734
1461 2 2 1 2 1444 1544 1445
1462 2 2 1 2 1137 1138 1136
1463 2 2 1 2 1212 1238 1211
1464 2 2 1 2 2021 2363 880
1465 2 2 1 2 1238 1384 1211
1466 2 2 1 2 2359 2713 486
1467 2 2 1 2 1466 1468 1467
1468 2 2 1 2 2046 2351 935
1469 2 2 1 2 970 1117 1105
1470 2 2 1 2 759 1648 736
1471 2 2 1 2 312 514 311
1472 2 2 1 2 2004 2280 1093
1473 2 2 1 2 372 517 371
1474 2 2 1 2 263 518 262
1475 2 2 1 2 1179 1236 1223
1476 2 2 1 2 477 2439 255
1477 2 2 1 2 741 746 742
1478 2 2 1 2 2026 2372 2363
1479 2 2 1 2 1239 1672 1238
1480 2 2 1 2 1523 1622 1390
1481 2 2 1 2 1076 1085 1075
1482 2 2 1 2 523 2209 237
1483 2 2 1 2 236 2209 497
1484 2 2 1 2 497 2209 2174
1485 2 2 1 2 2121 2265 500
1486 2 2 1 2 557 1673 559
1487 2 2 1 2 2025 2387 881
1488 2 2 1 2 1235 1433 1432
1489 2 2 1 2 1190 1191 939
1490 2 2 1 2 1710 1712 691
1491 2 2 1 2 680 681 679
1492 2 2 1 2 800 2382 881
1493 2 2 1 2 817 2082 1099
1494 2 2 1 2 676 677 675
1495 2 2 1 2 734 741 735
1496 2 2 1 2 1385 1676 713
1497 2 2 1 2 203 520 202
1498 2 2 1 2 1182 2018 1235
1499 2 2 1 2 1698 2293 1694
1500 2 2 1 2 1630 2380 1464
1501 2 2 1 2 1379 1446 1380
1502 2 2 1 2 2061 2345 934
1503 2 2 1 2 1358 1365 1221
1504 2 2 1 2 267 1666 266
1505 2 2 1 2 909 2082 819
1506 2 2 1 2 1205 1221 1191
1507 2 2 1 2 1444 1445 1384
1508 2 2 1 2 2020 2348 2336
1509 2 2 1 2 678 679 677
1510 2 2 1 2 1085 1182 1181
1511 2 2 1 2 1231 1424 1230
1512 2 2 1 2 1182 1235 1234
1513 2 2 1 2 1435 1681 1433
1514 2 2 1 2 1350 1714 1352
1515 2 2 1 2 1202 1724 1139
1516 2 2 1 2 2034 2072 2004
1517 2 2 1 2 1486 1681 1435
1518 2 2 1 2 896 1077 895
1519 2 2 1 2 1662 1663 481
1520 2 2 1 2 1396 1731 1730
1521 2 2 1 2 1151 2308 1739
1522 2 2 1 2 1182 1234 1232
1523 2 2 1 2 551 553 552
1524 2 2 1 2 1740 1761 1759
1525 2 2 1 2 827 2089 1094
1526 2 2 1 2 969 2355 1111
1527 2 2 1 2 1446 1466 1447
1528 2 2 1 2 234 2171 233
1529 2 2 1 2 869 895 868
1530 2 2 1 2 908 2089 829
1531 2 2 1 2 474 2161 2159
1532 2 2 1 2 314 1684 482
1533 2 2 1 2 831 2087 908
1534 2 2 1 2 928 1145 927
1535 2 2 1 2 1102 2087 833
1536 2 2 1 2 835 2085 1102
1537 2 2 1 2 924 2085 837
1538 2 2 1 2 1366 1430 1429
1539 2 2 1 2 1389 1390 1248
1540 2 2 1 2 1465 1559 1425
1541 2 2 1 2 480 1689 260
1542 2 2 1 2 839 2077 924
1543 2 2 1 2 1087 1703 674
1544 2 2 1 2 1069 1745 1733
1545 2 2 1 2 1098 2077 841
1546 2 2 1 2 1621 2473 1602
1547 2 2 1 2 2068 2343 930
1548 2 2 1 2 923 2092 2075
1549 2 2 1 2 899 1723 875
1550 2 2 1 2 314 482 313
1551 2 2 1 2 1342 1726 1375
1552 2 2 1 2 2115 2121 500
1553 2 2 1 2 1726 1727 1375
1554 2 2 1 2 1496 1498 1365
1555 2 2 1 2 316 1757 513
1556 2 2 1 2 2023 2030 1990
1557 2 2 1 2 1241 1626 1185
1558 2 2 1 2 1235 2018 1434
1559 2 2 1 2 1086 2018 1085
1560 2 2 1 2 699 700 698
1561 2 2 1 2 370 481 369
1562 2 2 1 2 261 480 260
1563 2 2 1 2 1424 1688 1685
1564 2 2 1 2 700 1647 698
1565 2 2 1 2 1974 1982 1975
1566 2 2 1 2 480 1743 1689
1567 2 2 1 2 1518 1522 1520
1568 2 2 1 2 1568 1575 1566
1569 2 2 1 2 1231 1425 1424
1570 2 2 1 2 2166 2310 497
1571 2 2 1 2 474 2171 2161
1572 2 2 1 2 674 675 673
1573 2 2 1 2 911 912 890
1574 2 2 1 2 1074 1075 1073
1575 2 2 1 2 1093 2280 2062
1576 2 2 1 2 1732 2317 2010
1577 2 2 1 2 1201 1202 1139
1578 2 2 1 2 1430 1530 1529
1579 2 2 1 2 2083 2341 1099
1580 2 2 1 2 1135 1136 943
1581 2 2 1 2 1141 1230 1142
1582 2 2 1 2 1691 2013 515
1583 2 2 1 2 913 2362 1638
1584 2 2 1 2 918 927 898
1585 2 2 1 2 256 2293 477
1586 2 2 1 2 965 966 964
1587 2 2 1 2 1141 2014 1231
1588 2 2 1 2 1111 2355 1227
1589 2 2 1 2 1465 1560 1559
1590 2 2 1 2 922 2072 2034
1591 2 2 1 2 1852 1854 1853
1592 2 2 1 2 1243 2417 1242
1593 2 2 1 2 1141 1231 1230
1594 2 2 1 2 565 1463 567
1595 2 2 1 2 547 548 546
1596 2 2 1 2 311 1653 310
1597 2 2 1 2 1982 1998 1975
1598 2 2 1 2 1145 1630 927
1599 2 2 1 2 1972 1974 1973
1600 2 2 1 2 1533 1538 1498
1601 2 2 1 2 2010 2317 2007
1602 2 2 1 2 704 719 703
1603 2 2 1 2 720 725 719
1604 2 2 1 2 701 703 700
1605 2 2 1 2 726 730 725
1606 2 2 1 2 1077 1141 1078
1607 2 2 1 2 893 1130 938
1608 2 2 1 2 1076 1086 1085
1609 2 2 1 2 1754 1755 1737
1610 2 2 1 2 672 674 673
1611 2 2 1 2 1210 1211 1114
1612 2 2 1 2 266 1670 265
1613 2 2 1 2 1231 2014 1464
1614 2 2 1 2 2090 2342 1094
1615 2 2 1 2 869 896 895
1616 2 2 1 2 2199 2200 2196
1617 2 2 1 2 1085 1181 1075
1618 2 2 1 2 1750 1751 1748
1619 2 2 1 2 1974 1975 1973
1620 2 2 1 2 2005 2328 922
1621 2 2 1 2 2464 2512 1680
1622 2 2 1 2 205 483 204
1623 2 2 1 2 1234 1680 1376
1624 2 2 1 2 739 1194 743
1625 2 2 1 2 1715 1720 1714
1626 2 2 1 2 864 868 863
1627 2 2 1 2 1395 1729 1728
1628 2 2 1 2 500 2123 2115
1629 2 2 1 2 922 2328 2072
1630 2 2 1 2 497 2310 235
1631 2 2 1 2 1679 2014 1077
1632 2 2 1 2 870 900 899
1633 2 2 1 2 896 1679 1077
1634 2 2 1 2 1685 1686 1233
1635 2 2 1 2 1194 1722 743
1636 2 2 1 2 373 1655 372
1637 2 2 1 2 734 1643 1642
1638 2 2 1 2 1063 2308 1151
1639 2 2 1 2 1434 2352 1436
1640 2 2 1 2 1352 1462 1354
1641 2 2 1 2 233 2171 474
1642 2 2 1 2 211 2265 210
1643 2 2 1 2 1746 1747 1735
1644 2 2 1 2 2223 2398 2216
1645 2 2 1 2 2159 2211 474
1646 2 2 1 2 212 2123 500
1647 2 2 1 2 898 1679 896
1648 2 2 1 2 1694 2013 1691
1649 2 2 1 2 864 869 868
1650 2 2 1 2 744 745 736
1651 2 2 1 2 1970 1972 1971
1652 2 2 1 2 865 867 745
1653 2 2 1 2 889 890 867
1654 2 2 1 2 729 738 737
1655 2 2 1 2 733 736 730
1656 2 2 1 2 1746 1748 1747
1657 2 2 1 2 678 1721 680
1658 2 2 1 2 1765 2535 2505
1659 2 2 1 2 1112 1185 1109
1660 2 2 1 2 2198 2206 2199
1661 2 2 1 2 1230 1685 1233
1662 2 2 1 2 937 2006 1650
1663 2 2 1 2 1734 1754 1737
1664 2 2 1 2 1370 1714 1350
1665 2 2 1 2 569 734 684
1666 2 2 1 2 1373 1482 1374
1667 2 2 1 2 940 1115 941
1668 2 2 1 2 2363 2372 880
1669 2 2 1 2 1368 1601 1184
1670 2 2 1 2 857 2005 855
1671 2 2 1 2 713 729 728
1672 2 2 1 2 1482 1569 1483
1673 2 2 1 2 702 713 712
1674 2 2 1 2 1395 1728 1726
1675 2 2 1 2 2122 2265 2121
1676 2 2 1 2 749 753 751
1677 2 2 1 2 943 1675 942
1678 2 2 1 2 680 945 682
1679 2 2 1 2 1972 1973 1971
1680 2 2 1 2 855 2005 922
1681 2 2 1 2 1181 2309 1075
1682 2 2 1 2 676 691 678
1683 2 2 1 2 1852 1853 1851
1684 2 2 1 2 672 1087 674
1685 2 2 1 2 1432 1680 1234
1686 2 2 1 2 1551 1553 1552
1687 2 2 1 2 1849 1852 1851
1688 2 2 1 2 1352 1354 1353
1689 2 2 1 2 1688 2483 1082
1690 2 2 1 2 1074 1076 1075
1691 2 2 1 2 1889 2280 2004
1692 2 2 1 2 313 1659 312
1693 2 2 1 2 466 1877 1876
1694 2 2 1 2 1370 1715 1714
1695 2 2 1 2 1692 1741 1696
1696 2 2 1 2 1354 1373 1355
1697 2 2 1 2 230 2157 229
1698 2 2 1 2 1182 1232 1181
1699 2 2 1 2 371 1660 370
1700 2 2 1 2 1690 1697 1692
1701 2 2 1 2 1147 2320 679
1702 2 2 1 2 1968 1970 1969
1703 2 2 1 2 213 2123 212
1704 2 2 1 2 2003 2280 1891
1705 2 2 1 2 1220 1456 1455
1706 2 2 1 2 1340 1726 1342
1707 2 2 1 2 1733 1734 1144
1708 2 2 1 2 1348 1370 1350
1709 2 2 1 2 1424 1685 1230
1710 2 2 1 2 900 921 920
1711 2 2 1 2 1130 1187 1131
1712 2 2 1 2 229 2305 228
1713 2 2 1 2 942 1675 1378
1714 2 2 1 2 1072 1073 1071
1715 2 2 1 2 1350 1352 1351
1716 2 2 1 2 1212 1239 1238
1717 2 2 1 2 1661 1662 1660
1718 2 2 1 2 316 513 315
1719 2 2 1 2 1338 1730 1395
1720 2 2 1 2 1348 1350 1349
1721 2 2 1 2 524 2158 2152
1722 2 2 1 2 1210 1212 1211
1723 2 2 1 2 368 516 367
1724 2 2 1 2 259 515 258
1725 2 2 1 2 549 550 548
1726 2 2 1 2 918 928 927
1727 2 2 1 2 881 2382 2025
1728 2 2 1 2 1234 1376 1232
1729 2 2 1 2 1236 1237 1223
1730 2 2 1 2 1758 2012 1059
1731 2 2 1 2 2157 2305 229
1732 2 2 1 2 1970 1971 1969
1733 2 2 1 2 1697 1741 1692
1734 2 2 1 2 1733 1735 1734
1735 2 2 1 2 1706 1708 1704
1736 2 2 1 2 553 555 554
1737 2 2 1 2 680 1721 945
1738 2 2 1 2 691 1721 678
1739 2 2 1 2 1849 1851 1848
1740 2 2 1 2 1346 1348 1347
1741 2 2 1 2 1070 1071 1069
1742 2 2 1 2 1077 1078 895
1743 2 2 1 2 875 905 876
1744 2 2 1 2 1067 1733 1144
1745 2 2 1 2 1847 1849 1848
1746 2 2 1 2 944 1647 700
1747 2 2 1 2 1966 1968 1967
1748 2 2 1 2 2153 2158 2156
1749 2 2 1 2 1760 2012 1758
1750 2 2 1 2 1387 2309 1181
1751 2 2 1 2 1073 1140 1071
1752 2 2 1 2 1878 1879 1089
1753 2 2 1 2 1187 1189 1188
1754 2 2 1 2 1191 2362 939
1755 2 2 1 2 1847 1848 1846
1756 2 2 1 2 475 2147 2145
1757 2 2 1 2 862 863 861
1758 2 2 1 2 1118 1677 915
1759 2 2 1 2 679 2320 677
1760 2 2 1 2 868 1725 863
1761 2 2 1 2 214 2314 213
1762 2 2 1 2 1068 1069 1067
1763 2 2 1 2 1230 1233 1142
1764 2 2 1 2 210 2265 2263
1765 2 2 1 2 915 1192 873
1766 2 2 1 2 1964 1966 1965
1767 2 2 1 2 1968 1969 1967
1768 2 2 1 2 1139 1724 1138
1769 2 2 1 2 1328 2028 1382
1770 2 2 1 2 2152 2157 524
1771 2 2 1 2 931 940 932
1772 2 2 1 2 921 943 942
1773 2 2 1 2 1434 1435 1433
1774 2 2 1 2 696 699 698
1775 2 2 1 2 905 931 906
1776 2 2 1 2 1069 1733 1067
1777 2 2 1 2 1141 1142 1078
1778 2 2 1 2 1342 1375 1344
1779 2 2 1 2 860 861 859
1780 2 2 1 2 1690 1691 515
1781 2 2 1 2 1344 1346 1345
1782 2 2 1 2 1845 1847 1846
1783 2 2 1 2 524 2157 230
1784 2 2 1 2 2117 2118 2116
1785 2 2 1 2 1464 1465 1425
1786 2 2 1 2 1690 1692 1691
1787 2 2 1 2 315 1684 314
1788 2 2 1 2 1966 1967 1965
1789 2 2 1 2 1962 1964 1963
1790 2 2 1 2 2152 2158 2153
1791 2 2 1 2 260 1689 259
1792 2 2 1 2 1087 1704 1703
1793 2 2 1 2 1762 1763 1760
1794 2 2 1 2 207 519 206
1795 2 2 1 2 1114 1875 928
1796 2 2 1 2 500 2265 211
1797 2 2 1 2 213 2314 2123
1798 2 2 1 2 1960 1962 1961
1799 2 2 1 2 1395 1726 1340
1800 2 2 1 2 317 1757 316
1801 2 2 1 2 1066 1067 1065
1802 2 2 1 2 859 1878 1089
1803 2 2 1 2 2158 2211 2159
1804 2 2 1 2 551 552 550
1805 2 2 1 2 1137 1139 1138
1806 2 2 1 2 872 2337 757
1807 2 2 1 2 862 864 863
1808 2 2 1 2 227 2213 226
1809 2 2 1 2 1338 1395 1340
1810 2 2 1 2 1073 2309 1140
1811 2 2 1 2 945 1742 682
1812 2 2 1 2 1544 2491 1445
1813 2 2 1 2 1379 1380 1128
1814 2 2 1 2 529 2142 2140
1815 2 2 1 2 1211 1875 1114
1816 2 2 1 2 1716 1717 1715
1817 2 2 1 2 1217 1248 1247
1818 2 2 1 2 1964 1965 1963
1819 2 2 1 2 2161 2171 2163
1820 2 2 1 2 1072 1074 1073
1821 2 2 1 2 858 859 857
1822 2 2 1 2 2028 2325 2009
1823 2 2 1 2 1067 1144 1065
1824 2 2 1 2 1342 1344 1343
1825 2 2 1 2 1189 1217 1216
1826 2 2 1 2 1117 1186 1148
1827 2 2 1 2 2118 2120 2119
1828 2 2 1 2 466 1876 318
1829 2 2 1 2 1962 1963 1961
1830 2 2 1 2 1135 1137 1136
1831 2 2 1 2 1382 2028 2009
1832 2 2 1 2 1706 1709 1708
1833 2 2 1 2 897 898 896
1834 2 2 1 2 1845 1846 1844
1835 2 2 1 2 1228 2362 1191
1836 2 2 1 2 1064 1065 1063
1837 2 2 1 2 1531 1537 1532
1838 2 2 1 2 2114 2117 2116
1839 2 2 1 2 860 862 861
1840 2 2 1 2 2263 2264 467
1841 2 2 1 2 812 2412 2383
1842 2 2 1 2 2158 2159 2156
1843 2 2 1 2 1958 1960 1959
1844 2 2 1 2 863 1725 919
1845 2 2 1 2 1692 1696 1693
1846 2 2 1 2 1063 1151 1061
1847 2 2 1 2 1068 1070 1069
1848 2 2 1 2 1070 1072 1071
1849 2 2 1 2 858 860 859
1850 2 2 1 2 1340 1342 1341
1851 2 2 1 2 1334 1396 1336
1852 2 2 1 2 868 2332 1725
1853 2 2 1 2 317 1876 1757
1854 2 2 1 2 765 2047 763
1855 2 2 1 2 1960 1961 1959
1856 2 2 1 2 1077 2014 1141
1857 2 2 1 2 1392 2361 1524
1858 2 2 1 2 555 557 556
1859 2 2 1 2 915 1677 1192
1860 2 2 1 2 2145 2213 475
1861 2 2 1 2 1115 1207 1116
1862 2 2 1 2 1206 1240 1185
1863 2 2 1 2 1726 1728 1727
1864 2 2 1 2 1330 2007 1332
1865 2 2 1 2 1085 2018 1182
1866 2 2 1 2 794 2348 880
1867 2 2 1 2 1062 1063 1061
1868 2 2 1 2 1348 1349 1347
1869 2 2 1 2 557 559 558
1870 2 2 1 2 225 2212 224
1871 2 2 1 2 2007 2317 1332
1872 2 2 1 2 515 2013 258
1873 2 2 1 2 1057 2012 1150
1874 2 2 1 2 1352 1353 1351
1875 2 2 1 2 1350 1351 1349
1876 2 2 1 2 929 2047 765
1877 2 2 1 2 228 2305 475
1878 2 2 1 2 1695 1700 1699
1879 2 2 1 2 2229 2230 2226
1880 2 2 1 2 1956 1958 1957
1881 2 2 1 2 484 2137 2135
1882 2 2 1 2 1962 1989 1964
1883 2 2 1 2 1354 1355 1353
1884 2 2 1 2 257 2293 256
1885 2 2 1 2 822 2428 2414
1886 2 2 1 2 1396 1732 1731
1887 2 2 1 2 1338 1340 1339
1888 2 2 1 2 1326 2028 1328
1889 2 2 1 2 2114 2116 2115
1890 2 2 1 2 1066 1068 1067
1891 2 2 1 2 2017 2037 907
1892 2 2 1 2 863 919 861
1893 2 2 1 2 2415 2421 1682
1894 2 2 1 2 1436 1437 1435
1895 2 2 1 2 1954 1956 1955
1896 2 2 1 2 1958 1959 1957
1897 2 2 1 2 1373 1374 1355
1898 2 2 1 2 1087 2324 1705
1899 2 2 1 2 2324 2339 1705
1900 2 2 1 2 529 2213 2142
1901 2 2 1 2 232 2211 231
1902 2 2 1 2 531 2248 2247
1903 2 2 1 2 2140 2212 529
1904 2 2 1 2 473 2255 2254
1905 2 2 1 2 1393 2361 1392
1906 2 2 1 2 856 857 855
1907 2 2 1 2 1952 1954 1953
1908 2 2 1 2 2008 2010 2007
1909 2 2 1 2 1336 1338 1337
1910 2 2 1 2 1482 1483 1374
1911 2 2 1 2 1071 1745 1069
1912 2 2 1 2 1346 1347 1345
1913 2 2 1 2 1078 2332 895
1914 2 2 1 2 1956 1957 1955
1915 2 2 1 2 917 918 898
1916 2 2 1 2 2199 2201 2200
1917 2 2 1 2 1060 1061 1059
1918 2 2 1 2 475 2213 227
1919 2 2 1 2 226 2213 529
1920 2 2 1 2 2026 2027 1394
1921 2 2 1 2 1842 1844 1841
1922 2 2 1 2 2029 2399 2389
1923 2 2 1 2 2118 2119 2116
1924 2 2 1 2 1950 1952 1951
1925 2 2 1 2 1396 2317 1732
1926 2 2 1 2 1059 2012 1057
1927 2 2 1 2 1334 2317 1396
1928 2 2 1 2 1207 1245 1214
1929 2 2 1 2 1735 1754 1734
1930 2 2 1 2 2053 2054 910
1931 2 2 1 2 1842 1845 1844
1932 2 2 1 2 475 2305 2147
1933 2 2 1 2 1382 2008 2007
1934 2 2 1 2 1061 1758 1059
1935 2 2 1 2 2174 2209 2175
1936 2 2 1 2 856 858 857
1937 2 2 1 2 2227 2229 2226
1938 2 2 1 2 1151 1759 1758
1939 2 2 1 2 2051 2052 1104
1940 2 2 1 2 1324 2019 1326
1941 2 2 1 2 1334 1336 1335
1942 2 2 1 2 1382 2007 1330
1943 2 2 1 2 2109 2110 2108
1944 2 2 1 2 1064 1066 1065
1945 2 2 1 2 1954 1955 1953
1946 2 2 1 2 1057 1150 1055
1947 2 2 1 2 1853 1857 1851
1948 2 2 1 2 1058 1059 1057
1949 2 2 1 2 1848 1856 1846
1950 2 2 1 2 2107 2112 468
1951 2 2 1 2 1734 1737 1736
1952 2 2 1 2 215 2173 468
1953 2 2 1 2 1503 1531 1504
1954 2 2 1 2 946 962 961
1955 2 2 1 2 1952 1953 1951
1956 2 2 1 2 1332 1334 1333
1957 2 2 1 2 1328 1382 1330
1958 2 2 1 2 1316 2024 1394
1959 2 2 1 2 1056 1057 1055
1960 2 2 1 2 2024 2025 1394
1961 2 2 1 2 468 2173 2107
1962 2 2 1 2 859 1089 857
1963 2 2 1 2 2219 2220 2217
1964 2 2 1 2 1054 1055 1053
1965 2 2 1 2 1089 2005 857
1966 2 2 1 2 223 2210 222
1967 2 2 1 2 484 2212 2137
1968 2 2 1 2 1468 1469 1467
1969 2 2 1 2 2042 2050 933
1970 2 2 1 2 672 2324 1087
1971 2 2 1 2 2219 2221 2220
1972 2 2 1 2 2177 2208 2180
1973 2 2 1 2 1948 1950 1949
1974 2 2 1 2 2135 2210 484
1975 2 2 1 2 858 2306 860
1976 2 2 1 2 1736 2308 1144
1977 2 2 1 2 1677 1678 1192
1978 2 2 1 2 2019 2028 1326
1979 2 2 1 2 1712 2427 1721
1980 2 2 1 2 1052 1053 1051
1981 2 2 1 2 1062 1064 1063
1982 2 2 1 2 756 1203 871
1983 2 2 1 2 734 735 684
1984 2 2 1 2 1768 2277 1870
1985 2 2 1 2 670 672 671
1986 2 2 1 2 1386 2033 2021
1987 2 2 1 2 1322 2033 1386
1988 2 2 1 2 1950 1951 1949
1989 2 2 1 2 224 2212 484
1990 2 2 1 2 529 2212 225
1991 2 2 1 2 2106 2109 2108
1992 2 2 1 2 1312 2029 1399
1993 2 2 1 2 672 673 671
1994 2 2 1 2 1946 1948 1947
1995 2 2 1 2 1952 1988 1954
1996 2 2 1 2 1330 1332 1331
1997 2 2 1 2 534 2132 2130
1998 2 2 1 2 1186 1243 1242
1999 2 2 1 2 1065 2308 1063
2000 2 2 1 2 860 2306 887
2001 2 2 1 2 1051 1153 1049
2002 2 2 1 2 1386 2020 2019
2003 2 2 1 2 1944 1946 1945
2004 2 2 1 2 2247 2249 320
2005 2 2 1 2 2027 2033 1320
2006 2 2 1 2 1770 2277 1768
2007 2 2 1 2 2225 2226 2222
2008 2 2 1 2 1386 2019 1324
2009 2 2 1 2 2202 2203 2200
2010 2 2 1 2 1344 1345 1343
2011 2 2 1 2 677 707 675
2012 2 2 1 2 1942 1944 1943
2013 2 2 1 2 683 1744 681
2014 2 2 1 2 474 2211 232
2015 2 2 1 2 231 2211 524
2016 2 2 1 2 668 670 669
2017 2 2 1 2 2202 2204 2203
2018 2 2 1 2 2201 2202 2200
2019 2 2 1 2 1322 1386 1324
2020 2 2 1 2 1394 2027 1318
2021 2 2 1 2 1840 1841 1839
2022 2 2 1 2 1328 1330 1329
2023 2 2 1 2 1940 1942 1941
2024 2 2 1 2 2025 2026 1394
2025 2 2 1 2 1948 1949 1947
2026 2 2 1 2 2182 2207 2185
2027 2 2 1 2 216 2173 215
2028 2 2 1 2 1838 1839 1837
2029 2 2 1 2 524 2211 2158
2030 2 2 1 2 1050 1051 1049
2031 2 2 1 2 1512 2405 1256
2032 2 2 1 2 670 671 669
2033 2 2 1 2 664 2035 1091
2034 2 2 1 2 1706 2031 1709
2035 2 2 1 2 1326 1328 1327
2036 2 2 1 2 1385 2472 1676
2037 2 2 1 2 1946 1947 1945
2038 2 2 1 2 1314 2024 1316
2039 2 2 1 2 1389 1391 1390
2040 2 2 1 2 2106 2108 2107
2041 2 2 1 2 854 855 853
2042 2 2 1 2 662 2035 664
2043 2 2 1 2 1048 1049 1047
2044 2 2 1 2 1700 1701 1699
2045 2 2 1 2 1938 1940 1939
2046 2 2 1 2 464 2261 2260
2047 2 2 1 2 363 2254 2253
2048 2 2 1 2 1399 2387 2024
2049 2 2 1 2 854 856 855
2050 2 2 1 2 1973 2022 1990
2051 2 2 1 2 1944 1945 1943
2052 2 2 1 2 1841 1855 1839
2053 2 2 1 2 1318 2027 1320
2054 2 2 1 2 2159 2160 2156
2055 2 2 1 2 1998 1999 1975
2056 2 2 1 2 1046 1047 1045
2057 2 2 1 2 1942 1943 1941
2058 2 2 1 2 534 2210 2132
2059 2 2 1 2 666 668 667
2060 2 2 1 2 922 2034 853
2061 2 2 1 2 1324 1326 1325
2062 2 2 1 2 1762 1765 1764
2063 2 2 1 2 1940 1941 1939
2064 2 2 1 2 210 2263 209
2065 2 2 1 2 209 2263 467
2066 2 2 1 2 1342 1343 1341
2067 2 2 1 2 531 2247 321
2068 2 2 1 2 321 2247 320
2069 2 2 1 2 855 922 853
2070 2 2 1 2 1322 1324 1323
2071 2 2 1 2 222 2210 534
2072 2 2 1 2 484 2210 223
2073 2 2 1 2 2130 2172 534
2074 2 2 1 2 2218 2219 2217
2075 2 2 1 2 1045 1156 1043
2076 2 2 1 2 1705 2339 1707
2077 2 2 1 2 2101 2124 2104
2078 2 2 1 2 856 2268 947
2079 2 2 1 2 1306 2038 2036
2080 2 2 1 2 1936 1938 1937
2081 2 2 1 2 1310 2029 1312
2082 2 2 1 2 1946 1987 1948
2083 2 2 1 2 1320 1322 1321
2084 2 2 1 2 1316 1394 1318
2085 2 2 1 2 668 669 667
2086 2 2 1 2 1320 2033 1322
2087 2 2 1 2 2193 2195 2194
2088 2 2 1 2 664 666 665
2089 2 2 1 2 2101 2104 2102
2090 2 2 1 2 1836 1837 1835
2091 2 2 1 2 1838 1840 1839
2092 2 2 1 2 853 2034 851
2093 2 2 1 2 2193 2194 2190
2094 2 2 1 2 1840 1842 1841
2095 2 2 1 2 2111 2114 2113
2096 2 2 1 2 1044 1045 1043
2097 2 2 1 2 1938 1939 1937
2098 2 2 1 2 1308 2036 1400
2099 2 2 1 2 1151 1758 1061
2100 2 2 1 2 1370 1716 1715
2101 2 2 1 2 1399 2024 1314
2102 2 2 1 2 2101 2102 2100
2103 2 2 1 2 1060 1062 1061
2104 2 2 1 2 1312 1399 1314
2105 2 2 1 2 362 2253 526
2106 2 2 1 2 363 2253 362
2107 2 2 1 2 854 2268 856
2108 2 2 1 2 2171 2310 2163
2109 2 2 1 2 1042 1043 1041
2110 2 2 1 2 468 2314 214
2111 2 2 1 2 1412 2289 1258
2112 2 2 1 2 662 664 663
2113 2 2 1 2 2216 2217 2205
2114 2 2 1 2 1934 1936 1935
2115 2 2 1 2 1318 1320 1319
2116 2 2 1 2 1052 1054 1053
2117 2 2 1 2 2142 2213 2145
2118 2 2 1 2 1302 2043 1398
2119 2 2 1 2 469 2127 2125
2120 2 2 1 2 1734 1736 1144
2121 2 2 1 2 1940 1986 1942
2122 2 2 1 2 1040 1041 1039
2123 2 2 1 2 1836 1838 1837
2124 2 2 1 2 1091 2032 666
2125 2 2 1 2 1316 1318 1317
2126 2 2 1 2 2188 2191 2186
2127 2 2 1 2 221 2172 220
2128 2 2 1 2 1932 1934 1933
2129 2 2 1 2 666 2032 668
2130 2 2 1 2 1446 1447 1380
2131 2 2 1 2 1039 1157 1037
2132 2 2 1 2 1936 1937 1935
2133 2 2 1 2 1400 2029 1310
2134 2 2 1 2 318 1876 317
2135 2 2 1 2 1382 2009 2008
2136 2 2 1 2 2110 2111 2108
2137 2 2 1 2 498 2242 2241
2138 2 2 1 2 668 2032 695
2139 2 2 1 2 1314 1316 1315
2140 2 2 1 2 1308 1400 1310
2141 2 2 1 2 1416 1422 1415
2142 2 2 1 2 754 946 761
2143 2 2 1 2 666 667 665
2144 2 2 1 2 668 695 670
2145 2 2 1 2 2081 2082 909
2146 2 2 1 2 1834 1835 1833
2147 2 2 1 2 1934 1935 1933
2148 2 2 1 2 1692 1693 1691
2149 2 2 1 2 1035 1159 1033
2150 2 2 1 2 937 1179 1178
2151 2 2 1 2 1054 1056 1055
2152 2 2 1 2 2137 2212 2140
2153 2 2 1 2 217 2303 216
2154 2 2 1 2 709 2065 663
2155 2 2 1 2 664 1091 666
2156 2 2 1 2 1930 1932 1931
2157 2 2 1 2 1056 1058 1057
2158 2 2 1 2 694 2035 662
2159 2 2 1 2 1304 2038 1306
2160 2 2 1 2 469 2125 2098
2161 2 2 1 2 1739 2308 1736
2162 2 2 1 2 2103 2124 2101
2163 2 2 1 2 2099 2101 2100
2164 2 2 1 2 660 662 661
2165 2 2 1 2 1038 1039 1037
2166 2 2 1 2 2225 2227 2226
2167 2 2 1 2 851 2034 1093
2168 2 2 1 2 2102 2106 2105
2169 2 2 1 2 319 2249 466
2170 2 2 1 2 320 2249 319
2171 2 2 1 2 664 665 663
2172 2 2 1 2 478 2245 2244
2173 2 2 1 2 1036 1037 1035
2174 2 2 1 2 1312 1314 1313
2175 2 2 1 2 1306 2036 1308
2176 2 2 1 2 662 663 661
2177 2 2 1 2 1928 1930 1929
2178 2 2 1 2 1932 1933 1931
2179 2 2 1 2 2192 2193 2190
2180 2 2 1 2 2183 2184 2181
2181 2 2 1 2 1296 2057 2056
2182 2 2 1 2 1034 1035 1033
2183 2 2 1 2 216 2303 2173
2184 2 2 1 2 1095 2049 658
2185 2 2 1 2 1058 1060 1059
2186 2 2 1 2 1934 1985 1936
2187 2 2 1 2 1832 1833 1831
2188 2 2 1 2 663 2065 661
2189 2 2 1 2 1300 2043 1302
2190 2 2 1 2 1926 1928 1927
2191 2 2 1 2 1031 1160 1029
2192 2 2 1 2 1930 1931 1929
2193 2 2 1 2 1769 1772 1771
2194 2 2 1 2 1310 1312 1311
2195 2 2 1 2 1050 1052 1051
2196 2 2 1 2 1046 1048 1047
2197 2 2 1 2 326 2259 533
2198 2 2 1 2 327 2259 326
2199 2 2 1 2 330 2241 2240
2200 2 2 1 2 1969 1991 1967
2201 2 2 1 2 1032 1033 1031
2202 2 2 1 2 2189 2190 2188
2203 2 2 1 2 852 853 851
2204 2 2 1 2 1075 2309 1073
2205 2 2 1 2 1386 2021 2020
2206 2 2 1 2 1759 1760 1758
2207 2 2 1 2 2132 2210 2135
2208 2 2 1 2 364 2254 363
2209 2 2 1 2 473 2254 364
2210 2 2 1 2 1298 2056 1402
2211 2 2 1 2 1924 1926 1925
2212 2 2 1 2 920 2392 899
2213 2 2 1 2 1398 2039 2038
2214 2 2 1 2 1928 1929 1927
2215 2 2 1 2 2187 2214 2189
2216 2 2 1 2 2099 2100 525
2217 2 2 1 2 2127 2128 2126
2218 2 2 1 2 1292 2063 1401
2219 2 2 1 2 1308 1310 1309
2220 2 2 1 2 2178 2179 2176
2221 2 2 1 2 1398 2038 1304
2222 2 2 1 2 464 2260 328
2223 2 2 1 2 2125 2127 2126
2224 2 2 1 2 1030 1031 1029
2225 2 2 1 2 847 2062 923
2226 2 2 1 2 1834 1836 1835
2227 2 2 1 2 1973 1990 1971
2228 2 2 1 2 850 851 849
2229 2 2 1 2 660 694 662
2230 2 2 1 2 220 2172 469
2231 2 2 1 2 534 2172 221
2232 2 2 1 2 1922 1924 1923
2233 2 2 1 2 1306 1308 1307
2234 2 2 1 2 1391 1393 1392
2235 2 2 1 2 1926 1927 1925
2236 2 2 1 2 661 2065 948
2237 2 2 1 2 1302 1398 1304
2238 2 2 1 2 1027 1161 1025
2239 2 2 1 2 1832 1834 1833
2240 2 2 1 2 327 2260 2259
2241 2 2 1 2 2187 2188 2186
2242 2 2 1 2 2099 2103 2101
2243 2 2 1 2 1924 1925 1923
2244 2 2 1 2 1028 1029 1027
2245 2 2 1 2 2185 2186 2183
2246 2 2 1 2 1408 2286 1262
2247 2 2 1 2 2088 2089 908
2248 2 2 1 2 1776 1779 1778
2249 2 2 1 2 1298 1402 1300
2250 2 2 1 2 1402 2043 1300
2251 2 2 1 2 2128 2129 2126
2252 2 2 1 2 661 948 659
2253 2 2 1 2 1294 2057 1296
2254 2 2 1 2 329 2240 464
2255 2 2 1 2 330 2240 329
2256 2 2 1 2 657 2064 721
2257 2 2 1 2 1048 1050 1049
2258 2 2 1 2 1830 1831 1829
2259 2 2 1 2 1920 1922 1921
2260 2 2 1 2 1040 1042 1041
2261 2 2 1 2 1340 1341 1339
2262 2 2 1 2 1304 1306 1305
2263 2 2 1 2 702 712 697
2264 2 2 1 2 2159 2161 2160
2265 2 2 1 2 1026 1027 1025
2266 2 2 1 2 1296 2056 1298
2267 2 2 1 2 1044 1046 1045
2268 2 2 1 2 1918 1920 1919
2269 2 2 1 2 1922 1923 1921
2270 2 2 1 2 2167 2168 2164
2271 2 2 1 2 1023 1162 1021
2272 2 2 1 2 2167 2169 2168
2273 2 2 1 2 850 852 851
2274 2 2 1 2 1286 2070 2069
2275 2 2 1 2 1024 1025 1023
2276 2 2 1 2 2098 2099 525
2277 2 2 1 2 1290 2063 1292
2278 2 2 1 2 1302 1304 1303
2279 2 2 1 2 2189 2214 2197
2280 2 2 1 2 1916 1918 1917
2281 2 2 1 2 848 849 847
2282 2 2 1 2 1783 1786 1785
2283 2 2 1 2 2182 2183 2181
2284 2 2 1 2 1336 1337 1335
2285 2 2 1 2 2162 2165 2160
2286 2 2 1 2 671 708 669
2287 2 2 1 2 1300 1302 1301
2288 2 2 1 2 2180 2181 2178
2289 2 2 1 2 1920 1921 1919
2290 2 2 1 2 852 2267 854
2291 2 2 1 2 1914 1916 1915
2292 2 2 1 2 1338 1339 1337
2293 2 2 1 2 2086 2087 1102
2294 2 2 1 2 852 854 853
2295 2 2 1 2 1022 1023 1021
2296 2 2 1 2 851 1093 849
2297 2 2 1 2 1288 2069 1406
2298 2 2 1 2 463 2252 2251
2299 2 2 1 2 1401 2058 2057
2300 2 2 1 2 1334 1335 1333
2301 2 2 1 2 1918 1919 1917
2302 2 2 1 2 1401 2057 1294
2303 2 2 1 2 1282 2073 1404
2304 2 2 1 2 1830 1832 1831
2305 2 2 1 2 333 2243 332
2306 2 2 1 2 332 2243 498
2307 2 2 1 2 1298 1300 1299
2308 2 2 1 2 1847 1850 1849
2309 2 2 1 2 1042 1044 1043
2310 2 2 1 2 1916 1917 1915
2311 2 2 1 2 1912 1914 1913
2312 2 2 1 2 948 2064 659
2313 2 2 1 2 1292 1401 1294
2314 2 2 1 2 2102 2105 2100
2315 2 2 1 2 2177 2178 2176
2316 2 2 1 2 1034 1036 1035
2317 2 2 1 2 469 2172 2127
2318 2 2 1 2 1965 2015 1963
2319 2 2 1 2 746 1756 747
2320 2 2 1 2 478 2244 334
2321 2 2 1 2 2175 2176 2170
2322 2 2 1 2 2161 2162 2160
2323 2 2 1 2 660 661 659
2324 2 2 1 2 1296 1298 1297
2325 2 2 1 2 1020 1021 1019
2326 2 2 1 2 1914 1915 1913
2327 2 2 1 2 1828 1829 1827
2328 2 2 1 2 1038 1040 1039
2329 2 2 1 2 1406 2063 1290
2330 2 2 1 2 2078 2085 924
2331 2 2 1 2 1332 1333 1331
2332 2 2 1 2 1288 1406 1290
2333 2 2 1 2 848 850 849
2334 2 2 1 2 331 2241 330
2335 2 2 1 2 498 2241 331
2336 2 2 1 2 1910 1912 1911
2337 2 2 1 2 746 747 742
2338 2 2 1 2 1284 2070 1286
2339 2 2 1 2 333 2244 2243
2340 2 2 1 2 2013 2293 257
2341 2 2 1 2 1916 1984 1918
2342 2 2 1 2 1322 1323 1321
2343 2 2 1 2 1032 1034 1033
2344 2 2 1 2 1410 2074 1276
2345 2 2 1 2 1017 1163 1015
2346 2 2 1 2 1018 1019 1017
2347 2 2 1 2 2153 2154 2150
2348 2 2 1 2 1294 1296 1295
2349 2 2 1 2 658 660 659
2350 2 2 1 2 2202 2205 2204
2351 2 2 1 2 1030 1032 1031
2352 2 2 1 2 2166 2167 2164
2353 2 2 1 2 1908 1910 1909
2354 2 2 1 2 1286 2069 1288
2355 2 2 1 2 1912 1913 1911
2356 2 2 1 2 1292 1294 1293
2357 2 2 1 2 1328 1329 1327
2358 2 2 1 2 923 2075 845
2359 2 2 1 2 2153 2155 2154
2360 2 2 1 2 2098 2125 2099
2361 2 2 1 2 1016 1017 1015
2362 2 2 1 2 892 2267 852
2363 2 2 1 2 1013 1165 1011
2364 2 2 1 2 1414 2271 1268
2365 2 2 1 2 2163 2164 2162
2366 2 2 1 2 1290 1292 1291
2367 2 2 1 2 1906 1908 1907
2368 2 2 1 2 1316 1317 1315
2369 2 2 1 2 2133 2134 2131
2370 2 2 1 2 846 847 845
2371 2 2 1 2 1014 1015 1013
2372 2 2 1 2 2148 2151 2146
2373 2 2 1 2 1910 1911 1909
2374 2 2 1 2 1362 1364 1240
2375 2 2 1 2 1280 2073 1282
2376 2 2 1 2 1028 1030 1029
2377 2 2 1 2 1036 1038 1037
2378 2 2 1 2 1828 1830 1829
2379 2 2 1 2 1904 1906 1905
2380 2 2 1 2 1959 1992 1957
2381 2 2 1 2 462 2239 2238
2382 2 2 1 2 845 2075 843
2383 2 2 1 2 847 923 845
2384 2 2 1 2 1908 1909 1907
2385 2 2 1 2 850 2266 892
2386 2 2 1 2 2138 2139 2136
2387 2 2 1 2 1404 2071 2070
2388 2 2 1 2 1288 1290 1289
2389 2 2 1 2 1258 2289 1260
2390 2 2 1 2 658 2049 660
2391 2 2 1 2 1012 1013 1011
2392 2 2 1 2 2127 2172 2130
2393 2 2 1 2 1404 2070 1284
2394 2 2 1 2 2143 2144 2141
2395 2 2 1 2 1906 1907 1905
2396 2 2 1 2 846 848 847
2397 2 2 1 2 2076 2077 1098
2398 2 2 1 2 1411 2091 1272
2399 2 2 1 2 1826 1827 1825
2400 2 2 1 2 1282 1404 1284
2401 2 2 1 2 1026 1028 1027
2402 2 2 1 2 1231 1464 1425
2403 2 2 1 2 1286 1288 1287
2404 2 2 1 2 848 2266 850
2405 2 2 1 2 1024 1026 1025
2406 2 2 1 2 1902 1904 1903
2407 2 2 1 2 849 2062 847
2408 2 2 1 2 1022 1024 1023
2409 2 2 1 2 1904 1905 1903
2410 2 2 1 2 339 2250 496
2411 2 2 1 2 340 2250 339
2412 2 2 1 2 1906 1983 1908
2413 2 2 1 2 1278 1407 1280
2414 2 2 1 2 1407 2073 1280
2415 2 2 1 2 1272 2091 1274
2416 2 2 1 2 2267 2268 854
2417 2 2 1 2 1284 1286 1285
2418 2 2 1 2 2193 2196 2195
2419 2 2 1 2 1276 2074 1278
2420 2 2 1 2 463 2251 341
2421 2 2 1 2 2152 2153 2150
2422 2 2 1 2 846 2093 949
2423 2 2 1 2 1274 2091 1410
2424 2 2 1 2 1282 1284 1283
2425 2 2 1 2 328 2260 327
2426 2 2 1 2 470 2096 2095
2427 2 2 1 2 2149 2150 2148
2428 2 2 1 2 1900 1902 1901
2429 2 2 1 2 340 2251 2250
2430 2 2 1 2 1280 1282 1281
2431 2 2 1 2 846 949 848
2432 2 2 1 2 1010 1011 1009
2433 2 2 1 2 1020 1022 1021
2434 2 2 1 2 1278 2074 1407
2435 2 2 1 2 1902 1903 1901
2436 2 2 1 2 1963 1976 1961
2437 2 2 1 2 1274 1410 1276
2438 2 2 1 2 844 845 843
2439 2 2 1 2 1824 1825 1823
2440 2 2 1 2 843 2075 1098
2441 2 2 1 2 1314 1315 1313
2442 2 2 1 2 2147 2148 2146
2443 2 2 1 2 1318 1319 1317
2444 2 2 1 2 1310 1311 1309
2445 2 2 1 2 2145 2146 2143
2446 2 2 1 2 1320 1321 1319
2447 2 2 1 2 1312 1313 1311
2448 2 2 1 2 344 2237 521
2449 2 2 1 2 345 2237 344
2450 2 2 1 2 1308 1309 1307
2451 2 2 1 2 1324 1325 1323
2452 2 2 1 2 462 2238 346
2453 2 2 1 2 659 2064 657
2454 2 2 1 2 1806 1809 1808
2455 2 2 1 2 1900 1901 1899
2456 2 2 1 2 1012 1014 1013
2457 2 2 1 2 1306 1307 1305
2458 2 2 1 2 843 1098 841
2459 2 2 1 2 1278 1280 1279
2460 2 2 1 2 2219 2222 2221
2461 2 2 1 2 345 2238 2237
2462 2 2 1 2 842 843 841
2463 2 2 1 2 1302 1303 1301
2464 2 2 1 2 1016 1018 1017
2465 2 2 1 2 1898 1900 1899
2466 2 2 1 2 1268 2271 1270
2467 2 2 1 2 334 2244 333
2468 2 2 1 2 1018 1020 1019
2469 2 2 1 2 949 2266 848
2470 2 2 1 2 1014 1016 1015
2471 2 2 1 2 811 930 809
2472 2 2 1 2 349 2094 522
2473 2 2 1 2 350 2094 349
2474 2 2 1 2 793 933 791
2475 2 2 1 2 2142 2143 2141
2476 2 2 1 2 1007 1166 1005
2477 2 2 1 2 1292 1293 1291
2478 2 2 1 2 1008 1009 1007
2479 2 2 1 2 839 924 837
2480 2 2 1 2 470 2095 351
2481 2 2 1 2 350 2095 2094
2482 2 2 1 2 2140 2141 2138
2483 2 2 1 2 1929 2066 1927
2484 2 2 1 2 1298 1299 1297
2485 2 2 1 2 341 2251 340
2486 2 2 1 2 656 1095 658
2487 2 2 1 2 1300 1301 1299
2488 2 2 1 2 1276 1278 1277
2489 2 2 1 2 844 846 845
2490 2 2 1 2 1326 1327 1325
2491 2 2 1 2 1296 1297 1295
2492 2 2 1 2 817 1099 815
2493 2 2 1 2 2167 2170 2169
2494 2 2 1 2 842 844 843
2495 2 2 1 2 1290 1291 1289
2496 2 2 1 2 665 709 663
2497 2 2 1 2 346 2238 345
2498 2 2 1 2 1288 1289 1287
2499 2 2 1 2 1935 2059 1933
2500 2 2 1 2 2137 2138 2136
2501 2 2 1 2 351 2095 350
2502 2 2 1 2 827 1094 825
2503 2 2 1 2 1282 1283 1281
2504 2 2 1 2 1294 1295 1293
2505 2 2 1 2 533 2256 325
2506 2 2 1 2 342 2097 463
2507 2 2 1 2 343 2097 342
2508 2 2 1 2 356 2233 485
2509 2 2 1 2 526 2236 361
2510 2 2 1 2 357 2233 356
2511 2 2 1 2 218 2098 525
2512 2 2 1 2 359 2262 358
2513 2 2 1 2 231 524 230
2514 2 2 1 2 236 497 235
2515 2 2 1 2 348 2232 347
2516 2 2 1 2 358 2262 535
2517 2 2 1 2 347 2232 462
2518 2 2 1 2 361 2236 360
2519 2 2 1 2 219 2098 218
2520 2 2 1 2 248 499 247
2521 2 2 1 2 251 476 250
2522 2 2 1 2 253 528 252
2523 2 2 1 2 256 477 255
2524 2 2 1 2 352 470 351
2525 2 2 1 2 355 2234 354
2526 2 2 1 2 360 479 359
2527 2 2 1 2 362 526 361
2528 2 2 1 2 365 473 364
2529 2 2 1 2 322 531 321
2530 2 2 1 2 522 2232 348
2531 2 2 1 2 325 2256 324
2532 2 2 1 2 521 2097 343
2533 2 2 1 2 222 534 221
2534 2 2 1 2 354 2234 530
2535 2 2 1 2 224 484 223
2536 2 2 1 2 344 521 343
2537 2 2 1 2 479 2262 359
2538 2 2 1 2 326 533 325
2539 2 2 1 2 535 2233 357
2540 2 2 1 2 496 2246 338
2541 2 2 1 2 532 2257 336
2542 2 2 1 2 349 522 348
2543 2 2 1 2 339 496 338
2544 2 2 1 2 360 2236 479
2545 2 2 1 2 337 2246 532
2546 2 2 1 2 322 2258 531
2547 2 2 1 2 337 532 336
2548 2 2 1 2 342 463 341
2549 2 2 1 2 347 462 346
2550 2 2 1 2 233 474 232
2551 2 2 1 2 336 2257 335
2552 2 2 1 2 319 466 318
2553 2 2 1 2 324 465 323
2554 2 2 1 2 329 464 328
2555 2 2 1 2 332 498 331
2556 2 2 1 2 335 478 334
2557 2 2 1 2 338 2246 337
2558 2 2 1 2 354 530 353
2559 2 2 1 2 356 485 355
2560 2 2 1 2 358 535 357
2561 2 2 1 2 485 2234 355
2562 2 2 1 2 324 2256 465
2563 2 2 1 2 238 523 237
2564 2 2 1 2 209 467 208
2565 2 2 1 2 212 500 211
2566 2 2 1 2 215 468 214
2567 2 2 1 2 218 525 217
2568 2 2 1 2 220 469 219
2569 2 2 1 2 226 529 225
2570 2 2 1 2 228 475 227
2571 2 2 1 2 240 471 239
2572 2 2 1 2 242 527 241
2573 2 2 1 2 245 472 244
2574 2 2 1 2 335 2257 478
2575 2 2 1 2 530 2235 353
2576 2 2 1 2 469 2098 219
2577 2 2 1 2 352 2235 470
2578 2 2 1 2 465 2258 323
2579 2 2 1 2 323 2258 322
2580 2 2 1 2 353 2235 352
2581 2 2 1 2 1286 1287 1285
2582 2 2 1 2 821 909 819
2583 2 2 1 2 1913 1996 1911
2584 2 2 1 2 831 908 829
2585 2 2 1 2 835 1102 833
2586 2 2 1 2 1923 1995 1921
2587 2 2 1 2 1824 1826 1825
2588 2 2 1 2 1826 1828 1827
2589 2 2 1 2 1898 1899 1897
2590 2 2 1 2 2153 2156 2155
2591 2 2 1 2 1822 1823 1821
2592 2 2 1 2 1010 1012 1011
2593 2 2 1 2 1919 2079 1917
2594 2 2 1 2 1909 1997 1907
2595 2 2 1 2 1284 1285 1283
2596 2 2 1 2 1927 1980 1925
2597 2 2 1 2 1304 1305 1303
2598 2 2 1 2 1917 1981 1915
2599 2 2 1 2 1905 2000 1903
2600 2 2 1 2 1003 1168 1001
2601 2 2 1 2 693 2269 654
2602 2 2 1 2 1270 1411 1272
2603 2 2 1 2 1817 1820 1819
2604 2 2 1 2 656 2269 1095
2605 2 2 1 2 840 841 839
2606 2 2 1 2 654 2269 656
2607 2 2 1 2 2135 2136 2133
2608 2 2 1 2 1901 2001 1899
2609 2 2 1 2 1006 1007 1005
2610 2 2 1 2 1274 1276 1275
2611 2 2 1 2 1280 1281 1279
2612 2 2 1 2 856 947 858
2613 2 2 1 2 1592 1595 1594
2614 2 2 1 2 1939 1978 1937
2615 2 2 1 2 1933 1979 1931
2616 2 2 1 2 2163 2166 2164
2617 2 2 1 2 2149 2152 2150
2618 2 2 1 2 2161 2163 2162
2619 2 2 1 2 2185 2187 2186
2620 2 2 1 2 1896 1898 1897
2621 2 2 1 2 2175 2177 2176
2622 2 2 1 2 2145 2147 2146
2623 2 2 1 2 1262 2286 1264
2624 2 2 1 2 844 2093 846
2625 2 2 1 2 2130 2131 2128
2626 2 2 1 2 805 934 803
2627 2 2 1 2 1941 2044 1939
2628 2 2 1 2 840 842 841
2629 2 2 1 2 2167 2174 2170
2630 2 2 1 2 2189 2192 2190
2631 2 2 1 2 838 951 840
2632 2 2 1 2 2147 2149 2148
2633 2 2 1 2 1193 2332 1078
2634 2 2 1 2 1822 1824 1823
2635 2 2 1 2 1278 1279 1277
2636 2 2 1 2 2125 2126 2103
2637 2 2 1 2 891 2093 844
2638 2 2 1 2 1008 1010 1009
2639 2 2 1 2 2180 2182 2181
2640 2 2 1 2 2166 2174 2167
2641 2 2 1 2 2132 2133 2131
2642 2 2 1 2 657 721 655
2643 2 2 1 2 2142 2145 2143
2644 2 2 1 2 1897 2002 1895
2645 2 2 1 2 653 950 651
2646 2 2 1 2 1004 1005 1003
2647 2 2 1 2 652 693 654
2648 2 2 1 2 648 1101 650
2649 2 2 1 2 2127 2130 2128
2650 2 2 1 2 951 2270 840
2651 2 2 1 2 1276 1277 1275
2652 2 2 1 2 2140 2142 2141
2653 2 2 1 2 1819 1822 1821
2654 2 2 1 2 658 659 657
2655 2 2 1 2 656 658 657
2656 2 2 1 2 789 1104 787
2657 2 2 1 2 2174 2175 2170
2658 2 2 1 2 838 839 837
2659 2 2 1 2 842 891 844
2660 2 2 1 2 1951 1994 1949
2661 2 2 1 2 656 657 655
2662 2 2 1 2 838 840 839
2663 2 2 1 2 1006 1008 1007
2664 2 2 1 2 2137 2140 2138
2665 2 2 1 2 1819 1821 1818
2666 2 2 1 2 654 656 655
2667 2 2 1 2 885 2275 836
2668 2 2 1 2 1266 1414 1268
2669 2 2 1 2 840 2270 842
2670 2 2 1 2 799 935 797
2671 2 2 1 2 1947 2040 1945
2672 2 2 1 2 1272 1274 1273
2673 2 2 1 2 836 2275 838
2674 2 2 1 2 1270 2271 1411
2675 2 2 1 2 1917 2079 1981
2676 2 2 1 2 644 692 646
2677 2 2 1 2 649 722 647
2678 2 2 1 2 654 655 653
2679 2 2 1 2 1896 1897 1895
2680 2 2 1 2 652 654 653
2681 2 2 1 2 1818 1858 1816
2682 2 2 1 2 2177 2180 2178
2683 2 2 1 2 1330 1331 1329
2684 2 2 1 2 785 910 783
2685 2 2 1 2 850 892 852
2686 2 2 1 2 842 2270 891
2687 2 2 1 2 1274 1275 1273
2688 2 2 1 2 1813 1815 1814
2689 2 2 1 2 653 2272 950
2690 2 2 1 2 652 653 651
2691 2 2 1 2 836 837 835
2692 2 2 1 2 861 1878 859
2693 2 2 1 2 721 2272 655
2694 2 2 1 2 1815 1817 1816
2695 2 2 1 2 650 652 651
2696 2 2 1 2 2135 2137 2136
2697 2 2 1 2 834 885 836
2698 2 2 1 2 643 952 641
2699 2 2 1 2 1266 2084 1414
2700 2 2 1 2 838 2275 951
2701 2 2 1 2 1955 1993 1953
2702 2 2 1 2 1004 1006 1005
2703 2 2 1 2 638 1092 640
2704 2 2 1 2 836 838 837
2705 2 2 1 2 834 835 833
2706 2 2 1 2 650 651 649
2707 2 2 1 2 1101 2273 650
2708 2 2 1 2 1817 1819 1818
2709 2 2 1 2 2079 2080 1981
2710 2 2 1 2 1283 1442 1281
2711 2 2 1 2 648 650 649
2712 2 2 1 2 652 2273 693
2713 2 2 1 2 1815 1816 1814
2714 2 2 1 2 1277 1507 1275
2715 2 2 1 2 1945 1977 1943
2716 2 2 1 2 655 2272 653
2717 2 2 1 2 950 2274 651
2718 2 2 1 2 1002 1003 1001
2719 2 2 1 2 2182 2185 2183
2720 2 2 1 2 834 836 835
2721 2 2 1 2 1817 1818 1816
2722 2 2 1 2 553 554 552
2723 2 2 1 2 781 1096 779
2724 2 2 1 2 648 649 647
2725 2 2 1 2 2132 2135 2133
2726 2 2 1 2 832 833 831
2727 2 2 1 2 1811 1813 1812
2728 2 2 1 2 646 648 647
2729 2 2 1 2 648 2276 1101
2730 2 2 1 2 1012 1122 1014
2731 2 2 1 2 1287 1502 1285
2732 2 2 1 2 1002 1004 1003
2733 2 2 1 2 1927 2066 1980
2734 2 2 1 2 650 2273 652
2735 2 2 1 2 1008 1158 1010
2736 2 2 1 2 2149 2157 2152
2737 2 2 1 2 832 834 833
2738 2 2 1 2 1894 1896 1895
2739 2 2 1 2 646 647 645
2740 2 2 1 2 649 2274 722
2741 2 2 1 2 1893 2003 1891
2742 2 2 1 2 830 831 829
2743 2 2 1 2 1270 1272 1271
2744 2 2 1 2 1004 1152 1006
2745 2 2 1 2 644 646 645
2746 2 2 1 2 2106 2107 2105
2747 2 2 1 2 1272 1273 1271
2748 2 2 1 2 692 2276 646
2749 2 2 1 2 1813 1814 1812
2750 2 2 1 2 828 953 830
2751 2 2 1 2 741 742 735
2752 2 2 1 2 828 829 827
2753 2 2 1 2 651 2274 649
2754 2 2 1 2 999 1169 997
2755 2 2 1 2 634 690 636
2756 2 2 1 2 830 832 831
2757 2 2 1 2 644 645 643
2758 2 2 1 2 1808 1811 1810
2759 2 2 1 2 1255 2281 1412
2760 2 2 1 2 2187 2189 2188
2761 2 2 1 2 642 644 643
2762 2 2 1 2 646 2276 648
2763 2 2 1 2 2099 2125 2103
2764 2 2 1 2 826 827 825
2765 2 2 1 2 2066 2067 1980
2766 2 2 1 2 828 830 829
2767 2 2 1 2 1273 1508 1271
2768 2 2 1 2 639 710 637
2769 2 2 1 2 2130 2132 2131
2770 2 2 1 2 642 643 641
2771 2 2 1 2 1093 2062 849
2772 2 2 1 2 1000 1149 1002
2773 2 2 1 2 1811 1812 1810
2774 2 2 1 2 660 2049 694
2775 2 2 1 2 640 642 641
2776 2 2 1 2 1264 2084 1266
2777 2 2 1 2 1285 2278 1283
2778 2 2 1 2 824 884 826
2779 2 2 1 2 826 828 827
2780 2 2 1 2 628 1097 630
2781 2 2 1 2 824 825 823
2782 2 2 1 2 1894 1895 1893
2783 2 2 1 2 1293 1427 1291
2784 2 2 1 2 1018 1172 1020
2785 2 2 1 2 1804 1806 1805
2786 2 2 1 2 633 954 631
2787 2 2 1 2 2216 2218 2217
2788 2 2 1 2 640 641 639
2789 2 2 1 2 1283 2278 1442
2790 2 2 1 2 1275 2279 1273
2791 2 2 1 2 1802 1804 1803
2792 2 2 1 2 1022 1123 1024
2793 2 2 1 2 1933 2059 1979
2794 2 2 1 2 1806 1808 1807
2795 2 2 1 2 1507 2279 1275
2796 2 2 1 2 638 640 639
2797 2 2 1 2 824 826 825
2798 2 2 1 2 1502 2278 1285
2799 2 2 1 2 1000 1002 1001
2800 2 2 1 2 822 823 821
2801 2 2 1 2 638 639 637
2802 2 2 1 2 1000 1001 999
2803 2 2 1 2 952 2283 641
2804 2 2 1 2 1297 1501 1295
2805 2 2 1 2 1807 1859 1805
2806 2 2 1 2 1270 1271 1269
2807 2 2 1 2 1808 1810 1807
2808 2 2 1 2 638 2282 1092
2809 2 2 1 2 636 638 637
2810 2 2 1 2 2108 2112 2107
2811 2 2 1 2 2114 2115 2113
2812 2 2 1 2 822 824 823
2813 2 2 1 2 2219 2224 2222
2814 2 2 1 2 1268 1270 1269
2815 2 2 1 2 1273 2279 1508
2816 2 2 1 2 636 637 635
2817 2 2 1 2 2059 2060 1979
2818 2 2 1 2 820 821 819
2819 2 2 1 2 1800 1802 1801
2820 2 2 1 2 1804 1805 1803
2821 2 2 1 2 634 636 635
2822 2 2 1 2 1806 1807 1805
2823 2 2 1 2 690 2282 636
2824 2 2 1 2 818 819 817
2825 2 2 1 2 1892 1894 1893
2826 2 2 1 2 818 955 820
2827 2 2 1 2 828 2284 953
2828 2 2 1 2 1235 1434 1433
2829 2 2 1 2 996 1146 998
2830 2 2 1 2 820 822 821
2831 2 2 1 2 624 689 626
2832 2 2 1 2 639 2283 710
2833 2 2 1 2 641 2283 639
2834 2 2 1 2 634 635 633
2835 2 2 1 2 2218 2224 2219
2836 2 2 1 2 632 634 633
2837 2 2 1 2 1762 1764 1763
2838 2 2 1 2 826 2284 828
2839 2 2 1 2 636 2282 638
2840 2 2 1 2 1798 1800 1799
2841 2 2 1 2 884 2284 826
2842 2 2 1 2 998 1000 999
2843 2 2 1 2 816 817 815
2844 2 2 1 2 818 820 819
2845 2 2 1 2 1802 1803 1801
2846 2 2 1 2 629 711 627
2847 2 2 1 2 625 956 623
2848 2 2 1 2 1939 2044 1978
2849 2 2 1 2 1268 1269 1267
2850 2 2 1 2 632 633 631
2851 2 2 1 2 620 1103 622
2852 2 2 1 2 630 632 631
2853 2 2 1 2 775 907 773
2854 2 2 1 2 1269 1509 1267
2855 2 2 1 2 1260 1408 1262
2856 2 2 1 2 1266 1268 1267
2857 2 2 1 2 998 999 997
2858 2 2 1 2 1295 2285 1293
2859 2 2 1 2 816 818 817
2860 2 2 1 2 814 883 816
2861 2 2 1 2 2020 2325 2019
2862 2 2 1 2 1028 1173 1030
2863 2 2 1 2 814 815 813
2864 2 2 1 2 1303 1423 1301
2865 2 2 1 2 1892 1893 1891
2866 2 2 1 2 630 631 629
2867 2 2 1 2 1508 2288 1271
2868 2 2 1 2 995 1170 993
2869 2 2 1 2 1796 1798 1797
2870 2 2 1 2 925 1415 903
2871 2 2 1 2 1293 2285 1427
2872 2 2 1 2 628 630 629
2873 2 2 1 2 1800 1801 1799
2874 2 2 1 2 1794 1796 1795
2875 2 2 1 2 604 705 606
2876 2 2 1 2 2224 2225 2222
2877 2 2 1 2 2044 2045 1978
2878 2 2 1 2 814 816 815
2879 2 2 1 2 1501 2285 1295
2880 2 2 1 2 1445 1629 1384
2881 2 2 1 2 1271 2288 1269
2882 2 2 1 2 812 813 811
2883 2 2 1 2 1264 2286 2084
2884 2 2 1 2 740 1682 738
2885 2 2 1 2 1307 1500 1305
2886 2 2 1 2 2105 2303 2100
2887 2 2 1 2 628 629 627
2888 2 2 1 2 525 2303 217
2889 2 2 1 2 628 2291 1097
2890 2 2 1 2 954 2290 631
2891 2 2 1 2 996 998 997
2892 2 2 1 2 1267 2300 1265
2893 2 2 1 2 1792 1794 1793
2894 2 2 1 2 626 628 627
2895 2 2 1 2 1889 2004 1887
2896 2 2 1 2 1798 1799 1797
2897 2 2 1 2 2173 2303 2105
2898 2 2 1 2 1449 1512 1256
2899 2 2 1 2 1032 1174 1034
2900 2 2 1 2 812 814 813
2901 2 2 1 2 616 706 618
2902 2 2 1 2 617 958 615
2903 2 2 1 2 621 723 619
2904 2 2 1 2 810 811 809
2905 2 2 1 2 1395 1730 1729
2906 2 2 1 2 626 627 625
2907 2 2 1 2 1796 1797 1795
2908 2 2 1 2 1790 1792 1791
2909 2 2 1 2 996 997 995
2910 2 2 1 2 1266 1267 1265
2911 2 2 1 2 1945 2040 1977
2912 2 2 1 2 624 626 625
2913 2 2 1 2 2116 2121 2115
2914 2 2 1 2 992 1143 994
2915 2 2 1 2 689 2291 626
2916 2 2 1 2 2201 2215 2202
2917 2 2 1 2 1890 1892 1891
2918 2 2 1 2 1269 2288 1509
2919 2 2 1 2 771 1088 769
2920 2 2 1 2 808 809 807
2921 2 2 1 2 818 2292 955
2922 2 2 1 2 1840 1843 1842
2923 2 2 1 2 1253 2281 1255
2924 2 2 1 2 810 812 811
2925 2 2 1 2 631 2290 629
2926 2 2 1 2 629 2290 711
2927 2 2 1 2 1788 1790 1789
2928 2 2 1 2 1794 1795 1793
2929 2 2 1 2 624 625 623
2930 2 2 1 2 1311 1499 1309
2931 2 2 1 2 1113 1114 928
2932 2 2 1 2 1260 2289 1408
2933 2 2 1 2 622 624 623
2934 2 2 1 2 1785 1788 1787
2935 2 2 1 2 1705 1706 1704
2936 2 2 1 2 1255 1412 1258
2937 2 2 1 2 808 888 810
2938 2 2 1 2 804 957 806
2939 2 2 1 2 816 2292 818
2940 2 2 1 2 626 2291 628
2941 2 2 1 2 883 2292 816
2942 2 2 1 2 1264 1266 1265
2943 2 2 1 2 808 810 809
2944 2 2 1 2 2163 2310 2166
2945 2 2 1 2 1036 1175 1038
2946 2 2 1 2 624 2296 689
2947 2 2 1 2 625 2294 956
2948 2 2 1 2 806 807 805
2949 2 2 1 2 994 996 995
2950 2 2 1 2 622 623 621
2951 2 2 1 2 1305 2295 1303
2952 2 2 1 2 695 2324 670
2953 2 2 1 2 1040 1124 1042
2954 2 2 1 2 1792 1793 1791
2955 2 2 1 2 2202 2215 2205
2956 2 2 1 2 620 622 621
2957 2 2 1 2 711 2294 627
2958 2 2 1 2 1890 1891 1889
2959 2 2 1 2 1103 2296 622
2960 2 2 1 2 2215 2216 2205
2961 2 2 1 2 258 2013 257
2962 2 2 1 2 806 808 807
2963 2 2 1 2 2147 2305 2149
2964 2 2 1 2 991 1171 989
2965 2 2 1 2 1783 1785 1784
2966 2 2 1 2 2040 2041 1977
2967 2 2 1 2 1747 1754 1735
2968 2 2 1 2 1303 2295 1423
2969 2 2 1 2 1140 1745 1071
2970 2 2 1 2 1781 1783 1782
2971 2 2 1 2 2100 2303 525
2972 2 2 1 2 620 621 619
2973 2 2 1 2 610 687 612
2974 2 2 1 2 1265 2300 1510
2975 2 2 1 2 2107 2173 2105
2976 2 2 1 2 1251 1256 1198
2977 2 2 1 2 1790 1791 1789
2978 2 2 1 2 627 2294 625
2979 2 2 1 2 804 805 803
2980 2 2 1 2 618 620 619
2981 2 2 1 2 994 995 993
2982 2 2 1 2 620 2298 1103
2983 2 2 1 2 956 2297 623
2984 2 2 1 2 2004 2072 1887
2985 2 2 1 2 1265 1510 1263
2986 2 2 1 2 2189 2197 2192
2987 2 2 1 2 1500 2295 1305
2988 2 2 1 2 1879 1881 1880
2989 2 2 1 2 1509 2300 1267
2990 2 2 1 2 1887 2072 1885
2991 2 2 1 2 1788 1789 1787
2992 2 2 1 2 1264 1265 1263
2993 2 2 1 2 622 2296 624
2994 2 2 1 2 804 806 805
2995 2 2 1 2 618 619 617
2996 2 2 1 2 699 701 700
2997 2 2 1 2 1309 2299 1307
2998 2 2 1 2 706 2298 618
2999 2 2 1 2 1879 1880 1089
3000 2 2 1 2 802 803 801
3001 2 2 1 2 621 2297 723
3002 2 2 1 2 1307 2299 1500
3003 2 2 1 2 1888 1890 1889
3004 2 2 1 2 616 618 617
3005 2 2 1 2 1262 1264 1263
3006 2 2 1 2 800 881 802
3007 2 2 1 2 1778 1781 1780
3008 2 2 1 2 1785 1787 1784
3009 2 2 1 2 992 994 993
3010 2 2 1 2 2334 2423 1742
3011 2 2 1 2 617 2301 958
3012 2 2 1 2 623 2297 621
3013 2 2 1 2 1784 1865 1782
3014 2 2 1 2 1046 1125 1048
3015 2 2 1 2 802 804 803
3016 2 2 1 2 1317 1419 1315
3017 2 2 1 2 616 617 615
3018 2 2 1 2 767 929 765
3019 2 2 1 2 723 2301 619
3020 2 2 1 2 618 2298 620
3021 2 2 1 2 800 801 799
3022 2 2 1 2 1466 1467 1447
3023 2 2 1 2 614 616 615
3024 2 2 1 2 1499 2299 1309
3025 2 2 1 2 1263 2307 1261
3026 2 2 1 2 1783 1784 1782
3027 2 2 1 2 992 993 991
3028 2 2 1 2 611 715 609
3029 2 2 1 2 957 2302 806
3030 2 2 1 2 1888 1889 1887
3031 2 2 1 2 614 615 613
3032 2 2 1 2 808 2302 888
3033 2 2 1 2 800 802 801
3034 2 2 1 2 1737 1738 1736
3035 2 2 1 2 931 2433 940
3036 2 2 1 2 1440 1443 1439
3037 2 2 1 2 1781 1782 1780
3038 2 2 1 2 2072 2328 1885
3039 2 2 1 2 1438 1439 1437
3040 2 2 1 2 798 799 797
3041 2 2 1 2 612 614 613
3042 2 2 1 2 806 2302 808
3043 2 2 1 2 860 887 862
3044 2 2 1 2 901 937 936
3045 2 2 1 2 619 2301 617
3046 2 2 1 2 1776 1778 1777
3047 2 2 1 2 2149 2305 2157
3048 2 2 1 2 681 1147 679
3049 2 2 1 2 1774 1776 1775
3050 2 2 1 2 1963 2015 1976
3051 2 2 1 2 612 613 611
3052 2 2 1 2 798 800 799
3053 2 2 1 2 1262 1263 1261
3054 2 2 1 2 893 2386 1130
3055 2 2 1 2 610 612 611
3056 2 2 1 2 990 992 991
3057 2 2 1 2 804 2304 957
3058 2 2 1 2 796 797 795
3059 2 2 1 2 903 2337 872
3060 2 2 1 2 794 880 796
3061 2 2 1 2 610 611 609
3062 2 2 1 2 1465 1565 1560
3063 2 2 1 2 1777 1867 1775
3064 2 2 1 2 794 795 793
3065 2 2 1 2 1771 1774 1773
3066 2 2 1 2 1260 1262 1261
3067 2 2 1 2 1052 1126 1054
3068 2 2 1 2 2112 2314 468
3069 2 2 1 2 1886 1888 1887
3070 2 2 1 2 608 610 609
3071 2 2 1 2 1778 1780 1777
3072 2 2 1 2 1323 1397 1321
3073 2 2 1 2 796 798 797
3074 2 2 1 2 990 991 989
3075 2 2 1 2 881 2304 802
3076 2 2 1 2 802 2304 804
3077 2 2 1 2 1144 2308 1065
3078 2 2 1 2 1261 2307 1511
3079 2 2 1 2 869 897 896
3080 2 2 1 2 605 716 603
3081 2 2 1 2 2111 2113 2112
3082 2 2 1 2 598 686 600
3083 2 2 1 2 794 796 795
3084 2 2 1 2 1776 1777 1775
3085 2 2 1 2 608 609 607
3086 2 2 1 2 1259 2311 1257
3087 2 2 1 2 792 793 791
3088 2 2 1 2 2026 2363 2027
3089 2 2 1 2 1260 1261 1259
3090 2 2 1 2 559 561 560
3091 2 2 1 2 1886 1887 1885
3092 2 2 1 2 1261 1511 1259
3093 2 2 1 2 606 608 607
3094 2 2 1 2 1257 2311 1448
3095 2 2 1 2 2115 2123 2113
3096 2 2 1 2 988 990 989
3097 2 2 1 2 1774 1775 1773
3098 2 2 1 2 1258 1260 1259
3099 2 2 1 2 970 1105 968
3100 2 2 1 2 2015 2016 1976
3101 2 2 1 2 792 794 793
3102 2 2 1 2 986 1121 988
3103 2 2 1 2 1769 1771 1770
3104 2 2 1 2 1510 2307 1263
3105 2 2 1 2 1884 1885 1882
3106 2 2 1 2 1767 1769 1768
3107 2 2 1 2 790 791 789
3108 2 2 1 2 947 2306 858
3109 2 2 1 2 2111 2112 2108
3110 2 2 1 2 606 607 605
3111 2 2 1 2 788 789 787
3112 2 2 1 2 604 606 605
3113 2 2 1 2 1884 1886 1885
3114 2 2 1 2 788 879 790
3115 2 2 1 2 988 989 987
3116 2 2 1 2 592 1100 594
3117 2 2 1 2 985 1164 983
3118 2 2 1 2 1764 1767 1766
3119 2 2 1 2 1329 1383 1327
3120 2 2 1 2 790 792 791
3121 2 2 1 2 979 1154 977
3122 2 2 1 2 604 605 603
3123 2 2 1 2 2033 2363 2021
3124 2 2 1 2 1771 1773 1770
3125 2 2 1 2 1011 2326 1009
3126 2 2 1 2 602 604 603
3127 2 2 1 2 788 790 789
3128 2 2 1 2 1768 1870 1766
3129 2 2 1 2 1062 1129 1064
3130 2 2 1 2 701 704 703
3131 2 2 1 2 986 988 987
3132 2 2 1 2 786 787 785
3133 2 2 1 2 599 718 597
3134 2 2 1 2 1881 1883 1882
3135 2 2 1 2 602 603 601
3136 2 2 1 2 1333 1495 1331
3137 2 2 1 2 1257 1448 1254
3138 2 2 1 2 1769 1770 1768
3139 2 2 1 2 600 602 601
3140 2 2 1 2 786 788 787
3141 2 2 1 2 1883 1884 1882
3142 2 2 1 2 1258 1259 1257
3143 2 2 1 2 1767 1768 1766
3144 2 2 1 2 1332 2317 1334
3145 2 2 1 2 1058 1176 1060
3146 2 2 1 2 986 987 985
3147 2 2 1 2 704 720 719
3148 2 2 1 2 593 959 591
3149 2 2 1 2 1881 1882 1880
3150 2 2 1 2 2113 2314 2112
3151 2 2 1 2 720 726 725
3152 2 2 1 2 600 601 599
3153 2 2 1 2 1477 1481 1479
3154 2 2 1 2 962 964 963
3155 2 2 1 2 1764 1766 1763
3156 2 2 1 2 784 785 783
3157 2 2 1 2 1775 2323 1773
3158 2 2 1 2 598 600 599
3159 2 2 1 2 1880 2005 1089
3160 2 2 1 2 786 2315 788
3161 2 2 1 2 1255 1258 1257
3162 2 2 1 2 984 986 985
3163 2 2 1 2 1701 1702 1699
3164 2 2 1 2 1209 1210 1114
3165 2 2 1 2 1212 2313 1239
3166 2 2 1 2 782 783 781
3167 2 2 1 2 1663 1664 481
3168 2 2 1 2 1068 1132 1070
3169 2 2 1 2 784 786 785
3170 2 2 1 2 598 599 597
3171 2 2 1 2 1695 1699 1698
3172 2 2 1 2 975 1155 973
3173 2 2 1 2 596 598 597
3174 2 2 1 2 681 1744 1147
3175 2 2 1 2 1337 1494 1335
3176 2 2 1 2 1086 2352 2018
3177 2 2 1 2 788 2315 879
3178 2 2 1 2 945 2334 1742
3179 2 2 1 2 984 985 983
3180 2 2 1 2 895 2332 868
3181 2 2 1 2 2123 2314 2113
3182 2 2 1 2 1511 2311 1259
3183 2 2 1 2 971 1476 1133
3184 2 2 1 2 1707 2031 1706
3185 2 2 1 2 588 688 590
3186 2 2 1 2 782 886 784
3187 2 2 1 2 778 960 780
3188 2 2 1 2 798 2382 800
3189 2 2 1 2 2119 2122 2121
3190 2 2 1 2 897 917 898
3191 2 2 1 2 596 597 595
3192 2 2 1 2 780 781 779
3193 2 2 1 2 782 784 783
3194 2 2 1 2 1693 1695 1694
3195 2 2 1 2 561 563 562
3196 2 2 1 2 2119 2121 2116
3197 2 2 1 2 594 596 595
3198 2 2 1 2 1331 2312 1329
3199 2 2 1 2 1738 1740 1739
3200 2 2 1 2 1043 2346 1041
3201 2 2 1 2 1253 1255 1254
3202 2 2 1 2 582 1090 584
3203 2 2 1 2 1255 1257 1254
3204 2 2 1 2 2216 2398 2218
3205 2 2 1 2 780 782 781
3206 2 2 1 2 982 984 983
3207 2 2 1 2 919 1878 861
3208 2 2 1 2 1329 2312 1383
3209 2 2 1 2 1155 2353 973
3210 2 2 1 2 778 779 777
3211 2 2 1 2 815 2341 813
3212 2 2 1 2 971 2384 1476
3213 2 2 1 2 809 2343 807
3214 2 2 1 2 594 595 593
3215 2 2 1 2 563 565 564
3216 2 2 1 2 803 2345 801
3217 2 2 1 2 825 2342 823
3218 2 2 1 2 1179 1223 1222
3219 2 2 1 2 980 1120 982
3220 2 2 1 2 1709 2413 1708
3221 2 2 1 2 1251 1449 1256
3222 2 2 1 2 2389 2399 957
3223 2 2 1 2 918 1113 928
3224 2 2 1 2 592 594 593
3225 2 2 1 2 1495 2312 1331
3226 2 2 1 2 2019 2325 2028
3227 2 2 1 2 1165 2326 1011
3228 2 2 1 2 2025 2382 2026
3229 2 2 1 2 1199 1253 1252
3230 2 2 1 2 982 983 981
3231 2 2 1 2 778 780 779
3232 2 2 1 2 797 2351 795
3233 2 2 1 2 1867 2323 1775
3234 2 2 1 2 1021 2349 1019
3235 2 2 1 2 875 876 758
3236 2 2 1 2 792 2348 794
3237 2 2 1 2 589 717 587
3238 2 2 1 2 738 1682 756
3239 2 2 1 2 1449 1527 1512
3240 2 2 1 2 1738 1739 1736
3241 2 2 1 2 592 593 591
3242 2 2 1 2 1398 2397 2039
3243 2 2 1 2 590 592 591
3244 2 2 1 2 1481 1546 1535
3245 2 2 1 2 1253 2340 2281
3246 2 2 1 2 1335 2318 1333
3247 2 2 1 2 776 777 775
3248 2 2 1 2 1253 1254 1252
3249 2 2 1 2 1333 2318 1495
3250 2 2 1 2 592 2322 1100
3251 2 2 1 2 1087 1705 1704
3252 2 2 1 2 946 961 761
3253 2 2 1 2 1550 1551 1530
3254 2 2 1 2 774 878 776
3255 2 2 1 2 1705 1707 1706
3256 2 2 1 2 980 982 981
3257 2 2 1 2 670 2324 672
3258 2 2 1 2 677 2320 707
3259 2 2 1 2 590 591 589
3260 2 2 1 2 1074 1177 1076
3261 2 2 1 2 729 737 728
3262 2 2 1 2 790 2336 792
3263 2 2 1 2 1343 1371 1341
3264 2 2 1 2 1885 2328 1882
3265 2 2 1 2 786 2319 2315
3266 2 2 1 2 2069 2438 2436
3267 2 2 1 2 1646 2497 1645
3268 2 2 1 2 776 778 777
3269 2 2 1 2 588 590 589
3270 2 2 1 2 738 756 737
3271 2 2 1 2 1702 2287 1699
3272 2 2 1 2 1699 2287 1698
3273 2 2 1 2 1232 1387 1181
3274 2 2 1 2 1344 2356 1346
3275 2 2 1 2 1210 1357 1212
3276 2 2 1 2 726 733 730
3277 2 2 1 2 713 728 712
3278 2 2 1 2 784 2319 786
3279 2 2 1 2 1346 2356 1874
3280 2 2 1 2 1494 2318 1335
3281 2 2 1 2 779 2371 777
3282 2 2 1 2 1625 1626 1241
3283 2 2 1 2 980 981 979
3284 2 2 1 2 1199 1251 1198
3285 2 2 1 2 1349 1369 1347
3286 2 2 1 2 774 775 773
3287 2 2 1 2 688 2322 590
3288 2 2 1 2 555 556 554
3289 2 2 1 2 886 2319 784
3290 2 2 1 2 1693 1694 1691
3291 2 2 1 2 578 685 580
3292 2 2 1 2 1400 2399 2029
3293 2 2 1 2 588 589 587
3294 2 2 1 2 2073 2441 2434
3295 2 2 1 2 1975 2022 1973
3296 2 2 1 2 583 714 581
3297 2 2 1 2 1880 2328 2005
3298 2 2 1 2 960 2321 780
3299 2 2 1 2 1473 2340 1197
3300 2 2 1 2 1882 2328 1880
3301 2 2 1 2 1353 1493 1351
3302 2 2 1 2 1199 1252 1251
3303 2 2 1 2 967 2355 969
3304 2 2 1 2 782 2321 886
3305 2 2 1 2 774 776 775
3306 2 2 1 2 959 2330 591
3307 2 2 1 2 586 588 587
3308 2 2 1 2 1441 1453 1452
3309 2 2 1 2 590 2322 592
3310 2 2 1 2 1695 1698 1694
3311 2 2 1 2 1197 2340 1199
3312 2 2 1 2 1687 2316 1233
3313 2 2 1 2 1434 1436 1435
3314 2 2 1 2 1874 2356 1718
3315 2 2 1 2 780 2321 782
3316 2 2 1 2 1256 2374 1198
3317 2 2 1 2 574 1084 576
3318 2 2 1 2 1415 2337 903
3319 2 2 1 2 1142 1193 1078
3320 2 2 1 2 772 773 771
3321 2 2 1 2 1113 1209 1114
3322 2 2 1 2 557 558 556
3323 2 2 1 2 925 1416 1415
3324 2 2 1 2 879 2336 790
3325 2 2 1 2 978 980 979
3326 2 2 1 2 733 744 736
3327 2 2 1 2 586 587 585
3328 2 2 1 2 695 2339 2324
3329 2 2 1 2 584 586 585
3330 2 2 1 2 572 2327 574
3331 2 2 1 2 778 2331 960
3332 2 2 1 2 770 771 769
3333 2 2 1 2 1374 1492 1355
3334 2 2 1 2 2063 2432 2418
3335 2 2 1 2 1197 1198 1196
3336 2 2 1 2 744 865 745
3337 2 2 1 2 772 774 773
3338 2 2 1 2 865 889 867
3339 2 2 1 2 889 911 890
3340 2 2 1 2 1197 1199 1198
3341 2 2 1 2 914 1112 1109
3342 2 2 1 2 768 877 770
3343 2 2 1 2 1195 1473 1197
3344 2 2 1 2 978 979 977
3345 2 2 1 2 1516 1518 1517
3346 2 2 1 2 2350 2374 1470
3347 2 2 1 2 584 585 583
3348 2 2 1 2 1589 1590 1418
3349 2 2 1 2 1453 1484 1454
3350 2 2 1 2 768 769 767
3351 2 2 1 2 1209 2333 1210
3352 2 2 1 2 591 2330 589
3353 2 2 1 2 573 1420 571
3354 2 2 1 2 1233 2316 1142
3355 2 2 1 2 589 2330 717
3356 2 2 1 2 1518 1520 1519
3357 2 2 1 2 796 2372 798
3358 2 2 1 2 1686 1687 1233
3359 2 2 1 2 864 2402 2367
3360 2 2 1 2 918 2350 1113
3361 2 2 1 2 582 584 583
3362 2 2 1 2 1099 2341 815
3363 2 2 1 2 962 963 961
3364 2 2 1 2 1134 1135 943
3365 2 2 1 2 1094 2342 825
3366 2 2 1 2 930 2343 809
3367 2 2 1 2 1156 2346 1043
3368 2 2 1 2 1130 2386 1229
3369 2 2 1 2 770 772 771
3370 2 2 1 2 1195 1196 917
3371 2 2 1 2 814 2383 883
3372 2 2 1 2 1375 2356 1344
3373 2 2 1 2 1361 1426 1215
3374 2 2 1 2 934 2345 803
3375 2 2 1 2 1357 2313 1212
3376 2 2 1 2 574 2327 1084
3377 2 2 1 2 2043 2419 2397
3378 2 2 1 2 878 2331 776
3379 2 2 1 2 577 724 575
3380 2 2 1 2 1983 2576 2525
3381 2 2 1 2 776 2331 778
3382 2 2 1 2 966 2011 1108
3383 2 2 1 2 2383 2412 2039
3384 2 2 1 2 939 2362 913
3385 2 2 1 2 768 770 769
3386 2 2 1 2 762 763 755
3387 2 2 1 2 1380 2392 1128
3388 2 2 1 2 1162 2349 1021
3389 2 2 1 2 976 978 977
3390 2 2 1 2 1476 1477 1133
3391 2 2 1 2 565 567 566
3392 2 2 1 2 582 583 581
3393 2 2 1 2 1416 1428 1422
3394 2 2 1 2 935 2351 797
3395 2 2 1 2 582 2338 1090
3396 2 2 1 2 1200 1201 1139
3397 2 2 1 2 580 582 581
3398 2 2 1 2 511 2377 269
3399 2 2 1 2 2029 2389 1399
3400 2 2 1 2 974 1119 976
3401 2 2 1 2 1471 2333 1209
3402 2 2 1 2 1470 1471 1209
3403 2 2 1 2 1464 2380 1465
3404 2 2 1 2 937 1178 936
3405 2 2 1 2 1481 1535 1479
3406 2 2 1 2 569 684 570
3407 2 2 1 2 1420 2395 571
3408 2 2 1 2 1565 2491 1560
3409 2 2 1 2 2484 2494 1652
3410 2 2 1 2 1199 2340 1253
3411 2 2 1 2 972 973 926
3412 2 2 1 2 1196 2374 2350
3413 2 2 1 2 1210 2333 1357
3414 2 2 1 2 766 767 765
3415 2 2 1 2 1487 1488 1244
3416 2 2 1 2 2367 2402 1473
3417 2 2 1 2 1113 1470 1209
3418 2 2 1 2 2027 2363 2033
3419 2 2 1 2 559 560 558
3420 2 2 1 2 2336 2348 792
3421 2 2 1 2 567 569 568
3422 2 2 1 2 976 977 975
3423 2 2 1 2 1999 2022 1975
3424 2 2 1 2 766 768 767
3425 2 2 1 2 897 1195 917
3426 2 2 1 2 580 581 579
3427 2 2 1 2 1195 1197 1196
3428 2 2 1 2 864 2367 869
3429 2 2 1 2 917 2350 918
3430 2 2 1 2 1221 1228 1191
3431 2 2 1 2 578 580 579
3432 2 2 1 2 1113 2350 1470
3433 2 2 1 2 1351 2335 1349
3434 2 2 1 2 685 2338 580
3435 2 2 1 2 2304 2389 957
3436 2 2 1 2 1405 2421 2415
3437 2 2 1 2 2026 2382 2372
3438 2 2 1 2 569 570 568
3439 2 2 1 2 747 749 748
3440 2 2 1 2 1111 1227 1180
3441 2 2 1 2 974 976 975
3442 2 2 1 2 1179 1222 1178
3443 2 2 1 2 761 762 755
3444 2 2 1 2 762 882 764
3445 2 2 1 2 683 2396 1744
3446 2 2 1 2 764 765 763
3447 2 2 1 2 2039 2408 2038
3448 2 2 1 2 974 975 973
3449 2 2 1 2 1485 1545 1454
3450 2 2 1 2 754 761 755
3451 2 2 1 2 1514 1516 1515
3452 2 2 1 2 966 1108 964
3453 2 2 1 2 578 579 577
3454 2 2 1 2 269 2377 268
3455 2 2 1 2 1453 1454 1452
3456 2 2 1 2 971 1133 972
3457 2 2 1 2 1436 1438 1437
3458 2 2 1 2 576 578 577
3459 2 2 1 2 904 971 926
3460 2 2 1 2 2039 2412 2408
3461 2 2 1 2 754 755 752
3462 2 2 1 2 1349 2335 1369
3463 2 2 1 2 1367 1372 1201
3464 2 2 1 2 580 2338 582
3465 2 2 1 2 2302 2403 888
3466 2 2 1 2 751 754 752
3467 2 2 1 2 902 903 872
3468 2 2 1 2 764 766 765
3469 2 2 1 2 1142 2316 1193
3470 2 2 1 2 570 571 568
3471 2 2 1 2 1493 2335 1351
3472 2 2 1 2 887 2402 862
3473 2 2 1 2 1388 1389 1248
3474 2 2 1 2 578 2347 685
3475 2 2 1 2 1084 2347 576
3476 2 2 1 2 972 974 973
3477 2 2 1 2 1096 2371 779
3478 2 2 1 2 565 566 564
3479 2 2 1 2 1484 1485 1454
3480 2 2 1 2 1355 2344 1353
3481 2 2 1 2 880 2372 796
3482 2 2 1 2 1225 1458 1366
3483 2 2 1 2 964 2364 963
3484 2 2 1 2 1477 1479 1478
3485 2 2 1 2 971 972 926
3486 2 2 1 2 963 1574 1403
3487 2 2 1 2 561 562 560
3488 2 2 1 2 905 906 876
3489 2 2 1 2 563 564 562
3490 2 2 1 2 760 2386 893
3491 2 2 1 2 810 2412 812
3492 2 2 1 2 762 764 763
3493 2 2 1 2 1479 1480 1478
3494 2 2 1 2 1498 1539 1365
3495 2 2 1 2 480 2648 1545
3496 2 2 1 2 921 1134 943
3497 2 2 1 2 576 577 575
3498 2 2 1 2 772 2406 774
3499 2 2 1 2 824 2414 884
3500 2 2 1 2 1353 2344 1493
3501 2 2 1 2 567 568 566
3502 2 2 1 2 1520 1521 1519
3503 2 2 1 2 1477 1478 1133
3504 2 2 1 2 2414 2428 2058
3505 2 2 1 2 911 1107 912
3506 2 2 1 2 976 2375 978
3507 2 2 1 2 1470 2405 1471
3508 2 2 1 2 574 576 575
3509 2 2 1 2 1196 2350 917
3510 2 2 1 2 963 1403 961
3511 2 2 1 2 749 751 750
3512 2 2 1 2 712 2396 697
3513 2 2 1 2 931 932 906
3514 2 2 1 2 940 941 932
3515 2 2 1 2 750 1079 748
3516 2 2 1 2 751 752 750
3517 2 2 1 2 1223 1421 1222
3518 2 2 1 2 1137 1200 1139
3519 2 2 1 2 735 1413 684
3520 2 2 1 2 2039 2397 2383
3521 2 2 1 2 1430 1550 1530
3522 2 2 1 2 1492 2344 1355
3523 2 2 1 2 904 925 903
3524 2 2 1 2 282 486 281
3525 2 2 1 2 178 487 177
3526 2 2 1 2 812 2383 814
3527 2 2 1 2 179 2358 178
3528 2 2 1 2 283 2359 282
3529 2 2 1 2 574 575 573
3530 2 2 1 2 904 926 925
3531 2 2 1 2 284 537 283
3532 2 2 1 2 180 536 179
3533 2 2 1 2 1465 2380 1565
3534 2 2 1 2 1438 1440 1439
3535 2 2 1 2 2403 2408 888
3536 2 2 1 2 181 2360 180
3537 2 2 1 2 285 2357 284
3538 2 2 1 2 1195 2367 1473
3539 2 2 1 2 182 461 181
3540 2 2 1 2 286 460 285
3541 2 2 1 2 2372 2382 798
3542 2 2 1 2 762 2379 882
3543 2 2 1 2 572 574 573
3544 2 2 1 2 2058 2424 2057
3545 2 2 1 2 570 572 571
3546 2 2 1 2 287 2365 286
3547 2 2 1 2 576 2347 578
3548 2 2 1 2 747 748 742
3549 2 2 1 2 2374 2405 1470
3550 2 2 1 2 756 871 757
3551 2 2 1 2 1128 2392 920
3552 2 2 1 2 901 936 902
3553 2 2 1 2 1198 2374 1196
3554 2 2 1 2 1503 1504 1245
3555 2 2 1 2 1134 1226 1135
3556 2 2 1 2 881 2387 2304
3557 2 2 1 2 871 901 872
3558 2 2 1 2 288 538 287
3559 2 2 1 2 1119 2375 976
3560 2 2 1 2 184 539 183
3561 2 2 1 2 901 902 872
3562 2 2 1 2 869 2367 897
3563 2 2 1 2 572 573 571
3564 2 2 1 2 1588 2392 1380
3565 2 2 1 2 749 750 748
3566 2 2 1 2 2043 2397 1398
3567 2 2 1 2 2397 2419 883
3568 2 2 1 2 1130 1229 1187
3569 2 2 1 2 572 2368 2327
3570 2 2 1 2 820 2428 822
3571 2 2 1 2 1518 1519 1517
3572 2 2 1 2 902 904 903
3573 2 2 1 2 912 2329 914
3574 2 2 1 2 692 2571 2570
3575 2 2 1 2 1708 2413 1711
3576 2 2 1 2 185 2366 184
3577 2 2 1 2 684 2368 570
3578 2 2 1 2 925 2353 1416
3579 2 2 1 2 1108 2364 964
3580 2 2 1 2 187 2369 186
3581 2 2 1 2 1722 2378 900
3582 2 2 1 2 1441 1452 1451
3583 2 2 1 2 1222 1224 1178
3584 2 2 1 2 290 488 289
3585 2 2 1 2 1242 2417 1359
3586 2 2 1 2 186 489 185
3587 2 2 1 2 761 2379 762
3588 2 2 1 2 1452 1549 1451
3589 2 2 1 2 1399 2389 2387
3590 2 2 1 2 720 727 726
3591 2 2 1 2 973 2353 926
3592 2 2 1 2 701 1082 704
3593 2 2 1 2 834 2429 885
3594 2 2 1 2 1133 2354 972
3595 2 2 1 2 566 1080 564
3596 2 2 1 2 2036 2403 1400
3597 2 2 1 2 961 2379 761
3598 2 2 1 2 972 2354 974
3599 2 2 1 2 963 2364 1574
3600 2 2 1 2 740 2415 1682
3601 2 2 1 2 697 2396 683
3602 2 2 1 2 1516 1517 1515
3603 2 2 1 2 871 872 757
3604 2 2 1 2 897 2367 1195
3605 2 2 1 2 1472 1589 1418
3606 2 2 1 2 1359 1541 1525
3607 2 2 1 2 552 1127 550
3608 2 2 1 2 1363 1514 1513
3609 2 2 1 2 1217 1388 1248
3610 2 2 1 2 1200 1367 1201
3611 2 2 1 2 1117 1148 1105
3612 2 2 1 2 2418 2432 884
3613 2 2 1 2 1402 2419 2043
3614 2 2 1 2 728 1204 712
3615 2 2 1 2 974 2354 1119
3616 2 2 1 2 756 757 737
3617 2 2 1 2 2070 2438 2069
3618 2 2 1 2 562 732 560
3619 2 2 1 2 926 2353 925
3620 2 2 1 2 2383 2397 883
3621 2 2 1 2 1401 2418 2058
3622 2 2 1 2 1204 2396 712
3623 2 2 1 2 957 2399 2302
3624 2 2 1 2 889 1081 911
3625 2 2 1 2 1422 2455 1415
3626 2 2 1 2 1447 1588 1380
3627 2 2 1 2 1413 2368 684
3628 2 2 1 2 1483 2431 1374
3629 2 2 1 2 1200 1409 1367
3630 2 2 1 2 1417 1472 1418
3631 2 2 1 2 570 2368 572
3632 2 2 1 2 2416 2442 2281
3633 2 2 1 2 1417 1418 1226
3634 2 2 1 2 953 2440 830
3635 2 2 1 2 1134 1417 1226
3636 2 2 1 2 1250 1528 1457
3637 2 2 1 2 1441 1451 1440
3638 2 2 1 2 744 866 865
3639 2 2 1 2 188 2370 187
3640 2 2 1 2 968 2011 966
3641 2 2 1 2 862 2402 864
3642 2 2 1 2 1438 1441 1440
3643 2 2 1 2 1250 2400 1528
3644 2 2 1 2 1478 2354 1133
3645 2 2 1 2 1402 2422 2419
3646 2 2 1 2 2056 2422 1402
3647 2 2 1 2 1361 1450 1426
3648 2 2 1 2 1115 1116 941
3649 2 2 1 2 1403 2379 961
3650 2 2 1 2 2063 2418 1401
3651 2 2 1 2 1682 2421 1203
3652 2 2 1 2 177 2420 176
3653 2 2 1 2 1224 2450 2426
3654 2 2 1 2 556 894 554
3655 2 2 1 2 714 2425 581
3656 2 2 1 2 980 2435 1120
3657 2 2 1 2 1256 2405 2374
3658 2 2 1 2 758 2415 740
3659 2 2 1 2 1487 1489 1488
3660 2 2 1 2 1742 2423 699
3661 2 2 1 2 2038 2408 2036
3662 2 2 1 2 2434 2441 885
3663 2 2 1 2 1432 2517 1680
3664 2 2 1 2 2340 2416 2281
3665 2 2 1 2 1107 2329 912
3666 2 2 1 2 2408 2412 888
3667 2 2 1 2 1409 1459 1367
3668 2 2 1 2 1388 1605 1460
3669 2 2 1 2 876 2415 758
3670 2 2 1 2 1388 1460 1389
3671 2 2 1 2 1112 1206 1185
3672 2 2 1 2 2058 2428 2424
3673 2 2 1 2 774 2406 878
3674 2 2 1 2 174 2390 173
3675 2 2 1 2 900 2378 921
3676 2 2 1 2 1365 2373 1221
3677 2 2 1 2 1391 1619 1393
3678 2 2 1 2 1721 2427 945
3679 2 2 1 2 293 503 292
3680 2 2 1 2 2436 2438 953
3681 2 2 1 2 189 504 188
3682 2 2 1 2 2036 2408 2403
3683 2 2 1 2 2387 2389 2304
3684 2 2 1 2 2073 2434 1404
3685 2 2 1 2 1079 2393 748
3686 2 2 1 2 2375 2435 978
3687 2 2 1 2 888 2412 810
3688 2 2 1 2 1469 1562 1467
3689 2 2 1 2 1135 2381 1137
3690 2 2 1 2 2114 2462 2117
3691 2 2 1 2 822 2414 824
3692 2 2 1 2 1445 2491 1565
3693 2 2 1 2 279 501 278
3694 2 2 1 2 175 502 174
3695 2 2 1 2 904 2384 971
3696 2 2 1 2 936 2384 902
3697 2 2 1 2 1226 2437 2381
3698 2 2 1 2 1226 2381 1135
3699 2 2 1 2 1221 2373 1228
3700 2 2 1 2 1180 2376 1225
3701 2 2 1 2 548 1570 546
3702 2 2 1 2 1381 2473 1641
3703 2 2 1 2 1155 2411 2353
3704 2 2 1 2 1656 2449 1189
3705 2 2 1 2 294 2388 293
3706 2 2 1 2 902 2384 904
3707 2 2 1 2 1590 2437 1418
3708 2 2 1 2 1984 2592 2540
3709 2 2 1 2 1751 2502 2425
3710 2 2 1 2 2337 2401 757
3711 2 2 1 2 571 2395 568
3712 2 2 1 2 914 2329 1112
3713 2 2 1 2 173 2391 172
3714 2 2 1 2 1416 2411 1428
3715 2 2 1 2 921 2378 1134
3716 2 2 1 2 2414 2418 884
3717 2 2 1 2 941 1083 932
3718 2 2 1 2 1400 2403 2399
3719 2 2 1 2 2353 2411 1416
3720 2 2 1 2 1366 2385 1430
3721 2 2 1 2 883 2419 2292
3722 2 2 1 2 1539 2373 1365
3723 2 2 1 2 748 2393 742
3724 2 2 1 2 1514 1515 1513
3725 2 2 1 2 742 2393 735
3726 2 2 1 2 1137 2381 1200
3727 2 2 1 2 568 2395 566
3728 2 2 1 2 1227 2376 1180
3729 2 2 1 2 2384 2426 1476
3730 2 2 1 2 906 1405 876
3731 2 2 1 2 2110 2462 2111
3732 2 2 1 2 735 2393 1413
3733 2 2 1 2 887 2442 2416
3734 2 2 1 2 1207 1214 1116
3735 2 2 1 2 2419 2422 2292
3736 2 2 1 2 1517 1526 1515
3737 2 2 1 2 178 2358 487
3738 2 2 1 2 282 2359 486
3739 2 2 1 2 2754 2759 1371
3740 2 2 1 2 1186 1242 1148
3741 2 2 1 2 536 2358 179
3742 2 2 1 2 537 2359 283
3743 2 2 1 2 1406 2432 2063
3744 2 2 1 2 2292 2422 955
3745 2 2 1 2 284 2357 537
3746 2 2 1 2 180 2360 536
3747 2 2 1 2 460 2357 285
3748 2 2 1 2 461 2360 181
3749 2 2 1 2 2401 2455 1204
3750 2 2 1 2 1405 2484 1652
3751 2 2 1 2 1477 2450 1481
3752 2 2 1 2 1225 2376 1458
3753 2 2 1 2 1404 2434 2071
3754 2 2 1 2 286 2365 460
3755 2 2 1 2 1359 1487 1244
3756 2 2 1 2 2399 2403 2302
3757 2 2 1 2 276 507 275
3758 2 2 1 2 172 508 171
3759 2 2 1 2 737 2401 728
3760 2 2 1 2 1206 1362 1240
3761 2 2 1 2 2426 2450 1476
3762 2 2 1 2 1406 2436 2432
3763 2 2 1 2 2057 2424 2056
3764 2 2 1 2 699 2423 701
3765 2 2 1 2 1441 2446 1453
3766 2 2 1 2 2069 2436 1406
3767 2 2 1 2 1458 2385 1366
3768 2 2 1 2 538 2365 287
3769 2 2 1 2 887 2416 2402
3770 2 2 1 2 1105 2011 968
3771 2 2 1 2 566 2395 1080
3772 2 2 1 2 1473 2416 2340
3773 2 2 1 2 2058 2418 2414
3774 2 2 1 2 1194 2472 2469
3775 2 2 1 2 2438 2440 953
3776 2 2 1 2 955 2428 820
3777 2 2 1 2 184 2366 539
3778 2 2 1 2 1430 2385 1550
3779 2 2 1 2 564 2404 562
3780 2 2 1 2 2337 2455 2401
3781 2 2 1 2 487 2420 177
3782 2 2 1 2 1359 1525 1487
3783 2 2 1 2 1405 2415 876
3784 2 2 1 2 1200 2381 1409
3785 2 2 1 2 1080 2404 564
3786 2 2 1 2 757 2401 737
3787 2 2 1 2 1250 1361 1215
3788 2 2 1 2 489 2366 185
3789 2 2 1 2 728 2401 1204
3790 2 2 1 2 1528 1542 1457
3791 2 2 1 2 186 2369 489
3792 2 2 1 2 1426 2447 1215
3793 2 2 1 2 945 2427 2334
3794 2 2 1 2 1134 2378 1417
3795 2 2 1 2 581 2425 579
3796 2 2 1 2 2352 2446 1436
3797 2 2 1 2 1106 2433 931
3798 2 2 1 2 832 2429 834
3799 2 2 1 2 562 2404 732
3800 2 2 1 2 1224 2426 1178
3801 2 2 1 2 1467 2409 1447
3802 2 2 1 2 2227 2487 2229
3803 2 2 1 2 2381 2437 1409
3804 2 2 1 2 1556 2463 1557
3805 2 2 1 2 884 2432 2284
3806 2 2 1 2 2199 2443 2201
3807 2 2 1 2 550 2394 548
3808 2 2 1 2 690 2589 2586
3809 2 2 1 2 1250 1457 1361
3810 2 2 1 2 1389 2410 1391
3811 2 2 1 2 2429 2434 885
3812 2 2 1 2 1192 2467 1756
3813 2 2 1 2 978 2435 980
3814 2 2 1 2 2432 2436 2284
3815 2 2 1 2 1242 1359 1244
3816 2 2 1 2 1245 2400 1214
3817 2 2 1 2 1178 2426 936
3818 2 2 1 2 1753 2499 1752
3819 2 2 1 2 1374 2431 1492
3820 2 2 1 2 2284 2436 953
3821 2 2 1 2 936 2426 2384
3822 2 2 1 2 187 2370 2369
3823 2 2 1 2 832 2440 2429
3824 2 2 1 2 701 2423 1082
3825 2 2 1 2 2429 2440 2071
3826 2 2 1 2 1516 2475 1518
3827 2 2 1 2 1460 2410 1389
3828 2 2 1 2 2422 2424 955
3829 2 2 1 2 2056 2424 2422
3830 2 2 1 2 1407 2441 2073
3831 2 2 1 2 2287 2439 477
3832 2 2 1 2 2071 2438 2070
3833 2 2 1 2 1359 2417 1541
3834 2 2 1 2 1407 2444 2441
3835 2 2 1 2 2402 2416 1473
3836 2 2 1 2 2424 2428 955
3837 2 2 1 2 1214 1250 1215
3838 2 2 1 2 2281 2442 1412
3839 2 2 1 2 2074 2444 1407
3840 2 2 1 2 1488 2452 1244
3841 2 2 1 2 1436 2446 1438
3842 2 2 1 2 830 2440 832
3843 2 2 1 2 2442 2453 1412
3844 2 2 1 2 1447 2409 1588
3845 2 2 1 2 2074 2445 2444
3846 2 2 1 2 1361 2407 1450
3847 2 2 1 2 1410 2445 2074
3848 2 2 1 2 1242 1244 1148
3849 2 2 1 2 1189 2449 1217
3850 2 2 1 2 1120 2468 982
3851 2 2 1 2 1531 1532 1504
3852 2 2 1 2 1410 2448 2445
3853 2 2 1 2 1214 1215 1116
3854 2 2 1 2 2206 2443 2199
3855 2 2 1 2 2091 2448 1410
3856 2 2 1 2 718 2550 2543
3857 2 2 1 2 1127 2394 550
3858 2 2 1 2 885 2441 2275
3859 2 2 1 2 1391 2410 1619
3860 2 2 1 2 2091 2451 2448
3861 2 2 1 2 2306 2442 887
3862 2 2 1 2 1772 2554 2529
3863 2 2 1 2 2441 2444 2275
3864 2 2 1 2 1363 1513 1491
3865 2 2 1 2 1411 2451 2091
3866 2 2 1 2 504 2370 188
3867 2 2 1 2 1412 2453 2289
3868 2 2 1 2 1562 2409 1467
3869 2 2 1 2 2275 2444 951
3870 2 2 1 2 1411 2454 2451
3871 2 2 1 2 296 509 295
3872 2 2 1 2 192 510 191
3873 2 2 1 2 1418 2437 1226
3874 2 2 1 2 2306 2453 2442
3875 2 2 1 2 2458 2460 1408
3876 2 2 1 2 2444 2445 951
3877 2 2 1 2 2271 2454 1411
3878 2 2 1 2 2271 2456 2454
3879 2 2 1 2 951 2445 2270
3880 2 2 1 2 1425 2482 1424
3881 2 2 1 2 1414 2456 2271
3882 2 2 1 2 1457 2407 1361
3883 2 2 1 2 2289 2458 1408
3884 2 2 1 2 2445 2448 2270
3885 2 2 1 2 1414 2457 2456
3886 2 2 1 2 1214 2400 1250
3887 2 2 1 2 2071 2434 2429
3888 2 2 1 2 1363 2461 1514
3889 2 2 1 2 1363 1491 1362
3890 2 2 1 2 2453 2458 2289
3891 2 2 1 2 1727 2485 1375
3892 2 2 1 2 1709 2496 2413
3893 2 2 1 2 2270 2448 891
3894 2 2 1 2 2084 2457 1414
3895 2 2 1 2 2084 2459 2457
3896 2 2 1 2 2286 2460 2459
3897 2 2 1 2 1408 2460 2286
3898 2 2 1 2 2448 2451 891
3899 2 2 1 2 2286 2459 2084
3900 2 2 1 2 502 2390 174
3901 2 2 1 2 891 2451 2093
3902 2 2 1 2 1206 1363 1362
3903 2 2 1 2 548 2394 1570
3904 2 2 1 2 2451 2454 2093
3905 2 2 1 2 293 2388 503
3906 2 2 1 2 1194 2469 1722
3907 2 2 1 2 986 2478 1121
3908 2 2 1 2 1388 2449 1605
3909 2 2 1 2 2390 2391 173
3910 2 2 1 2 2093 2454 949
3911 2 2 1 2 2454 2456 949
3912 2 2 1 2 947 2453 2306
3913 2 2 1 2 1453 2474 1484
3914 2 2 1 2 949 2456 2266
3915 2 2 1 2 1504 2400 1245
3916 2 2 1 2 2268 2460 2458
3917 2 2 1 2 2456 2457 2266
3918 2 2 1 2 2071 2440 2438
3919 2 2 1 2 2268 2458 947
3920 2 2 1 2 717 2476 587
3921 2 2 1 2 947 2458 2453
3922 2 2 1 2 2266 2457 892
3923 2 2 1 2 2474 2479 1484
3924 2 2 1 2 2457 2459 892
3925 2 2 1 2 1108 2523 1569
3926 2 2 1 2 2459 2460 2267
3927 2 2 1 2 892 2459 2267
3928 2 2 1 2 2267 2460 2268
3929 2 2 1 2 1438 2446 1441
3930 2 2 1 2 1476 2450 1477
3931 2 2 1 2 1755 2514 2476
3932 2 2 1 2 1750 2499 1751
3933 2 2 1 2 941 2447 1083
3934 2 2 1 2 1475 2494 1474
3935 2 2 1 2 2588 2641 586
3936 2 2 1 2 1217 2449 1388
3937 2 2 1 2 1431 2466 1627
3938 2 2 1 2 172 2391 508
3939 2 2 1 2 714 2501 2425
3940 2 2 1 2 2111 2462 2114
3941 2 2 1 2 2106 2481 2109
3942 2 2 1 2 2104 2481 2102
3943 2 2 1 2 2469 2472 1472
3944 2 2 1 2 1756 2467 1636
3945 2 2 1 2 2581 2637 596
3946 2 2 1 2 1415 2455 2337
3947 2 2 1 2 766 2500 1717
3948 2 2 1 2 2378 2469 1417
3949 2 2 1 2 1385 2477 2472
3950 2 2 1 2 1116 2447 941
3951 2 2 1 2 1177 2479 1076
3952 2 2 1 2 724 2502 2499
3953 2 2 1 2 1722 2469 2378
3954 2 2 1 2 2572 2626 602
3955 2 2 1 2 1420 2464 2395
3956 2 2 1 2 2565 2618 608
3957 2 2 1 2 1678 2467 1192
3958 2 2 1 2 1105 2452 2011
3959 2 2 1 2 2558 2611 614
3960 2 2 1 2 714 2509 2501
3961 2 2 1 2 1590 2465 2437
3962 2 2 1 2 1676 2472 1194
3963 2 2 1 2 1148 2452 1105
3964 2 2 1 2 1432 2519 2517
3965 2 2 1 2 1409 2465 1459
3966 2 2 1 2 882 2506 1720
3967 2 2 1 2 1215 2447 1116
3968 2 2 1 2 1602 2473 1381
3969 2 2 1 2 1121 2492 988
3970 2 2 1 2 1709 2508 2496
3971 2 2 1 2 1718 2485 1719
3972 2 2 1 2 2446 2474 1453
3973 2 2 1 2 1204 2471 2396
3974 2 2 1 2 2395 2464 1080
3975 2 2 1 2 1193 2496 2332
3976 2 2 1 2 518 2649 1549
3977 2 2 1 2 1244 2452 1148
3978 2 2 1 2 1751 2501 1748
3979 2 2 1 2 1779 2574 2546
3980 2 2 1 2 2396 2471 1744
3981 2 2 1 2 2437 2465 1409
3982 2 2 1 2 1700 2670 1132
3983 2 2 1 2 1422 2471 2455
3984 2 2 1 2 982 2468 984
3985 2 2 1 2 720 2483 727
3986 2 2 1 2 1082 2483 704
3987 2 2 1 2 1514 2493 1516
3988 2 2 1 2 2509 2514 1755
3989 2 2 1 2 1472 2477 1589
3990 2 2 1 2 716 2567 2559
3991 2 2 1 2 992 2498 1143
3992 2 2 1 2 2228 2487 2227
3993 2 2 1 2 575 2490 573
3994 2 2 1 2 727 2486 726
3995 2 2 1 2 1755 2504 1737
3996 2 2 1 2 687 2613 2612
3997 2 2 1 2 2583 2614 2327
3998 2 2 1 2 2329 2461 1112
3999 2 2 1 2 1672 2516 1444
4000 2 2 1 2 1486 2538 2533
4001 2 2 1 2 2413 2496 1193
4002 2 2 1 2 2352 2474 2446
4003 2 2 1 2 1132 2669 1700
4004 2 2 1 2 2334 2480 2423
4005 2 2 1 2 744 2489 866
4006 2 2 1 2 2455 2471 1204
4007 2 2 1 2 1376 2512 1753
4008 2 2 1 2 2356 2485 1718
4009 2 2 1 2 1417 2469 1472
4010 2 2 1 2 1112 2461 1206
4011 2 2 1 2 2103 2503 2124
4012 2 2 1 2 2129 2503 2126
4013 2 2 1 2 2468 2478 984
4014 2 2 1 2 1083 2484 932
4015 2 2 1 2 2031 2508 1709
4016 2 2 1 2 906 2484 1405
4017 2 2 1 2 2425 2501 1751
4018 2 2 1 2 1206 2461 1363
4019 2 2 1 2 705 2621 2619
4020 2 2 1 2 1086 2479 2474
4021 2 2 1 2 597 2505 595
4022 2 2 1 2 1518 2475 1522
4023 2 2 1 2 1176 2684 2221
4024 2 2 1 2 764 2500 766
4025 2 2 1 2 2031 2518 2508
4026 2 2 1 2 1573 2547 894
4027 2 2 1 2 579 2502 577
4028 2 2 1 2 996 2507 1146
4029 2 2 1 2 1143 2507 994
4030 2 2 1 2 1754 2509 1755
4031 2 2 1 2 1494 2763 2318
4032 2 2 1 2 1086 2474 2352
4033 2 2 1 2 984 2478 986
4034 2 2 1 2 587 2476 585
4035 2 2 1 2 2763 2766 2318
4036 2 2 1 2 686 2629 2627
4037 2 2 1 2 2471 2495 1744
4038 2 2 1 2 1786 2594 2562
4039 2 2 1 2 2526 2754 1371
4040 2 2 1 2 2221 2689 1176
4041 2 2 1 2 2134 2513 2131
4042 2 2 1 2 2128 2513 2129
4043 2 2 1 2 1878 2518 1879
4044 2 2 1 2 715 2587 2582
4045 2 2 1 2 1422 2495 2471
4046 2 2 1 2 2472 2477 1472
4047 2 2 1 2 1076 2479 1086
4048 2 2 1 2 1549 2647 518
4049 2 2 1 2 1177 2671 1741
4050 2 2 1 2 2758 2763 1494
4051 2 2 1 2 2400 2470 1528
4052 2 2 1 2 585 2514 583
4053 2 2 1 2 1686 2480 2334
4054 2 2 1 2 1681 2527 732
4055 2 2 1 2 1000 2520 1149
4056 2 2 1 2 1146 2520 998
4057 2 2 1 2 1960 2639 2633
4058 2 2 1 2 1424 2482 1688
4059 2 2 1 2 2461 2493 1514
4060 2 2 1 2 717 2504 2476
4061 2 2 1 2 2102 2481 2106
4062 2 2 1 2 1504 2470 2400
4063 2 2 1 2 1506 2536 1536
4064 2 2 1 2 2318 2766 1495
4065 2 2 1 2 889 2510 1081
4066 2 2 1 2 704 2483 720
4067 2 2 1 2 2518 2521 1879
4068 2 2 1 2 1532 2470 1504
4069 2 2 1 2 866 2510 865
4070 2 2 1 2 640 2525 642
4071 2 2 1 2 1879 2521 1881
4072 2 2 1 2 1345 2526 1343
4073 2 2 1 2 2766 2768 1495
4074 2 2 1 2 1375 2485 2356
4075 2 2 1 2 1428 2495 1422
4076 2 2 1 2 2379 2506 882
4077 2 2 1 2 2133 2528 2134
4078 2 2 1 2 2139 2528 2136
4079 2 2 1 2 603 2529 601
4080 2 2 1 2 932 2484 906
4081 2 2 1 2 726 2486 733
4082 2 2 1 2 2476 2504 1755
4083 2 2 1 2 2330 2522 717
4084 2 2 1 2 2449 2497 1605
4085 2 2 1 2 959 2532 2530
4086 2 2 1 2 2423 2480 1082
4087 2 2 1 2 573 2490 1420
4088 2 2 1 2 1004 2534 1152
4089 2 2 1 2 1149 2534 1002
4090 2 2 1 2 1439 2538 1437
4091 2 2 1 2 733 2489 744
4092 2 2 1 2 1881 2531 1883
4093 2 2 1 2 2329 2493 2461
4094 2 2 1 2 1091 2542 2032
4095 2 2 1 2 911 2515 1107
4096 2 2 1 2 2032 2537 695
4097 2 2 1 2 988 2492 990
4098 2 2 1 2 1680 2517 2464
4099 2 2 1 2 1652 2494 1475
4100 2 2 1 2 2486 2489 733
4101 2 2 1 2 1495 2768 2312
4102 2 2 1 2 1762 2532 1765
4103 2 2 1 2 2229 2674 2230
4104 2 2 1 2 2407 2712 493
4105 2 2 1 2 1656 2497 2449
4106 2 2 1 2 2138 2539 2139
4107 2 2 1 2 2144 2539 2141
4108 2 2 1 2 1091 2545 2542
4109 2 2 1 2 2768 2771 2312
4110 2 2 1 2 2330 2530 2522
4111 2 2 1 2 595 2535 593
4112 2 2 1 2 2607 2608 1932
4113 2 2 1 2 2011 2523 1108
4114 2 2 1 2 630 2540 632
4115 2 2 1 2 717 2522 2504
4116 2 2 1 2 2464 2517 1080
4117 2 2 1 2 732 2527 560
4118 2 2 1 2 1752 2499 1750
4119 2 2 1 2 2521 2531 1881
4120 2 2 1 2 1107 2493 2329
4121 2 2 1 2 2035 2545 1091
4122 2 2 1 2 959 2530 2330
4123 2 2 1 2 2332 2496 1725
4124 2 2 1 2 2492 2498 990
4125 2 2 1 2 1339 2541 1337
4126 2 2 1 2 1765 2543 1764
4127 2 2 1 2 1744 2495 1147
4128 2 2 1 2 2531 2537 1883
4129 2 2 1 2 1008 2544 1158
4130 2 2 1 2 1152 2544 1006
4131 2 2 1 2 1645 2497 1656
4132 2 2 1 2 2035 2548 2545
4133 2 2 1 2 556 2533 894
4134 2 2 1 2 2032 2542 2537
4135 2 2 1 2 694 2548 2035
4136 2 2 1 2 990 2498 992
4137 2 2 1 2 609 2546 607
4138 2 2 1 2 2649 2666 1549
4139 2 2 1 2 2151 2549 2146
4140 2 2 1 2 2143 2549 2144
4141 2 2 1 2 2490 2512 1420
4142 2 2 1 2 1767 2550 1769
4143 2 2 1 2 2312 2771 1383
4144 2 2 1 2 694 2551 2548
4145 2 2 1 2 2494 2524 1474
4146 2 2 1 2 2771 2773 1383
4147 2 2 1 2 2496 2508 1725
4148 2 2 1 2 2475 2515 1522
4149 2 2 1 2 2049 2551 694
4150 2 2 1 2 1012 2553 1122
4151 2 2 1 2 1158 2553 1010
4152 2 2 1 2 1103 2604 2602
4153 2 2 1 2 2602 2604 1928
4154 2 2 1 2 882 2500 764
4155 2 2 1 2 1107 2515 2475
4156 2 2 1 2 2049 2552 2551
4157 2 2 1 2 1748 2501 1747
4158 2 2 1 2 1753 2512 2490
4159 2 2 1 2 2126 2503 2103
4160 2 2 1 2 1095 2552 2049
4161 2 2 1 2 714 2514 2509
4162 2 2 1 2 577 2502 724
4163 2 2 1 2 2154 2556 2150
4164 2 2 1 2 2148 2556 2151
4165 2 2 1 2 552 2547 1127
4166 2 2 1 2 1672 2675 2645
4167 2 2 1 2 612 2558 614
4168 2 2 1 2 1809 2656 2630
4169 2 2 1 2 1772 2559 1771
4170 2 2 1 2 1095 2555 2552
4171 2 2 1 2 1998 2579 1079
4172 2 2 1 2 1737 2504 1738
4173 2 2 1 2 894 2547 554
4174 2 2 1 2 718 2505 597
4175 2 2 1 2 2269 2555 1095
4176 2 2 1 2 615 2562 613
4177 2 2 1 2 1122 2563 1014
4178 2 2 1 2 2501 2509 1747
4179 2 2 1 2 2269 2557 2555
4180 2 2 1 2 1774 2567 1776
4181 2 2 1 2 2532 2535 1765
4182 2 2 1 2 1325 2566 1323
4183 2 2 1 2 606 2565 608
4184 2 2 1 2 954 2652 2651
4185 2 2 1 2 994 2507 996
4186 2 2 1 2 693 2557 2269
4187 2 2 1 2 1018 2569 1172
4188 2 2 1 2 1725 2508 919
4189 2 2 1 2 1904 2571 1906
4190 2 2 1 2 693 2561 2557
4191 2 2 1 2 1129 2693 2230
4192 2 2 1 2 1403 2506 2379
4193 2 2 1 2 2524 2560 1474
4194 2 2 1 2 2048 2573 752
4195 2 2 1 2 600 2572 602
4196 2 2 1 2 1747 2509 1754
4197 2 2 1 2 2541 2758 1494
4198 2 2 1 2 2273 2561 693
4199 2 2 1 2 2165 2577 2160
4200 2 2 1 2 2156 2577 2155
4201 2 2 1 2 1319 2578 1317
4202 2 2 1 2 2508 2518 919
4203 2 2 1 2 1983 2580 1908
4204 2 2 1 2 865 2510 889
4205 2 2 1 2 1403 2511 2506
4206 2 2 1 2 2273 2564 2561
4207 2 2 1 2 1820 2673 2655
4208 2 2 1 2 1779 2582 1778
4209 2 2 1 2 2504 2522 1738
4210 2 2 1 2 1672 2645 2516
4211 2 2 1 2 594 2581 596
4212 2 2 1 2 1574 2511 1403
4213 2 2 1 2 2447 2524 1083
4214 2 2 1 2 2131 2513 2128
4215 2 2 1 2 1101 2564 2273
4216 2 2 1 2 1488 2523 2452
4217 2 2 1 2 1172 2585 1020
4218 2 2 1 2 1022 2585 1123
4219 2 2 1 2 752 2573 750
4220 2 2 1 2 1444 2516 1544
4221 2 2 1 2 583 2514 714
4222 2 2 1 2 1101 2568 2564
4223 2 2 1 2 1781 2587 1783
4224 2 2 1 2 1914 2589 1916
4225 2 2 1 2 1313 2590 1311
4226 2 2 1 2 919 2518 1878
4227 2 2 1 2 1081 2515 911
4228 2 2 1 2 2276 2568 1101
4229 2 2 1 2 2168 2591 2164
4230 2 2 1 2 2162 2591 2165
4231 2 2 1 2 584 2588 586
4232 2 2 1 2 952 2664 2663
4233 2 2 1 2 2276 2570 2568
4234 2 2 1 2 1984 2593 1918
4235 2 2 1 2 2031 2521 2518
4236 2 2 1 2 1080 2517 2404
4237 2 2 1 2 692 2570 2276
4238 2 2 1 2 998 2520 1000
4239 2 2 1 2 1123 2595 1024
4240 2 2 1 2 601 2554 599
4241 2 2 1 2 1707 2521 2031
4242 2 2 1 2 1786 2598 1785
4243 2 2 1 2 1474 2560 1237
4244 2 2 1 2 1738 2522 1740
4245 2 2 1 2 1669 2634 1668
4246 2 2 1 2 642 2576 644
4247 2 2 1 2 2404 2519 732
4248 2 2 1 2 2368 2583 2327
4249 2 2 1 2 2505 2543 1765
4250 2 2 1 2 2530 2532 1761
4251 2 2 1 2 1028 2601 1173
4252 2 2 1 2 1420 2512 2464
4253 2 2 1 2 1092 2525 640
4254 2 2 1 2 1343 2526 1371
4255 2 2 1 2 1426 2524 2447
4256 2 2 1 2 2179 2605 2176
4257 2 2 1 2 2136 2528 2133
4258 2 2 1 2 1985 2611 2558
4259 2 2 1 2 2170 2605 2169
4260 2 2 1 2 1299 2606 1297
4261 2 2 1 2 1740 2530 1761
4262 2 2 1 2 560 2527 558
4263 2 2 1 2 716 2529 603
4264 2 2 1 2 1083 2524 2494
4265 2 2 1 2 1554 2701 1421
4266 2 2 1 2 1079 2579 2393
4267 2 2 1 2 1932 2608 1934
4268 2 2 1 2 2522 2530 1740
4269 2 2 1 2 510 2575 191
4270 2 2 1 2 1843 2697 2683
4271 2 2 1 2 2517 2519 2404
4272 2 2 1 2 1488 2599 2523
4273 2 2 1 2 1761 2532 1762
4274 2 2 1 2 1707 2531 2521
4275 2 2 1 2 1986 2618 2565
4276 2 2 1 2 1173 2610 1030
4277 2 2 1 2 616 2611 706
4278 2 2 1 2 1032 2610 1174
4279 2 2 1 2 1850 2702 2686
4280 2 2 1 2 2339 2531 1707
4281 2 2 1 2 1985 2612 1936
4282 2 2 1 2 1938 2613 1940
4283 2 2 1 2 2769 2777 1397
4284 2 2 1 2 1092 2584 2580
4285 2 2 1 2 460 2716 2357
4286 2 2 1 2 558 2533 556
4287 2 2 1 2 1548 2701 1554
4288 2 2 1 2 1987 2626 2572
4289 2 2 1 2 2527 2533 558
4290 2 2 1 2 2282 2584 1092
4291 2 2 1 2 2184 2616 2181
4292 2 2 1 2 502 2774 1628
4293 2 2 1 2 2178 2616 2179
4294 2 2 1 2 1604 2536 1506
4295 2 2 1 2 1002 2534 1004
4296 2 2 1 2 1986 2619 1942
4297 2 2 1 2 610 2618 687
4298 2 2 1 2 2452 2523 2011
4299 2 2 1 2 1426 2560 2524
4300 2 2 1 2 2282 2586 2584
4301 2 2 1 2 1289 2620 1287
4302 2 2 1 2 1944 2621 1946
4303 2 2 1 2 1988 2637 2581
4304 2 2 1 2 2547 2623 1127
4305 2 2 1 2 2339 2537 2531
4306 2 2 1 2 690 2586 2282
4307 2 2 1 2 1987 2627 1948
4308 2 2 1 2 1174 2625 1034
4309 2 2 1 2 1036 2625 1175
4310 2 2 1 2 2694 2695 709
4311 2 2 1 2 1989 2641 2588
4312 2 2 1 2 604 2626 705
4313 2 2 1 2 1982 2614 2583
4314 2 2 1 2 1950 2629 1952
4315 2 2 1 2 491 2649 264
4316 2 2 1 2 1989 2636 1964
4317 2 2 1 2 637 2630 635
4318 2 2 1 2 593 2535 959
4319 2 2 1 2 1988 2635 1954
4320 2 2 1 2 1960 2633 1962
4321 2 2 1 2 1437 2538 1486
4322 2 2 1 2 263 2649 518
4323 2 2 1 2 518 2648 262
4324 2 2 1 2 2635 2640 1956
4325 2 2 1 2 632 2592 634
4326 2 2 1 2 2191 2638 2186
4327 2 2 1 2 2183 2638 2184
4328 2 2 1 2 598 2637 686
4329 2 2 1 2 261 2648 480
4330 2 2 1 2 2141 2539 2138
4331 2 2 1 2 1100 2640 2635
4332 2 2 1 2 1097 2540 630
4333 2 2 1 2 695 2537 2339
4334 2 2 1 2 599 2554 718
4335 2 2 1 2 2696 2699 708
4336 2 2 1 2 588 2641 688
4337 2 2 1 2 1279 2643 1277
4338 2 2 1 2 505 2732 1541
4339 2 2 1 2 1175 2644 1038
4340 2 2 1 2 1040 2644 1124
4341 2 2 1 2 1337 2541 1494
4342 2 2 1 2 1883 2542 1884
4343 2 2 1 2 1569 2599 1483
4344 2 2 1 2 718 2543 2505
4345 2 2 1 2 607 2574 605
4346 2 2 1 2 2194 2650 2190
4347 2 2 1 2 2188 2650 2191
4348 2 2 1 2 2542 2545 1884
4349 2 2 1 2 2537 2542 1883
4350 2 2 1 2 2523 2599 1569
4351 2 2 1 2 1764 2543 1767
4352 2 2 1 2 1006 2544 1008
4353 2 2 1 2 2529 2559 1772
4354 2 2 1 2 959 2535 2532
4355 2 2 1 2 1097 2596 2593
4356 2 2 1 2 1884 2545 1886
4357 2 2 1 2 1804 2652 1806
4358 2 2 1 2 2291 2596 1097
4359 2 2 1 2 1124 2653 1042
4360 2 2 1 2 605 2574 716
4361 2 2 1 2 1545 2647 1454
4362 2 2 1 2 2545 2548 1886
4363 2 2 1 2 2291 2597 2596
4364 2 2 1 2 1452 2647 1549
4365 2 2 1 2 715 2546 609
4366 2 2 1 2 554 2547 552
4367 2 2 1 2 1966 2636 2632
4368 2 2 1 2 2776 2781 1419
4369 2 2 1 2 1886 2548 1888
4370 2 2 1 2 689 2597 2291
4371 2 2 1 2 2632 2636 1090
4372 2 2 1 2 647 2655 645
4373 2 2 1 2 1046 2654 1125
4374 2 2 1 2 2146 2549 2143
4375 2 2 1 2 689 2600 2597
4376 2 2 1 2 1769 2550 1772
4377 2 2 1 2 2548 2551 1888
4378 2 2 1 2 2525 2580 1983
4379 2 2 1 2 2296 2600 689
4380 2 2 1 2 1888 2551 1890
4381 2 2 1 2 1499 2784 2299
4382 2 2 1 2 1809 2659 1808
4383 2 2 1 2 2296 2602 2600
4384 2 2 1 2 2203 2658 2200
4385 2 2 1 2 2551 2552 1890
4386 2 2 1 2 2784 2785 2299
4387 2 2 1 2 611 2594 715
4388 2 2 1 2 1103 2602 2296
4389 2 2 1 2 1890 2552 1892
4390 2 2 1 2 1440 2657 1443
4391 2 2 1 2 1010 2553 1012
4392 2 2 1 2 2196 2658 2195
4393 2 2 1 2 1443 2623 1573
4394 2 2 1 2 2552 2555 1892
4395 2 2 1 2 1928 2604 1930
4396 2 2 1 2 2299 2785 1500
4397 2 2 1 2 1125 2662 1048
4398 2 2 1 2 1252 2661 1251
4399 2 2 1 2 1490 2719 1461
4400 2 2 1 2 1892 2555 1894
4401 2 2 1 2 1815 2664 1817
4402 2 2 1 2 2785 2787 1500
4403 2 2 1 2 2604 2607 1930
4404 2 2 1 2 2555 2557 1894
4405 2 2 1 2 1930 2607 1932
4406 2 2 1 2 706 2611 2608
4407 2 2 1 2 2150 2556 2148
4408 2 2 1 2 1894 2557 1896
4409 2 2 1 2 1695 2670 1700
4410 2 2 1 2 1239 2675 1672
4411 2 2 1 2 1696 2670 1693
4412 2 2 1 2 1500 2787 2295
4413 2 2 1 2 1052 2667 1126
4414 2 2 1 2 687 2558 612
4415 2 2 1 2 613 2594 611
4416 2 2 1 2 2557 2561 1896
4417 2 2 1 2 1129 2668 1064
4418 2 2 1 2 2787 2788 2295
4419 2 2 1 2 2546 2582 1779
4420 2 2 1 2 1771 2559 1774
4421 2 2 1 2 1068 2669 1132
4422 2 2 1 2 1132 2672 1070
4423 2 2 1 2 1896 2561 1898
4424 2 2 1 2 2780 2784 1499
4425 2 2 1 2 2540 2593 1984
4426 2 2 1 2 1074 2671 1177
4427 2 2 1 2 1655 2691 517
4428 2 2 1 2 2561 2564 1898
4429 2 2 1 2 2220 2677 2217
4430 2 2 1 2 1820 2676 1819
4431 2 2 1 2 1239 2678 2675
4432 2 2 1 2 2205 2677 2204
4433 2 2 1 2 958 2562 615
4434 2 2 1 2 1014 2563 1016
4435 2 2 1 2 1898 2564 1900
4436 2 2 1 2 2295 2788 1423
4437 2 2 1 2 644 2576 692
4438 2 2 1 2 687 2618 2613
4439 2 2 1 2 1450 2560 1426
4440 2 2 1 2 2731 2778 1611
4441 2 2 1 2 1092 2580 2525
4442 2 2 1 2 2564 2568 1900
4443 2 2 1 2 2788 2789 1423
4444 2 2 1 2 2566 2769 1397
4445 2 2 1 2 705 2565 606
4446 2 2 1 2 1323 2566 1397
4447 2 2 1 2 1776 2567 1779
4448 2 2 1 2 2798 2822 1661
4449 2 2 1 2 2563 2569 1016
4450 2 2 1 2 1900 2568 1902
4451 2 2 1 2 2313 2678 1239
4452 2 2 1 2 2568 2570 1902
4453 2 2 1 2 1126 2680 1054
4454 2 2 1 2 1016 2569 1018
4455 2 2 1 2 1902 2570 1904
4456 2 2 1 2 634 2592 690
4457 2 2 1 2 1854 2704 2687
4458 2 2 1 2 705 2626 2621
4459 2 2 1 2 191 2575 190
4460 2 2 1 2 669 2683 667
4461 2 2 1 2 1906 2571 1983
4462 2 2 1 2 716 2559 2529
4463 2 2 1 2 686 2572 600
4464 2 2 1 2 706 2608 2607
4465 2 2 1 2 1058 2684 1176
4466 2 2 1 2 750 2573 1079
4467 2 2 1 2 2633 2639 688
4468 2 2 1 2 675 2686 673
4469 2 2 1 2 958 2603 2598
4470 2 2 1 2 2160 2577 2156
4471 2 2 1 2 2230 2689 2226
4472 2 2 1 2 1147 2687 2320
4473 2 2 1 2 2222 2689 2221
4474 2 2 1 2 1317 2578 1419
4475 2 2 1 2 1127 2623 1669
4476 2 2 1 2 2264 2706 1480
4477 2 2 1 2 1908 2580 1910
4478 2 2 1 2 686 2637 2629
4479 2 2 1 2 2301 2603 958
4480 2 2 1 2 1100 2581 594
4481 2 2 1 2 2562 2598 1786
4482 2 2 1 2 2580 2584 1910
4483 2 2 1 2 2579 2583 1413
4484 2 2 1 2 1778 2582 1781
4485 2 2 1 2 633 2656 954
4486 2 2 1 2 2393 2579 1413
4487 2 2 1 2 1910 2584 1912
4488 2 2 1 2 2301 2609 2603
4489 2 2 1 2 1573 2623 2547
4490 2 2 1 2 1413 2583 2368
4491 2 2 1 2 1838 2694 1840
4492 2 2 1 2 1020 2585 1022
4493 2 2 1 2 1176 2693 1060
4494 2 2 1 2 1062 2693 1129
4495 2 2 1 2 2584 2586 1912
4496 2 2 1 2 1501 2793 2285
4497 2 2 1 2 1912 2586 1914
4498 2 2 1 2 2793 2794 2285
4499 2 2 1 2 2558 2612 1985
4500 2 2 1 2 1783 2587 1786
4501 2 2 1 2 723 2609 2301
4502 2 2 1 2 1956 2640 1958
4503 2 2 1 2 1090 2588 584
4504 2 2 1 2 1916 2589 1984
4505 2 2 1 2 1311 2590 1499
4506 2 2 1 2 1097 2593 2540
4507 2 2 1 2 1974 2614 1982
4508 2 2 1 2 688 2641 2633
4509 2 2 1 2 2578 2776 1419
4510 2 2 1 2 1845 2696 1847
4511 2 2 1 2 1958 2639 1960
4512 2 2 1 2 718 2554 2550
4513 2 2 1 2 2285 2794 1427
4514 2 2 1 2 1970 2624 1972
4515 2 2 1 2 1546 2705 1548
4516 2 2 1 2 723 2615 2609
4517 2 2 1 2 2164 2591 2162
4518 2 2 1 2 1970 2628 2624
4519 2 2 1 2 1972 2617 1974
4520 2 2 1 2 1966 2632 1968
4521 2 2 1 2 1974 2617 2614
4522 2 2 1 2 2794 2795 1427
4523 2 2 1 2 1958 2640 2639
4524 2 2 1 2 1621 2772 539
4525 2 2 1 2 1843 2699 1842
4526 2 2 1 2 1480 2707 2264
4527 2 2 1 2 1968 2628 1970
4528 2 2 1 2 281 2698 280
4529 2 2 1 2 2565 2619 1986
4530 2 2 1 2 2297 2615 723
4531 2 2 1 2 1918 2593 1920
4532 2 2 1 2 1481 2705 1546
4533 2 2 1 2 2593 2596 1920
4534 2 2 1 2 643 2673 952
4535 2 2 1 2 1850 2703 1849
4536 2 2 1 2 2122 2706 2264
4537 2 2 1 2 2297 2622 2615
4538 2 2 1 2 1024 2595 1026
4539 2 2 1 2 1557 2709 520
4540 2 2 1 2 1920 2596 1922
4541 2 2 1 2 1854 2687 1428
4542 2 2 1 2 1968 2632 2628
4543 2 2 1 2 1701 2674 1702
4544 2 2 1 2 2596 2597 1922
4545 2 2 1 2 1972 2624 2617
4546 2 2 1 2 1519 2700 1517
4547 2 2 1 2 2572 2627 1987
4548 2 2 1 2 956 2622 2297
4549 2 2 1 2 1922 2597 1924
4550 2 2 1 2 2595 2601 1026
4551 2 2 1 2 2786 2793 1501
4552 2 2 1 2 1785 2598 1788
4553 2 2 1 2 2597 2600 1924
4554 2 2 1 2 1222 2701 1224
4555 2 2 1 2 1924 2600 1926
4556 2 2 1 2 194 2726 193
4557 2 2 1 2 956 2631 2622
4558 2 2 1 2 1026 2601 1028
4559 2 2 1 2 1489 2599 1488
4560 2 2 1 2 2598 2603 1788
4561 2 2 1 2 2600 2602 1926
4562 2 2 1 2 2581 2635 1988
4563 2 2 1 2 201 2709 493
4564 2 2 1 2 1926 2602 1928
4565 2 2 1 2 520 2709 202
4566 2 2 1 2 2294 2631 956
4567 2 2 1 2 715 2582 2546
4568 2 2 1 2 2588 2636 1989
4569 2 2 1 2 1788 2603 1790
4570 2 2 1 2 716 2574 2567
4571 2 2 1 2 2298 2604 1103
4572 2 2 1 2 2120 2706 2119
4573 2 2 1 2 1502 2799 2278
4574 2 2 1 2 2294 2642 2631
4575 2 2 1 2 2176 2605 2170
4576 2 2 1 2 2550 2554 1772
4577 2 2 1 2 2298 2607 2604
4578 2 2 1 2 2590 2780 1499
4579 2 2 1 2 1297 2606 1501
4580 2 2 1 2 2799 2800 2278
4581 2 2 1 2 2603 2609 1790
4582 2 2 1 2 706 2607 2298
4583 2 2 1 2 1668 2634 1671
4584 2 2 1 2 1934 2608 1985
4585 2 2 1 2 2727 2744 1586
4586 2 2 1 2 711 2642 2294
4587 2 2 1 2 2278 2800 1442
4588 2 2 1 2 1790 2609 1792
4589 2 2 1 2 1479 2707 1480
4590 2 2 1 2 1596 2811 1598
4591 2 2 1 2 1480 2708 1478
4592 2 2 1 2 2800 2801 1442
4593 2 2 1 2 711 2646 2642
4594 2 2 1 2 1030 2610 1032
4595 2 2 1 2 614 2611 616
4596 2 2 1 2 2609 2615 1792
4597 2 2 1 2 1119 2708 2120
4598 2 2 1 2 1936 2612 1938
4599 2 2 1 2 2290 2646 711
4600 2 2 1 2 1224 2705 2450
4601 2 2 1 2 1940 2613 1986
4602 2 2 1 2 1655 2767 2691
4603 2 2 1 2 1792 2615 1794
4604 2 2 1 2 2327 2614 1084
4605 2 2 1 2 2614 2617 1084
4606 2 2 1 2 2354 2708 1119
4607 2 2 1 2 2290 2651 2646
4608 2 2 1 2 2181 2616 2178
4609 2 2 1 2 608 2618 610
4610 2 2 1 2 2615 2622 1794
4611 2 2 1 2 1942 2619 1944
4612 2 2 1 2 1084 2617 2347
4613 2 2 1 2 1287 2620 1502
4614 2 2 1 2 954 2651 2290
4615 2 2 1 2 1946 2621 1987
4616 2 2 1 2 715 2594 2587
4617 2 2 1 2 665 2697 709
4618 2 2 1 2 2791 2799 1502
4619 2 2 1 2 1794 2622 1796
4620 2 2 1 2 687 2612 2558
4621 2 2 1 2 2624 2628 685
4622 2 2 1 2 1540 2729 536
4623 2 2 1 2 1034 2625 1036
4624 2 2 1 2 1948 2627 1950
4625 2 2 1 2 2645 2675 1522
4626 2 2 1 2 602 2626 604
4627 2 2 1 2 2622 2631 1796
4628 2 2 1 2 2347 2624 685
4629 2 2 1 2 1952 2629 1988
4630 2 2 1 2 2617 2624 2347
4631 2 2 1 2 1568 2722 507
4632 2 2 1 2 635 2656 633
4633 2 2 1 2 685 2628 2338
4634 2 2 1 2 710 2630 637
4635 2 2 1 2 671 2702 708
4636 2 2 1 2 1964 2636 1966
4637 2 2 1 2 1507 2803 2279
4638 2 2 1 2 1796 2631 1798
4639 2 2 1 2 1954 2635 1956
4640 2 2 1 2 1962 2633 1989
4641 2 2 1 2 692 2576 2571
4642 2 2 1 2 2803 2804 2279
4643 2 2 1 2 2338 2632 1090
4644 2 2 1 2 596 2637 598
4645 2 2 1 2 2186 2638 2183
4646 2 2 1 2 2628 2632 2338
4647 2 2 1 2 2631 2642 1798
4648 2 2 1 2 2322 2640 1100
4649 2 2 1 2 688 2639 2322
4650 2 2 1 2 586 2641 588
4651 2 2 1 2 958 2598 2562
4652 2 2 1 2 2639 2640 2322
4653 2 2 1 2 2279 2804 1508
4654 2 2 1 2 705 2619 2565
4655 2 2 1 2 1586 2723 508
4656 2 2 1 2 2804 2805 1508
4657 2 2 1 2 1277 2643 1507
4658 2 2 1 2 1798 2642 1800
4659 2 2 1 2 280 2710 279
4660 2 2 1 2 2567 2574 1779
4661 2 2 1 2 1038 2644 1040
4662 2 2 1 2 2642 2646 1800
4663 2 2 1 2 1508 2805 2288
4664 2 2 1 2 1489 2756 2740
4665 2 2 1 2 2805 2806 2288
4666 2 2 1 2 1800 2646 1802
4667 2 2 1 2 2571 2576 1983
4668 2 2 1 2 2515 2645 1522
4669 2 2 1 2 1443 2657 2634
4670 2 2 1 2 1538 2729 1540
4671 2 2 1 2 507 2733 1578
4672 2 2 1 2 2630 2659 1809
4673 2 2 1 2 2288 2806 1509
4674 2 2 1 2 710 2660 2659
4675 2 2 1 2 2190 2650 2188
4676 2 2 1 2 1454 2647 1452
4677 2 2 1 2 262 2648 261
4678 2 2 1 2 690 2592 2589
4679 2 2 1 2 264 2649 263
4680 2 2 1 2 1428 2687 2495
4681 2 2 1 2 2806 2807 1509
4682 2 2 1 2 2646 2651 1802
4683 2 2 1 2 509 2724 1594
4684 2 2 1 2 686 2627 2572
4685 2 2 1 2 2608 2611 1985
4686 2 2 1 2 2283 2660 710
4687 2 2 1 2 1671 2666 491
4688 2 2 1 2 2797 2803 1507
4689 2 2 1 2 1802 2651 1804
4690 2 2 1 2 1509 2807 2300
4691 2 2 1 2 2516 2645 1081
4692 2 2 1 2 2283 2663 2660
4693 2 2 1 2 2807 2809 2300
4694 2 2 1 2 1806 2652 1809
4695 2 2 1 2 1081 2645 2515
4696 2 2 1 2 1042 2653 1044
4697 2 2 1 2 2606 2786 1501
4698 2 2 1 2 952 2663 2283
4699 2 2 1 2 2300 2809 1510
4700 2 2 1 2 2653 2654 1044
4701 2 2 1 2 2809 2812 1510
4702 2 2 1 2 1100 2635 2581
4703 2 2 1 2 1044 2654 1046
4704 2 2 1 2 722 2655 647
4705 2 2 1 2 2613 2618 1986
4706 2 2 1 2 1510 2812 2307
4707 2 2 1 2 645 2673 643
4708 2 2 1 2 2812 2813 2307
4709 2 2 1 2 2657 2666 1671
4710 2 2 1 2 1597 2734 509
4711 2 2 1 2 1536 2792 2575
4712 2 2 1 2 2307 2813 1511
4713 2 2 1 2 2813 2814 1511
4714 2 2 1 2 1090 2636 2588
4715 2 2 1 2 2589 2592 1984
4716 2 2 1 2 2200 2658 2196
4717 2 2 1 2 1702 2674 2229
4718 2 2 1 2 1468 2738 1469
4719 2 2 1 2 1808 2659 1811
4720 2 2 1 2 2587 2594 1786
4721 2 2 1 2 2621 2626 1987
4722 2 2 1 2 1451 2657 1440
4723 2 2 1 2 1511 2814 2311
4724 2 2 1 2 2814 2816 2311
4725 2 2 1 2 2659 2660 1811
4726 2 2 1 2 2655 2676 1820
4727 2 2 1 2 1811 2660 1813
4728 2 2 1 2 2311 2816 1448
4729 2 2 1 2 2816 2817 1448
4730 2 2 1 2 722 2679 2676
4731 2 2 1 2 1251 2661 1449
4732 2 2 1 2 2660 2663 1813
4733 2 2 1 2 1048 2662 1050
4734 2 2 1 2 1451 2666 2657
4735 2 2 1 2 2274 2679 722
4736 2 2 1 2 2629 2637 1988
4737 2 2 1 2 1457 2712 2407
4738 2 2 1 2 2661 2665 1449
4739 2 2 1 2 1813 2663 1815
4740 2 2 1 2 1817 2664 1820
4741 2 2 1 2 2274 2681 2679
4742 2 2 1 2 1449 2665 1527
4743 2 2 1 2 2662 2667 1050
4744 2 2 1 2 950 2681 2274
4745 2 2 1 2 2620 2791 1502
4746 2 2 1 2 1531 2720 1537
4747 2 2 1 2 1549 2666 1451
4748 2 2 1 2 950 2682 2681
4749 2 2 1 2 1050 2667 1052
4750 2 2 1 2 1064 2668 1066
4751 2 2 1 2 2633 2641 1989
4752 2 2 1 2 954 2656 2652
4753 2 2 1 2 2668 2669 1066
4754 2 2 1 2 1066 2669 1068
4755 2 2 1 2 2272 2682 950
4756 2 2 1 2 1693 2670 1695
4757 2 2 1 2 1070 2672 1072
4758 2 2 1 2 1072 2671 1074
4759 2 2 1 2 1072 2672 2671
4760 2 2 1 2 2272 2685 2682
4761 2 2 1 2 1252 2819 2661
4762 2 2 1 2 1461 2719 1572
4763 2 2 1 2 1522 2675 1520
4764 2 2 1 2 721 2685 2272
4765 2 2 1 2 1819 2676 1822
4766 2 2 1 2 2217 2677 2205
4767 2 2 1 2 721 2688 2685
4768 2 2 1 2 2675 2678 1520
4769 2 2 1 2 2676 2679 1822
4770 2 2 1 2 1523 2713 1622
4771 2 2 1 2 2064 2688 721
4772 2 2 1 2 2703 2704 1852
4773 2 2 1 2 707 2704 2703
4774 2 2 1 2 1822 2679 1824
4775 2 2 1 2 1520 2678 1521
4776 2 2 1 2 2064 2690 2688
4777 2 2 1 2 2679 2681 1824
4778 2 2 1 2 948 2690 2064
4779 2 2 1 2 1054 2680 1056
4780 2 2 1 2 1824 2681 1826
4781 2 2 1 2 948 2692 2690
4782 2 2 1 2 2681 2682 1826
4783 2 2 1 2 2065 2692 948
4784 2 2 1 2 2680 2684 1056
4785 2 2 1 2 1826 2682 1828
4786 2 2 1 2 2643 2797 1507
4787 2 2 1 2 2691 2798 1661
4788 2 2 1 2 2065 2695 2692
4789 2 2 1 2 708 2683 669
4790 2 2 1 2 1471 2820 2333
4791 2 2 1 2 952 2673 2664
4792 2 2 1 2 1279 2802 2643
4793 2 2 1 2 709 2695 2065
4794 2 2 1 2 2682 2685 1828
4795 2 2 1 2 1056 2684 1058
4796 2 2 1 2 1828 2685 1830
4797 2 2 1 2 6 2745 381
4798 2 2 1 2 8 2746 272
4799 2 2 1 2 304 2747 9
4800 2 2 1 2 667 2697 665
4801 2 2 1 2 707 2686 675
4802 2 2 1 2 273 2746 8
4803 2 2 1 2 169 2745 6
4804 2 2 1 2 2685 2688 1830
4805 2 2 1 2 9 2747 298
4806 2 2 1 2 1617 2721 291
4807 2 2 1 2 1289 2796 2620
4808 2 2 1 2 1830 2688 1832
4809 2 2 1 2 2808 2823 1527
4810 2 2 1 2 2226 2689 2222
4811 2 2 1 2 2688 2690 1832
4812 2 2 1 2 2683 2699 1843
4813 2 2 1 2 517 2691 1661
4814 2 2 1 2 1832 2690 1834
4815 2 2 1 2 2690 2692 1834
4816 2 2 1 2 1299 2790 2606
4817 2 2 1 2 1618 2718 488
4818 2 2 1 2 673 2702 671
4819 2 2 1 2 1834 2692 1836
4820 2 2 1 2 2358 2729 1533
4821 2 2 1 2 1852 2704 1854
4822 2 2 1 2 1617 2715 1614
4823 2 2 1 2 1662 2821 1663
4824 2 2 1 2 2686 2703 1850
4825 2 2 1 2 1060 2693 1062
4826 2 2 1 2 1840 2694 1843
4827 2 2 1 2 710 2659 2630
4828 2 2 1 2 1661 2822 1662
4829 2 2 1 2 2692 2695 1836
4830 2 2 1 2 2691 2767 1521
4831 2 2 1 2 1662 2822 2821
4832 2 2 1 2 1836 2695 1838
4833 2 2 1 2 1313 2782 2590
4834 2 2 1 2 1483 2740 2431
4835 2 2 1 2 541 2745 1585
4836 2 2 1 2 540 2746 1567
4837 2 2 1 2 288 2718 538
4838 2 2 1 2 1593 2747 542
4839 2 2 1 2 2495 2687 1147
4840 2 2 1 2 488 2718 289
4841 2 2 1 2 2634 2657 1671
4842 2 2 1 2 1319 2779 2578
4843 2 2 1 2 2431 2740 1654
4844 2 2 1 2 1847 2696 1850
4845 2 2 1 2 1213 2725 1186
4846 2 2 1 2 486 2698 281
4847 2 2 1 2 193 2720 192
4848 2 2 1 2 1624 2741 1625
4849 2 2 1 2 1842 2699 1845
4850 2 2 1 2 1325 2775 2566
4851 2 2 1 2 1517 2700 1526
4852 2 2 1 2 1849 2703 1852
4853 2 2 1 2 1421 2701 1222
4854 2 2 1 2 516 2826 2823
4855 2 2 1 2 2652 2656 1809
4856 2 2 1 2 2320 2704 707
4857 2 2 1 2 1339 2761 2541
4858 2 2 1 2 1540 2736 1455
4859 2 2 1 2 1641 2742 1543
4860 2 2 1 2 290 2721 488
4861 2 2 1 2 709 2697 2694
4862 2 2 1 2 1345 2757 2526
4863 2 2 1 2 1521 2767 1519
4864 2 2 1 2 2661 2819 2255
4865 2 2 1 2 307 2732 505
4866 2 2 1 2 722 2676 2655
4867 2 2 1 2 2450 2705 1481
4868 2 2 1 2 1552 2711 1530
4869 2 2 1 2 492 2735 309
4870 2 2 1 2 708 2702 2696
4871 2 2 1 2 1613 2731 1611
4872 2 2 1 2 1496 2739 1533
4873 2 2 1 2 2119 2706 2122
4874 2 2 1 2 1468 2730 2369
4875 2 2 1 2 2643 2802 2096
4876 2 2 1 2 1535 2707 1479
4877 2 2 1 2 1653 2756 492
4878 2 2 1 2 2620 2796 2239
4879 2 2 1 2 1530 2711 1529
4880 2 2 1 2 1478 2708 2354
4881 2 2 1 2 514 2743 1654
4882 2 2 1 2 202 2709 201
4883 2 2 1 2 1584 2744 1587
4884 2 2 1 2 2606 2790 2252
4885 2 2 1 2 1503 2770 1531
4886 2 2 1 2 276 2733 507
4887 2 2 1 2 2665 2808 1527
4888 2 2 1 2 1525 2737 1487
4889 2 2 1 2 374 2755 490
4890 2 2 1 2 294 2734 2388
4891 2 2 1 2 1654 2743 2431
4892 2 2 1 2 2590 2782 2245
4893 2 2 1 2 2578 2779 2242
4894 2 2 1 2 2566 2775 2261
4895 2 2 1 2 2664 2673 1820
4896 2 2 1 2 1877 2753 1876
4897 2 2 1 2 466 2754 1877
4898 2 2 1 2 509 2734 295
4899 2 2 1 2 376 2764 375
4900 2 2 1 2 2541 2761 2248
4901 2 2 1 2 2248 2759 2247
4902 2 2 1 2 2526 2757 1877
4903 2 2 1 2 531 2758 2248
4904 2 2 1 2 1369 2757 1347
4905 2 2 1 2 464 2769 2261
4906 2 2 1 2 1371 2761 1341
4907 2 2 1 2 2261 2773 2260
4908 2 2 1 2 498 2776 2242
4909 2 2 1 2 516 2823 367
4910 2 2 1 2 2242 2777 2241
4911 2 2 1 2 1383 2775 1327
4912 2 2 1 2 478 2780 2245
4913 2 2 1 2 2245 2781 2244
4914 2 2 1 2 1397 2779 1321
4915 2 2 1 2 1419 2782 1315
4916 2 2 1 2 2255 2817 2254
4917 2 2 1 2 463 2786 2252
4918 2 2 1 2 2252 2789 2251
4919 2 2 1 2 1423 2790 1301
4920 2 2 1 2 462 2791 2239
4921 2 2 1 2 365 2808 473
4922 2 2 1 2 1237 2783 1223
4923 2 2 1 2 1448 2819 1254
4924 2 2 1 2 2239 2795 2238
4925 2 2 1 2 470 2797 2096
4926 2 2 1 2 1427 2796 1291
4927 2 2 1 2 1362 2751 1364
4928 2 2 1 2 2096 2801 2095
4929 2 2 1 2 1442 2802 1281
4930 2 2 1 2 1553 2716 1552
4931 2 2 1 2 182 2772 461
4932 2 2 1 2 539 2772 183
4933 2 2 1 2 1526 2765 1515
4934 2 2 1 2 2420 2774 176
4935 2 2 1 2 2463 2783 1237
4936 2 2 1 2 175 2774 502
4937 2 2 1 2 2711 2829 1529
4938 2 2 1 2 1524 2830 1523
4939 2 2 1 2 1606 2762 495
4940 2 2 1 2 189 2792 504
4941 2 2 1 2 2764 2765 1526
4942 2 2 1 2 1556 2783 2463
4943 2 2 1 2 1598 2811 2725
4944 2 2 1 2 1582 2717 1579
4945 2 2 1 2 1877 2754 2526
4946 2 2 1 2 2740 2756 1654
4947 2 2 1 2 2762 2765 495
4948 2 2 1 2 1599 2778 2731
4949 2 2 1 2 279 2710 501
4950 2 2 1 2 2248 2758 2541
4951 2 2 1 2 1537 2726 543
4952 2 2 1 2 508 2727 1586
4953 2 2 1 2 512 2760 1606
4954 2 2 1 2 708 2699 2683
4955 2 2 1 2 2261 2769 2566
4956 2 2 1 2 707 2703 2686
4957 2 2 1 2 274 2722 1567
4958 2 2 1 2 493 2714 2407
4959 2 2 1 2 2242 2776 2578
4960 2 2 1 2 170 2723 1585
4961 2 2 1 2 2760 2762 1606
4962 2 2 1 2 2245 2780 2590
4963 2 2 1 2 1593 2724 297
4964 2 2 1 2 538 2829 2711
4965 2 2 1 2 2252 2786 2606
4966 2 2 1 2 2694 2697 1843
4967 2 2 1 2 2239 2791 2620
4968 2 2 1 2 2096 2797 2643
4969 2 2 1 2 538 2711 2365
4970 2 2 1 2 2575 2792 190
4971 2 2 1 2 1512 2825 2405
4972 2 2 1 2 2696 2702 1850
4973 2 2 1 2 473 2808 2665
4974 2 2 1 2 1542 2712 1457
4975 2 2 1 2 1665 2826 516
4976 2 2 1 2 507 2722 275
4977 2 2 1 2 508 2723 171
4978 2 2 1 2 296 2724 509
4979 2 2 1 2 490 2755 2700
4980 2 2 1 2 1533 2729 1538
4981 2 2 1 2 2698 2830 1524
4982 2 2 1 2 489 2730 1543
4983 2 2 1 2 2700 2755 1526
4984 2 2 1 2 2709 2714 493
4985 2 2 1 2 1466 2730 1468
4986 2 2 1 2 1541 2824 505
4987 2 2 1 2 1490 2828 2719
4988 2 2 1 2 1616 2721 1617
4989 2 2 1 2 2366 2742 539
4990 2 2 1 2 539 2742 2473
4991 2 2 1 2 1622 2713 1490
4992 2 2 1 2 502 2741 2390
4993 2 2 1 2 2466 2741 502
4994 2 2 1 2 1489 2740 2599
4995 2 2 1 2 510 2770 2575
4996 2 2 1 2 492 2756 2737
4997 2 2 1 2 275 2722 274
4998 2 2 1 2 543 2827 195
4999 2 2 1 2 171 2723 170
5000 2 2 1 2 297 2724 296
5001 2 2 1 2 1614 2715 1613
5002 2 2 1 2 1543 2730 1466
5003 2 2 1 2 1579 2717 1581
5004 2 2 1 2 1572 2716 1553
5005 2 2 1 2 1450 2818 2560
5006 2 2 1 2 1620 2736 461
5007 2 2 1 2 487 2739 2420
5008 2 2 1 2 2420 2739 1497
5009 2 2 1 2 289 2718 288
5010 2 2 1 2 461 2736 2360
5011 2 2 1 2 2391 2810 508
5012 2 2 1 2 2575 2770 1505
5013 2 2 1 2 1469 2738 2536
5014 2 2 1 2 192 2720 510
5015 2 2 1 2 1582 2733 277
5016 2 2 1 2 504 2738 2370
5017 2 2 1 2 1578 2733 1582
5018 2 2 1 2 1557 2714 2709
5019 2 2 1 2 1567 2722 1568
5020 2 2 1 2 1585 2723 1586
5021 2 2 1 2 1594 2724 1593
5022 2 2 1 2 291 2721 290
5023 2 2 1 2 1624 2810 2391
5024 2 2 1 2 1186 2725 1243
5025 2 2 1 2 2536 2738 504
5026 2 2 1 2 1611 2778 1213
5027 2 2 1 2 536 2729 2358
5028 2 2 1 2 2678 2798 1521
5029 2 2 1 2 2463 2728 1557
5030 2 2 1 2 2369 2730 489
5031 2 2 1 2 1521 2798 2691
5032 2 2 1 2 1455 2736 1620
5033 2 2 1 2 308 2735 2732
5034 2 2 1 2 2313 2822 2798
5035 2 2 1 2 308 2732 307
5036 2 2 1 2 277 2733 276
5037 2 2 1 2 295 2734 294
5038 2 2 1 2 309 2735 308
5039 2 2 1 2 1487 2737 1489
5040 2 2 1 2 1523 2830 2713
5041 2 2 1 2 1497 2739 1496
5042 2 2 1 2 1625 2741 2466
5043 2 2 1 2 2823 2826 1527
5044 2 2 1 2 1587 2760 512
5045 2 2 1 2 195 2827 7
5046 2 2 1 2 1623 2810 1624
5047 2 2 1 2 381 2745 541
5048 2 2 1 2 272 2746 540
5049 2 2 1 2 542 2747 304
5050 2 2 1 2 2473 2742 1641
5051 2 2 1 2 482 2748 1659
5052 2 2 1 2 482 2749 2748
5053 2 2 1 2 1659 2748 2743
5054 2 2 1 2 1659 2743 514
5055 2 2 1 2 1586 2744 1584
5056 2 2 1 2 513 2750 1684
5057 2 2 1 2 1684 2749 482
5058 2 2 1 2 1684 2750 2749
5059 2 2 1 2 513 2752 2750
5060 2 2 1 2 2599 2740 1483
5061 2 2 1 2 1757 2752 513
5062 2 2 1 2 1757 2753 2752
5063 2 2 1 2 2718 2829 538
5064 2 2 1 2 1876 2753 1757
5065 2 2 1 2 1654 2756 1653
5066 2 2 1 2 2249 2754 466
5067 2 2 1 2 375 2755 374
5068 2 2 1 2 1491 2751 1362
5069 2 2 1 2 2249 2759 2754
5070 2 2 1 2 1347 2757 1345
5071 2 2 1 2 2258 2758 531
5072 2 2 1 2 2247 2759 2249
5073 2 2 1 2 495 2764 376
5074 2 2 1 2 2258 2763 2758
5075 2 2 1 2 1505 2770 1503
5076 2 2 1 2 1341 2761 1339
5077 2 2 1 2 490 2767 1655
5078 2 2 1 2 465 2763 2258
5079 2 2 1 2 465 2766 2763
5080 2 2 1 2 2256 2766 465
5081 2 2 1 2 2256 2768 2766
5082 2 2 1 2 7 2827 194
5083 2 2 1 2 1598 2778 1599
5084 2 2 1 2 533 2768 2256
5085 2 2 1 2 533 2771 2768
5086 2 2 1 2 2240 2769 464
5087 2 2 1 2 2259 2771 533
5088 2 2 1 2 1513 2762 1491
5089 2 2 1 2 2259 2773 2771
5090 2 2 1 2 1513 2765 2762
5091 2 2 1 2 1515 2765 1513
5092 2 2 1 2 183 2772 182
5093 2 2 1 2 2260 2773 2259
5094 2 2 1 2 1657 2815 1595
5095 2 2 1 2 2240 2777 2769
5096 2 2 1 2 176 2774 175
5097 2 2 1 2 1327 2775 1325
5098 2 2 1 2 2243 2776 498
5099 2 2 1 2 1491 2762 2760
5100 2 2 1 2 2241 2777 2240
5101 2 2 1 2 2243 2781 2776
5102 2 2 1 2 495 2765 2764
5103 2 2 1 2 2257 2780 478
5104 2 2 1 2 1321 2779 1319
5105 2 2 1 2 2244 2781 2243
5106 2 2 1 2 2257 2784 2780
5107 2 2 1 2 1315 2782 1313
5108 2 2 1 2 1223 2783 1421
5109 2 2 1 2 532 2784 2257
5110 2 2 1 2 532 2785 2784
5111 2 2 1 2 537 2828 2359
5112 2 2 1 2 2246 2785 532
5113 2 2 1 2 2246 2787 2785
5114 2 2 1 2 2097 2786 463
5115 2 2 1 2 1595 2811 1596
5116 2 2 1 2 496 2787 2246
5117 2 2 1 2 496 2788 2787
5118 2 2 1 2 1663 2820 1665
5119 2 2 1 2 2250 2788 496
5120 2 2 1 2 2728 2818 1450
5121 2 2 1 2 2250 2789 2788
5122 2 2 1 2 2251 2789 2250
5123 2 2 1 2 2097 2793 2786
5124 2 2 1 2 1301 2790 1299
5125 2 2 1 2 505 2824 1657
5126 2 2 1 2 2232 2791 462
5127 2 2 1 2 521 2793 2097
5128 2 2 1 2 190 2792 189
5129 2 2 1 2 1657 2824 2815
5130 2 2 1 2 521 2794 2793
5131 2 2 1 2 2237 2794 521
5132 2 2 1 2 2237 2795 2794
5133 2 2 1 2 2232 2799 2791
5134 2 2 1 2 2238 2795 2237
5135 2 2 1 2 2313 2798 2678
5136 2 2 1 2 1291 2796 1289
5137 2 2 1 2 2235 2797 470
5138 2 2 1 2 522 2799 2232
5139 2 2 1 2 522 2800 2799
5140 2 2 1 2 2094 2800 522
5141 2 2 1 2 2094 2801 2800
5142 2 2 1 2 2235 2803 2797
5143 2 2 1 2 2095 2801 2094
5144 2 2 1 2 1281 2802 1279
5145 2 2 1 2 1529 2829 1618
5146 2 2 1 2 530 2803 2235
5147 2 2 1 2 530 2804 2803
5148 2 2 1 2 2234 2804 530
5149 2 2 1 2 2234 2805 2804
5150 2 2 1 2 485 2805 2234
5151 2 2 1 2 485 2806 2805
5152 2 2 1 2 2233 2806 485
5153 2 2 1 2 2233 2807 2806
5154 2 2 1 2 535 2807 2233
5155 2 2 1 2 1243 2815 2417
5156 2 2 1 2 535 2809 2807
5157 2 2 1 2 366 2808 365
5158 2 2 1 2 2262 2809 535
5159 2 2 1 2 2262 2812 2809
5160 2 2 1 2 479 2812 2262
5161 2 2 1 2 479 2813 2812
5162 2 2 1 2 2236 2813 479
5163 2 2 1 2 2236 2814 2813
5164 2 2 1 2 366 2823 2808
5165 2 2 1 2 1237 2818 2463
5166 2 2 1 2 2405 2825 1471
5167 2 2 1 2 526 2814 2236
5168 2 2 1 2 526 2816 2814
5169 2 2 1 2 2253 2816 526
5170 2 2 1 2 2253 2817 2816
5171 2 2 1 2 2254 2817 2253
5172 2 2 1 2 367 2823 366
5173 2 2 1 2 1254 2819 1252
5174 2 2 1 2 2333 2821 1357
5175 2 2 1 2 2821 2822 1357
5176 2 2 1 2 1357 2822 2313
5177 2 2 1 2 1527 2826 1512
5178 2 2 1 2 2815 2824 2417
5179 2 2 1 2 2726 2827 543
5180 2 2 1 2 2417 2824 1541
5181 2 2 1 2 2560 2818 1237
5182 2 2 1 2 1595 2815 2811
5183 2 2 1 2 1557 2728 2714
5184 2 2 1 2 2811 2815 1243
5185 2 2 1 2 508 2810 2727
5186 2 2 1 2 2715 2731 1613
5187 2 2 1 2 486 2830 2698
5188 2 2 1 2 2713 2830 486
5189 2 2 1 2 2737 2756 1489
5190 2 2 1 2 2727 2810 1623
5191 2 2 1 2 2719 2828 537
5192 2 2 1 2 1618 2829 2718
5193 2 2 1 2 2751 2760 1587
5194 2 2 1 2 1491 2760 2751
5195 2 2 1 2 2725 2811 1243
5196 2 2 1 2 2463 2818 2728
5197 2 2 1 2 194 2827 2726
5198 2 2 1 2 1471 2825 2820
5199 2 2 1 2 2820 2825 1665
5200 2 2 2 3 332 2838 333
5201 2 2 2 3 339 2839 340
5202 2 2 2 3 342 2841 343
5203 2 2 2 3 345 2843 346
5204 2 2 2 3 349 2845 350
5205 2 2 2 3 354 2847 355
5206 2 2 2 3 356 2848 357
5207 2 2 2 3 359 2849 360
5208 2 2 2 3 364 2851 365
5209 2 2 2 3 366 2852 367
5210 2 2 2 3 370 2853 371
5211 2 2 2 3 371 2854 372
5212 2 2 2 3 372 2855 373
5213 2 2 2 3 373 2856 374
5214 2 2 2 3 375 2857 376
5215 2 2 2 3 377 2858 378
5216 2 2 2 3 381 2832 6
5217 2 2 2 3 321 2836 322
5218 2 2 2 3 327 2837 328
5219 2 2 2 3 340 2840 341
5220 2 2 2 3 344 2842 345
5221 2 2 2 3 347 2844 348
5222 2 2 2 3 361 2850 362
5223 2 2 2 3 378 2859 379
5224 2 2 2 3 380 2860 381
5225 2 2 2 3 351 2846 352
5226 2 2 2 3 325 2862 326
5227 2 2 2 3 330 2864 331
5228 2 2 2 3 333 2865 334
5229 2 2 2 3 335 2866 336
5230 2 2 2 3 337 2867 338
5231 2 2 2 3 329 2863 330
5232 2 2 2 3 430 2846 429
5233 2 2 2 3 312 2900 313
5234 2 2 2 3 315 2901 316
5235 2 2 2 3 322 2902 323
5236 2 2 2 3 324 2903 325
5237 2 2 2 3 357 2896 358
5238 2 2 2 3 310 2877 311
5239 2 2 2 3 311 2878 312
5240 2 2 2 3 314 2880 315
5241 2 2 2 3 316 2881 317
5242 2 2 2 3 317 2882 318
5243 2 2 2 3 318 2883 319
5244 2 2 2 3 319 2884 320
5245 2 2 2 3 320 2885 321
5246 2 2 2 3 323 2886 324
5247 2 2 2 3 326 2887 327
5248 2 2 2 3 328 2888 329
5249 2 2 2 3 331 2889 332
5250 2 2 2 3 334 2890 335
5251 2 2 2 3 336 2891 337
5252 2 2 2 3 338 2868 339
5253 2 2 2 3 343 2869 344
5254 2 2 2 3 348 2870 349
5255 2 2 2 3 350 2892 351
5256 2 2 2 3 352 2893 353
5257 2 2 2 3 353 2894 354
5258 2 2 2 3 355 2895 356
5259 2 2 2 3 358 2897 359
5260 2 2 2 3 360 2871 361
5261 2 2 2 3 362 2872 363
5262 2 2 2 3 363 2873 364
5263 2 2 2 3 5 2832 459
5264 2 2 2 3 400 2836 399
5265 2 2 2 3 406 2837 405
5266 2 2 2 3 411 2838 410
5267 2 2 2 3 418 2839 417
5268 2 2 2 3 419 2840 418
5269 2 2 2 3 421 2841 420
5270 2 2 2 3 423 2842 422
5271 2 2 2 3 424 2843 423
5272 2 2 2 3 426 2844 425
5273 2 2 2 3 428 2845 427
5274 2 2 2 3 433 2847 432
5275 2 2 2 3 435 2848 434
5276 2 2 2 3 438 2849 437
5277 2 2 2 3 440 2850 439
5278 2 2 2 3 443 2851 442
5279 2 2 2 3 445 2852 444
5280 2 2 2 3 449 2853 448
5281 2 2 2 3 450 2854 449
5282 2 2 2 3 451 2855 450
5283 2 2 2 3 452 2856 451
5284 2 2 2 3 454 2857 453
5285 2 2 2 3 456 2858 455
5286 2 2 2 3 457 2859 456
5287 2 2 2 3 459 2860 458
5288 2 2 2 3 307 2861 308
5289 2 2 2 3 308 2898 309
5290 2 2 2 3 309 2899 310
5291 2 2 2 3 367 2875 368
5292 2 2 2 3 368 2876 369
5293 2 2 2 3 384 2834 383
5294 2 2 2 3 382 2831 10
5295 2 2 2 3 365 2874 366
5296 2 2 2 3 408 2863 407
5297 2 2 2 3 404 2862 403
5298 2 2 2 3 409 2864 408
5299 2 2 2 3 412 2865 411
5300 2 2 2 3 414 2866 413
5301 2 2 2 3 416 2867 415
5302 2 2 2 3 386 2861 385
5303 2 2 2 3 388 2899 387
5304 2 2 2 3 444 2874 443
5305 2 2 2 3 305 2834 306
5306 2 2 2 3 9 2831 304
5307 2 2 2 3 304 2833 305
5308 2 2 2 3 306 2835 307
5309 2 2 2 3 446 2875 445
5310 2 2 2 3 447 2876 446
5311 2 2 2 3 313 2879 314
5312 2 2 2 3 391 2900 390
5313 2 2 2 3 394 2901 393
5314 2 2 2 3 401 2902 400
5315 2 2 2 3 403 2903 402
5316 2 2 2 3 436 2896 435
5317 2 2 2 3 389 2877 388
5318 2 2 2 3 390 2878 389
5319 2 2 2 3 393 2880 392
5320 2 2 2 3 395 2881 394
5321 2 2 2 3 396 2882 395
5322 2 2 2 3 397 2883 396
5323 2 2 2 3 398 2884 397
5324 2 2 2 3 399 2885 398
5325 2 2 2 3 402 2886 401
5326 2 2 2 3 405 2887 404
5327 2 2 2 3 407 2888 406
5328 2 2 2 3 410 2889 409
5329 2 2 2 3 413 2890 412
5330 2 2 2 3 415 2891 414
5331 2 2 2 3 417 2868 416
5332 2 2 2 3 422 2869 421
5333 2 2 2 3 427 2870 426
5334 2 2 2 3 429 2892 428
5335 2 2 2 3 431 2893 430
5336 2 2 2 3 432 2894 431
5337 2 2 2 3 434 2895 433
5338 2 2 2 3 437 2897 436
5339 2 2 2 3 439 2871 438
5340 2 2 2 3 441 2872 440
5341 2 2 2 3 442 2873 441
5342 2 2 2 3 341 2904 342
5343 2 2 2 3 346 2905 347
5344 2 2 2 3 369 2906 370
5345 2 2 2 3 374 2907 375
5346 2 2 2 3 376 2908 377
5347 2 2 2 3 379 2909 380
5348 2 2 2 3 392 2879 391
5349 2 2 2 3 383 2833 382
5350 2 2 2 3 385 2835 384
5351 2 2 2 3 387 2898 386
5352 2 2 2 3 420 2904 419
5353 2 2 2 3 425 2905 424
5354 2 2 2 3 448 2906 447
5355 2 2 2 3 453 2907 452
5356 2 2 2 3 455 2908 454
5357 2 2 2 3 458 2909 457
5358 2 2 2 3 306 2834 384
5359 2 2 2 3 10 2831 9
5360 2 2 2 3 453 2857 375
5361 2 2 2 3 459 2832 381
5362 2 2 2 3 385 2861 307
5363 2 2 2 3 311 2877 389
5364 2 2 2 3 387 2899 309
5365 2 2 2 3 369 2876 447
5366 2 2 2 3 447 2906 369
5367 2 2 2 3 378 2858 456
5368 2 2 2 3 395 2882 317
5369 2 2 2 3 373 2855 451
5370 2 2 2 3 375 2907 453
5371 2 2 2 3 389 2878 311
5372 2 2 2 3 314 2879 392
5373 2 2 2 3 316 2901 394
5374 2 2 2 3 377 2908 455
5375 2 2 2 3 456 2859 378
5376 2 2 2 3 309 2898 387
5377 2 2 2 3 397 2884 319
5378 2 2 2 3 451 2856 373
5379 2 2 2 3 307 2835 385
5380 2 2 2 3 321 2885 399
5381 2 2 2 3 359 2897 437
5382 2 2 2 3 443 2874 365
5383 2 2 2 3 448 2853 370
5384 2 2 2 3 380 2909 458
5385 2 2 2 3 392 2880 314
5386 2 2 2 3 400 2902 322
5387 2 2 2 3 405 2837 327
5388 2 2 2 3 327 2887 405
5389 2 2 2 3 407 2863 329
5390 2 2 2 3 329 2888 407
5391 2 2 2 3 333 2838 411
5392 2 2 2 3 357 2848 435
5393 2 2 2 3 365 2851 443
5394 2 2 2 3 367 2852 445
5395 2 2 2 3 372 2854 450
5396 2 2 2 3 403 2862 325
5397 2 2 2 3 331 2864 409
5398 2 2 2 3 435 2896 357
5399 2 2 2 3 319 2883 397
5400 2 2 2 3 324 2886 402
5401 2 2 2 3 402 2903 324
5402 2 2 2 3 439 2850 361
5403 2 2 2 3 429 2846 351
5404 2 2 2 3 345 2842 423
5405 2 2 2 3 336 2866 414
5406 2 2 2 3 350 2845 428
5407 2 2 2 3 353 2893 431
5408 2 2 2 3 355 2847 433
5409 2 2 2 3 433 2895 355
5410 2 2 2 3 360 2849 438
5411 2 2 2 3 340 2839 418
5412 2 2 2 3 343 2841 421
5413 2 2 2 3 423 2843 345
5414 2 2 2 3 390 2900 312
5415 2 2 2 3 394 2881 316
5416 2 2 2 3 399 2836 321
5417 2 2 2 3 322 2836 400
5418 2 2 2 3 411 2865 333
5419 2 2 2 3 418 2840 340
5420 2 2 2 3 341 2840 419
5421 2 2 2 3 425 2844 347
5422 2 2 2 3 348 2844 426
5423 2 2 2 3 438 2871 360
5424 2 2 2 3 440 2872 362
5425 2 2 2 3 338 2867 416
5426 2 2 2 3 417 2839 339
5427 2 2 2 3 346 2843 424
5428 2 2 2 3 349 2870 427
5429 2 2 2 3 420 2841 342
5430 2 2 2 3 339 2868 417
5431 2 2 2 3 422 2842 344
5432 2 2 2 3 344 2869 422
5433 2 2 2 3 427 2845 349
5434 2 2 2 3 432 2847 354
5435 2 2 2 3 354 2894 432
5436 2 2 2 3 437 2849 359
5437 2 2 2 3 412 2890 334
5438 2 2 2 3 414 2891 336
5439 2 2 2 3 415 2867 337
5440 2 2 2 3 351 2892 429
5441 2 2 2 3 382 2833 304
5442 2 2 2 3 305 2833 383
5443 2 2 2 3 313 2900 391
5444 2 2 2 3 409 2889 331
5445 2 2 2 3 332 2889 410
5446 2 2 2 3 334 2865 412
5447 2 2 2 3 352 2846 430
5448 2 2 2 3 362 2850 440
5449 2 2 2 3 441 2873 363
5450 2 2 2 3 364 2873 442
5451 2 2 2 3 445 2875 367
5452 2 2 2 3 368 2875 446
5453 2 2 2 3 458 2860 380
5454 2 2 2 3 381 2860 459
5455 2 2 2 3 335 2890 413
5456 2 2 2 3 337 2891 415
5457 2 2 2 3 416 2868 338
5458 2 2 2 3 421 2869 343
5459 2 2 2 3 428 2892 350
5460 2 2 2 3 413 2866 335
5461 2 2 2 3 342 2904 420
5462 2 2 2 3 347 2905 425
5463 2 2 2 3 426 2870 348
5464 2 2 2 3 431 2894 353
5465 2 2 2 3 317 2881 395
5466 2 2 2 3 325 2903 403
5467 2 2 2 3 326 2862 404
5468 2 2 2 3 328 2837 406
5469 2 2 2 3 408 2864 330
5470 2 2 2 3 410 2838 332
5471 2 2 2 3 419 2904 341
5472 2 2 2 3 424 2905 346
5473 2 2 2 3 430 2893 352
5474 2 2 2 3 434 2848 356
5475 2 2 2 3 356 2895 434
5476 2 2 2 3 361 2871 439
5477 2 2 2 3 363 2872 441
5478 2 2 2 3 442 2851 364
5479 2 2 2 3 444 2852 366
5480 2 2 2 3 449 2854 371
5481 2 2 2 3 358 2896 436
5482 2 2 2 3 396 2883 318
5483 2 2 2 3 401 2886 323
5484 2 2 2 3 323 2902 401
5485 2 2 2 3 330 2863 408
5486 2 2 2 3 371 2853 449
5487 2 2 2 3 406 2888 328
5488 2 2 2 3 315 2880 393
5489 2 2 2 3 398 2885 320
5490 2 2 2 3 404 2887 326
5491 2 2 2 3 366 2874 444
5492 2 2 2 3 374 2856 452
5493 2 2 2 3 384 2835 306
5494 2 2 2 3 436 2897 358
5495 2 2 2 3 379 2859 457
5496 2 2 2 3 386 2898 308
5497 2 2 2 3 393 2901 315
5498 2 2 2 3 320 2884 398
5499 2 2 2 3 450 2855 372
5500 2 2 2 3 312 2878 390
5501 2 2 2 3 455 2858 377
5502 2 2 2 3 457 2909 379
5503 2 2 2 3 310 2899 388
5504 2 2 2 3 391 2879 313
5505 2 2 2 3 318 2882 396
5506 2 2 2 3 446 2876 368
5507 2 2 2 3 454 2908 376
5508 2 2 2 3 388 2877 310
5509 2 2 2 3 452 2907 374
5510 2 2 2 3 6 2832 5
5511 2 2 2 3 308 2861 386
5512 2 2 2 3 370 2906 448
5513 2 2 2 3 304 2831 382
5514 2 2 2 3 376 2857 454
5515 2 2 2 3 383 2834 305
5516 2 2 3 4 2939 3393 117
5517 2 2 3 4 3255 3393 2939
5518 2 2 3 4 3045 3239 2913
5519 2 2 3 4 2913 3239 128
5520 2 2 3 4 82 3616 81
5521 2 2 3 4 3345 3347 2953
5522 2 2 3 4 3347 3654 2953
5523 2 2 3 4 2937 3394 120
5524 2 2 3 4 3248 3394 2937
5525 2 2 3 4 85 3615 84
5526 2 2 3 4 3338 3340 2954
5527 2 2 3 4 2934 3395 123
5528 2 2 3 4 3242 3395 2934
5529 2 2 3 4 3340 3655 2954
5530 2 2 3 4 3331 3333 2957
5531 2 2 3 4 17 3146 16
5532 2 2 3 4 158 3210 157
5533 2 2 3 4 3333 3656 2957
5534 2 2 3 4 3316 3614 3314
5535 2 2 3 4 3594 3629 3377
5536 2 2 3 4 3325 3327 2958
5537 2 2 3 4 3003 3211 3210
5538 2 2 3 4 3137 3139 2964
5539 2 2 3 4 2963 3205 3203
5540 2 2 3 4 3327 3658 2958
5541 2 2 3 4 3309 3613 3307
5542 2 2 3 4 3321 3323 2959
5543 2 2 3 4 3003 3230 3211
5544 2 2 3 4 3316 3319 2956
5545 2 2 3 4 3302 3612 3300
5546 2 2 3 4 3323 3413 2959
5547 2 2 3 4 19 3142 18
5548 2 2 3 4 3383 3616 82
5549 2 2 3 4 3080 3594 3082
5550 2 2 3 4 3319 3418 2956
5551 2 2 3 4 3309 3311 2955
5552 2 2 3 4 3295 3611 3293
5553 2 2 3 4 3134 3492 3132
5554 2 2 3 4 3311 3661 2955
5555 2 2 3 4 3006 3398 3050
5556 2 2 3 4 3575 3638 3146
5557 2 2 3 4 3384 3615 85
5558 2 2 3 4 3288 3610 3286
5559 2 2 3 4 3146 3638 3004
5560 2 2 3 4 3302 3304 2952
5561 2 2 3 4 3229 3523 3484
5562 2 2 3 4 3304 3662 2952
5563 2 2 3 4 3484 3653 3229
5564 2 2 3 4 3203 3206 2963
5565 2 2 3 4 3281 3609 3279
5566 2 2 3 4 2910 3420 3046
5567 2 2 3 4 3295 3297 2951
5568 2 2 3 4 155 3481 154
5569 2 2 3 4 3046 3420 3042
5570 2 2 3 4 3220 3435 3221
5571 2 2 3 4 3132 3492 2970
5572 2 2 3 4 3297 3663 2951
5573 2 2 3 4 3274 3608 3272
5574 2 2 3 4 2958 3413 3325
5575 2 2 3 4 3130 3132 2970
5576 2 2 3 4 2969 3198 3196
5577 2 2 3 4 3584 3620 12
5578 2 2 3 4 3081 3594 3080
5579 2 2 3 4 3288 3290 2949
5580 2 2 3 4 2964 3142 3137
5581 2 2 3 4 2959 3418 3321
5582 2 2 3 4 2956 3614 3316
5583 2 2 3 4 3267 3607 3265
5584 2 2 3 4 3290 3664 2949
5585 2 2 3 4 3281 3283 2947
5586 2 2 3 4 18 3142 2964
5587 2 2 3 4 3532 3627 3042
5588 2 2 3 4 3236 3620 3584
5589 2 2 3 4 3325 3413 3323
5590 2 2 3 4 2955 3613 3309
5591 2 2 3 4 2910 3592 3231
5592 2 2 3 4 3420 3532 3042
5593 2 2 3 4 3260 3604 3258
5594 2 2 3 4 22 3143 21
5595 2 2 3 4 2915 3435 3220
5596 2 2 3 4 3079 3410 2938
5597 2 2 3 4 3321 3418 3319
5598 2 2 3 4 3283 3666 2947
5599 2 2 3 4 3229 3439 3228
5600 2 2 3 4 3274 3276 2944
5601 2 2 3 4 3127 3493 3125
5602 2 2 3 4 3050 3630 3006
5603 2 2 3 4 3046 3592 2910
5604 2 2 3 4 3253 3603 3251
5605 2 2 3 4 2952 3612 3302
5606 2 2 3 4 3276 3669 2944
5607 2 2 3 4 3434 3598 3430
5608 2 2 3 4 3228 3439 2914
5609 2 2 3 4 3267 3269 2943
5610 2 2 3 4 127 3602 126
5611 2 2 3 4 3246 3601 3244
5612 2 2 3 4 3196 3207 2969
5613 2 2 3 4 3487 3546 3221
5614 2 2 3 4 3023 3236 3043
5615 2 2 3 4 2951 3611 3295
5616 2 2 3 4 3043 3396 3023
5617 2 2 3 4 152 3483 151
5618 2 2 3 4 3269 3673 2943
5619 2 2 3 4 3594 3598 3082
5620 2 2 3 4 3206 3481 155
5621 2 2 3 4 3260 3262 2940
5622 2 2 3 4 295 3437 296
5623 2 2 3 4 3396 3462 2913
5624 2 2 3 4 3221 3649 3487
5625 2 2 3 4 2938 3635 3079
5626 2 2 3 4 3125 3493 2974
5627 2 2 3 4 117 3393 116
5628 2 2 3 4 2949 3610 3288
5629 2 2 3 4 16 3146 3004
5630 2 2 3 4 2964 3146 17
5631 2 2 3 4 157 3210 2963
5632 2 2 3 4 3003 3210 158
5633 2 2 3 4 2970 3143 3130
5634 2 2 3 4 3262 3676 2940
5635 2 2 3 4 3220 3222 2915
5636 2 2 3 4 3043 3462 3396
5637 2 2 3 4 3058 3589 2995
5638 2 2 3 4 3253 3255 2939
5639 2 2 3 4 3123 3125 2974
5640 2 2 3 4 2973 3191 3189
5641 2 2 3 4 2985 3434 3430
5642 2 2 3 4 2914 3509 3228
5643 2 2 3 4 3452 3598 3594
5644 2 2 3 4 2913 3462 3045
5645 2 2 3 4 3081 3629 3594
5646 2 2 3 4 61 3631 3557
5647 2 2 3 4 120 3394 119
5648 2 2 3 4 128 3239 127
5649 2 2 3 4 21 3143 2970
5650 2 2 3 4 3001 3047 3044
5651 2 2 3 4 2947 3609 3281
5652 2 2 3 4 3030 3606 3230
5653 2 2 3 4 3246 3248 2937
5654 2 2 3 4 2941 3557 3076
5655 2 2 3 4 25 3144 24
5656 2 2 3 4 123 3395 122
5657 2 2 3 4 3232 3234 3002
5658 2 2 3 4 3074 3428 3427
5659 2 2 3 4 3240 3242 2934
5660 2 2 3 4 3139 3146 2964
5661 2 2 3 4 2963 3210 3205
5662 2 2 3 4 2944 3608 3274
5663 2 2 3 4 3234 3419 3002
5664 2 2 3 4 3120 3491 3118
5665 2 2 3 4 3230 3606 3211
5666 2 2 3 4 171 3223 172
5667 2 2 3 4 2934 3419 3240
5668 2 2 3 4 3189 3208 2973
5669 2 2 3 4 2943 3607 3267
5670 2 2 3 4 3240 3419 3234
5671 2 2 3 4 3076 3646 2941
5672 2 2 3 4 3207 3483 152
5673 2 2 3 4 156 3206 155
5674 2 2 3 4 149 3485 148
5675 2 2 3 4 3377 3629 3376
5676 2 2 3 4 3222 3223 2915
5677 2 2 3 4 2991 3599 3061
5678 2 2 3 4 2940 3604 3260
5679 2 2 3 4 2915 3223 171
5680 2 2 3 4 3557 3631 3078
5681 2 2 3 4 2974 3144 3123
5682 2 2 3 4 3161 3164 2917
5683 2 2 3 4 2916 3098 3095
5684 2 2 3 4 3118 3491 2980
5685 2 2 3 4 3044 3641 3001
5686 2 2 3 4 3589 3599 200
5687 2 2 3 4 2939 3603 3253
5688 2 2 3 4 3116 3118 2980
5689 2 2 3 4 2979 3184 3182
5690 2 2 3 4 3041 3412 2912
5691 2 2 3 4 24 3144 2974
5692 2 2 3 4 2917 3164 174
5693 2 2 3 4 293 3098 2916
5694 2 2 3 4 3040 3584 2911
5695 2 2 3 4 2995 3628 3058
5696 2 2 3 4 3239 3602 127
5697 2 2 3 4 3452 3593 2981
5698 2 2 3 4 3165 3529 3162
5699 2 2 3 4 3096 3528 3099
5700 2 2 3 4 2963 3206 156
5701 2 2 3 4 2937 3601 3246
5702 2 2 3 4 3437 3509 2914
5703 2 2 3 4 160 3231 159
5704 2 2 3 4 28 3145 27
5705 2 2 3 4 153 3207 152
5706 2 2 3 4 3142 3492 3134
5707 2 2 3 4 174 3164 175
5708 2 2 3 4 292 3098 293
5709 2 2 3 4 3182 3209 2979
5710 2 2 3 4 3208 3485 149
5711 2 2 3 4 3237 3508 3156
5712 2 2 3 4 3113 3488 3111
5713 2 2 3 4 19 3492 3142
5714 2 2 3 4 154 3481 2969
5715 2 2 3 4 3411 3597 2931
5716 2 2 3 4 3436 3437 295
5717 2 2 3 4 146 3482 145
5718 2 2 3 4 296 3437 2914
5719 2 2 3 4 2931 3636 3411
5720 2 2 3 4 2980 3145 3116
5721 2 2 3 4 2969 3481 3198
5722 2 2 3 4 2911 3640 3040
5723 2 2 3 4 2969 3207 153
5724 2 2 3 4 3090 3436 3238
5725 2 2 3 4 2917 3237 3161
5726 2 2 3 4 3095 3238 2916
5727 2 2 3 4 3064 3432 3431
5728 2 2 3 4 27 3145 2980
5729 2 2 3 4 3068 3426 3066
5730 2 2 3 4 3165 3168 2919
5731 2 2 3 4 2918 3102 3099
5732 2 2 3 4 3111 3488 2984
5733 2 2 3 4 150 3208 149
5734 2 2 3 4 2912 3648 3041
5735 2 2 3 4 3109 3111 2984
5736 2 2 3 4 2983 3177 3175
5737 2 2 3 4 3068 3069 2987
5738 2 2 3 4 3143 3493 3127
5739 2 2 3 4 3082 3598 3434
5740 2 2 3 4 3168 3213 2919
5741 2 2 3 4 2918 3148 3102
5742 2 2 3 4 3052 3425 2935
5743 2 2 3 4 22 3493 3143
5744 2 2 3 4 3060 3599 3589
5745 2 2 3 4 151 3483 2973
5746 2 2 3 4 3435 3649 3221
5747 2 2 3 4 2919 3529 3165
5748 2 2 3 4 3099 3528 2918
5749 2 2 3 4 3381 3654 3347
5750 2 2 3 4 3443 3600 2932
5751 2 2 3 4 3209 3482 146
5752 2 2 3 4 3382 3655 3340
5753 2 2 3 4 31 3147 30
5754 2 2 3 4 2973 3208 150
5755 2 2 3 4 3175 3212 2983
5756 2 2 3 4 3061 3619 2991
5757 2 2 3 4 2973 3483 3191
5758 2 2 3 4 3383 3656 3333
5759 2 2 3 4 3400 3474 3170
5760 2 2 3 4 3104 3473 3409
5761 2 2 3 4 3200 3206 3203
5762 2 2 3 4 2910 3231 160
5763 2 2 3 4 32 3486 31
5764 2 2 3 4 3427 3623 3074
5765 2 2 3 4 3384 3658 3327
5766 2 2 3 4 2932 3639 3443
5767 2 2 3 4 3089 3238 3092
5768 2 2 3 4 3158 3237 3155
5769 2 2 3 4 2984 3147 3109
5770 2 2 3 4 147 3209 146
5771 2 2 3 4 31 3486 3147
5772 2 2 3 4 143 3470 142
5773 2 2 3 4 3562 3569 3136
5774 2 2 3 4 3202 3570 3561
5775 2 2 3 4 3144 3491 3120
5776 2 2 3 4 2929 3569 3562
5777 2 2 3 4 3561 3570 2928
5778 2 2 3 4 3377 3593 3452
5779 2 2 3 4 3090 3437 3436
5780 2 2 3 4 30 3147 2984
5781 2 2 3 4 3385 3661 3311
5782 2 2 3 4 25 3491 3144
5783 2 2 3 4 3195 3543 3536
5784 2 2 3 4 3537 3544 3129
5785 2 2 3 4 148 3485 2979
5786 2 2 3 4 3409 3473 2920
5787 2 2 3 4 2921 3474 3400
5788 2 2 3 4 3193 3207 3196
5789 2 2 3 4 2921 3400 3399
5790 2 2 3 4 3401 3409 2920
5791 2 2 3 4 3386 3662 3304
5792 2 2 3 4 3536 3543 2926
5793 2 2 3 4 2927 3544 3537
5794 2 2 3 4 2977 3591 3590
5795 2 2 3 4 159 3231 3003
5796 2 2 3 4 3188 3516 3505
5797 2 2 3 4 3506 3517 3122
5798 2 2 3 4 2979 3209 147
5799 2 2 3 4 3590 3591 3375
5800 2 2 3 4 81 3616 2954
5801 2 2 3 4 3080 3631 2942
5802 2 2 3 4 3181 3489 3467
5803 2 2 3 4 3468 3490 3115
5804 2 2 3 4 3387 3663 3297
5805 2 2 3 4 3156 3508 3223
5806 2 2 3 4 3505 3516 2924
5807 2 2 3 4 2925 3517 3506
5808 2 2 3 4 3170 3474 3213
5809 2 2 3 4 3148 3473 3104
5810 2 2 3 4 3399 3451 2921
5811 2 2 3 4 2975 3587 3585
5812 2 2 3 4 2920 3447 3401
5813 2 2 3 4 2979 3485 3184
5814 2 2 3 4 3585 3587 3370
5815 2 2 3 4 3467 3489 2923
5816 2 2 3 4 2922 3490 3468
5817 2 2 3 4 3388 3664 3290
5818 2 2 3 4 84 3615 2957
5819 2 2 3 4 2942 3081 3080
5820 2 2 3 4 3170 3213 3168
5821 2 2 3 4 3102 3148 3104
5822 2 2 3 4 3401 3447 3115
5823 2 2 3 4 3181 3451 3399
5824 2 2 3 4 2971 3582 3581
5825 2 2 3 4 3212 3470 143
5826 2 2 3 4 3389 3666 3283
5827 2 2 3 4 3581 3582 3363
5828 2 2 3 4 3238 3436 2916
5829 2 2 3 4 3056 3459 3083
5830 2 2 3 4 3186 3208 3189
5831 2 2 3 4 3181 3467 3451
5832 2 2 3 4 3447 3468 3115
5833 2 2 3 4 3061 3599 3060
5834 2 2 3 4 3390 3669 3276
5835 2 2 3 4 2967 3579 3576
5836 2 2 3 4 3229 3653 3439
5837 2 2 3 4 3223 3508 172
5838 2 2 3 4 3576 3579 3356
5839 2 2 3 4 144 3212 143
5840 2 2 3 4 3314 3614 3385
5841 2 2 3 4 3145 3488 3113
5842 2 2 3 4 3391 3673 3269
5843 2 2 3 4 28 3488 3145
5844 2 2 3 4 145 3482 2983
5845 2 2 3 4 2965 3573 3572
5846 2 2 3 4 3572 3573 3349
5847 2 2 3 4 3307 3613 3386
5848 2 2 3 4 3403 3497 3122
5849 2 2 3 4 88 3413 87
5850 2 2 3 4 3188 3498 3402
5851 2 2 3 4 3392 3676 3262
5852 2 2 3 4 3167 3422 3421
5853 2 2 3 4 3423 3424 3101
5854 2 2 3 4 2983 3212 144
5855 2 2 3 4 2936 3458 3083
5856 2 2 3 4 2923 3489 3402
5857 2 2 3 4 90 3418 89
5858 2 2 3 4 2917 3508 3237
5859 2 2 3 4 2961 3568 3567
5860 2 2 3 4 3300 3612 3387
5861 2 2 3 4 3090 3238 3089
5862 2 2 3 4 3155 3237 3156
5863 2 2 3 4 3403 3490 2922
5864 2 2 3 4 3188 3505 3498
5865 2 2 3 4 3567 3568 3342
5866 2 2 3 4 3497 3506 3122
5867 2 2 3 4 3092 3238 3095
5868 2 2 3 4 3161 3237 3158
5869 2 2 3 4 3060 3589 3058
5870 2 2 3 4 3179 3209 3182
5871 2 2 3 4 2983 3482 3177
5872 2 2 3 4 3166 3444 3169
5873 2 2 3 4 3103 3445 3100
5874 2 2 3 4 3293 3611 3388
5875 2 2 3 4 2960 3565 3564
5876 2 2 3 4 2989 3445 3106
5877 2 2 3 4 3172 3444 2990
5878 2 2 3 4 3402 3498 2923
5879 2 2 3 4 3564 3565 3335
5880 2 2 3 4 2922 3497 3403
5881 2 2 3 4 3424 3442 3101
5882 2 2 3 4 3167 3441 3422
5883 2 2 3 4 3200 3481 3206
5884 2 2 3 4 3064 3633 3432
5885 2 2 3 4 3162 3529 3164
5886 2 2 3 4 3098 3528 3096
5887 2 2 3 4 3286 3610 3389
5888 2 2 3 4 3405 3525 3129
5889 2 2 3 4 3195 3526 3404
5890 2 2 3 4 3078 3631 3080
5891 2 2 3 4 3422 3441 2994
5892 2 2 3 4 2993 3442 3424
5893 2 2 3 4 3279 3609 3390
5894 2 2 3 4 3195 3536 3526
5895 2 2 3 4 3525 3537 3129
5896 2 2 3 4 3210 3211 3205
5897 2 2 3 4 2989 3486 32
5898 2 2 3 4 142 3470 2990
5899 2 2 3 4 2962 3553 3550
5900 2 2 3 4 3173 3212 3175
5901 2 2 3 4 3272 3608 3391
5902 2 2 3 4 3550 3553 3318
5903 2 2 3 4 3421 3444 3167
5904 2 2 3 4 3101 3445 3423
5905 2 2 3 4 3068 3632 3426
5906 2 2 3 4 3193 3483 3207
5907 2 2 3 4 2966 3548 3547
5908 2 2 3 4 3265 3607 3392
5909 2 2 3 4 3093 3442 2993
5910 2 2 3 4 2994 3441 3159
5911 2 2 3 4 3547 3548 3313
5912 2 2 3 4 3406 3551 3136
5913 2 2 3 4 2987 3632 3068
5914 2 2 3 4 3225 3523 3227
5915 2 2 3 4 3202 3552 3407
5916 2 2 3 4 3154 3218 3151
5917 2 2 3 4 3156 3222 3153
5918 2 2 3 4 3085 3226 3088
5919 2 2 3 4 3414 3630 3054
5920 2 2 3 4 3225 3227 3226
5921 2 2 3 4 177 3213 178
5922 2 2 3 4 289 3148 290
5923 2 2 3 4 3258 3604 3393
5924 2 2 3 4 2990 3470 3172
5925 2 2 3 4 2968 3542 3541
5926 2 2 3 4 3151 3218 3150
5927 2 2 3 4 3224 3225 3016
5928 2 2 3 4 2959 3413 88
5929 2 2 3 4 87 3413 2958
5930 2 2 3 4 3084 3226 3085
5931 2 2 3 4 2919 3213 177
5932 2 2 3 4 290 3148 2918
5933 2 2 3 4 2924 3516 3404
5934 2 2 3 4 3541 3542 3306
5935 2 2 3 4 2935 3634 3052
5936 2 2 3 4 3156 3223 3222
5937 2 2 3 4 3202 3561 3552
5938 2 2 3 4 3551 3562 3136
5939 2 2 3 4 89 3418 2959
5940 2 2 3 4 2956 3418 90
5941 2 2 3 4 3405 3517 2925
5942 2 2 3 4 41 3224 3016
5943 2 2 3 4 3477 3511 261
5944 2 2 3 4 3251 3603 3394
5945 2 2 3 4 3226 3227 3088
5946 2 2 3 4 2993 3149 3093
5947 2 2 3 4 3159 3215 2994
5948 2 2 3 4 3186 3485 3208
5949 2 2 3 4 2972 3539 3538
5950 2 2 3 4 3154 3219 3218
5951 2 2 3 4 3169 3444 3172
5952 2 2 3 4 3167 3444 3166
5953 2 2 3 4 3106 3445 3103
5954 2 2 3 4 3100 3445 3101
5955 2 2 3 4 3538 3539 3299
5956 2 2 3 4 37 3149 36
5957 2 2 3 4 138 3215 137
5958 2 2 3 4 3478 3504 264
5959 2 2 3 4 3106 3486 2989
5960 2 2 3 4 3164 3529 175
5961 2 2 3 4 292 3528 3098
5962 2 2 3 4 126 3602 3002
5963 2 2 3 4 3022 3627 3532
5964 2 2 3 4 3244 3601 3395
5965 2 2 3 4 3404 3526 2924
5966 2 2 3 4 2925 3525 3405
5967 2 2 3 4 3017 3217 3216
5968 2 2 3 4 2976 3534 3533
5969 2 2 3 4 3154 3220 3219
5970 2 2 3 4 3479 3501 267
5971 2 2 3 4 36 3149 2993
5972 2 2 3 4 2994 3215 138
5973 2 2 3 4 3408 3577 3141
5974 2 2 3 4 3533 3534 3292
5975 2 2 3 4 3423 3445 2989
5976 2 2 3 4 2978 3530 3527
5977 2 2 3 4 2990 3444 3421
5978 2 2 3 4 3179 3482 3209
5979 2 2 3 4 3017 3216 133
5980 2 2 3 4 3220 3221 3219
5981 2 2 3 4 3527 3530 3285
5982 2 2 3 4 3577 3586 3141
5983 2 2 3 4 37 3449 3149
5984 2 2 3 4 3215 3450 137
5985 2 2 3 4 3074 3605 3428
5986 2 2 3 4 2982 3522 3520
5987 2 2 3 4 42 3224 41
5988 2 2 3 4 38 3449 37
5989 2 2 3 4 137 3450 136
5990 2 2 3 4 3520 3522 3278
5991 2 2 3 4 3153 3222 3154
5992 2 2 3 4 3227 3229 3228
5993 2 2 3 4 134 3017 133
5994 2 2 3 4 41 3016 40
5995 2 2 3 4 2998 3150 135
5996 2 2 3 4 39 3084 2997
5997 2 2 3 4 2998 3151 3150
5998 2 2 3 4 3084 3085 2997
5999 2 2 3 4 3173 3470 3212
6000 2 2 3 4 2986 3518 3515
6001 2 2 3 4 125 3419 124
6002 2 2 3 4 3016 3084 40
6003 2 2 3 4 134 3150 3017
6004 2 2 3 4 3515 3518 3271
6005 2 2 3 4 3016 3226 3084
6006 2 2 3 4 272 2933 8
6007 2 2 3 4 7 2932 195
6008 2 2 3 4 3150 3218 3017
6009 2 2 3 4 133 3216 132
6010 2 2 3 4 3087 3509 3090
6011 2 2 3 4 3090 3509 3437
6012 2 2 3 4 3227 3228 3088
6013 2 2 3 4 3578 3595 3438
6014 2 2 3 4 130 3396 129
6015 2 2 3 4 196 3398 3006
6016 2 2 3 4 3005 3397 271
6017 2 2 3 4 3023 3396 130
6018 2 2 3 4 129 3396 2913
6019 2 2 3 4 2933 3010 8
6020 2 2 3 4 3002 3419 125
6021 2 2 3 4 3003 3231 3230
6022 2 2 3 4 2997 3449 38
6023 2 2 3 4 136 3450 2998
6024 2 2 3 4 2926 3543 3407
6025 2 2 3 4 297 3439 298
6026 2 2 3 4 169 3435 170
6027 2 2 3 4 3198 3481 3200
6028 2 2 3 4 2981 3593 3446
6029 2 2 3 4 124 3419 2934
6030 2 2 3 4 3264 3511 3477
6031 2 2 3 4 3459 3645 3083
6032 2 2 3 4 3085 3088 3087
6033 2 2 3 4 3153 3154 3151
6034 2 2 3 4 3213 3474 178
6035 2 2 3 4 289 3473 3148
6036 2 2 3 4 2912 3412 45
6037 2 2 3 4 2914 3439 297
6038 2 2 3 4 3257 3504 3478
6039 2 2 3 4 170 3435 2915
6040 2 2 3 4 2931 3597 3586
6041 2 2 3 4 3406 3544 2927
6042 2 2 3 4 3014 3440 3027
6043 2 2 3 4 3225 3226 3016
6044 2 2 3 4 3250 3501 3479
6045 2 2 3 4 3171 3400 3170
6046 2 2 3 4 2977 3590 3588
6047 2 2 3 4 2977 3588 3454
6048 2 2 3 4 3030 3440 3014
6049 2 2 3 4 139 3422 2994
6050 2 2 3 4 3110 3401 3115
6051 2 2 3 4 3131 3406 3136
6052 2 2 3 4 3124 3405 3129
6053 2 2 3 4 3117 3403 3122
6054 2 2 3 4 3039 3411 3021
6055 2 2 3 4 3138 3408 3141
6056 2 2 3 4 135 3150 134
6057 2 2 3 4 40 3084 39
6058 2 2 3 4 3191 3483 3193
6059 2 2 3 4 3174 3400 3171
6060 2 2 3 4 3017 3218 3217
6061 2 2 3 4 3104 3409 3105
6062 2 2 3 4 3021 3411 3019
6063 2 2 3 4 44 3022 43
6064 2 2 3 4 131 3023 130
6065 2 2 3 4 3035 3046 3042
6066 2 2 3 4 2993 3424 35
6067 2 2 3 4 3085 3087 3086
6068 2 2 3 4 3152 3153 3151
6069 2 2 3 4 129 2913 128
6070 2 2 3 4 46 2912 45
6071 2 2 3 4 3218 3219 3217
6072 2 2 3 4 33 3423 2989
6073 2 2 3 4 3399 3400 3174
6074 2 2 3 4 3065 3410 3067
6075 2 2 3 4 3095 3098 3096
6076 2 2 3 4 3162 3164 3161
6077 2 2 3 4 207 3428 2985
6078 2 2 3 4 3012 3019 3010
6079 2 2 3 4 3038 3039 3021
6080 2 2 3 4 3131 3136 3133
6081 2 2 3 4 3199 3202 3197
6082 2 2 3 4 3128 3406 3131
6083 2 2 3 4 3192 3195 3190
6084 2 2 3 4 3124 3129 3126
6085 2 2 3 4 3121 3405 3124
6086 2 2 3 4 3185 3188 3183
6087 2 2 3 4 3117 3122 3119
6088 2 2 3 4 3114 3403 3117
6089 2 2 3 4 3178 3181 3176
6090 2 2 3 4 3110 3115 3112
6091 2 2 3 4 3108 3401 3110
6092 2 2 3 4 3135 3408 3138
6093 2 2 3 4 3138 3141 3140
6094 2 2 3 4 3105 3409 3108
6095 2 2 3 4 3176 3399 3174
6096 2 2 3 4 3183 3402 3180
6097 2 2 3 4 3190 3404 3187
6098 2 2 3 4 3197 3407 3194
6099 2 2 3 4 3204 3214 3201
6100 2 2 3 4 3092 3095 3094
6101 2 2 3 4 3160 3161 3158
6102 2 2 3 4 3108 3409 3401
6103 2 2 3 4 3188 3402 3183
6104 2 2 3 4 3195 3404 3190
6105 2 2 3 4 3202 3407 3197
6106 2 2 3 4 3181 3399 3176
6107 2 2 3 4 209 3430 3429
6108 2 2 3 4 3006 3414 197
6109 2 2 3 4 270 3417 3005
6110 2 2 3 4 235 3416 3007
6111 2 2 3 4 2960 3415 232
6112 2 2 3 4 3085 3086 2997
6113 2 2 3 4 2998 3152 3151
6114 2 2 3 4 2975 3585 3583
6115 2 2 3 4 44 3412 3022
6116 2 2 3 4 2990 3421 141
6117 2 2 3 4 3155 3156 3153
6118 2 2 3 4 3087 3090 3089
6119 2 2 3 4 3421 3422 140
6120 2 2 3 4 34 3424 3423
6121 2 2 3 4 3095 3096 3094
6122 2 2 3 4 3160 3162 3161
6123 2 2 3 4 210 3429 2981
6124 2 2 3 4 3070 3079 3072
6125 2 2 3 4 3027 3440 3035
6126 2 2 3 4 49 3425 3001
6127 2 2 3 4 3300 3387 3297
6128 2 2 3 4 3293 3388 3290
6129 2 2 3 4 3307 3386 3304
6130 2 2 3 4 3314 3385 3311
6131 2 2 3 4 3329 3384 3327
6132 2 2 3 4 3336 3383 3333
6133 2 2 3 4 3343 3382 3340
6134 2 2 3 4 3350 3381 3347
6135 2 2 3 4 3357 3380 3354
6136 2 2 3 4 3364 3379 3361
6137 2 2 3 4 3371 3378 3368
6138 2 2 3 4 3286 3389 3283
6139 2 2 3 4 3279 3390 3276
6140 2 2 3 4 3272 3391 3269
6141 2 2 3 4 3265 3392 3262
6142 2 2 3 4 3258 3393 3255
6143 2 2 3 4 3251 3394 3248
6144 2 2 3 4 34 3423 33
6145 2 2 3 4 140 3422 139
6146 2 2 3 4 30 2984 29
6147 2 2 3 4 39 2997 38
6148 2 2 3 4 139 2994 138
6149 2 2 3 4 151 2973 150
6150 2 2 3 4 14 2911 13
6151 2 2 3 4 16 3004 15
6152 2 2 3 4 18 2964 17
6153 2 2 3 4 24 2974 23
6154 2 2 3 4 142 2990 141
6155 2 2 3 4 145 2983 144
6156 2 2 3 4 21 2970 20
6157 2 2 3 4 157 2963 156
6158 2 2 3 4 159 3003 158
6159 2 2 3 4 161 2910 160
6160 2 2 3 4 136 2998 135
6161 2 2 3 4 27 2980 26
6162 2 2 3 4 36 2993 35
6163 2 2 3 4 33 2989 32
6164 2 2 3 4 148 2979 147
6165 2 2 3 4 154 2969 153
6166 2 2 3 4 49 3001 48
6167 2 2 3 4 126 3002 125
6168 2 2 3 4 3244 3395 3242
6169 2 2 3 4 3076 3078 3077
6170 2 2 3 4 3070 3072 3071
6171 2 2 3 4 3020 3021 3019
6172 2 2 3 4 3062 3064 3063
6173 2 2 3 4 2975 3583 3455
6174 2 2 3 4 3152 3155 3153
6175 2 2 3 4 3087 3089 3086
6176 2 2 3 4 2991 3426 202
6177 2 2 3 4 3427 3428 206
6178 2 2 3 4 2987 3427 205
6179 2 2 3 4 2985 3430 208
6180 2 2 3 4 2996 3417 269
6181 2 2 3 4 198 3414 2995
6182 2 2 3 4 233 3415 3008
6183 2 2 3 4 3008 3416 234
6184 2 2 3 4 3067 3410 3070
6185 2 2 3 4 3073 3076 3075
6186 2 2 3 4 3067 3070 3069
6187 2 2 3 4 3056 3083 3057
6188 2 2 3 4 161 3420 2910
6189 2 2 3 4 3059 3062 3061
6190 2 2 3 4 141 3421 140
6191 2 2 3 4 35 3424 34
6192 2 2 3 4 206 3428 207
6193 2 2 3 4 209 3429 210
6194 2 2 3 4 238 2962 239
6195 2 2 3 4 233 3008 234
6196 2 2 3 4 231 2960 232
6197 2 2 3 4 268 2996 269
6198 2 2 3 4 247 2972 248
6199 2 2 3 4 250 2976 251
6200 2 2 3 4 235 3007 236
6201 2 2 3 4 216 2975 217
6202 2 2 3 4 228 2961 229
6203 2 2 3 4 259 2986 260
6204 2 2 3 4 198 2995 199
6205 2 2 3 4 213 2977 214
6206 2 2 3 4 262 2988 263
6207 2 2 3 4 265 2992 266
6208 2 2 3 4 270 3005 271
6209 2 2 3 4 201 2991 202
6210 2 2 3 4 207 2985 208
6211 2 2 3 4 210 2981 211
6212 2 2 3 4 219 2971 220
6213 2 2 3 4 222 2967 223
6214 2 2 3 4 241 2966 242
6215 2 2 3 4 253 2978 254
6216 2 2 3 4 225 2965 226
6217 2 2 3 4 244 2968 245
6218 2 2 3 4 256 2982 257
6219 2 2 3 4 204 2987 205
6220 2 2 3 4 196 3006 197
6221 2 2 3 4 3032 3038 3021
6222 2 2 3 4 3133 3135 3134
6223 2 2 3 4 3131 3133 3132
6224 2 2 3 4 3198 3199 3197
6225 2 2 3 4 3128 3131 3130
6226 2 2 3 4 3196 3197 3194
6227 2 2 3 4 3126 3128 3127
6228 2 2 3 4 3193 3194 3192
6229 2 2 3 4 3191 3192 3190
6230 2 2 3 4 3124 3126 3125
6231 2 2 3 4 3189 3190 3187
6232 2 2 3 4 3121 3124 3123
6233 2 2 3 4 3119 3121 3120
6234 2 2 3 4 3186 3187 3185
6235 2 2 3 4 3184 3185 3183
6236 2 2 3 4 3117 3119 3118
6237 2 2 3 4 3182 3183 3180
6238 2 2 3 4 3114 3117 3116
6239 2 2 3 4 3179 3180 3178
6240 2 2 3 4 3112 3114 3113
6241 2 2 3 4 3177 3178 3176
6242 2 2 3 4 3110 3112 3111
6243 2 2 3 4 3135 3138 3137
6244 2 2 3 4 3175 3176 3174
6245 2 2 3 4 3108 3110 3109
6246 2 2 3 4 3102 3104 3103
6247 2 2 3 4 3169 3170 3168
6248 2 2 3 4 3096 3099 3097
6249 2 2 3 4 3163 3165 3162
6250 2 2 3 4 3099 3102 3100
6251 2 2 3 4 3166 3168 3165
6252 2 2 3 4 45 3412 44
6253 2 2 3 4 3200 3201 3199
6254 2 2 3 4 3070 3410 3079
6255 2 2 3 4 202 3426 203
6256 2 2 3 4 205 3427 206
6257 2 2 3 4 208 3430 209
6258 2 2 3 4 269 3417 270
6259 2 2 3 4 197 3414 198
6260 2 2 3 4 232 3415 233
6261 2 2 3 4 234 3416 235
6262 2 2 3 4 3078 3080 3077
6263 2 2 3 4 3072 3073 3071
6264 2 2 3 4 3064 3065 3063
6265 2 2 3 4 3076 3077 3075
6266 2 2 3 4 3070 3071 3069
6267 2 2 3 4 3374 3376 3373
6268 2 2 3 4 3372 3373 3371
6269 2 2 3 4 3294 3295 3293
6270 2 2 3 4 3296 3297 3295
6271 2 2 3 4 3298 3300 3297
6272 2 2 3 4 3301 3302 3300
6273 2 2 3 4 3291 3293 3290
6274 2 2 3 4 3303 3304 3302
6275 2 2 3 4 3305 3307 3304
6276 2 2 3 4 3308 3309 3307
6277 2 2 3 4 3310 3311 3309
6278 2 2 3 4 3312 3314 3311
6279 2 2 3 4 3315 3316 3314
6280 2 2 3 4 3317 3319 3316
6281 2 2 3 4 3320 3321 3319
6282 2 2 3 4 3289 3290 3288
6283 2 2 3 4 3322 3323 3321
6284 2 2 3 4 3324 3325 3323
6285 2 2 3 4 3326 3327 3325
6286 2 2 3 4 3328 3329 3327
6287 2 2 3 4 3330 3331 3329
6288 2 2 3 4 3332 3333 3331
6289 2 2 3 4 3334 3336 3333
6290 2 2 3 4 3337 3338 3336
6291 2 2 3 4 3339 3340 3338
6292 2 2 3 4 3341 3343 3340
6293 2 2 3 4 3287 3288 3286
6294 2 2 3 4 3344 3345 3343
6295 2 2 3 4 3346 3347 3345
6296 2 2 3 4 3348 3350 3347
6297 2 2 3 4 3351 3352 3350
6298 2 2 3 4 3353 3354 3352
6299 2 2 3 4 3355 3357 3354
6300 2 2 3 4 3358 3359 3357
6301 2 2 3 4 3360 3361 3359
6302 2 2 3 4 3362 3364 3361
6303 2 2 3 4 3365 3366 3364
6304 2 2 3 4 3367 3368 3366
6305 2 2 3 4 3369 3371 3368
6306 2 2 3 4 3284 3286 3283
6307 2 2 3 4 3282 3283 3281
6308 2 2 3 4 3280 3281 3279
6309 2 2 3 4 3277 3279 3276
6310 2 2 3 4 3275 3276 3274
6311 2 2 3 4 3273 3274 3272
6312 2 2 3 4 3270 3272 3269
6313 2 2 3 4 3268 3269 3267
6314 2 2 3 4 3266 3267 3265
6315 2 2 3 4 3263 3265 3262
6316 2 2 3 4 3261 3262 3260
6317 2 2 3 4 3259 3260 3258
6318 2 2 3 4 3256 3258 3255
6319 2 2 3 4 3105 3108 3107
6320 2 2 3 4 3173 3174 3171
6321 2 2 3 4 3254 3255 3253
6322 2 2 3 4 3252 3253 3251
6323 2 2 3 4 3249 3251 3248
6324 2 2 3 4 3138 3140 3139
6325 2 2 3 4 3012 3020 3019
6326 2 2 3 4 3028 3443 3026
6327 2 2 3 4 3062 3063 3061
6328 2 2 3 4 3247 3248 3246
6329 2 2 3 4 3203 3204 3201
6330 2 2 3 4 3245 3246 3244
6331 2 2 3 4 50 3425 49
6332 2 2 3 4 3037 3443 3028
6333 2 2 3 4 3011 3012 3010
6334 2 2 3 4 3027 3035 3034
6335 2 2 3 4 3020 3032 3021
6336 2 2 3 4 3243 3244 3242
6337 2 2 3 4 3056 3057 3055
6338 2 2 3 4 3092 3094 3093
6339 2 2 3 4 3159 3160 3158
6340 2 2 3 4 3053 3056 3055
6341 2 2 3 4 3184 3485 3186
6342 2 2 3 4 195 3398 196
6343 2 2 3 4 271 3397 272
6344 2 2 3 4 3035 3440 3046
6345 2 2 3 4 3374 3377 3376
6346 2 2 3 4 3372 3374 3373
6347 2 2 3 4 3294 3296 3295
6348 2 2 3 4 3296 3298 3297
6349 2 2 3 4 3291 3294 3293
6350 2 2 3 4 3298 3301 3300
6351 2 2 3 4 3301 3303 3302
6352 2 2 3 4 3303 3305 3304
6353 2 2 3 4 3305 3308 3307
6354 2 2 3 4 3289 3291 3290
6355 2 2 3 4 3308 3310 3309
6356 2 2 3 4 3310 3312 3311
6357 2 2 3 4 3312 3315 3314
6358 2 2 3 4 3315 3317 3316
6359 2 2 3 4 3317 3320 3319
6360 2 2 3 4 3320 3322 3321
6361 2 2 3 4 3322 3324 3323
6362 2 2 3 4 3324 3326 3325
6363 2 2 3 4 3326 3328 3327
6364 2 2 3 4 3328 3330 3329
6365 2 2 3 4 3287 3289 3288
6366 2 2 3 4 3330 3332 3331
6367 2 2 3 4 3332 3334 3333
6368 2 2 3 4 3334 3337 3336
6369 2 2 3 4 3337 3339 3338
6370 2 2 3 4 3339 3341 3340
6371 2 2 3 4 3341 3344 3343
6372 2 2 3 4 3344 3346 3345
6373 2 2 3 4 3346 3348 3347
6374 2 2 3 4 3348 3351 3350
6375 2 2 3 4 3351 3353 3352
6376 2 2 3 4 3353 3355 3354
6377 2 2 3 4 3355 3358 3357
6378 2 2 3 4 3358 3360 3359
6379 2 2 3 4 3360 3362 3361
6380 2 2 3 4 3362 3365 3364
6381 2 2 3 4 3365 3367 3366
6382 2 2 3 4 3367 3369 3368
6383 2 2 3 4 3369 3372 3371
6384 2 2 3 4 3284 3287 3286
6385 2 2 3 4 3282 3284 3283
6386 2 2 3 4 3280 3282 3281
6387 2 2 3 4 3277 3280 3279
6388 2 2 3 4 3275 3277 3276
6389 2 2 3 4 3273 3275 3274
6390 2 2 3 4 3270 3273 3272
6391 2 2 3 4 3268 3270 3269
6392 2 2 3 4 3266 3268 3267
6393 2 2 3 4 3263 3266 3265
6394 2 2 3 4 3261 3263 3262
6395 2 2 3 4 3259 3261 3260
6396 2 2 3 4 3256 3259 3258
6397 2 2 3 4 3254 3256 3255
6398 2 2 3 4 3073 3075 3074
6399 2 2 3 4 3252 3254 3253
6400 2 2 3 4 3065 3067 3066
6401 2 2 3 4 3249 3252 3251
6402 2 2 3 4 3160 3163 3162
6403 2 2 3 4 3096 3097 3094
6404 2 2 3 4 2942 3500 3081
6405 2 2 3 4 3247 3249 3248
6406 2 2 3 4 3067 3069 3068
6407 2 2 3 4 162 3420 161
6408 2 2 3 4 3059 3061 3060
6409 2 2 3 4 3245 3247 3246
6410 2 2 3 4 3089 3092 3091
6411 2 2 3 4 3157 3158 3155
6412 2 2 3 4 2935 3425 50
6413 2 2 3 4 3035 3042 3041
6414 2 2 3 4 3057 3059 3058
6415 2 2 3 4 3198 3200 3199
6416 2 2 3 4 3133 3134 3132
6417 2 2 3 4 3196 3198 3197
6418 2 2 3 4 3131 3132 3130
6419 2 2 3 4 3193 3196 3194
6420 2 2 3 4 3128 3130 3127
6421 2 2 3 4 3126 3127 3125
6422 2 2 3 4 3191 3193 3192
6423 2 2 3 4 3189 3191 3190
6424 2 2 3 4 3124 3125 3123
6425 2 2 3 4 3121 3123 3120
6426 2 2 3 4 3186 3189 3187
6427 2 2 3 4 3119 3120 3118
6428 2 2 3 4 3184 3186 3185
6429 2 2 3 4 3182 3184 3183
6430 2 2 3 4 3117 3118 3116
6431 2 2 3 4 3179 3182 3180
6432 2 2 3 4 3114 3116 3113
6433 2 2 3 4 3112 3113 3111
6434 2 2 3 4 3177 3179 3178
6435 2 2 3 4 3110 3111 3109
6436 2 2 3 4 3175 3177 3176
6437 2 2 3 4 3135 3137 3134
6438 2 2 3 4 3169 3171 3170
6439 2 2 3 4 3104 3105 3103
6440 2 2 3 4 3243 3245 3244
6441 2 2 3 4 3102 3103 3100
6442 2 2 3 4 3166 3169 3168
6443 2 2 3 4 3163 3166 3165
6444 2 2 3 4 3099 3100 3097
6445 2 2 3 4 3108 3109 3107
6446 2 2 3 4 3173 3175 3174
6447 2 2 3 4 3004 3453 15
6448 2 2 3 4 14 3453 2911
6449 2 2 3 4 3200 3203 3201
6450 2 2 3 4 56 3431 55
6451 2 2 3 4 55 3432 54
6452 2 2 3 4 65 3433 64
6453 2 2 3 4 124 2934 123
6454 2 2 3 4 54 2936 53
6455 2 2 3 4 57 2938 56
6456 2 2 3 4 63 2942 62
6457 2 2 3 4 66 2945 65
6458 2 2 3 4 69 2946 68
6459 2 2 3 4 72 2948 71
6460 2 2 3 4 97 2952 96
6461 2 2 3 4 109 2944 108
6462 2 2 3 4 75 2950 74
6463 2 2 3 4 51 2935 50
6464 2 2 3 4 60 2941 59
6465 2 2 3 4 87 2958 86
6466 2 2 3 4 89 2959 88
6467 2 2 3 4 91 2956 90
6468 2 2 3 4 115 2940 114
6469 2 2 3 4 121 2937 120
6470 2 2 3 4 81 2954 80
6471 2 2 3 4 84 2957 83
6472 2 2 3 4 94 2955 93
6473 2 2 3 4 100 2951 99
6474 2 2 3 4 103 2949 102
6475 2 2 3 4 106 2947 105
6476 2 2 3 4 112 2943 111
6477 2 2 3 4 118 2939 117
6478 2 2 3 4 78 2953 77
6479 2 2 3 4 3138 3139 3137
6480 2 2 3 4 3203 3205 3204
6481 2 2 3 4 3080 3082 3077
6482 2 2 3 4 3073 3074 3071
6483 2 2 3 4 3065 3066 3063
6484 2 2 3 4 3089 3091 3086
6485 2 2 3 4 3152 3157 3155
6486 2 2 3 4 294 3436 295
6487 2 2 3 4 2971 3581 3580
6488 2 2 3 4 3067 3068 3066
6489 2 2 3 4 3160 3441 3163
6490 2 2 3 4 3097 3442 3094
6491 2 2 3 4 3057 3058 3055
6492 2 2 3 4 3241 3242 3240
6493 2 2 3 4 3059 3060 3058
6494 2 2 3 4 3241 3243 3242
6495 2 2 3 4 3049 3052 3051
6496 2 2 3 4 194 2930 7
6497 2 2 3 4 185 2924 186
6498 2 2 3 4 284 2922 285
6499 2 2 3 4 287 2920 288
6500 2 2 3 4 188 2926 189
6501 2 2 3 4 191 2928 192
6502 2 2 3 4 290 2918 291
6503 2 2 3 4 296 2914 297
6504 2 2 3 4 278 2927 279
6505 2 2 3 4 170 2915 171
6506 2 2 3 4 173 2917 174
6507 2 2 3 4 176 2919 177
6508 2 2 3 4 179 2921 180
6509 2 2 3 4 182 2923 183
6510 2 2 3 4 8 2931 273
6511 2 2 3 4 275 2929 276
6512 2 2 3 4 293 2916 294
6513 2 2 3 4 281 2925 282
6514 2 2 3 4 2930 3015 3013
6515 2 2 3 4 3294 3299 3296
6516 2 2 3 4 3301 3306 3303
6517 2 2 3 4 3308 3313 3310
6518 2 2 3 4 3315 3318 3317
6519 2 2 3 4 3330 3335 3332
6520 2 2 3 4 3287 3292 3289
6521 2 2 3 4 3337 3342 3339
6522 2 2 3 4 3344 3349 3346
6523 2 2 3 4 3351 3356 3353
6524 2 2 3 4 3358 3363 3360
6525 2 2 3 4 3365 3370 3367
6526 2 2 3 4 3280 3285 3282
6527 2 2 3 4 3273 3278 3275
6528 2 2 3 4 3372 3375 3374
6529 2 2 3 4 3266 3271 3268
6530 2 2 3 4 3259 3264 3261
6531 2 2 3 4 3252 3257 3254
6532 2 2 3 4 211 3446 212
6533 2 2 3 4 3047 3048 3037
6534 2 2 3 4 3245 3250 3247
6535 2 2 3 4 3077 3434 3075
6536 2 2 3 4 3431 3432 55
6537 2 2 3 4 2938 3431 56
6538 2 2 3 4 54 3432 2936
6539 2 2 3 4 2945 3433 65
6540 2 2 3 4 2945 3625 3373
6541 2 2 3 4 3154 3222 3220
6542 2 2 3 4 3157 3159 3158
6543 2 2 3 4 3092 3093 3091
6544 2 2 3 4 193 3438 194
6545 2 2 3 4 3082 3434 3077
6546 2 2 3 4 3105 3107 3106
6547 2 2 3 4 3172 3173 3171
6548 2 2 3 4 3033 3040 3032
6549 2 2 3 4 3407 3552 2926
6550 2 2 3 4 3031 3045 3018
6551 2 2 3 4 3163 3441 3167
6552 2 2 3 4 3101 3442 3097
6553 2 2 3 4 3053 3055 3054
6554 2 2 3 4 3159 3441 3160
6555 2 2 3 4 3094 3442 3093
6556 2 2 3 4 214 3454 215
6557 2 2 3 4 3043 3236 3040
6558 2 2 3 4 3130 3143 3127
6559 2 2 3 4 3123 3144 3120
6560 2 2 3 4 3116 3145 3113
6561 2 2 3 4 3137 3142 3134
6562 2 2 3 4 3169 3172 3171
6563 2 2 3 4 3105 3106 3103
6564 2 2 3 4 3109 3147 3107
6565 2 2 3 4 3163 3167 3166
6566 2 2 3 4 3100 3101 3097
6567 2 2 3 4 3053 3054 3051
6568 2 2 3 4 2916 3436 294
6569 2 2 3 4 3020 3033 3032
6570 2 2 3 4 3013 3030 3014
6571 2 2 3 4 3177 3482 3179
6572 2 2 3 4 2971 3580 3456
6573 2 2 3 4 286 3447 287
6574 2 2 3 4 3052 3053 3051
6575 2 2 3 4 3048 3443 3037
6576 2 2 3 4 3035 3041 3034
6577 2 2 3 4 3047 3049 3048
6578 2 2 3 4 3172 3470 3173
6579 2 2 3 4 2981 3446 211
6580 2 2 3 4 2927 3551 3406
6581 2 2 3 4 3235 3240 3234
6582 2 2 3 4 180 3451 181
6583 2 2 3 4 3235 3241 3240
6584 2 2 3 4 217 3455 218
6585 2 2 3 4 3093 3149 3091
6586 2 2 3 4 3157 3215 3159
6587 2 2 3 4 2933 3011 3010
6588 2 2 3 4 194 3438 2930
6589 2 2 3 4 3011 3018 3012
6590 2 2 3 4 3036 3037 3028
6591 2 2 3 4 3049 3050 3048
6592 2 2 3 4 287 3447 2920
6593 2 2 3 4 3044 3047 3037
6594 2 2 3 4 2921 3451 180
6595 2 2 3 4 3049 3051 3050
6596 2 2 3 4 3429 3452 2981
6597 2 2 3 4 3027 3034 3028
6598 2 2 3 4 3031 3239 3045
6599 2 2 3 4 3036 3044 3037
6600 2 2 3 4 3059 3458 3062
6601 2 2 3 4 3029 3232 3031
6602 2 2 3 4 220 3456 221
6603 2 2 3 4 3045 3448 3018
6604 2 2 3 4 2967 3576 3574
6605 2 2 3 4 3083 3458 3057
6606 2 2 3 4 3011 3029 3018
6607 2 2 3 4 2932 3398 195
6608 2 2 3 4 272 3397 2933
6609 2 2 3 4 3033 3043 3040
6610 2 2 3 4 2930 3438 3015
6611 2 2 3 4 3029 3031 3018
6612 2 2 3 4 3233 3235 3234
6613 2 2 3 4 3086 3449 2997
6614 2 2 3 4 2998 3450 3152
6615 2 2 3 4 223 3457 224
6616 2 2 3 4 2977 3454 214
6617 2 2 3 4 3013 3014 3009
6618 2 2 3 4 15 3453 14
6619 2 2 3 4 3029 3233 3232
6620 2 2 3 4 3233 3234 3232
6621 2 2 3 4 3034 3036 3028
6622 2 2 3 4 3091 3449 3086
6623 2 2 3 4 3152 3450 3157
6624 2 2 3 4 2930 3013 3009
6625 2 2 3 4 3014 3027 3026
6626 2 2 3 4 3012 3448 3020
6627 2 2 3 4 226 3461 227
6628 2 2 3 4 2930 3009 7
6629 2 2 3 4 3027 3028 3026
6630 2 2 3 4 229 3463 230
6631 2 2 3 4 2967 3574 3457
6632 2 2 3 4 3024 3653 3484
6633 2 2 3 4 2975 3455 217
6634 2 2 3 4 3487 3649 3025
6635 2 2 3 4 3018 3448 3012
6636 2 2 3 4 3020 3448 3033
6637 2 2 3 4 51 3459 2935
6638 2 2 3 4 3014 3026 3009
6639 2 2 3 4 2965 3572 3571
6640 2 2 3 4 3149 3449 3091
6641 2 2 3 4 3157 3450 3215
6642 2 2 3 4 236 3464 237
6643 2 2 3 4 2946 3624 3366
6644 2 2 3 4 2960 3563 3415
6645 2 2 3 4 2971 3456 220
6646 2 2 3 4 239 3465 240
6647 2 2 3 4 3005 3480 3397
6648 2 2 3 4 242 3466 243
6649 2 2 3 4 3397 3460 2933
6650 2 2 3 4 245 3469 246
6651 2 2 3 4 3415 3560 3008
6652 2 2 3 4 248 3471 249
6653 2 2 3 4 2961 3567 3566
6654 2 2 3 4 2933 3460 3011
6655 2 2 3 4 2967 3457 223
6656 2 2 3 4 2965 3571 3461
6657 2 2 3 4 3416 3558 3007
6658 2 2 3 4 251 3472 252
6659 2 2 3 4 254 3475 255
6660 2 2 3 4 3008 3559 3416
6661 2 2 3 4 3057 3458 3059
6662 2 2 3 4 257 3476 258
6663 2 2 3 4 288 3473 289
6664 2 2 3 4 178 3474 179
6665 2 2 3 4 260 3477 261
6666 2 2 3 4 52 3459 51
6667 2 2 3 4 263 3478 264
6668 2 2 3 4 182 3467 2923
6669 2 2 3 4 2922 3468 285
6670 2 2 3 4 266 3479 267
6671 2 2 3 4 3006 3630 3414
6672 2 2 3 4 2965 3461 226
6673 2 2 3 4 3402 3489 3180
6674 2 2 3 4 286 3468 3447
6675 2 2 3 4 2960 3564 3563
6676 2 2 3 4 3451 3467 181
6677 2 2 3 4 3011 3460 3029
6678 2 2 3 4 3415 3563 3560
6679 2 2 3 4 3029 3460 3233
6680 2 2 3 4 3045 3462 3448
6681 2 2 3 4 2961 3463 229
6682 2 2 3 4 3448 3462 3033
6683 2 2 3 4 3008 3560 3559
6684 2 2 3 4 2961 3566 3463
6685 2 2 3 4 3178 3489 3181
6686 2 2 3 4 3115 3490 3112
6687 2 2 3 4 3114 3490 3403
6688 2 2 3 4 3416 3559 3558
6689 2 2 3 4 3033 3462 3043
6690 2 2 3 4 3460 3480 3233
6691 2 2 3 4 2948 3621 3359
6692 2 2 3 4 3107 3486 3106
6693 2 2 3 4 3007 3558 3554
6694 2 2 3 4 29 3488 28
6695 2 2 3 4 3007 3464 236
6696 2 2 3 4 3083 3645 2936
6697 2 2 3 4 2962 3465 239
6698 2 2 3 4 3054 3628 3414
6699 2 2 3 4 26 3491 25
6700 2 2 3 4 2962 3550 3549
6701 2 2 3 4 3397 3480 3460
6702 2 2 3 4 2966 3466 242
6703 2 2 3 4 181 3467 182
6704 2 2 3 4 285 3468 286
6705 2 2 3 4 20 3492 19
6706 2 2 3 4 23 3493 22
6707 2 2 3 4 2968 3469 245
6708 2 2 3 4 2966 3547 3545
6709 2 2 3 4 2972 3471 248
6710 2 2 3 4 3007 3554 3464
6711 2 2 3 4 2950 3618 3352
6712 2 2 3 4 2976 3472 251
6713 2 2 3 4 2968 3541 3540
6714 2 2 3 4 2978 3475 254
6715 2 2 3 4 3236 3584 3040
6716 2 2 3 4 3076 3557 3078
6717 2 2 3 4 3079 3513 3072
6718 2 2 3 4 2982 3476 257
6719 2 2 3 4 2920 3473 288
6720 2 2 3 4 179 3474 2921
6721 2 2 3 4 2986 3477 260
6722 2 2 3 4 2972 3538 3535
6723 2 2 3 4 2988 3478 263
6724 2 2 3 4 2992 3479 266
6725 2 2 3 4 2962 3549 3465
6726 2 2 3 4 47 3499 46
6727 2 2 3 4 3417 3494 3005
6728 2 2 3 4 3476 3518 258
6729 2 2 3 4 2976 3533 3531
6730 2 2 3 4 2996 3495 3417
6731 2 2 3 4 267 3501 268
6732 2 2 3 4 2978 3527 3524
6733 2 2 3 4 3433 3500 64
6734 2 2 3 4 63 3500 2942
6735 2 2 3 4 3233 3480 3235
6736 2 2 3 4 3245 3496 3250
6737 2 2 3 4 2966 3545 3466
6738 2 2 3 4 284 3497 2922
6739 2 2 3 4 2923 3498 183
6740 2 2 3 4 2982 3520 3519
6741 2 2 3 4 67 3644 3378
6742 2 2 3 4 2953 3617 3345
6743 2 2 3 4 3510 3511 3264
6744 2 2 3 4 3503 3504 3257
6745 2 2 3 4 3496 3501 3250
6746 2 2 3 4 2986 3515 3512
6747 2 2 3 4 2988 3510 3507
6748 2 2 3 4 2968 3540 3469
6749 2 2 3 4 2992 3503 3502
6750 2 2 3 4 3475 3522 255
6751 2 2 3 4 3250 3502 3247
6752 2 2 3 4 2996 3496 3495
6753 2 2 3 4 3147 3486 3107
6754 2 2 3 4 3417 3495 3494
6755 2 2 3 4 264 3504 265
6756 2 2 3 4 3398 3600 3050
6757 2 2 3 4 2972 3535 3471
6758 2 2 3 4 3252 3503 3257
6759 2 2 3 4 3204 3596 3595
6760 2 2 3 4 3439 3653 3555
6761 2 2 3 4 3556 3649 3435
6762 2 2 3 4 2976 3531 3472
6763 2 2 3 4 172 3508 173
6764 2 2 3 4 3005 3494 3480
6765 2 2 3 4 3219 3546 3217
6766 2 2 3 4 2954 3616 3338
6767 2 2 3 4 3472 3530 252
6768 2 2 3 4 2984 3488 29
6769 2 2 3 4 3404 3516 3187
6770 2 2 3 4 3257 3507 3254
6771 2 2 3 4 185 3505 2924
6772 2 2 3 4 2925 3506 282
6773 2 2 3 4 2978 3524 3475
6774 2 2 3 4 261 3511 262
6775 2 2 3 4 3180 3489 3178
6776 2 2 3 4 3112 3490 3114
6777 2 2 3 4 3480 3494 3235
6778 2 2 3 4 3259 3510 3264
6779 2 2 3 4 70 3647 3379
6780 2 2 3 4 3185 3516 3188
6781 2 2 3 4 3122 3517 3119
6782 2 2 3 4 3121 3517 3405
6783 2 2 3 4 2982 3519 3476
6784 2 2 3 4 3271 3518 3476
6785 2 2 3 4 2986 3512 3477
6786 2 2 3 4 3408 3569 2929
6787 2 2 3 4 2980 3491 26
6788 2 2 3 4 59 3513 58
6789 2 2 3 4 2928 3570 3214
6790 2 2 3 4 2988 3507 3478
6791 2 2 3 4 259 3518 2986
6792 2 2 3 4 3471 3534 249
6793 2 2 3 4 3264 3512 3261
6794 2 2 3 4 2992 3502 3479
6795 2 2 3 4 2957 3615 3331
6796 2 2 3 4 2970 3492 20
6797 2 2 3 4 3036 3499 3044
6798 2 2 3 4 2974 3493 23
6799 2 2 3 4 3266 3515 3271
6800 2 2 3 4 3278 3522 3475
6801 2 2 3 4 301 2999 300
6802 2 2 3 4 167 3000 166
6803 2 2 3 4 3479 3502 3250
6804 2 2 3 4 3000 3546 3487
6805 2 2 3 4 256 3522 2982
6806 2 2 3 4 3271 3519 3268
6807 2 2 3 4 3469 3539 246
6808 2 2 3 4 3235 3494 3241
6809 2 2 3 4 73 3650 3380
6810 2 2 3 4 3273 3520 3278
6811 2 2 3 4 3285 3530 3472
6812 2 2 3 4 166 3487 165
6813 2 2 3 4 302 3484 301
6814 2 2 3 4 3088 3509 3087
6815 2 2 3 4 3478 3507 3257
6816 2 2 3 4 253 3530 2978
6817 2 2 3 4 3278 3524 3275
6818 2 2 3 4 3466 3542 243
6819 2 2 3 4 3494 3495 3241
6820 2 2 3 4 303 3024 302
6821 2 2 3 4 165 3025 164
6822 2 2 3 4 3241 3495 3243
6823 2 2 3 4 291 3528 292
6824 2 2 3 4 175 3529 176
6825 2 2 3 4 3280 3527 3285
6826 2 2 3 4 281 3525 2925
6827 2 2 3 4 3292 3534 3471
6828 2 2 3 4 2924 3526 186
6829 2 2 3 4 2929 3577 3408
6830 2 2 3 4 3214 3578 2928
6831 2 2 3 4 250 3534 2976
6832 2 2 3 4 163 3532 162
6833 2 2 3 4 46 3499 2912
6834 2 2 3 4 3477 3512 3264
6835 2 2 3 4 3285 3531 3282
6836 2 2 3 4 3495 3496 3243
6837 2 2 3 4 283 3497 284
6838 2 2 3 4 3465 3548 240
6839 2 2 3 4 183 3498 184
6840 2 2 3 4 3243 3496 3245
6841 2 2 3 4 76 3654 3381
6842 2 2 3 4 64 3500 63
6843 2 2 3 4 3287 3533 3292
6844 2 2 3 4 3299 3539 3469
6845 2 2 3 4 3407 3543 3194
6846 2 2 3 4 3484 3523 2999
6847 2 2 3 4 247 3539 2972
6848 2 2 3 4 268 3501 2996
6849 2 2 3 4 3476 3519 3271
6850 2 2 3 4 3292 3535 3289
6851 2 2 3 4 2996 3501 3496
6852 2 2 3 4 188 3536 2926
6853 2 2 3 4 2927 3537 279
6854 2 2 3 4 3464 3553 237
6855 2 2 3 4 3192 3543 3195
6856 2 2 3 4 3129 3544 3126
6857 2 2 3 4 3128 3544 3406
6858 2 2 3 4 3306 3542 3466
6859 2 2 3 4 3294 3538 3299
6860 2 2 3 4 244 3542 2968
6861 2 2 3 4 3247 3502 3249
6862 2 2 3 4 3475 3524 3278
6863 2 2 3 4 3299 3540 3296
6864 2 2 3 4 3385 3614 92
6865 2 2 3 4 79 3655 3382
6866 2 2 3 4 2992 3504 3503
6867 2 2 3 4 3313 3548 3465
6868 2 2 3 4 3301 3541 3306
6869 2 2 3 4 283 3506 3497
6870 2 2 3 4 3498 3505 184
6871 2 2 3 4 3502 3503 3249
6872 2 2 3 4 241 3548 2966
6873 2 2 3 4 3249 3503 3252
6874 2 2 3 4 3439 3555 298
6875 2 2 3 4 169 3556 3435
6876 2 2 3 4 3472 3531 3285
6877 2 2 3 4 3306 3545 3303
6878 2 2 3 4 3318 3553 3464
6879 2 2 3 4 3308 3547 3313
6880 2 2 3 4 265 3504 2992
6881 2 2 3 4 3386 3613 95
6882 2 2 3 4 2988 3511 3510
6883 2 2 3 4 12 3620 11
6884 2 2 3 4 3463 3565 230
6885 2 2 3 4 238 3553 2962
6886 2 2 3 4 3471 3535 3292
6887 2 2 3 4 3313 3549 3310
6888 2 2 3 4 168 3514 167
6889 2 2 3 4 184 3505 185
6890 2 2 3 4 282 3506 283
6891 2 2 3 4 82 3656 3383
6892 2 2 3 4 3315 3550 3318
6893 2 2 3 4 3254 3507 3256
6894 2 2 3 4 3513 3646 3072
6895 2 2 3 4 61 3557 60
6896 2 2 3 4 278 3551 2927
6897 2 2 3 4 2926 3552 189
6898 2 2 3 4 3214 3595 3578
6899 2 2 3 4 3469 3540 3299
6900 2 2 3 4 3461 3568 227
6901 2 2 3 4 3387 3612 98
6902 2 2 3 4 3318 3554 3317
6903 2 2 3 4 3507 3510 3256
6904 2 2 3 4 3256 3510 3259
6905 2 2 3 4 173 3508 2917
6906 2 2 3 4 3335 3565 3463
6907 2 2 3 4 3466 3545 3306
6908 2 2 3 4 3457 3573 224
6909 2 2 3 4 231 3565 2960
6910 2 2 3 4 262 3511 2988
6911 2 2 3 4 85 3658 3384
6912 2 2 3 4 3388 3611 101
6913 2 2 3 4 191 3561 2928
6914 2 2 3 4 2929 3562 276
6915 2 2 3 4 3136 3569 3133
6916 2 2 3 4 3199 3570 3202
6917 2 2 3 4 3135 3569 3408
6918 2 2 3 4 3214 3570 3201
6919 2 2 3 4 3342 3568 3461
6920 2 2 3 4 3465 3549 3313
6921 2 2 3 4 3330 3564 3335
6922 2 2 3 4 2985 3605 3434
6923 2 2 3 4 3228 3509 3088
6924 2 2 3 4 3230 3592 3030
6925 2 2 3 4 228 3568 2961
6926 2 2 3 4 3261 3512 3263
6927 2 2 3 4 3456 3579 221
6928 2 2 3 4 3335 3566 3332
6929 2 2 3 4 3349 3573 3457
6930 2 2 3 4 3464 3554 3318
6931 2 2 3 4 3389 3610 104
6932 2 2 3 4 3337 3567 3342
6933 2 2 3 4 225 3573 2965
6934 2 2 3 4 300 3521 299
6935 2 2 3 4 2941 3513 59
6936 2 2 3 4 3512 3515 3263
6937 2 2 3 4 3342 3571 3339
6938 2 2 3 4 3263 3515 3266
6939 2 2 3 4 3455 3582 218
6940 2 2 3 4 3356 3579 3456
6941 2 2 3 4 3344 3572 3349
6942 2 2 3 4 222 3579 2967
6943 2 2 3 4 3187 3516 3185
6944 2 2 3 4 3119 3517 3121
6945 2 2 3 4 3390 3609 107
6946 2 2 3 4 3349 3574 3346
6947 2 2 3 4 3586 3597 3141
6948 2 2 3 4 258 3518 259
6949 2 2 3 4 3363 3582 3455
6950 2 2 3 4 3376 3629 3433
6951 2 2 3 4 3463 3566 3335
6952 2 2 3 4 3227 3523 3229
6953 2 2 3 4 3454 3587 215
6954 2 2 3 4 3351 3576 3356
6955 2 2 3 4 3000 3487 166
6956 2 2 3 4 301 3484 2999
6957 2 2 3 4 219 3582 2971
6958 2 2 3 4 3030 3592 3440
6959 2 2 3 4 275 3577 2929
6960 2 2 3 4 2928 3578 192
6961 2 2 3 4 3268 3519 3270
6962 2 2 3 4 193 3578 3438
6963 2 2 3 4 3356 3580 3353
6964 2 2 3 4 3461 3571 3342
6965 2 2 3 4 3370 3587 3454
6966 2 2 3 4 3391 3608 110
6967 2 2 3 4 3358 3581 3363
6968 2 2 3 4 216 3587 2975
6969 2 2 3 4 3446 3591 212
6970 2 2 3 4 3519 3520 3270
6971 2 2 3 4 3457 3574 3349
6972 2 2 3 4 92 3661 3385
6973 2 2 3 4 13 3584 12
6974 2 2 3 4 3375 3591 3446
6975 2 2 3 4 3363 3583 3360
6976 2 2 3 4 3270 3520 3273
6977 2 2 3 4 199 3589 200
6978 2 2 3 4 3365 3585 3370
6979 2 2 3 4 213 3591 2977
6980 2 2 3 4 3456 3580 3356
6981 2 2 3 4 2931 3586 273
6982 2 2 3 4 3392 3607 113
6983 2 2 3 4 3024 3484 302
6984 2 2 3 4 165 3487 3025
6985 2 2 3 4 3370 3588 3367
6986 2 2 3 4 255 3522 256
6987 2 2 3 4 3455 3583 3363
6988 2 2 3 4 3372 3590 3375
6989 2 2 3 4 3426 3619 3066
6990 2 2 3 4 3454 3588 3370
6991 2 2 3 4 3275 3524 3277
6992 2 2 3 4 3393 3604 116
6993 2 2 3 4 3375 3593 3374
6994 2 2 3 4 95 3662 3386
6995 2 2 3 4 3446 3593 3375
6996 2 2 3 4 280 3525 281
6997 2 2 3 4 3524 3527 3277
6998 2 2 3 4 186 3526 187
6999 2 2 3 4 167 3514 3000
7000 2 2 3 4 3277 3527 3280
7001 2 2 3 4 3394 3603 119
7002 2 2 3 4 3595 3596 3015
7003 2 2 3 4 98 3663 3387
7004 2 2 3 4 252 3530 253
7005 2 2 3 4 3395 3601 122
7006 2 2 3 4 2918 3528 291
7007 2 2 3 4 176 3529 2919
7008 2 2 3 4 3069 3623 2987
7009 2 2 3 4 162 3532 3420
7010 2 2 3 4 3002 3602 3232
7011 2 2 3 4 3282 3531 3284
7012 2 2 3 4 298 3555 9
7013 2 2 3 4 6 3556 169
7014 2 2 3 4 3429 3598 3452
7015 2 2 3 4 2999 3521 300
7016 2 2 3 4 3513 3635 58
7017 2 2 3 4 280 3537 3525
7018 2 2 3 4 101 3664 3388
7019 2 2 3 4 3531 3533 3284
7020 2 2 3 4 3526 3536 187
7021 2 2 3 4 3284 3533 3287
7022 2 2 3 4 200 3599 201
7023 2 2 3 4 249 3534 250
7024 2 2 3 4 3139 3575 3146
7025 2 2 3 4 104 3666 3389
7026 2 2 3 4 3289 3535 3291
7027 2 2 3 4 187 3536 188
7028 2 2 3 4 279 3537 280
7029 2 2 3 4 2941 3646 3513
7030 2 2 3 4 3048 3600 3443
7031 2 2 3 4 3414 3628 2995
7032 2 2 3 4 47 3641 3499
7033 2 2 3 4 122 3601 121
7034 2 2 3 4 3535 3538 3291
7035 2 2 3 4 3433 3667 3376
7036 2 2 3 4 3291 3538 3294
7037 2 2 3 4 119 3603 118
7038 2 2 3 4 107 3669 3390
7039 2 2 3 4 3221 3546 3219
7040 2 2 3 4 116 3604 115
7041 2 2 3 4 246 3539 247
7042 2 2 3 4 113 3607 112
7043 2 2 3 4 3232 3602 3031
7044 2 2 3 4 110 3608 109
7045 2 2 3 4 3296 3540 3298
7046 2 2 3 4 110 3673 3391
7047 2 2 3 4 107 3609 106
7048 2 2 3 4 3140 3575 3139
7049 2 2 3 4 104 3610 103
7050 2 2 3 4 3052 3626 3425
7051 2 2 3 4 3540 3541 3298
7052 2 2 3 4 101 3611 100
7053 2 2 3 4 3298 3541 3301
7054 2 2 3 4 98 3612 97
7055 2 2 3 4 113 3676 3392
7056 2 2 3 4 95 3613 94
7057 2 2 3 4 92 3614 91
7058 2 2 3 4 3194 3543 3192
7059 2 2 3 4 3126 3544 3128
7060 2 2 3 4 3331 3615 3329
7061 2 2 3 4 243 3542 244
7062 2 2 3 4 3453 3640 2911
7063 2 2 3 4 3338 3616 3336
7064 2 2 3 4 3345 3617 3343
7065 2 2 3 4 3303 3545 3305
7066 2 2 3 4 3231 3592 3230
7067 2 2 3 4 3352 3618 3350
7068 2 2 3 4 3359 3621 3357
7069 2 2 3 4 3038 3640 3453
7070 2 2 3 4 43 3637 3
7071 2 2 3 4 3366 3624 3364
7072 2 2 3 4 3 3637 163
7073 2 2 3 4 3545 3547 3305
7074 2 2 3 4 3373 3625 3371
7075 2 2 3 4 3063 3619 3061
7076 2 2 3 4 3305 3547 3308
7077 2 2 3 4 3062 3633 3064
7078 2 2 3 4 3074 3623 3071
7079 2 2 3 4 3366 3671 2946
7080 2 2 3 4 240 3548 241
7081 2 2 3 4 3431 3622 3064
7082 2 2 3 4 3499 3641 3044
7083 2 2 3 4 3310 3549 3312
7084 2 2 3 4 3205 3596 3204
7085 2 2 3 4 3411 3636 3019
7086 2 2 3 4 3058 3628 3055
7087 2 2 3 4 3549 3550 3312
7088 2 2 3 4 3426 3632 203
7089 2 2 3 4 204 3632 2987
7090 2 2 3 4 3312 3550 3315
7091 2 2 3 4 3079 3635 3513
7092 2 2 3 4 3452 3594 3377
7093 2 2 3 4 277 3551 278
7094 2 2 3 4 189 3552 190
7095 2 2 3 4 3010 3636 8
7096 2 2 3 4 62 3631 61
7097 2 2 3 4 237 3553 238
7098 2 2 3 4 3051 3630 3050
7099 2 2 3 4 8 3636 2931
7100 2 2 3 4 3052 3634 3053
7101 2 2 3 4 3317 3554 3320
7102 2 2 3 4 3380 3677 3354
7103 2 2 3 4 3001 3641 48
7104 2 2 3 4 60 3557 2941
7105 2 2 3 4 3379 3674 3361
7106 2 2 3 4 3378 3671 3368
7107 2 2 3 4 3359 3674 2948
7108 2 2 3 4 3554 3558 3320
7109 2 2 3 4 3040 3640 3032
7110 2 2 3 4 57 3635 2938
7111 2 2 3 4 3073 3646 3076
7112 2 2 3 4 3039 3638 3575
7113 2 2 3 4 114 3676 113
7114 2 2 3 4 3320 3558 3322
7115 2 2 3 4 78 3678 2953
7116 2 2 3 4 7 3639 2932
7117 2 2 3 4 277 3562 3551
7118 2 2 3 4 111 3673 110
7119 2 2 3 4 3552 3561 190
7120 2 2 3 4 75 3675 2950
7121 2 2 3 4 108 3669 107
7122 2 2 3 4 68 3644 67
7123 2 2 3 4 72 3672 2948
7124 2 2 3 4 105 3666 104
7125 2 2 3 4 71 3647 70
7126 2 2 3 4 69 3668 2946
7127 2 2 3 4 3558 3559 3322
7128 2 2 3 4 2936 3645 53
7129 2 2 3 4 102 3664 101
7130 2 2 3 4 74 3650 73
7131 2 2 3 4 66 3665 2945
7132 2 2 3 4 99 3663 98
7133 2 2 3 4 3322 3559 3324
7134 2 2 3 4 77 3654 76
7135 2 2 3 4 96 3662 95
7136 2 2 3 4 80 3655 79
7137 2 2 3 4 93 3661 92
7138 2 2 3 4 83 3656 82
7139 2 2 3 4 86 3658 85
7140 2 2 3 4 3559 3560 3324
7141 2 2 3 4 3324 3560 3326
7142 2 2 3 4 3443 3639 3026
7143 2 2 3 4 190 3561 191
7144 2 2 3 4 276 3562 277
7145 2 2 3 4 3041 3648 3034
7146 2 2 3 4 3560 3563 3326
7147 2 2 3 4 3326 3563 3328
7148 2 2 3 4 52 3645 3459
7149 2 2 3 4 3563 3564 3328
7150 2 2 3 4 3036 3648 3499
7151 2 2 3 4 3009 3639 7
7152 2 2 3 4 3328 3564 3330
7153 2 2 3 4 3352 3677 2950
7154 2 2 3 4 3373 3667 2945
7155 2 2 3 4 230 3565 231
7156 2 2 3 4 164 3642 5
7157 2 2 3 4 10 3643 303
7158 2 2 3 4 5 3642 6
7159 2 2 3 4 9 3643 10
7160 2 2 3 4 3075 3605 3074
7161 2 2 3 4 3332 3566 3334
7162 2 2 3 4 3566 3567 3334
7163 2 2 3 4 3334 3567 3337
7164 2 2 3 4 3004 3638 3453
7165 2 2 3 4 132 3651 4
7166 2 2 3 4 3133 3569 3135
7167 2 2 3 4 3201 3570 3199
7168 2 2 3 4 2 3652 42
7169 2 2 3 4 227 3568 228
7170 2 2 3 4 3378 3665 67
7171 2 2 3 4 3453 3638 3038
7172 2 2 3 4 3339 3571 3341
7173 2 2 3 4 3499 3648 2912
7174 2 2 3 4 3571 3572 3341
7175 2 2 3 4 3225 3657 3523
7176 2 2 3 4 3341 3572 3344
7177 2 2 3 4 224 3573 225
7178 2 2 3 4 3013 3606 3030
7179 2 2 3 4 3346 3574 3348
7180 2 2 3 4 3410 3622 2938
7181 2 2 3 4 3574 3576 3348
7182 2 2 3 4 3348 3576 3351
7183 2 2 3 4 274 3577 275
7184 2 2 3 4 192 3578 193
7185 2 2 3 4 221 3579 222
7186 2 2 3 4 3379 3668 70
7187 2 2 3 4 3353 3580 3355
7188 2 2 3 4 3580 3581 3355
7189 2 2 3 4 3355 3581 3358
7190 2 2 3 4 274 3586 3577
7191 2 2 3 4 218 3582 219
7192 2 2 3 4 2991 3619 3426
7193 2 2 3 4 3360 3583 3362
7194 2 2 3 4 2911 3584 13
7195 2 2 3 4 2987 3623 3427
7196 2 2 3 4 3583 3585 3362
7197 2 2 3 4 273 3586 274
7198 2 2 3 4 3362 3585 3365
7199 2 2 3 4 3380 3672 73
7200 2 2 3 4 3211 3596 3205
7201 2 2 3 4 215 3587 216
7202 2 2 3 4 2995 3589 199
7203 2 2 3 4 3367 3588 3369
7204 2 2 3 4 3588 3590 3369
7205 2 2 3 4 3369 3590 3372
7206 2 2 3 4 3049 3626 3052
7207 2 2 3 4 212 3591 213
7208 2 2 3 4 3440 3592 3046
7209 2 2 3 4 3374 3593 3377
7210 2 2 3 4 3204 3595 3214
7211 2 2 3 4 4 3651 168
7212 2 2 3 4 299 3652 2
7213 2 2 3 4 3381 3675 76
7214 2 2 3 4 3438 3595 3015
7215 2 2 3 4 2932 3600 3398
7216 2 2 3 4 3217 3659 3216
7217 2 2 3 4 3141 3597 3140
7218 2 2 3 4 3064 3622 3065
7219 2 2 3 4 3382 3678 79
7220 2 2 3 4 3224 3657 3225
7221 2 2 3 4 3015 3606 3013
7222 2 2 3 4 3430 3598 3429
7223 2 2 3 4 3001 3626 3047
7224 2 2 3 4 3433 3629 3500
7225 2 2 3 4 3434 3605 3075
7226 2 2 3 4 3650 3677 3380
7227 2 2 3 4 3647 3674 3379
7228 2 2 3 4 2953 3678 3617
7229 2 2 3 4 3644 3671 3378
7230 2 2 3 4 3065 3622 3410
7231 2 2 3 4 201 3599 2991
7232 2 2 3 4 2950 3675 3618
7233 2 2 3 4 2948 3672 3621
7234 2 2 3 4 3432 3633 2936
7235 2 2 3 4 3050 3600 3048
7236 2 2 3 4 2946 3668 3624
7237 2 2 3 4 2936 3633 3458
7238 2 2 3 4 2945 3665 3625
7239 2 2 3 4 121 3601 2937
7240 2 2 3 4 3459 3634 2935
7241 2 2 3 4 131 3670 3023
7242 2 2 3 4 3031 3602 3239
7243 2 2 3 4 118 3603 2939
7244 2 2 3 4 3428 3605 2985
7245 2 2 3 4 115 3604 2940
7246 2 2 3 4 3056 3634 3459
7247 2 2 3 4 3546 3659 3217
7248 2 2 3 4 112 3607 2943
7249 2 2 3 4 109 3608 2944
7250 2 2 3 4 3047 3626 3049
7251 2 2 3 4 106 3609 2947
7252 2 2 3 4 3216 3651 132
7253 2 2 3 4 103 3610 2949
7254 2 2 3 4 42 3652 3224
7255 2 2 3 4 100 3611 2951
7256 2 2 3 4 97 3612 2952
7257 2 2 3 4 94 3613 2955
7258 2 2 3 4 3523 3657 2999
7259 2 2 3 4 91 3614 2956
7260 2 2 3 4 3023 3620 3236
7261 2 2 3 4 3329 3615 3384
7262 2 2 3 4 3216 3659 3514
7263 2 2 3 4 3336 3616 3383
7264 2 2 3 4 3343 3617 3382
7265 2 2 3 4 3041 3627 3412
7266 2 2 3 4 3350 3618 3381
7267 2 2 3 4 3412 3627 3022
7268 2 2 3 4 3066 3619 3063
7269 2 2 3 4 3357 3621 3380
7270 2 2 3 4 3364 3624 3379
7271 2 2 3 4 2938 3622 3431
7272 2 2 3 4 3071 3623 3069
7273 2 2 3 4 3371 3625 3378
7274 2 2 3 4 3425 3626 3001
7275 2 2 3 4 3521 3657 3224
7276 2 2 3 4 3042 3627 3041
7277 2 2 3 4 3055 3628 3054
7278 2 2 3 4 3411 3660 3597
7279 2 2 3 4 3054 3630 3051
7280 2 2 3 4 3596 3606 3015
7281 2 2 3 4 2942 3631 62
7282 2 2 3 4 203 3632 204
7283 2 2 3 4 3458 3633 3062
7284 2 2 3 4 3053 3634 3056
7285 2 2 3 4 163 3637 3532
7286 2 2 3 4 3022 3637 43
7287 2 2 3 4 3019 3636 3010
7288 2 2 3 4 3000 3659 3546
7289 2 2 3 4 3038 3638 3039
7290 2 2 3 4 58 3635 57
7291 2 2 3 4 1 3670 131
7292 2 2 3 4 3140 3660 3575
7293 2 2 3 4 3032 3640 3038
7294 2 2 3 4 48 3641 47
7295 2 2 3 4 3500 3629 3081
7296 2 2 3 4 3026 3639 3009
7297 2 2 3 4 11 3670 1
7298 2 2 3 4 3376 3667 3373
7299 2 2 3 4 3072 3646 3073
7300 2 2 3 4 3514 3651 3216
7301 2 2 3 4 53 3645 52
7302 2 2 3 4 2946 3644 68
7303 2 2 3 4 2948 3647 71
7304 2 2 3 4 2950 3650 74
7305 2 2 3 4 3034 3648 3036
7306 2 2 3 4 2953 3654 77
7307 2 2 3 4 2954 3655 80
7308 2 2 3 4 3224 3652 3521
7309 2 2 3 4 2957 3656 83
7310 2 2 3 4 3039 3660 3411
7311 2 2 3 4 2958 3658 86
7312 2 2 3 4 3211 3606 3596
7313 2 2 3 4 2955 3661 93
7314 2 2 3 4 2952 3662 96
7315 2 2 3 4 2951 3663 99
7316 2 2 3 4 3368 3671 3366
7317 2 2 3 4 3361 3674 3359
7318 2 2 3 4 2949 3664 102
7319 2 2 3 4 67 3665 66
7320 2 2 3 4 3354 3677 3352
7321 2 2 3 4 70 3668 69
7322 2 2 3 4 2947 3666 105
7323 2 2 3 4 73 3672 72
7324 2 2 3 4 2944 3669 108
7325 2 2 3 4 76 3675 75
7326 2 2 3 4 79 3678 78
7327 2 2 3 4 2945 3667 3433
7328 2 2 3 4 2943 3673 111
7329 2 2 3 4 2940 3676 114
7330 2 2 3 4 303 3643 3024
7331 2 2 3 4 3025 3642 164
7332 2 2 3 4 3023 3670 3620
7333 2 2 3 4 3597 3660 3140
7334 2 2 3 4 3532 3637 3022
7335 2 2 3 4 3575 3660 3039
7336 2 2 3 4 168 3651 3514
7337 2 2 3 4 3555 3643 9
7338 2 2 3 4 6 3642 3556
7339 2 2 3 4 3521 3652 299
7340 2 2 3 4 2999 3657 3521
7341 2 2 3 4 3514 3659 3000
7342 2 2 3 4 3024 3643 3555
7343 2 2 3 4 3556 3642 3025
7344 2 2 3 4 3025 3649 3556
7345 2 2 3 4 3555 3653 3024
7346 2 2 3 4 3617 3678 3382
7347 2 2 3 4 3618 3675 3381
7348 2 2 3 4 3621 3672 3380
7349 2 2 3 4 3624 3668 3379
7350 2 2 3 4 3625 3665 3378
7351 2 2 3 4 3620 3670 11
7352 2 2 3 4 2946 3671 3644
7353 2 2 3 4 2948 3674 3647
7354 2 2 3 4 2950 3677 3650
$EndElements
