% Model:              office_space_acoustics_63.mph
% Version:            COMSOL 6.4.0.293
% Date:               Jul 23 2026, 08:05
% Dimension:          1
% Nodes:              14026
% Expressions:        1
% Description:        脉冲响应
% 时间 (s)                  Value
0                         0
6.666666666666667E-5      -1.333247196990407E-5
1.3333333333333334E-4     -6.413392974476019E-5
2.0E-4                    -1.7657383111211667E-4
2.666666666666667E-4      -3.6544243973248193E-4
3.333333333333334E-4      -6.320606310748959E-4
4.0E-4                    -9.628093683408307E-4
4.6666666666666666E-4     -0.0013308043857611965
5.333333333333334E-4      -0.0017005874142691708
6.000000000000001E-4      -0.002035036157747124
6.666666666666668E-4      -0.0023031566069104353
7.333333333333333E-4      -0.002487139385492262
8.0E-4                    -0.002587114681845285
8.666666666666667E-4      -0.0026224368693515167
9.333333333333333E-4      -0.002629003227844536
0.001                     -0.002652929063870918
0.0010666666666666667     -0.002741693438943908
0.0011333333333333334     -0.002934463818746948
0.0012000000000000001     -0.0032535692159907366
0.0012666666666666668     -0.0036989513893015127
0.0013333333333333335     -0.004246895761309585
0.0014                    -0.004853521562265081
0.0014666666666666667     -0.00546255130019083
0.0015333333333333334     -0.006015974637781781
0.0016                    -0.006465561053570706
0.0016666666666666668     -0.006782908865439068
0.0017333333333333335     -0.006965920348018808
0.0018000000000000002     -0.0070402426726133786
0.0018666666666666666     -0.0070551932806268815
0.0019333333333333333     -0.007074800799414895
0.002                     -0.0071656084357779246
0.0020666666666666667     -0.007383591525099851
0.0021333333333333334     -0.00776278309061341
0.0022                    -0.008307923892663455
0.002266666666666667      -0.008992704162792192
0.0023333333333333335     -0.009764084413961054
0.0024000000000000002     -0.010551980258485583
0.002466666666666667      -0.011282507382227473
0.0025333333333333336     -0.011892229026315886
0.0026000000000000003     -0.012340592224812251
0.002666666666666667      -0.012618048225023649
0.0027333333333333333     -0.012748178947240304
0.0028                    -0.012783335079877556
0.0028666666666666667     -0.012794591449248655
0.0029333333333333334     -0.01285797200938215
0.003                     -0.013039652387407138
0.0030666666666666668     -0.01338305848429849
0.0031333333333333335     -0.013900405595282193
0.0032                    -0.014570342474488105
0.003266666666666667      -0.015342155604570308
0.0033333333333333335     -0.01614568958260273
0.0034000000000000002     -0.01690500616917293
0.003466666666666667      -0.01755306339090363
0.0035333333333333336     -0.018044499586071492
0.0036000000000000003     -0.018364000682648655
0.003666666666666667      -0.01852863579125638
0.0037333333333333333     -0.018583779504566772
0.0038                    -0.01859354026913853
0.0038666666666666667     -0.01862770970061862
0.003933333333333334      -0.01874791218215893
0.004                     -0.018995738594069608
0.004066666666666667      -0.019385184481967504
0.0041333333333333335     -0.019900790079405914
0.004200000000000001      -0.020501695231568154
0.004266666666666667      -0.021130621095481986
0.004333333333333333      -0.021725815790891275
0.0044                    -0.022233448134051224
0.0044666666666666665     -0.022617910723637117
0.004533333333333334      -0.022867999203147714
0.0046                    -0.02299785441815242
0.004666666666666667      -0.023042685004488733
0.004733333333333333      -0.023050381977948835
0.0048000000000000004     -0.023070958903208715
0.004866666666666667      -0.02314613194097165
0.004933333333333334      -0.023301226420359488
0.005                     -0.023541006308865287
0.005066666666666667      -0.023850113526024674
0.0051333333333333335     -0.024197781845127882
0.005200000000000001      -0.024545578941338134
0.005266666666666667      -0.024856324174848985
0.005333333333333334      -0.025102153242870323
0.0054                    -0.025269981974229378
0.0054666666666666665     -0.02536328577872803
0.005533333333333334      -0.02539999807585574
0.0056                    -0.025407231075308716
0.005666666666666667      -0.025414227000703296
0.005733333333333333      -0.025445298855768315
0.0058000000000000005     -0.02551444535243337
0.005866666666666667      -0.025622854127590484
0.005933333333333334      -0.025759762062598383
0.006                     -0.02590630424432376
0.006066666666666667      -0.02604125546054742
0.0061333333333333335     -0.026147123974571196
0.006200000000000001      -0.026215002394870214
0.006266666666666667      -0.026246926674821917
0.006333333333333334      -0.026255155468807006
0.0064                    -0.026258593332929278
0.006466666666666667      -0.026277338505061257
0.006533333333333334      -0.026326846248855316
0.0066                    -0.026413328302538182
0.006666666666666667      -0.02653171718083876
0.006733333333333333      -0.026666874561993133
0.0068000000000000005     -0.02679787019652963
0.006866666666666667      -0.026904312138246456
0.006933333333333334      -0.0269730882236697
0.007                     -0.027003654599745165
0.007066666666666667      -0.02701026097082907
0.0071333333333333335     -0.02702019868043602
0.007200000000000001      -0.027068146387310907
0.007266666666666667      -0.027187735013704615
0.007333333333333334      -0.027402295949219627
0.0074                    -0.027717166448793486
0.007466666666666667      -0.028115768420532563
0.007533333333333334      -0.028560945045853835
0.0076                    -0.02900186502997551
0.007666666666666667      -0.02938543406512391
0.007733333333333333      -0.029669903192642254
0.0078000000000000005     -0.02983755141189946
0.007866666666666668      -0.02990318798900833
0.007933333333333334      -0.02991586918330359
0.008                     -0.029952572727087925
0.008066666666666666      -0.030104360432932218
0.008133333333333334      -0.030457396427533232
0.0082                    -0.031072648164041657
0.008266666666666667      -0.03196881264007781
0.008333333333333333      -0.03311275945243363
0.008400000000000001      -0.0344205400873813
0.008466666666666667      -0.035769962775812
0.008533333333333334      -0.03702324439331983
0.0086                    -0.03805582759971865
0.008666666666666666      -0.038785641627889104
0.008733333333333334      -0.039196369965413855
0.0088                    -0.03934895428886764
0.008866666666666667      -0.0393776001468523
0.008933333333333333      -0.03946961045686661
0.009000000000000001      -0.03983183714321284
0.009066666666666667      -0.04064965889880716
0.009133333333333334      -0.042046467748430474
0.0092                    -0.04405219421967496
0.009266666666666668      -0.0465882359950726
0.009333333333333334      -0.049473408926503024
0.0094                    -0.052451628733050454
0.009466666666666667      -0.05523761118453624
0.009533333333333335      -0.057572776969591906
0.009600000000000001      -0.059280660047447906
0.009666666666666667      -0.06031022905634821
0.009733333333333333      -0.060757083034302564
0.0098                    -0.06085637456515514
0.009866666666666668      -0.060946837382190616
0.009933333333333334      -0.06141127997305155
0.01                      -0.06260403570588839
0.010066666666666666      -0.06477903386708578
0.010133333333333334      -0.06803274236676377
0.0102                    -0.07227412908255909
0.010266666666666667      -0.07722933572857056
0.010333333333333333      -0.08248261669551801
0.010400000000000001      -0.08754817747065441
0.010466666666666668      -0.09196099997652049
0.010533333333333334      -0.09536988891138297
0.0106                    -0.09761409931441806
0.010666666666666668      -0.09876686800229052
0.010733333333333334      -0.09913497359568102
0.0108                    -0.0992120337327757
0.010866666666666667      -0.09959269990258741
0.010933333333333333      -0.10086304774477585
0.011000000000000001      -0.10348752636252574
0.011066666666666667      -0.1077139452236553
0.011133333333333334      -0.11351517533885397
0.0112                    -0.1205801818491651
0.011266666666666668      -0.12835863754520926
0.011333333333333334      -0.1361537861672436
0.0114                    -0.14324875186423008
0.011466666666666667      -0.14904379332359363
0.011533333333333335      -0.1531779649461985
0.011600000000000001      -0.15560985771406716
0.011666666666666667      -0.15663906194338997
0.011733333333333333      -0.1568615961794287
0.0118                    -0.15706611355091066
0.011866666666666668      -0.15808988551212957
0.011933333333333334      -0.16066156352221497
0.012                     -0.1652601368899354
0.012066666666666667      -0.1720164764841336
0.012133333333333335      -0.18067650033652727
0.0122                    -0.19063471172699503
0.012266666666666667      -0.2010349341530676
0.012333333333333333      -0.21092282001579646
0.012400000000000001      -0.21942387859506562
0.012466666666666668      -0.2259136696371521
0.012533333333333334      -0.23014586070585674
0.0126                    -0.23231048760576056
0.012666666666666668      -0.23300833204788232
0.012733333333333334      -0.23314478035561206
0.0128                    -0.23376332616705905
0.012866666666666667      -0.23585080952274817
0.012933333333333333      -0.24015119284080605
0.013000000000000001      -0.24702213998304046
0.013066666666666667      -0.2563604872740435
0.013133333333333334      -0.26761090847613045
0.0132                    -0.27985834492835365
0.013266666666666668      -0.2919904034980441
0.013333333333333334      -0.3029024754376967
0.0134                    -0.3117081620796953
0.013466666666666667      -0.3179136922601433
0.013533333333333335      -0.32151981965635634
0.013600000000000001      -0.32302847704353715
0.013666666666666667      -0.3233514245286167
0.013733333333333334      -0.3236389999479406
0.013800000000000002      -0.3250632543259873
0.013866666666666668      -0.328597576677209
0.013933333333333334      -0.33483375869454624
0.014                     -0.34386913611998104
0.014066666666666667      -0.35528366167921643
0.014133333333333335      -0.3682117595589946
0.0142                    -0.3814980687663367
0.014266666666666667      -0.39391106776221607
0.014333333333333333      -0.40437620622596937
0.014400000000000001      -0.4121836346970493
0.014466666666666668      -0.4171279870313591
0.014533333333333334      -0.41955016201309087
0.0146                    -0.4202715702636231
0.014666666666666668      -0.4204345686259145
0.014733333333333334      -0.4212823393839902
0.0148                    -0.42392242548952386
0.014866666666666667      -0.4291189815424992
0.014933333333333333      -0.43715114019924867
0.015000000000000001      -0.44776179253217396
0.015066666666666667      -0.4602053563914383
0.015133333333333334      -0.4733866201666969
0.0152                    -0.4860668768581216
0.015266666666666668      -0.49710017721118055
0.015333333333333334      -0.505654494445275
0.0154                    -0.5113730755892537
0.015466666666666667      -0.5144419922405945
0.015533333333333335      -0.5155494893744953
0.015600000000000001      -0.5157463237520905
0.01566666666666667       -0.516237320470687
0.015733333333333335      -0.5181473762675081
0.0158                    -0.5223078139443842
0.015866666666666668      -0.5291024485230402
0.015933333333333334      -0.5383999901965884
0.016                     -0.5495835980843868
0.016066666666666667      -0.5616717424618983
0.016133333333333333      -0.5735086079283962
0.0162                    -0.5839888810024998
0.01626666666666667       -0.5922735140768642
0.016333333333333335      -0.5979528551439429
0.0164                    -0.6011230855503048
0.016466666666666668      -0.6023601003599381
0.016533333333333334      -0.6025974446417801
0.0166                    -0.6029355228882153
0.016666666666666666      -0.6044226241120212
0.016733333333333333      -0.6078517989179782
0.016800000000000002      -0.6136119830740256
0.01686666666666667       -0.6216197164066525
0.016933333333333335      -0.6313424289480879
0.017                     -0.6419079611949117
0.017066666666666667      -0.6522795555957268
0.017133333333333334      -0.6614628991708837
0.0172                    -0.6687043544396436
0.017266666666666666      -0.673639822884564
0.017333333333333333      -0.6763630530803844
0.017400000000000002      -0.6773993692453761
0.01746666666666667       -0.6775916484341727
0.017533333333333335      -0.6779242957996008
0.0176                    -0.6793230907012253
0.017666666666666667      -0.6824717998618715
0.017733333333333334      -0.6876809703518132
0.0178                    -0.6948327628067353
0.017866666666666666      -0.7034108968135291
0.017933333333333336      -0.7126091233009924
0.018000000000000002      -0.7214970578808099
0.01806666666666667       -0.7292107450791575
0.018133333333333335      -0.7351293545391735
0.0182                    -0.7390011029692932
0.018266666666666667      -0.7409916047748698
0.018333333333333333      -0.7416446757413229
0.0184                    -0.741765018643409
0.018466666666666666      -0.7422490453434989
0.018533333333333336      -0.7439001666477465
0.018600000000000002      -0.7472664660810208
0.018666666666666668      -0.7525325431708507
0.018733333333333334      -0.7594857476881406
0.0188                    -0.7675625987141322
0.018866666666666667      -0.7759661216051889
0.018933333333333333      -0.7838311488811585
0.019                     -0.7904044999138631
0.01906666666666667       -0.7952027518034785
0.019133333333333336      -0.798113886584991
0.019200000000000002      -0.7994206135302797
0.019266666666666668      -0.7997403372900519
0.019333333333333334      -0.7998952257105538
0.0194                    -0.8007407661413992
0.019466666666666667      -0.8029890770729307
0.019533333333333333      -0.8070629734312393
0.0196                    -0.8130094865874228
0.01966666666666667       -0.8204894731942651
0.019733333333333335      -0.828845472702212
0.0198                    -0.8372351704693166
0.019866666666666668      -0.8448047310516085
0.019933333333333334      -0.8508672189840073
0.02                      -0.8550487603478368
0.020066666666666667      -0.8573706428590009
0.020133333333333333      -0.858248840141642
0.020200000000000003      -0.8584105769418722
0.02026666666666667       -0.8587458175351967
0.020333333333333335      -0.8601252143644567
0.0204                    -0.8632221054927453
0.020466666666666668      -0.8683741198337365
0.020533333333333334      -0.8755113521321753
0.0206                    -0.8841652301234169
0.020666666666666667      -0.8935573233236632
0.020733333333333333      -0.9027523597115337
0.020800000000000003      -0.9108466674897687
0.02086666666666667       -0.9171546492157308
0.020933333333333335      -0.9213543433464522
0.021                     -0.9235602335604256
0.021066666666666668      -0.9243065213914909
0.021133333333333334      -0.9244436300818181
0.0212                    -0.9249695726224684
0.021266666666666666      -0.9268311185696776
0.021333333333333336      -0.9307347067810015
0.021400000000000002      -0.9370037708211365
0.02146666666666667       -0.9455094839026315
0.021533333333333335      -0.955688360716933
0.0216                    -0.966644782621266
0.021666666666666667      -0.9773210707451129
0.021733333333333334      -0.9867041660049523
0.0218                    -0.9940289002615168
0.021866666666666666      -0.9989361567976245
0.021933333333333336      -1.0015517919167098
0.022000000000000002      -1.0024683599715476
0.02206666666666667       -1.0026327189369308
0.022133333333333335      -1.0031628217885216
0.0222                    -1.0051311214216305
0.022266666666666667      -1.009357177521034
0.022333333333333334      -1.0162484388089859
0.0224                    -1.025718035980439
0.022466666666666666      -1.0371944827675896
0.022533333333333336      -1.0497225719504886
0.022600000000000002      -1.0621389915405615
0.02266666666666667       -1.0732919364694813
0.022733333333333335      -1.0822637293014623
0.0228                    -1.0885522729147818
0.022866666666666667      -1.0921734185932612
0.022933333333333333      -1.0936619808588426
0.023                     -1.0939707659303612
0.02306666666666667       -1.0942887671278079
0.023133333333333336      -1.095815738751687
0.023200000000000002      -1.0995371918231562
0.023266666666666668      -1.1060413008684513
0.023333333333333334      -1.115409589820506
0.0234                    -1.1271996103993216
0.023466666666666667      -1.1405225124238014
0.023533333333333333      -1.1542028981972354
0.0236                    -1.1669939222833094
0.02366666666666667       -1.1778092079456075
0.023733333333333335      -1.1859276420011893
0.0238                    -1.1911302247936204
0.023866666666666668      -1.1937408105632137
0.023933333333333334      -1.194562540423648
0.024                     -1.1947238959450568
0.024066666666666667      -1.1954665068081605
0.024133333333333333      -1.1979167062530052
0.024200000000000003      -1.2028831315452042
0.02426666666666667       -1.2107151365078557
0.024333333333333335      -1.2212444872394719
0.0244                    -1.2338185195391933
0.024466666666666668      -1.2474183974422033
0.024533333333333334      -1.2608424134721856
0.0246                    -1.272922706639942
0.024666666666666667      -1.2827364050038486
0.024733333333333333      -1.2897715013567561
0.024800000000000003      -1.2940153755869532
0.02486666666666667       -1.2959491483216157
0.024933333333333335      -1.2964505687881562
0.025                     -1.2966267288595692
0.025066666666666668      -1.2976107303178481
0.025133333333333334      -1.3003609544230434
0.0252                    -1.3054980921296078
0.025266666666666666      -1.3132058921193828
0.025333333333333336      -1.3232094822000477
0.025400000000000002      -1.3348323121146404
0.02546666666666667       -1.3471205882669501
0.025533333333333335      -1.3590134732995516
0.0256                    -1.3695294898109813
0.025666666666666667      -1.37793610164056
0.025733333333333334      -1.3838718621313877
0.0258                    -1.3873992696783937
0.025866666666666666      -1.3889801635567705
0.025933333333333336      -1.3893809477927619
0.026000000000000002      -1.389528240807811
0.02606666666666667       -1.3903435925202094
0.026133333333333335      -1.3925874394544902
0.0262                    -1.3967382057176934
0.026266666666666667      -1.4029243384687087
0.026333333333333334      -1.4109172243989534
0.0264                    -1.4201830308019914
0.02646666666666667       -1.4299826339047117
0.026533333333333336      -1.4395017227773397
0.026600000000000002      -1.447988694418611
0.02666666666666667       -1.4548769258415695
0.026733333333333335      -1.4598709953421953
0.0268                    -1.4629832568074377
0.026866666666666667      -1.4645166423688916
0.026933333333333333      -1.4649996129294944
0.027                     -1.465087500137684
0.02706666666666667       -1.4654493553650336
0.027133333333333336      -1.4666601941201376
0.027200000000000002      -1.4691156609056053
0.027266666666666668      -1.4729808149664014
0.027333333333333334      -1.4781783060935143
0.0274                    -1.484414815658739
0.027466666666666667      -1.4912390845052599
0.027533333333333333      -1.4981206665381306
0.027600000000000003      -1.5045361117565246
0.02766666666666667       -1.5100488624351762
0.027733333333333336      -1.514370828388281
0.027800000000000002      -1.5173971709013343
0.027866666666666668      -1.5192106664163627
0.027933333333333334      -1.5200572224840159
0.028                     -1.5202986664913443
0.028066666666666667      -1.520351996763606
0.028133333333333333      -1.5206254576877947
0.028200000000000003      -1.521461128029804
0.02826666666666667       -1.5230916186246084
0.028333333333333335      -1.5256155664487583
0.0284                    -1.5289934832090002
0.028466666666666668      -1.5330626375669878
0.028533333333333334      -1.5375673285213198
0.0286                    -1.5421993117004518
0.028666666666666667      -1.5466423405583518
0.028733333333333336      -1.5506147812239854
0.028800000000000003      -1.5539049904568554
0.02886666666666667       -1.5563954787725383
0.028933333333333335      -1.5580736124425179
0.029                     -1.55902848310568
0.029066666666666668      -1.5594353238792213
0.029133333333333334      -1.5595302464318948
0.0292                    -1.5595789673540996
0.029266666666666667      -1.5598435404312334
0.029333333333333336      -1.5605509647967617
0.029400000000000003      -1.561867010756387
0.02946666666666667       -1.5638778299571223
0.029533333333333335      -1.5665810145005419
0.0296                    -1.5698868255511678
0.029666666666666668      -1.5736293741867442
0.029733333333333334      -1.5775866305497723
0.0298                    -1.581507284562064
0.029866666666666666      -1.5851417234817957
0.029933333333333336      -1.5882737986181115
0.030000000000000002      -1.5907497214702546
0.03006666666666667       -1.5925004605081814
0.030133333333333335      -1.5935544809781097
0.0302                    -1.5940386010075267
0.030266666666666667      -1.594166067354075
0.030333333333333334      -1.594212540941001
0.0304                    -1.5944823228042089
0.03046666666666667       -1.5952686193095487
0.030533333333333336      -1.5968127331709305
0.030600000000000002      -1.5992676127354817
0.03066666666666667       -1.6026710938569144
0.030733333333333335      -1.6069333806189376
0.0308                    -1.611841839895774
0.030866666666666667      -1.6170840974807783
0.030933333333333334      -1.6222878735990085
0.031                     -1.6270732558976508
0.03106666666666667       -1.631110586780204
0.031133333333333336      -1.6341753496745746
0.031200000000000002      -1.6361908864599284
0.031266666666666665      -1.6372508210068286
0.03133333333333334       -1.6376157441323609
0.031400000000000004      -1.6376826814383398
0.03146666666666667       -1.637930421124349
0.03153333333333334       -1.6388480602437436
0.0316                    -1.6408573368854251
0.03166666666666667       -1.6442409065747299
0.031733333333333336      -1.6490884690741234
0.0318                    -1.6552706046673755
0.03186666666666667       -1.662446559016944
0.031933333333333334      -1.6701073577268057
0.032                     -1.6776500088409139
0.03206666666666667       -1.6844728611178374
0.03213333333333333       -1.690077401287585
0.0322                    -1.6941590435411675
0.032266666666666666      -1.6966698082287437
0.03233333333333333       -1.6978396625089536
0.0324                    -1.6981502579303203
0.03246666666666667       -1.6982634763014008
0.03253333333333334       -1.6989156693124192
0.032600000000000004      -1.7007949196972447
0.03266666666666667       -1.704421879166114
0.032733333333333337      -1.7100544309351073
0.0328                    -1.7176329543568023
0.03286666666666667       -1.7267770305585524
0.032933333333333335      -1.736836748308105
0.033                     -1.7469930770708801
0.03306666666666667       -1.7563930041953966
0.033133333333333334      -1.7642976541240958
0.0332                    -1.7702171862495162
0.03326666666666667       -1.7740065975093708
0.03333333333333333       -1.775902463939919
0.0334                    -1.7764914202596747
0.033466666666666665      -1.7766144512092001
0.03353333333333333       -1.7772236112824655
0.033600000000000005      -1.7792166675612728
0.03366666666666667       -1.7832787519319853
0.03373333333333334       -1.789758376863693
0.033800000000000004      -1.7985991831606551
0.03386666666666667       -1.8093399420061986
0.033933333333333336      -1.8211847999956006
0.034                     -1.8331344722890985
0.03406666666666667       -1.8441581665473712
0.034133333333333335      -1.8533771665441834
0.0342                    -1.8602264869060736
0.03426666666666667       -1.8645629280158036
0.034333333333333334      -1.8666969765080608
0.0344                    -1.867340850164908
0.034466666666666666      -1.8674820059089712
0.03453333333333333       -1.8682062070450702
0.0346                    -1.8705032840550828
0.034666666666666665      -1.875090629925436
0.03473333333333334       -1.8822849752142
0.034800000000000005      -1.8919439965989011
0.03486666666666667       -1.9034877847445304
0.03493333333333334       -1.9159975579094848
0.035                     -1.9283763213168046
0.03506666666666667       -1.93954476116531
0.035133333333333336      -1.9486375574227932
0.0352                    -1.9551629863102327
0.03526666666666667       -1.9590940390115474
0.035333333333333335      -1.9608722421285698
0.0354                    -1.9613232494176447
0.03546666666666667       -1.961501466969513
0.03553333333333333       -1.9624947289644532
0.0356                    -1.9652263639148557
0.035666666666666666      -1.9702904780361181
0.03573333333333333       -1.9778485903973921
0.0358                    -1.9876043103674488
0.03586666666666667       -1.9988596454738974
0.03593333333333334       -2.0106432142506283
0.036000000000000004      -2.0218883373743566
0.03606666666666667       -2.031629309819651
0.03613333333333334       -2.039179293137943
0.0362                    -2.044255298145857
0.03626666666666667       -2.0470254323783617
0.036333333333333336      -2.04806942052431
0.0364                    -2.0482615518250373
0.03646666666666667       -2.0486008970802185
0.036533333333333334      -2.050023050490257
0.0366                    -2.053229257923104
0.03666666666666667       -2.0585634251826517
0.03673333333333333       -2.065957368976934
0.0368                    -2.074952161892327
0.036866666666666666      -2.0847904063972518
0.03693333333333333       -2.0945621848509637
0.037000000000000005      -2.103377726535027
0.03706666666666667       -2.1105342667233233
0.03713333333333334       -2.115644893928218
0.037200000000000004      -2.1187042531161238
0.03726666666666667       -2.1200788808978697
0.037333333333333336      -2.120425802912484
0.0374                    -2.120557797192096
0.03746666666666667       -2.1212837662528434
0.037533333333333335      -2.1232559933743516
0.0376                    -2.1268527942471898
0.03766666666666667       -2.132116841412972
0.037733333333333334      -2.1387584079486994
0.0378                    -2.1462209366354
0.037866666666666667      -2.153795313445695
0.03793333333333333       -2.16076047091401
0.038                     -2.166522946042515
0.038066666666666665      -2.1707280725313085
0.03813333333333334       -2.173321152154086
0.038200000000000005      -2.17454742468103
0.03826666666666667       -2.1748926508656177
0.03833333333333334       -2.1749784570034665
0.038400000000000004      -2.175435285933018
0.03846666666666667       -2.1767790949688086
0.038533333333333336      -2.179315681146203
0.0386                    -2.183089841366076
0.03866666666666667       -2.1878872566593657
0.038733333333333335      -2.1932868364534706
0.0388                    -2.1987518812610567
0.03886666666666667       -2.203741250050285
0.038933333333333334      -2.207818018031183
0.039                     -2.210733791040357
0.039066666666666666      -2.2124720651981225
0.03913333333333333       -2.2132428614449715
0.0392                    -2.213431347106684
0.03926666666666667       -2.2135127708969624
0.03933333333333334       -2.213952547607932
0.039400000000000004      -2.215112459928901
0.03946666666666667       -2.2171816311226547
0.03953333333333334       -2.220145079734332
0.0396                    -2.2237947336769266
0.03966666666666667       -2.227779309800029
0.039733333333333336      -2.2316819176077076
0.0398                    -2.2351089169999603
0.03986666666666667       -2.2377714810812503
0.039933333333333335      -2.239543036485857
0.04                      -2.2404810714022756
0.04006666666666667       -2.240809622990736
0.04013333333333333       -2.24086728085554
0.0402                    -2.2410327619741848
0.040266666666666666      -2.241644415719381
0.04033333333333333       -2.242930632543551
0.040400000000000005      -2.2449652110313747
0.04046666666666667       -2.247656152257458
0.04053333333333334       -2.2507693422741983
0.040600000000000004      -2.2539814986185887
0.04066666666666667       -2.256950878543926
0.04073333333333334       -2.2593906823019103
0.0408                    -2.261129605456806
0.04086666666666667       -2.262146816649736
0.040933333333333335      -2.262574245975005
0.041                     -2.2626662305958476
0.04106666666666667       -2.2627436110208246
0.041133333333333334      -2.2631246783259744
0.0412                    -2.264057820031294
0.04126666666666667       -2.265669939279794
0.04133333333333333       -2.2679411001994505
0.0414                    -2.2707102681669062
0.041466666666666666      -2.2737106089726367
0.04153333333333334       -2.2766267865088823
0.041600000000000005      -2.2791621815207046
0.04166666666666667       -2.2811018616525254
0.04173333333333334       -2.282357988214389
0.041800000000000004      -2.282988078556351
0.04186666666666667       -2.283182399841374
0.041933333333333336      -2.2832234306955628
0.042                     -2.2834262508419894
0.04206666666666667       -2.2840725843087686
0.042133333333333335      -2.285352276779407
0.0422                    -2.2873241728290723
0.04226666666666667       -2.289904207478424
0.042333333333333334      -2.2928829475383306
0.0424                    -2.2959688855210385
0.042466666666666666      -2.298848592315031
0.04253333333333333       -2.3012513633800005
0.0426                    -2.3030049911888155
0.04266666666666667       -2.304071077350321
0.04273333333333334       -2.304552581149454
0.042800000000000005      -2.3046721881282157
0.04286666666666667       -2.304726241695126
0.04293333333333334       -2.3050240119722276
0.043000000000000003      -2.305824903405749
0.04306666666666667       -2.30728633558341
0.043133333333333336      -2.3094326069586972
0.0432                    -2.312150693365092
0.04326666666666667       -2.315213545803989
0.043333333333333335      -2.3183260377825157
0.0434                    -2.3211842499775335
0.04346666666666667       -2.3235361169914173
0.043533333333333334      -2.325231177210549
0.0436                    -2.326249409737546
0.043666666666666666      -2.3267035082418053
0.04373333333333333       -2.3268144987454016
0.0438                    -2.326866108395265
0.04386666666666667       -2.327147511496742
0.04393333333333334       -2.327896153418834
0.044000000000000004      -2.3292519707858848
0.04406666666666667       -2.331231726956335
0.04413333333333334       -2.333728008574335
0.0442                    -2.336532537034458
0.04426666666666667       -2.339378744342987
0.044333333333333336      -2.34199489065798
0.0444                    -2.3441570450951756
0.04446666666666667       -2.3457314202916453
0.044533333333333334      -2.346697855004458
0.0446                    -2.3471502236880357
0.04466666666666667       -2.3472743565134015
0.04473333333333333       -2.347308610052882
0.0448                    -2.3474955486590137
0.044866666666666666      -2.348034627605139
0.04493333333333333       -2.349045131993363
0.045000000000000005      -2.350546194393378
0.04506666666666667       -2.352457086848379
0.04513333333333334       -2.354616915541628
0.045200000000000004      -2.356819110557376
0.04526666666666667       -2.3588533771301097
0.04533333333333334       -2.3605465533585313
0.0454                    -2.3617943277072677
0.04546666666666667       -2.362577895620392
0.045533333333333335      -2.3629629188771912
0.0456                    -2.363081869440435
0.04566666666666667       -2.3631041727927076
0.045733333333333334      -2.363200810194871
0.0458                    -2.3635107778644078
0.04586666666666667       -2.3641159810277554
0.04593333333333333       -2.3650290446496838
0.046                     -2.3661956641659456
0.046066666666666665      -2.36751011343664
0.04613333333333334       -2.3688399685397044
0.046200000000000005      -2.3700544731104203
0.04626666666666667       -2.371050549586598
0.04633333333333334       -2.3717712929851
0.046400000000000004      -2.37221365288003
0.04646666666666667       -2.3724244776758328
0.046533333333333336      -2.3724866013524624
0.0466                    -2.3724986452979904
0.04666666666666667       -2.372553279137007
0.046733333333333335      -2.3727186609307216
0.0468                    -2.3730267414120605
0.04686666666666667       -2.373470365555964
0.046933333333333334      -2.3740090633289483
0.047                     -2.3745815449209813
0.047066666666666666      -2.3751215955611276
0.04713333333333333       -2.3755735550257016
0.0472                    -2.3759039367955532
0.04726666666666667       -2.3761068654416144
0.04733333333333334       -2.376202596297117
0.047400000000000005      -2.3762300403672736
0.04746666666666667       -2.376235559133944
0.04753333333333334       -2.376261020142883
0.0476                    -2.3763340771503576
0.04766666666666667       -2.376462905178892
0.047733333333333336      -2.3766363912492947
0.0478                    -2.376829371497051
0.04786666666666667       -2.377011259308432
0.047933333333333335      -2.3771556215485266
0.048                     -2.377248109696363
0.04806666666666667       -2.3772906625598274
0.048133333333333334      -2.3773009288220126
0.0482                    -2.377307144711132
0.048266666666666666      -2.3773399163132396
0.04833333333333333       -2.377423189377675
0.048400000000000006      -2.3775669306351177
0.04846666666666667       -2.3777636301868834
0.04853333333333334       -2.3779897625260156
0.048600000000000004      -2.378212049605163
0.04866666666666667       -2.378397071007297
0.04873333333333334       -2.3785217910691454
0.0488                    -2.378582180336258
0.04886666666666667       -2.3785974252405055
0.048933333333333336      -2.378608200524696
0.049                     -2.3786689103260996
0.04906666666666667       -2.3788353503303963
0.049133333333333334      -2.379150526977978
0.0492                    -2.379632062017855
0.04926666666666667       -2.3802645125888784
0.04933333333333333       -2.380999026217238
0.0494                    -2.3817611896160584
0.049466666666666666      -2.382466038946358
0.04953333333333334       -2.3830373923056785
0.049600000000000005      -2.383427370951252
0.04966666666666667       -2.3836315405475386
0.04973333333333334       -2.383695701918893
0.049800000000000004      -2.383711934146061
0.04986666666666667       -2.3838037440156308
0.049933333333333337      -2.384102626961921
0.05                      -2.3847204487037095
0.05006666666666667       -2.385723327887513
0.050133333333333335      -2.387112823077921
0.0502                    -2.388819120199793
0.05026666666666667       -2.39070874024683
0.050333333333333334      -2.3926064172614843
0.0504                    -2.3943277678990103
0.05046666666666667       -2.3957168016727266
0.05053333333333333       -2.3966807949548947
0.0506                    -2.397215004519952
0.05066666666666667       -2.397411272573292
0.05073333333333334       -2.397447550573306
0.050800000000000005      -2.397559167157543
0.05086666666666667       -2.397996485908566
0.05093333333333334       -2.3989766205994973
0.051000000000000004      -2.400638459326733
0.05106666666666667       -2.4030100666210026
0.051133333333333336      -2.405995599110663
0.0512                    -2.409385499443673
0.05126666666666667       -2.4128894676817056
0.051333333333333335      -2.416187257350157
0.0514                    -2.41898851424103
0.05146666666666667       -2.4210904799022055
0.051533333333333334      -2.422422064467726
0.0516                    -2.4230648328113347
0.051666666666666666      -2.423245592789286
0.05173333333333333       -2.423300729180088
0.051800000000000006      -2.4236180311884765
0.05186666666666667       -2.4245663103308406
0.05193333333333334       -2.4264256787054483
0.052000000000000005      -2.429331517368186
0.05206666666666667       -2.433242969094344
0.05213333333333334       -2.4379426724858293
0.0522                    -2.4430690761154024
0.05226666666666667       -2.4481768311455196
0.052333333333333336      -2.452815367945054
0.0524                    -2.4566117994545142
0.05246666666666667       -2.4593426844445037
0.052533333333333335      -2.460980537246266
0.0526                    -2.4617052964459796
0.05266666666666667       -2.4618775171217178
0.05273333333333333       -2.4619774441103823
0.0528                    -2.4625207226839083
0.052866666666666666      -2.4639659208982736
0.05293333333333334       -2.4666305061970855
0.053000000000000005      -2.4706303797936875
0.05306666666666667       -2.4758540140689567
0.05313333333333334       -2.4819764304518985
0.053200000000000004      -2.4885115574023837
0.05326666666666667       -2.494894823370531
0.05333333333333334       -2.5005821557377583
0.0534                    -2.5051479339719163
0.05346666666666667       -2.508363835816568
0.053533333333333336      -2.510243423095251
0.0536                    -2.5110434540791235
0.05366666666666667       -2.511221101395413
0.053733333333333334      -2.5113546859901756
0.0538                    -2.512042328357136
0.05386666666666667       -2.5137967115358077
0.05393333333333333       -2.5169544454680723
0.054                     -2.521615627961477
0.05406666666666667       -2.5276239185329903
0.05413333333333334       -2.534590733118425
0.054200000000000005      -2.541959950083002
0.05426666666666667       -2.5491026875299987
0.05433333333333334       -2.5554262351913164
0.054400000000000004      -2.560478136979531
0.05446666666666667       -2.5640266162948584
0.054533333333333336      -2.566102388138618
0.0546                    -2.5669939200487195
0.05466666666666667       -2.567196982829879
0.054733333333333335      -2.567327906852992
0.0548                    -2.5680164377177492
0.05486666666666667       -2.569797242511532
0.054933333333333334      -2.573018669406571
0.055                     -2.577783827557105
0.05506666666666667       -2.5839333751334994
0.05513333333333333       -2.591072585780604
0.055200000000000006      -2.59863820504538
0.05526666666666667       -2.605994136603242
0.05533333333333334       -2.6125399849086755
0.055400000000000005      -2.61781384911086
0.05546666666666667       -2.621571288392999
0.05553333333333334       -2.6238263371408537
0.055600000000000004      -2.624847308866747
0.05566666666666667       -2.62510852484112
0.055733333333333336      -2.6252071833550845
0.0558                    -2.6257605991637267
0.05586666666666667       -2.6273018890704156
0.055933333333333335      -2.630191641237146
0.056                     -2.6345597110519376
0.05606666666666667       -2.640285950801382
0.056133333333333334      -2.647022362311983
0.0562                    -2.65425269646712
0.056266666666666666      -2.6613796489111428
0.05633333333333334       -2.667825259377054
0.056400000000000006      -2.6731276829850796
0.05646666666666667       -2.677017816625758
0.05653333333333334       -2.679462581351011
0.056600000000000004      -2.6806675690500956
0.05666666666666667       -2.681039135649852
0.05673333333333334       -2.681113292275219
0.0568                    -2.6814643709595485
0.05686666666666667       -2.6826093864283025
0.056933333333333336      -2.6849239851094926
0.057                     -2.6885832410924677
0.05706666666666667       -2.693536088507471
0.057133333333333335      -2.6995167181526663
0.0572                    -2.706090570614044
0.05726666666666667       -2.7127272829573537
0.05733333333333333       -2.7188887163820317
0.0574                    -2.724117643443243
0.05746666666666667       -2.728112368531841
0.05753333333333334       -2.7307747821608803
0.057600000000000005      -2.732223901520409
0.05766666666666667       -2.732773037732854
0.05773333333333334       -2.732875126252181
0.057800000000000004      -2.7330461393115533
0.05786666666666667       -2.7337798479610163
0.05793333333333334       -2.735468056936497
0.058                     -2.7383389242692124
0.05806666666666667       -2.742422633313129
0.058133333333333335      -2.74754920340319
0.0582                    -2.7533782808463068
0.05826666666666667       -2.7594559388831326
0.058333333333333334      -2.7652893852817098
0.0584                    -2.770427583627015
0.05846666666666667       -2.774534665976167
0.05853333333333333       -2.7774440155901248
0.058600000000000006      -2.779184046226778
0.05866666666666667       -2.7799715397792646
0.05873333333333334       -2.78017402399574
0.058800000000000005      -2.7802479491937167
0.05886666666666667       -2.7806633282784765
0.05893333333333334       -2.7818273883573745
0.059000000000000004      -2.7840194931572073
0.05906666666666667       -2.787347411228019
0.059133333333333336      -2.791731451402912
0.0592                    -2.796918657018806
0.05926666666666667       -2.8025247061797782
0.059333333333333335      -2.8080969353869483
0.0594                    -2.8131885213808583
0.05946666666666667       -2.8174318610667983
0.059533333333333334      -2.8205990430044765
0.0596                    -2.822639226054204
0.059666666666666666      -2.823686549165383
0.05973333333333333       -2.824037251653591
0.059800000000000006      -2.824100005640781
0.05986666666666667       -2.8243279934724317
0.05993333333333334       -2.825144164209215
0.060000000000000005      -2.8268719561927487
0.06006666666666667       -2.829682609034462
0.06013333333333334       -2.8335673731716398
0.060200000000000004      -2.838338984743997
0.06026666666666667       -2.843662266758961
0.060333333333333336      -2.8491091948532574
0.0604                    -2.8542297929842855
0.06046666666666667       -2.8586273987501256
0.060533333333333335      -2.8620257317091156
0.0606                    -2.8643162059960443
0.06066666666666667       -2.8655770781956913
0.060733333333333334      -2.866060850303965
0.0608                    -2.866151945621611
0.060866666666666666      -2.866301910434568
0.06093333333333334       -2.866953234254847
0.061000000000000006      -2.8684646686299544
0.06106666666666667       -2.8710504883794203
0.06113333333333334       -2.8747437286907163
0.061200000000000004      -2.8793895470944753
0.06126666666666667       -2.8846700946631536
0.06133333333333334       -2.890157250231155
0.0614                    -2.895384919474537
0.06146666666666667       -2.8999290248136673
0.061533333333333336      -2.9034815143180657
0.0616                    -2.905905243863742
0.06166666666666667       -2.9072595974997704
0.061733333333333335      -2.907791805036971
0.0618                    -2.9078951327417784
0.06186666666666667       -2.908041172585713
0.06193333333333333       -2.908698092634967
0.062                     -2.9102490845283606
0.06206666666666667       -2.9129250659206645
0.06213333333333334       -2.9167631912468073
0.062200000000000005      -2.921598441086809
0.06226666666666667       -2.9270901784407872
0.06233333333333334       -2.9327797969661167
0.062400000000000004      -2.938170205069558
0.06246666666666667       -2.942813727488222
0.06253333333333333       -2.9463929129776476
0.0626                    -2.948779376135339
0.06266666666666668       -2.9500593633279464
0.06273333333333334       -2.9505207164840814
0.06280000000000001       -2.9506031362223584
0.06286666666666667       -2.9508205611096057
0.06293333333333334       -2.9516696185248614
0.063                     -2.9535405118238973
0.06306666666666667       -2.9566461274887605
0.06313333333333333       -2.960981911990908
0.0632                    -2.9663238686306026
0.06326666666666667       -2.9722656725314582
0.06333333333333334       -2.9782892460999397
0.0634                    -2.983857092431046
0.06346666666666667       -2.9885102615308106
0.06353333333333333       -2.991954027339391
0.0636                    -2.994114894029884
0.06366666666666666       -2.995157486551716
0.06373333333333334       -2.9954573954573855
0.06380000000000001       -2.995534553134758
0.06386666666666667       -2.995959316030258
0.06393333333333334       -2.9972484997234794
0.064                     -2.9997702825258794
0.06406666666666667       -3.003675123683907
0.06413333333333333       -3.0088652293542806
0.06420000000000001       -3.0150085369021213
0.06426666666666667       -3.0215956371061448
0.06433333333333334       -3.0280305056301087
0.0644                    -3.0337394673605287
0.06446666666666667       -3.038278685382081
0.06453333333333333       -3.0414197778048733
0.0646                    -3.043196541925818
0.06466666666666666       -3.0439028939448
0.06473333333333334       -3.0440416236352474
0.0648                    -3.0442332705028807
0.06486666666666667       -3.045102136765502
0.06493333333333334       -3.047160594027206
0.065                     -3.050712869860303
0.06506666666666668       -3.0557958100413094
0.06513333333333333       -3.0621676407441862
0.06520000000000001       -3.0693475967666446
0.06526666666666667       -3.0767005203183966
0.06533333333333334       -3.0835523131566056
0.0654                    -3.089315767255682
0.06546666666666667       -3.093603239180048
0.06553333333333333       -3.0963040246094327
0.0656                    -3.0976104268168676
0.06566666666666666       -3.0979864090694487
0.06573333333333334       -3.0980841902477474
0.0658                    -3.0986244667776313
0.06586666666666667       -3.100262808617284
0.06593333333333333       -3.1034669832108968
0.066                     -3.1084275652710613
0.06606666666666668       -3.115018122155526
0.06613333333333334       -3.1228127730200534
0.06620000000000001       -3.1311592160938546
0.06626666666666667       -3.139295571102286
0.06633333333333334       -3.146490926325031
0.0664                    -3.152183916522989
0.06646666666666667       -3.1560926021872633
0.06653333333333333       -3.1582733505155955
0.0666                    -3.1591159772495496
0.06666666666666667       -3.1592751440143907
0.06673333333333334       -3.1595508625391924
0.0668                    -3.1607408521810103
0.06686666666666667       -3.1634923994545656
0.06693333333333333       -3.1681807956497874
0.067                     -3.174836192364242
0.06706666666666666       -3.1831322288539092
0.06713333333333334       -3.1924394578085638
0.06720000000000001       -3.2019356481105605
0.06726666666666667       -3.2107547313676155
0.06733333333333334       -3.2181480796200574
0.0674                    -3.22362786243142
0.06746666666666667       -3.2270640873963674
0.06753333333333333       -3.2287150765806527
0.06760000000000001       -3.229184232801238
0.06766666666666667       -3.229310943825197
0.06773333333333334       -3.230016605860458
0.0678                    -3.232134987047223
0.06786666666666667       -3.236258173835769
0.06793333333333333       -3.2426256006617606
0.068                     -3.251075672914166
0.06806666666666666       -3.261068947723545
0.06813333333333334       -3.271780118129801
0.0682                    -3.282244326619668
0.06826666666666667       -3.291533019233121
0.06833333333333334       -3.2989275631569943
0.0684                    -3.3040573305947065
0.06846666666666668       -3.306974344406936
0.06853333333333333       -3.308148572517746
0.06860000000000001       -3.3083840313050734
0.06866666666666667       -3.3086719625715713
0.06873333333333334       -3.3100094430772304
0.0688                    -3.3132173673125562
0.06886666666666667       -3.3187904846460716
0.06893333333333333       -3.3268054379430962
0.069                     -3.3369025292381598
0.06906666666666667       -3.3483449466720483
0.06913333333333334       -3.3601466567500626
0.0692                    -3.3712482477438988
0.06926666666666667       -3.3807103314260765
0.06933333333333333       -3.387888898880326
0.0694                    -3.3925584645180384
0.06946666666666668       -3.39495785233693
0.06953333333333334       -3.39574873662586
0.06960000000000001       -3.3958949183863005
0.06966666666666667       -3.3964861420743
0.06973333333333334       -3.3985402161691063
0.0698                    -3.4028196734209053
0.06986666666666667       -3.409694883167862
0.06993333333333333       -3.41907644726837
0.07                      -3.4304280242524756
0.07006666666666667       -3.442857989811416
0.07013333333333334       -3.4552756218531715
0.0702                    -3.466585995672809
0.07026666666666667       -3.4758893538244493
0.07033333333333333       -3.4826477668541482
0.0704                    -3.4867863780352937
0.07046666666666666       -3.488708615589833
0.07053333333333334       -3.4892221034515574
0.07060000000000001       -3.4893902107540424
0.07066666666666667       -3.4903385088482493
0.07073333333333334       -3.4930526686871275
0.0708                    -3.4982038784396323
0.07086666666666668       -3.5060311761942904
0.07093333333333333       -3.5162995414684683
0.07100000000000001       -3.528340238757795
0.07106666666666667       -3.5411670902496137
0.07113333333333334       -3.553650039600043
0.0712                    -3.564716854898867
0.07126666666666667       -3.5735471226105227
0.07133333333333333       -3.5797221299447184
0.0714                    -3.5833013017653936
0.07146666666666666       -3.5848099422314017
0.07153333333333334       -3.585141023953471
0.0716                    -3.5853909983965475
0.07166666666666667       -3.5866617080993395
0.07173333333333334       -3.5898650967657284
0.0718                    -3.595564693009493
0.07186666666666668       -3.603879716280213
0.07193333333333334       -3.614466503417022
0.07200000000000001       -3.6265796353564603
0.07206666666666667       -3.639202803397554
0.07213333333333334       -3.6512280380105855
0.0722                    -3.6616528172246583
0.07226666666666667       -3.6697597874589323
0.07233333333333333       -3.6752454037756674
0.0724                    -3.6782726220213875
0.07246666666666667       -3.6794375898341816
0.07253333333333334       -3.679657624542827
0.0726                    -3.6800031496775762
0.07266666666666667       -3.681505977711648
0.07273333333333333       -3.6849787764481174
0.0728                    -3.6908764122007693
0.07286666666666668       -3.6992211659700116
0.07293333333333334       -3.709602773745164
0.07300000000000001       -3.721252466799906
0.07306666666666667       -3.7331787149408258
0.07313333333333334       -3.744342171241548
0.0732                    -3.753839790207261
0.07326666666666667       -3.7610650977109295
0.07333333333333333       -3.7658147513417397
0.0734                    -3.7683211818297444
0.07346666666666667       -3.769205579526062
0.07353333333333334       -3.769361333146462
0.0736                    -3.769791235079378
0.07366666666666667       -3.771429339324865
0.07373333333333333       -3.7749792860535507
0.0738                    -3.780796096547357
0.07386666666666666       -3.7888298240999196
0.07393333333333334       -3.7986389620262058
0.07400000000000001       -3.8094705715350594
0.07406666666666667       -3.82039367377911
0.07413333333333334       -3.830463543690883
0.0742                    -3.8388885143882323
0.07426666666666668       -3.8451693657100634
0.07433333333333333       -3.8491855241104176
0.07440000000000001       -3.851212050992493
0.07446666666666667       -3.8518648964112496
0.07453333333333334       -3.8519859298441004
0.0746                    -3.8524903933546213
0.07466666666666667       -3.854205281953436
0.07473333333333333       -3.857727126076726
0.0748                    -3.8633226809100094
0.07486666666666666       -3.8708878353919394
0.07493333333333334       -3.8799703156624243
0.075                     -3.8898517234424994
0.07506666666666667       -3.899675065670942
0.07513333333333334       -3.908596206693697
0.0752                    -3.9159329018764955
0.07526666666666668       -3.9212846260650185
0.07533333333333334       -3.924601128777601
0.07540000000000001       -3.9261871393700583
0.07546666666666667       -3.9266430244868324
0.07553333333333334       -3.9267535492320733
0.0756                    -3.9273462918319266
0.07566666666666667       -3.929145823894355
0.07573333333333333       -3.932649129505812
0.0758                    -3.9380428073571094
0.07586666666666667       -3.945174883274081
0.07593333333333334       -3.9535850058185757
0.076                     -3.962587534711516
0.07606666666666667       -3.9713934989928816
0.07613333333333333       -3.9792506290491136
0.0762                    -3.9855768893495025
0.07626666666666668       -3.9900633393965346
0.07633333333333334       -3.9927272893003805
0.07640000000000001       -3.9939059817089233
0.07646666666666667       -3.994192521467787
0.07653333333333334       -3.994326806705448
0.0766                    -3.995062261415177
0.07666666666666667       -3.9970327082872044
0.07673333333333333       -4.000642567974845
0.07680000000000001       -4.00599860503452
0.07686666666666667       -4.012894000613924
0.07693333333333334       -4.020846902247551
0.077                     -4.029186833552558
0.07706666666666667       -4.037174396623974
0.07713333333333333       -4.044133645028255
0.0772                    -4.049573567077829
0.07726666666666666       -4.053276346396418
0.07733333333333334       -4.055335788695224
0.07740000000000001       -4.056138683486498
0.07746666666666667       -4.056292915200774
0.07753333333333334       -4.056516280289923
0.0776                    -4.057506944596866
0.07766666666666668       -4.059819058443744
0.07773333333333333       -4.063765236631942
0.07780000000000001       -4.069362311425005
0.07786666666666667       -4.07632923207533
0.07793333333333334       -4.084137398722563
0.078                     -4.092105101335881
0.07806666666666667       -4.099520099504107
0.07813333333333333       -4.105768901015928
0.0782                    -4.11044923746475
0.07826666666666666       -4.113444539791363
0.07833333333333334       -4.114945959755848
0.0784                    -4.115417511472101
0.07846666666666667       -4.115511001204692
0.07853333333333334       -4.115946984622396
0.0786                    -4.117383971325542
0.07866666666666668       -4.120299552458147
0.07873333333333334       -4.124904309288283
0.07880000000000001       -4.1311032861630546
0.07886666666666667       -4.13851172264803
0.07893333333333334       -4.146522776403761
0.079                     -4.154416169836618
0.07906666666666667       -4.161489194684841
0.07913333333333333       -4.1671866501402945
0.0792                    -4.17120541379051
0.07926666666666667       -4.173553264758658
0.07933333333333334       -4.174549995251888
0.0794                    -4.174770113321007
0.07946666666666667       -4.17493794542797
0.07953333333333333       -4.175795001672012
0.0796                    -4.1779642187036234
0.07966666666666668       -4.181835603561891
0.07973333333333334       -4.18749347645985
0.07980000000000001       -4.194698161711911
0.07986666666666667       -4.202925879140426
0.07993333333333334       -4.211460875227118
0.08                      -4.219524625084442
0.08006666666666667       -4.226419579524589
0.08013333333333333       -4.231661010390515
0.08020000000000001       -4.235071441318464
0.08026666666666667       -4.236818491289658
0.08033333333333334       -4.237387796256214
0.0804                    -4.237495629291086
0.08046666666666667       -4.237957783086379
0.08053333333333333       -4.239539458463825
0.0806                    -4.242813849187578
0.08066666666666666       -4.248054859653532
0.08073333333333334       -4.255183021476611
0.08080000000000001       -4.263774616699845
0.08086666666666667       -4.273133568323168
0.08093333333333334       -4.282414970079565
0.081                     -4.290779488554181
0.08106666666666668       -4.297550959503772
0.08113333333333334       -4.302347199559008
0.08120000000000001       -4.305157755905448
0.08126666666666667       -4.30635202773991
0.08133333333333334       -4.306615052472646
0.0814                    -4.306822917030101
0.08146666666666667       -4.307881604508184
0.08153333333333333       -4.310559550571083
0.0816                    -4.315344482859275
0.08166666666666667       -4.32235006288135
0.08173333333333334       -4.331289035421635
0.0818                    -4.341518591124509
0.08186666666666667       -4.352151726516148
0.08193333333333334       -4.362216746771466
0.082                     -4.370837299145723
0.08206666666666668       -4.3773995796101595
0.08213333333333334       -4.381673759174182
0.08220000000000001       -4.3838643039518805
0.08226666666666667       -4.384577733108431
0.08233333333333334       -4.3847132938045466
0.0824                    -4.385297685733864
0.08246666666666667       -4.387295525541331
0.08253333333333333       -4.3914307902103475
0.0826                    -4.39805128874406
0.08266666666666667       -4.407059966926113
0.08273333333333334       -4.417925522367097
0.0828                    -4.429771948293003
0.08286666666666667       -4.441533413845916
0.08293333333333333       -4.452148704625875
0.083                     -4.460760367386342
0.08306666666666668       -4.466880336597618
0.08313333333333334       -4.470488288433416
0.08320000000000001       -4.472041500070639
0.08326666666666667       -4.4723931096120335
0.08333333333333334       -4.472634730270435
0.0834                    -4.473894367551468
0.08346666666666668       -4.477128169375927
0.08353333333333333       -4.482944013798422
0.08360000000000001       -4.491487821728953
0.08366666666666667       -4.502412157633714
0.08373333333333334       -4.5149332026670335
0.0838                    -4.527967912896881
0.08386666666666667       -4.540329275552713
0.08393333333333333       -4.550945804071746
0.084                     -4.5590644136467375
0.08406666666666666       -4.564396430432966
0.08413333333333334       -4.567176209244238
0.08420000000000001       -4.56811938969539
0.08426666666666667       -4.568288958495119
0.08433333333333334       -4.568896274011186
0.0844                    -4.571076239413951
0.08446666666666668       -4.5756788145380165
0.08453333333333334       -4.583113903074817
0.08460000000000001       -4.593275899177071
0.08466666666666667       -4.605560464939831
0.08473333333333334       -4.6189712559043175
0.0848                    -4.632299490565151
0.08486666666666667       -4.644345854616116
0.08493333333333333       -4.654144529851041
0.085                     -4.661146125914012
0.08506666666666667       -4.665322349598974
0.08513333333333334       -4.667170415475304
0.0852                    -4.667616276539766
0.08526666666666667       -4.667837101283567
0.08533333333333334       -4.669039289920716
0.0854                    -4.672235212759173
0.08546666666666668       -4.678059522789196
0.08553333333333334       -4.686656566552604
0.08560000000000001       -4.6976570843393155
0.08566666666666667       -4.710247446095892
0.08573333333333334       -4.723319607511874
0.0858                    -4.735676028044239
0.08586666666666667       -4.746252796478979
0.08593333333333333       -4.754318791748068
0.08600000000000001       -4.759611444702999
0.08606666666666667       -4.762381489890205
0.08613333333333334       -4.7633380109945085
0.0862                    -4.763506314879652
0.08626666666666667       -4.764028941179865
0.08633333333333333       -4.765950062378893
0.0864                    -4.770024243735861
0.08646666666666666       -4.776583423264441
0.08653333333333334       -4.785483871934765
0.08660000000000001       -4.7961405423941725
0.08666666666666667       -4.80764154728694
0.08673333333333334       -4.818921921241996
0.0868                    -4.828964876560554
0.08686666666666668       -4.83699257575797
0.08693333333333333       -4.842609221663783
0.08700000000000001       -4.845868107983798
0.08706666666666667       -4.8472499894870404
0.08713333333333334       -4.847559035029866
0.0872                    -4.84775972106074
0.08726666666666667       -4.848788990371715
0.08733333333333333       -4.851380799091663
0.0874                    -4.855935353961443
0.08746666666666666       -4.862455140339431
0.08753333333333334       -4.870556887561889
0.0876                    -4.879555089405906
0.08766666666666667       -4.888600248612148
0.08773333333333334       -4.896845180770938
0.0878                    -4.903607199908542
0.08786666666666668       -4.90849442987823
0.08793333333333334       -4.911471565733469
0.08800000000000001       -4.912853155185043
0.08806666666666667       -4.913228005874391
0.08813333333333334       -4.9133327082040275
0.0882                    -4.913901938300832
0.08826666666666667       -4.915526252881593
0.08833333333333333       -4.91854461668256
0.0884                    -4.922990527529018
0.08846666666666667       -4.9285995248745635
0.08853333333333334       -4.934874171058176
0.0886                    -4.941192038871015
0.08866666666666667       -4.946934370193009
0.08873333333333333       -4.951609293658628
0.0888                    -4.9549448256103705
0.08886666666666668       -4.956933453669864
0.08893333333333334       -4.957820721047159
0.08900000000000001       -4.958042445274714
0.08906666666666667       -4.958126009810221
0.08913333333333334       -4.958578006875744
0.0892                    -4.959782087578909
0.08926666666666667       -4.961927360612324
0.08933333333333333       -4.964980349092431
0.08940000000000001       -4.9687041525283036
0.08946666666666667       -4.972718894921328
0.08953333333333334       -4.976589429271466
0.0896                    -4.979921036813298
0.08966666666666667       -4.982442568273528
0.08973333333333333       -4.984059550418724
0.0898                    -4.984866712027594
0.08986666666666666       -4.985118640319139
0.08993333333333334       -4.985166638800856
0.09000000000000001       -4.985377060384805
0.09006666666666667       -4.986049832813885
0.09013333333333334       -4.987355037633225
0.0902                    -4.989300756782759
0.09026666666666668       -4.9917381962347545
0.09033333333333333       -4.994401905789415
0.09040000000000001       -4.996975358445432
0.09046666666666667       -4.999166713579361
0.09053333333333334       -5.0007774240353
0.0906                    -5.00174804150118
0.09066666666666667       -5.002170879644559
0.09073333333333333       -5.002266944071165
0.0908                    -5.002332873162453
0.09086666666666667       -5.002670520535712
0.09093333333333334       -5.003515640561288
0.091                     -5.004982148250988
0.09106666666666667       -5.007034780403009
0.09113333333333334       -5.009496597181045
0.0912                    -5.012089998153751
0.09126666666666668       -5.014502352473949
0.09133333333333334       -5.016461529837477
0.09140000000000001       -5.01780391261772
0.09146666666666667       -5.0185186807888735
0.09153333333333334       -5.0187572433611916
0.0916                    -5.018804589495359
0.09166666666666667       -5.019018179614879
0.09173333333333333       -5.019747632590171
0.0918                    -5.021253087206018
0.09186666666666667       -5.023640751209158
0.09193333333333334       -5.026830780189022
0.092                     -5.030566016486956
0.09206666666666667       -5.034461544328218
0.09213333333333333       -5.038086068446318
0.0922                    -5.041058559754906
0.09226666666666668       -5.043139172170202
0.09233333333333334       -5.044293463190165
0.09240000000000001       -5.044713891531618
0.09246666666666667       -5.044791584884085
0.09253333333333334       -5.045042412138824
0.0926                    -5.04600175873681
0.09266666666666667       -5.048109626157059
0.09273333333333333       -5.051610250138159
0.09280000000000001       -5.056488051739403
0.09286666666666667       -5.062455067002556
0.09293333333333334       -5.068995274314682
0.093                     -5.075459984441281
0.09306666666666667       -5.081197491204535
0.09313333333333333       -5.085691634635236
0.0932                    -5.088680024275596
0.09326666666666666       -5.090225059009239
0.09333333333333334       -5.090719781210388
0.09340000000000001       -5.09082429099434
0.09346666666666667       -5.091343571903581
0.09353333333333334       -5.093070322329851
0.0936                    -5.0966238342739345
0.09366666666666668       -5.102316934418937
0.09373333333333334       -5.110077968934918
0.09380000000000001       -5.119445157538052
0.09386666666666667       -5.129637944597995
0.09393333333333334       -5.139695796736639
0.094                     -5.148661088023791
0.09406666666666667       -5.15577179156401
0.09413333333333333       -5.160624670982759
0.0942                    -5.163273030227112
0.09426666666666667       -5.1642353437361335
0.09433333333333334       -5.164409834855669
0.0944                    -5.164910433051906
0.09446666666666667       -5.1668560812800015
0.09453333333333334       -5.1711542657690215
0.0946                    -5.178319871870389
0.09466666666666668       -5.188363379282067
0.09473333333333334       -5.200770317283303
0.09480000000000001       -5.214578831689688
0.09486666666666667       -5.228545595607493
0.09493333333333334       -5.241373619108316
0.095                     -5.251961274407856
0.09506666666666667       -5.259623758946162
0.09513333333333333       -5.264240035040024
0.0952                    -5.266291669754315
0.09526666666666667       -5.266782701754283
0.09533333333333334       -5.267055648466076
0.0954                    -5.268540627735044
0.09546666666666667       -5.272486805298949
0.09553333333333333       -5.279726423829485
0.0956                    -5.290513512118965
0.09566666666666668       -5.304465492033103
0.09573333333333334       -5.320619176983654
0.09580000000000001       -5.337594612363264
0.09586666666666667       -5.353841785060197
0.09593333333333334       -5.36792826887691
0.096                     -5.378814021652131
0.09606666666666668       -5.386057504132674
0.09613333333333333       -5.3899083482571895
0.09620000000000001       -5.391265117534495
0.09626666666666667       -5.391506393390505
0.09633333333333334       -5.392230714901048
0.0964                    -5.3949581915134095
0.09646666666666667       -5.400850727669568
0.09653333333333333       -5.4105004156098415
0.0966                    -5.42382106537781
0.09666666666666666       -5.4400601069695185
0.09673333333333334       -5.4579294651090535
0.09680000000000001       -5.475835283823428
0.09686666666666667       -5.492168580789115
0.09693333333333334       -5.505604765748778
0.097                     -5.5153539311781605
0.09706666666666668       -5.521310168934969
0.09713333333333334       -5.524067898564934
0.09720000000000001       -5.5248021471463336
0.09726666666666667       -5.525039554112214
0.09733333333333334       -5.52636880517052
0.0974                    -5.530148050214446
0.09746666666666667       -5.5372627185524435
0.09753333333333333       -5.547973924412316
0.0976                    -5.561880117482675
0.09766666666666667       -5.5779960876981765
0.09773333333333334       -5.594935325064695
0.0978                    -5.611164834612544
0.09786666666666667       -5.625287503955576
0.09793333333333334       -5.636299281543056
0.098                     -5.643770537937618
0.09806666666666668       -5.647914982640287
0.09813333333333334       -5.649533305964852
0.09820000000000001       -5.649846069092095
0.09826666666666667       -5.650253338669349
0.09833333333333334       -5.652071119003745
0.0984                    -5.656295006925578
0.09846666666666667       -5.663431973799139
0.09853333333333333       -5.673425966261464
0.09860000000000001       -5.685685904861048
0.09866666666666667       -5.699207962604635
0.09873333333333334       -5.712768957935323
0.0988                    -5.725155558452264
0.09886666666666667       -5.735386794366653
0.09893333333333333       -5.742887588503414
0.099                     -5.74758013693989
0.09906666666666668       -5.749877043979436
0.09913333333333334       -5.750581183008752
0.09920000000000001       -5.75071663715732
0.09926666666666667       -5.751327688966535
0.09933333333333334       -5.753286202552767
0.0994                    -5.757142509014077
0.09946666666666668       -5.763043780689423
0.09953333333333333       -5.770730059508859
0.09960000000000001       -5.779604154384139
0.09966666666666667       -5.788859272525544
0.09973333333333334       -5.797638813193721
0.0998                    -5.805197542636982
0.09986666666666667       -5.811033624097871
0.09993333333333333       -5.814967250163542
0.1                       -5.817153062774713
0.10006666666666666       -5.818027667826389
0.10013333333333334       -5.818206871499294
0.10020000000000001       -5.818356525310907
0.10026666666666667       -5.8190641882444485
0.10033333333333334       -5.820736157906151
0.1004                    -5.823537225006409
0.10046666666666668       -5.827380875584106
0.10053333333333334       -5.831967664273501
0.10060000000000001       -5.836860776147832
0.10066666666666667       -5.8415816327698575
0.10073333333333334       -5.845705664370415
0.1008                    -5.84893951336464
0.10086666666666667       -5.8511657628168345
0.10093333333333333       -5.852448802377541
0.101                     -5.853003951335516
0.10106666666666667       -5.853139465177924
0.10113333333333334       -5.853185879287589
0.1012                    -5.853428411444321
0.10126666666666667       -5.85405594112741
0.10133333333333334       -5.855135287254577
0.1014                    -5.856613420959321
0.10146666666666668       -5.858344240201809
0.10153333333333334       -5.8601317676991265
0.10160000000000001       -5.861778942169378
0.10166666666666667       -5.863130955262198
0.10173333333333334       -5.86410425203321
0.1018                    -5.864696273792017
0.10186666666666667       -5.864975796107022
0.10193333333333333       -5.8650581513920965
0.10200000000000001       -5.865072704911753
0.10206666666666667       -5.865131049903459
0.10213333333333334       -5.865303406072514
0.1022                    -5.865608052603683
0.10226666666666667       -5.866015058239262
0.10233333333333333       -5.86646198404638
0.1024                    -5.866876463142546
0.10246666666666668       -5.867199208583125
0.10253333333333334       -5.8674013199455
0.10260000000000001       -5.867491604510445
0.10266666666666667       -5.867512486443983
0.10273333333333334       -5.867526190875983
0.1028                    -5.867595455487437
0.10286666666666668       -5.867764398016839
0.10293333333333334       -5.868045033031023
0.10300000000000001       -5.868413351832309
0.10306666666666667       -5.868816275331808
0.10313333333333334       -5.869187823045437
0.1032                    -5.869470260644292
0.10326666666666667       -5.869634458705015
0.10333333333333333       -5.869693639399842
0.1034                    -5.8697061715758325
0.10346666666666667       -5.869765770589205
0.10353333333333334       -5.869980714468863
0.10360000000000001       -5.870446687167892
0.10366666666666667       -5.87121983672815
0.10373333333333334       -5.872297067199193
0.1038                    -5.873609306006693
0.10386666666666668       -5.875030730300242
0.10393333333333334       -5.876403262049247
0.10400000000000001       -5.877571850359255
0.10406666666666667       -5.878423034642371
0.10413333333333334       -5.8789178112483595
0.1042                    -5.879110399598863
0.10426666666666667       -5.879147148267295
0.10433333333333333       -5.8792440363542795
0.1044                    -5.8796460778041375
0.10446666666666667       -5.88057629964989
0.10453333333333334       -5.88218482003266
0.1046                    -5.88450923266075
0.10466666666666667       -5.88745581808093
0.10473333333333334       -5.8908073183099
0.1048                    -5.894257781769991
0.10486666666666668       -5.8974692496695855
0.10493333333333334       -5.900139938664047
0.10500000000000001       -5.90207023696515
0.10506666666666667       -5.903212220619839
0.10513333333333334       -5.903690946661225
0.1052                    -5.903791165790473
0.10526666666666668       -5.9039102133732735
0.10533333333333333       -5.9044850662781645
0.10540000000000001       -5.905907241902394
0.10546666666666667       -5.908442147933373
0.10553333333333334       -5.912169146277181
0.1056                    -5.916955132555678
0.10566666666666667       -5.922468506166856
0.10573333333333333       -5.928232967478584
0.1058                    -5.9337127907479505
0.10586666666666668       -5.9384144354583155
0.10593333333333334       -5.941985023769137
0.10600000000000001       -5.944287586562779
0.10606666666666667       -5.945436676305137
0.10613333333333334       -5.945785511664515
0.1062                    -5.945865668569166
0.10626666666666668       -5.946290149451794
0.10633333333333334       -5.947638156778401
0.10640000000000001       -5.950343524724293
0.10646666666666667       -5.954608062165199
0.10653333333333334       -5.960356513476011
0.1066                    -5.967242471533681
0.10666666666666667       -5.974705579105396
0.10673333333333333       -5.982070990003323
0.1068                    -5.988673727222573
0.10686666666666667       -5.993984850259082
0.10693333333333334       -5.997714760984346
0.10700000000000001       -5.99987248504846
0.10706666666666667       -6.000768121204105
0.10713333333333334       -6.000957165819516
0.1072                    -6.001137346519739
0.10726666666666668       -6.00201805609924
0.10733333333333334       -6.0041874389565155
0.10740000000000001       -6.0080020040202875
0.10746666666666667       -6.013518932213566
0.10753333333333334       -6.020483322194786
0.1076                    -6.02837292766215
0.10766666666666667       -6.036492838853751
0.10773333333333333       -6.044103394909682
0.1078                    -6.050557873801789
0.10786666666666667       -6.05542374628567
0.10793333333333334       -6.058563652657333
0.108                     -6.06015985774974
0.10806666666666667       -6.060677367655819
0.10813333333333335       -6.060773480675494
0.1082                    -6.061172208908241
0.10826666666666668       -6.062528334853694
0.10833333333333334       -6.065306851946042
0.10840000000000001       -6.069699610341469
0.10846666666666667       -6.075593494194526
0.10853333333333334       -6.0825950008393805
0.1086                    -6.090106155970425
0.10866666666666668       -6.097437612061636
0.10873333333333333       -6.103937869688668
0.10880000000000001       -6.109114181328322
0.10886666666666667       -6.112721909689601
0.10893333333333334       -6.114805163371312
0.109                     -6.115681416536906
0.10906666666666667       -6.115874327552784
0.10913333333333333       -6.1160093299444
0.1092                    -6.1166933865421935
0.10926666666666668       -6.118402324570267
0.10933333333333334       -6.121396499730593
0.10940000000000001       -6.125679264069197
0.10946666666666667       -6.131004354256888
0.10953333333333334       -6.136929375190263
0.1096                    -6.142904358639898
0.10966666666666668       -6.148378129191483
0.10973333333333334       -6.152901997462619
0.10980000000000001       -6.156210919757435
0.10986666666666667       -6.158266872956935
0.10993333333333334       -6.1592570181263
0.11                      -6.1595485717219045
0.11006666666666667       -6.159610989721887
0.11013333333333333       -6.159922121441758
0.1102                    -6.160877239542527
0.11026666666666667       -6.162718182792513
0.11033333333333334       -6.165495016851251
0.11040000000000001       -6.16906586160161
0.11046666666666667       -6.173133190032595
0.11053333333333334       -6.177308206709449
0.1106                    -6.181189926121667
0.11066666666666668       -6.184443139042337
0.11073333333333334       -6.186860082860688
0.11080000000000001       -6.188394289038971
0.11086666666666667       -6.18916106594272
0.11093333333333334       -6.1894060831150135
0.111                     -6.189449961812329
0.11106666666666667       -6.189621227446938
0.11113333333333333       -6.190191594861098
0.11120000000000001       -6.19132622967936
0.11126666666666667       -6.193057899870297
0.11133333333333334       -6.195288742148442
0.1114                    -6.197817795109161
0.11146666666666667       -6.200387519795094
0.11153333333333335       -6.202739097544314
0.1116                    -6.20466496683389
0.11166666666666668       -6.206048077799906
0.11173333333333334       -6.206880493121839
0.11180000000000001       -6.207258564276091
0.11186666666666667       -6.207356931652145
0.11193333333333334       -6.207387910329041
0.112                     -6.207555511509365
0.11206666666666668       -6.20801392928494
0.11213333333333333       -6.208838823047525
0.11220000000000001       -6.210016614666385
0.11226666666666667       -6.211453036993523
0.11233333333333334       -6.212998152109429
0.1124                    -6.214481787161862
0.11246666666666667       -6.215751427912812
0.11253333333333333       -6.216704416302608
0.1126                    -6.217307830254676
0.11266666666666668       -6.2176023275857855
0.11273333333333334       -6.217689848524604
0.11280000000000001       -6.217708571026112
0.11286666666666667       -6.2178011244144855
0.11293333333333334       -6.218083253965964
0.113                     -6.218619709982242
0.11306666666666668       -6.219412290660145
0.11313333333333334       -6.2204021634807605
0.11320000000000001       -6.221485450139551
0.11326666666666667       -6.222538241530562
0.11333333333333334       -6.2234452829675915
0.1134                    -6.224125921552571
0.11346666666666667       -6.224551660584956
0.11353333333333333       -6.224751642973195
0.1136                    -6.224805134734605
0.11366666666666667       -6.224822972599822
0.11373333333333334       -6.224922324508594
0.11380000000000001       -6.225200473148792
0.11386666666666667       -6.225713408922182
0.11393333333333334       -6.2264638432832164
0.114                     -6.227401122135467
0.11406666666666668       -6.2284329075393075
0.11413333333333334       -6.229445957067861
0.11420000000000001       -6.230331389954584
0.11426666666666667       -6.231008891610172
0.11433333333333334       -6.231444573678418
0.1144                    -6.231658621209474
0.11446666666666667       -6.231721111386385
0.11453333333333333       -6.231736975894989
0.11460000000000001       -6.2318234230315
0.11466666666666667       -6.232084724081779
0.11473333333333334       -6.232589775641035
0.1148                    -6.23335719908869
0.11486666666666667       -6.234351100665139
0.11493333333333335       -6.235488352512348
0.115                     -6.23665583813056
0.11506666666666668       -6.237734026252708
0.11513333333333334       -6.238621918850776
0.11520000000000001       -6.239258138220816
0.11526666666666667       -6.239633741714487
0.11533333333333334       -6.239794111307911
0.1154                    -6.2398295794446
0.11546666666666668       -6.239856816177394
0.11553333333333334       -6.2399949034914375
0.11560000000000001       -6.240341065381019
0.11566666666666667       -6.2409510138339295
0.11573333333333334       -6.241827848847339
0.1158                    -6.242921655310894
0.11586666666666667       -6.244139750275016
0.11593333333333333       -6.245365390414285
0.116                     -6.246481072701403
0.11606666666666668       -6.247391681313596
0.11613333333333334       -6.248042826384622
0.11620000000000001       -6.248430765127963
0.11626666666666667       -6.248602070930396
0.11633333333333334       -6.248643338899786
0.1164                    -6.248663230456088
0.11646666666666668       -6.248770642325912
0.11653333333333334       -6.2490534459349565
0.11660000000000001       -6.249561980961992
0.11666666666666667       -6.250300397889711
0.11673333333333334       -6.251227284171302
0.1168                    -6.252265128019006
0.11686666666666667       -6.25331644775323
0.11693333333333333       -6.254283174745671
0.117                     -6.255085355017758
0.11706666666666667       -6.255675515799462
0.11713333333333334       -6.256046052837436
0.11720000000000001       -6.256228504859709
0.11726666666666667       -6.2562852627181424
0.11733333333333335       -6.256295753308152
0.1174                    -6.256340138162333
0.11746666666666668       -6.256483891404548
0.11753333333333334       -6.256766244414158
0.11760000000000001       -6.2571945266364635
0.11766666666666667       -6.257745125156056
0.11773333333333334       -6.25837041539599
0.1178                    -6.259009861057282
0.11786666666666668       -6.259602763597071
0.11793333333333333       -6.260099982141286
0.11800000000000001       -6.260472346490273
0.11806666666666667       -6.2607143344372655
0.11813333333333334       -6.260842675127767
0.1182                    -6.260890624584164
0.11826666666666667       -6.260899503962842
0.11833333333333335       -6.260909528791402
0.1184                    -6.260951922925994
0.11846666666666668       -6.261043848222377
0.11853333333333334       -6.2611869251709535
0.11860000000000001       -6.261369260498673
0.11866666666666667       -6.261570133153103
0.11873333333333334       -6.261765983258144
0.1188                    -6.26193619416695
0.11886666666666668       -6.262067364516635
0.11893333333333334       -6.262155260444223
0.11900000000000001       -6.262204280346916
0.11906666666666667       -6.262224890641922
0.11913333333333334       -6.262229949103738
0.1192                    -6.2622310205266976
0.11926666666666667       -6.26223567832781
0.11933333333333333       -6.262246422533506
0.1194                    -6.2622613382021495
0.11946666666666667       -6.262276109585821
0.11953333333333334       -6.262286630804365
0.11960000000000001       -6.262291311335851
0.11966666666666667       -6.262292298845443
0.11973333333333334       -6.2622951955240636
0.1198                    -6.262307327582619
0.11986666666666668       -6.2623351045803
0.11993333333333334       -6.262381338527964
0.12000000000000001       -6.262443480282856
0.12006666666666667       -6.262513534144044
0.12013333333333334       -6.262579968123099
0.1202                    -6.262631353908629
0.12026666666666667       -6.262660899239451
0.12033333333333333       -6.262670637060089
0.12040000000000001       -6.262673938605569
0.12046666666666667       -6.262695280877988
0.12053333333333334       -6.262766792318091
0.1206                    -6.2629219038372606
0.12066666666666667       -6.26318725994079
0.12073333333333335       -6.263574686774589
0.1208                    -6.264075287141316
0.12086666666666668       -6.26465752574478
0.12093333333333334       -6.265270473890214
0.12100000000000001       -6.265852308697296
0.12106666666666667       -6.266342915894803
0.12113333333333334       -6.266698300970896
0.1212                    -6.266903754468132
0.12126666666666668       -6.26698257143183
0.12133333333333333       -6.2669977019480685
0.12140000000000001       -6.267044958834308
0.12146666666666667       -6.2672381147913105
0.12153333333333334       -6.267688043801423
0.1216                    -6.268479607152486
0.12166666666666667       -6.269650895282126
0.12173333333333333       -6.271179467160717
0.1218                    -6.2729792963043955
0.12186666666666668       -6.274910335737011
0.12193333333333334       -6.2768002267627585
0.12200000000000001       -6.278475116232746
0.12206666666666667       -6.2797943216412175
0.12213333333333334       -6.280682204354041
0.1222                    -6.281150480162115
0.12226666666666668       -6.281305485514692
0.12233333333333334       -6.281337487373529
0.12240000000000001       -6.281492519453397
0.12246666666666667       -6.282030771093221
0.12253333333333334       -6.283178514105789
0.1226                    -6.285082313805611
0.12266666666666667       -6.287774462565726
0.12273333333333333       -6.291157114718984
0.1228                    -6.29500967447338
0.12286666666666667       -6.299020001396719
0.12293333333333334       -6.302835546747775
0.12300000000000001       -6.306126369634789
0.12306666666666667       -6.308648941223417
0.12313333333333334       -6.310298502673282
0.1232                    -6.3111389911928075
0.12326666666666668       -6.311403181698986
0.12333333333333334       -6.311461102437407
0.12340000000000001       -6.3117608714126
0.12346666666666667       -6.3127515721369045
0.12353333333333334       -6.314801521451443
0.1236                    -6.318126604969102
0.12366666666666667       -6.322742115209451
0.12373333333333333       -6.32844799338725
0.12380000000000001       -6.334852077371064
0.12386666666666667       -6.341429583454083
0.12393333333333334       -6.347610447713312
0.124                     -6.352880376266198
0.12406666666666667       -6.356877706676043
0.12413333333333335       -6.359467575923151
0.1242                    -6.360778031947594
0.12426666666666668       -6.361189335114954
0.12433333333333334       -6.361276495423226
0.12440000000000001       -6.361714119698306
0.12446666666666667       -6.3631598872482495
0.12453333333333334       -6.366137004314538
0.1246                    -6.370936289628649
0.12466666666666668       -6.37755541398878
0.12473333333333333       -6.385687008689028
0.12480000000000001       -6.394759731049859
0.12486666666666667       -6.404027781181215
0.12493333333333334       -6.412695774677667
0.125                     -6.420058580864145
0.12506666666666666       -6.425631336496838
0.12513333333333335       -6.429244868498837
0.1252                    -6.431086978524691
0.12526666666666667       -6.431679854429041
0.12533333333333335       -6.431796197376016
0.1254                    -6.432328538094131
0.12546666666666667       -6.434134908534822
0.12553333333333333       -6.437887917499001
0.12560000000000002       -6.443953181593656
0.12566666666666668       -6.452317893607578
0.12573333333333334       -6.462582354083414
0.1258                    -6.474017675187862
0.12586666666666668       -6.485682475775459
0.12593333333333334       -6.496581192650817
0.126                     -6.505838083962761
0.12606666666666666       -6.51285607281042
0.12613333333333335       -6.51743023132564
0.1262                    -6.519792887557514
0.12626666666666667       -6.520580119475809
0.12633333333333335       -6.520724888008628
0.1264                    -6.521296344009574
0.12646666666666667       -6.523314519703106
0.12653333333333333       -6.527573001056921
0.12660000000000002       -6.534499555440884
0.12666666666666668       -6.544077606832764
0.12673333333333334       -6.5558416870181855
0.1268                    -6.568948865948165
0.12686666666666668       -6.582316530105685
0.12693333333333334       -6.594805642188789
0.127                     -6.605419317966841
0.12706666666666666       -6.613481452219975
0.12713333333333335       -6.618761487821291
0.1272                    -6.621520286181144
0.12726666666666667       -6.622467164534225
0.12733333333333333       -6.6226359366397025
0.1274                    -6.623203587950024
0.12746666666666667       -6.625285220849007
0.12753333333333333       -6.629741515931153
0.12760000000000002       -6.637030899825298
0.12766666666666668       -6.647129963690093
0.12773333333333334       -6.65953457956232
0.1278                    -6.673342058924615
0.12786666666666668       -6.687402416289935
0.12793333333333334       -6.700515218072748
0.128                     -6.71163920920073
0.12806666666666666       -6.720077289694244
0.12813333333333335       -6.725601786068681
0.1282                    -6.728495217132905
0.12826666666666667       -6.729498261368465
0.12833333333333333       -6.729675359750576
0.12840000000000001       -6.730224381302139
0.12846666666666667       -6.732266211874242
0.12853333333333333       -6.736651656180534
0.12860000000000002       -6.743817764259887
0.12866666666666668       -6.753715977024033
0.12873333333333334       -6.765822623626633
0.1288                    -6.779229793025018
0.12886666666666668       -6.7928023108050315
0.12893333333333334       -6.80537542740297
0.129                     -6.8159595078071975
0.12906666666666666       -6.823914787527304
0.12913333333333335       -6.829063138480025
0.1292                    -6.831715180225407
0.12926666666666667       -6.832607904346135
0.12933333333333333       -6.832766057066003
0.12940000000000002       -6.83331511763508
0.12946666666666667       -6.8352814710905925
0.12953333333333333       -6.839415434551105
0.1296                    -6.846066510160661
0.12966666666666668       -6.855129994160714
0.12973333333333334       -6.866072077527222
0.1298                    -6.878028307117558
0.12986666666666669       -6.889958721584419
0.12993333333333335       -6.900833244059573
0.13                      -6.909814649365133
0.13006666666666666       -6.9164055613203494
0.13013333333333335       -6.920531785440285
0.1302                    -6.922546460369699
0.13026666666666667       -6.923155490777145
0.13033333333333333       -6.923280495496693
0.13040000000000002       -6.923887100555435
0.13046666666666668       -6.925811414003341
0.13053333333333333       -6.929615711423765
0.1306                    -6.935497237725896
0.13066666666666668       -6.943263766435857
0.13073333333333334       -6.952378097651062
0.1308                    -6.962062435549336
0.1308666666666667        -6.9714437037533905
0.13093333333333335       -6.979713594740008
0.131                     -6.986273991359519
0.13106666666666666       -6.9908406186875816
0.13113333333333335       -6.993485673758551
0.1312                    -6.994612442611396
0.13126666666666667       -6.994868749164889
0.13133333333333333       -6.995018074390672
0.13140000000000002       -6.995794558118273
0.13146666666666668       -6.997769617118869
0.13153333333333334       -7.0012540181263105
0.1316                    -7.0062514649791865
0.13166666666666668       -7.012469939610152
0.13173333333333334       -7.019386818100721
0.1318                    -7.02635451727269
0.13186666666666666       -7.032726347014668
0.13193333333333335       -7.037978561717826
0.132                     -7.041805312011858
0.13206666666666667       -7.044168595376391
0.13213333333333335       -7.045294561533581
0.1322                    -7.045618649905575
0.13226666666666667       -7.045692383953629
0.13233333333333333       -7.04607181700246
0.13240000000000002       -7.047210218122984
0.13246666666666668       -7.049375500245787
0.13253333333333334       -7.052607067746605
0.1326                    -7.056718666337468
0.13266666666666668       -7.06134499943163
0.13273333333333334       -7.066021748756665
0.1328                    -7.070282473567833
0.13286666666666666       -7.073752764318225
0.13293333333333335       -7.076222746143603
0.133                     -7.077683654159024
0.13306666666666667       -7.078321909957214
0.13313333333333335       -7.078473223205938
0.1332                    -7.078547595252268
0.13326666666666667       -7.0789418039127945
0.13333333333333333       -7.079957872353936
0.13340000000000002       -7.081744042162374
0.13346666666666668       -7.084269599612648
0.13353333333333334       -7.0873377601434395
0.1336                    -7.090633088718297
0.13366666666666668       -7.093792998508284
0.13373333333333334       -7.096487987798175
0.1338                    -7.0984934568248805
0.13386666666666666       -7.0997377227866645
0.13393333333333335       -7.100316013113343
0.134                     -7.10046770622019
0.13406666666666667       -7.100522187725369
0.13413333333333333       -7.100825494809247
0.1342                    -7.101663904813197
0.13426666666666667       -7.103201031541504
0.13433333333333333       -7.105441926799651
0.13440000000000002       -7.10823192596434
0.13446666666666668       -7.111290707588978
0.13453333333333334       -7.114274620505422
0.1346                    -7.116854166430309
0.13466666666666668       -7.118789901048288
0.13473333333333334       -7.119989873745924
0.1348                    -7.1205353466281505
0.13486666666666666       -7.120668299327733
0.13493333333333335       -7.1207426499123825
0.135                     -7.121149220743442
0.13506666666666667       -7.1222303626638395
0.13513333333333333       -7.12420256244116
0.13520000000000001       -7.127103918004241
0.13526666666666667       -7.130778499277433
0.13533333333333333       -7.1349022967886615
0.13540000000000002       -7.139046991954171
0.13546666666666668       -7.142769652627514
0.13553333333333334       -7.145710261697483
0.1356                    -7.1476762232217395
0.13566666666666669       -7.148694664272222
0.13573333333333334       -7.149019506566665
0.1358                    -7.149089750302972
0.13586666666666666       -7.149446011764601
0.13593333333333335       -7.150621551757234
0.136                     -7.153029747675378
0.13606666666666667       -7.156871134403619
0.13613333333333333       -7.162079789687495
0.13620000000000002       -7.168321766005415
0.13626666666666667       -7.1750486710876356
0.13633333333333333       -7.181598792353521
0.1364                    -7.1873280323399396
0.13646666666666668       -7.191745366341626
0.13653333333333334       -7.194624592892971
0.1366                    -7.196067252068153
0.1366666666666667        -7.196500748440303
0.13673333333333335       -7.196609115788696
0.1368                    -7.197208244958175
0.13686666666666666       -7.199089206797064
0.13693333333333335       -7.2028599419036885
0.137                     -7.208816113391164
0.13706666666666667       -7.2168668692672995
0.13713333333333333       -7.226531947750735
0.13720000000000002       -7.237014404467681
0.13726666666666668       -7.247339628776847
0.13733333333333334       -7.2565379377383525
0.1374                    -7.263837282192989
0.13746666666666668       -7.268827417479116
0.13753333333333334       -7.2715598058076525
0.1376                    -7.272559178567461
0.13766666666666666       -7.2727408945078285
0.13773333333333335       -7.273248321948991
0.1378                    -7.275241113794393
0.13786666666666667       -7.279674588818149
0.13793333333333335       -7.287111341791923
0.138                     -7.297599902723788
0.13806666666666667       -7.3106439640027245
0.13813333333333333       -7.3252712947800696
0.13820000000000002       -7.340195189693944
0.13826666666666668       -7.354044370140302
0.13833333333333334       -7.365621929895489
0.1384                    -7.374143918819238
0.13846666666666668       -7.379407704058572
0.13853333333333334       -7.3818518107051725
0.1386                    -7.382491082980015
0.13866666666666666       -7.382738016513647
0.13873333333333335       -7.384145209314074
0.1388                    -7.388118728758458
0.13886666666666667       -7.3956554446581215
0.13893333333333335       -7.40715069263177
0.139                     -7.422309598343942
0.13906666666666667       -7.440179116037352
0.13913333333333333       -7.459299790954841
0.13920000000000002       -7.477956930100432
0.13926666666666668       -7.494491497707886
0.13933333333333334       -7.5076151094566885
0.1394                    -7.5166664800874825
0.13946666666666668       -7.521753671981827
0.13953333333333334       -7.523748621281578
0.1396                    -7.524132705861336
0.13966666666666666       -7.524724905981469
0.13973333333333335       -7.52734759789479
0.1398                    -7.533493908223891
0.13986666666666667       -7.544055598850861
0.13993333333333333       -7.559156384939874
0.14                      -7.578117467506461
0.14006666666666667       -7.599562685569957
0.14013333333333333       -7.621650467380676
0.14020000000000002       -7.6423986213593675
0.14026666666666668       -7.660047902308767
0.14033333333333334       -7.673396350430802
0.1404                    -7.682035437074315
0.14046666666666668       -7.686435553189329
0.14053333333333334       -7.687860456884063
0.1406                    -7.688128912537296
0.14066666666666666       -7.689274614581918
0.14073333333333335       -7.693173263077161
0.1408                    -7.701206068776142
0.14086666666666667       -7.7140162092065925
0.14093333333333333       -7.73139547779213
0.14100000000000001       -7.752317543068184
0.14106666666666667       -7.775113537980829
0.14113333333333333       -7.797764719614538
0.14120000000000002       -7.818265952056615
0.14126666666666668       -7.834996050119276
0.14133333333333334       -7.84702289704196
0.1414                    -7.854279081142699
0.14146666666666668       -7.857569375181742
0.14153333333333334       -7.858408970327558
0.1416                    -7.858729312685623
0.14166666666666666       -7.860514803346417
0.14173333333333335       -7.865442297728796
0.1418                    -7.874587647104242
0.14186666666666667       -7.888245716904248
0.14193333333333333       -7.905888938301877
0.14200000000000002       -7.926268214258487
0.14206666666666667       -7.947639611932402
0.14213333333333333       -7.968080526941871
0.1422                    -7.985841374007066
0.14226666666666668       -7.999667657977706
0.14233333333333334       -8.009028250739105
0.1424                    -8.014202406218864
0.14246666666666669       -8.016208350392107
0.14253333333333335       -8.016591823428644
0.1426                    -8.017122681333126
0.14266666666666666       -8.019463287363399
0.14273333333333335       -8.024871915965857
0.1428                    -8.033991499657066
0.14286666666666667       -8.046754855885252
0.14293333333333333       -8.062416967558708
0.14300000000000002       -8.07970531217437
0.14306666666666668       -8.097061280200137
0.14313333333333333       -8.11293025418151
0.1432                    -8.126047414798158
0.14326666666666668       -8.135664593644153
0.14333333333333334       -8.141673521540675
0.1434                    -8.144602227623214
0.1434666666666667        -8.145489148377488
0.14353333333333335       -8.145665724065873
0.1436                    -8.146495490538873
0.14366666666666666       -8.14912232448391
0.14373333333333335       -8.154273619540271
0.1438                    -8.162149785034646
0.14386666666666667       -8.172414003083588
0.14393333333333333       -8.18427879673003
0.14400000000000002       -8.196670360356439
0.14406666666666668       -8.208438972759556
0.14413333333333334       -8.21857574566182
0.1442                    -8.226394517868965
0.14426666666666668       -8.231644434196046
0.14433333333333334       -8.234533270248477
0.1444                    -8.235660835635887
0.14446666666666666       -8.235880810176633
0.14453333333333335       -8.236123118935074
0.1446                    -8.237214390696483
0.14466666666666667       -8.239730984330762
0.14473333333333335       -8.24390960515959
0.1448                    -8.249627684933134
0.14486666666666667       -8.256452215154852
0.14493333333333333       -8.263743635920287
0.14500000000000002       -8.270792176834739
0.14506666666666668       -8.276958969589112
0.14513333333333334       -8.281794301945105
0.1452                    -8.285110890079459
0.14526666666666668       -8.287000146945108
0.14533333333333334       -8.287791914910574
0.1454                    -8.287969981154292
0.14546666666666666       -8.288064049941193
0.14553333333333335       -8.288541992418699
0.1456                    -8.28972398051788
0.14566666666666667       -8.291733707324598
0.14573333333333335       -8.294493163467783
0.1458                    -8.29775831723761
0.14586666666666667       -8.301185199372124
0.14593333333333333       -8.304410595878357
0.14600000000000002       -8.307129642445052
0.14606666666666668       -8.309154385557516
0.14613333333333334       -8.310442424218108
0.1462                    -8.311091922304719
0.14626666666666668       -8.311306888032878
0.14633333333333334       -8.311342854929759
0.1464                    -8.311446590284895
0.14646666666666666       -8.311803613250223
0.14653333333333335       -8.312504398061707
0.1466                    -8.31353510477268
0.14666666666666667       -8.314792796080802
0.14673333333333333       -8.316119669522099
0.1468                    -8.317346963672087
0.14686666666666667       -8.318337624628969
0.14693333333333333       -8.319017797459182
0.14700000000000002       -8.319390433286385
0.14706666666666668       -8.319528953857438
0.14713333333333334       -8.319553830463946
0.1472                    -8.319598911800504
0.14726666666666668       -8.319776455621097
0.14733333333333334       -8.320149670136178
0.1474                    -8.320719312928448
0.14746666666666666       -8.321427166772828
0.14753333333333335       -8.322174944166035
0.1476                    -8.32285337339246
0.14766666666666667       -8.323373767839703
0.14773333333333333       -8.323693847990409
0.14780000000000001       -8.323831099771349
0.14786666666666667       -8.32386014584423
0.14793333333333333       -8.323894684036059
0.14800000000000002       -8.324058485694803
0.14806666666666668       -8.324452764184352
0.14813333333333334       -8.325128235265387
0.1482                    -8.326069166971049
0.14826666666666669       -8.327193908217167
0.14833333333333334       -8.328372441702559
0.1484                    -8.329457325744226
0.14846666666666666       -8.330320940437673
0.14853333333333335       -8.330890081233445
0.1486                    -8.331169172896063
0.14866666666666667       -8.331245754426039
0.14873333333333333       -8.331275917632889
0.14880000000000002       -8.331452129727543
0.14886666666666667       -8.33196018865781
0.14893333333333333       -8.332934906481462
0.149                     -8.33442481500692
0.14906666666666668       -8.336374566123636
0.14913333333333334       -8.338630081807196
0.1492                    -8.340966620924515
0.1492666666666667        -8.343134761235937
0.14933333333333335       -8.344914946256067
0.1494                    -8.346168743259192
0.14946666666666666       -8.346875018978071
0.14953333333333335       -8.347142040434278
0.1496                    -8.347191549060046
0.14966666666666667       -8.347317021677895
0.14973333333333333       -8.347824177623824
0.14980000000000002       -8.348965952881972
0.14986666666666668       -8.350885718626293
0.14993333333333334       -8.353581177280326
0.15                      -8.356897429935096
0.15006666666666668       -8.360551936637444
0.15013333333333334       -8.364187544493092
0.1502                    -8.367443666760492
0.1502666666666667        -8.370031324413535
0.15033333333333335       -8.37179619868435
0.1504                    -8.37275569770814
0.15046666666666667       -8.373101150955804
0.15053333333333335       -8.373163578460508
0.1506                    -8.373349348278792
0.15066666666666667       -8.374058579644304
0.15073333333333333       -8.375602904097505
0.15080000000000002       -8.378139452496923
0.15086666666666668       -8.381634795301252
0.15093333333333334       -8.385866753719718
0.151                     -8.390464614639582
0.15106666666666668       -8.394980604980924
0.15113333333333334       -8.39897888900678
0.1512                    -8.402124205606878
0.15126666666666666       -8.404251659604624
0.15133333333333335       -8.405402586801891
0.1514                    -8.405818334268218
0.15146666666666667       -8.40589274465966
0.15153333333333335       -8.406092985131167
0.1516                    -8.406865023828683
0.15166666666666667       -8.40854310028216
0.15173333333333333       -8.4112815170018
0.15180000000000002       -8.415022466274374
0.15186666666666668       -8.419506459165193
0.15193333333333334       -8.424323575837235
0.152                     -8.428995634911104
0.15206666666666668       -8.433072935594494
0.15213333333333334       -8.436225816003327
0.1522                    -8.438311873540382
0.15226666666666666       -8.43940451243359
0.15233333333333335       -8.439776659711514
0.1524                    -8.43984317293502
0.15246666666666667       -8.440074316749849
0.15253333333333335       -8.440898635037614
0.1526                    -8.442615387601286
0.15266666666666667       -8.445334338315472
0.15273333333333333       -8.448954853363533
0.15280000000000002       -8.45318828417432
0.15286666666666668       -8.457618951903163
0.15293333333333334       -8.461791232153978
0.153                     -8.465304721431556
0.15306666666666668       -8.467897491144784
0.15313333333333334       -8.469499694301495
0.1532                    -8.4702460617545
0.15326666666666666       -8.47044481040191
0.15333333333333335       -8.47051006139846
0.1534                    -8.470872713677377
0.15346666666666667       -8.471889051078325
0.15353333333333333       -8.473766402697851
0.15360000000000001       -8.476521204776205
0.15366666666666667       -8.47997787656494
0.15373333333333333       -8.483808463245119
0.15380000000000002       -8.487604582734532
0.15386666666666668       -8.490966393579809
0.15393333333333334       -8.493589482530107
0.154                     -8.495330750325449
0.15406666666666669       -8.496238782571535
0.15413333333333334       -8.496542020620701
0.1542                    -8.496597505282168
0.15426666666666666       -8.496811754417713
0.15433333333333335       -8.497551357009668
0.1544                    -8.499062842323138
0.15446666666666667       -8.501419102972678
0.15453333333333333       -8.504503830464676
0.15460000000000002       -8.508037358196903
0.15466666666666667       -8.51163856375953
0.15473333333333333       -8.514909699958409
0.15480000000000002       -8.517525776289592
0.15486666666666668       -8.519308672564
0.15493333333333334       -8.520269139058918
0.155                     -8.520606806445777
0.15506666666666669       -8.520667770111421
0.15513333333333335       -8.520868944956128
0.1552                    -8.521605860841841
0.15526666666666666       -8.523164191683176
0.15533333333333335       -8.52565445071985
0.1554                    -8.528984347763993
0.15546666666666667       -8.532875427918174
0.15553333333333333       -8.536921323488123
0.15560000000000002       -8.540675960532752
0.15566666666666668       -8.543753133647119
0.15573333333333333       -8.545915612434872
0.1558                    -8.547133443112898
0.15586666666666668       -8.547597408686492
0.15593333333333334       -8.54768346326929
0.156                     -8.547875020135407
0.1560666666666667        -8.548659516680958
0.15613333333333335       -8.550421459183255
0.1562                    -8.55335503237857
0.15626666666666666       -8.557415428411224
0.15633333333333335       -8.562320299999842
0.1564                    -8.567602661971282
0.15646666666666667       -8.572705886397364
0.15653333333333333       -8.577102069890287
0.15660000000000002       -8.580408992868293
0.15666666666666668       -8.582479867942501
0.15673333333333334       -8.583444921559163
0.1568                    -8.583693912785575
0.15686666666666668       -8.58380170690827
0.15693333333333334       -8.584411741998041
0.157                     -8.586101526401029
0.1570666666666667        -8.589258194012473
0.15713333333333335       -8.593990177557654
0.1572                    -8.600094062007994
0.15726666666666667       -8.607085146925609
0.15733333333333335       -8.614287904262113
0.1574                    -8.62097025107079
0.15746666666666667       -8.626495528728595
0.15753333333333333       -8.63046064836347
0.15760000000000002       -8.632789991316196
0.15766666666666668       -8.633762968757138
0.15773333333333334       -8.633967195356247
0.1578                    -8.63418560959426
0.15786666666666668       -8.635240339020525
0.15793333333333334       -8.637825168559484
0.158                     -8.642360492338252
0.15806666666666666       -8.648899948042544
0.15813333333333335       -8.657108111818063
0.1582                    -8.666315580406842
0.15826666666666667       -8.675643322644868
0.15833333333333335       -8.684174284561859
0.1584                    -8.691139282795135
0.15846666666666667       -8.696079008537103
0.15853333333333333       -8.698946811239868
0.15860000000000002       -8.700128363092848
0.15866666666666668       -8.700372128485153
0.15873333333333334       -8.700644214148964
0.1588                    -8.701937403950325
0.15886666666666668       -8.705073123434708
0.15893333333333334       -8.710535473225999
0.159                     -8.718369432720127
0.15906666666666666       -8.728163146893227
0.15913333333333335       -8.739119139579394
0.1592                    -8.750203219222868
0.15926666666666667       -8.760344657504639
0.15933333333333335       -8.768649457684338
0.15940000000000001       -8.774583317082907
0.15946666666666667       -8.778084883455492
0.15953333333333333       -8.779583620621347
0.15960000000000002       -8.779917292517002
0.15966666666666668       -8.780166266798378
0.15973333333333334       -8.781439449652133
0.1598                    -8.784655515065413
0.15986666666666668       -8.79036221830302
0.15993333333333334       -8.79862773782541
0.16                      -8.809024052119934
0.16006666666666666       -8.820705923583066
0.16013333333333335       -8.832572062782486
0.1602                    -8.843479336912786
0.16026666666666667       -8.85246900109373
0.16033333333333333       -8.858959085498604
0.16040000000000001       -8.862861979710448
0.16046666666666667       -8.864601307107336
0.16053333333333333       -8.865024276994875
0.16060000000000002       -8.8652288968878
0.16066666666666668       -8.866343306587604
0.16073333333333334       -8.869302843736497
0.1608                    -8.874668546841114
0.16086666666666669       -8.882520770289133
0.16093333333333334       -8.892446636557331
0.161                     -8.903622998263609
0.16106666666666666       -8.914979484960202
0.16113333333333335       -8.925410979769117
0.1612                    -8.933998007010514
0.16126666666666667       -8.940190023468887
0.16133333333333333       -8.943912809985902
0.16140000000000002       -8.945576967225861
0.16146666666666668       -8.945986496993042
0.16153333333333333       -8.9461686602163
0.16160000000000002       -8.947162675422744
0.16166666666666668       -8.949811622911048
0.16173333333333334       -8.954598794031579
0.1618                    -8.96155893222395
0.1618666666666667        -8.970279554210208
0.16193333333333335       -8.979990648985702
0.162                     -8.989724726171891
0.16206666666666666       -8.99851551101162
0.16213333333333335       -9.005595031999334
0.1622                    -9.010547982501043
0.16226666666666667       -9.013390527916563
0.16233333333333333       -9.014557183928764
0.16240000000000002       -9.014800138679401
0.16246666666666668       -9.01502483208824
0.16253333333333334       -9.016098620777527
0.1626                    -9.018673242268338
0.16266666666666668       -9.023056795958869
0.16273333333333334       -9.02915939437542
0.1628                    -9.036521471065512
0.1628666666666667        -9.044417640951746
0.16293333333333335       -9.052014296500486
0.163                     -9.058548078195084
0.16306666666666667       -9.063487368220555
0.16313333333333335       -9.066641904297073
0.1632                    -9.06819675805597
0.16326666666666667       -9.068664084117406
0.16333333333333333       -9.068764869707758
0.16340000000000002       -9.069268377474332
0.16346666666666668       -9.070825293851817
0.16353333333333334       -9.0738304283698
0.1636                    -9.07834317221113
0.16366666666666668       -9.08408119884786
0.16373333333333334       -9.09048777051908
0.1638                    -9.096858026799593
0.1638666666666667        -9.102497205541892
0.16393333333333335       -9.106876337914699
0.164                     -9.109750691336346
0.16406666666666667       -9.111213996266281
0.16413333333333335       -9.111676038644209
0.1642                    -9.111769030642531
0.16426666666666667       -9.112204575754669
0.16433333333333333       -9.113613827533344
0.16440000000000002       -9.11640636314443
0.16446666666666668       -9.120678433886663
0.16453333333333334       -9.126190368284558
0.1646                    -9.132418436307178
0.16466666666666668       -9.138670970409894
0.16473333333333334       -9.144244553477304
0.1648                    -9.148586356901916
0.16486666666666666       -9.151425854795045
0.16493333333333335       -9.152844743206746
0.165                     -9.153267430629377
0.16506666666666667       -9.153372852384761
0.16513333333333335       -9.153946751990874
0.1652                    -9.155707146286172
0.16526666666666667       -9.159141392273726
0.16533333333333333       -9.164390520719643
0.16540000000000002       -9.1712066753178
0.16546666666666668       -9.178994873037894
0.16553333333333334       -9.186933310159443
0.1656                    -9.19414963080809
0.16566666666666668       -9.199916963613193
0.16573333333333334       -9.20382654756149
0.1658                    -9.205896305941812
0.16586666666666666       -9.206587559035995
0.16593333333333335       -9.206722678691206
0.166                     -9.207319460275642
0.16606666666666667       -9.209377029657075
0.16613333333333336       -9.213658587349443
0.16620000000000001       -9.220516695990696
0.16626666666666667       -9.229798366643854
0.16633333333333333       -9.240852367423694
0.16640000000000002       -9.252642374580356
0.16646666666666668       -9.263948961444552
0.16653333333333334       -9.273623669809284
0.1666                    -9.280843557384701
0.16666666666666669       -9.285309575698902
0.16673333333333334       -9.287340612410635
0.1668                    -9.287836845359518
0.16686666666666666       -9.288115914220787
0.16693333333333335       -9.289654635534745
0.167                     -9.29378938370052
0.16706666666666667       -9.301435641515267
0.16713333333333333       -9.312882197442905
0.16720000000000002       -9.327701478421208
0.16726666666666667       -9.344798016215508
0.16733333333333333       -9.362594021704982
0.16740000000000002       -9.379325678286754
0.16746666666666668       -9.393398629914453
0.16753333333333334       -9.40373181266228
0.1676                    -9.410012981191917
0.16766666666666669       -9.412802969851494
0.16773333333333335       -9.413458311590011
0.1678                    -9.413884400249511
0.16786666666666666       -9.416170258173016
0.16793333333333335       -9.422179709099797
0.168                     -9.43317841692078
0.16806666666666667       -9.449565439206477
0.16813333333333333       -9.470758395370712
0.16820000000000002       -9.49525796569468
0.16826666666666668       -9.520891249767313
0.16833333333333333       -9.545203511442855
0.16840000000000002       -9.565935179566187
0.16846666666666668       -9.581492509421748
0.16853333333333334       -9.591308023095204
0.1686                    -9.596001738932854
0.1686666666666667        -9.597297647056381
0.16873333333333335       -9.597709407179206
0.1688                    -9.600063736860815
0.16886666666666666       -9.606961578850102
0.16893333333333335       -9.620280625534278
0.169                     -9.640805429580665
0.16906666666666667       -9.668045134729594
0.16913333333333333       -9.700271876345237
0.16920000000000002       -9.734785605951275
0.16926666666666668       -9.76837900273053
0.16933333333333334       -9.797936512243442
0.1694                    -9.821060224868503
0.16946666666666668       -9.836588458047636
0.16953333333333334       -9.84487989590496
0.1696                    -9.847785457873297
0.1696666666666667        -9.848308827640388
0.16973333333333335       -9.850034662524443
0.1698                    -9.856451615574072
0.16986666666666667       -9.870304362769618
0.16993333333333335       -9.893084850022545
0.17                      -9.924737500800571
0.17006666666666667       -9.963620682386722
0.17013333333333333       -10.006739509545346
0.17020000000000002       -10.0502351787747
0.17026666666666668       -10.090074341828139
0.17033333333333334       -10.122829000639289
0.1704                    -10.146389816036427
0.17046666666666668       -10.160442054819914
0.17053333333333334       -10.166575685530713
0.1706                    -10.16799418113181
0.1706666666666667        -10.168894312349037
0.17073333333333335       -10.17366614345857
0.1708                    -10.186083542389854
0.17086666666666667       -10.2086284924146
0.17093333333333335       -10.242045071260385
0.171                     -10.285176350815398
0.17106666666666667       -10.335108049312758
0.17113333333333333       -10.38761785793984
0.17120000000000002       -10.43789301313282
0.17126666666666668       -10.481421827449926
0.17133333333333334       -10.514898100028036
0.1714                    -10.536933253359127
0.17146666666666668       -10.548387894280499
0.17153333333333334       -10.552225547333467
0.1716                    -10.552925359123261
0.17166666666666666       -10.555607263320706
0.17173333333333335       -10.565074466814487
0.1718                    -10.584958933166138
0.17186666666666667       -10.617097454111999
0.17193333333333335       -10.661207615874686
0.17200000000000001       -10.7148948916179
0.17206666666666667       -10.773999986168336
0.17213333333333333       -10.833269505777896
0.17220000000000002       -10.887283418846058
0.17226666666666668       -10.9314977285321
0.17233333333333334       -10.9631874143854
0.1724                    -10.98205157469258
0.17246666666666668       -10.990307487020692
0.17253333333333334       -10.992242476759
0.1726                    -10.99334906879937
0.17266666666666666       -10.999266644911692
0.17273333333333335       -11.01476021281204
0.1728                    -11.042907894631016
0.17286666666666667       -11.084593232403124
0.17293333333333333       -11.138343710934183
0.17300000000000001       -11.200530043364989
0.17306666666666667       -11.265923534073893
0.17313333333333333       -11.328574154405844
0.17320000000000002       -11.382903649869284
0.17326666666666668       -11.424818725332235
0.17333333333333334       -11.452585432901344
0.1734                    -11.467224031137551
0.17346666666666669       -11.472304730258362
0.17353333333333334       -11.473203585803049
0.1736                    -11.476027035166481
0.17366666666666666       -11.486467965663216
0.17373333333333335       -11.508815524093944
0.1738                    -11.545255495809396
0.17386666666666667       -11.595522401312783
0.17393333333333333       -11.656923133607645
0.17400000000000002       -11.724735685028474
0.17406666666666668       -11.792966691717497
0.17413333333333333       -11.855400790542333
0.17420000000000002       -11.906788105272055
0.17426666666666668       -11.94392555786032
0.17433333333333334       -11.966354301567051
0.1744                    -11.976469167251931
0.1744666666666667        -11.979005602838214
0.17453333333333335       -11.980056381164703
0.1746                    -11.985882626277952
0.17466666666666666       -12.001784353159728
0.17473333333333335       -12.0312180727414
0.1748                    -12.075256483815036
0.17486666666666667       -12.132422701160284
0.17493333333333333       -12.198905536027087
0.17500000000000002       -12.269150150024547
0.17506666666666668       -12.336787479604132
0.17513333333333334       -12.395796053187924
0.1752                    -12.441693240152926
0.17526666666666668       -12.47248001607096
0.17533333333333334       -12.48907821199068
0.1754                    -12.495127987779465
0.1754666666666667        -12.496207632409288
0.17553333333333335       -12.498700728107524
0.1756                    -12.508593959966017
0.17566666666666667       -12.530442115214804
0.17573333333333335       -12.566641551778678
0.1758                    -12.61707012259797
0.17586666666666667       -12.679107330575974
0.17593333333333333       -12.748033346116623
0.17600000000000002       -12.817788925810124
0.17606666666666668       -12.882030877645906
0.17613333333333334       -12.935332695696228
0.1762                    -12.974288083579033
0.17626666666666668       -12.998237729111757
0.17633333333333334       -13.009409028676524
0.1764                    -13.012426667189889
0.1764666666666667        -13.013341494242054
0.17653333333333335       -13.018442291271526
0.1766                    -13.033119307965567
0.17666666666666667       -13.060971284293776
0.17673333333333335       -13.103252981376894
0.1768                    -13.158694701962144
0.17686666666666667       -13.223697403707519
0.17693333333333333       -13.292895224336156
0.17700000000000002       -13.360049747153733
0.17706666666666668       -13.419176390677531
0.17713333333333334       -13.465712170160543
0.1772                    -13.497461763589115
0.17726666666666668       -13.515066638097801
0.17733333333333334       -13.521858480479352
0.1774                    -13.52314249473286
0.17746666666666666       -13.525117696928408
0.17753333333333335       -13.53370658773654
0.1776                    -13.553529149612753
0.17766666666666667       -13.587166508001376
0.17773333333333335       -13.634776650110172
0.1778                    -13.694077686047688
0.17786666666666667       -13.76069694783027
0.17793333333333333       -13.828869295793547
0.17800000000000002       -13.892426983363093
0.17806666666666668       -13.945947027345248
0.17813333333333334       -13.985834804731363
0.1782                    -14.011079336564041
0.17826666666666668       -14.023467944007209
0.17833333333333334       -14.027196711105521
0.1784                    -14.027993467035497
0.17846666666666666       -14.031993316852027
0.17853333333333335       -14.044626294589985
0.1786                    -14.069712940376055
0.17866666666666667       -14.108874092862958
0.17873333333333336       -14.161293721722155
0.17880000000000001       -14.223841989365694
0.17886666666666667       -14.291553602980851
0.17893333333333333       -14.35843467083034
0.17900000000000002       -14.418517179430339
0.17906666666666668       -14.466996328863432
0.17913333333333334       -14.501209284227933
0.1792                    -14.521201950799103
0.17926666666666669       -14.529719924156154
0.17933333333333334       -14.531626810888802
0.1794                    -14.532918508057978
0.17946666666666666       -14.539587808204061
0.17953333333333335       -14.556578293430231
0.1796                    -14.586988256448004
0.17966666666666667       -14.631601815988137
0.17973333333333333       -14.688771513111853
0.17980000000000002       -14.754656178180234
0.17986666666666667       -14.82380704372238
0.17993333333333333       -14.890064895072337
0.18000000000000002       -14.947665139420195
0.18006666666666668       -14.992359172640366
0.18013333333333334       -15.02229606869436
0.1802                    -15.03842551330079
0.1802666666666667        -15.044302523438336
0.18033333333333335       -15.045352130425083
0.1804                    -15.04780080037855
0.18046666666666666       -15.057535414849124
0.18053333333333335       -15.079109373844819
0.1806                    -15.115028993024389
0.18066666666666667       -15.165376807977868
0.18073333333333333       -15.227787696158138
0.18080000000000002       -15.29778142582148
0.18086666666666668       -15.369443996726096
0.18093333333333333       -15.43641118790013
0.18100000000000002       -15.49303006976709
0.18106666666666668       -15.535480638849307
0.18113333333333334       -15.56258588326301
0.1812                    -15.576081151763233
0.1812666666666667        -15.580260245040137
0.18133333333333335       -15.581103178714857
0.1814                    -15.585125534934885
0.18146666666666667       -15.59821722707123
0.18153333333333335       -15.624676070270912
0.1816                    -15.666548554233898
0.18166666666666667       -15.723319518615082
0.18173333333333333       -15.79196198877096
0.18180000000000002       -15.867353114558092
0.18186666666666668       -15.943050036618471
0.18193333333333334       -16.012371067541714
0.182                     -16.06963610239812
0.18206666666666668       -16.111318130368836
0.18213333333333334       -16.136811326700155
0.1822                    -16.14858872411532
0.1822666666666667        -16.15169831749634
0.18233333333333335       -16.152748169006756
0.1824                    -16.158656473103225
0.18246666666666667       -16.175446516399617
0.18253333333333335       -16.20728290461523
0.1826                    -16.255844526385225
0.18266666666666667       -16.320063541740193
0.18273333333333333       -16.396239007870175
0.18280000000000002       -16.478535722216556
0.18286666666666668       -16.559865852628633
0.18293333333333334       -16.633091153104218
0.183                     -16.692374036427758
0.18306666666666668       -16.73439042412984
0.18313333333333334       -16.759076564315784
0.1832                    -16.769678241715162
0.1832666666666667        -16.772083425076744
0.18333333333333335       -16.77364140974546
0.1834                    -16.781788635117564
0.18346666666666667       -16.8027786915359
0.18353333333333335       -16.840705782495352
0.1836                    -16.896900072650695
0.18366666666666667       -16.969711674339017
0.18373333333333333       -17.054690353240094
0.18380000000000002       -17.145178406798387
0.18386666666666668       -17.233319637440626
0.18393333333333334       -17.3114126238334
0.184                     -17.37340306053262
0.18406666666666668       -17.416177062471064
0.18413333333333334       -17.440284633050386
0.1842                    -17.449857058467884
0.18426666666666666       -17.451741914311572
0.18433333333333335       -17.454125177498888
0.1844                    -17.465013744232966
0.18446666666666667       -17.490894373636582
0.18453333333333335       -17.535747298865903
0.18460000000000001       -17.60047188313141
0.18466666666666667       -17.682727169193985
0.18473333333333333       -17.777194147794347
0.18480000000000002       -17.876285905669672
0.18486666666666668       -17.971312925469118
0.18493333333333334       -18.05401512681019
0.185                     -18.118209026387404
0.18506666666666668       -18.161148483093587
0.18513333333333334       -18.18418359536637
0.1852                    -18.192491089383008
0.18526666666666666       -18.193965267162696
0.18533333333333335       -18.197621967400956
0.1854                    -18.211943615011283
0.18546666666666667       -18.24349028900397
0.18553333333333336       -18.295932872451754
0.18560000000000001       -18.369538681359558
0.18566666666666667       -18.46109853350075
0.18573333333333333       -18.564304259731074
0.18580000000000002       -18.670611204895348
0.18586666666666668       -18.770589642599894
0.18593333333333334       -18.855644121743502
0.186                     -18.919785378067036
0.18606666666666669       -18.96098535614232
0.18613333333333335       -18.98167492478137
0.1862                    -18.98820496337358
0.18626666666666666       -18.989457878603332
0.18633333333333335       -18.995051997946977
0.1864                    -19.013603891669398
0.18646666666666667       -19.051357400301768
0.18653333333333333       -19.111297199146275
0.18660000000000002       -19.192747498290096
0.18666666666666668       -19.29143558191718
0.18673333333333333       -19.400034041804883
0.18680000000000002       -19.50921702296535
0.18686666666666668       -19.60920991652528
0.18693333333333334       -19.691651555545537
0.187                     -19.751376250102947
0.1870666666666667        -19.787600659114833
0.18713333333333335       -19.80410900137597
0.1872                    -19.80836756237829
0.18726666666666666       -19.809878804726903
0.18733333333333335       -19.818283157811628
0.1874                    -19.84166233709717
0.18746666666666667       -19.885299281927345
0.18753333333333333       -19.950962440257968
0.18760000000000002       -20.03669201490699
0.18766666666666668       -20.13706768657341
0.18773333333333334       -20.243972741109914
0.18780000000000002       -20.34786638380556
0.18786666666666668       -20.43948044097258
0.18793333333333334       -20.511671339389363
0.188                     -20.560974765114864
0.1880666666666667        -20.58837960803265
0.18813333333333335       -20.599050408931436
0.1882                    -20.601099201062667
0.18826666666666667       -20.60382004830008
0.18833333333333335       -20.61588575361979
0.1884                    -20.643878757463217
0.18846666666666667       -20.691326329070662
0.18853333333333333       -20.758262267835526
0.18860000000000002       -20.84128552820642
0.18866666666666668       -20.934097671189495
0.18873333333333334       -21.028511583344898
0.1888                    -21.115875119976426
0.18886666666666668       -21.18872531537005
0.18893333333333334       -21.242329351525516
0.189                     -21.275688860604145
0.1890666666666667        -21.291687007951495
0.18913333333333335       -21.296333395868395
0.1892                    -21.29736542205901
0.18926666666666667       -21.30262808265117
0.18933333333333335       -21.318621866010467
0.1894                    -21.349456988684796
0.18946666666666667       -21.3962984490083
0.18953333333333333       -21.457297418223504
0.18960000000000002       -21.527977940519513
0.18966666666666668       -21.60204057095944
0.18973333333333334       -21.67250977846137
0.1898                    -21.73306968357691
0.18986666666666668       -21.779329620319462
0.18993333333333334       -21.809706466573793
0.19                      -21.82567311295026
0.1900666666666667        -21.831305522007046
0.19013333333333335       -21.832281466094713
0.1902                    -21.8346294001188
0.19026666666666667       -21.843539852162344
0.19033333333333335       -21.86246469616262
0.1904                    -21.892614859918233
0.19046666666666667       -21.932879454058046
0.19053333333333333       -21.980140299636787
0.19060000000000002       -22.029925010507935
0.19066666666666668       -22.077303439653452
0.19073333333333334       -22.117878150827327
0.1908                    -22.148669202685678
0.19086666666666668       -22.16868555049762
0.19093333333333334       -22.1790390745606
0.191                     -22.182582648448705
0.19106666666666666       -22.183189095568558
0.19113333333333335       -22.184873629153202
0.1912                    -22.190971369739678
0.19126666666666667       -22.203530523415388
0.19133333333333336       -22.223008775128548
0.19140000000000001       -22.248295009130807
0.19146666666666667       -22.27702895343747
0.19153333333333333       -22.30615118933312
0.19160000000000002       -22.332578235204803
0.19166666666666668       -22.35386600935438
0.19173333333333334       -22.36871544702346
0.1918                    -22.37720270018643
0.19186666666666669       -22.380684566112397
0.19193333333333334       -22.381416806172286
0.192                     -22.381995753437295
0.19206666666666666       -22.384766834768595
0.19213333333333335       -22.39133344420597
0.1922                    -22.402260346048543
0.19226666666666667       -22.417016358873504
0.19233333333333336       -22.434153582857608
0.19240000000000002       -22.4516783892696
0.19246666666666667       -22.46753339510084
0.19253333333333333       -22.480083915440257
0.19260000000000002       -22.488496143993338
0.19266666666666668       -22.492916209099345
0.19273333333333334       -22.49440872049766
0.1928                    -22.494676618834106
0.1928666666666667        -22.495639467858762
0.19293333333333335       -22.49897714871345
0.193                     -22.505745166558242
0.19306666666666666       -22.51614334796518
0.19313333333333335       -22.529482906897154
0.1932                    -22.54435630931786
0.19326666666666667       -22.558974332258153
0.19333333333333333       -22.571598449076543
0.19340000000000002       -22.580970528812276
0.19346666666666668       -22.58663546288664
0.19353333333333333       -22.589073405692144
0.19360000000000002       -22.589605226629082
0.19366666666666668       -22.59009386979607
0.19373333333333334       -22.592515629767746
0.1938                    -22.598503224307073
0.1938666666666667        -22.608962908207797
0.19393333333333335       -22.623847043436193
0.194                     -22.64213108056198
0.19406666666666667       -22.662006224257276
0.19413333333333335       -22.681258409514772
0.1942                    -22.697762838446348
0.19426666666666667       -22.70998850557082
0.19433333333333333       -22.7173919334621
0.19440000000000002       -22.72059619582183
0.19446666666666668       -22.721301819133632
0.19453333333333334       -22.721945648049342
0.19460000000000002       -22.725187300974305
0.19466666666666668       -22.733339446830755
0.19473333333333334       -22.74786177349677
0.1948                    -22.769017601565878
0.1948666666666667        -22.795759723288405
0.19493333333333335       -22.82587610913415
0.195                     -22.85638638902948
0.19506666666666667       -22.884133189138915
0.19513333333333335       -22.906461174277595
0.1952                    -22.92183576819246
0.19526666666666667       -22.93024598264617
0.19533333333333333       -22.933277781712917
0.19540000000000002       -22.93382908684064
0.19546666666666668       -22.93553331002453
0.19553333333333334       -22.942027150208418
0.1956                    -22.9562197700454
0.19566666666666668       -22.979700596108316
0.19573333333333334       -23.012383882641913
0.1958                    -23.05244894864964
0.1958666666666667        -23.096600198067744
0.19593333333333335       -23.140631842385076
0.196                     -23.180227669963305
0.19606666666666667       -23.211857927443013
0.19613333333333335       -23.233576917675837
0.1962                    -23.245514225592494
0.19626666666666667       -23.249915624048015
0.19633333333333333       -23.250713474827684
0.19640000000000002       -23.252738303850883
0.19646666666666668       -23.260765573530318
0.19653333333333334       -23.278600898543345
0.1966                    -23.30836249891523
0.19666666666666668       -23.3500603820304
0.19673333333333334       -23.401525504244063
0.1968                    -23.458711633577778
0.1968666666666667        -23.516359999779368
0.19693333333333335       -23.568960441573957
0.197                     -23.611858171698547
0.19706666666666667       -23.642270559708543
0.19713333333333335       -23.65994802303549
0.19720000000000001       -23.667281941978047
0.19726666666666667       -23.668820737076143
0.19733333333333333       -23.670331541128164
0.19740000000000002       -23.677654875368866
0.19746666666666668       -23.695607335465066
0.19753333333333334       -23.727120886266082
0.1976                    -23.772724323002066
0.19766666666666668       -23.830413982657564
0.19773333333333334       -23.895932009063387
0.1978                    -23.963447640746516
0.19786666666666666       -24.02658832111274
0.19793333333333335       -24.07967833345696
0.198                     -24.118937308546098
0.19806666666666667       -24.143332626479786
0.19813333333333336       -24.154832890658398
0.19820000000000002       -24.157980345395266
0.19826666666666667       -24.158912363168827
0.19833333333333333       -24.164108272536748
0.19840000000000002       -24.17916039897504
0.19846666666666668       -24.207792750528796
0.19853333333333334       -24.251247388971787
0.1986                    -24.308083012157837
0.19866666666666669       -24.374395334714954
0.19873333333333335       -24.444450879684823
0.1988                    -24.51168837798725
0.19886666666666666       -24.569962753443214
0.19893333333333335       -24.614800878515904
0.199                     -24.64436453885702
0.19906666666666667       -24.659845049966734
0.19913333333333336       -24.66516793310735
0.19920000000000002       -24.66610226773255
0.19926666666666668       -24.669037549349582
0.19933333333333333       -24.679737570827648
0.19940000000000002       -24.70231684817773
0.19946666666666668       -24.738577719995803
0.19953333333333334       -24.787758180431272
0.1996                    -24.846693448083204
0.1996666666666667        -24.910371285407514
0.19973333333333335       -24.972829446354353
0.1998                    -25.028280776780647
0.19986666666666666       -25.0722659038685
0.19993333333333335       -25.102570226673564
0.2                       -25.119659354145053
0.20006666666666667       -25.126509037456756
0.20013333333333333       -25.127888335312747
0.20020000000000002       -25.129309689500804
0.20026666666666668       -25.13591845990213
0.20033333333333334       -25.15155442536492
0.2004                    -25.17812811171222
0.20046666666666668       -25.215369790905946
0.20053333333333334       -25.26095349679084
0.2006                    -25.310965222221885
0.20066666666666666       -25.360651751416896
0.20073333333333335       -25.405339093324052
0.2008                    -25.44135371124832
0.20086666666666667       -25.46674552172236
0.20093333333333332       -25.48163463348169
0.201                     -25.488095714617096
0.20106666666666667       -25.489624348955132
0.20113333333333333       -25.490341479298873
0.2012                    -25.494139876886447
0.20126666666666668       -25.503955285201197
0.20133333333333334       -25.521283211512532
0.2014                    -25.545995495685837
0.20146666666666668       -25.576458216403417
0.20153333333333334       -25.609914232817566
0.2016                    -25.643060512058007
0.20166666666666666       -25.67271710238744
0.20173333333333335       -25.696457676572212
0.2018                    -25.713067207394293
0.20186666666666667       -25.722724790254567
0.20193333333333333       -25.726877198021953
0.202                     -25.72784952358818
0.20206666666666667       -25.72830240995778
0.20213333333333333       -25.730669819968895
0.2022                    -25.736696347864573
0.20226666666666668       -25.747153815713943
0.20233333333333334       -25.76177132142611
0.2024                    -25.779372096870002
0.20246666666666668       -25.798177346907423
0.20253333333333334       -25.816211075861478
0.2026                    -25.83172212376973
0.20266666666666666       -25.84353526876874
0.20273333333333335       -25.85125788542355
0.2028                    -25.855302766635496
0.20286666666666667       -25.856733266553192
0.20293333333333333       -25.856979638874385
0.203                     -25.85750189107474
0.20306666666666667       -25.8594786073415
0.20313333333333333       -25.863585846919385
0.2032                    -25.869903473085245
0.20326666666666668       -25.877956397157877
0.20333333333333334       -25.886870925986084
0.2034                    -25.895604989861898
0.20346666666666668       -25.90319799443567
0.20353333333333334       -25.908983855932778
0.2036                    -25.912720961619534
0.20366666666666666       -25.91461404641982
0.20373333333333335       -25.91523020161988
0.2038                    -25.915336799451456
0.20386666666666667       -25.915705880402303
0.20393333333333333       -25.916933722187157
0.20400000000000001       -25.919316408123972
0.20406666666666667       -25.92280587899686
0.20413333333333333       -25.92705091958388
0.2042                    -25.93150816144094
0.20426666666666668       -25.935593034509736
0.20433333333333334       -25.938832483507742
0.2044                    -25.940982030149296
0.20446666666666666       -25.942079576804957
0.20453333333333334       -25.942425015058717
0.2046                    -25.942493832712522
0.20466666666666666       -25.94280924126126
0.20473333333333335       -25.943806616716124
0.2048                    -25.945724389152865
0.20486666666666667       -25.94854764859867
0.20493333333333333       -25.952017182034325
0.20500000000000002       -25.955700720499518
0.20506666666666667       -25.959108246059124
0.20513333333333333       -25.96182243954186
0.2052                    -25.963611321394595
0.20526666666666668       -25.964494214503887
0.20533333333333334       -25.96474373708587
0.2054                    -25.964822776053428
0.20546666666666666       -25.965271905716754
0.20553333333333335       -25.966575048618942
0.2056                    -25.969036324683792
0.20566666666666666       -25.97269820366784
0.20573333333333332       -25.977321430030635
0.2058                    -25.98243308507434
0.20586666666666667       -25.987433463801434
0.20593333333333333       -25.991738270617446
0.20600000000000002       -25.99492312744552
0.20606666666666668       -25.996835247857717
0.20613333333333334       -25.997643680303838
0.2062                    -25.997813743657776
0.20626666666666668       -25.998009643689585
0.20633333333333334       -25.99894677750911
0.2064                    -26.001227276490198
0.20646666666666666       -26.00519622675103
0.20653333333333335       -26.010851500244847
0.2066                    -26.017828822287626
0.20666666666666667       -26.025468036367506
0.20673333333333332       -26.032949209430964
0.2068                    -26.039471220959474
0.20686666666666667       -26.044434161661076
0.20693333333333333       -26.047583559909754
0.20700000000000002       -26.049081212929078
0.20706666666666668       -26.049483569101348
0.20713333333333334       -26.049630296802707
0.2072                    -26.0504668946648
0.20726666666666668       -26.052840215389796
0.20733333333333334       -26.057311269423373
0.2074                    -26.06402543191897
0.20746666666666666       -26.072668214325006
0.20753333333333335       -26.08251787319496
0.2076                    -26.092586996119937
0.20766666666666667       -26.10182651147831
0.20773333333333333       -26.109350576920644
0.2078                    -26.11463338931211
0.20786666666666667       -26.11763245936706
0.20793333333333333       -26.118808113274884
0.20800000000000002       -26.119032783808485
0.20806666666666668       -26.119409497390397
0.20813333333333334       -26.12103950060009
0.2082                    -26.124789119211975
0.20826666666666668       -26.13110450557281
0.20833333333333334       -26.139911963873914
0.2084                    -26.150624430588415
0.20846666666666666       -26.162254527600204
0.20853333333333335       -26.173613924803
0.2086                    -26.1835602980854
0.20866666666666667       -26.19124066156672
0.20873333333333333       -26.196277478155075
0.2088                    -26.198854412974576
0.20886666666666667       -26.199680811331167
0.20893333333333333       -26.199842353156797
0.209                     -26.20057161742169
0.20906666666666668       -26.202989195326573
0.20913333333333334       -26.20787013086251
0.2092                    -26.215482837537365
0.20926666666666666       -26.225531830062458
0.20933333333333334       -26.237215468926145
0.2094                    -26.249388372224985
0.20946666666666666       -26.26079762205981
0.20953333333333335       -26.270345418791287
0.2096                    -26.27732248309098
0.20966666666666667       -26.281560150493366
0.20973333333333333       -26.28346598972739
0.20980000000000001       -26.28393458605788
0.20986666666666667       -26.28415441215189
0.20993333333333333       -26.28535490509083
0.21                      -26.28854908551083
0.21006666666666668       -26.29432507606843
0.21013333333333334       -26.302727404946427
0.2102                    -26.313250229857253
0.21026666666666666       -26.324943258603554
0.21033333333333334       -26.336609836649288
0.2104                    -26.34705796766694
0.21046666666666666       -26.35535233092463
0.21053333333333335       -26.36101265154499
0.2106                    -26.364113802600254
0.21066666666666667       -26.365264907317023
0.21073333333333333       -26.365473079057217
0.21080000000000002       -26.36592408531071
0.21086666666666667       -26.367729684740652
0.21093333333333333       -26.3716960055537
0.211                     -26.37815993982688
0.21106666666666668       -26.386924768102133
0.21113333333333334       -26.397306201951917
0.2112                    -26.408278960294513
0.21126666666666666       -26.418694427726145
0.21133333333333335       -26.427524722960946
0.2114                    -26.434081170708247
0.21146666666666666       -26.438158948528468
0.21153333333333335       -26.440075430174247
0.2116                    -26.440594346632835
0.21166666666666667       -26.44075463380817
0.21173333333333333       -26.441644068234893
0.21180000000000002       -26.44416815024194
0.21186666666666668       -26.448862925571596
0.21193333333333333       -26.45578884589273
0.212                     -26.464525206117152
0.21206666666666668       -26.474264765594917
0.21213333333333334       -26.48398869681559
0.2122                    -26.492685644329693
0.21226666666666666       -26.499568473045173
0.21233333333333335       -26.50424137161353
0.2124                    -26.506780080449637
0.21246666666666666       -26.507707764449606
0.21253333333333335       -26.507873535861638
0.2126                    -26.508262970620613
0.21266666666666667       -26.50978412942539
0.21273333333333333       -26.51307573657947
0.21280000000000002       -26.518377030829967
0.21286666666666668       -26.525484424827702
0.21293333333333334       -26.533802057222815
0.213                     -26.54247467432988
0.21306666666666668       -26.550574704580207
0.21313333333333334       -26.55730365407276
0.2132                    -26.562163928272913
0.21326666666666666       -26.56506289903856
0.21333333333333335       -26.566326208375905
0.2134                    -26.566618534052786
0.21346666666666667       -26.566791595915625
0.21353333333333332       -26.567695154548453
0.2136                    -26.56999339428101
0.21366666666666667       -26.57402583229933
0.21373333333333333       -26.579740788260487
0.2138                    -26.58671364797842
0.21386666666666668       -26.59424477482765
0.21393333333333334       -26.601515712502255
0.214                     -26.60776993690501
0.21406666666666668       -26.612478520088718
0.21413333333333334       -26.615453737798692
0.2142                    -26.61688519512106
0.21426666666666666       -26.61729112491274
0.21433333333333335       -26.61739744088112
0.2144                    -26.617973478629786
0.21446666666666667       -26.619662057966718
0.21453333333333333       -26.62284112402128
0.2146                    -26.627545911130134
0.21466666666666667       -26.633466938079152
0.21473333333333333       -26.6400231403125
0.2148                    -26.646493839451068
0.21486666666666668       -26.65218067255994
0.21493333333333334       -26.65656362407396
0.215                     -26.65941600052145
0.21506666666666668       -26.660852193921343
0.21513333333333334       -26.661297723624866
0.2152                    -26.6613894044714
0.21526666666666666       -26.661829621254537
0.21533333333333335       -26.66322847640064
0.2154                    -26.6659690964098
0.21546666666666667       -26.67012512179842
0.21553333333333333       -26.67544748115542
0.2156                    -26.68142267744414
0.21566666666666667       -26.687389703550608
0.21573333333333333       -26.692689980727668
0.2158                    -26.696816949296274
0.21586666666666668       -26.699531286991245
0.21593333333333334       -26.700915068546223
0.216                     -26.701352278023137
0.21606666666666668       -26.70144049877084
0.21613333333333334       -26.70185468937531
0.2162                    -26.70319455136503
0.21626666666666666       -26.705849852766995
0.21633333333333335       -26.70991323912867
0.2164                    -26.715159291047883
0.21646666666666667       -26.721094378808704
0.21653333333333333       -26.727066847902464
0.21660000000000001       -26.732413865646766
0.21666666666666667       -26.736612509639635
0.21673333333333333       -26.739400723734427
0.2168                    -26.740839820313443
0.21686666666666668       -26.74130343902892
0.21693333333333334       -26.741395147709884
0.217                     -26.741813607209348
0.21706666666666669       -26.743196043923916
0.21713333333333334       -26.745975047038293
0.2172                    -26.750280110774543
0.21726666666666666       -26.755905377171118
0.21733333333333332       -26.762351075949965
0.2174                    -26.768930762190028
0.21746666666666667       -26.774922215203908
0.21753333333333333       -26.779729510965815
0.21760000000000002       -26.78301995574472
0.21766666666666667       -26.78480400594713
0.21773333333333333       -26.785438749137395
0.2178                    -26.7855532074317
0.21786666666666668       -26.7859119867072
0.21793333333333334       -26.787247774345424
0.218                     -26.79009961432427
0.2180666666666667        -26.794691947150753
0.21813333333333335       -26.80088037323937
0.2182                    -26.808176318615992
0.21826666666666666       -26.81584678879596
0.21833333333333332       -26.823069714777716
0.2184                    -26.829112748197417
0.21846666666666667       -26.833496677581458
0.21853333333333333       -26.836106345844538
0.21860000000000002       -26.837222732947307
0.21866666666666668       -26.837467674246366
0.21873333333333334       -26.8376729353043
0.2188                    -26.838702551169877
0.21886666666666668       -26.841267169119035
0.21893333333333334       -26.845769925989146
0.219                     -26.8522160316857
0.21906666666666666       -26.860205070971716
0.21913333333333335       -26.86900872220567
0.2192                    -26.877719597630634
0.21926666666666667       -26.88544178735071
0.21933333333333332       -26.891483397668242
0.2194                    -26.895508939440226
0.21946666666666667       -26.897616716101496
0.21953333333333333       -26.89832265509713
0.21960000000000002       -26.898453463824374
0.21966666666666668       -26.89897271042173
0.21973333333333334       -26.900777885841137
0.2198                    -26.904511580381744
0.21986666666666668       -26.910425582057066
0.21993333333333334       -26.91832515369105
0.22                      -26.927604858528596
0.22006666666666666       -26.937369711961836
0.22013333333333335       -26.946618515073112
0.2202                    -26.95445262782782
0.22026666666666667       -26.960266285822453
0.22033333333333333       -26.96387665260033
0.2204                    -26.965564040800597
0.22046666666666667       -26.966012868173376
0.22053333333333333       -26.9661666862296
0.22060000000000002       -26.967029701965387
0.22066666666666668       -26.96945778890621
0.22073333333333334       -26.97398239101744
0.2208                    -26.980702312161885
0.22086666666666668       -26.98926407709555
0.22093333333333334       -26.998934356022172
0.221                     -27.008750370786558
0.22106666666666666       -27.017718596208983
0.22113333333333335       -27.02502116613102
0.2212                    -27.030186163903977
0.22126666666666667       -27.0331844920671
0.22133333333333333       -27.034431887853575
0.2214                    -27.03469627697837
0.22146666666666667       -27.03493215272207
0.22153333333333333       -27.036079182574234
0.22160000000000002       -27.038868276565875
0.22166666666666668       -27.043674647024925
0.22173333333333334       -27.05044617304832
0.2218                    -27.058719791183968
0.22186666666666666       -27.067721545929487
0.22193333333333334       -27.076529761687734
0.222                     -27.084267921165818
0.22206666666666666       -27.090286875226383
0.22213333333333335       -27.0942973114105
0.2222                    -27.09642380288805
0.22226666666666667       -27.09716943336451
0.22233333333333333       -27.09730050006021
0.22240000000000001       -27.097678544869833
0.22246666666666667       -27.09907741911954
0.22253333333333333       -27.102024357935733
0.22260000000000002       -27.10669700731687
0.22266666666666668       -27.112895592013622
0.22273333333333334       -27.12009390862951
0.2228                    -27.12755723068969
0.22286666666666666       -27.134501879918513
0.22293333333333334       -27.1402624738697
0.223                     -27.14443085407758
0.22306666666666666       -27.146936640708887
0.22313333333333335       -27.148052538319824
0.2232                    -27.148324912639794
0.22326666666666667       -27.148447196243083
0.22333333333333333       -27.149105890716108
0.22340000000000002       -27.150833572093802
0.22346666666666667       -27.15390004675165
0.22353333333333333       -27.158263283750614
0.2236                    -27.16358854265112
0.22366666666666668       -27.169329886844903
0.22373333333333334       -27.17485546128223
0.2238                    -27.17958877042774
0.22386666666666666       -27.183134694408047
0.22393333333333335       -27.185362340565344
0.224                     -27.186426765858187
0.22406666666666666       -27.186725950074944
0.22413333333333335       -27.186804494739487
0.2242                    -27.187227429547537
0.22426666666666667       -27.188453386902076
0.22433333333333333       -27.190735324935275
0.22440000000000002       -27.19406983847786
0.22446666666666668       -27.19820492988525
0.22453333333333333       -27.20270334624518
0.2246                    -27.2070466335189
0.22466666666666668       -27.210756164415628
0.22473333333333334       -27.21350350193505
0.2248                    -27.215184756754965
0.22486666666666666       -27.21594193966686
0.22493333333333335       -27.216126881273762
0.225                     -27.2162169182197
0.22506666666666666       -27.216702694523992
0.22513333333333335       -27.217974394762955
0.2252                    -27.220232411817822
0.22526666666666667       -27.223442396780136
0.22533333333333333       -27.22734451513816
0.22540000000000002       -27.231514734429222
0.22546666666666668       -27.23546441988137
0.22553333333333334       -27.238755697999313
0.2256                    -27.241105980421946
0.22566666666666668       -27.242457009544346
0.22573333333333334       -27.242991750984817
0.2258                    -27.243094702526854
0.22586666666666666       -27.243264636035214
0.22593333333333335       -27.243999957440902
0.226                     -27.24568304520473
0.22606666666666667       -27.248489926704305
0.22613333333333335       -27.252345880934516
0.2262                    -27.256937533779777
0.22626666666666667       -27.26177980455507
0.22633333333333333       -27.266323948254456
0.2264                    -27.270083282402027
0.22646666666666668       -27.272748238774458
0.22653333333333334       -27.27426375330633
0.2266                    -27.27484995494658
0.22666666666666668       -27.2749600378223
0.22673333333333334       -27.275183882241937
0.2268                    -27.276118612277976
0.22686666666666666       -27.27823475294961
0.22693333333333335       -27.281767533469512
0.227                     -27.286657470393823
0.22706666666666667       -27.292554146779537
0.22713333333333335       -27.298884110986585
0.2272                    -27.304970281644163
0.22726666666666667       -27.31017857754736
0.22733333333333333       -27.314060239485663
0.2274                    -27.31645768584723
0.22746666666666668       -27.31754872153344
0.22753333333333334       -27.317817406162668
0.2276                    -27.317956637801903
0.22766666666666668       -27.318723112897786
0.22773333333333334       -27.32077582656114
0.2278                    -27.324532512744412
0.22786666666666666       -27.3300743610449
0.22793333333333335       -27.337119490359548
0.228                     -27.34507213619016
0.22806666666666667       -27.353139519070307
0.22813333333333333       -27.360494198287615
0.22820000000000001       -27.36644898346335
0.22826666666666667       -27.370606935074026
0.22833333333333333       -27.372952688169796
0.2284                    -27.37386340726453
0.22846666666666668       -27.374035589949358
0.22853333333333334       -27.37434300688513
0.2286                    -27.375656198553422
0.22866666666666668       -27.378661577132274
0.22873333333333334       -27.383717303872647
0.2288                    -27.390774972052153
0.22886666666666666       -27.399383062678506
0.22893333333333335       -27.408772566558092
0.229                     -27.41800927679238
0.22906666666666667       -27.42618336310406
0.22913333333333333       -27.432597684835027
0.22920000000000001       -27.436914671521343
0.22926666666666667       -27.439229141537595
0.22933333333333333       -27.440050294871547
0.2294                    -27.4401965509664
0.22946666666666668       -27.440626366523027
0.22953333333333334       -27.44224152405849
0.2296                    -27.445703831664645
0.22966666666666669       -27.45130182495651
0.22973333333333334       -27.45889305973112
0.2298                    -27.467932707124675
0.22986666666666666       -27.47758290088136
0.22993333333333332       -27.48688180107047
0.23                      -27.494938939142845
0.23006666666666667       -27.501116762782395
0.23013333333333333       -27.50515981923945
0.23020000000000002       -27.507243559224985
0.23026666666666668       -27.507932476218823
0.23033333333333333       -27.508057747120912
0.2304                    -27.508542139727318
0.23046666666666668       -27.510210248420144
0.23053333333333334       -27.5136233265618
0.2306                    -27.51897105297858
0.2306666666666667        -27.526040061700677
0.23073333333333335       -27.53426382623988
0.2308                    -27.542842976466673
0.23086666666666666       -27.55091149947439
0.23093333333333332       -27.557714773696773
0.231                     -27.56276227950506
0.23106666666666667       -27.565922669186694
0.23113333333333333       -27.56744139117817
0.23120000000000002       -27.567878548987043
0.23126666666666668       -27.567982588796088
0.23133333333333334       -27.568529005147845
0.2314                    -27.57015937531707
0.23146666666666668       -27.573254014588542
0.23153333333333334       -27.577862872160974
0.2316                    -27.58370651981619
0.2316666666666667        -27.590244870320994
0.23173333333333335       -27.596797937767583
0.2318                    -27.602692630841645
0.23186666666666667       -27.607404224828013
0.23193333333333332       -27.61066229357297
0.232                     -27.61249881738681
0.23206666666666667       -27.613229428130197
0.23213333333333333       -27.613374085483684
0.23220000000000002       -27.613536909457768
0.23226666666666668       -27.614273089617942
0.23233333333333334       -27.615972161516158
0.2324                    -27.618781862117253
0.23246666666666665       -27.622587026517742
0.23253333333333334       -27.62704592273871
0.2326                    -27.63167439081434
0.2326666666666667        -27.635958297187916
0.23273333333333335       -27.639469001384676
0.2328                    -27.64195612234063
0.23286666666666667       -27.6433972818344
0.23293333333333333       -27.643994679106076
0.233                     -27.644120888239403
0.23306666666666667       -27.644227966024467
0.23313333333333333       -27.644741884257126
0.23320000000000002       -27.645966734436016
0.23326666666666668       -27.648019945232882
0.23333333333333334       -27.650812072648318
0.2334                    -27.65407448693956
0.23346666666666666       -27.65742764388871
0.23353333333333334       -27.660473684032173
0.2336                    -27.662891690551415
0.2336666666666667        -27.66451335871006
0.23373333333333335       -27.66536144963404
0.2338                    -27.66564230568585
0.23386666666666667       -27.665694748079748
0.23393333333333333       -27.665908043945624
0.234                     -27.666628722293446
0.23406666666666667       -27.66807824636708
0.23413333333333333       -27.670300665501593
0.23420000000000002       -27.673152298152772
0.23426666666666668       -27.67633590635024
0.23433333333333334       -27.679471711548395
0.2344                    -27.682189035834508
0.23446666666666666       -27.684217220829282
0.23453333333333334       -27.685454147997653
0.2346                    -27.685995545922736
0.23466666666666666       -27.68611738365436
0.23473333333333335       -27.686214821535593
0.2348                    -27.686711577193076
0.23486666666666667       -27.687960575304018
0.23493333333333333       -27.690158822865282
0.23500000000000001       -27.693296346285805
0.23506666666666667       -27.697151629177515
0.23513333333333333       -27.701335897404373
0.23520000000000002       -27.705377771133094
0.23526666666666668       -27.708830369835816
0.23533333333333334       -27.711377015092022
0.2354                    -27.712910907680577
0.23546666666666666       -27.713569229291416
0.23553333333333334       -27.713712190616043
0.2356                    -27.713850246354163
0.23566666666666666       -27.71453479081817
0.23573333333333335       -27.716236120931672
0.2358                    -27.71923545339952
0.23586666666666667       -27.72355496955123
0.23593333333333333       -27.728942139609497
0.23600000000000002       -27.734913565215603
0.23606666666666667       -27.74085121659045
0.23613333333333333       -27.746132387942982
0.23620000000000002       -27.75026629603842
0.23626666666666668       -27.753007231984736
0.23633333333333334       -27.754417955376027
0.2364                    -27.75486735565305
0.23646666666666666       -27.754961046345578
0.23653333333333335       -27.755418771983216
0.2366                    -27.756924385314157
0.23666666666666666       -27.759979981526723
0.23673333333333335       -27.764794736081306
0.2368                    -27.771231927821404
0.23686666666666667       -27.778826286447785
0.23693333333333333       -27.786870175069623
0.237                     -27.79455326230928
0.23706666666666668       -27.801128552118897
0.23713333333333333       -27.806070503432107
0.23720000000000002       -27.8091908283169
0.23726666666666668       -27.810685458317195
0.23733333333333334       -27.811100900901327
0.2374                    -27.81122620613989
0.23746666666666666       -27.81193324780903
0.23753333333333335       -27.81399882454899
0.2376                    -27.817945095292927
0.23766666666666666       -27.823930318885502
0.23773333333333335       -27.831711580721475
0.2378                    -27.84068744912056
0.23786666666666667       -27.85001345144414
0.23793333333333333       -27.858768949955703
0.238                     -27.86614277261088
0.23806666666666668       -27.87159946703919
0.23813333333333334       -27.874990523926755
0.23820000000000002       -27.876585900495794
0.23826666666666668       -27.87701858542537
0.23833333333333334       -27.877154340200477
0.2384                    -27.87791490724296
0.23846666666666666       -27.880091943361936
0.23853333333333335       -27.884189329867745
0.2386                    -27.890324395453796
0.23866666666666667       -27.898206368818677
0.23873333333333335       -27.907195613408376
0.2388                    -27.916432083892314
0.23886666666666667       -27.92500802130654
0.23893333333333333       -27.932150434854105
0.239                     -27.93737579810774
0.23906666666666668       -27.940584301218614
0.23913333333333334       -27.94207374351947
0.2392                    -27.942470990066536
0.23926666666666668       -27.94259720001059
0.23933333333333334       -27.943296914643113
0.2394                    -27.94526737440217
0.23946666666666666       -27.948922485029804
0.23953333333333335       -27.954317210960244
0.2396                    -27.961145398423504
0.23966666666666667       -27.96880968364666
0.23973333333333335       -27.976548422140525
0.2398                    -27.983593499002083
0.23986666666666667       -27.98932647458741
0.23993333333333333       -27.9934005498528
0.24                      -27.995803019545775
0.24006666666666668       -27.99684608691742
0.24013333333333334       -27.997090032262374
0.2402                    -27.997217564841847
0.24026666666666668       -27.99788799064669
0.24033333333333334       -27.999602589672747
0.2404                    -28.002608446456314
0.24046666666666666       -28.0068586412329
0.24053333333333335       -28.012034576064814
0.2406                    -28.017623637447947
0.24066666666666667       -28.023034477893898
0.24073333333333335       -28.027724796088627
0.24080000000000001       -28.031314153087585
0.24086666666666667       -28.03365790327267
0.24093333333333333       -28.034867294721494
0.241                     -28.035273229482137
0.24106666666666668       -28.03534396619193
0.24113333333333334       -28.035576952413102
0.2412                    -28.036389704350686
0.24126666666666668       -28.03803350654981
0.24133333333333334       -28.04054750135114
0.2414                    -28.043761257566704
0.24146666666666666       -28.047343272474787
0.24153333333333332       -28.05088313801101
0.2416                    -28.053988121538733
0.24166666666666667       -28.056372105176628
0.24173333333333336       -28.057916933639767
0.24180000000000001       -28.05869292893227
0.24186666666666667       -28.05893512792505
0.24193333333333333       -28.05898225471307
0.242                     -28.059193915818167
0.24206666666666668       -28.059865988722525
0.24213333333333334       -28.061163825860017
0.2422                    -28.063088125491266
0.24226666666666669       -28.065480459047762
0.24233333333333335       -28.068066297848738
0.2424                    -28.07052486867823
0.24246666666666666       -28.072569062805517
0.24253333333333332       -28.07401630731022
0.2426                    -28.074833446995147
0.24266666666666667       -28.075144927537757
0.24273333333333336       -28.075202468904354
0.24280000000000002       -28.075323744705933
0.24286666666666668       -28.07581498141177
0.24293333333333333       -28.07689608868533
0.243                     -28.078646194957688
0.24306666666666668       -28.080982646114066
0.24313333333333334       -28.083678817116784
0.2432                    -28.08641715818649
0.2432666666666667        -28.08886561460851
0.24333333333333335       -28.09075973655756
0.2434                    -28.091970891251904
0.24346666666666666       -28.092543709965238
0.24353333333333332       -28.09269284320102
0.2436                    -28.09275867509954
0.24366666666666667       -28.09313147528538
0.24373333333333333       -28.094161077606007
0.24380000000000002       -28.09607277609111
0.24386666666666668       -28.0989090248994
0.24393333333333334       -28.10251111939914
0.244                     -28.106546516270512
0.24406666666666668       -28.11057749103917
0.24413333333333334       -28.114157359004803
0.2442                    -28.116933512707305
0.2442666666666667        -28.118733849349944
0.24433333333333335       -28.119615839722243
0.2444                    -28.11986532130412
0.24446666666666667       -28.11994339225017
0.24453333333333332       -28.120391744497574
0.2446                    -28.12171639892461
0.24466666666666667       -28.12427485687668
0.24473333333333333       -28.128191258225282
0.24480000000000002       -28.133318631096248
0.24486666666666668       -28.13925799187399
0.24493333333333334       -28.145432595750176
0.245                     -28.151203979833422
0.24506666666666668       -28.15600674350755
0.24513333333333334       -28.159473524416253
0.2452                    -28.161522178808077
0.2452666666666667        -28.16238436078922
0.24533333333333335       -28.162567259532516
0.2454                    -28.16275516962149
0.24546666666666667       -28.163670995341118
0.24553333333333333       -28.16592644642213
0.2456                    -28.16989189386879
0.24566666666666667       -28.175612735118936
0.24573333333333333       -28.18279001790366
0.24580000000000002       -28.190830826937766
0.24586666666666668       -28.198960454310008
0.24593333333333334       -28.206375679596
0.246                     -28.21240890733584
0.24606666666666666       -28.216668904527644
0.24613333333333334       -28.219127266115095
0.2462                    -28.220130621046337
0.2462666666666667        -28.22033474400266
0.24633333333333335       -28.22057403201271
0.2464                    -28.22169370124046
0.24646666666666667       -28.224379312779675
0.24653333333333333       -28.229017845759344
0.2466                    -28.235617522567438
0.24666666666666667       -28.243802022706973
0.24673333333333333       -28.252880787080148
0.24680000000000002       -28.261982796393028
0.24686666666666668       -28.270228520528768
0.24693333333333334       -28.276906012140156
0.247                     -28.281614769980784
0.24706666666666666       -28.284346593780064
0.24713333333333334       -28.28548577207338
0.2472                    -28.28572867888724
0.24726666666666666       -28.28594055624674
0.24733333333333335       -28.286980289106506
0.2474                    -28.289529455509257
0.24746666666666667       -28.293959469880615
0.24753333333333333       -28.30026183165853
0.24760000000000001       -28.308053786486887
0.24766666666666667       -28.316657459372728
0.24773333333333333       -28.32523675557406
0.24780000000000002       -28.33296501360359
0.24786666666666668       -28.339189667309036
0.24793333333333334       -28.343560003919308
0.248                     -28.346091412859135
0.24806666666666666       -28.347153249481195
0.24813333333333334       -28.34738437260419
0.2482                    -28.34755612087985
0.24826666666666666       -28.348412975989298
0.24833333333333335       -28.350524286217308
0.2484                    -28.35417633468306
0.24846666666666667       -28.359324536073828
0.24853333333333333       -28.3656130691012
0.24860000000000002       -28.37245611942688
0.24866666666666667       -28.379163139228947
0.24873333333333333       -28.38508198683131
0.24880000000000002       -28.38973021239111
0.24886666666666668       -28.39288728163426
0.24893333333333334       -28.394629136185884
0.249                     -28.395299447566767
0.24906666666666666       -28.39542605815324
0.24913333333333335       -28.39560279916809
0.2492                    -28.396363349041426
0.24926666666666666       -28.398073948881574
0.24933333333333335       -28.40086626619023
0.2494                    -28.404622278412003
0.24946666666666667       -28.409011921234537
0.24953333333333333       -28.413573516573862
0.24960000000000002       -28.417818521673755
0.24966666666666668       -28.42133748237947
0.24973333333333333       -28.423884286217213
0.24980000000000002       -28.42542106603302
0.24986666666666668       -28.426115363452176
0.24993333333333334       -28.426292229233113
0.25                      -28.426354041729237
0.25006666666666666       -28.42668749951502
0.2501333333333333        -28.42757909246727
0.2502                    -28.4291573333099
0.2502666666666667        -28.43137322298048
0.25033333333333335       -28.434021551797848
0.2504                    -28.43679661072504
0.25046666666666667       -28.43936849804257
0.25053333333333333       -28.441461942813785
0.2506                    -28.44291937808694
0.25066666666666665       -28.443734019102177
0.25073333333333336       -28.44404606296248
0.2508                    -28.444104041426286
0.2508666666666667        -28.44420158702441
0.25093333333333334       -28.444605389285943
0.251                     -28.445491699882773
0.25106666666666666       -28.44690623156555
0.2511333333333333        -28.44875647700206
0.2512                    -28.45083776992986
0.2512666666666667        -28.452886522815316
0.25133333333333335       -28.45464769833924
0.2514                    -28.455940140765993
0.25146666666666667       -28.45670379152034
0.25153333333333333       -28.457017085525848
0.2516                    -28.457080031640544
0.25166666666666665       -28.457166855960807
0.25173333333333336       -28.45755951808025
0.2518                    -28.45847806495129
0.2518666666666667        -28.460024614658977
0.25193333333333334       -28.46215468510252
0.252                     -28.464683377233065
0.25206666666666666       -28.467325950515114
0.2521333333333333        -28.4697642629568
0.2522                    -28.471724135766113
0.2522666666666667        -28.473045489454236
0.25233333333333335       -28.473728066977188
0.2524                    -28.473940753270423
0.2524666666666667        -28.47399083584738
0.25253333333333333       -28.474259014346053
0.2526                    -28.47511419439869
0.25266666666666665       -28.476827103819218
0.25273333333333337       -28.479502466136
0.2528                    -28.48304583037297
0.2528666666666667        -28.487174022925643
0.25293333333333334       -28.491468956034
0.253                     -28.49546493131419
0.25306666666666666       -28.498751536532033
0.2531333333333333        -28.50106963805895
0.2532                    -28.502378254373035
0.2532666666666667        -28.50287567504943
0.25333333333333335       -28.50296806221096
0.2534                    -28.50319060978917
0.2534666666666667        -28.504097174379975
0.25353333333333333       -28.50614151041889
0.2536                    -28.50957534665212
0.25366666666666665       -28.514385379798952
0.25373333333333337       -28.520283729237256
0.2538                    -28.526755958666318
0.2538666666666667        -28.533159161391573
0.25393333333333334       -28.53885178320205
0.254                     -28.543328995316493
0.25406666666666666       -28.54633463397931
0.2541333333333333        -28.547924346987763
0.2542                    -28.548464437824123
0.2542666666666667        -28.548564874981
0.25433333333333336       -28.54895952126817
0.2544                    -28.550358126373
0.2544666666666667        -28.553300419924398
0.25453333333333333       -28.55804193497965
0.2546                    -28.56449476504936
0.25466666666666665       -28.572235954238984
0.25473333333333337       -28.58058348960034
0.2548                    -28.588726763973572
0.2548666666666667        -28.59588694170609
0.25493333333333335       -28.60147521399052
0.255                     -28.605215711506872
0.25506666666666666       -28.607206080669904
0.2551333333333333        -28.607901686396154
0.2552                    -28.608026103676636
0.2552666666666667        -28.60842664759157
0.25533333333333336       -28.609905062948663
0.2554                    -28.61305777028504
0.2554666666666667        -28.61815709077963
0.25553333333333333       -28.625096163071237
0.2556                    -28.63340798473576
0.25566666666666665       -28.642355242107215
0.25573333333333337       -28.651074225162844
0.2558                    -28.658745152577445
0.2558666666666667        -28.66475489812143
0.25593333333333335       -28.6688184652748
0.256                     -28.67103348218397
0.25606666666666666       -28.671856266898278
0.2561333333333333        -28.672005237928452
0.2562                    -28.672313087157143
0.25626666666666664       -28.673559256240132
0.25633333333333336       -28.676316904070667
0.2564                    -28.68084404001333
0.2564666666666667        -28.68703870238816
0.25653333333333334       -28.69446536062641
0.2566                    -28.702446298592193
0.25666666666666665       -28.710199509896025
0.25673333333333337       -28.716995486011623
0.25680000000000003       -28.722301105300822
0.2568666666666667        -28.725881093756517
0.25693333333333335       -28.727836418893403
0.257                     -28.728572809824602
0.25706666666666667       -28.72870798941726
0.2571333333333333        -28.728939179440694
0.2572                    -28.729899873514917
0.25726666666666664       -28.732035496855616
0.25733333333333336       -28.735522041128398
0.2574                    -28.74024196755292
0.2574666666666667        -28.745819878448387
0.25753333333333334       -28.751708780388388
0.2576                    -28.75730805870404
0.25766666666666665       -28.762088210772387
0.25773333333333337       -28.76569627381487
0.25780000000000003       -28.768020305767426
0.2578666666666667        -28.769200556274527
0.25793333333333335       -28.76958702130695
0.258                     -28.769654913663413
0.25806666666666667       -28.76989826238741
0.2581333333333333        -28.770725467362887
0.2582                    -28.77237878548531
0.25826666666666664       -28.774893370961692
0.25833333333333336       -28.778102390320978
0.2584                    -28.78168486699534
0.2584666666666667        -28.7852441494995
0.25853333333333334       -28.788398842839825
0.2586                    -28.79086588997069
0.25866666666666666       -28.79251777905472
0.25873333333333337       -28.79340218289652
0.25880000000000003       -28.793721272029767
0.2588666666666667        -28.79377729038739
0.25893333333333335       -28.793898426854796
0.259                     -28.79436283155798
0.25906666666666667       -28.795338139811
0.2591333333333333        -28.796849506048908
0.2592                    -28.79878215122343
0.25926666666666665       -28.800916430732553
0.25933333333333336       -28.80298613724747
0.2594                    -28.804745676269427
0.2594666666666667        -28.80602999219242
0.25953333333333334       -28.806793123839114
0.2596                    -28.807116620710627
0.25966666666666666       -28.80718647979958
0.2597333333333333        -28.807244912140426
0.25980000000000003       -28.80752920535827
0.2598666666666667        -28.80821279876804
0.25993333333333335       -28.809362870613562
0.26                      -28.81092459476626
0.26006666666666667       -28.81273580440253
0.2601333333333333        -28.814568563315916
0.2602                    -28.8161876832292
0.26026666666666665       -28.817412000905097
0.26033333333333336       -28.818163298765626
0.2604                    -28.818490477836185
0.2604666666666667        -28.8185624390943
0.26053333333333334       -28.81863071295737
0.2606                    -28.818970303798093
0.26066666666666666       -28.819812635717863
0.2607333333333333        -28.821286611002254
0.26080000000000003       -28.823382191407198
0.2608666666666667        -28.825946002471472
0.26093333333333335       -28.82871131309587
0.261                     -28.831356836515685
0.26106666666666667       -28.83358180252391
0.26113333333333333       -28.835180281089066
0.2612                    -28.8360970318749
0.26126666666666665       -28.836450677864423
0.26133333333333336       -28.83651715434638
0.2614                    -28.836675525594817
0.2614666666666667        -28.837327139205435
0.26153333333333334       -28.838805530359906
0.2616                    -28.8412970332868
0.26166666666666666       -28.844790252217976
0.2617333333333333        -28.849066868928865
0.26180000000000003       -28.85373785301838
0.2618666666666667        -28.858319530060896
0.26193333333333335       -28.862334945490726
0.262                     -28.86541945460096
0.26206666666666667       -28.867407202932448
0.26213333333333333       -28.868378155429177
0.2622                    -28.868653343230818
0.26226666666666665       -28.868737312980244
0.26233333333333336       -28.869218608221637
0.2624                    -28.870648548513486
0.2624666666666667        -28.87342346194099
0.26253333333333334       -28.877695061885376
0.2626                    -28.883328279812794
0.26266666666666666       -28.88991680230299
0.2627333333333334        -28.89685539272493
0.26280000000000003       -28.903456573066798
0.2628666666666667        -28.909089397010845
0.26293333333333335       -28.913312029553218
0.263                     -28.915969557259356
0.26306666666666667       -28.917234719734445
0.26313333333333333       -28.91758113839542
0.2632                    -28.917693352566737
0.26326666666666665       -28.91833178438496
0.2633333333333333        -28.920180233823096
0.2634                    -28.923706743199098
0.2634666666666667        -28.929065581353512
0.26353333333333334       -28.936059934001772
0.2636                    -28.944173450338894
0.26366666666666666       -28.952665917724616
0.2637333333333333        -28.960715844711416
0.26380000000000003       -28.967582673906293
0.2638666666666667        -28.97275598251198
0.26393333333333335       -28.97606028652335
0.264                     -28.977692564448397
0.26406666666666667       -28.97818388776723
0.26413333333333333       -28.97829311559962
0.2642                    -28.978855149702124
0.26426666666666665       -28.980615196801875
0.2643333333333333        -28.98408224649364
0.2644                    -28.989430028646833
0.2644666666666667        -28.996463875503533
0.26453333333333334       -29.00465935112907
0.2646                    -29.013265210198284
0.26466666666666666       -29.021451041295375
0.2647333333333333        -29.028470787162203
0.26480000000000004       -29.033809278517463
0.2648666666666667        -29.037281571582557
0.26493333333333335       -29.039064451742572
0.265                     -29.039654121632484
0.2650666666666667        -29.039760204965468
0.26513333333333333       -29.040159576926058
0.2652                    -29.041540986544582
0.26526666666666665       -29.04437178197834
0.2653333333333333        -29.048812089890028
0.2654                    -29.054691526490206
0.2654666666666667        -29.061551193701977
0.26553333333333334       -29.068741380311632
0.2656                    -29.075554861271847
0.26566666666666666       -29.081368717131447
0.2657333333333333        -29.08576576048734
0.26580000000000004       -29.08861085639449
0.2658666666666667        -29.090067207981427
0.26593333333333335       -29.09055094541594
0.266                     -29.09063580677276
0.2660666666666667        -29.090929942659393
0.26613333333333333       -29.09195161371631
0.2662                    -29.094029201995937
0.26626666666666665       -29.09724450571528
0.2663333333333333        -29.101428607786673
0.2664                    -29.10620878894256
0.2664666666666667        -29.111094920518767
0.26653333333333334       -29.11558619756378
0.2666                    -29.119275349439192
0.26666666666666666       -29.121928477734045
0.2667333333333333        -29.1235244235012
0.26680000000000004       -29.12424689649008
0.2668666666666667        -29.12443329942999
0.26693333333333336       -29.12449359857119
0.267                     -29.124818483798897
0.2670666666666667        -29.125697269509473
0.26713333333333333       -29.127262639913344
0.2672                    -29.129472587267202
0.26726666666666665       -29.132131411026833
0.2673333333333333        -29.134943228721486
0.2674                    -29.137584726249585
0.2674666666666667        -29.13978014939754
0.26753333333333335       -29.141361593901
0.2676                    -29.142301523511605
0.26766666666666666       -29.142711274466006
0.2677333333333333        -29.142807442055435
0.26780000000000004       -29.142855471115578
0.2678666666666667        -29.143104690483234
0.26793333333333336       -29.143730381010535
0.268                     -29.144796145424984
0.2680666666666667        -29.1462446111169
0.26813333333333333       -29.147917657723184
0.2682                    -29.149600462542743
0.26826666666666665       -29.15107819097914
0.2683333333333333        -29.15219132984153
0.2684                    -29.15287614565802
0.2684666666666667        -29.153180490591627
0.26853333333333335       -29.15325130704167
0.2686                    -29.153297182624097
0.26866666666666666       -29.153535418856848
0.2687333333333333        -29.15413679756135
0.26880000000000004       -29.155181717503346
0.2688666666666667        -29.156638607877554
0.26893333333333336       -29.158370215452464
0.269                     -29.160166726259998
0.2690666666666667        -29.161798189088803
0.26913333333333334       -29.16307382556201
0.2692                    -29.163893741112723
0.26926666666666665       -29.16427993116762
0.2693333333333333        -29.164378136607905
0.2694                    -29.16442900129599
0.2694666666666667        -29.164714437363774
0.26953333333333335       -29.165491256053997
0.2696                    -29.16692748240104
0.26966666666666667       -29.16905658741466
0.2697333333333333        -29.171761223119162
0.26980000000000004       -29.174791721451673
0.2698666666666667        -29.177816895432972
0.26993333333333336       -29.180497125126923
0.27                      -29.18256397300636
0.2700666666666667        -29.183888112282474
0.27013333333333334       -29.18451904659994
0.2702                    -29.1846858663655
0.27026666666666666       -29.184756924335954
0.2703333333333333        -29.185165752372132
0.2704                    -29.186318464019475
0.2704666666666667        -29.18850243688523
0.27053333333333335       -29.19181632249618
0.2706                    -29.19613747370075
0.27066666666666667       -29.20113556819031
0.2707333333333333        -29.206331876809756
0.27080000000000004       -29.211193911618388
0.2708666666666667        -29.215246941610296
0.27093333333333336       -29.21817898048247
0.271                     -29.219915858621732
0.2710666666666667        -29.220648444569107
0.27113333333333334       -29.220804082656112
0.2712                    -29.220966549393623
0.27126666666666666       -29.221760249562344
0.2713333333333333        -29.223722220091513
0.2714                    -29.227188181792197
0.2714666666666667        -29.232216182335456
0.27153333333333335       -29.2385642046863
0.2716                    -29.245727920471694
0.27166666666666667       -29.253033187842078
0.2717333333333333        -29.25976672337088
0.27180000000000004       -29.265319650101734
0.2718666666666667        -29.26931445964376
0.27193333333333336       -29.271687947521826
0.272                     -29.27271117191923
0.2720666666666667        -29.272940833757247
0.27213333333333334       -29.27311141379006
0.2722                    -29.273990102195842
0.27226666666666666       -29.276224020304777
0.2723333333333333        -29.280210206557747
0.2724                    -29.286013817459185
0.2724666666666667        -29.29335055282026
0.27253333333333335       -29.301637327956644
0.2726                    -29.310102483315358
0.27266666666666667       -29.317935156129632
0.2727333333333333        -29.324444872810297
0.2728                    -29.329199080547337
0.2728666666666667        -29.332109763607047
0.27293333333333336       -29.333450499022796
0.273                     -29.333800233103425
0.2730666666666667        -29.333925959148534
0.27313333333333334       -29.334629236240502
0.2732                    -29.33658815573815
0.27326666666666666       -29.34022601224196
0.2733333333333333        -29.34563151768133
0.2734                    -29.352544879150773
0.2734666666666667        -29.360411569044626
0.27353333333333335       -29.368493051690816
0.2736                    -29.37601287556168
0.27366666666666667       -29.3823092562231
0.27373333333333333       -29.386963359381326
0.2738                    -29.38987704293578
0.2738666666666667        -29.391284426074137
0.27393333333333336       -29.39169605035716
0.274                     -29.39178896256616
0.2740666666666667        -29.39226707773733
0.27413333333333334       -29.393721214045364
0.2742                    -29.396516680173054
0.27426666666666666       -29.400729362819483
0.2743333333333333        -29.40614090951417
0.2744                    -29.4122919589627
0.2744666666666667        -29.418581346828418
0.27453333333333335       -29.42439051363413
0.2746                    -29.429207516327793
0.27466666666666667       -29.43272528841943
0.27473333333333333       -29.434894446349688
0.2748                    -29.43592102487329
0.2748666666666667        -29.436211725721137
0.27493333333333336       -29.436280543344907
0.275                     -29.436638246229514
0.2750666666666667        -29.437688585131966
0.27513333333333334       -29.439652225863057
0.2752                    -29.442532442596942
0.27526666666666666       -29.446127363919263
0.2753333333333333        -29.450083945206323
0.2754                    -29.45398058185305
0.2754666666666667        -29.45741983774584
0.27553333333333335       -29.46011120441519
0.2756                    -29.461926548517138
0.27566666666666667       -29.462917454147252
0.27573333333333333       -29.46329254287166
0.2758                    -29.463361900092
0.2758666666666667        -29.46346274359523
0.27593333333333336       -29.463883859920163
0.276                     -29.464805569537226
0.2760666666666667        -29.466267572767308
0.27613333333333334       -29.46817022390251
0.2762                    -29.470307167088336
0.27626666666666666       -29.47242043806628
0.2763333333333333        -29.474264464935473
0.2764                    -29.47566385073383
0.2764666666666667        -29.476551739110857
0.27653333333333335       -29.47698052718968
0.2766                    -29.477103507743337
0.27666666666666667       -29.477133004337617
0.27673333333333333       -29.477285982113518
0.2768                    -29.47773070732648
0.2768666666666667        -29.47854730258703
0.27693333333333336       -29.479711336710587
0.277                     -29.481103875533474
0.2770666666666667        -29.48254504423099
0.27713333333333334       -29.483842541058255
0.2772                    -29.484842962402915
0.27726666666666666       -29.485473109248545
0.2773333333333333        -29.485760875630604
0.2774                    -29.48583034245383
0.2774666666666667        -29.485872097918715
0.27753333333333335       -29.486095974942565
0.2776                    -29.48667779629316
0.2776666666666667        -29.487713296528653
0.27773333333333333       -29.48919081864426
0.2778                    -29.490990067210827
0.2778666666666667        -29.492908116882507
0.27793333333333337       -29.494707355254146
0.278                     -29.496174533052425
0.2780666666666667        -29.497176923077348
0.27813333333333334       -29.497701649073804
0.2782                    -29.497867720346637
0.27826666666666666       -29.49790650837334
0.2783333333333333        -29.49811386987687
0.2784                    -29.49878401877747
0.27846666666666664       -29.500139894510795
0.27853333333333335       -29.50227609307142
0.2786                    -29.50512815935422
0.2786666666666667        -29.50847668111596
0.27873333333333333       -29.51198723644015
0.2788                    -29.51527925637752
0.2788666666666667        -29.518009901986787
0.27893333333333337       -29.519954737141248
0.279                     -29.521066565990296
0.2790666666666667        -29.521497767089834
0.27913333333333334       -29.521579147090332
0.2792                    -29.521758014989764
0.27926666666666666       -29.522507482469887
0.2793333333333333        -29.52422568838607
0.2794                    -29.52714626721018
0.27946666666666664       -29.53127953209861
0.27953333333333336       -29.536398051799008
0.2796                    -29.542071697017754
0.2796666666666667        -29.54774728557839
0.27973333333333333       -29.552858378191488
0.2798                    -29.556943466869768
0.2798666666666667        -29.559747604875405
0.27993333333333337       -29.56128472248155
0.28                      -29.561845509892805
0.2800666666666667        -29.561947310194014
0.28013333333333335       -29.562235153397808
0.2802                    -29.563353709936486
0.28026666666666666       -29.56581609456329
0.2803333333333333        -29.569896052551794
0.2804                    -29.575565449102903
0.28046666666666664       -29.582490395923223
0.28053333333333336       -29.59008836524862
0.2806                    -29.597636929953627
0.2806666666666667        -29.60441414729713
0.28073333333333333       -29.609843120590643
0.2808                    -29.613610945539236
0.2808666666666667        -29.615736364049322
0.28093333333333337       -29.616570738469466
0.281                     -29.61673123228101
0.2810666666666667        -29.61697974956747
0.28113333333333335       -29.618072526081917
0.2812                    -29.62061076072817
0.28126666666666666       -29.62492166910738
0.2813333333333333        -29.630992783534765
0.2814                    -29.638471994723126
0.28146666666666664       -29.64673362304073
0.28153333333333336       -29.65499848768929
0.2816                    -29.66248530496508
0.2816666666666667        -29.668563771883534
0.28173333333333334       -29.67287829041217
0.2818                    -29.67541656048037
0.28186666666666665       -29.676508661974065
0.28193333333333337       -29.676757246744316
0.28200000000000003       -29.676914254842384
0.2820666666666667        -29.67773040742278
0.28213333333333335       -29.67980827517306
0.2822                    -29.683487623500792
0.28226666666666667       -29.68878426269616
0.2823333333333333        -29.695392809712576
0.2824                    -29.70275165082021
0.28246666666666664       -29.710156806627772
0.28253333333333336       -29.716902061626406
0.2826                    -29.72241734546621
0.2826666666666667        -29.726377399716664
0.28273333333333334       -29.72875880271859
0.2828                    -29.729834520743168
0.28286666666666666       -29.73010877512822
0.28293333333333337       -29.7302077311312
0.28300000000000003       -29.73075019401952
0.2830666666666667        -29.73222536842605
0.28313333333333335       -29.73490175537997
0.2832                    -29.73878374332064
0.28326666666666667       -29.743622344298153
0.2833333333333333        -29.748975820200585
0.2834                    -29.754306412203842
0.28346666666666664       -29.75909258829737
0.28353333333333336       -29.76293345311052
0.2836                    -29.765623984191816
0.2836666666666667        -29.76718639204787
0.28373333333333334       -29.767852780977577
0.2838                    -29.768005061323922
0.28386666666666666       -29.768087077373487
0.28393333333333337       -29.76850907855416
0.28400000000000003       -29.76956505940617
0.2840666666666667        -29.77137948390186
0.28413333333333335       -29.77389277674529
0.2842                    -29.776886414681588
0.28426666666666667       -29.780040212174956
0.2843333333333333        -29.783007996838407
0.2844                    -29.785494506125772
0.28446666666666665       -29.787316698629517
0.28453333333333336       -29.788436728029577
0.2846                    -29.78896068321818
0.2846666666666667        -29.789105217408817
0.28473333333333334       -29.7891414063431
0.2848                    -29.78932987545071
0.28486666666666666       -29.78986244110828
0.28493333333333337       -29.79082318182668
0.28500000000000003       -29.792176769401966
0.2850666666666667        -29.793785338769617
0.28513333333333335       -29.795448632889947
0.2852                    -29.796957015087706
0.28526666666666667       -29.79814428411212
0.2853333333333333        -29.798927642400894
0.2854                    -29.79932556942815
0.28546666666666665       -29.799449929160062
0.28553333333333336       -29.799475011555472
0.2856                    -29.799591778813262
0.2856666666666667        -29.79995900066139
0.28573333333333334       -29.800663461058786
0.2858                    -29.801698989998737
0.28586666666666666       -29.80296938052511
0.2859333333333334        -29.804314415907733
0.28600000000000003       -29.805552587453814
0.2860666666666667        -29.806529922788847
0.28613333333333335       -29.807162674796697
0.2862                    -29.807462922981056
0.28626666666666667       -29.80754018855455
0.28633333333333333       -29.807578021403003
0.2864                    -29.807790735205806
0.28646666666666665       -29.80837049116282
0.2865333333333333        -29.809437530063168
0.2866                    -29.811005924471985
0.2866666666666667        -29.81297388269164
0.28673333333333334       -29.815142120761923
0.2868                    -29.817257301112896
0.28686666666666666       -29.819071419969404
0.2869333333333334        -29.820403719031244
0.28700000000000003       -29.821190336874714
0.2870666666666667        -29.821509048126288
0.28713333333333335       -29.821571766603977
0.2872                    -29.821684839802813
0.28726666666666667       -29.8221847661859
0.28733333333333333       -29.823362969117873
0.2874                    -29.825396254199383
0.28746666666666665       -29.828298925719665
0.2875333333333333        -29.831908418667634
0.2876                    -29.835909536329236
0.2876666666666667        -29.83989423000326
0.28773333333333334       -29.843445860037647
0.2878                    -29.846230715045664
0.28786666666666666       -29.84807679581184
0.2879333333333334        -29.849021508067658
0.28800000000000003       -29.849315972076177
0.2880666666666667        -29.84938294069002
0.28813333333333335       -29.849735623095693
0.2882                    -29.850873519253334
0.28826666666666667       -29.853176642695466
0.28833333333333333       -29.856820233211387
0.2884                    -29.861728317837077
0.28846666666666665       -29.86757715174814
0.2885333333333333        -29.87384997981987
0.2886                    -29.879934263187124
0.2886666666666667        -29.885243286706352
0.28873333333333334       -29.88933783386753
0.2888                    -29.89202214613648
0.28886666666666666       -29.89339263869981
0.2889333333333334        -29.89382735896989
0.28900000000000003       -29.893916868477675
0.2890666666666667        -29.894349950754627
0.28913333333333335       -29.895777156698166
0.2892                    -29.898679621495493
0.28926666666666667       -29.903269296200136
0.28933333333333333       -29.90944051750677
0.2894                    -29.916783169481
0.28946666666666665       -29.924656223248626
0.2895333333333333        -29.932308854572675
0.2896                    -29.939026467931846
0.2896666666666667        -29.944272826045292
0.28973333333333334       -29.947798947514674
0.2898                    -29.949695395204465
0.28986666666666666       -29.95037623134712
0.2899333333333333        -29.95049760787609
0.29000000000000004       -29.950827948812254
0.2900666666666667        -29.952096490229643
0.29013333333333335       -29.954850563856304
0.2902                    -29.95934930779154
0.2902666666666667        -29.96551375336783
0.29033333333333333       -29.972942363658138
0.2904                    -29.980988965870083
0.29046666666666665       -29.988888358775117
0.2905333333333333        -29.99590545161333
0.2906                    -30.00147847542699
0.2906666666666667        -30.005327225769673
0.29073333333333334       -30.007504072713044
0.2908                    -30.008377547107465
0.29086666666666666       -30.00855287950565
0.2909333333333333        -30.008747217564906
0.29100000000000004       -30.00964609777039
0.2910666666666667        -30.011770359246537
0.29113333333333336       -30.015379174749256
0.2912                    -30.020426708726134
0.2912666666666667        -30.026579110989505
0.29133333333333333       -30.033287080739086
0.2914                    -30.039898836856334
0.29146666666666665       -30.04579063386483
0.2915333333333333        -30.05048847684958
0.2916                    -30.053756475790316
0.2916666666666667        -30.055634397261983
0.29173333333333334       -30.056418061988218
0.2918                    -30.05658867616871
0.29186666666666666       -30.05670786789404
0.2919333333333333        -30.057301606681687
0.29200000000000004       -30.0587571588984
0.2920666666666667        -30.06125312247
0.29213333333333336       -30.064734808232828
0.2922                    -30.068937651076855
0.2922666666666667        -30.073451778663063
0.29233333333333333       -30.077812967102705
0.2924                    -30.08160033886576
0.29246666666666665       -30.084520289640707
0.2925333333333333        -30.08645958923068
0.2926                    -30.087497762902935
0.2926666666666667        -30.08787811162408
0.29273333333333335       -30.087945831929165
0.2928                    -30.088068453846176
0.29286666666666666       -30.08855675741608
0.2929333333333333        -30.089603074727634
0.29300000000000004       -30.091249086311734
0.2930666666666667        -30.09338820627679
0.29313333333333336       -30.09580001057349
0.2932                    -30.098207439617063
0.2932666666666667        -30.1003429967021
0.29333333333333333       -30.102008754407066
0.2934                    -30.103116968892753
0.29346666666666665       -30.103703043951842
0.2935333333333333        -30.103909309967175
0.2936                    -30.10394493837239
0.2936666666666667        -30.10403262798587
0.29373333333333335       -30.104355259928205
0.2938                    -30.10501506890592
0.29386666666666666       -30.10601436580101
0.2939333333333333        -30.10726142909562
0.29400000000000004       -30.108599151618026
0.2940666666666667        -30.10984873120592
0.29413333333333336       -30.110857294110964
0.2942                    -30.111537607481417
0.2942666666666667        -30.11189015976901
0.29433333333333334       -30.112002373099433
0.2944                    -30.11202545732914
0.29446666666666665       -30.11213497885118
0.2945333333333333        -30.11248521202041
0.29460000000000003       -30.113168815685913
0.2946666666666667        -30.114192035737307
0.29473333333333335       -30.11547185167833
0.2948                    -30.116856163770112
0.29486666666666667       -30.118162471829798
0.2949333333333333        -30.119225820386596
0.29500000000000004       -30.11994420597183
0.2950666666666667        -30.120309870972825
0.29513333333333336       -30.120418015689744
0.2952                    -30.120449783824807
0.2952666666666667        -30.120632641674856
0.29533333333333334       -30.121186925826247
0.2954                    -30.122270985289408
0.29546666666666666       -30.12393812249645
0.2955333333333333        -30.12611626741297
0.2956                    -30.128616484426928
0.2956666666666667        -30.131170005148086
0.29573333333333335       -30.13348681943547
0.2958                    -30.135323391890005
0.29586666666666667       -30.136544141152836
0.2959333333333333        -30.137161834162363
0.29600000000000004       -30.13734615726865
0.2960666666666667        -30.137396642790772
0.29613333333333336       -30.137684252632155
0.2962                    -30.138573280702566
0.2962666666666667        -30.140340083311013
0.29633333333333334       -30.1431064194046
0.2964                    -30.146802677541082
0.29646666666666666       -30.151170529783336
0.2965333333333333        -30.155806652242518
0.2966                    -30.160240494639886
0.2966666666666667        -30.164031302002165
0.29673333333333335       -30.166864402582405
0.2968                    -30.168625641612813
0.29686666666666667       -30.16943648374528
0.2969333333333333        -30.16964026381387
0.29700000000000004       -30.169740599563166
0.2970666666666667        -30.170303531744512
0.29713333333333336       -30.171842974643567
0.2972                    -30.174712800165892
0.2972666666666667        -30.1790277884309
0.29733333333333334       -30.184630265559353
0.2974                    -30.191110670537107
0.29746666666666666       -30.19787999310923
0.2975333333333333        -30.20428162123496
0.2976                    -30.209721451635666
0.2976666666666667        -30.213790086960742
0.29773333333333335       -30.216351191880296
0.2978                    -30.217576220577556
0.29786666666666667       -30.217916780657607
0.29793333333333333       -30.218019302860377
0.29800000000000004       -30.21859907049886
0.2980666666666667        -30.22029903580412
0.29813333333333336       -30.22356156718317
0.2982                    -30.22853829343171
0.2982666666666667        -30.235055679263407
0.29833333333333334       -30.242643521809647
0.2984                    -30.250621885628576
0.29846666666666666       -30.258230774481966
0.2985333333333333        -30.264777903291904
0.2986                    -30.269775242773424
0.2986666666666667        -30.273036182324123
0.29873333333333335       -30.274712676158032
0.2988                    -30.275264311764253
0.29886666666666667       -30.275365881002905
0.29893333333333333       -30.275773003903307
0.299                     -30.277173525811158
0.2990666666666667        -30.280054282555465
0.29913333333333336       -30.28460871128804
0.2992                    -30.290702202213534
0.2992666666666667        -30.29790097809498
0.29933333333333334       -30.305558498509626
0.2994                    -30.312942609112618
0.29946666666666666       -30.319378600997116
0.2995333333333333        -30.324379717853045
0.2996                    -30.327738724272578
0.2996666666666667        -30.329562071166073
0.29973333333333335       -30.330240477060553
0.2998                    -30.330363446586126
0.29986666666666667       -30.330596905960775
0.29993333333333333       -30.331549995803165
0.3                       -30.333657941878677
0.3000666666666667        -30.33710330348894
0.30013333333333336       -30.341789360524377
0.3002                    -30.347368903182733
0.3002666666666667        -30.353321096641732
0.30033333333333334       -30.35906006342826
0.3004                    -30.364052853758405
0.30046666666666666       -30.367922800675284
0.3005333333333333        -30.370517520630816
0.3006                    -30.371928608502063
0.3006666666666667        -30.372460732202647
0.30073333333333335       -30.37255878621036
0.3008                    -30.372710331773682
0.30086666666666667       -30.373344821206135
0.30093333333333333       -30.374750455279248
0.301                     -30.377024595475746
0.3010666666666667        -30.380065900900156
0.30113333333333336       -30.38360752873046
0.3012                    -30.387282508065482
0.3012666666666667        -30.390706224205687
0.30133333333333334       -30.393557961037793
0.3014                    -30.395644272491744
0.30146666666666666       -30.396931487364334
0.3015333333333333        -30.39754191943027
0.3016                    -30.3977166395287
0.3016666666666667        -30.397754957030397
0.30173333333333335       -30.397945351467595
0.3018                    -30.398503580936534
0.30186666666666667       -30.3995311237852
0.30193333333333333       -30.40100184056113
0.302                     -30.402778102171325
0.3020666666666667        -30.404651080948824
0.30213333333333336       -30.406394787383455
0.3022                    -30.407820788360084
0.3022666666666667        -30.40882090686138
0.30233333333333334       -30.40938848262849
0.3024                    -30.409614183996823
0.30246666666666666       -30.409658571875585
0.3025333333333333        -30.409709089712337
0.3026                    -30.409932574225977
0.3026666666666667        -30.410435012568286
0.30273333333333335       -30.411238097586583
0.3028                    -30.412277790342763
0.3028666666666667        -30.41342466279787
0.30293333333333333       -30.414520521803556
0.303                     -30.415421906087758
0.3030666666666667        -30.41603941174896
0.30313333333333337       -30.41636285768838
0.3032                    -30.416465836755307
0.3032666666666667        -30.416488365243474
0.30333333333333334       -30.416601854740403
0.3034                    -30.416965101555085
0.30346666666666666       -30.41768231936129
0.3035333333333333        -30.418773888865502
0.3036                    -30.420167573075318
0.3036666666666667        -30.42171312925566
0.30373333333333336       -30.4232176175273
0.3038                    -30.424493527403968
0.3038666666666667        -30.425408341658738
0.30393333333333333       -30.42592325834122
0.304                     -30.426110868042517
0.3040666666666667        -30.426146277696326
0.30413333333333337       -30.426272418179053
0.3042                    -30.42674655462879
0.3042666666666667        -30.427779795071878
0.30433333333333334       -30.429483521998012
0.3044                    -30.431835666735797
0.30446666666666666       -30.434675816024615
0.3045333333333333        -30.437732067398713
0.3046                    -30.44067552363748
0.30466666666666664       -30.44319176505278
0.30473333333333336       -30.445054036720993
0.3048                    -30.446181474229416
0.3048666666666667        -30.4466681018446
0.30493333333333333       -30.446774287662276
0.305                     -30.446880560785402
0.3050666666666667        -30.447412229936365
0.30513333333333337       -30.448750036862968
0.3052                    -30.45114558793278
0.3052666666666667        -30.45465985830253
0.30533333333333335       -30.45913885472503
0.3054                    -30.464233403319568
0.30546666666666666       -30.469461247266835
0.3055333333333333        -30.47430071237482
0.3056                    -30.478297835416292
0.30566666666666664       -30.481164775785846
0.30573333333333336       -30.482847877661804
0.3058                    -30.4835493035095
0.3058666666666667        -30.483695761597506
0.30593333333333333       -30.48385928430386
0.306                     -30.484645466060275
0.3060666666666667        -30.4865715698951
0.30613333333333337       -30.489959074513074
0.3062                    -30.494862457469345
0.3062666666666667        -30.501049164402453
0.30633333333333335       -30.508036154850803
0.3064                    -30.51517766606446
0.30646666666666667       -30.521788554103672
0.3065333333333333        -30.52727960925534
0.3066                    -30.53127750508999
0.30666666666666664       -30.53370396075524
0.30673333333333336       -30.534796500580196
0.3068                    -30.535065418630044
0.3068666666666667        -30.535195257874264
0.30693333333333334       -30.53591083762879
0.307                     -30.53783486701942
0.3070666666666667        -30.541365267425945
0.30713333333333337       -30.546595885675117
0.30720000000000003       -30.553295723457637
0.3072666666666667        -30.560950876164622
0.30733333333333335       -30.568861759381768
0.3074                    -30.576277576176743
0.30746666666666667       -30.58254214834119
0.3075333333333333        -30.587222036645517
0.3076                    -30.59019063586852
0.30766666666666664       -30.591650695190623
0.30773333333333336       -30.592090769800443
0.3078                    -30.59218527148836
0.3078666666666667        -30.592659462683628
0.30793333333333334       -30.59414722342414
0.308                     -30.597069705083378
0.30806666666666666       -30.601557728021675
0.30813333333333337       -30.60743165389318
0.30820000000000003       -30.614241403113493
0.3082666666666667        -30.621358089461154
0.30833333333333335       -30.628099054558504
0.3084                    -30.633861521509644
0.30846666666666667       -30.638238129173775
0.3085333333333333        -30.641091138339558
0.3086                    -30.642570801019595
0.30866666666666664       -30.643075444922726
0.30873333333333336       -30.64316331079391
0.3088                    -30.643435987257014
0.3088666666666667        -30.644418214955667
0.30893333333333334       -30.646458195635237
0.309                     -30.649667096508
0.30906666666666666       -30.653907810701803
0.30913333333333337       -30.658833092893715
0.30920000000000003       -30.66396368796129
0.3092666666666667        -30.668789552440124
0.30933333333333335       -30.672873048600163
0.3094                    -30.675932996549452
0.30946666666666667       -30.677892910738557
0.3095333333333333        -30.6788848115059
0.3096                    -30.679209861576425
0.30966666666666665       -30.679266339905517
0.30973333333333336       -30.679461923893676
0.3098                    -30.680129567211445
0.3098666666666667        -30.68146426444858
0.30993333333333334       -30.68349253282794
0.31                      -30.686078961032713
0.31006666666666666       -30.688966295350582
0.31013333333333337       -30.69183876600298
0.31020000000000003       -30.694393948677224
0.3102666666666667        -30.69640725024599
0.31033333333333335       -30.697775362112694
0.3104                    -30.698530257469663
0.31046666666666667       -30.698822301347228
0.31053333333333333       -30.698878101132795
0.3106                    -30.698944151774093
0.31066666666666665       -30.69922991174171
0.31073333333333336       -30.699863260904806
0.3108                    -30.70086772860767
0.3108666666666667        -30.702165431368023
0.31093333333333334       -30.703603620642625
0.311                     -30.70499743371476
0.31106666666666666       -30.706177987994487
0.3111333333333334        -30.707034094399233
0.31120000000000003       -30.70753776966765
0.3112666666666667        -30.707747940054464
0.31133333333333335       -30.707792210873098
0.3114                    -30.70783195731616
0.31146666666666667       -30.708019942359357
0.31153333333333333       -30.70846126146707
0.3116                    -30.709187348953524
0.31166666666666665       -30.71014940043633
0.31173333333333336       -30.711232720321348
0.3118                    -30.712288333115527
0.3118666666666667        -30.71317389869153
0.31193333333333334       -30.71379356488583
0.312                     -30.7141264982379
0.31206666666666666       -30.714236499746292
0.3121333333333334        -30.714259738630307
0.31220000000000003       -30.714373095829718
0.3122666666666667        -30.71475053565713
0.31233333333333335       -30.715518092279943
0.3124                    -30.71671869946611
0.31246666666666667       -30.71829605729497
0.31253333333333333       -30.720102470558672
0.3126                    -30.72193003145193
0.31266666666666665       -30.7235588610407
0.31273333333333336       -30.724811656765418
0.3128                    -30.72560164034124
0.3128666666666667        -30.725961843911588
0.31293333333333334       -30.726047506093174
0.313                     -30.72610938501151
0.31306666666666666       -30.726442616399865
0.3131333333333334        -30.72732169514324
0.31320000000000003       -30.72893581408373
0.3132666666666667        -30.73133932306428
0.31333333333333335       -30.734429366634657
0.3134                    -30.737957360578626
0.31346666666666667       -30.7415738951596
0.31353333333333333       -30.744899247577905
0.3136                    -30.747605463585572
0.31366666666666665       -30.74949240719633
0.3137333333333333        -30.750540378679
0.3138                    -30.750926180406818
0.3138666666666667        -30.750997124964393
0.31393333333333334       -30.751206705306224
0.314                     -30.752024257326802
0.31406666666666666       -30.753836910447937
0.3141333333333334        -30.75686418323609
0.31420000000000003       -30.761103464847608
0.3142666666666667        -30.766318888180578
0.31433333333333335       -30.772077831221395
0.3144                    -30.777829858832057
0.31446666666666667       -30.783013936193623
0.31453333333333333       -30.787172974903775
0.3146                    -30.7900519227432
0.31466666666666665       -30.79165783504124
0.3147333333333333        -30.792267682264303
0.3148                    -30.792380609974902
0.3148666666666667        -30.792623349532292
0.31493333333333334       -30.793627523203213
0.315                     -30.795903405417068
0.31506666666666666       -30.799735302588115
0.3151333333333334        -30.8051194137478
0.31520000000000004       -30.811756997660915
0.3152666666666667        -30.819105393346796
0.31533333333333335       -30.82647848983726
0.3154                    -30.83317829786386
0.3154666666666667        -30.838632200957477
0.31553333333333333       -30.842508082105446
0.3156                    -30.844783023847512
0.31566666666666665       -30.845750484886484
0.3157333333333333        -30.845963864231834
0.3158                    -30.84612796937968
0.3158666666666667        -30.846960695259405
0.31593333333333334       -30.84905277968414
0.316                     -30.852753069015378
0.31606666666666666       -30.858101059181653
0.3161333333333334        -30.864819174446477
0.31620000000000004       -30.87236609731622
0.3162666666666667        -30.880041151998977
0.31633333333333336       -30.8871199250678
0.3164                    -30.892994725745538
0.3164666666666667        -30.89729179931854
0.31653333333333333       -30.89994139302796
0.3166                    -30.90118644775261
0.31666666666666665       -30.901528800501378
0.3167333333333333        -30.90162508904456
0.3168                    -30.902154725907746
0.3168666666666667        -30.9036871133879
0.31693333333333334       -30.906574142958895
0.317                     -30.910887891715277
0.31706666666666666       -30.9164140391397
0.3171333333333333        -30.92270077549648
0.31720000000000004       -30.929152593046364
0.3172666666666667        -30.935149924660283
0.31733333333333336       -30.940170602049957
0.3174                    -30.94388874728576
0.3174666666666667        -30.94623145260247
0.31753333333333333       -30.9473827120678
0.3176                    -30.94773552466373
0.31766666666666665       -30.9478040872513
0.3177333333333333        -30.948115871828996
0.3178                    -30.949106480973896
0.3178666666666667        -30.951038246416683
0.31793333333333335       -30.953957529228234
0.318                     -30.957697211879747
0.31806666666666666       -30.96192170710031
0.3181333333333333        -30.966203573223364
0.31820000000000004       -30.970114916772896
0.3182666666666667        -30.973314266581028
0.31833333333333336       -30.975611100143162
0.3184                    -30.976995496246786
0.3184666666666667        -30.977628357223963
0.31853333333333333       -30.977796414203972
0.3186                    -30.97784368210332
0.31866666666666665       -30.978095458026864
0.3187333333333333        -30.978791539046142
0.31880000000000003       -30.980042267275053
0.3188666666666667        -30.981815279380967
0.31893333333333335       -30.98395385004583
0.319                     -30.986220956610786
0.31906666666666667       -30.98835797990074
0.3191333333333333        -30.99014429697062
0.31920000000000004       -30.991444438119625
0.3192666666666667        -30.992232865702935
0.31933333333333336       -30.99259199142058
0.3194                    -30.992685434038737
0.3194666666666667        -30.99271417043949
0.31953333333333334       -30.992866815164852
0.3196                    -30.9932760298275
0.31966666666666665       -30.993991002358978
0.3197333333333333        -30.99497169074906
0.31980000000000003       -30.996105169457344
0.3198666666666667        -30.997239186405018
0.31993333333333335       -30.998224095273073
0.32                      -30.998952546226597
0.32006666666666667       -30.999387104462095
0.3201333333333333        -30.999569135572077
0.32020000000000004       -30.999607074300847
0.3202666666666667        -30.999647382598788
0.32033333333333336       -30.999835801807837
0.3204                    -31.000278860205277
0.3204666666666667        -31.001015476349064
0.32053333333333334       -31.00200598155512
0.3206                    -31.003141599932484
0.32066666666666666       -31.00427237606604
0.3207333333333333        -31.005246895785756
0.32080000000000003       -31.00595400835696
0.3208666666666667        -31.006355936795632
0.32093333333333335       -31.006503954569485
0.321                     -31.006531869508155
0.32106666666666667       -31.00662794191564
0.3211333333333333        -31.00699125062181
0.32120000000000004       -31.00778257133794
0.3212666666666667        -31.00908155561653
0.32133333333333336       -31.010860980080757
0.3214                    -31.01298528090274
0.3214666666666667        -31.015235234032343
0.32153333333333334       -31.017354596177036
0.3216                    -31.01910908688364
0.32166666666666666       -31.020344549221484
0.3217333333333333        -31.02103046232174
0.3218                    -31.021277585634355
0.3218666666666667        -31.02132397699496
0.32193333333333335       -31.021490737437905
0.322                     -31.022115898655052
0.32206666666666667       -31.023480190345374
0.3221333333333333        -31.02574078497684
0.32220000000000004       -31.02888803160215
0.3222666666666667        -31.03273590579495
0.32233333333333336       -31.036950235035764
0.3224                    -31.041110910630636
0.3224666666666667        -31.044796729273504
0.32253333333333334       -31.047675805160072
0.3226                    -31.049582115590386
0.32266666666666666       -31.05056061246614
0.3227333333333333        -31.050869404093127
0.3228                    -31.050936575551198
0.3228666666666667        -31.051279139780338
0.32293333333333335       -31.052399994859485
0.323                     -31.05468369708554
0.32306666666666667       -31.05831242533073
0.32313333333333333       -31.063219829165764
0.32320000000000004       -31.06909338737426
0.3232666666666667        -31.075426716138637
0.32333333333333336       -31.081613426789396
0.3234                    -31.087065301022143
0.3234666666666667        -31.09133153221268
0.32353333333333334       -31.094194233065004
0.3236                    -31.095719268269026
0.32366666666666666       -31.096250352329005
0.3237333333333333        -31.09634635694475
0.3238                    -31.096673956051596
0.3238666666666667        -31.097877110000095
0.32393333333333335       -31.10044942086006
0.324                     -31.10463449438601
0.32406666666666667       -31.110373808659727
0.32413333333333333       -31.11731260706383
0.32420000000000004       -31.124863587927027
0.3242666666666667        -31.1323172477865
0.32433333333333336       -31.138978338972272
0.3244                    -31.144301860618956
0.3244666666666667        -31.148001008726194
0.32453333333333334       -31.15010446102119
0.3246                    -31.150950678758676
0.32466666666666666       -31.151120305034855
0.3247333333333333        -31.151320881577078
0.3248                    -31.15224774086603
0.3248666666666667        -31.154449019938415
0.32493333333333335       -31.15822093837925
0.325                     -31.163552828815924
0.32506666666666667       -31.17013162710535
0.32513333333333333       -31.17740442037198
0.32520000000000004       -31.18468687690962
0.3252666666666667        -31.191296562561696
0.32533333333333336       -31.19668492771091
0.3254                    -31.200541542475918
0.3254666666666667        -31.20284956709586
0.32553333333333334       -31.203881678770568
0.3256                    -31.204138447278844
0.32566666666666666       -31.204243286249213
0.3257333333333333        -31.204816641134148
0.3258                    -31.20635524989816
0.32586666666666664       -31.20913996225985
0.32593333333333335       -31.213188852409726
0.326                     -31.218262967330187
0.32606666666666667       -31.223921847778463
0.32613333333333333       -31.229616600916774
0.32620000000000005       -31.23480128020041
0.3262666666666667        -31.23903993694664
0.32633333333333336       -31.242087825349543
0.3264                    -31.24393092049939
0.3264666666666667        -31.244777068065087
0.32653333333333334       -31.24500260961093
0.3266                    -31.245067652246057
0.32666666666666666       -31.245419091045925
0.3267333333333333        -31.24640191172263
0.3268                    -31.248196308143235
0.32686666666666664       -31.250791826769255
0.32693333333333335       -31.25400166911062
0.327                     -31.257512086342953
0.32706666666666667       -31.26095496982771
0.32713333333333333       -31.26398748861217
0.32720000000000005       -31.266361764082625
0.3272666666666667        -31.267970322896772
0.32733333333333337       -31.268858877469803
0.3274                    -31.269205521526366
0.3274666666666667        -31.26927288805309
0.32753333333333334       -31.269345423028504
0.3276                    -31.269666460015802
0.32766666666666666       -31.27038887356848
0.3277333333333333        -31.2715492225341
0.3278                    -31.27306954141329
0.32786666666666664       -31.274784641565105
0.32793333333333335       -31.27648727576077
0.328                     -31.277979912002017
0.3280666666666667        -31.27912087948936
0.32813333333333333       -31.279854475217235
0.32820000000000005       -31.28021880843269
0.3282666666666667        -31.280330688274553
0.32833333333333337       -31.280352360453293
0.3284                    -31.28044903056385
0.3284666666666667        -31.280747926986784
0.32853333333333334       -31.281308830220812
0.3286                    -31.28211285138333
0.32866666666666666       -31.283071610168058
0.3287333333333333        -31.284053951971927
0.3288                    -31.284923108386828
0.32886666666666664       -31.285574719083222
0.32893333333333336       -31.285965990890062
0.329                     -31.28612853054602
0.3290666666666667        -31.28616151915256
0.32913333333333333       -31.286206876751802
0.32920000000000005       -31.286412641655016
0.3292666666666667        -31.28689381795862
0.32933333333333337       -31.287700693224178
0.3294                    -31.28880293543418
0.3294666666666667        -31.29009405185141
0.32953333333333334       -31.291415884652256
0.3296                    -31.29259784134096
0.32966666666666666       -31.293501673127253
0.3297333333333333        -31.294060799907804
0.3298                    -31.29430399160235
0.32986666666666664       -31.294356593212406
0.32993333333333336       -31.29441769861915
0.33                      -31.294717493568974
0.3300666666666667        -31.29546397618669
0.33013333333333333       -31.296791208938792
0.33020000000000005       -31.29872145795758
0.3302666666666667        -31.301150967016582
0.33033333333333337       -31.30386421282418
0.3304                    -31.306575262437725
0.3304666666666667        -31.30898855953809
0.33053333333333335       -31.310866475824575
0.3306                    -31.312088525839698
0.33066666666666666       -31.312688068808935
0.3307333333333333        -31.312856668119586
0.3308                    -31.31291320369526
0.33086666666666664       -31.313242740267306
0.33093333333333336       -31.314217149798683
0.331                     -31.31611393561105
0.3310666666666667        -31.319050662773634
0.33113333333333334       -31.322949736949305
0.33120000000000005       -31.32754255701564
0.3312666666666667        -31.332414331089065
0.33133333333333337       -31.337082432953487
0.33140000000000003       -31.34109364312004
0.3314666666666667        -31.34412060335029
0.33153333333333335       -31.34603672499911
0.3316                    -31.34695233440126
0.33166666666666667       -31.347202575746905
0.3317333333333333        -31.347287855138166
0.3318                    -31.34777792516474
0.33186666666666664       -31.34919859889514
0.3319333333333333        -31.35192384173458
0.332                     -31.356095069873792
0.3320666666666667        -31.361584371312148
0.33213333333333334       -31.368010177291993
0.33220000000000005       -31.374804036437492
0.3322666666666667        -31.38131711033322
0.33233333333333337       -31.3869465202607
0.33240000000000003       -31.391256546734812
0.3324666666666667        -31.394069479868293
0.33253333333333335       -31.39550631159772
0.3326                    -31.395967662084026
0.33266666666666667       -31.396058039145124
0.3327333333333333        -31.396468581471872
0.3328                    -31.39784191700293
0.33286666666666664       -31.400645959396634
0.3329333333333333        -31.405081178602863
0.333                     -31.41103911766941
0.3330666666666667        -31.418120244918594
0.33313333333333334       -31.425708263886225
0.33320000000000005       -31.433087352939477
0.3332666666666667        -31.43958015334198
0.33333333333333337       -31.444679440478062
0.33340000000000003       -31.448146802295756
0.3334666666666667        -31.450057873351064
0.33353333333333335       -31.450784754311737
0.3336                    -31.450919643625493
0.33366666666666667       -31.451156058060388
0.3337333333333333        -31.45215232979691
0.3338                    -31.45440470848269
0.33386666666666664       -31.458154388985427
0.3339333333333333        -31.46334538801502
0.334                     -31.469640190387977
0.3340666666666667        -31.476489260011867
0.33413333333333334       -31.483240490682864
0.3342                    -31.48926701991179
0.3342666666666667        -31.49408804208675
0.33433333333333337       -31.497458459495938
0.33440000000000003       -31.49940960620322
0.3344666666666667        -31.50023372426722
0.33453333333333335       -31.500416944979893
0.3346                    -31.50053624115162
0.33466666666666667       -31.50114263336288
0.3347333333333333        -31.50265456979011
0.3348                    -31.505282026308397
0.33486666666666665       -31.50899474300884
0.3349333333333333        -31.51353885570844
0.335                     -31.518496739477456
0.3350666666666667        -31.523376720927164
0.33513333333333334       -31.527713795201375
0.3352                    -31.531160669813715
0.3352666666666667        -31.53355087668932
0.33533333333333337       -31.53492200999162
0.33540000000000003       -31.535496020862585
0.3354666666666667        -31.535622832166062
0.33553333333333335       -31.53570107884619
0.3356                    -31.536093843375422
0.33566666666666667       -31.537057175173082
0.33573333333333333       -31.538695357611427
0.3358                    -31.54095047715757
0.33586666666666665       -31.543626358186568
0.3359333333333333        -31.546439860968732
0.336                     -31.549087212372697
0.3360666666666667        -31.551310435143186
0.33613333333333334       -31.5529495710958
0.3362                    -31.55397012436419
0.3362666666666667        -31.554461136844093
0.3363333333333334        -31.55460612271021
0.33640000000000003       -31.554635087366783
0.3364666666666667        -31.554769644615774
0.33653333333333335       -31.555174062871583
0.3366                    -31.55592293448067
0.33666666666666667       -31.55699176511286
0.33673333333333333       -31.55827123912589
0.3368                    -31.55960049079445
0.33686666666666665       -31.5608105631509
0.3369333333333333        -31.56176723783696
0.337                     -31.562402986800137
0.3370666666666667        -31.562730774106647
0.33713333333333334       -31.562837088827855
0.3372                    -31.562856757468005
0.3372666666666667        -31.562936480432423
0.3373333333333334        -31.563196600521994
0.33740000000000003       -31.563700780296045
0.3374666666666667        -31.564441084509852
0.33753333333333335       -31.565342023441893
0.3376                    -31.566282372462563
0.33766666666666667       -31.56712915432578
0.33773333333333333       -31.567775094463187
0.3378                    -31.568169891844107
0.33786666666666665       -31.568337072631408
0.3379333333333333        -31.568371714815573
0.338                     -31.56841910676156
0.3380666666666667        -31.568639243479755
0.33813333333333334       -31.56916575782541
0.3382                    -31.57006951559492
0.3382666666666667        -31.571336277277723
0.3383333333333334        -31.572864725545152
0.33840000000000003       -31.574486456828545
0.3384666666666667        -31.576004264332607
0.33853333333333335       -31.577240383429608
0.3386                    -31.57808345365387
0.33866666666666667       -31.578522589681256
0.33873333333333333       -31.57865940758748
0.3388                    -31.57869368169646
0.33886666666666665       -31.57888441929957
0.3389333333333333        -31.5794940668519
0.339                     -31.580727868795083
0.3390666666666667        -31.582682074588526
0.33913333333333334       -31.585313348950258
0.3392                    -31.58843764537973
0.3392666666666667        -31.59176073610744
0.3393333333333334        -31.59493570430454
0.33940000000000003       -31.59763637306645
0.3394666666666667        -31.599631292061325
0.33953333333333335       -31.600841715820845
0.3396                    -31.601369580464844
0.3396666666666667        -31.601487504689622
0.33973333333333333       -31.601591028218884
0.3398                    -31.60212172241043
0.33986666666666665       -31.60347645641763
0.3399333333333333        -31.60592149283799
0.33999999999999997       -31.609529592933406
0.3400666666666667        -31.61415415604766
0.34013333333333334       -31.619447437526027
0.3402                    -31.624921289228247
0.3402666666666667        -31.63004009298223
0.3403333333333334        -31.634328243354663
0.34040000000000004       -31.63747035088643
0.3404666666666667        -31.639382606907787
0.34053333333333335       -31.64023892204344
0.3406                    -31.640444675645334
0.3406666666666667        -31.640562097615955
0.34073333333333333       -31.641201711822543
0.3408                    -31.64290144041775
0.34086666666666665       -31.64601746620474
0.3409333333333333        -31.650648603823775
0.34099999999999997       -31.656609553335002
0.3410666666666667        -31.663459316359074
0.34113333333333334       -31.67058071891466
0.3412                    -31.677296973626085
0.3412666666666667        -31.683003253621685
0.3413333333333334        -31.6872871344708
0.34140000000000004       -31.690012908946827
0.3414666666666667        -31.691351563245334
0.34153333333333336       -31.691749439529584
0.3416                    -31.691841665078933
0.3416666666666667        -31.692328036566533
0.34173333333333333       -31.693836460790422
0.3418                    -31.696800902881716
0.34186666666666665       -31.70137725509312
0.3419333333333333        -31.70741286606897
0.34199999999999997       -31.714475329789046
0.3420666666666667        -31.72193518306249
0.34213333333333334       -31.72908699486642
0.3422                    -31.735285601016436
0.34226666666666666       -31.740070606283272
0.3423333333333334        -31.74325400330342
0.34240000000000004       -31.744953044609808
0.3424666666666667        -31.74556201931205
0.34253333333333336       -31.74566961058786
0.3426                    -31.745939784742877
0.3426666666666667        -31.746981034432473
0.34273333333333333       -31.749230050283096
0.3428                    -31.75287186661185
0.34286666666666665       -31.757810624290673
0.3429333333333333        -31.763695115172798
0.34299999999999997       -31.769992959506084
0.3430666666666667        -31.776098200206636
0.34313333333333335       -31.781450750129927
0.3432                    -31.785643802403726
0.34326666666666666       -31.78849780338835
0.3433333333333334        -31.790086706891966
0.34340000000000004       -31.79071254348274
0.3434666666666667        -31.790835407226382
0.34353333333333336       -31.79097507537214
0.3436                    -31.791605562687195
0.3436666666666667        -31.793064135892543
0.34373333333333334       -31.79549212157842
0.3438                    -31.798817557381586
0.34386666666666665       -31.802781032066033
0.3439333333333333        -31.806997574552454
0.344                     -31.81104063183835
0.3440666666666667        -31.814530209366183
0.34413333333333335       -31.817206931530574
0.3442                    -31.818977282250984
0.34426666666666667       -31.81992193072302
0.3443333333333334        -31.820267332022773
0.34440000000000004       -31.820328734393527
0.3444666666666667        -31.820438450989087
0.34453333333333336       -31.820875557518228
0.3446                    -31.821811803606018
0.3446666666666667        -31.823284100375542
0.34473333333333334       -31.82519766734625
0.3448                    -31.82735720228596
0.34486666666666665       -31.829517634160354
0.3449333333333333        -31.831442246510534
0.345                     -31.832954940588184
0.3450666666666667        -31.833975330227116
0.34513333333333335       -31.834529769805016
0.3452                    -31.834737257077435
0.34526666666666667       -31.83477500146111
0.3453333333333334        -31.834832899827955
0.34540000000000004       -31.835068217928466
0.3454666666666667        -31.83557108930294
0.34553333333333336       -31.836348343996328
0.3456                    -31.837328514111697
0.3456666666666667        -31.838385755606705
0.34573333333333334       -31.83937603012851
0.3458                    -31.84017617748055
0.34586666666666666       -31.84071607993625
0.3459333333333333        -31.840996063740356
0.346                     -31.84108552362008
0.3460666666666667        -31.841103534936334
0.34613333333333335       -31.841186733160043
0.3462                    -31.84145286958687
0.34626666666666667       -31.84196945121092
0.3463333333333334        -31.84273554531403
0.34640000000000004       -31.843681536044794
0.3464666666666667        -31.84468715782359
0.34653333333333336       -31.845613543783852
0.3466                    -31.846341397534864
0.3466666666666667        -31.846805620236665
0.34673333333333334       -31.847017303607892
0.3468                    -31.84706687993897
0.34686666666666666       -31.84710675852084
0.3469333333333333        -31.847316875181985
0.347                     -31.847860972372125
0.3470666666666667        -31.848844023246905
0.34713333333333335       -31.850281377479188
0.3472                    -31.85208787588545
0.34726666666666667       -31.854090837519664
0.3473333333333334        -31.856065370998156
0.34740000000000004       -31.857785064736937
0.3474666666666667        -31.859076998564895
0.34753333333333336       -31.859868250496778
0.3476                    -31.86021225861023
0.3476666666666667        -31.860287464991504
0.34773333333333334       -31.860366781129233
0.3478                    -31.860763149083834
0.34786666666666666       -31.861762214062686
0.3479333333333333        -31.863556520565517
0.348                     -31.86619594235013
0.3480666666666667        -31.869566202397387
0.34813333333333335       -31.87340188744386
0.3482                    -31.877333310631997
0.34826666666666667       -31.880959224474147
0.3483333333333334        -31.883931208697163
0.34840000000000004       -31.886032006289234
0.3484666666666667        -31.88723025428859
0.34853333333333336       -31.887698287626144
0.3486                    -31.887787270527987
0.3486666666666667        -31.887963131478312
0.34873333333333334       -31.888715433101346
0.3488                    -31.890457368504045
0.34886666666666666       -31.893437276854264
0.3489333333333333        -31.897680132817147
0.349                     -31.902971935702627
0.34906666666666664       -31.908891864870476
0.34913333333333335       -31.914887808102996
0.3492                    -31.920381932832274
0.34926666666666667       -31.924886047474345
0.3493333333333334        -31.928103265768485
0.34940000000000004       -31.929994145187095
0.3494666666666667        -31.930792173213437
0.34953333333333336       -31.930963964491667
0.3496                    -31.93112133712734
0.3496666666666667        -31.931902650906117
0.34973333333333334       -31.933847058576497
0.3498                    -31.937286522622756
0.34986666666666666       -31.94227677706156
0.3499333333333333        -31.94858095844761
0.35                      -31.95570985343375
0.35006666666666664       -31.963012139230116
0.35013333333333335       -31.969798215864103
0.3502                    -31.975473973381025
0.35026666666666667       -31.979657831540436
0.3503333333333334        -31.98225685956761
0.35040000000000004       -31.983485771062597
0.3504666666666667        -31.983824545125678
0.35053333333333336       -31.98392347425755
0.3506                    -31.984475321995998
0.3506666666666667        -31.986080489291716
0.35073333333333334       -31.9891316356952
0.3508                    -31.993739576648284
0.35086666666666666       -31.999713921083817
0.3509333333333333        -32.0066015540114
0.351                     -32.01377536500297
0.35106666666666664       -32.02055615097345
0.35113333333333335       -32.026343973630155
0.3512                    -32.03073293308413
0.35126666666666667       -32.033586297171055
0.35133333333333333       -32.035057032571885
0.35140000000000005       -32.035550388612094
0.3514666666666667        -32.035637497140435
0.35153333333333336       -32.035938921783085
0.3516                    -32.03700246001281
0.3516666666666667        -32.039199456550605
0.35173333333333334       -32.042659028841264
0.3518                    -32.04725142838959
0.35186666666666666       -32.05262203853924
0.3519333333333333        -32.058267922207264
0.352                     -32.06364089212873
0.35206666666666664       -32.06825613076448
0.35213333333333335       -32.07178449892821
0.3522                    -32.07411028167805
0.3522666666666667        -32.07534367820334
0.35233333333333333       -32.07578721118785
0.35240000000000005       -32.07586504639452
0.3524666666666667        -32.07603161834922
0.35253333333333337       -32.07667935710675
0.3526                    -32.078064275611794
0.3526666666666667        -32.0802633711796
0.35273333333333334       -32.08317057084934
0.3528                    -32.086529897324084
0.35286666666666666       -32.08999716779531
0.3529333333333333        -32.09321616122163
0.353                     -32.09589277733977
0.35306666666666664       -32.097851758880005
0.35313333333333335       -32.099064878779544
0.3532                    -32.09964615987046
0.3532666666666667        -32.09981712817304
0.35333333333333333       -32.099851523021435
0.35340000000000005       -32.100012827546784
0.3534666666666667        -32.10049868666572
0.35353333333333337       -32.101403838125215
0.3536                    -32.10270838837658
0.3536666666666667        -32.10429231996996
0.35373333333333334       -32.1059713306456
0.3538                    -32.107544662282336
0.35386666666666666       -32.108843365528905
0.3539333333333333        -32.109767895749776
0.354                     -32.1103069107014
0.35406666666666664       -32.110533913574145
0.35413333333333336       -32.11058378141542
0.3542                    -32.11061591262076
0.3542666666666667        -32.110773604713565
0.35433333333333333       -32.11114972552306
0.35440000000000005       -32.11176678165257
0.3544666666666667        -32.112575693070866
0.35453333333333337       -32.113472902873525
0.3546                    -32.114330986057794
0.3546666666666667        -32.11503469584163
0.35473333333333334       -32.11551314975762
0.3548                    -32.11575991378346
0.35486666666666666       -32.11583584952274
0.3549333333333333        -32.11585398573361
0.355                     -32.115950257970475
0.35506666666666664       -32.11624757553243
0.35513333333333336       -32.116822429941514
0.3552                    -32.11768274031758
0.3552666666666667        -32.11876297621579
0.35533333333333333       -32.11993843071202
0.35540000000000005       -32.121055790869434
0.3554666666666667        -32.121972963357265
0.35553333333333337       -32.122598478578574
0.3556                    -32.12292043346696
0.3556666666666667        -32.123017050494546
0.35573333333333335       -32.12304512023882
0.3558                    -32.12320788849238
0.35586666666666666       -32.12370905862241
0.3559333333333333        -32.12470325087262
0.356                     -32.1262546010967
0.35606666666666664       -32.12831385854682
0.35613333333333336       -32.13072060639536
0.3562                    -32.13323182018337
0.3562666666666667        -32.13557198546922
0.35633333333333334       -32.13749468797906
0.35640000000000005       -32.13884221940244
0.3564666666666667        -32.139589269754715
0.35653333333333337       -32.13985956767339
0.35660000000000003       -32.139909939519875
0.3566666666666667        -32.14008345707002
0.35673333333333335       -32.14074042839392
0.3568                    -32.142181277633924
0.35686666666666667       -32.14457766788533
0.3569333333333333        -32.14792709487766
0.357                     -32.152041882935876
0.35706666666666664       -32.15657685613658
0.35713333333333336       -32.16109210603362
0.3572                    -32.165139649399585
0.3572666666666667        -32.16835691897649
0.35733333333333334       -32.17054741979446
0.35740000000000005       -32.17173048610573
0.3574666666666667        -32.172147926675635
0.35753333333333337       -32.17222431922198
0.35760000000000003       -32.17248771867196
0.3576666666666667        -32.173466164117
0.35773333333333335       -32.17558064025744
0.3578                    -32.179056084757754
0.35786666666666667       -32.18386870418314
0.3579333333333333        -32.189741107597456
0.358                     -32.19618782426876
0.35806666666666664       -32.20260405874721
0.3581333333333333        -32.20838163161216
0.3582                    -32.213029685656615
0.3582666666666667        -32.216275551019514
0.35833333333333334       -32.2181241982947
0.35840000000000005       -32.21886279686241
0.3584666666666667        -32.21900838446009
0.35853333333333337       -32.21920876755553
0.35860000000000003       -32.220116529192204
0.3586666666666667        -32.222261249746765
0.35873333333333335       -32.22594496323305
0.3588                    -32.23118100586155
0.35886666666666667       -32.23768808126849
0.3589333333333333        -32.244941130570446
0.359                     -32.25227001216349
0.35906666666666665       -32.25898765905188
0.3591333333333333        -32.26452299277457
0.3592                    -32.26853204893145
0.3592666666666667        -32.270964491304596
0.35933333333333334       -32.272071657590914
0.35940000000000005       -32.27235462123369
0.3594666666666667        -32.272463453989936
0.35953333333333337       -32.27306878531208
0.35960000000000003       -32.27473169048959
0.3596666666666667        -32.27779725870073
0.35973333333333335       -32.28233166164975
0.3598                    -32.2881137296215
0.35986666666666667       -32.294681696578216
0.3599333333333333        -32.30142553960882
0.36                      -32.307706750832565
0.36006666666666665       -32.31298194347244
0.3601333333333333        -32.316905705929734
0.3602                    -32.31939221708413
0.3602666666666667        -32.320623795166426
0.36033333333333334       -32.32100591288841
0.3604                    -32.32107951553066
0.3604666666666667        -32.32140997360023
0.3605333333333334        -32.32247585824416
0.36060000000000003       -32.324579505835686
0.3606666666666667        -32.327795846446485
0.36073333333333335       -32.331967740393594
0.3608                    -32.336746815848635
0.36086666666666667       -32.34167013297451
0.36093333333333333       -32.346256329647396
0.361                     -32.35010141424202
0.36106666666666665       -32.35295484580373
0.3611333333333333        -32.35476106337313
0.3612                    -32.35565933179255
0.3612666666666667        -32.35594390936587
0.36133333333333334       -32.355994919310604
0.3614                    -32.35619596448385
0.3614666666666667        -32.35685633098376
0.3615333333333334        -32.358153508141314
0.36160000000000003       -32.36010653776243
0.3616666666666667        -32.36258374130452
0.36173333333333335       -32.36534114850793
0.3618                    -32.36808184219678
0.36186666666666667       -32.370522559402566
0.36193333333333333       -32.372452975863915
0.362                     -32.37377532930029
0.36206666666666665       -32.37451691519309
0.3621333333333333        -32.374814379696055
0.3622                    -32.37487510298942
0.3622666666666667        -32.37492580130298
0.36233333333333334       -32.37516071660614
0.3624                    -32.37570106020126
0.3624666666666667        -32.376574103831025
0.3625333333333334        -32.37771537910294
0.36260000000000003       -32.37899202932303
0.3626666666666667        -32.38024064530394
0.36273333333333335       -32.3813099005926
0.3628                    -32.3820976070214
0.36286666666666667       -32.38257356111411
0.36293333333333333       -32.3827833046894
0.363                     -32.38283274517493
0.36306666666666665       -32.382858269226496
0.3631333333333333        -32.38299038605257
0.3632                    -32.383320263686784
0.3632666666666667        -32.383877528183234
0.36333333333333334       -32.384624702906606
0.3634                    -32.38546943695632
0.3634666666666667        -32.38629122098621
0.3635333333333334        -32.38697566090786
0.36360000000000003       -32.3874474423561
0.3636666666666667        -32.38769336709227
0.36373333333333335       -32.38776926016097
0.3638                    -32.38778857111893
0.36386666666666667       -32.38789513266519
0.36393333333333333       -32.38822663083074
0.364                     -32.38887785864993
0.36406666666666665       -32.38987314919055
0.3641333333333333        -32.39115542698679
0.3642                    -32.392595512722565
0.3642666666666667        -32.39402050270376
0.36433333333333334       -32.395255297146385
0.3644                    -32.396167782685026
0.3644666666666667        -32.396706708382766
0.3645333333333334        -32.396922426341135
0.36460000000000004       -32.396964279800244
0.3646666666666667        -32.39705374347028
0.36473333333333335       -32.397438198348254
0.3648                    -32.398335056858215
0.3648666666666667        -32.39987868318564
0.36493333333333333       -32.40208253732224
0.365                     -32.40482618631028
0.36506666666666665       -32.4078718060168
0.3651333333333333        -32.4109084979767
0.3652                    -32.41361640501289
0.3652666666666667        -32.4157375845413
0.36533333333333334       -32.41713814119757
0.3654                    -32.417847057701366
0.3654666666666667        -32.418061571084664
0.3655333333333334        -32.418115981850285
0.36560000000000004       -32.41841884872634
0.3656666666666667        -32.4193706900063
0.36573333333333335       -32.42127892538946
0.3658                    -32.42428788972522
0.3658666666666667        -32.42833920229759
0.36593333333333333       -32.43317214330362
0.366                     -32.43836598892531
0.36606666666666665       -32.4434177892289
0.3661333333333333        -32.4478413489716
0.3662                    -32.45126780639718
0.3662666666666667        -32.453526646204324
0.36633333333333334       -32.45468904111681
0.3664                    -32.455062801147434
0.3664666666666667        -32.4551383765657
0.3665333333333334        -32.455495878740564
0.36660000000000004       -32.4566914169452
0.3666666666666667        -32.45914537399131
0.36673333333333336       -32.46305488813916
0.3668                    -32.46834818307657
0.3668666666666667        -32.47469057979165
0.36693333333333333       -32.481542401636304
0.367                     -32.488259024823144
0.36706666666666665       -32.4942146460329
0.3671333333333333        -32.49892567676149
0.36719999999999997       -32.50214860762707
0.3672666666666667        -32.50393154647863
0.36733333333333335       -32.50460791516683
0.3674                    -32.50473298118618
0.3674666666666667        -32.50497600636803
0.3675333333333334        -32.50598985786128
0.36760000000000004       -32.508284021963675
0.3676666666666667        -32.51212564824168
0.36773333333333336       -32.517487351889045
0.3678                    -32.52405150397115
0.3678666666666667        -32.5312702676259
0.36793333333333333       -32.53847026165983
0.368                     -32.54498203381883
0.36806666666666665       -32.55026914791442
0.3681333333333333        -32.554031085285274
0.36819999999999997       -32.556259026056246
0.3682666666666667        -32.557233264057224
0.36833333333333335       -32.55746339598196
0.3684                    -32.55758445664624
0.3684666666666667        -32.55823091108568
0.3685333333333334        -32.55991403043237
0.36860000000000004       -32.56292637357175
0.3686666666666667        -32.567290851882554
0.36873333333333336       -32.572762808587626
0.3688                    -32.578883438786434
0.3688666666666667        -32.58507331635421
0.36893333333333334       -32.59074726291876
0.369                     -32.59542766364759
0.36906666666666665       -32.59883365038346
0.3691333333333333        -32.60092862358008
0.3692                    -32.601917514608594
0.3692666666666667        -32.60219599437563
0.36933333333333335       -32.602263886208476
0.3694                    -32.602621952238465
0.36946666666666667       -32.603673601096816
0.3695333333333334        -32.60565080796729
0.36960000000000004       -32.608577607850286
0.3696666666666667        -32.61227644776531
0.36973333333333336       -32.61641410386857
0.3698                    -32.620576291012924
0.3698666666666667        -32.62435479973727
0.36993333333333334       -32.62742896579227
0.37                      -32.62962498872775
0.37006666666666665       -32.630941808600646
0.3701333333333333        -32.63153981429158
0.3702                    -32.63169682169342
0.3702666666666667        -32.631742576847095
0.37033333333333335       -32.63198697234173
0.3704                    -32.63265751518431
0.37046666666666667       -32.633858578039906
0.3705333333333334        -32.63555954665851
0.37060000000000004       -32.63761245919249
0.3706666666666667        -32.63979349085548
0.37073333333333336       -32.6418578842324
0.3708                    -32.64359556370073
0.3708666666666667        -32.64487514941666
0.37093333333333334       -32.64566726816351
0.371                     -32.64604319169547
0.37106666666666666       -32.646150678069795
0.3711333333333333        -32.646174032411494
0.3712                    -32.64628864155595
0.3712666666666667        -32.64662090854011
0.37133333333333335       -32.64722262063212
0.3714                    -32.648064924012736
0.37146666666666667       -32.64905223221983
0.3715333333333334        -32.65005169040498
0.37160000000000004       -32.650930298442084
0.3716666666666667        -32.65159023407765
0.37173333333333336       -32.65199365125505
0.3718                    -32.65217106733968
0.3718666666666667        -32.65221168904859
0.37193333333333334       -32.652238595606605
0.372                     -32.6523754540487
0.37206666666666666       -32.65271346877552
0.3721333333333333        -32.65328710765134
0.3722                    -32.65406488732398
0.3722666666666667        -32.65495771445475
0.37233333333333335       -32.655842872015086
0.3724                    -32.6565977493537
0.37246666666666667       -32.65713480288352
0.3725333333333334        -32.65742867613631
0.37260000000000004       -32.65752811327255
0.3726666666666667        -32.65754891979953
0.37273333333333336       -32.65764890135544
0.3728                    -32.65799029127212
0.3728666666666667        -32.65869851826756
0.37293333333333334       -32.659827438709435
0.373                     -32.66134003897024
0.37306666666666666       -32.66311032322803
0.3731333333333333        -32.66494732887182
0.3732                    -32.66663696923985
0.3732666666666667        -32.66799285657613
0.37333333333333335       -32.668904511668444
0.3734                    -32.669371213910125
0.37346666666666667       -32.66951241914599
0.3735333333333334        -32.669550697511205
0.37360000000000004       -32.66976939469342
0.3736666666666667        -32.67045321034533
0.37373333333333336       -32.67182418675185
0.3738                    -32.67398721682066
0.3738666666666667        -32.6768977581255
0.37393333333333334       -32.68036025587266
0.374                     -32.6840596111765
0.37406666666666666       -32.68762101517611
0.3741333333333333        -32.69068696414414
0.3742                    -32.69299570299425
0.3742666666666667        -32.6944439422101
0.37433333333333335       -32.6951191136378
0.3744                    -32.695292424173516
0.37446666666666667       -32.69537228665235
0.3745333333333334        -32.695826401129004
0.37460000000000004       -32.69708775986067
0.3746666666666667        -32.699463597797696
0.37473333333333336       -32.70306612642652
0.3748                    -32.707779968454254
0.3748666666666667        -32.713274377763454
0.37493333333333334       -32.71905976442207
0.375                     -32.724579148490854
0.37506666666666666       -32.72931752161865
0.3751333333333333        -32.73290736018246
0.3752                    -32.73520810819281
0.37526666666666664       -32.73634194399729
0.37533333333333335       -32.736676921951904
0.3754                    -32.736759700058414
0.37546666666666667       -32.73721082008987
0.3755333333333334        -32.73860332717541
0.37560000000000004       -32.74134878246621
0.3756666666666667        -32.74561309690678
0.37573333333333336       -32.751278818244096
0.3758                    -32.75796182772319
0.3758666666666667        -32.7650803090486
0.37593333333333334       -32.77196385531491
0.376                     -32.777982312667575
0.37606666666666666       -32.78266914330773
0.3761333333333333        -32.78581418732548
0.3762                    -32.78750629505551
0.37626666666666664       -32.78811654204745
0.37633333333333335       -32.788225313567445
0.3764                    -32.788508335519175
0.37646666666666667       -32.789604893928455
0.3765333333333334        -32.79199439554385
0.37660000000000005       -32.79590496720799
0.3766666666666667        -32.801271037090366
0.37673333333333336       -32.807747392926146
0.3768                    -32.81477672785159
0.3768666666666667        -32.82169772735016
0.37693333333333334       -32.82787287422187
0.377                     -32.832810899184736
0.37706666666666666       -32.836259422999376
0.3771333333333333        -32.83824919667796
0.3772                    -32.83908147903129
0.37726666666666664       -32.83926218990369
0.37733333333333335       -32.83939755600836
0.3774                    -32.840073379429796
0.3774666666666667        -32.841742357405025
0.37753333333333333       -32.84464107942409
0.37760000000000005       -32.84875156489444
0.3776666666666667        -32.85381314605364
0.37773333333333337       -32.85938085042193
0.3778                    -32.8649177467586
0.3778666666666667        -32.869902387061025
0.37793333333333334       -32.87392970488191
0.378                     -32.87678527431428
0.37806666666666666       -32.87847863096645
0.3781333333333333        -32.87923027163317
0.3782                    -32.87941691989844
0.37826666666666664       -32.879488260692106
0.37833333333333335       -32.87987362721343
0.3784                    -32.88089810291319
0.3784666666666667        -32.88272436902717
0.37853333333333333       -32.885330452803665
0.37860000000000005       -32.88852580798031
0.3786666666666667        -32.892000430668325
0.37873333333333337       -32.895395364754414
0.3788                    -32.898379100891944
0.3788666666666667        -32.90071375439829
0.37893333333333334       -32.90229768151014
0.379                     -32.903176793477655
0.37906666666666666       -32.9035239773465
0.3791333333333333        -32.903593029180186
0.3792                    -32.90365870398335
0.37926666666666664       -32.90395677381128
0.37933333333333336       -32.90463705028189
0.3794                    -32.905738640707
0.3794666666666667        -32.907191286100954
0.37953333333333333       -32.908840734922634
0.37960000000000005       -32.910490979093666
0.3796666666666667        -32.911952843914904
0.37973333333333337       -32.9130875348319
0.3798                    -32.91383545118995
0.3798666666666667        -32.914224452807815
0.37993333333333335       -32.91435686003347
0.38                      -32.91437952838257
0.38006666666666666       -32.914445140945
0.3801333333333333        -32.914674542785576
0.3802                    -32.91512920714063
0.38026666666666664       -32.91580007229265
0.38033333333333336       -32.916614783856254
0.3804                    -32.91746083852426
0.3804666666666667        -32.91821830313276
0.38053333333333333       -32.91879355343597
0.38060000000000005       -32.919145360792385
0.3806666666666667        -32.91929668488703
0.38073333333333337       -32.91932921393175
0.3808                    -32.9193621108857
0.3808666666666667        -32.91952046082479
0.38093333333333335       -32.91990156077583
0.381                     -32.92054780666978
0.38106666666666666       -32.92143338087139
0.3811333333333333        -32.92246860698623
0.3812                    -32.92352149480354
0.38126666666666664       -32.924451653164866
0.38133333333333336       -32.92514843513985
0.3814                    -32.9255637424993
0.3814666666666667        -32.92573080065732
0.38153333333333334       -32.92576331462352
0.38160000000000005       -32.92583404851455
0.3816666666666667        -32.92613692634991
0.38173333333333337       -32.926840987530646
0.38180000000000003       -32.92804690604435
0.3818666666666667        -32.929756714562956
0.38193333333333335       -32.93186484022641
0.382                     -32.934174057811546
0.38206666666666667       -32.936434401985395
0.3821333333333333        -32.93839761095359
0.3822                    -32.93987553034043
0.38226666666666664       -32.9407891587056
0.38233333333333336       -32.94119628982709
0.3824                    -32.9412899305147
0.3824666666666667        -32.94136599318083
0.38253333333333334       -32.94176572132231
0.38260000000000005       -32.942804247492255
0.3826666666666667        -32.94470022782613
0.38273333333333337       -32.947521881128786
0.38280000000000003       -32.951161932123505
0.3828666666666667        -32.95534847143584
0.38293333333333335       -32.95969158304896
0.383                     -32.963758028830675
0.38306666666666667       -32.96715978136383
0.3831333333333333        -32.96963824007533
0.3832                    -32.97112572915221
0.38326666666666664       -32.97176980974243
0.38333333333333336       -32.97191343777128
0.3834                    -32.97203341095932
0.3834666666666667        -32.972648623684336
0.38353333333333334       -32.97421625019589
0.38360000000000005       -32.97703671897566
0.3836666666666667        -32.98118685462208
0.38373333333333337       -32.98649535811169
0.38380000000000003       -32.992566919101606
0.3838666666666667        -32.99885201154404
0.38393333333333335       -33.00475028808633
0.384                     -33.00972809568025
0.38406666666666667       -33.013426659676625
0.3841333333333333        -33.01573824280421
0.3842                    -33.01683345499542
0.38426666666666665       -33.01713287215547
0.3843333333333333        -33.0172279224888
0.3844                    -33.01776671422012
0.3844666666666667        -33.01932758739802
0.38453333333333334       -33.02230531319109
0.38460000000000005       -33.02683203008988
0.3846666666666667        -33.03274819326362
0.38473333333333337       -33.0396294680755
0.38480000000000003       -33.04686514507577
0.3848666666666667        -33.05377382640401
0.38493333333333335       -33.059734463436705
0.385                     -33.064306977474544
0.38506666666666667       -33.067317967192494
0.3851333333333333        -33.06889369694674
0.3852                    -33.06943349349646
0.38526666666666665       -33.0695293078129
0.3853333333333333        -33.06984838233067
0.3854                    -33.07100306507757
0.3854666666666667        -33.073433525759
0.38553333333333334       -33.07732564878803
0.38560000000000005       -33.08257895975743
0.3856666666666667        -33.088829762364675
0.3857333333333334        -33.09552438385685
0.38580000000000003       -33.102028093581865
0.3858666666666667        -33.10774837101316
0.38593333333333335       -33.11224816500165
0.386                     -33.115326586717615
0.38606666666666667       -33.11705115245977
0.38613333333333333       -33.11773597960928
0.3862                    -33.11787183819655
0.38626666666666665       -33.11802384823014
0.3863333333333333        -33.11871859870217
0.3864                    -33.12034348550998
0.3864666666666667        -33.123077409165276
0.38653333333333334       -33.126864888597495
0.3866                    -33.13143678663647
0.3866666666666667        -33.13637184960579
0.3867333333333334        -33.14118561492834
0.38680000000000003       -33.14542821783259
0.3868666666666667        -33.148771219478306
0.38693333333333335       -33.151066228037266
0.387                     -33.15236439338389
0.38706666666666667       -33.15289447779202
0.38713333333333333       -33.1530061065793
0.3872                    -33.15309186024203
0.38726666666666665       -33.15350553031254
0.3873333333333333        -33.15449355768549
0.3874                    -33.156152838112696
0.3874666666666667        -33.15842184905379
0.38753333333333334       -33.16110486268572
0.3876                    -33.16392229048645
0.3876666666666667        -33.16657519114121
0.3877333333333334        -33.16880958307885
0.38780000000000003       -33.170466894022496
0.3878666666666667        -33.171510502108255
0.38793333333333335       -33.17202405573747
0.388                     -33.17218374453323
0.38806666666666667       -33.17221237955201
0.38813333333333333       -33.172326720304895
0.3882                    -33.172690251347554
0.38826666666666665       -33.17338158781052
0.3883333333333333        -33.17438453798562
0.3884                    -33.17560062841564
0.3884666666666667        -33.17687978891421
0.38853333333333334       -33.17806098992676
0.3886                    -33.17901273073905
0.3886666666666667        -33.17966377250074
0.3887333333333334        -33.18001724305947
0.38880000000000003       -33.18014552894429
0.3888666666666667        -33.18016814400393
0.38893333333333335       -33.180218840866715
0.389                     -33.18041063275505
0.38906666666666667       -33.18080759791546
0.38913333333333333       -33.18141038434979
0.3892                    -33.18215876009272
0.38926666666666665       -33.18295024820727
0.3893333333333333        -33.18366986734715
0.3894                    -33.18422321622554
0.3894666666666667        -33.18456427038626
0.38953333333333334       -33.18471054344387
0.3896                    -33.184741420440645
0.3896666666666667        -33.18477973234379
0.3897333333333334        -33.18496094210499
0.38980000000000004       -33.1853975714606
0.3898666666666667        -33.18614790151426
0.38993333333333335       -33.18719718222229
0.39                      -33.1884567610042
0.3900666666666667        -33.18978231884471
0.39013333333333333       -33.19100772645668
0.3902                    -33.19198697802923
0.39026666666666665       -33.1926342229299
0.3903333333333333        -33.19295178731028
0.3904                    -33.193038434474985
0.3904666666666667        -33.1930745086048
0.39053333333333334       -33.19328603766864
0.3906                    -33.19389503131706
0.3906666666666667        -33.1950668466061
0.3907333333333334        -33.19686673831848
0.39080000000000004       -33.19923625411226
0.3908666666666667        -33.2019962458011
0.39093333333333335       -33.20487769098251
0.391                     -33.207575338000204
0.3910666666666667        -33.209813678421696
0.39113333333333333       -33.21141119306786
0.3912                    -33.2123282180862
0.39126666666666665       -33.212686554137306
0.3913333333333333        -33.21275468235484
0.3914                    -33.212899915452574
0.3914666666666667        -33.213516245328094
0.39153333333333334       -33.214942297082935
0.3916                    -33.21738641041565
0.3916666666666667        -33.22087495336025
0.3917333333333334        -33.22523578218614
0.39180000000000004       -33.23012209348326
0.3918666666666667        -33.235073918842176
0.39193333333333336       -33.2396065774046
0.392                     -33.24330907305225
0.3920666666666667        -33.24593221360593
0.39213333333333333       -33.2474472363814
0.3922                    -33.248061156254906
0.39226666666666665       -33.24818392826247
0.3923333333333333        -33.24835280064029
0.3924                    -33.24912843980475
0.3924666666666667        -33.2509834098651
0.39253333333333335       -33.254205228985384
0.3926                    -33.258833460242926
0.3926666666666667        -33.26464392355894
0.3927333333333334        -33.27118436796122
0.39280000000000004       -33.277856217132445
0.3928666666666667        -33.28402781717021
0.39293333333333336       -33.28915764308672
0.393                     -33.29290282041215
0.3930666666666667        -33.2951902809567
0.39313333333333333       -33.29623500611802
0.3932                    -33.29650076773498
0.39326666666666665       -33.29661096280183
0.3933333333333333        -33.29722754326153
0.39339999999999997       -33.298922274139976
0.3934666666666667        -33.30206554234353
0.39353333333333335       -33.306753992690204
0.3936                    -33.31279061040981
0.3936666666666667        -33.319721060321065
0.3937333333333334        -33.326919691974126
0.39380000000000004       -33.333709166479785
0.3938666666666667        -33.33949076042787
0.39393333333333336       -33.343859621815746
0.394                     -33.346681676748354
0.3940666666666667        -33.34811650366979
0.39413333333333334       -33.348581828937704
0.3942                    -33.348667654717474
0.39426666666666665       -33.34901834573231
0.3943333333333333        -33.350206912634434
0.3944                    -33.35262627089961
0.3944666666666667        -33.35641788692022
0.39453333333333335       -33.36145033871561
0.3946                    -33.36735062421549
0.3946666666666667        -33.37358118908669
0.3947333333333334        -33.3795471271917
0.39480000000000004       -33.38471224749939
0.3948666666666667        -33.388700928493606
0.39493333333333336       -33.39136558134531
0.395                     -33.39280681688189
0.3950666666666667        -33.393343562216714
0.39513333333333334       -33.393440992466694
0.3952                    -33.39361265485786
0.39526666666666666       -33.394317671734655
0.3953333333333333        -33.395873728342536
0.3954                    -33.3984021977289
0.3954666666666667        -33.4018145420672
0.39553333333333335       -33.40584066647798
0.3956                    -33.41009175090138
0.39566666666666667       -33.41414362435672
0.3957333333333334        -33.41762310018701
0.39580000000000004       -33.42027960077591
0.3958666666666667        -33.422027987065285
0.39593333333333336       -33.422955076373164
0.396                     -33.423290398726344
0.3960666666666667        -33.42334938857503
0.39613333333333334       -33.4234626481023
0.3962                    -33.42390702360748
0.39626666666666666       -33.42485279874835
0.3963333333333333        -33.42633695699835
0.3964                    -33.42826636613672
0.3964666666666667        -33.43044825102376
0.39653333333333335       -33.432639743099685
0.3966                    -33.434604683766
0.39666666666666667       -33.436164894569934
0.3967333333333334        -33.43723497659271
0.39680000000000004       -33.437833925152844
0.3968666666666667        -33.43807243666718
0.39693333333333336       -33.43812038958379
0.397                     -33.438163264498385
0.3970666666666667        -33.43835827881112
0.39713333333333334       -33.43880041426503
0.3972                    -33.43950561933732
0.39726666666666666       -33.44041407452417
0.3973333333333333        -33.44141158088294
0.3974                    -33.44236296125577
0.3974666666666667        -33.443148761598394
0.39753333333333335       -33.44369606890285
0.3976                    -33.443996006307316
0.39766666666666667       -33.44410398491107
0.3977333333333334        -33.444123202470834
0.39780000000000004       -33.44417607227393
0.3978666666666667        -33.444371201544726
0.39793333333333336       -33.4447745222193
0.398                     -33.44539201726738
0.3980666666666667        -33.4461685099423
0.39813333333333334       -33.44700292644589
0.3982                    -33.4477762699857
0.39826666666666666       -33.44838524915356
0.3983333333333333        -33.448772899853104
0.3984                    -33.4489480708242
0.3984666666666667        -33.44898824463875
0.39853333333333335       -33.44902424552088
0.3986                    -33.44920994734399
0.39866666666666667       -33.449684001606535
0.3987333333333334        -33.45053288036458
0.39880000000000004       -33.45176460443771
0.3988666666666667        -33.45330035525923
0.39893333333333336       -33.45498720265028
0.399                     -33.45663026321446
0.3990666666666667        -33.4580378097895
0.39913333333333334       -33.459069298365286
0.3992                    -33.459674896176246
0.39926666666666666       -33.459916381229284
0.3993333333333333        -33.45996310848142
0.3994                    -33.460062299613256
0.3994666666666667        -33.46048891467269
0.39953333333333335       -33.4614853664158
0.3996                    -33.46320415923124
0.39966666666666667       -33.4656665298303
0.3997333333333334        -33.468747319094966
0.39980000000000004       -33.472191150094716
0.3998666666666667        -33.47565847816352
0.39993333333333336       -33.47879344879836
0.4                       -33.48130012435
0.4000666666666667        -33.48301082785308
0.40013333333333334       -33.4839310180905
0.4002                    -33.484249424798385
0.40026666666666666       -33.48430935447359
0.4003333333333333        -33.48454550430971
0.4004                    -33.48539829049767
0.4004666666666667        -33.4872228336475
0.40053333333333335       -33.4902112879672
0.4006                    -33.49434496523536
0.40066666666666667       -33.49938723150806
0.4007333333333334        -33.504920450090374
0.40080000000000005       -33.510421585444064
0.4008666666666667        -33.51536294564338
0.40093333333333336       -33.51931853812187
0.401                     -33.52205416679538
0.4010666666666667        -33.5235816910116
0.40113333333333334       -33.52416473249766
0.4012                    -33.52427319468187
0.40126666666666666       -33.52449486714395
0.4013333333333333        -33.525421477621194
0.4014                    -33.52753178388042
0.4014666666666667        -33.531094783333046
0.40153333333333335       -33.5361121397104
0.4016                    -33.542311535164366
0.40166666666666667       -33.54919322541112
0.4017333333333334        -33.556122064499256
0.40180000000000005       -33.562448226625136
0.4018666666666667        -33.56763346457301
0.40193333333333336       -33.571357615832945
0.402                     -33.573583218373464
0.4020666666666667        -33.57456434511454
0.40213333333333334       -33.574797431004285
0.4022                    -33.57492413138496
0.40226666666666666       -33.575606090944
0.4023333333333333        -33.577396728161936
0.4024                    -33.5806349905213
0.40246666666666664       -33.585381103378054
0.40253333333333335       -33.5914060215162
0.4026                    -33.598236229783375
0.4026666666666667        -33.60524530265698
0.4027333333333334        -33.61177475092261
0.40280000000000005       -33.61726071008356
0.4028666666666667        -33.621341382710206
0.40293333333333337       -33.62392366201134
0.403                     -33.625195706321186
0.4030666666666667        -33.62558367332773
0.40313333333333334       -33.625662598003686
0.4032                    -33.62604062153429
0.40326666666666666       -33.62724041699339
0.4033333333333333        -33.62960108256688
0.4034                    -33.63321867221806
0.40346666666666664       -33.63793538404646
0.40353333333333335       -33.64337792906686
0.4036                    -33.64903636301301
0.4036666666666667        -33.65436713224011
0.4037333333333334        -33.65889956300021
0.40380000000000005       -33.66232451556106
0.4038666666666667        -33.664547798247845
0.40393333333333337       -33.66569857399831
0.404                     -33.6660927262743
0.4040666666666667        -33.66616065394253
0.40413333333333334       -33.66635597370573
0.4042                    -33.66706464353355
0.40426666666666666       -33.66853274405274
0.4043333333333333        -33.670826270098836
0.4044                    -33.673829131251985
0.40446666666666664       -33.67727768093842
0.40453333333333336       -33.680822950259696
0.4046                    -33.684106601466134
0.4046666666666667        -33.68683436983942
0.40473333333333333       -33.6888318957198
0.40480000000000005       -33.690072167068344
0.4048666666666667        -33.69067035851832
0.40493333333333337       -33.69084913032359
0.405                     -33.69088370928016
0.4050666666666667        -33.69103989315174
0.40513333333333335       -33.69151878023829
0.4052                    -33.692419628305935
0.40526666666666666       -33.69372757097702
0.4053333333333333        -33.69532713309499
0.4054                    -33.69703685664685
0.40546666666666664       -33.698656017218475
0.40553333333333336       -33.7000122265829
0.4056                    -33.700999094575145
0.4056666666666667        -33.70159593517986
0.40573333333333333       -33.70186605940683
0.40580000000000005       -33.701935383536245
0.4058666666666667        -33.70195762923275
0.40593333333333337       -33.702075230640546
0.406                     -33.702385596866634
0.4060666666666667        -33.70292060484441
0.40613333333333335       -33.703643654425214
0.4062                    -33.704464204243656
0.40626666666666666       -33.70526546580618
0.4063333333333333        -33.70593783520121
0.4064                    -33.70640939484821
0.40646666666666664       -33.70666571111507
0.40653333333333336       -33.70675396988124
0.4066                    -33.70677053218212
0.4066666666666667        -33.70683523799778
0.40673333333333334       -33.70705916829643
0.40680000000000005       -33.70751425757934
0.4068666666666667        -33.70821273620631
0.40693333333333337       -33.70910199184509
0.40700000000000003       -33.71007664654745
0.4070666666666667        -33.71100533670871
0.40713333333333335       -33.711765870480946
0.4072                    -33.71228005496451
0.40726666666666667       -33.71253917816302
0.4073333333333333        -33.712613072265505
0.4074                    -33.71263948858669
0.40746666666666664       -33.71279529315756
0.40753333333333336       -33.713255577903325
0.4076                    -33.714150042327
0.4076666666666667        -33.71552713095977
0.40773333333333334       -33.71733511627575
0.40780000000000005       -33.719425836707074
0.4078666666666667        -33.72158183355595
0.40793333333333337       -33.72356220041336
0.40800000000000003       -33.72515774519579
0.4080666666666667        -33.7262432040118
0.40813333333333335       -33.72681407097695
0.4082                    -33.726998382530866
0.40826666666666667       -33.72703904599782
0.4083333333333333        -33.727248869948895
0.4084                    -33.727946787943154
0.40846666666666664       -33.72938836999309
0.40853333333333336       -33.73170554596375
0.4086                    -33.73486914421324
0.4086666666666667        -33.73868364780033
0.40873333333333334       -33.742817263411375
0.40880000000000005       -33.746863108027895
0.4088666666666667        -33.750420403094026
0.40893333333333337       -33.753179485448285
0.40900000000000003       -33.754992514370514
0.4090666666666667        -33.75591376731253
0.40913333333333335       -33.75619926052038
0.4092                    -33.756263933984336
0.40926666666666667       -33.75660382166235
0.4093333333333333        -33.75769829673376
0.4094                    -33.75991191751598
0.40946666666666665       -33.76341578840911
0.40953333333333336       -33.7681448194695
0.4096                    -33.773800625481684
0.4096666666666667        -33.779901225892075
0.40973333333333334       -33.7858695632105
0.40980000000000005       -33.791144692345306
0.4098666666666667        -33.79529396552819
0.40993333333333337       -33.79810314896402
0.41000000000000003       -33.79962498932456
0.4100666666666667        -33.80017493564544
0.41013333333333335       -33.80027378525548
0.4102                    -33.80054828841081
0.41026666666666667       -33.80160948480735
0.4103333333333333        -33.80393286854629
0.4104                    -33.807763800535284
0.41046666666666665       -33.81306649385151
0.4105333333333333        -33.81952665286046
0.4106                    -33.8266079285377
0.4106666666666667        -33.83365225939271
0.41073333333333334       -33.84000546583364
0.41080000000000005       -33.84514381795374
0.4108666666666667        -33.84877621425294
0.4109333333333334        -33.85090089685062
0.41100000000000003       -33.85180479738962
0.4110666666666667        -33.85200568848115
0.41113333333333335       -33.85214935046472
0.4112                    -33.85288300971875
0.41126666666666667       -33.85473043139633
0.41133333333333333       -33.85799280842819
0.4114                    -33.86269381690965
0.41146666666666665       -33.86857843466738
0.4115333333333333        -33.875165015320455
0.4116                    -33.881840246148144
0.4116666666666667        -33.88797849577181
0.41173333333333334       -33.89306214528503
0.41180000000000005       -33.89677902759202
0.4118666666666667        -33.899077606490664
0.4119333333333334        -33.90016936407274
0.41200000000000003       -33.90047910462239
0.4120666666666667        -33.90055479485963
0.41213333333333335       -33.900956512719205
0.4122                    -33.90214740308801
0.41226666666666667       -33.90440793234043
0.41233333333333333       -33.90778906261683
0.4124                    -33.91211175037921
0.41246666666666665       -33.91701107738424
0.4125333333333333        -33.922014892344215
0.4126                    -33.92664044581899
0.4126666666666667        -33.93048928649694
0.41273333333333334       -33.93332139992631
0.4128                    -33.93509425125085
0.4128666666666667        -33.93596014388845
0.4129333333333334        -33.93622436448551
0.41300000000000003       -33.93627478318293
0.4130666666666667        -33.936499016452515
0.41313333333333335       -33.93720687072537
0.4132                    -33.938573545583786
0.41326666666666667       -33.94061383193684
0.41333333333333333       -33.94319062861105
0.4134                    -33.94605397684111
0.41346666666666665       -33.94890081494631
0.4135333333333333        -33.95144186821826
0.4136                    -33.95346121537531
0.4136666666666667        -33.95485628476664
0.41373333333333334       -33.955650848326144
0.4138                    -33.95597988508952
0.4138666666666667        -33.956051475005296
0.4139333333333334        -33.956095674762096
0.41400000000000003       -33.956312577763924
0.4140666666666667        -33.95683112340734
0.41413333333333335       -33.95768705806972
0.4142                    -33.95882364794805
0.41426666666666667       -33.96011344761451
0.41433333333333333       -33.961394792701405
0.4144                    -33.96251367379342
0.41446666666666665       -33.9633608711951
0.4145333333333333        -33.963895816362026
0.4146                    -33.96415218709494
0.4146666666666667        -33.964224858075895
0.41473333333333334       -33.96424236817432
0.4148                    -33.96433242172999
0.4148666666666667        -33.96458933785701
0.4149333333333334        -33.96505154343215
0.41500000000000004       -33.96569445841573
0.4150666666666667        -33.96644016350056
0.41513333333333335       -33.96718102924632
0.4152                    -33.96781101545483
0.4152666666666667        -33.96825644255576
0.41533333333333333       -33.968498166139184
0.4154                    -33.968579246036526
0.41546666666666665       -33.96859587963024
0.4155333333333333        -33.968673652519364
0.4156                    -33.968934968811325
0.4156666666666667        -33.969465901028826
0.41573333333333334       -33.97029105688454
0.4158                    -33.97136330406842
0.4158666666666667        -33.97257172209836
0.4159333333333334        -33.97376674360585
0.41600000000000004       -33.97479710919583
0.4160666666666667        -33.9755500211943
0.41613333333333336       -33.975984584461976
0.4162                    -33.97614970323752
0.4162666666666667        -33.97618093210957
0.41633333333333333       -33.976275637747214
0.4164                    -33.97665106632202
0.41646666666666665       -33.97749425626382
0.4165333333333333        -33.978915133779054
0.4166                    -33.980913999515494
0.4166666666666667        -33.983371946534945
0.41673333333333334       -33.98606805086844
0.4168                    -33.98872135667401
0.4168666666666667        -33.99104991028515
0.4169333333333334        -33.99283464857301
0.41700000000000004       -33.99397394997727
0.4170666666666667        -33.99451581270489
0.41713333333333336       -33.99465892236579
0.4172                    -33.9947204688348
0.4172666666666667        -33.99507596081624
0.41733333333333333       -33.99608271556172
0.4174                    -33.998002688932814
0.41746666666666665       -34.00094101950505
0.4175333333333333        -34.00481400268075
0.4176                    -34.00935473031328
0.4176666666666667        -34.01415730369736
0.41773333333333335       -34.01875261390059
0.4178                    -34.02270164364181
0.4178666666666667        -34.025687606849274
0.4179333333333334        -34.02758730751954
0.41800000000000004       -34.028505503605096
0.4180666666666667        -34.02876337723092
0.41813333333333336       -34.028841876018845
0.4182                    -34.029290397878384
0.4182666666666667        -34.03061873463161
0.41833333333333333       -34.03319377142402
0.4184                    -34.037161629436014
0.41846666666666665       -34.04241117719584
0.4185333333333333        -34.04858716148334
0.4186                    -34.055151929390284
0.4186666666666667        -34.061485269590236
0.41873333333333335       -34.06700388344724
0.4188                    -34.07127708631115
0.4188666666666667        -34.074114982005135
0.4189333333333334        -34.075610190260605
0.41900000000000004       -34.07612355724255
0.4190666666666667        -34.07621607301798
0.41913333333333336       -34.07654056532926
0.4192                    -34.07771490888991
0.4192666666666667        -34.080201807860824
0.41933333333333334       -34.08421839855546
0.4194                    -34.089692838913855
0.41946666666666665       -34.096276134342205
0.4195333333333333        -34.103407245616246
0.4196                    -34.110419553700815
0.4196666666666667        -34.116668581553085
0.41973333333333335       -34.12165610709506
0.4198                    -34.125125812536645
0.4198666666666667        -34.1271109526582
0.4199333333333334        -34.12792439032861
0.42000000000000004       -34.12809353656739
0.4200666666666667        -34.12825424022553
0.42013333333333336       -34.1290257263313
0.4202                    -34.13089165468775
0.4202666666666667        -34.134110114724116
0.42033333333333334       -34.1386689247305
0.4204                    -34.14429357294053
0.42046666666666666       -34.15050520207152
0.4205333333333333        -34.15671674905411
0.4206                    -34.162348160202754
0.4206666666666667        -34.16693785580068
0.42073333333333335       -34.17022831792624
0.4208                    -34.172209035974305
0.4208666666666667        -34.17310912731406
0.4209333333333334        -34.173342700922646
0.42100000000000004       -34.1734198381075
0.4210666666666667        -34.173842617759384
0.42113333333333336       -34.17500763095941
0.4212                    -34.17713390006506
0.4212666666666667        -34.18022904628697
0.42133333333333334       -34.184098460330155
0.4214                    -34.18839372869728
0.42146666666666666       -34.19268911963855
0.4215333333333333        -34.19656979044674
0.4216                    -34.1997134966187
0.4216666666666667        -34.20194942437768
0.42173333333333335       -34.20328305403258
0.4218                    -34.20388356944178
0.42186666666666667       -34.204038482540156
0.4219333333333334        -34.20408690347932
0.42200000000000004       -34.20434674417049
0.4220666666666667        -34.20505142395547
0.42213333333333336       -34.20630859921453
0.4222                    -34.20808801431146
0.4222666666666667        -34.21023907530279
0.42233333333333334       -34.21253253327108
0.4224                    -34.21471592257321
0.42246666666666666       -34.21657001658961
0.4225333333333333        -34.217953984253114
0.4226                    -34.21883003329546
0.4226666666666667        -34.21926338177551
0.42273333333333335       -34.219399195491775
0.4228                    -34.219423270380275
0.42286666666666667       -34.219516533802256
0.4229333333333334        -34.21981421557871
0.42300000000000004       -34.2203787829116
0.4230666666666667        -34.22119201393497
0.42313333333333336       -34.222166858325124
0.4232                    -34.22317509919182
0.4232666666666667        -34.224083309655306
0.42333333333333334       -34.22478794771445
0.4234                    -34.22524099807067
0.42346666666666666       -34.22546018711956
0.4235333333333333        -34.22552180888949
0.4236                    -34.225538596102126
0.4236666666666667        -34.22562875206238
0.42373333333333335       -34.225884330234805
0.4238                    -34.22634714472301
0.42386666666666667       -34.22699837398476
0.4239333333333334        -34.227764511367795
0.42400000000000004       -34.228538173225466
0.4240666666666667        -34.22920848422971
0.42413333333333336       -34.22969323334235
0.4242                    -34.22996437517615
0.4242666666666667        -34.23005994626981
0.42433333333333334       -34.2300787596589
0.4244                    -34.230158546541915
0.42446666666666666       -34.23044246200514
0.4245333333333333        -34.23104199733625
0.4246                    -34.23200556254831
0.4246666666666667        -34.233301003906945
0.42473333333333335       -34.23481730050757
0.4248                    -34.23638628510521
0.42486666666666667       -34.23782041152738
0.4249333333333334        -34.238958435496166
0.42500000000000004       -34.23970840938637
0.4250666666666667        -34.2400773301446
0.42513333333333336       -34.240179310241274
0.4252                    -34.24021880072894
0.4252666666666667        -34.240451134778816
0.42533333333333334       -34.241128112525935
0.4254                    -34.24244020725361
0.42546666666666666       -34.244468334279915
0.4255333333333333        -34.24715666766928
0.4256                    -34.250313983991674
0.4256666666666667        -34.25364520298926
0.42573333333333335       -34.25680827128685
0.4258                    -34.25948559663433
0.42586666666666667       -34.26145522384347
0.4259333333333334        -34.26264595685873
0.42600000000000005       -34.263163208212866
0.4260666666666667        -34.26327817238183
0.42613333333333336       -34.26338074562704
0.4262                    -34.263904619168784
0.4262666666666667        -34.26523926608465
0.42633333333333334       -34.267646732725616
0.4264                    -34.27120064828717
0.42646666666666666       -34.27576089415914
0.4265333333333333        -34.28099071889571
0.4266                    -34.286414885250565
0.4266666666666667        -34.29150906149432
0.42673333333333335       -34.29580366399062
0.4268                    -34.29898129894089
0.42686666666666667       -34.30094709854366
0.4269333333333334        -34.30185604351471
0.42700000000000005       -34.302090045841794
0.4270666666666667        -34.30218818872134
0.42713333333333336       -34.30274351182221
0.4272                    -34.3042867375197
0.4272666666666667        -34.3071799451337
0.42733333333333334       -34.311541192385945
0.4274                    -34.31721518733275
0.42746666666666666       -34.32379656671116
0.4275333333333333        -34.330702543012976
0.4276                    -34.33728213005517
0.4276666666666667        -34.34294146385032
0.42773333333333335       -34.34726057622472
0.4278                    -34.35007770056506
0.4278666666666667        -34.35152320610698
0.4279333333333334        -34.35199556905631
0.42800000000000005       -34.3520840304365
0.4280666666666667        -34.35245373527551
0.42813333333333337       -34.353716555230314
0.4282                    -34.35631304873933
0.4282666666666667        -34.36042813398248
0.42833333333333334       -34.365956133256354
0.4284                    -34.37252145090352
0.42846666666666666       -34.37955086321277
0.4285333333333333        -34.38638375325472
0.4286                    -34.392399156804615
0.42866666666666664       -34.39713472396665
0.42873333333333336       -34.400373820988264
0.4288                    -34.40218325946999
0.4288666666666667        -34.40289445237223
0.4289333333333334        -34.40303278366707
0.42900000000000005       -34.40321068468777
0.4290666666666667        -34.40400681119219
0.42913333333333337       -34.40585551528326
0.4292                    -34.40896763751617
0.4292666666666667        -34.41329669411056
0.42933333333333334       -34.41855544926344
0.4294                    -34.42427830155608
0.42946666666666666       -34.429916388592765
0.4295333333333333        -34.434946202616715
0.4296                    -34.438969998296606
0.42966666666666664       -34.4417880937761
0.42973333333333336       -34.44342920713973
0.4298                    -34.444134040830605
0.4298666666666667        -34.444297321305626
0.4299333333333334        -34.44438200820927
0.43000000000000005       -34.44482446721289
0.4300666666666667        -34.445950153452046
0.43013333333333337       -34.44791602859989
0.4302                    -34.45068963610335
0.4302666666666667        -34.45406698314147
0.43033333333333335       -34.457723649346875
0.4304                    -34.46128722214649
0.43046666666666666       -34.46441535014619
0.4305333333333333        -34.46686313563714
0.4306                    -34.46852641704492
0.43066666666666664       -34.469453155181064
0.43073333333333336       -34.46982235270351
0.4308                    -34.469896994306794
0.4308666666666667        -34.469962742034525
0.43093333333333333       -34.470266439380936
0.43100000000000005       -34.470967560067336
0.4310666666666667        -34.472112057031225
0.43113333333333337       -34.47363264280342
0.4312                    -34.47537361947448
0.4312666666666667        -34.47713320601529
0.43133333333333335       -34.47871290054585
0.4314                    -34.47996242093698
0.43146666666666667       -34.480810354321704
0.4315333333333333        -34.48127441511455
0.4316                    -34.481450243540365
0.43166666666666664       -34.481482741311744
0.43173333333333336       -34.4815278194485
0.4318                    -34.48171424990371
0.4318666666666667        -34.48211474775706
0.43193333333333334       -34.48273273263672
0.43200000000000005       -34.483507159806834
0.4320666666666667        -34.484333364291835
0.43213333333333337       -34.48509405370994
0.43220000000000003       -34.48569227951144
0.4322666666666667        -34.48607793487114
0.43233333333333335       -34.486261127818814
0.4324                    -34.486309213432236
0.43246666666666667       -34.48632847638987
0.4325333333333333        -34.48643537182689
0.4326                    -34.486724878428255
0.43266666666666664       -34.487244252422954
0.43273333333333336       -34.48797913957359
0.4328                    -34.488855943420134
0.4328666666666667        -34.48976029192231
0.43293333333333334       -34.49056734492404
0.43300000000000005       -34.491176522815174
0.4330666666666667        -34.4915418140749
0.43313333333333337       -34.49168956144977
0.43320000000000003       -34.49171844264443
0.4332666666666667        -34.491780624217256
0.43333333333333335       -34.49204774991554
0.4334                    -34.49266936942945
0.43346666666666667       -34.49373364233163
0.4335333333333333        -34.49524010718257
0.4336                    -34.49709195577115
0.43366666666666664       -34.499111064826366
0.43373333333333336       -34.501073869609115
0.4338                    -34.50276111376627
0.4338666666666667        -34.50401073475359
0.43393333333333334       -34.504761630184674
0.43400000000000005       -34.505077349350415
0.4340666666666667        -34.50514276243486
0.43413333333333337       -34.505232657387836
0.43420000000000003       -34.50565763891797
0.4342666666666667        -34.50669812787552
0.43433333333333335       -34.50854041739239
0.4344                    -34.51122893748938
0.43446666666666667       -34.514646073597774
0.4345333333333333        -34.51852560836825
0.4346                    -34.52249906043544
0.43466666666666665       -34.52616711642061
0.43473333333333336       -34.52918240175243
0.4348                    -34.53132640363938
0.4348666666666667        -34.53256350246494
0.43493333333333334       -34.53305911603217
0.43500000000000005       -34.53315624375307
0.4350666666666667        -34.53331359835046
0.43513333333333337       -34.53401691303698
0.43520000000000003       -34.535680954422475
0.4352666666666667        -34.53856201926774
0.43533333333333335       -34.542698951048166
0.4354                    -34.54789548703381
0.43546666666666667       -34.55374904503948
0.43553333333333333       -34.55972215030986
0.4356                    -34.565244038084714
0.43566666666666665       -34.5698231552319
0.43573333333333336       -34.5731479291902
0.4358                    -34.57515445989578
0.4358666666666667        -34.57604593762901
0.43593333333333334       -34.57625848445634
0.43600000000000005       -34.57637946447803
0.4360666666666667        -34.57703433345686
0.4361333333333334        -34.57876448251807
0.43620000000000003       -34.581920094857985
0.4362666666666667        -34.58658886747729
0.43633333333333335       -34.59257454656776
0.4364                    -34.599429979377604
0.43646666666666667       -34.606539271164806
0.43653333333333333       -34.61323416889246
0.4366                    -34.61892260005892
0.43666666666666665       -34.62320400728959
0.43673333333333336       -34.62594794056528
0.4368                    -34.6273194527023
0.4368666666666667        -34.627745879005474
0.43693333333333334       -34.62783197045413
0.43700000000000006       -34.62824102133232
0.4370666666666667        -34.62956611254026
0.4371333333333334        -34.632216751809224
0.43720000000000003       -34.63634233935258
0.4372666666666667        -34.64180630293577
0.43733333333333335       -34.648215070318045
0.4374                    -34.65499589042307
0.43746666666666667       -34.66150839347842
0.43753333333333333       -34.66716818919084
0.4376                    -34.67155814074228
0.43766666666666665       -34.674505160077864
0.4377333333333333        -34.67610739923612
0.4378                    -34.67670720367781
0.4378666666666667        -34.676816679659595
0.43793333333333334       -34.677012391754516
0.43800000000000006       -34.6778213367372
0.4380666666666667        -34.67962098479963
0.4381333333333334        -34.68257221805211
0.43820000000000003       -34.68659672252843
0.4382666666666667        -34.69140145125886
0.43833333333333335       -34.69654378834716
0.4384                    -34.70152345934861
0.43846666666666667       -34.7058823223304
0.43853333333333333       -34.70929192367268
0.4386                    -34.711611548701995
0.43866666666666665       -34.71290601487416
0.4387333333333333        -34.71342125441388
0.4388                    -34.71352473915843
0.4388666666666667        -34.71362486783865
0.43893333333333334       -34.7140870217249
0.439                     -34.7151635648053
0.4390666666666667        -34.71695109265442
0.4391333333333334        -34.71938188211495
0.43920000000000003       -34.72224920887756
0.4392666666666667        -34.7252594062986
0.43933333333333335       -34.728098464734494
0.4394                    -34.73049853362735
0.43946666666666667       -34.7322903566137
0.43953333333333333       -34.733431306906425
0.4396                    -34.73400448442567
0.43966666666666665       -34.734190925635616
0.4397333333333333        -34.73422279185641
0.4398                    -34.73432911004153
0.4398666666666667        -34.73468651118247
0.43993333333333334       -34.73538545704998
0.44                      -34.73641832088366
0.4400666666666667        -34.73769044682746
0.4401333333333334        -34.739050141525844
0.44020000000000004       -34.74032953817473
0.4402666666666667        -34.741386233504
0.44033333333333335       -34.74213592868482
0.4404                    -34.74256888529553
0.4404666666666667        -34.74274719135685
0.44053333333333333       -34.742784579999935
0.4406                    -34.742814682660345
0.44066666666666665       -34.74295614142576
0.4407333333333333        -34.74328340191652
0.4408                    -34.74381025995045
0.4408666666666667        -34.74448984760012
0.44093333333333334       -34.745230569646466
0.441                     -34.7459235354694
0.4410666666666667        -34.74647420482304
0.4411333333333334        -34.746829952350296
0.44120000000000004       -34.74699631411507
0.4412666666666667        -34.74703756888971
0.44133333333333336       -34.747061318748294
0.4414                    -34.74719085946968
0.4414666666666667        -34.74753232951885
0.44153333333333333       -34.74814509797428
0.4416                    -34.74902323553843
0.44166666666666665       -34.750093349672476
0.4417333333333333        -34.75123014064718
0.4418                    -34.752286643474584
0.4418666666666667        -34.753132283802245
0.44193333333333334       -34.75368954094406
0.442                     -34.753959832572086
0.4420666666666667        -34.75403138271648
0.4421333333333334        -34.75406589487114
0.44220000000000004       -34.75426589326525
0.4422666666666667        -34.754829399777954
0.44233333333333336       -34.755902007882796
0.4424                    -34.75753757349723
0.4424666666666667        -34.7596773659409
0.44253333333333333       -34.76215385806303
0.4426                    -34.76472009226774
0.44266666666666665       -34.76709977885762
0.4427333333333333        -34.76904818463303
0.4428                    -34.770410656665746
0.4428666666666667        -34.771165221681414
0.44293333333333335       -34.77143845355239
0.443                     -34.77148927774287
0.4430666666666667        -34.77166239216565
0.4431333333333334        -34.77231988253918
0.44320000000000004       -34.77376477352097
0.4432666666666667        -34.77617253292676
0.44333333333333336       -34.7795454919265
0.4434                    -34.78370100677423
0.4434666666666667        -34.78829773714435
0.44353333333333333       -34.79289677170922
0.4436                    -34.797046853562925
0.44366666666666665       -34.80037714765604
0.4437333333333333        -34.80267827896208
0.44380000000000003       -34.80395373171929
0.4438666666666667        -34.80442922746891
0.44393333333333335       -34.80451635364618
0.444                     -34.80473650166814
0.4440666666666667        -34.805619742911134
0.4441333333333334        -34.80759866708298
0.44420000000000004       -34.81091840734899
0.4442666666666667        -34.81558109275729
0.44433333333333336       -34.82133658442278
0.4444                    -34.82772275482512
0.4444666666666667        -34.83414912552434
0.44453333333333334       -34.84000889878309
0.4446                    -34.84479795773375
0.44466666666666665       -34.84821687060286
0.4447333333333333        -34.85023439000819
0.44480000000000003       -34.85109834966899
0.4448666666666667        -34.851290769829816
0.44493333333333335       -34.851435791739604
0.445                     -34.852178872175166
0.4450666666666667        -34.85406126833551
0.4451333333333334        -34.857414322208285
0.44520000000000004       -34.862293801996785
0.4452666666666667        -34.86846679706571
0.44533333333333336       -34.875453905138905
0.4454                    -34.88261921483309
0.4454666666666667        -34.88929140137986
0.44553333333333334       -34.89489272965805
0.4456                    -34.8990504453934
0.44566666666666666       -34.90166794464234
0.4457333333333333        -34.902941111301764
0.4458                    -34.903316704595156
0.4458666666666667        -34.903401906099646
0.44593333333333335       -34.90384407984358
0.446                     -34.90520522056792
0.4460666666666667        -34.907855641516335
0.4461333333333334        -34.91190674487092
0.44620000000000004       -34.917194645897204
0.4462666666666667        -34.92331667002409
0.44633333333333336       -34.92971291808574
0.4464                    -34.93577668875327
0.4464666666666667        -34.940971979369
0.44653333333333334       -34.94493478799059
0.4466                    -34.94753817411354
0.44666666666666666       -34.94890864152646
0.4467333333333333        -34.94939180241729
0.4468                    -34.949475989287045
0.4468666666666667        -34.949690905545495
0.44693333333333335       -34.950502692872696
0.447                     -34.952226333062235
0.4470666666666667        -34.954971685355225
0.4471333333333334        -34.9586320441974
0.44720000000000004       -34.96291550473774
0.4472666666666667        -34.967411195981846
0.44733333333333336       -34.97167595073671
0.4474                    -34.97532335588675
0.4474666666666667        -34.97809711751152
0.44753333333333334       -34.97991440963408
0.4476                    -34.98087164255771
0.44766666666666666       -34.981213366221304
0.4477333333333333        -34.9812728487275
0.4478                    -34.981398414067876
0.4478666666666667        -34.981881745251414
0.44793333333333335       -34.9829028625686
0.448                     -34.98450202705287
0.44806666666666667       -34.98658258735852
0.4481333333333334        -34.988942161145516
0.44820000000000004       -34.99132382313546
0.4482666666666667        -34.99347522693655
0.44833333333333336       -34.9952025125125
0.4484                    -34.996407635696954
0.4484666666666667        -34.997101983496044
0.44853333333333334       -34.99739481158079
0.4486                    -34.99746079459471
0.44866666666666666       -34.997495449356805
0.4487333333333333        -34.99766938606146
0.4488                    -34.99809189458284
0.4488666666666667        -34.99879156780197
0.44893333333333335       -34.999717293678245
0.449                     -35.00075807509844
0.44906666666666667       -35.00177585569782
0.4491333333333334        -35.00264276329497
0.44920000000000004       -35.00327351318011
0.4492666666666667        -35.00364525852479
0.44933333333333336       -35.00380053574057
0.4494                    -35.00383328362398
0.4494666666666667        -35.00386212898452
0.44953333333333334       -35.003998186305054
0.4496                    -35.00431579458293
0.44966666666666666       -35.00483368218427
0.4497333333333333        -35.005511296263364
0.4498                    -35.00626115491258
0.4498666666666667        -35.006974012297256
0.44993333333333335       -35.007550339588136
0.45                      -35.00792992046012
0.45006666666666667       -35.008111690689965
0.45013333333333333       -35.00815828595301
0.4502                    -35.0081835608093
0.4502666666666667        -35.00832567214074
0.45033333333333336       -35.00871209594627
0.4504                    -35.0094252187361
0.4504666666666667        -35.01047734292639
0.45053333333333334       -35.011801996714354
0.4506                    -35.013264757691644
0.45066666666666666       -35.01469218436664
0.4507333333333334        -35.015912927210884
0.45080000000000003       -35.01680172585773
0.4508666666666667        -35.01731567409939
0.45093333333333335       -35.01751331695708
0.451                     -35.017550708959206
0.45106666666666667       -35.01765375743575
0.45113333333333333       -35.01807178435718
0.4512                    -35.01902191562982
0.4512666666666667        -35.02063653157512
0.45133333333333336       -35.02292597041534
0.4514                    -35.02576594389554
0.4514666666666667        -35.028914211097685
0.45153333333333334       -35.03205488265844
0.4516                    -35.03486248911275
0.45166666666666666       -35.03707296782006
0.4517333333333334        -35.03854623556454
0.45180000000000003       -35.039305849104835
0.4518666666666667        -35.039545517848524
0.45193333333333335       -35.03959912775355
0.452                     -35.03987890339603
0.45206666666666667       -35.04079348793504
0.45213333333333333       -35.04266240956048
0.4522                    -35.04564465476365
0.4522666666666667        -35.0496967257152
0.45233333333333337       -35.054570147167425
0.4524                    -35.05985088331649
0.4524666666666667        -35.06503478142287
0.45253333333333334       -35.06962543649021
0.4526                    -35.073235348156906
0.45266666666666666       -35.07566936350534
0.4527333333333334        -35.076972035536464
0.45280000000000004       -35.07742749563571
0.4528666666666667        -35.077510321665585
0.45293333333333335       -35.07779634023993
0.453                     -35.07885081219251
0.4530666666666667        -35.081116131543816
0.45313333333333333       -35.08482125535118
0.4532                    -35.089930899029056
0.4532666666666667        -35.09614511141146
0.45333333333333337       -35.102950517887884
0.4534                    -35.10971472392411
0.4534666666666667        -35.115806657767415
0.45353333333333334       -35.12071967828555
0.4536                    -35.12417264775296
0.45366666666666666       -35.126167788624066
0.4537333333333333        -35.126992688579236
0.45380000000000004       -35.12716550296514
0.4538666666666667        -35.12733439196889
0.45393333333333336       -35.12815158531321
0.454                     -35.130147150429586
0.4540666666666667        -35.13362693192039
0.45413333333333333       -35.138613898831146
0.4542                    -35.14484368544209
0.4542666666666667        -35.1518150369432
0.45433333333333337       -35.158885716679215
0.4544                    -35.16539572254
0.4544666666666667        -35.17079396496568
0.45453333333333334       -35.174743299476525
0.4546                    -35.17718275826494
0.45466666666666666       -35.17833455616335
0.4547333333333333        -35.17865511027848
0.45480000000000004       -35.17874107765528
0.4548666666666667        -35.17921040491036
0.45493333333333336       -35.180582651354015
0.455                     -35.183181879013546
0.4550666666666667        -35.18707997603726
0.45513333333333333       -35.19208990803246
0.4552                    -35.19780876847779
0.4552666666666667        -35.20370120869592
0.45533333333333337       -35.20920631375387
0.4554                    -35.21384656705776
0.4554666666666667        -35.21731723409778
0.45553333333333335       -35.2195386554002
0.4556                    -35.220661905857206
0.45566666666666666       -35.22102830669052
0.4557333333333333        -35.221092961235165
0.45580000000000004       -35.22132952251744
0.4558666666666667        -35.22213631978754
0.45593333333333336       -35.223762486556474
0.456                     -35.226267608778286
0.4560666666666667        -35.229521033300315
0.45613333333333334       -35.2332389062516
0.4562                    -35.237049714547034
0.4562666666666667        -35.24057383253076
0.45633333333333337       -35.243500278729044
0.45640000000000003       -35.24564505132989
0.4564666666666667        -35.246979855632176
0.45653333333333335       -35.24762681227309
0.4566                    -35.247822265935234
0.45666666666666667       -35.247859312071256
0.4567333333333333        -35.24802265082354
0.45680000000000004       -35.24853011348273
0.4568666666666667        -35.24949278861543
0.45693333333333336       -35.250900900060664
0.457                     -35.252636650164426
0.4570666666666667        -35.254509427545216
0.45713333333333334       -35.2563042498669
0.4572                    -35.257831939544616
0.4572666666666667        -35.25896975805925
0.45733333333333337       -35.259683957556035
0.45740000000000003       -35.26003028280163
0.4574666666666667        -35.26013375866177
0.45753333333333335       -35.260153839562165
0.4576                    -35.26024406495906
0.45766666666666667       -35.26051611523281
0.4577333333333333        -35.26101655491557
0.45780000000000004       -35.26172109749966
0.4578666666666667        -35.26254681793057
0.45793333333333336       -35.26337841825041
0.458                     -35.26410139893982
0.4580666666666667        -35.26463353143244
0.45813333333333334       -35.26494668866042
0.4582                    -35.26507369702846
0.45826666666666666       -35.26509877160574
0.45833333333333337       -35.26513430203197
0.45840000000000003       -35.26529020982152
0.4584666666666667        -35.265643946360015
0.45853333333333335       -35.26621901464613
0.4586                    -35.2669777520397
0.45866666666666667       -35.26783053862954
0.4587333333333333        -35.26865944703282
0.45880000000000004       -35.26935060830813
0.4588666666666667        -35.26982714926977
0.45893333333333336       -35.27007409935655
0.459                     -35.27014836389188
0.4590666666666667        -35.27017037342804
0.45913333333333334       -35.27029852067247
0.4592                    -35.27069188097869
0.45926666666666666       -35.27146988823334
0.45933333333333337       -35.272678813949405
0.45940000000000003       -35.27427376258266
0.4594666666666667        -35.27612166080177
0.45953333333333335       -35.27802604371998
0.4596                    -35.27976930743429
0.45966666666666667       -35.28116363936404
0.4597333333333333        -35.28209914013729
0.45980000000000004       -35.28257749886789
0.4598666666666667        -35.28272221660186
0.45993333333333336       -35.2827613337739
0.46                      -35.28298480716872
0.4600666666666667        -35.28368463761625
0.46013333333333334       -35.28509015827784
0.4602                    -35.28731256640733
0.46026666666666666       -35.29031145399316
0.46033333333333337       -35.293892019090435
0.46040000000000003       -35.29773556731581
0.4604666666666667        -35.30145893971469
0.46053333333333335       -35.304691958127194
0.4606                    -35.307157275819954
0.46066666666666667       -35.308735403013166
0.46073333333333333       -35.3094998506901
0.46080000000000004       -35.30971312351327
0.4608666666666667        -35.30978251533158
0.46093333333333336       -35.31018340239768
0.461                     -35.31136491443251
0.4610666666666667        -35.313656889160086
0.46113333333333334       -35.31719714230185
0.4612                    -35.3218944569655
0.46126666666666666       -35.32743609933848
0.4613333333333334        -35.33334024835902
0.46140000000000003       -35.33904484460145
0.4614666666666667        -35.3440165569679
0.46153333333333335       -35.3478584724603
0.4616                    -35.350394171356264
0.46166666666666667       -35.35170978032339
0.46173333333333333       -35.35214392015214
0.46180000000000004       -35.35222639103645
0.4618666666666667        -35.35257732430167
0.46193333333333336       -35.353786758647324
0.462                     -35.356298427156496
0.4620666666666667        -35.36032049109539
0.46213333333333334       -35.36578065264779
0.4622                    -35.372334768018355
0.46226666666666666       -35.37942820718867
0.4623333333333334        -35.38639924954382
0.46240000000000003       -35.39260534229485
0.4624666666666667        -35.397547756176266
0.46253333333333335       -35.400969538121636
0.4626                    -35.402906405081154
0.46266666666666667       -35.40367973111107
0.46273333333333333       -35.40383297010274
0.4628                    -35.40402473220472
0.4628666666666667        -35.40490040798099
0.46293333333333336       -35.40696790236067
0.463                     -35.410501377874006
0.4630666666666667        -35.41549082537851
0.46313333333333334       -35.42164632177812
0.4632                    -35.42845564439047
0.46326666666666666       -35.43528404103323
0.4633333333333334        -35.44149691034419
0.46340000000000003       -35.44658142231383
0.4634666666666667        -35.450242952338954
0.46353333333333335       -35.452457113973736
0.4636                    -35.4534674237625
0.46366666666666667       -35.453730174632845
0.46373333333333333       -35.45381911365371
0.4638                    -35.45431036458278
0.4638666666666667        -35.45567109241349
0.46393333333333336       -35.458173461812656
0.464                     -35.461849446125335
0.4640666666666667        -35.46649356247589
0.46413333333333334       -35.47171131491802
0.4642                    -35.477002562306254
0.46426666666666666       -35.48186256332638
0.4643333333333334        -35.48588025880436
0.46440000000000003       -35.48881420432586
0.4644666666666667        -35.49063150842116
0.46453333333333335       -35.49150322572864
0.4646                    -35.49175906003327
0.4646666666666667        -35.49181269298626
0.46473333333333333       -35.49207460955708
0.4648                    -35.492870863454016
0.4648666666666667        -35.49438382541944
0.46493333333333337       -35.496625484030716
0.465                     -35.499446704540496
0.4650666666666667        -35.50257848275404
0.46513333333333334       -35.505695015052034
0.4652                    -35.50848444567127
0.46526666666666666       -35.51071218061426
0.4653333333333334        -35.51226387680299
0.46540000000000004       -35.51316015864023
0.4654666666666667        -35.51354165287242
0.46553333333333335       -35.51362951415706
0.4656                    -35.5136716879676
0.4656666666666667        -35.513887620354645
0.46573333333333333       -35.51442359243568
0.4658                    -35.5153276866872
0.4658666666666667        -35.51654848410043
0.46593333333333337       -35.517956116705676
0.466                     -35.51937944074255
0.4660666666666667        -35.52064984430969
0.46613333333333334       -35.52164120425151
0.4662                    -35.522296929913345
0.46626666666666666       -35.522638504703515
0.4663333333333334        -35.52275459839814
0.46640000000000004       -35.52277451927
0.4664666666666667        -35.522833361926786
0.46653333333333336       -35.523037858800585
0.4666                    -35.523441353122784
0.4666666666666667        -35.524033726297574
0.46673333333333333       -35.52474822708336
0.4668                    -35.52548291524535
0.4668666666666667        -35.52613084471942
0.46693333333333337       -35.526611009465505
0.467                     -35.52689196185022
0.4670666666666667        -35.52700192686848
0.46713333333333334       -35.52702271358347
0.4672                    -35.527068899263384
0.46726666666666666       -35.52725757635429
0.4673333333333333        -35.52767644720885
0.46740000000000004       -35.5283586100252
0.4674666666666667        -35.52927086815058
0.46753333333333336       -35.53031916835249
0.4676                    -35.531370574602626
0.4676666666666667        -35.53228698214102
0.46773333333333333       -35.53296257589932
0.4678                    -35.533355663689065
0.4678666666666667        -35.53350640728446
0.46793333333333337       -35.53353503384138
0.468                     -35.53361967146482
0.4680666666666667        -35.53395793178282
0.46813333333333335       -35.53472054130675
0.4682                    -35.536007678262415
0.46826666666666666       -35.53781862181055
0.4683333333333333        -35.54004283127635
0.46840000000000004       -35.54247612122794
0.4684666666666667        -35.54486006154312
0.46853333333333336       -35.54693724657665
0.4686                    -35.548510868209
0.4686666666666667        -35.549495175570286
0.46873333333333334       -35.54994456410867
0.4688                    -35.55005317591936
0.4688666666666667        -35.55012319298381
0.46893333333333337       -35.550507023321344
0.46900000000000003       -35.55153465429887
0.4690666666666667        -35.553441172476624
0.46913333333333335       -35.5563100277853
0.4692                    -35.56004496598905
0.46926666666666667       -35.5643781897534
0.4693333333333333        -35.56891518793144
0.46940000000000004       -35.573209040082055
0.4694666666666667        -35.576850301431
0.46953333333333336       -35.57955429213711
0.4696                    -35.58122698728169
0.4696666666666667        -35.58199427961295
0.46973333333333334       -35.58218667095837
0.4698                    -35.582280866186544
0.4698666666666667        -35.5828090526554
0.46993333333333337       -35.58425364832281
0.47000000000000003       -35.586948504687534
0.4700666666666667        -35.59100649244933
0.47013333333333335       -35.5962885274109
0.4702                    -35.60242142925623
0.47026666666666667       -35.60886282949815
0.4703333333333333        -35.615002094029165
0.47040000000000004       -35.620278499897054
0.4704666666666667        -35.624293380330585
0.47053333333333336       -35.62689302165773
0.4706                    -35.628204301763795
0.4706666666666667        -35.62861460624578
0.47073333333333334       -35.628699301008446
0.4708                    -35.62911109759165
0.4708666666666667        -35.630453385316244
0.47093333333333337       -35.63316247420672
0.47100000000000003       -35.63742151892026
0.4710666666666667        -35.64312257748513
0.47113333333333335       -35.64988422205748
0.4712                    -35.657121884079224
0.47126666666666667       -35.66415819447235
0.4713333333333333        -35.6703525542456
0.47140000000000004       -35.67522468261344
0.4714666666666667        -35.67854730164924
0.47153333333333336       -35.680388912253996
0.4716                    -35.681097879079886
0.4716666666666667        -35.68123144480671
0.47173333333333334       -35.681444767327804
0.4718                    -35.68236286941032
0.47186666666666666       -35.68446097794678
0.47193333333333337       -35.68797607560501
0.47200000000000003       -35.69286570567567
0.4720666666666667        -35.69882079556081
0.47213333333333335       -35.70532916315555
0.4722                    -35.711776984666784
0.47226666666666667       -35.717568299672685
0.4723333333333333        -35.72223899295699
0.47240000000000004       -35.7255426520816
0.4724666666666667        -35.72749145242742
0.47253333333333336       -35.728344750883565
0.4726                    -35.728549203091944
0.4726666666666667        -35.72864423976557
0.47273333333333334       -35.729153289913405
0.4728                    -35.73048296721573
0.47286666666666666       -35.7328496049462
0.47293333333333337       -35.73624612098358
0.47300000000000003       -35.74045379418857
0.4730666666666667        -35.74509476484296
0.47313333333333335       -35.74971341044445
0.4732                    -35.75386946565957
0.47326666666666667       -35.75722384111236
0.47333333333333333       -35.759600046202095
0.47340000000000004       -35.76100966687443
0.4734666666666667        -35.76163832658474
0.47353333333333336       -35.76179710733569
0.4736                    -35.76185149169188
0.4736666666666667        -35.76214392115286
0.47373333333333334       -35.76292635598442
0.4738                    -35.76431603857419
0.47386666666666666       -35.76628200502782
0.4739333333333334        -35.76866311260046
0.47400000000000003       -35.771211844724846
0.4740666666666667        -35.77365314386063
0.47413333333333335       -35.775744925116854
0.4742                    -35.77732722450329
0.47426666666666667       -35.77835004781774
0.47433333333333333       -35.77887519222546
0.47440000000000004       -35.77905337537696
0.4744666666666667        -35.77908347282481
0.47453333333333336       -35.77916426731091
0.4746                    -35.77945011757207
0.4746666666666667        -35.78002030667957
0.47473333333333334       -35.780868094899525
0.4748                    -35.781910650839365
0.47486666666666666       -35.78301619313228
0.4749333333333334        -35.78404089712522
0.47500000000000003       -35.784866203312724
0.4750666666666667        -35.78542749553842
0.47513333333333335       -35.78572758106437
0.4752                    -35.785832378218096
0.47526666666666667       -35.7858507022269
0.47533333333333333       -35.785903916808365
0.4754                    -35.78609354798732
0.4754666666666667        -35.78647521786237
0.47553333333333336       -35.787045457035696
0.4756                    -35.78774458891597
0.4756666666666667        -35.78847478157138
0.47573333333333334       -35.78912851374522
0.4758                    -35.78962002206293
0.47586666666666666       -35.789911451252586
0.4759333333333334        -35.790026663184726
0.47600000000000003       -35.790048710356274
0.4760666666666667        -35.790101109652184
0.47613333333333335       -35.79031723169186
0.4762                    -35.790805296243654
0.47626666666666667       -35.79161783752514
0.47633333333333333       -35.792733724580174
0.4764                    -35.79405804805094
0.4764666666666667        -35.79544102044645
0.47653333333333336       -35.79671240246292
0.4766                    -35.797723924120405
0.4766666666666667        -35.798389712969055
0.47673333333333334       -35.79871457503013
0.4768                    -35.798802293783424
0.47686666666666666       -35.79884049254738
0.4769333333333334        -35.79906405711971
0.47700000000000004       -35.79970433518876
0.4770666666666667        -35.800935056836416
0.47713333333333335       -35.80282726860951
0.4772                    -35.80532421160812
0.4772666666666667        -35.808243244158476
0.47733333333333333       -35.81130633091759
0.4774                    -35.814194357268
0.4774666666666667        -35.81661485234454
0.47753333333333337       -35.81836891400145
0.4776                    -35.8194022811358
0.4776666666666667        -35.81982807957425
0.47773333333333334       -35.819914431763195
0.4778                    -35.82003766465118
0.47786666666666666       -35.820609508522175
0.4779333333333334        -35.82199264720306
0.47800000000000004       -35.824421932479275
0.4780666666666667        -35.82794795871414
0.47813333333333335       -35.83241571489362
0.4782                    -35.83748446020399
0.4782666666666667        -35.84268692953835
0.47833333333333333       -35.84751783137819
0.4784                    -35.851534891539366
0.4784666666666667        -35.854451972844565
0.47853333333333337       -35.85620426117404
0.4786                    -35.856970509544986
0.4786666666666667        -35.857146035628226
0.47873333333333334       -35.85727060872351
0.4788                    -35.85792501478301
0.47886666666666666       -35.859616698037925
0.4789333333333334        -35.862677132963
0.47900000000000004       -35.867191319284665
0.4790666666666667        -35.872973757635705
0.47913333333333336       -35.879596671189105
0.4792                    -35.88646647620521
0.4792666666666667        -35.89293506450488
0.47933333333333333       -35.89842498509326
0.4794                    -35.90254378612295
0.4794666666666667        -35.90516391582652
0.47953333333333337       -35.9064510049866
0.4796                    -35.906833943728344
0.4796666666666667        -35.90692246371648
0.47973333333333334       -35.90738889975843
0.4798                    -35.908837859414184
0.47986666666666666       -35.91168936996765
0.4799333333333333        -35.9160978239525
0.48000000000000004       -35.92192184973363
0.4800666666666667        -35.92875065029548
0.48013333333333336       -35.9359819557397
0.4802                    -35.942937047931956
0.4802666666666667        -35.9489909101668
0.48033333333333333       -35.95369199998914
0.4804                    -35.9568476292532
0.4804666666666667        -35.95855767270643
0.48053333333333337       -35.95919010593546
0.4806                    -35.959304184862084
0.4806666666666667        -35.95953787291823
0.48073333333333335       -35.96048286810958
0.4808                    -35.96257205793763
0.48086666666666666       -35.96600067262514
0.4809333333333333        -35.970695087881495
0.48100000000000004       -35.976333833172646
0.4810666666666667        -35.982415553222545
0.48113333333333336       -35.98835996424995
0.4812                    -35.99362164550635
0.4812666666666667        -35.99779404488445
0.48133333333333334       -36.00068312528315
0.4814                    -36.002336516696765
0.4814666666666667        -36.00302359897562
0.48153333333333337       -36.00317239181498
0.48160000000000003       -36.003277937726644
0.4816666666666667        -36.00380202450204
0.48173333333333335       -36.00508471495409
0.4818                    -36.00728454838619
0.48186666666666667       -36.010357631272676
0.4819333333333333        -36.01407770187886
0.48200000000000004       -36.01809119525851
0.4820666666666667        -36.0219947369755
0.48213333333333336       -36.02541849225331
0.4822                    -36.0280981628683
0.4822666666666667        -36.029921357650274
0.48233333333333334       -36.030940001765266
0.4824                    -36.03134806635018
0.4824666666666667        -36.03143139081209
0.48253333333333337       -36.031501976395
0.48260000000000003       -36.03183165706588
0.4826666666666667        -36.03259916493121
0.48273333333333335       -36.033860795935645
0.4828                    -36.03554921160008
0.48286666666666667       -36.03749868977832
0.4829333333333333        -36.039489638507504
0.48300000000000004       -36.041301472941335
0.4830666666666667        -36.04276172788897
0.48313333333333336       -36.04378074929558
0.4832                    -36.044365110199784
0.4832666666666667        -36.044608113741994
0.48333333333333334       -36.044661109190926
0.4834                    -36.04469356988052
0.4834666666666667        -36.044852011740744
0.48353333333333337       -36.04522748562812
0.48360000000000003       -36.04583879110401
0.4836666666666667        -36.04663446284504
0.48373333333333335       -36.04751198184834
0.4838                    -36.04834861990626
0.48386666666666667       -36.049035738562374
0.4839333333333333        -36.0495078028692
0.48400000000000004       -36.04975894509674
0.4840666666666667        -36.04984322433831
0.48413333333333336       -36.04985894013103
0.4842                    -36.04992140692876
0.4842666666666667        -36.05013146956688
0.48433333333333334       -36.05054804537752
0.4844                    -36.05117190609819
0.48446666666666666       -36.0519450558082
0.48453333333333337       -36.05276611987536
0.48460000000000003       -36.05351807287809
0.4846666666666667        -36.05410137998552
0.48473333333333335       -36.05446402017863
0.4848                    -36.054620355487394
0.48486666666666667       -36.054653363148944
0.4849333333333333        -36.05469878437782
0.48500000000000004       -36.05491428576827
0.4850666666666667        -36.05544064700702
0.48513333333333336       -36.05636430233798
0.4852                    -36.05769069027714
0.4852666666666667        -36.0593357375607
0.48533333333333334       -36.0611388494969
0.4854                    -36.06289582503148
0.48546666666666666       -36.06440523084578
0.4855333333333334        -36.065518084494585
0.48560000000000003       -36.06617917433348
0.4856666666666667        -36.06644952461329
0.48573333333333335       -36.06650330753146
0.4858                    -36.06659813141696
0.48586666666666667       -36.0670237933365
0.48593333333333333       -36.06803980537657
0.48600000000000004       -36.069815057698015
0.4860666666666667        -36.072383177195526
0.48613333333333336       -36.07562442258774
0.4862                    -36.07927983264486
0.4862666666666667        -36.082996744832585
0.48633333333333334       -36.086397951031444
0.4864                    -36.08916104546153
0.48646666666666666       -36.091091305871394
0.4865333333333334        -36.09217173985663
0.48660000000000003       -36.092578004229566
0.4866666666666667        -36.092653071235006
0.48673333333333335       -36.09284517341195
0.4868                    -36.093620651442876
0.48686666666666667       -36.09536897500646
0.48693333333333333       -36.09831922977096
0.48700000000000004       -36.10248549361387
0.4870666666666667        -36.10765326169717
0.48713333333333336       -36.113411411413274
0.4872                    -36.11922538502233
0.4872666666666667        -36.12453876872985
0.48733333333333334       -36.12888388145466
0.4874                    -36.131978946747374
0.48746666666666666       -36.13379104002409
0.4875333333333334        -36.13455041105944
0.48760000000000003       -36.134711780212704
0.4876666666666667        -36.13486946024406
0.48773333333333335       -36.13564291642629
0.4878                    -36.13755540934185
0.48786666666666667       -36.14092958305736
0.48793333333333333       -36.14582041868222
0.48800000000000004       -36.15199888144038
0.4880666666666667        -36.15899022908391
0.48813333333333336       -36.16616078335685
0.4882                    -36.17283752418343
0.4882666666666667        -36.17843781217848
0.48833333333333334       -36.182583541486146
0.4884                    -36.18517625971629
0.48846666666666666       -36.18641733592451
0.4885333333333334        -36.186768671743614
0.48860000000000003       -36.18686201854936
0.4886666666666667        -36.18737556591758
0.48873333333333335       -36.18890266988318
0.4888                    -36.191838364735304
0.48886666666666667       -36.196305059762345
0.48893333333333333       -36.20213090447963
0.489                     -36.20888436589132
0.4890666666666667        -36.21595820265749
0.48913333333333336       -36.222686767996464
0.4892                    -36.22847396151339
0.4892666666666667        -36.232906637169904
0.48933333333333334       -36.23583082889741
0.4894                    -36.23737568898572
0.48946666666666666       -36.23792106995544
0.4895333333333334        -36.23801659794672
0.48960000000000004       -36.238269948342825
0.4896666666666667        -36.23922759694719
0.48973333333333335       -36.24127168605872
0.4898                    -36.244552294060576
0.4898666666666667        -36.24896671367274
0.48993333333333333       -36.25418802744739
0.49                      -36.259735954954856
0.4900666666666667        -36.26507510304892
0.49013333333333337       -36.2697206874003
0.4902                    -36.27333055412031
0.4902666666666667        -36.27576539522306
0.49033333333333334       -36.27710598741437
0.4904                    -36.27762561804423
0.49046666666666666       -36.27772538522764
0.4905333333333334        -36.27784749214742
0.49060000000000004       -36.27838537602845
0.4906666666666667        -36.27960898492183
0.49073333333333335       -36.281619271171344
0.4908                    -36.28433924938847
0.4908666666666667        -36.28754128235774
0.49093333333333333       -36.29090308187139
0.491                     -36.294079511087155
0.4910666666666667        -36.29677461407298
0.49113333333333337       -36.29879889625882
0.4912                    -36.30010063703101
0.4912666666666667        -36.30076611594515
0.49133333333333334       -36.300990655046924
0.4914                    -36.30102865018849
0.49146666666666666       -36.30113484439293
0.4915333333333334        -36.30151017917147
0.49160000000000004       -36.302263630358304
0.4916666666666667        -36.30339716746325
0.49173333333333336       -36.304815469467705
0.4918                    -36.30635652288803
0.4918666666666667        -36.3078348609895
0.49193333333333333       -36.30908684473813
0.492                     -36.31000748828423
0.4920666666666667        -36.31057082172897
0.49213333333333337       -36.31083004087847
0.4922                    -36.310898665638675
0.4922666666666667        -36.31091839298133
0.49233333333333335       -36.31102222346085
0.4924                    -36.31130213683869
0.49246666666666666       -36.31178903793072
0.4925333333333334        -36.3124493674586
0.49260000000000004       -36.31319852763703
0.4926666666666667        -36.31392712396754
0.49273333333333336       -36.314532937408806
0.4928                    -36.31495023319753
0.4928666666666667        -36.315168796807605
0.49293333333333333       -36.315237777769475
0.493                     -36.31525335225533
0.4930666666666667        -36.31533339380082
0.49313333333333337       -36.31558571071669
0.4932                    -36.31607812731676
0.4932666666666667        -36.31681833851568
0.49333333333333335       -36.31774914376112
0.4934                    -36.31876091445256
0.49346666666666666       -36.31971883920062
0.4935333333333333        -36.320498635226016
0.49360000000000004       -36.3210219602787
0.4936666666666667        -36.32128237846339
0.49373333333333336       -36.3213546293779
0.4938                    -36.3213837599614
0.4938666666666667        -36.32155552378354
0.49393333333333334       -36.32205415572614
0.494                     -36.323017032438585
0.4940666666666667        -36.32449699323515
0.49413333333333337       -36.3264418919295
0.49420000000000003       -36.32869749025887
0.4942666666666667        -36.33103476780509
0.49433333333333335       -36.33319712886766
0.4944                    -36.33495803190723
0.49446666666666667       -36.336176431743986
0.4945333333333333        -36.336837008982286
0.49460000000000004       -36.337064802621526
0.4946666666666667        -36.33710914164055
0.49473333333333336       -36.3372985394838
0.4948                    -36.337974880644424
0.4948666666666667        -36.33942021709007
0.49493333333333334       -36.3417916788774
0.495                     -36.34507894366579
0.4950666666666667        -36.349094633249905
0.49513333333333337       -36.35350166229779
0.49520000000000003       -36.35787406516392
0.4952666666666667        -36.361780530100106
0.49533333333333335       -36.36487427151516
0.4954                    -36.36697037446498
0.49546666666666667       -36.36809328223116
0.4955333333333333        -36.368482703740476
0.49560000000000004       -36.3685548179641
0.4956666666666667        -36.36882525910734
0.49573333333333336       -36.36980867600072
0.4958                    -36.37191478380845
0.4958666666666667        -36.37536179978611
0.49593333333333334       -36.3801250152851
0.496                     -36.385931782964335
0.4960666666666667        -36.39230556523841
0.49613333333333337       -36.39865226303713
0.49620000000000003       -36.404373354546
0.4962666666666667        -36.4089841039683
0.49633333333333335       -36.41221285898466
0.4964                    -36.414060274025076
0.49646666666666667       -36.41480504701847
0.4965333333333333        -36.41495387787386
0.49660000000000004       -36.415145180887485
0.4966666666666667        -36.4160257126518
0.49673333333333336       -36.4181245650808
0.4968                    -36.421749102719566
0.4968666666666667        -36.426922856447206
0.49693333333333334       -36.43337737080158
0.497                     -36.440600048285425
0.4970666666666667        -36.447929655483925
0.49713333333333337       -36.45468190420072
0.49720000000000003       -36.46028105942796
0.4972666666666667        -36.4643714543754
0.49733333333333335       -36.46688612528865
0.4974                    -36.46805830654719
0.49746666666666667       -36.46837351035621
0.4975333333333333        -36.46847245111737
0.49760000000000004       -36.46902506032792
0.4976666666666667        -36.470601049976004
0.49773333333333336       -36.47356218888199
0.4978                    -36.47799632673979
0.4978666666666667        -36.48370473054656
0.49793333333333334       -36.49024419934664
0.498                     -36.49701530775267
0.49806666666666666       -36.50337950517783
0.4981333333333334        -36.50878213953395
0.49820000000000003       -36.512857082729745
0.4982666666666667        -36.51549221495866
0.49833333333333335       -36.51684317690132
0.4984                    -36.517293816716865
0.49846666666666667       -36.51737299324188
0.49853333333333333       -36.51764611119395
0.49860000000000004       -36.518604050575455
0.4986666666666667        -36.520571442932685
0.49873333333333336       -36.52365123056448
0.4988                    -36.5277145753148
0.4988666666666667        -36.53243614285125
0.49893333333333334       -36.537366162478754
0.499                     -36.54202384969853
0.49906666666666666       -36.54599295806952
0.4991333333333334        -36.54900021405694
0.49920000000000003       -36.55096135444158
0.4992666666666667        -36.55198670396547
0.49933333333333335       -36.552347087697136
0.4994                    -36.55240925656003
0.49946666666666667       -36.5525559492221
0.49953333333333333       -36.553107995499836
0.49960000000000004       -36.55426428363803
0.4996666666666667        -36.55607067630064
0.49973333333333336       -36.55842233602132
0.4998                    -36.56109685796333
0.4998666666666667        -36.56380946716897
0.49993333333333334       -36.56627743802143
0.5                       -36.568279588542545
0.5000666666666667        -36.569698435288046
0.5001333333333333        -36.57053697758594
0.5002                    -36.57090809522655
0.5002666666666666        -36.57100075366979
0.5003333333333333        -36.571032141129095
0.5004                    -36.57119741765603
0.5004666666666666        -36.57162849963057
0.5005333333333333        -36.57237049961619
0.5006                    -36.573379905105014
0.5006666666666667        -36.57454341820778
0.5007333333333334        -36.57571174108776
0.5008                    -36.57673946009745
0.5008666666666667        -36.57752119947142
0.5009333333333333        -36.5780155594328
0.501                     -36.578251668627914
0.5010666666666667        -36.57831763434137
0.5011333333333334        -36.57833465051511
0.5012000000000001        -36.57842391889706
0.5012666666666667        -36.578675054678925
0.5013333333333334        -36.57912398620219
0.5014000000000001        -36.57974575871893
0.5014666666666667        -36.58046379482341
0.5015333333333334        -36.58117298946878
0.5016                    -36.58177051895423
0.5016666666666667        -36.58218626168438
0.5017333333333334        -36.58240476554366
0.5018                    -36.58247277875451
0.5018666666666667        -36.58249000141987
0.5019333333333333        -36.58258501372326
0.502                     -36.582882210260635
0.5020666666666667        -36.583468040821366
0.5021333333333333        -36.584365306764
0.5022                    -36.58552256402919
0.5022666666666666        -36.58682221087891
0.5023333333333333        -36.588106360363234
0.5024                    -36.58921512422136
0.5024666666666666        -36.59002852476766
0.5025333333333333        -36.59050179111625
0.5025999999999999        -36.59068477330085
0.5026666666666667        -36.59071953450553
0.5027333333333334        -36.590815154681195
0.5028                    -36.5912042308822
0.5028666666666667        -36.59209017083102
0.5029333333333333        -36.59359703308715
0.503                     -36.595733733057514
0.5030666666666667        -36.59838185364378
0.5031333333333334        -36.601311554713845
0.5032000000000001        -36.60422406766178
0.5032666666666668        -36.60681317410532
0.5033333333333334        -36.6088332117938
0.5034000000000001        -36.610158739083744
0.5034666666666667        -36.61082183014952
0.5035333333333334        -36.61101715716267
0.5036                    -36.61107175702983
0.5036666666666667        -36.61138415072716
0.5037333333333334        -36.612344440471034
0.5038                    -36.61425154557044
0.5038666666666667        -36.61724489867788
0.5039333333333333        -36.62126554949035
0.504                     -36.62605622332135
0.5040666666666667        -36.63120242132126
0.5041333333333333        -36.63620838401718
0.5042                    -36.640594143089174
0.5042666666666666        -36.643994544946366
0.5043333333333333        -36.6462394764494
0.5044                    -36.647397381706945
0.5044666666666666        -36.64777128503513
0.5045333333333333        -36.647846456687304
0.5045999999999999        -36.648199216438016
0.5046666666666667        -36.64938467471068
0.5047333333333334        -36.65182563809161
0.5048                    -36.65572474854275
0.5048666666666667        -36.66101753982246
0.5049333333333333        -36.667376516633425
0.505                     -36.67426691723915
0.5050666666666667        -36.68104495176374
0.5051333333333334        -36.68708060187507
0.5052000000000001        -36.691881247675006
0.5052666666666668        -36.69519104680576
0.5053333333333334        -36.697045018922445
0.5054000000000001        -36.697765772756846
0.5054666666666667        -36.697902838547904
0.5055333333333334        -36.69812669529496
0.5056                    -36.69909884319318
0.5056666666666667        -36.701343677425974
0.5057333333333334        -36.7051469451032
0.5058                    -36.71049996531122
0.5058666666666667        -36.71710000948167
0.5059333333333333        -36.72440687822472
0.506                     -36.73174531795225
0.5060666666666667        -36.73843405465939
0.5061333333333333        -36.74391651906595
0.5062                    -36.74786728832589
0.5062666666666666        -36.75025266774543
0.5063333333333333        -36.75133317397855
0.5064                    -36.751607954476
0.5064666666666666        -36.75171337678577
0.5065333333333333        -36.75229715392461
0.5065999999999999        -36.75389348539231
0.5066666666666667        -36.756823359028424
0.5067333333333334        -36.76113827013574
0.5068                    -36.76661677437229
0.5068666666666667        -36.77281323585595
0.5069333333333333        -36.77914846350281
0.507                     -36.785024121499326
0.5070666666666667        -36.789938232830195
0.5071333333333333        -36.79357886927381
0.5072000000000001        -36.79587764309183
0.5072666666666668        -36.7970131795357
0.5073333333333334        -36.79736547237182
0.5074000000000001        -36.79743231341716
0.5074666666666667        -36.7977263796369
0.5075333333333334        -36.7986745224603
0.5076                    -36.800539083326655
0.5076666666666667        -36.803375518290224
0.5077333333333334        -36.80703273937385
0.5078                    -36.81119400798059
0.5078666666666667        -36.815448460832336
0.5079333333333333        -36.81937771026509
0.508                     -36.82263944940056
0.5080666666666667        -36.82503116258788
0.5081333333333333        -36.82652174968765
0.5082                    -36.8272461387565
0.5082666666666666        -36.82746610299821
0.5083333333333333        -36.82750757437225
0.5084                    -36.827689145127664
0.5084666666666666        -36.82825734179139
0.5085333333333333        -36.82934174240346
0.5085999999999999        -36.830937938756975
0.5086666666666667        -36.83291999048211
0.5087333333333334        -36.83507774023611
0.5088                    -36.837169386500356
0.5088666666666667        -36.8389769785453
0.5089333333333333        -36.84035251534132
0.509                     -36.84124505231071
0.5090666666666667        -36.8417039977004
0.5091333333333333        -36.84185946211716
0.5092000000000001        -36.84188573456587
0.5092666666666668        -36.84195747293626
0.5093333333333334        -36.84220927545105
0.5094000000000001        -36.84270784366839
0.5094666666666667        -36.84344245887921
0.5095333333333334        -36.84433488755698
0.5096                    -36.84526519817244
0.5096666666666667        -36.84610634959479
0.5097333333333334        -36.84675859306192
0.5098                    -36.84717510427359
0.5098666666666667        -36.847372714209826
0.5099333333333333        -36.84742551737357
0.51                      -36.847443515974604
0.5100666666666667        -36.847542204797286
0.5101333333333333        -36.84781119173628
0.5102                    -36.848290077714566
0.5102666666666666        -36.84895790223449
0.5103333333333333        -36.84973899541235
0.5104                    -36.85052390564332
0.5104666666666666        -36.85120018909169
0.5105333333333333        -36.85168519460083
0.5105999999999999        -36.851952238119445
0.5106666666666666        -36.85204298190355
0.5107333333333334        -36.85206213099746
0.5108                    -36.85215495317721
0.5108666666666667        -36.85247253200658
0.5109333333333334        -36.85313297202573
0.511                     -36.85418816051471
0.5110666666666667        -36.85560479129626
0.5111333333333333        -36.85726533805523
0.5112000000000001        -36.85899015706491
0.5112666666666668        -36.860576864088856
0.5113333333333334        -36.861848692849684
0.5114000000000001        -36.86270078436026
0.5114666666666667        -36.86313306991304
0.5115333333333334        -36.863260855452474
0.5116                    -36.86329897070026
0.5116666666666667        -36.86352135691256
0.5117333333333334        -36.86420380715665
0.5118                    -36.86556184656753
0.5118666666666667        -36.867697451662586
0.5119333333333334        -36.87056706844854
0.512                     -36.87397942588331
0.5120666666666667        -36.87762568327984
0.5121333333333333        -36.88113758933602
0.5122                    -36.88416289638263
0.5122666666666666        -36.88644267658405
0.5123333333333333        -36.88787365666849
0.5124                    -36.88854090789104
0.5124666666666666        -36.8887119990078
0.5125333333333333        -36.88879185799553
0.5126                    -36.88924619324248
0.5126666666666666        -36.89050835366173
0.5127333333333334        -36.89288838947872
0.5128                    -36.896503090392216
0.5128666666666667        -36.90124207061956
0.5129333333333334        -36.90677831752761
0.513                     -36.91262316568673
0.5130666666666667        -36.91821677394969
0.5131333333333333        -36.92303743729016
0.5132000000000001        -36.92670812226915
0.5132666666666668        -36.929077913482736
0.5133333333333334        -36.930260280221475
0.5134000000000001        -36.93061866197982
0.5134666666666667        -36.930700954625934
0.5135333333333334        -36.93113536507561
0.5136000000000001        -36.93250818142373
0.5136666666666667        -36.93524758583336
0.5137333333333334        -36.93953630650688
0.5138                    -36.94527033258106
0.5138666666666667        -36.952072363676166
0.5139333333333334        -36.95935857750001
0.514                     -36.96644717181088
0.5140666666666667        -36.97268859413786
0.5141333333333333        -36.97759215611135
0.5142                    -36.98092337556914
0.5142666666666666        -36.98275160372483
0.5143333333333333        -36.9834375586745
0.5144                    -36.983563061202005
0.5144666666666666        -36.9838174133603
0.5145333333333333        -36.98486352592026
0.5146                    -36.98721031564088
0.5146666666666666        -36.991115834625276
0.5147333333333334        -36.99653907489454
0.5148                    -37.003149012924894
0.5148666666666667        -37.010388886204865
0.5149333333333334        -37.017583489409056
0.515                     -37.02406899167633
0.5150666666666667        -37.029319985544596
0.5151333333333333        -37.03304851686735
0.5152                    -37.03525524163274
0.5152666666666668        -37.03622279777227
0.5153333333333334        -37.03645374708158
0.5154000000000001        -37.03656700836474
0.5154666666666667        -37.037174774623395
0.5155333333333334        -37.03876484904445
0.5156000000000001        -37.04161101558335
0.5156666666666667        -37.04572755699796
0.5157333333333334        -37.05087501284004
0.5158                    -37.05661446260458
0.5158666666666667        -37.06239859767747
0.5159333333333334        -37.067681027585955
0.516                     -37.07202189879648
0.5160666666666667        -37.07516884749927
0.5161333333333333        -37.07709764741744
0.5162                    -37.078005659678546
0.5162666666666667        -37.07826135094883
0.5163333333333333        -37.07832226230588
0.5164                    -37.078639758271414
0.5164666666666666        -37.07957051675941
0.5165333333333333        -37.08131208153234
0.5166                    -37.08387388523903
0.5166666666666666        -37.08708745027965
0.5167333333333334        -37.090651555604936
0.5168                    -37.09420144000536
0.5168666666666667        -37.09738676205993
0.5169333333333334        -37.09994185763205
0.517                     -37.10173409514966
0.5170666666666667        -37.10278138269349
0.5171333333333333        -37.10323695008425
0.5172                    -37.10334673996148
0.5172666666666668        -37.1033903896676
0.5173333333333334        -37.10361963434608
0.5174000000000001        -37.10420755976181
0.5174666666666667        -37.10521884055821
0.5175333333333334        -37.10660587324623
0.5176000000000001        -37.10822980032767
0.5176666666666667        -37.10990008252224
0.5177333333333334        -37.111422577721214
0.5178                    -37.11264474614736
0.5178666666666667        -37.11348785688738
0.5179333333333334        -37.113959591234966
0.518                     -37.11414535758918
0.5180666666666667        -37.11418173924495
0.5181333333333333        -37.11421954932006
0.5182                    -37.11438603351641
0.5182666666666667        -37.114755449089586
0.5183333333333333        -37.115334761309306
0.5184                    -37.11606723018748
0.5184666666666666        -37.116852192396905
0.5185333333333333        -37.11757542263999
0.5186                    -37.118141985901886
0.5186666666666666        -37.11850303854746
0.5187333333333334        -37.11866970745373
0.5188                    -37.11871056104195
0.5188666666666667        -37.11873343444291
0.5189333333333334        -37.118856405900864
0.519                     -37.11917552593271
0.5190666666666667        -37.119737785351276
0.5191333333333333        -37.12052657177913
0.5192                    -37.12146381417793
0.5192666666666668        -37.12242887173677
0.5193333333333334        -37.123289956381726
0.5194000000000001        -37.1239405074366
0.5194666666666667        -37.12433132000721
0.5195333333333334        -37.12448985038647
0.5196000000000001        -37.12452093694745
0.5196666666666667        -37.124587570886085
0.5197333333333334        -37.1248752769495
0.5198                    -37.12554790607112
0.5198666666666667        -37.12670514994586
0.5199333333333334        -37.128352237476875
0.52                      -37.13038998460884
0.5200666666666667        -37.132629085657726
0.5201333333333333        -37.13482711494723
0.5202                    -37.13674128172534
0.5202666666666667        -37.13818577103028
0.5203333333333333        -37.139080591206984
0.5204                    -37.13947989688716
0.5204666666666666        -37.139571749706136
0.5205333333333333        -37.13964742739361
0.5206                    -37.14004528521846
0.5206666666666666        -37.14108017301031
0.5207333333333333        -37.14297311710184
0.5208                    -37.14579657945445
0.5208666666666667        -37.149447998040635
0.5209333333333334        -37.153658996357535
0.521                     -37.15804057202202
0.5210666666666667        -37.16215698811966
0.5211333333333333        -37.16561445452329
0.5212                    -37.168146499521235
0.5212666666666668        -37.169677421821184
0.5213333333333334        -37.170348903011394
0.5214000000000001        -37.17050222082668
0.5214666666666667        -37.17061793170509
0.5215333333333334        -37.17122413719119
0.5216000000000001        -37.172791329225475
0.5216666666666667        -37.175634864165346
0.5217333333333334        -37.17984490441604
0.5218                    -37.18525864905403
0.5218666666666667        -37.191481868715115
0.5219333333333334        -37.197957453755514
0.522                     -37.20406934012852
0.5220666666666667        -37.209262440121634
0.5221333333333333        -37.21315479914526
0.5222                    -37.21561853954889
0.5222666666666667        -37.216811741288176
0.5223333333333333        -37.21715335563659
0.5224                    -37.21724528930801
0.5224666666666666        -37.21775696391063
0.5225333333333333        -37.21929529674155
0.5226                    -37.22228566424137
0.5226666666666666        -37.226886901418034
0.5227333333333333        -37.23295672360489
0.5228                    -37.240074582665315
0.5228666666666667        -37.247618419063336
0.5229333333333334        -37.25488157762403
0.523                     -37.261207961691724
0.5230666666666667        -37.26611903702444
0.5231333333333333        -37.26940699722081
0.5232                    -37.27117474327414
0.5232666666666668        -37.271814278734865
0.5233333333333334        -37.271928159265826
0.5234000000000001        -37.272210505771135
0.5234666666666667        -37.273311951428404
0.5235333333333334        -37.27571523993605
0.5236000000000001        -37.27964510079654
0.5236666666666667        -37.28502873146239
0.5237333333333334        -37.29151342759796
0.5238                    -37.29853732068231
0.5238666666666667        -37.30543937061951
0.5239333333333334        -37.31158724301429
0.524                     -37.31649795738078
0.5240666666666667        -37.31992735214314
0.5241333333333333        -37.32191070259846
0.5242                    -37.32274714084817
0.5242666666666667        -37.32293248758919
0.5243333333333333        -37.323055764436106
0.5244                    -37.32368149542262
0.5244666666666666        -37.32524164093057
0.5245333333333333        -37.32795778541395
0.5246                    -37.33180724026509
0.5246666666666666        -37.33653771522316
0.5247333333333333        -37.34172585453669
0.5248                    -37.34686675077762
0.5248666666666667        -37.35147587171549
0.5249333333333334        -37.3551827401069
0.525                     -37.35779777489374
0.5250666666666667        -37.35933969562897
0.5251333333333333        -37.36001957512043
0.5252                    -37.3601869692032
0.5252666666666667        -37.360251314023905
0.5253333333333334        -37.36059621186706
0.5254000000000001        -37.361504567431055
0.5254666666666667        -37.36310909709025
0.5255333333333334        -37.36537660926243
0.5256000000000001        -37.368127105554755
0.5256666666666667        -37.371081660817595
0.5257333333333334        -37.373927504401856
0.5258                    -37.37638574018531
0.5258666666666667        -37.37826726956917
0.5259333333333334        -37.37950568851289
0.526                     -37.3801615013905
0.5260666666666667        -37.380398621808425
0.5261333333333333        -37.38044022635591
0.5262                    -37.38051517375141
0.5262666666666667        -37.38080754515956
0.5263333333333333        -37.38142029585907
0.5264                    -37.38236011169881
0.5264666666666666        -37.38354536493035
0.5265333333333333        -37.38483376608231
0.5266                    -37.3860620472122
0.5266666666666666        -37.38708766516203
0.5267333333333333        -37.387822547957406
0.5268                    -37.388251268319536
0.5268666666666667        -37.38843011772475
0.5269333333333334        -37.38846834909613
0.527                     -37.388497162355826
0.5270666666666667        -37.38863478216939
0.5271333333333333        -37.38895660284554
0.5272                    -37.38947779010865
0.5272666666666667        -37.390152399366414
0.5273333333333334        -37.390888839044244
0.5274000000000001        -37.39157739218161
0.5274666666666668        -37.392122484641625
0.5275333333333334        -37.39247118454123
0.5276000000000001        -37.39263035011612
0.5276666666666667        -37.392667711473166
0.5277333333333334        -37.39269627818306
0.5278                    -37.39284577852708
0.5278666666666667        -37.393228264953116
0.5279333333333334        -37.39390670142028
0.528                     -37.39487486198692
0.5280666666666667        -37.39605431737924
0.5281333333333333        -37.3973102399339
0.5282                    -37.39848312731401
0.5282666666666667        -37.39942940026738
0.5283333333333333        -37.40006118732336
0.5284                    -37.40037520699804
0.5284666666666666        -37.400462738331434
0.5285333333333333        -37.400496857913225
0.5286                    -37.40069846801164
0.5286666666666666        -37.40128786026229
0.5287333333333333        -37.40243238084018
0.5287999999999999        -37.404202263070935
0.5288666666666667        -37.406545497960096
0.5289333333333334        -37.40928892846981
0.529                     -37.41216727900283
0.5290666666666667        -37.41487562829767
0.5291333333333333        -37.41713517873962
0.5292                    -37.418758372819795
0.5292666666666667        -37.419698520058915
0.5293333333333334        -37.420071616933
0.5294000000000001        -37.42014363131525
0.5294666666666668        -37.420283991501265
0.5295333333333334        -37.42089361598593
0.5296000000000001        -37.422321747323565
0.5296666666666667        -37.42478878518764
0.5297333333333334        -37.42833168436024
0.5298                    -37.43278448496888
0.5298666666666667        -37.437799935742156
0.5299333333333334        -37.44291008625077
0.53                      -37.44761554848663
0.5300666666666667        -37.4514864339011
0.5301333333333333        -37.454254336931214
0.5302                    -37.45587536184628
0.5302666666666667        -37.456549403073616
0.5303333333333333        -37.456689794378164
0.5304                    -37.45684801251505
0.5304666666666666        -37.457607793556576
0.5305333333333333        -37.45946953998101
0.5306                    -37.46274798077535
0.5306666666666666        -37.4675035705808
0.5307333333333333        -37.47352184466055
0.5307999999999999        -37.48034611256851
0.5308666666666667        -37.48735887513754
0.5309333333333334        -37.4938977150425
0.531                     -37.49938384728458
0.5310666666666667        -37.50343778209753
0.5311333333333333        -37.50595800240496
0.5312                    -37.507145477317735
0.5312666666666667        -37.50746798102546
0.5313333333333334        -37.50757094190431
0.5314000000000001        -37.50815273478038
0.5314666666666668        -37.50982933393997
0.5315333333333334        -37.51301480988657
0.5316000000000001        -37.51784050099712
0.5316666666666667        -37.52412805051246
0.5317333333333334        -37.53142147241339
0.5318                    -37.539072588312614
0.5318666666666667        -37.5463641165164
0.5319333333333334        -37.55264703941666
0.532                     -37.557465306209174
0.5320666666666667        -37.560642725063786
0.5321333333333333        -37.56231427019419
0.5322                    -37.562895631538005
0.5322666666666667        -37.56299792764695
0.5323333333333333        -37.56330581075667
0.5324                    -37.56444406526949
0.5324666666666666        -37.56685903576512
0.5325333333333333        -37.57073717598618
0.5326                    -37.57597509588769
0.5326666666666666        -37.5822054800621
0.5327333333333333        -37.58887286603673
0.5327999999999999        -37.59534405540358
0.5328666666666667        -37.60103135726524
0.5329333333333334        -37.605504276477674
0.533                     -37.608567534336295
0.5330666666666667        -37.610290351050125
0.5331333333333333        -37.61098234909187
0.5332                    -37.6111227991751
0.5332666666666667        -37.61125944079603
0.5333333333333333        -37.61189859020854
0.5334000000000001        -37.61340877747887
0.5334666666666668        -37.61595613354783
0.5335333333333334        -37.61948249672367
0.5336000000000001        -37.62372840555026
0.5336666666666667        -37.62829443510666
0.5337333333333334        -37.63272716630248
0.5338                    -37.63661166443697
0.5338666666666667        -37.639651548318234
0.5339333333333334        -37.64172083369547
0.534                     -37.64287818215537
0.5340666666666667        -37.64334255573122
0.5341333333333333        -37.6434375821472
0.5342                    -37.643518210029605
0.5342666666666667        -37.6438961306983
0.5343333333333333        -37.64477957419165
0.5344                    -37.64623898915001
0.5344666666666666        -37.64820395026072
0.5345333333333333        -37.65048981604548
0.5346                    -37.6528465567329
0.5346666666666666        -37.655017934967525
0.5347333333333333        -37.65679763779794
0.5347999999999999        -37.6580703133716
0.5348666666666667        -37.65882943298969
0.5349333333333334        -37.65916953903169
0.535                     -37.65925638937483
0.5350666666666667        -37.65928334147293
0.5351333333333333        -37.659424939417086
0.5352                    -37.65979859390117
0.5352666666666667        -37.660442678576004
0.5353333333333333        -37.66131505975348
0.5354000000000001        -37.66231109939195
0.5354666666666668        -37.66329566042069
0.5355333333333334        -37.664140585088305
0.5356000000000001        -37.66475816671863
0.5356666666666667        -37.66512247854864
0.5357333333333334        -37.66527371002989
0.5358                    -37.66530506132665
0.5358666666666667        -37.66533614880863
0.5359333333333334        -37.665480178660545
0.536                     -37.66581355897465
0.5360666666666667        -37.66635584750353
0.5361333333333334        -37.66706521586731
0.5362                    -37.667850639330965
0.5362666666666667        -37.668597752108155
0.5363333333333333        -37.669201762521354
0.5364                    -37.66959887188391
0.5364666666666666        -37.669787808187365
0.5365333333333333        -37.66983539371125
0.5366                    -37.66986399392487
0.5366666666666666        -37.67002328511654
0.5367333333333333        -37.67045288005734
0.5367999999999999        -37.671244932524154
0.5368666666666667        -37.67241625253894
0.5369333333333334        -37.67389757535168
0.537                     -37.67554382891578
0.5370666666666667        -37.677164345686805
0.5371333333333334        -37.67856703719105
0.5372                    -37.679606739087944
0.5372666666666667        -37.680226228655904
0.5373333333333333        -37.68047939240597
0.5374000000000001        -37.680529631107326
0.5374666666666668        -37.68062209376003
0.5375333333333334        -37.68103445301202
0.5376000000000001        -37.68201620179823
0.5376666666666667        -37.68372961047729
0.5377333333333334        -37.68620580542318
0.5378000000000001        -37.689326820913905
0.5378666666666667        -37.692839421017226
0.5379333333333334        -37.696399914225566
0.538                     -37.6996423272134
0.5380666666666667        -37.70225657525227
0.5381333333333334        -37.7040600418768
0.5382                    -37.70504627647158
0.5382666666666667        -37.70539861513433
0.5383333333333333        -37.70546372305637
0.5384                    -37.70568873598429
0.5384666666666666        -37.70653377620714
0.5385333333333333        -37.70837724706878
0.5386                    -37.71143328957673
0.5386666666666666        -37.715698840953145
0.5387333333333333        -37.72094236485283
0.5388                    -37.726738518091956
0.5388666666666666        -37.73254405783444
0.5389333333333334        -37.737801673453156
0.539                     -37.7420518217698
0.5390666666666667        -37.74502969407645
0.5391333333333334        -37.7467262965437
0.5392                    -37.74739937404726
0.5392666666666667        -37.74753026398997
0.5393333333333333        -37.74773429063696
0.5394000000000001        -37.74864217935431
0.5394666666666668        -37.75077593088089
0.5395333333333334        -37.75444360075945
0.5396000000000001        -37.75967368802962
0.5396666666666667        -37.76620240726669
0.5397333333333334        -37.773517403350404
0.5398000000000001        -37.78095095168812
0.5398666666666667        -37.7878059440345
0.5399333333333334        -37.79349074091605
0.54                      -37.797636040034625
0.5400666666666667        -37.80016951415851
0.5401333333333334        -37.8013321437776
0.5402                    -37.8016323167845
0.5402666666666667        -37.801746959892775
0.5403333333333333        -37.80238990730647
0.5404                    -37.80417390172554
0.5404666666666667        -37.80749308773464
0.5405333333333333        -37.81244812886285
0.5406                    -37.81882760991036
0.5406666666666666        -37.82614889031731
0.5407333333333333        -37.833750682187215
0.5408                    -37.840919901872766
0.5408666666666666        -37.847028412980436
0.5409333333333334        -37.85165272937573
0.541                     -37.85465265316748
0.5410666666666667        -37.856193091166254
0.5411333333333334        -37.85670528772189
0.5412                    -37.85679654457372
0.5412666666666667        -37.85712797240726
0.5413333333333333        -37.858285548991574
0.5414000000000001        -37.860669870035
0.5414666666666668        -37.864425084644445
0.5415333333333334        -37.869419146364045
0.5416000000000001        -37.875277492927246
0.5416666666666667        -37.88146228832953
0.5417333333333334        -37.88738093879486
0.5418000000000001        -37.89250212305881
0.5418666666666667        -37.89645622132787
0.5419333333333334        -37.89910036956988
0.542                     -37.90053598045417
0.5420666666666667        -37.901076853287286
0.5421333333333334        -37.90117648711029
0.5422                    -37.90133137400617
0.5422666666666667        -37.901981092229406
0.5423333333333333        -37.90342538025918
0.5424                    -37.90577367716364
0.5424666666666667        -37.90893524304942
0.5425333333333333        -37.91264956708651
0.5426                    -37.91654889615342
0.5426666666666666        -37.920238723099345
0.5427333333333333        -37.923379012580526
0.5428                    -37.92574942853947
0.5428666666666666        -37.92728582395516
0.5429333333333334        -37.92808192624655
0.543                     -37.92835795886465
0.5430666666666667        -37.928405016177635
0.5431333333333334        -37.92851871646684
0.5432                    -37.92893705610974
0.5432666666666667        -37.92979542732316
0.5433333333333333        -37.93110716746158
0.5434                    -37.932771977130734
0.5434666666666668        -37.934608422450246
0.5435333333333334        -37.9364017667985
0.5436000000000001        -37.93795552387211
0.5436666666666667        -37.93913492753762
0.5437333333333334        -37.93989296806798
0.5438000000000001        -37.94027414562134
0.5438666666666667        -37.940396537985
0.5439333333333334        -37.940417835540366
0.544                     -37.940494456675474
0.5440666666666667        -37.94074396986352
0.5441333333333334        -37.94121968349322
0.5442                    -37.941902884759706
0.5442666666666667        -37.94271370192432
0.5443333333333333        -37.9435370108778
0.5444                    -37.94425625274303
0.5444666666666667        -37.944786280887655
0.5445333333333333        -37.945096811617006
0.5446                    -37.94522059494178
0.5446666666666666        -37.94524441526822
0.5447333333333333        -37.94528546588006
0.5448                    -37.945459391285034
0.5448666666666666        -37.94584842227218
0.5449333333333334        -37.94647803158108
0.545                     -37.94730843644074
0.5450666666666667        -37.948243584681606
0.5451333333333334        -37.94915585657455
0.5452                    -37.94992063515131
0.5452666666666667        -37.95045213916357
0.5453333333333333        -37.95073120688229
0.5454                    -37.95081733705861
0.5454666666666668        -37.95084093266808
0.5455333333333334        -37.95097651062447
0.5456000000000001        -37.95140245753863
0.5456666666666667        -37.95225653044523
0.5457333333333334        -37.953597823290316
0.5458000000000001        -37.95538495163918
0.5458666666666667        -37.95747691623649
0.5459333333333334        -37.95965814883103
0.546                     -37.96168363841605
0.5460666666666667        -37.96333499589424
0.5461333333333334        -37.96447504364012
0.5462                    -37.96508794352857
0.5462666666666667        -37.96529437353919
0.5463333333333333        -37.96533644172254
0.5464                    -37.965533758122795
0.5464666666666667        -37.96621878127917
0.5465333333333333        -37.967664623643806
0.5466                    -37.97002078102629
0.5466666666666666        -37.973271264850254
0.5467333333333333        -37.977225566161344
0.5468                    -37.981546510244456
0.5468666666666666        -37.98581149338957
0.5469333333333333        -37.989596217514546
0.547                     -37.992564386445046
0.5470666666666667        -37.99454433651306
0.5471333333333334        -37.99557518902147
0.5472                    -37.99591085664367
0.5472666666666667        -37.9959789982165
0.5473333333333333        -37.996301760678094
0.5474                    -37.99739353006635
0.5474666666666668        -37.999656028850254
0.5475333333333334        -38.00329198007594
0.5476000000000001        -38.00825526036674
0.5476666666666667        -38.014248776954275
0.5477333333333334        -38.02077241823496
0.5478000000000001        -38.027213737329
0.5478666666666667        -38.032965119705906
0.5479333333333334        -38.03754481920224
0.548                     -38.040697105273004
0.5480666666666667        -38.0424499085376
0.5481333333333334        -38.043116601705464
0.5482                    -38.04324021654338
0.5482666666666667        -38.043490649460196
0.5483333333333333        -38.04453523371632
0.5484                    -38.04690827887039
0.5484666666666667        -38.05090503216158
0.5485333333333333        -38.0565205489849
0.5486                    -38.063445488119065
0.5486666666666666        -38.07112041666499
0.5487333333333333        -38.07883936032439
0.5488                    -38.08588367524048
0.5488666666666666        -38.09166061919586
0.5489333333333333        -38.095818992093285
0.549                     -38.098317991688674
0.5490666666666667        -38.099434734572284
0.5491333333333334        -38.09970879386122
0.5492                    -38.09983543227262
0.5492666666666667        -38.100529636861744
0.5493333333333333        -38.10238828235383
0.5494                    -38.105777097944994
0.5494666666666668        -38.11076340347054
0.5495333333333334        -38.11710644668753
0.5496000000000001        -38.1243064036262
0.5496666666666667        -38.131702347404854
0.5497333333333334        -38.138600307427865
0.5498000000000001        -38.14440651112389
0.5498666666666667        -38.148739473767264
0.5499333333333334        -38.151498594889254
0.55                      -38.15287591596781
0.5500666666666667        -38.153309798191074
0.5501333333333334        -38.15339153995548
0.5502                    -38.1537453481445
0.5502666666666667        -38.15490654883233
0.5503333333333333        -38.15722193112877
0.5504                    -38.16079049746551
0.5504666666666667        -38.16545426703601
0.5505333333333333        -38.170838951322374
0.5506                    -38.17643495271582
0.5506666666666666        -38.18170169527471
0.5507333333333333        -38.186174059496565
0.5508                    -38.18954960090935
0.5508666666666666        -38.19173954712044
0.5509333333333333        -38.19287454494229
0.551                     -38.19326599348514
0.5510666666666667        -38.19333317750986
0.5511333333333334        -38.193513082074666
0.5512                    -38.19417234448609
0.5512666666666667        -38.195539067930085
0.5513333333333333        -38.197666991837
0.5514                    -38.20043719774483
0.5514666666666667        -38.203594705622564
0.5515333333333334        -38.20681045155211
0.5516000000000001        -38.20975444807718
0.5516666666666667        -38.2121642653965
0.5517333333333334        -38.21389466753407
0.5518000000000001        -38.21493894347972
0.5518666666666667        -38.21541912216272
0.5519333333333334        -38.21554927048443
0.552                     -38.215581774095654
0.5520666666666667        -38.215749614264446
0.5521333333333334        -38.21621763467371
0.5522                    -38.21705289036232
0.5522666666666667        -38.218219260953354
0.5523333333333333        -38.21959579833917
0.5524                    -38.221013023071045
0.5524666666666667        -38.222297671859565
0.5525333333333333        -38.22331497626903
0.5526                    -38.22399868191522
0.5526666666666666        -38.224362392409475
0.5527333333333333        -38.224490600365804
0.5528                    -38.224512756840504
0.5528666666666666        -38.22456770117926
0.5529333333333333        -38.22476779227487
0.553                     -38.22517174598075
0.5530666666666667        -38.22577268014757
0.5531333333333334        -38.2265038814149
0.5532                    -38.22726032126825
0.5532666666666667        -38.22793002657175
0.5533333333333333        -38.22842697704698
0.5534                    -38.228716849952356
0.5534666666666667        -38.22882876739871
0.5535333333333334        -38.22884979033732
0.5536000000000001        -38.22890335267628
0.5536666666666668        -38.22911701191184
0.5537333333333334        -38.22958775001925
0.5538000000000001        -38.230353877237185
0.5538666666666667        -38.23138116876895
0.5539333333333334        -38.23256752628822
0.554                     -38.233765960636646
0.5540666666666667        -38.2348210657732
0.5541333333333334        -38.235610492394905
0.5542                    -38.236081171925335
0.5542666666666667        -38.23627073735926
0.5543333333333333        -38.236307710389376
0.5544                    -38.23638891640885
0.5544666666666667        -38.23673809625503
0.5545333333333333        -38.23755446151112
0.5546                    -38.23896282169144
0.5546666666666666        -38.24097719680993
0.5547333333333333        -38.24348741056979
0.5548                    -38.24627349216817
0.5548666666666666        -38.24904669734006
0.5549333333333333        -38.251509793331614
0.5549999999999999        -38.25342427739752
0.5550666666666667        -38.2546696605607
0.5551333333333334        -38.255280688281836
0.5552                    -38.255452503156576
0.5552666666666667        -38.255510507143754
0.5553333333333333        -38.25584951709233
0.5554                    -38.256853861117186
0.5554666666666667        -38.258814692145094
0.5555333333333334        -38.261862011455044
0.5556000000000001        -38.26592651361457
0.5556666666666668        -38.270740885799064
0.5557333333333334        -38.275882591933346
0.5558000000000001        -38.28085173126016
0.5558666666666667        -38.285169803183024
0.5559333333333334        -38.28847978193767
0.556                     -38.29062628989351
0.5560666666666667        -38.29169769935106
0.5561333333333334        -38.292019413790676
0.5562                    -38.292097830920355
0.5562666666666667        -38.29252511864198
0.5563333333333333        -38.29386337749733
0.5564                    -38.29653116928928
0.5564666666666667        -38.30071507135471
0.5565333333333333        -38.30632426281545
0.5566                    -38.31299823287823
0.5566666666666666        -38.32016787412496
0.5567333333333333        -38.32715996649286
0.5568                    -38.33332602707012
0.5568666666666666        -38.33817052741208
0.5569333333333333        -38.34145226146933
0.5569999999999999        -38.343237115497686
0.5570666666666667        -38.34389016167598
0.5571333333333334        -38.34400777357716
0.5572                    -38.34430318333422
0.5572666666666667        -38.34546843980339
0.5573333333333333        -38.34804005693889
0.5574                    -38.35229431052484
0.5574666666666667        -38.35819202053629
0.5575333333333334        -38.365383286943825
0.5576000000000001        -38.373271679598
0.5576666666666668        -38.38112639688181
0.5577333333333334        -38.38822153079814
0.5578000000000001        -38.393975575235416
0.5578666666666667        -38.398063338015675
0.5579333333333334        -38.4004773516656
0.558                     -38.401526152885815
0.5580666666666667        -38.40177017673431
0.5581333333333334        -38.40190915705604
0.5582                    -38.40264458474059
0.5582666666666667        -38.404544902352214
0.5583333333333333        -38.407939360528914
0.5584                    -38.41285989428045
0.5584666666666667        -38.419040758660124
0.5585333333333333        -38.425974823144486
0.5586                    -38.43301501360251
0.5586666666666666        -38.439500950607844
0.5587333333333333        -38.444885866154074
0.5588                    -38.44883864871584
0.5588666666666666        -38.45130088354347
0.5589333333333333        -38.45248827579531
0.5589999999999999        -38.452837764087974
0.5590666666666667        -38.45291302627316
0.5591333333333334        -38.4532891857341
0.5592                    -38.45444066387567
0.5592666666666667        -38.456654080418446
0.5593333333333333        -38.45998189604436
0.5594                    -38.464243786069
0.5594666666666667        -38.469073300206496
0.5595333333333333        -38.47399880771456
0.5596000000000001        -38.4785414346417
0.5596666666666668        -38.48230979444917
0.5597333333333334        -38.485072470799146
0.5598000000000001        -38.4867943574893
0.5598666666666667        -38.48763106307179
0.5599333333333334        -38.48788477468852
0.56                      -38.48793303695583
0.5600666666666667        -38.48814697762114
0.5601333333333334        -38.488816639675164
0.5602                    -38.490098362401255
0.5602666666666667        -38.49199354816057
0.5603333333333333        -38.494361069396284
0.5604                    -38.49695850912385
0.5604666666666667        -38.49950173180625
0.5605333333333333        -38.50172899410873
0.5606                    -38.50345553720017
0.5606666666666666        -38.504607384095706
0.5607333333333333        -38.50522825642457
0.5608                    -38.50545989007969
0.5608666666666666        -38.505502029750474
0.5609333333333333        -38.50556260275064
0.5609999999999999        -38.505810114034496
0.5610666666666667        -38.50633898904431
0.5611333333333334        -38.50715492683722
0.5612                    -38.50818229690353
0.5612666666666667        -38.50929040985339
0.5613333333333334        -38.51033126359897
0.5614                    -38.51117901557859
0.5614666666666667        -38.51176144767183
0.5615333333333333        -38.51207603263965
0.5616000000000001        -38.51218728457806
0.5616666666666668        -38.512206852563864
0.5617333333333334        -38.512262093692726
0.5618000000000001        -38.51246158685666
0.5618666666666667        -38.51286659565728
0.5619333333333334        -38.51347579320692
0.562                     -38.514227094550385
0.5620666666666667        -38.51501606592704
0.5621333333333334        -38.51572614305877
0.5622                    -38.516262809994835
0.5622666666666667        -38.51658273550341
0.5623333333333334        -38.51670996979048
0.5624                    -38.516734454334454
0.5624666666666667        -38.51679254239779
0.5625333333333333        -38.51703386048095
0.5626                    -38.51758249204483
0.5626666666666666        -38.51850221493394
0.5627333333333333        -38.51977492788651
0.5628                    -38.521298566640496
0.5628666666666666        -38.52290634251753
0.5629333333333333        -38.52440400559895
0.563                     -38.52561719610665
0.5630666666666667        -38.52643792881368
0.5631333333333334        -38.52685870496887
0.5632                    -38.52698498316861
0.5632666666666667        -38.527021392376064
0.5633333333333334        -38.5272331029436
0.5634                    -38.527889745733965
0.5634666666666667        -38.529203743085546
0.5635333333333333        -38.53127683076377
0.5636000000000001        -38.53406746145878
0.5636666666666668        -38.53738788004547
0.5637333333333334        -38.54093367079547
0.5638000000000001        -38.54434160719763
0.5638666666666667        -38.54726505211407
0.5639333333333334        -38.549451415926704
0.5640000000000001        -38.5508045578081
0.5640666666666667        -38.551417226481696
0.5641333333333334        -38.551564490956
0.5642                    -38.551657403717634
0.5642666666666667        -38.55216492426406
0.5643333333333334        -38.55351931343937
0.5644                    -38.55602417461317
0.5644666666666667        -38.559784320306136
0.5645333333333333        -38.564672821849385
0.5646                    -38.570343741039636
0.5646666666666667        -38.576290314243735
0.5647333333333333        -38.58193917818266
0.5648                    -38.586763230184424
0.5648666666666666        -38.59039065545887
0.5649333333333333        -38.59268704311915
0.565                     -38.593792054990104
0.5650666666666666        -38.59410119093501
0.5651333333333334        -38.59419480617717
0.5652                    -38.594727837084214
0.5652666666666667        -38.596301964444166
0.5653333333333334        -38.59934546856181
0.5654                    -38.6040244388395
0.5654666666666667        -38.61020303073022
0.5655333333333333        -38.61746143274835
0.5656000000000001        -38.62516959546542
0.5656666666666668        -38.6326041256748
0.5657333333333334        -38.63908677407664
0.5658000000000001        -38.64411752344309
0.5658666666666667        -38.647475090488506
0.5659333333333334        -38.64926344661721
0.5660000000000001        -38.64989392345926
0.5660666666666667        -38.650006117453984
0.5661333333333334        -38.650343715316666
0.5662                    -38.65161037747564
0.5662666666666667        -38.65433412748919
0.5663333333333334        -38.65876618175586
0.5664                    -38.664832984035186
0.5664666666666667        -38.67215010576494
0.5665333333333333        -38.68009536128742
0.5666                    -38.68792756916042
0.5666666666666667        -38.69492850016117
0.5667333333333333        -38.70054042147145
0.5668                    -38.70447179008656
0.5668666666666666        -38.70674969270313
0.5669333333333333        -38.7077086754844
0.567                     -38.70791915169264
0.5670666666666666        -38.70807122050184
0.5671333333333334        -38.708838389529404
0.5672                    -38.710748634671916
0.5672666666666667        -38.71408742268202
0.5673333333333334        -38.71885003876166
0.5674                    -38.72475064968896
0.5674666666666667        -38.73128483228898
0.5675333333333333        -38.73783244463774
0.5676000000000001        -38.74378021466509
0.5676666666666668        -38.74863965548872
0.5677333333333334        -38.75213691232747
0.5678000000000001        -38.75425708119504
0.5678666666666667        -38.755235352544595
0.5679333333333334        -38.755498774401275
0.5680000000000001        -38.75557269138424
0.5680666666666667        -38.75597257191231
0.5681333333333334        -38.75710370687437
0.5682                    -38.75918824685817
0.5682666666666667        -38.762232403924266
0.5683333333333334        -38.76603804800026
0.5684                    -38.770254089713745
0.5684666666666667        -38.77445548784512
0.5685333333333333        -38.77823272130848
0.5686                    -38.78127304809419
0.5686666666666667        -38.78341721477852
0.5687333333333333        -38.784681072295164
0.5688                    -38.785239527102554
0.5688666666666666        -38.78537852334892
0.5689333333333333        -38.78542733755686
0.569                     -38.78568691296122
0.5690666666666666        -38.78636970940326
0.5691333333333334        -38.78756297998232
0.5692                    -38.78922157555379
0.5692666666666667        -38.79118971148673
0.5693333333333334        -38.79324500478927
0.5694                    -38.79515369620599
0.5694666666666667        -38.796724144930586
0.5695333333333333        -38.79784675610797
0.5696                    -38.79851219397405
0.5696666666666668        -38.79880515353234
0.5697333333333334        -38.79887678467904
0.5698000000000001        -38.79890366938363
0.5698666666666667        -38.79904393356749
0.5699333333333334        -38.79940111047332
0.5700000000000001        -38.80000391699068
0.5700666666666667        -38.80080587835967
0.5701333333333334        -38.80170379931704
0.5702                    -38.80256958081256
0.5702666666666667        -38.80328683417675
0.5703333333333334        -38.80378283122128
0.5704                    -38.80404774789439
0.5704666666666667        -38.80413655351645
0.5705333333333333        -38.80415341190831
0.5706                    -38.80422294786887
0.5706666666666667        -38.804456060126036
0.5707333333333333        -38.80491931539796
0.5708                    -38.80561603697512
0.5708666666666666        -38.806484260482236
0.5709333333333333        -38.80741248668889
0.571                     -38.80826962173478
0.5710666666666666        -38.80894174236226
0.5711333333333334        -38.80936629553239
0.5712                    -38.80955461023441
0.5712666666666667        -38.80959619724203
0.5713333333333334        -38.8096426756124
0.5714                    -38.809874243370395
0.5714666666666667        -38.81045614180402
0.5715333333333333        -38.811495416104464
0.5716                    -38.81300873670308
0.5716666666666668        -38.81490996718435
0.5717333333333334        -38.8170219553553
0.5718000000000001        -38.81911154325728
0.5718666666666667        -38.820941195577355
0.5719333333333334        -38.822326200423134
0.5720000000000001        -38.82318423966012
0.5720666666666667        -38.823564977758544
0.5721333333333334        -38.823651212489125
0.5722                    -38.82372930212382
0.5722666666666667        -38.82413361192855
0.5723333333333334        -38.82517592461119
0.5724                    -38.827074672659066
0.5724666666666667        -38.82989960356057
0.5725333333333333        -38.83354493194967
0.5726                    -38.837738655013716
0.5726666666666667        -38.84208846965777
0.5727333333333333        -38.84615692397968
0.5728                    -38.849551577517595
0.5728666666666666        -38.8520116016953
0.5729333333333333        -38.8534717108909
0.573                     -38.85408812872108
0.5730666666666666        -38.854218914210136
0.5731333333333333        -38.85436072856087
0.5732                    -38.85505367284986
0.5732666666666667        -38.856772904481716
0.5733333333333334        -38.85982884027663
0.5734                    -38.86429643193729
0.5734666666666667        -38.869988735579454
0.5735333333333333        -38.87648183890167
0.5736                    -38.88318848290987
0.5736666666666668        -38.889467940082596
0.5737333333333334        -38.89475162689998
0.5738000000000001        -38.89865938019325
0.5738666666666667        -38.90108183092269
0.5739333333333334        -38.90221039117228
0.5740000000000001        -38.90250703977071
0.5740666666666667        -38.902618886801754
0.5741333333333334        -38.90325423064041
0.5742                    -38.90504469798954
0.5742666666666667        -38.90842055944623
0.5743333333333334        -38.91352342165295
0.5744                    -38.92017328377163
0.5744666666666667        -38.92789694127057
0.5745333333333333        -38.93601349906633
0.5746                    -38.94376190429314
0.5746666666666667        -38.95044667848299
0.5747333333333333        -38.955573320523584
0.5748                    -38.95894576950808
0.5748666666666666        -38.96070539569925
0.5749333333333333        -38.961303061200184
0.575                     -38.96141003030486
0.5750666666666666        -38.96178630192641
0.5751333333333333        -38.96313320088676
0.5752                    -38.96595926146154
0.5752666666666667        -38.970484777511956
0.5753333333333334        -38.97660230623266
0.5754                    -38.9838997556459
0.5754666666666667        -38.9917412314568
0.5755333333333333        -38.99939018027688
0.5756                    -39.006151166956485
0.5756666666666668        -39.01150252335945
0.5757333333333334        -39.01519342977909
0.5758000000000001        -39.01728605773738
0.5758666666666667        -39.01813498571153
0.5759333333333334        -39.01830949125574
0.5760000000000001        -39.0184761605025
0.5760666666666667        -39.01926671147601
0.5761333333333334        -39.021157625588614
0.5762                    -39.02438439197749
0.5762666666666667        -39.02890532856866
0.5763333333333334        -39.03441993814107
0.5764                    -39.04043640975059
0.5764666666666667        -39.04637379124013
0.5765333333333333        -39.0516779728996
0.5766                    -39.05592816483127
0.5766666666666667        -39.05891276140601
0.5767333333333333        -39.06066019042421
0.5768                    -39.06142019473883
0.5768666666666666        -39.06160167273591
0.5769333333333333        -39.06168210739074
0.577                     -39.06210870770826
0.5770666666666666        -39.06321180311941
0.5771333333333333        -39.065147150209725
0.5772                    -39.06787689961115
0.5772666666666667        -39.07119067527262
0.5773333333333334        -39.07476017081348
0.5774                    -39.07821429010552
0.5774666666666667        -39.081218268049895
0.5775333333333333        -39.0835400860861
0.5776                    -39.08509090259717
0.5776666666666667        -39.08593243170611
0.5777333333333334        -39.086251785171726
0.5778000000000001        -39.086311420908665
0.5778666666666668        -39.0863868431115
0.5779333333333334        -39.08670652835414
0.5780000000000001        -39.087407032330326
0.5780666666666667        -39.08851198503202
0.5781333333333334        -39.089937853453456
0.5782                    -39.091523284655885
0.5782666666666667        -39.09307381350181
0.5783333333333334        -39.09441073730721
0.5784                    -39.09541260679901
0.5784666666666667        -39.09604008660545
0.5785333333333333        -39.09633932037843
0.5786                    -39.09642430697884
0.5786666666666667        -39.09644382041679
0.5787333333333333        -39.09654186904446
0.5788                    -39.096821814409736
0.5788666666666666        -39.097322901949816
0.5789333333333333        -39.098014542234985
0.579                     -39.09880911190402
0.5790666666666666        -39.0995894202894
0.5791333333333333        -39.10024339285028
0.5792                    -39.100696800541286
0.5792666666666667        -39.10093543664389
0.5793333333333334        -39.101010885985296
0.5794                    -39.1010282737336
0.5794666666666667        -39.101119051583886
0.5795333333333333        -39.10140578992896
0.5796                    -39.101968110819605
0.5796666666666667        -39.10281878695195
0.5797333333333334        -39.10389667530646
0.5798000000000001        -39.105079099310764
0.5798666666666668        -39.10621147004096
0.5799333333333334        -39.10714746459484
0.5800000000000001        -39.107790048660384
0.5800666666666667        -39.108122862049505
0.5801333333333334        -39.10822330572162
0.5802                    -39.10825276215965
0.5802666666666667        -39.10842481917261
0.5803333333333334        -39.10895783250237
0.5804                    -39.11002230920876
0.5804666666666667        -39.11169540801827
0.5805333333333333        -39.11393388258104
0.5806                    -39.11657319978048
0.5806666666666667        -39.1193550395411
0.5807333333333333        -39.12197900988546
0.5808                    -39.124168514933814
0.5808666666666666        -39.125736659669926
0.5809333333333333        -39.12663699059077
0.581                     -39.126986302995086
0.5810666666666666        -39.127052385186985
0.5811333333333333        -39.127207215472566
0.5811999999999999        -39.12785397629068
0.5812666666666667        -39.12934243046797
0.5813333333333334        -39.13189031873439
0.5814                    -39.13552786968758
0.5814666666666667        -39.14007843630386
0.5815333333333333        -39.14518145716612
0.5816                    -39.15035554995846
0.5816666666666667        -39.155091025912995
0.5817333333333334        -39.15895412211613
0.5818000000000001        -39.16168145709961
0.5818666666666668        -39.16324390360513
0.5819333333333334        -39.1638645884785
0.5820000000000001        -39.163985116888036
0.5820666666666667        -39.16418521932455
0.5821333333333334        -39.165071122791076
0.5822                    -39.1671546881806
0.5822666666666667        -39.170747415773604
0.5823333333333334        -39.17589070367028
0.5824                    -39.18233707171743
0.5824666666666667        -39.18958771481161
0.5825333333333333        -39.19698117129824
0.5826                    -39.20381768384174
0.5826666666666667        -39.20949581972852
0.5827333333333333        -39.21363402471757
0.5828                    -39.21615149634961
0.5828666666666666        -39.21729038307611
0.5829333333333333        -39.217573453251
0.583                     -39.2177051316718
0.5830666666666666        -39.218435705153084
0.5831333333333333        -39.22041576354096
0.5831999999999999        -39.22406931171898
0.5832666666666667        -39.22950980743865
0.5833333333333334        -39.23651502747605
0.5834                    -39.24456584495009
0.5834666666666667        -39.252942356311976
0.5835333333333333        -39.26085994172793
0.5836                    -39.26761955380946
0.5836666666666667        -39.2727426935733
0.5837333333333334        -39.2760636283215
0.5838000000000001        -39.27775969740863
0.5838666666666668        -39.278313515214535
0.5839333333333334        -39.27841539444217
0.5840000000000001        -39.27882668216033
0.5840666666666667        -39.28023200671923
0.5841333333333334        -39.28310945320786
0.5842                    -39.287642949576686
0.5842666666666667        -39.29369229464526
0.5843333333333334        -39.30082524327827
0.5844                    -39.308404677472346
0.5844666666666667        -39.315713748462954
0.5845333333333333        -39.32209456734884
0.5846                    -39.32707309343301
0.5846666666666667        -39.33044539929813
0.5847333333333333        -39.33230845551882
0.5848                    -39.33303043418149
0.5848666666666666        -39.33316844532291
0.5849333333333333        -39.33335236625139
0.585                     -39.33415951089185
0.5850666666666666        -39.33600532054163
0.5851333333333333        -39.33907058395009
0.5851999999999999        -39.34327746643872
0.5852666666666667        -39.34831673231443
0.5853333333333334        -39.35371876379848
0.5854                    -39.358952865784595
0.5854666666666667        -39.363534235024034
0.5855333333333334        -39.36711688906949
0.5856                    -39.36955421365609
0.5856666666666667        -39.370916068399154
0.5857333333333333        -39.37146100821915
0.5858000000000001        -39.371571830678384
0.5858666666666668        -39.37167002570689
0.5859333333333334        -39.37212817987571
0.5860000000000001        -39.37319850561575
0.5860666666666667        -39.37497105193258
0.5861333333333334        -39.377368144697215
0.5862                    -39.380173799747745
0.5862666666666667        -39.383089781996226
0.5863333333333334        -39.385804934133674
0.5864                    -39.388062287559734
0.5864666666666667        -39.38970969746475
0.5865333333333334        -39.390724042550985
0.5866                    -39.391205408077965
0.5866666666666667        -39.39134459855351
0.5867333333333333        -39.39137313377407
0.5868                    -39.39150823993782
0.5868666666666666        -39.3919056239178
0.5869333333333333        -39.3926301786111
0.587                     -39.39365002751097
0.5870666666666666        -39.39485366854058
0.5871333333333333        -39.39608469928384
0.5871999999999999        -39.39718482644895
0.5872666666666667        -39.398034369585645
0.5873333333333334        -39.39858055578819
0.5874                    -39.398847275013395
0.5874666666666667        -39.3989247754792
0.5875333333333334        -39.39894281191777
0.5876                    -39.399034758621916
0.5876666666666667        -39.39930220456818
0.5877333333333333        -39.399789138201314
0.5878000000000001        -39.400472190104495
0.5878666666666668        -39.4012692313252
0.5879333333333334        -39.4020639438595
0.5880000000000001        -39.40273990333398
0.5880666666666667        -39.40321522499139
0.5881333333333334        -39.40346855804769
0.5882000000000001        -39.403549288068035
0.5882666666666667        -39.4035687531982
0.5883333333333334        -39.40367412880112
0.5884                    -39.40401116256965
0.5884666666666667        -39.404685002053405
0.5885333333333334        -39.40572918029791
0.5886                    -39.40709119486681
0.5886666666666667        -39.408639379593616
0.5887333333333333        -39.410190740557766
0.5888                    -39.4115542211189
0.5888666666666666        -39.41257968652809
0.5889333333333333        -39.41320084653144
0.589                     -39.413461026275066
0.5890666666666666        -39.413514174026474
0.5891333333333333        -39.41359905260663
0.5892                    -39.41399090324117
0.5892666666666667        -39.414940458129514
0.5893333333333334        -39.41661366401528
0.5894                    -39.41904604519473
0.5894666666666667        -39.42212312953494
0.5895333333333334        -39.425593251779624
0.5896                    -39.4291122809162
0.5896666666666667        -39.432312677262956
0.5897333333333333        -39.43488324975746
0.5898000000000001        -39.436642512207875
0.5898666666666668        -39.43758872195708
0.5899333333333334        -39.43791385110772
0.5900000000000001        -39.43797617868767
0.5900666666666667        -39.43823522894355
0.5901333333333334        -39.43916124807204
0.5902000000000001        -39.44113732008395
0.5902666666666667        -39.44437432305898
0.5903333333333334        -39.44885691998461
0.5904                    -39.454333170876716
0.5904666666666667        -39.46035216908327
0.5905333333333334        -39.466344674715124
0.5906                    -39.47173261866173
0.5906666666666667        -39.47604636874876
0.5907333333333333        -39.47902555745953
0.5908                    -39.480681315340284
0.5908666666666667        -39.481305032725864
0.5909333333333333        -39.481419878896645
0.591                     -39.48168359153333
0.5910666666666666        -39.48276147339101
0.5911333333333333        -39.485194713796275
0.5912                    -39.48929003037088
0.5912666666666666        -39.49505248462798
0.5913333333333334        -39.50217531428613
0.5914                    -39.51009021884395
0.5914666666666667        -39.51807026867894
0.5915333333333334        -39.52536714110088
0.5916                    -39.53135662213742
0.5916666666666667        -39.535663219323474
0.5917333333333333        -39.53823772193061
0.5918000000000001        -39.539370658903
0.5918666666666668        -39.53963803488428
0.5919333333333334        -39.53979016952511
0.5920000000000001        -39.54060626211548
0.5920666666666667        -39.54274375604362
0.5921333333333334        -39.546611739050746
0.5922000000000001        -39.552292192826165
0.5922666666666667        -39.5595235462739
0.5923333333333334        -39.56774952890251
0.5924                    -39.576224451586334
0.5924666666666667        -39.584155394150045
0.5925333333333334        -39.590854134946056
0.5926                    -39.5958688459675
0.5926666666666667        -39.59906889173059
0.5927333333333333        -39.60066545837573
0.5928                    -39.60116433018749
0.5928666666666667        -39.60126158319121
0.5929333333333333        -39.60170460810425
0.593                     -39.60314703995295
0.5930666666666666        -39.60602598450968
0.5931333333333333        -39.6104842163262
0.5932                    -39.61635058049467
0.5932666666666666        -39.62318066039628
0.5933333333333334        -39.63034867257845
0.5934                    -39.637172118077906
0.5934666666666667        -39.64304449292181
0.5935333333333334        -39.6475497173597
0.5936                    -39.65053566265922
0.5936666666666667        -39.652132846385314
0.5937333333333333        -39.6527162123198
0.5938000000000001        -39.65282003429967
0.5938666666666668        -39.65302538919324
0.5939333333333334        -39.6538442436623
0.5940000000000001        -39.65562338652193
0.5940666666666667        -39.65848600071455
0.5941333333333334        -39.662320232275206
0.5942000000000001        -39.66681453461922
0.5942666666666667        -39.671530563889476
0.5943333333333334        -39.675997448260276
0.5944                    -39.679807546308815
0.5944666666666667        -39.682694119401575
0.5945333333333334        -39.684575742935536
0.5946                    -39.685559909489015
0.5946666666666667        -39.68590738675546
0.5947333333333333        -39.685967287412026
0.5948                    -39.686098511806016
0.5948666666666667        -39.68659507979932
0.5949333333333333        -39.687630784724995
0.595                     -39.68923341176141
0.5950666666666666        -39.691291840856856
0.5951333333333333        -39.693592230532595
0.5952                    -39.695873561421074
0.5952666666666666        -39.69788922039065
0.5953333333333334        -39.699460701941796
0.5954                    -39.70051198179385
0.5954666666666667        -39.7010780889237
0.5955333333333334        -39.70128766660912
0.5956                    -39.701325337380695
0.5956666666666667        -39.70138402728561
0.5957333333333333        -39.70161910870739
0.5958                    -39.70211505036579
0.5958666666666668        -39.702871681594814
0.5959333333333334        -39.7038121553844
0.5960000000000001        -39.704809439273596
0.5960666666666667        -39.70572386431119
0.5961333333333334        -39.70644186984073
0.5962000000000001        -39.70690612158642
0.5962666666666667        -39.707129622379554
0.5963333333333334        -39.707190665044294
0.5964                    -39.70721042317324
0.5964666666666667        -39.70731938097576
0.5965333333333334        -39.70762156849414
0.5966                    -39.708166039225866
0.5966666666666667        -39.7089331365764
0.5967333333333333        -39.70983933853531
0.5968                    -39.71075975663461
0.5968666666666667        -39.71156281427947
0.5969333333333333        -39.71214834018044
0.597                     -39.71247913086846
0.5970666666666666        -39.7125973397426
0.5971333333333333        -39.712620608937385
0.5972                    -39.71271784724509
0.5972666666666666        -39.71306974213011
0.5973333333333334        -39.713823175236705
0.5974                    -39.71505066736153
0.5974666666666667        -39.71672531432966
0.5975333333333334        -39.71871849742377
0.5976                    -39.72082261001478
0.5976666666666667        -39.722795185846195
0.5977333333333333        -39.72441541988898
0.5978                    -39.72554042572345
0.5978666666666668        -39.7261476945376
0.5979333333333334        -39.726352561051506
0.5980000000000001        -39.72639469936404
0.5980666666666667        -39.72659462927159
0.5981333333333334        -39.72728825718869
0.5982000000000001        -39.728752912255665
0.5982666666666667        -39.731140906785484
0.5983333333333334        -39.734435797452356
0.5984                    -39.73844242281986
0.5984666666666667        -39.742815198182285
0.5985333333333334        -39.74712122793654
0.5986                    -39.75092701090769
0.5986666666666667        -39.75389149525759
0.5987333333333333        -39.75584553141471
0.5988                    -39.75683940619342
0.5988666666666667        -39.75714616932197
0.5989333333333333        -39.75721771468711
0.599                     -39.75760088484823
0.5990666666666666        -39.75882972954591
0.5991333333333333        -39.76131543923519
0.5992                    -39.76525637722772
0.5992666666666666        -39.77058711147941
0.5993333333333333        -39.77697823758615
0.5994                    -39.78388933094119
0.5994666666666667        -39.79066702735664
0.5995333333333334        -39.79667069436639
0.5996                    -39.80140133193322
0.5996666666666667        -39.80460709028995
0.5997333333333333        -39.80634229607935
0.5998                    -39.80696593563413
0.5998666666666668        -39.807078268954285
0.5999333333333334        -39.80740750833946
0.6000000000000001        -39.808668992516886
0.6000666666666667        -39.811424700202515
0.6001333333333334        -39.81597053673177
0.6002000000000001        -39.82227327100672
0.6002666666666667        -39.829969751208914
0.6003333333333334        -39.838429717001446
0.6004                    -39.84687174997045
0.6004666666666667        -39.85451136800994
0.6005333333333334        -39.860712933799924
0.6006                    -39.865114895142256
0.6006666666666667        -39.86770219294927
0.6007333333333333        -39.868810189493274
0.6008                    -39.86905896443205
0.6008666666666667        -39.86923165733002
0.6009333333333333        -39.87012194040595
0.601                     -39.87238116577862
0.6010666666666666        -39.87639464615452
0.6011333333333333        -39.88220994523126
0.6012                    -39.88952984381871
0.6012666666666666        -39.89777074284196
0.6013333333333333        -39.906175379257974
0.6014                    -39.913958508041
0.6014666666666667        -39.92045740681559
0.6015333333333334        -39.925257409959805
0.6016                    -39.92826722121225
0.6016666666666667        -39.92972908267669
0.6017333333333333        -39.930162800737904
0.6018                    -39.93025667396314
0.6018666666666668        -39.93072899678657
0.6019333333333334        -39.93218868732241
0.6020000000000001        -39.93502219699049
0.6020666666666667        -39.93932728466889
0.6021333333333334        -39.94490438927785
0.6022000000000001        -39.951305224215524
0.6022666666666667        -39.95792762357553
0.6023333333333334        -39.96413716387783
0.6024                    -39.969391110263494
0.6024666666666667        -39.97333995363553
0.6025333333333334        -39.975886649473786
0.6026                    -39.977192881423555
0.6026666666666667        -39.97763321004262
0.6027333333333333        -39.97770900526629
0.6028                    -39.97794192450775
0.6028666666666667        -39.97876973999739
0.6029333333333333        -39.98046531252839
0.603                     -39.983093445505
0.6030666666666666        -39.986511893942506
0.6031333333333333        -39.99041374705295
0.6032                    -39.994400384177375
0.6032666666666666        -39.99806858300999
0.6033333333333333        -40.001093143843235
0.6034                    -40.00328806164076
0.6034666666666667        -40.004634545066395
0.6035333333333334        -40.0052718956682
0.6036                    -40.00545559215695
0.6036666666666667        -40.005493866107386
0.6037333333333333        -40.00567802613681
0.6038                    -40.00622207329484
0.6038666666666667        -40.00722399996424
0.6039333333333334        -40.008655574962326
0.6040000000000001        -40.010380775082965
0.6040666666666668        -40.012196770576445
0.6041333333333334        -40.01388676754911
0.6042000000000001        -40.01527195328535
0.6042666666666667        -40.016250667728244
0.6043333333333334        -40.01681649273786
0.6044                    -40.017052332394385
0.6044666666666667        -40.017103417215225
0.6045333333333334        -40.01713705686712
0.6046                    -40.017299734819204
0.6046666666666667        -40.01768222113951
0.6047333333333333        -40.018300903418904
0.6048                    -40.019099216985985
0.6048666666666667        -40.01996797824751
0.6049333333333333        -40.02077878679689
0.605                     -40.021421534476644
0.6050666666666666        -40.02183617481557
0.6051333333333333        -40.02203048415838
0.6052                    -40.02207920883299
0.6052666666666666        -40.02210482512026
0.6053333333333333        -40.02224491026243
0.6054                    -40.0226146204715
0.6054666666666667        -40.02327412640395
0.6055333333333334        -40.024209749705946
0.6056                    -40.025334251366715
0.6056666666666667        -40.026507014820574
0.6057333333333333        -40.02756983235318
0.6058                    -40.028389832265475
0.6058666666666667        -40.028898828277775
0.6059333333333334        -40.029118695222536
0.6060000000000001        -40.029165340212415
0.6060666666666668        -40.02922882732327
0.6061333333333334        -40.02953304233149
0.6062000000000001        -40.03028351467057
0.6062666666666667        -40.031615353529816
0.6063333333333334        -40.03355388637558
0.6064                    -40.035998326932976
0.6064666666666667        -40.03873407611547
0.6065333333333334        -40.041472996330334
0.6066                    -40.043914459209795
0.6066666666666667        -40.04581457540517
0.6067333333333333        -40.04704812101485
0.6068                    -40.04764821718253
0.6068666666666667        -40.04781297888719
0.6069333333333333        -40.04787535628175
0.607                     -40.04824064629567
0.6070666666666666        -40.04930366990215
0.6071333333333333        -40.05136262136081
0.6072                    -40.05454801602903
0.6072666666666666        -40.05878276243365
0.6073333333333333        -40.06378366680853
0.6074                    -40.069106656156
0.6074666666666667        -40.07422903291851
0.6075333333333334        -40.07865377263301
0.6076                    -40.08201502532613
0.6076666666666667        -40.08416220822444
0.6077333333333333        -40.085203321695545
0.6078                    -40.08549610057657
0.6078666666666667        -40.085586646766096
0.6079333333333334        -40.08610660431881
0.6080000000000001        -40.087648955346154
0.6080666666666668        -40.09064715383217
0.6081333333333334        -40.09528186908676
0.6082000000000001        -40.10143453750909
0.6082666666666667        -40.10869837322747
0.6083333333333334        -40.116446886876815
0.6084                    -40.123948861553814
0.6084666666666667        -40.130508916289386
0.6085333333333334        -40.13560627855642
0.6086                    -40.13900311355872
0.6086666666666667        -40.140798795210806
0.6087333333333333        -40.14141730871826
0.6088                    -40.14152916118217
0.6088666666666667        -40.141923167086226
0.6089333333333333        -40.143353786893734
0.609                     -40.14639415588726
0.6090666666666666        -40.151323174216316
0.6091333333333333        -40.15806810576798
0.6092                    -40.16621377420879
0.6092666666666666        -40.17507739970635
0.6093333333333333        -40.18383602637143
0.6093999999999999        -40.191683088460024
0.6094666666666667        -40.1979839497594
0.6095333333333334        -40.202399175517755
0.6096                    -40.204949960417764
0.6096666666666667        -40.20601191887998
0.6097333333333333        -40.20623872821966
0.6098                    -40.206431999474326
0.6098666666666667        -40.207384480301684
0.6099333333333334        -40.20972800943703
0.6100000000000001        -40.213815305996626
0.6100666666666668        -40.21965704547627
0.6101333333333334        -40.22692478865267
0.6102000000000001        -40.23501818166277
0.6102666666666667        -40.24318316281189
0.6103333333333334        -40.25065833669381
0.6104                    -40.25682092455845
0.6104666666666667        -40.26130332599781
0.6105333333333334        -40.26405706667341
0.6106                    -40.26535197941007
0.6106666666666667        -40.26571240080116
0.6107333333333334        -40.26580545923076
0.6108                    -40.26630588590655
0.6108666666666667        -40.26776525237578
0.6109333333333333        -40.270510978885994
0.611                     -40.2745931631906
0.6110666666666666        -40.279787220076166
0.6111333333333333        -40.28564949003722
0.6112                    -40.29161311391276
0.6112666666666666        -40.29710409503933
0.6113333333333333        -40.30165389117411
0.6113999999999999        -40.30498598632509
0.6114666666666667        -40.307059745497924
0.6115333333333334        -40.30806434409591
0.6116                    -40.30836649361022
0.6116666666666667        -40.30842537811699
0.6117333333333334        -40.30869438711762
0.6118                    -40.30953069579099
0.6118666666666667        -40.311130632897175
0.6119333333333333        -40.31350224459757
0.6120000000000001        -40.31647817254818
0.6120666666666668        -40.31976363722351
0.6121333333333334        -40.323007477076025
0.6122000000000001        -40.32588004941489
0.6122666666666667        -40.32814111938375
0.6123333333333334        -40.32968379693271
0.6124                    -40.33054649704199
0.6124666666666667        -40.33089241493646
0.6125333333333334        -40.33096330591896
0.6126                    -40.3310196971734
0.6126666666666667        -40.33128188026715
0.6127333333333334        -40.33188484690867
0.6128                    -40.3328562810612
0.6128666666666667        -40.334120930584696
0.6129333333333333        -40.33552852339031
0.613                     -40.3368972010976
0.6130666666666666        -40.338061294052224
0.6131333333333333        -40.33891179546504
0.6132                    -40.3394201702025
0.6132666666666666        -40.339640578848034
0.6133333333333333        -40.339691093344115
0.6134                    -40.33971964326513
0.6134666666666667        -40.33986398866464
0.6135333333333334        -40.34021614819934
0.6136                    -40.34080024341993
0.6136666666666667        -40.34156910701708
0.6137333333333334        -40.342420170133835
0.6138                    -40.3432262558558
0.6138666666666667        -40.34387312118244
0.6139333333333333        -40.34429382598303
0.6140000000000001        -40.344490731047074
0.6140666666666668        -40.34453900901785
0.6141333333333334        -40.34457025492655
0.6142000000000001        -40.344739927779315
0.6142666666666667        -40.34518663241522
0.6143333333333334        -40.34599358043642
0.6144000000000001        -40.34716236967722
0.6144666666666667        -40.34860652431027
0.6145333333333334        -40.35016763857448
0.6146                    -40.351651481947385
0.6146666666666667        -40.3528762936255
0.6147333333333334        -40.35372195807447
0.6148                    -40.35416778064298
0.6148666666666667        -40.35430859810858
0.6149333333333333        -40.35434365224862
0.615                     -40.35453898158902
0.6150666666666667        -40.355170524597625
0.6151333333333333        -40.35646010324228
0.6152                    -40.358518776289465
0.6152666666666666        -40.36131117276098
0.6153333333333333        -40.36465048765503
0.6154                    -40.36822757900267
0.6154666666666667        -40.37167021382495
0.6155333333333334        -40.37462142688065
0.6156                    -40.376820753049365
0.6156666666666667        -40.3781701729053
0.6157333333333334        -40.378768790695304
0.6158                    -40.37890639062604
0.6158666666666667        -40.3790148291878
0.6159333333333333        -40.37958563359428
0.6160000000000001        -40.38106992003289
0.6160666666666668        -40.38378106315481
0.6161333333333334        -40.387820621148116
0.6162000000000001        -40.393043985340434
0.6162666666666667        -40.39907490659387
0.6163333333333334        -40.405368683781404
0.6164000000000001        -40.411313887605196
0.6164666666666667        -40.416353805390145
0.6165333333333334        -40.42010326051049
0.6166                    -40.42243578292501
0.6166666666666667        -40.423521095049615
0.6167333333333334        -40.42380285839677
0.6168                    -40.42391936389129
0.6168666666666667        -40.42458217556219
0.6169333333333333        -40.42643665851468
0.617                     -40.429931995042516
0.6170666666666667        -40.43522638714049
0.6171333333333333        -40.442146524797664
0.6172                    -40.45021050667077
0.6172666666666666        -40.45871179347836
0.6173333333333333        -40.46685007589243
0.6174                    -40.47388500948322
0.6174666666666666        -40.479282741183624
0.6175333333333334        -40.48282498500464
0.6176                    -40.4846570197282
0.6176666666666667        -40.48526344963311
0.6177333333333334        -40.48537600534998
0.6178                    -40.48583209918088
0.6178666666666667        -40.48741271313513
0.6179333333333333        -40.49069154193974
0.6180000000000001        -40.49592416237893
0.6180666666666668        -40.50299779250531
0.6181333333333334        -40.51145088533679
0.6182000000000001        -40.520559207779684
0.6182666666666667        -40.52947284964027
0.6183333333333334        -40.53737855561238
0.6184000000000001        -40.54365588029779
0.6184666666666667        -40.547995793660554
0.6185333333333334        -40.550457360919985
0.6186                    -40.55145098622046
0.6186666666666667        -40.55165246644174
0.6187333333333334        -40.551866687805564
0.6188                    -40.55286957934989
0.6188666666666667        -40.55525998341488
0.6189333333333333        -40.559349545412715
0.619                     -40.56511018199443
0.6190666666666667        -40.57218731769372
0.6191333333333333        -40.57997490407903
0.6192                    -40.58773698165055
0.6192666666666666        -40.59475184182656
0.6193333333333333        -40.600450323024695
0.6194                    -40.60452075802598
0.6194666666666666        -40.60695995218289
0.6195333333333334        -40.608061152977925
0.6196                    -40.60834358490872
0.6196666666666667        -40.608440341054866
0.6197333333333334        -40.608969284980915
0.6198                    -40.61041361548558
0.6198666666666667        -40.61303508469358
0.6199333333333333        -40.616835001364436
0.6200000000000001        -40.621568084433584
0.6200666666666668        -40.62680390164522
0.6201333333333334        -40.63202172111958
0.6202000000000001        -40.63671854938421
0.6202666666666667        -40.64050805310242
0.6203333333333334        -40.64319053631962
0.6204000000000001        -40.64478083712292
0.6204666666666667        -40.64549049891754
0.6205333333333334        -40.64567060248284
0.6206                    -40.645729774123616
0.6206666666666667        -40.646046271297045
0.6207333333333334        -40.64689296932238
0.6208                    -40.648389980713475
0.6208666666666667        -40.650492812064805
0.6209333333333333        -40.6530160413194
0.621                     -40.65568510304526
0.6210666666666667        -40.658203287239175
0.6211333333333333        -40.66031849797045
0.6212                    -40.66187516387003
0.6212666666666666        -40.6628407388656
0.6213333333333333        -40.6633025309064
0.6214                    -40.66343761976099
0.6214666666666666        -40.663464656616625
0.6215333333333334        -40.663589967711395
0.6216                    -40.66396089020452
0.6216666666666667        -40.664636749499905
0.6217333333333334        -40.66558313581757
0.6218                    -40.66668936624333
0.6218666666666667        -40.66780356123629
0.6219333333333333        -40.66877582224424
0.622                     -40.66949842436208
0.6220666666666668        -40.66993306863055
0.6221333333333334        -40.67011877941327
0.6222000000000001        -40.67015909116095
0.6222666666666667        -40.67019245876071
0.6223333333333334        -40.67035400805552
0.6224000000000001        -40.67073879462509
0.6224666666666667        -40.67137620832267
0.6225333333333334        -40.67222224276654
0.6226                    -40.673171787181886
0.6226666666666667        -40.67408798964787
0.6227333333333334        -40.67484130060433
0.6228                    -40.67534812095646
0.6228666666666667        -40.67559876845234
0.6229333333333333        -40.67566688473002
0.623                     -40.67569691487861
0.6230666666666667        -40.67587180967514
0.6231333333333333        -40.67636824273158
0.6232                    -40.67731010375398
0.6232666666666666        -40.67873195762161
0.6233333333333333        -40.68056229690725
0.6234                    -40.68263213966208
0.6234666666666666        -40.684708724946226
0.6235333333333334        -40.68654797020349
0.6236                    -40.68795435524592
0.6236666666666667        -40.68883425557747
0.6237333333333334        -40.689229308871376
0.6238                    -40.68932028397877
0.6238666666666667        -40.689398379678934
0.6239333333333333        -40.68980841591316
0.624                     -40.69087516860263
0.6240666666666668        -40.69282851762455
0.6241333333333334        -40.695744127254486
0.6242000000000001        -40.69951384495602
0.6242666666666667        -40.70385437593095
0.6243333333333334        -40.70835507601693
0.6244000000000001        -40.71255728311974
0.6244666666666667        -40.716050117210486
0.6245333333333334        -40.718562843582575
0.6246                    -40.72003315794931
0.6246666666666667        -40.72063477068943
0.6247333333333334        -40.720755880224075
0.6248                    -40.720930717295715
0.6248666666666667        -40.72173673811871
0.6249333333333333        -40.72367775122722
0.625                     -40.72707663378091
0.6250666666666667        -40.731999855473546
0.6251333333333333        -40.73823031421884
0.6252                    -40.74529612412956
0.6252666666666666        -40.75255238942796
0.6253333333333333        -40.759302272716724
0.6254                    -40.764934731065814
0.6254666666666666        -40.76905123211639
0.6255333333333333        -40.77155433114509
0.6256                    -40.77267782440218
0.6256666666666667        -40.77295017662912
0.6257333333333334        -40.77309723109571
0.6258                    -40.77390321588935
0.6258666666666667        -40.77605763043327
0.6259333333333333        -40.78001811394294
0.626                     -40.78591595895389
0.6260666666666668        -40.793522810128465
0.6261333333333334        -40.802285971265974
0.6262000000000001        -40.8114272926279
0.6262666666666667        -40.820088493001634
0.6263333333333334        -40.82749591900161
0.6264000000000001        -40.833112373406706
0.6264666666666667        -40.83674470643834
0.6265333333333334        -40.83858406643916
0.6266                    -40.83916969975544
0.6266666666666667        -40.839283609085356
0.6267333333333334        -40.83979794979925
0.6268                    -40.841506201477756
0.6268666666666667        -40.84497124994822
0.6269333333333333        -40.85041898871612
0.627                     -40.85769667025129
0.6270666666666667        -40.86630312980358
0.6271333333333333        -40.8754850598877
0.6272                    -40.88438141260491
0.6272666666666666        -40.892188531477615
0.6273333333333333        -40.89831374182923
0.6274                    -40.90248656518037
0.6274666666666666        -40.90480500070983
0.6275333333333333        -40.90570803654093
0.6276                    -40.90588143487736
0.6276666666666667        -40.90611776691462
0.6277333333333334        -40.90716025458999
0.6278                    -40.90956166292525
0.6278666666666667        -40.91358476706523
0.6279333333333333        -40.91916162125051
0.628                     -40.92591720965228
0.6280666666666668        -40.93325107968904
0.6281333333333334        -40.94045996656824
0.6282000000000001        -40.946876807198464
0.6282666666666668        -40.9519984071472
0.6283333333333334        -40.95557640335697
0.6284000000000001        -40.95765402653116
0.6284666666666667        -40.95854298649181
0.6285333333333334        -40.958747759740945
0.6286                    -40.95885540410703
0.6286666666666667        -40.95941522157905
0.6287333333333334        -40.96083309044361
0.6288                    -40.96330061743943
0.6288666666666667        -40.96677100781257
0.6289333333333333        -40.970983685412094
0.629                     -40.97553009143219
0.6290666666666667        -40.979945354611196
0.6291333333333333        -40.98380595904331
0.6292                    -40.986813024765624
0.6292666666666666        -40.988844575114165
0.6293333333333333        -40.98996747526695
0.6294                    -40.99040892493442
0.6294666666666666        -40.990496246620864
0.6295333333333333        -40.990580106360646
0.6296                    -40.99095887039106
0.6296666666666667        -40.99182026171274
0.6297333333333334        -40.99321156214024
0.6298                    -40.9950426758197
0.6298666666666667        -40.99711902221931
0.6299333333333333        -40.99919496442855
0.63                      -41.001034514539455
0.6300666666666667        -41.00246515151375
0.6301333333333334        -41.00341288816129
0.6302000000000001        -41.00391167173969
0.6302666666666668        -41.00408658517367
0.6303333333333334        -41.004116548956745
0.6304000000000001        -41.004186787065635
0.6304666666666667        -41.00444318280394
0.6305333333333334        -41.00495951912886
0.6306                    -41.00572491916817
0.6306666666666667        -41.006653571260976
0.6307333333333334        -41.007613308095436
0.6308                    -41.008465082936915
0.6308666666666667        -41.00910288037981
0.6309333333333333        -41.009483698825726
0.631                     -41.009639927977766
0.6310666666666667        -41.009671055846475
0.6311333333333333        -41.0097170076996
0.6312                    -41.0099201712537
0.6312666666666666        -41.01038609848281
0.6313333333333333        -41.01115328345767
0.6314                    -41.01218022633277
0.6314666666666666        -41.013353745842316
0.6315333333333333        -41.01451719261299
0.6316                    -41.01551208109591
0.6316666666666667        -41.016222937552925
0.6317333333333334        -41.01661383374713
0.6318                    -41.01674660191097
0.6318666666666667        -41.01677486932698
0.6319333333333333        -41.016913869729336
0.632                     -41.01739206003298
0.6320666666666667        -41.018395380785705
0.6321333333333334        -41.020017358647664
0.6322000000000001        -41.022227577407236
0.6322666666666668        -41.02486744398591
0.6323333333333334        -41.027676353199844
0.6324000000000001        -41.03034446510023
0.6324666666666667        -41.032581787732035
0.6325333333333334        -41.03418861449498
0.6326                    -41.03511087886356
0.6326666666666667        -41.035466332490884
0.6327333333333334        -41.03553336696213
0.6328                    -41.03570252480293
0.6328666666666667        -41.03639932233352
0.6329333333333333        -41.03799386465102
0.633                     -41.04071629910641
0.6330666666666667        -41.044596714015576
0.6331333333333333        -41.04944380013035
0.6332                    -41.054869265960775
0.6332666666666666        -41.060355877741934
0.6333333333333333        -41.065357643071074
0.6334                    -41.0694128944162
0.6334666666666666        -41.07224673544393
0.6335333333333333        -41.07383996524074
0.6336                    -41.07444763388217
0.6336666666666667        -41.07456076465305
0.6337333333333334        -41.07481708261436
0.6338                    -41.0758777618682
0.6338666666666667        -41.07829460320795
0.6339333333333333        -41.082394244852495
0.634                     -41.08820293608207
0.6340666666666667        -41.095428006991554
0.6341333333333334        -41.10350183965784
0.6342000000000001        -41.111682423931825
0.6342666666666668        -41.11919318260017
0.6343333333333334        -41.12537571836869
0.6344000000000001        -41.12982470138508
0.6344666666666667        -41.13247606876114
0.6345333333333334        -41.1336284563894
0.6346                    -41.1338917139272
0.6346666666666667        -41.134072052508415
0.6347333333333334        -41.13501679408512
0.6348                    -41.13744965742005
0.6348666666666667        -41.14182871871465
0.6349333333333333        -41.14825418062214
0.635                     -41.156443532098024
0.6350666666666667        -41.16577948206779
0.6351333333333333        -41.17542293030252
0.6352                    -41.18447089735046
0.6352666666666666        -41.192129765991716
0.6353333333333333        -41.197869659709255
0.6354                    -41.20152818518626
0.6354666666666666        -41.203341527767094
0.6355333333333333        -41.20389621411402
0.6355999999999999        -41.204011943824916
0.6356666666666667        -41.20458025860576
0.6357333333333334        -41.20639202065998
0.6358                    -41.209987425101716
0.6358666666666667        -41.21555641461384
0.6359333333333334        -41.222906956720074
0.636                     -41.23150593548286
0.6360666666666667        -41.240584325194625
0.6361333333333334        -41.24928654651367
0.6362000000000001        -41.25683523999082
0.6362666666666668        -41.26267903213161
0.6363333333333334        -41.2665936942727
0.6364000000000001        -41.26871655895293
0.6364666666666667        -41.26950836292739
0.6365333333333334        -41.26965232195117
0.6366                    -41.269913171783614
0.6366666666666667        -41.270986068724504
0.6367333333333334        -41.27336551550091
0.6368                    -41.27725868441715
0.6368666666666667        -41.28255763381745
0.6369333333333334        -41.28887320401179
0.637                     -41.29562182980685
0.6370666666666667        -41.30214681367596
0.6371333333333333        -41.30784929508081
0.6372                    -41.312302533857014
0.6372666666666666        -41.31532688820276
0.6373333333333333        -41.31701155230067
0.6374                    -41.317680878040136
0.6374666666666666        -41.31781507642312
0.6375333333333333        -41.31794431427806
0.6376                    -41.31853963337757
0.6376666666666667        -41.31992314000901
0.6377333333333334        -41.322214356326725
0.6378                    -41.325321160053676
0.6378666666666667        -41.32897428836745
0.6379333333333334        -41.332795729840484
0.638                     -41.336384968783946
0.6380666666666667        -41.33940410193237
0.6381333333333334        -41.3416439102837
0.6382000000000001        -41.34305786751439
0.6382666666666668        -41.34375872741061
0.6383333333333334        -41.34398093135073
0.6384000000000001        -41.34401951634138
0.6384666666666667        -41.34416074800771
0.6385333333333334        -41.34462047125933
0.6386000000000001        -41.34550329610181
0.6386666666666667        -41.34679017601039
0.6387333333333334        -41.34835511390748
0.6388                    -41.35000517311568
0.6388666666666667        -41.35153303886294
0.6389333333333334        -41.35276906487137
0.639                     -41.35362050465987
0.6390666666666667        -41.35408925187356
0.6391333333333333        -41.35426499682771
0.6392                    -41.35429684405976
0.6392666666666666        -41.35435158967154
0.6393333333333333        -41.35456978455389
0.6394                    -41.355030789119795
0.6394666666666666        -41.35573537077838
0.6395333333333333        -41.35660975629737
0.6396                    -41.35752958359197
0.6396666666666667        -41.35835719802194
0.6397333333333334        -41.35898238581893
0.6398                    -41.35935575204207
0.6398666666666667        -41.35950579014172
0.6399333333333334        -41.35953484122951
0.64                      -41.35959457844482
0.6400666666666667        -41.35984699196477
0.6401333333333333        -41.36042073087866
0.6402000000000001        -41.3613741066657
0.6402666666666668        -41.362674725425954
0.6403333333333334        -41.3642018975892
0.6404000000000001        -41.365772529798704
0.6404666666666667        -41.36718535192543
0.6405333333333334        -41.36827343008403
0.6406000000000001        -41.36895220130022
0.6406666666666667        -41.36925055898387
0.6407333333333334        -41.369315954609725
0.6408                    -41.36939037516419
0.6408666666666667        -41.36976102367318
0.6409333333333334        -41.370695860329654
0.641                     -41.372378305734316
0.6410666666666667        -41.37485638269012
0.6411333333333333        -41.378019139616356
0.6412                    -41.38160781723859
0.6412666666666667        -41.38526189637222
0.6413333333333333        -41.38859229233727
0.6414                    -41.3912671724414
0.6414666666666666        -41.39309180799752
0.6415333333333333        -41.39406380407924
0.6416                    -41.39438941803174
0.6416666666666667        -41.39445475731111
0.6417333333333334        -41.39475560623448
0.6418                    -41.39579904699615
0.6418666666666667        -41.3979966711155
0.6419333333333334        -41.40157161031542
0.642                     -41.40649950529791
0.6420666666666667        -41.41249742711373
0.6421333333333333        -41.419065775933326
0.6422000000000001        -41.42557773901415
0.6422666666666668        -41.43140071470998
0.6423333333333334        -41.43602620744595
0.6424000000000001        -41.43918111866754
0.6424666666666667        -41.44089559102529
0.6425333333333334        -41.44151077516918
0.6426000000000001        -41.44162248069723
0.6426666666666667        -41.441970576793885
0.6427333333333334        -41.44329571950116
0.6428                    -41.4461918021474
0.6428666666666667        -41.45098332950603
0.6429333333333334        -41.45765212280502
0.643                     -41.46582871600625
0.6430666666666667        -41.474852120197454
0.6431333333333333        -41.48388893800794
0.6432                    -41.49209089398298
0.6432666666666667        -41.4987608827126
0.6433333333333333        -41.503493994506826
0.6434                    -41.506263440223286
0.6434666666666666        -41.50743198814788
0.6435333333333333        -41.507685292881185
0.6436                    -41.50790034424033
0.6436666666666666        -41.5089758054002
0.6437333333333334        -41.51165812630091
0.6438                    -41.516397080421086
0.6438666666666667        -41.52325780979287
0.6439333333333334        -41.53190558947096
0.644                     -41.54166640200117
0.6440666666666667        -41.55165281381458
0.6441333333333333        -41.560932291535906
0.6442000000000001        -41.56870603154448
0.6442666666666668        -41.574462885945074
0.6443333333333334        -41.57807680353268
0.6444000000000001        -41.57982745603412
0.6444666666666667        -41.580340130835644
0.6445333333333334        -41.580458369693375
0.6446000000000001        -41.58107664699386
0.6446666666666667        -41.582967398270085
0.6447333333333334        -41.586636052506435
0.6448                    -41.59223061301812
0.6448666666666667        -41.59952105885495
0.6449333333333334        -41.607950732596024
0.645                     -41.61674887989438
0.6450666666666667        -41.625082312585036
0.6451333333333333        -41.63221654749563
0.6452                    -41.637654503101345
0.6452666666666667        -41.64122509304704
0.6453333333333333        -41.64310456583533
0.6454                    -41.64376802310337
0.6454666666666666        -41.64388356151831
0.6455333333333333        -41.6441730837007
0.6456                    -41.64526937686823
0.6456666666666666        -41.64759789845209
0.6457333333333334        -41.651304951886694
0.6458                    -41.65624366884152
0.6458666666666667        -41.66201766614945
0.6459333333333334        -41.668071367934594
0.646                     -41.673807426048285
0.6460666666666667        -41.67870685695645
0.6461333333333333        -41.68242749790722
0.6462000000000001        -41.68486146086585
0.6462666666666668        -41.686141543432136
0.6463333333333334        -41.68659793636103
0.6464000000000001        -41.68667724639925
0.6464666666666667        -41.686843243880205
0.6465333333333334        -41.68748130996052
0.6466000000000001        -41.68882616511663
0.6466666666666667        -41.69092616603733
0.6467333333333334        -41.69364897667316
0.6468                    -41.69672460342024
0.6468666666666667        -41.69981430722523
0.6469333333333334        -41.70258910940451
0.647                     -41.70480037910043
0.6470666666666667        -41.70632757460412
0.6471333333333333        -41.70719404210698
0.6472                    -41.707549479440445
0.6472666666666667        -41.70762536230506
0.6473333333333333        -41.70767543866131
0.6474                    -41.70791602369732
0.6474666666666666        -41.70847986997396
0.6475333333333333        -41.709393341380476
0.6476                    -41.71058063015317
0.6476666666666666        -41.711892271903366
0.6477333333333334        -41.71314967456755
0.6478                    -41.71419396870098
0.6478666666666667        -41.714926933846584
0.6479333333333334        -41.715334156972304
0.648                     -41.71548533199875
0.6480666666666667        -41.715512512029605
0.6481333333333333        -41.715572673921145
0.6482                    -41.715804757706
0.6482666666666668        -41.71629250302895
0.6483333333333334        -41.71704272166579
0.6484000000000001        -41.71798460936713
0.6484666666666667        -41.71899032052559
0.6485333333333334        -41.71991158869457
0.6486000000000001        -41.72062297138295
0.6486666666666667        -41.72106037678368
0.6487333333333334        -41.72124444286383
0.6488                    -41.721281953951575
0.6488666666666667        -41.72134395553367
0.6489333333333334        -41.72162520104741
0.649                     -41.722294518698135
0.6490666666666667        -41.72344837261172
0.6491333333333333        -41.725079642275844
0.6492                    -41.727070486114506
0.6492666666666667        -41.729212753988996
0.6493333333333333        -41.7312529101459
0.6494                    -41.732952242494804
0.6494666666666666        -41.73414873106897
0.6495333333333333        -41.734805537255454
0.6496                    -41.735033261322954
0.6496666666666666        -41.7350786225503
0.6497333333333334        -41.735279844227634
0.6498                    -41.735996940630706
0.6498666666666667        -41.73753137299781
0.6499333333333334        -41.740052691219454
0.65                      -41.74354912378122
0.6500666666666667        -41.74781476239143
0.6501333333333333        -41.75247881066558
0.6502                    -41.757073596641604
0.6502666666666668        -41.76112929801275
0.6503333333333334        -41.76427642923759
0.6504000000000001        -41.766333874361706
0.6504666666666667        -41.76736186131972
0.6505333333333334        -41.767665898124655
0.6506000000000001        -41.76774804549842
0.6506666666666667        -41.76821352018685
0.6507333333333334        -41.76965064197912
0.6508                    -41.772508236189694
0.6508666666666667        -41.77699564249319
0.6509333333333334        -41.783026557242565
0.651                     -41.790219999632086
0.6510666666666667        -41.797961101859435
0.6511333333333333        -41.80551275536249
0.6512                    -41.81215826004546
0.6512666666666667        -41.817347219875344
0.6513333333333333        -41.82081423239612
0.6514                    -41.8226439109938
0.6514666666666666        -41.82326628630718
0.6515333333333333        -41.82338142861095
0.6516                    -41.82382747589817
0.6516666666666666        -41.82541823812008
0.6517333333333333        -41.82878252058657
0.6518                    -41.83423655014706
0.6518666666666667        -41.841714327558705
0.6519333333333334        -41.850770097573
0.652                     -41.86065421899032
0.6520666666666667        -41.87045020753804
0.6521333333333333        -41.879248464500805
0.6522                    -41.88632349248834
0.6522666666666668        -41.89127872289508
0.6523333333333334        -41.89412816078874
0.6524000000000001        -41.89529667083394
0.6524666666666668        -41.89553815914372
0.6525333333333334        -41.89578861202406
0.6526000000000001        -41.89698430163968
0.6526666666666667        -41.899881504491255
0.6527333333333334        -41.90491230920368
0.6528                    -41.91210301199747
0.6528666666666667        -41.921069534818606
0.6529333333333334        -41.931090436336305
0.653                     -41.94124421161038
0.6530666666666667        -41.95058543767095
0.6531333333333333        -41.95832599957308
0.6532                    -41.96398537277609
0.6532666666666667        -41.96747927904691
0.6533333333333333        -41.96912866026737
0.6534                    -41.96958811498927
0.6534666666666666        -41.969710262056154
0.6535333333333333        -41.97037540574209
0.6536                    -41.97232150081712
0.6536666666666666        -41.97600731674255
0.6537333333333333        -41.98153344604815
0.6538                    -41.98863384771834
0.6538666666666667        -41.99673732977552
0.6539333333333334        -42.00508569468204
0.654                     -42.01288490024639
0.6540666666666667        -42.01945924697233
0.6541333333333333        -42.024377873693446
0.6542                    -42.02752852892626
0.6542666666666668        -42.0291249509317
0.6543333333333334        -42.029648715282946
0.6544000000000001        -42.02974042435719
0.6544666666666668        -42.030065092802175
0.6545333333333334        -42.031180393165634
0.6546000000000001        -42.03343385439264
0.6546666666666667        -42.03690752181209
0.6547333333333334        -42.04141812820173
0.6548                    -42.04656967181077
0.6548666666666667        -42.051845337521996
0.6549333333333334        -42.0567185076159
0.655                     -42.06075945128754
0.6550666666666667        -42.06371590210786
0.6551333333333333        -42.0655519873571
0.6552                    -42.066439574439016
0.6552666666666667        -42.0667067704037
0.6553333333333333        -42.06675742046029
0.6554                    -42.066980864777264
0.6554666666666666        -42.06767192863752
0.6555333333333333        -42.06897742147334
0.6556                    -42.0708785626565
0.6556666666666666        -42.07321046425575
0.6557333333333333        -42.07571184806283
0.6558                    -42.078092091544235
0.6558666666666667        -42.08009962768996
0.6559333333333334        -42.0815762535741
0.656                     -42.0824858892624
0.6560666666666667        -42.08291282527558
0.6561333333333333        -42.08303190516111
0.6562                    -42.08305957062633
0.6562666666666667        -42.08319869994675
0.6563333333333334        -42.0835908637583
0.6564000000000001        -42.08428705420292
0.6564666666666668        -42.08524292502059
0.6565333333333334        -42.086338400630375
0.6566000000000001        -42.087415620090994
0.6566666666666667        -42.08832490436152
0.6567333333333334        -42.088966737363634
0.6568                    -42.08931902816719
0.6568666666666667        -42.08944286617725
0.6569333333333334        -42.08946560641331
0.657                     -42.08954598872808
0.6570666666666667        -42.08983060253618
0.6571333333333333        -42.09041321143097
0.6572                    -42.09130774641123
0.6572666666666667        -42.09244237947641
0.6573333333333333        -42.093676831555335
0.6574                    -42.09483918225572
0.6574666666666666        -42.09577331804958
0.6575333333333333        -42.096385048192005
0.6576                    -42.09667470060808
0.6576666666666666        -42.09674688967897
0.6577333333333333        -42.09679353683661
0.6578                    -42.097052835044124
0.6578666666666667        -42.09775302752368
0.6579333333333334        -42.099054071119156
0.658                     -42.10100144303815
0.6580666666666667        -42.10350422229723
0.6581333333333333        -42.10634455069246
0.6582                    -42.10921864959911
0.6582666666666667        -42.11180213984277
0.6583333333333334        -42.11382609789948
0.6584000000000001        -42.11514665245759
0.6584666666666668        -42.11579113104867
0.6585333333333334        -42.11596812107109
0.6586000000000001        -42.116036529831106
0.6586666666666667        -42.11643803470928
0.6587333333333334        -42.11760593495438
0.6588                    -42.11986928840063
0.6588666666666667        -42.1233730565886
0.6589333333333334        -42.1280324912819
0.659                     -42.13353371561607
0.6590666666666667        -42.139383491865196
0.6591333333333333        -42.145001014017524
0.6592                    -42.149835031805345
0.6592666666666667        -42.15348275390559
0.6593333333333333        -42.155784732162324
0.6594                    -42.156873480768425
0.6594666666666666        -42.15716268354964
0.6595333333333333        -42.15727654822702
0.6596                    -42.157932033046784
0.6596666666666666        -42.159797027273385
0.6597333333333333        -42.16335282565414
0.6598                    -42.168788646998046
0.6598666666666667        -42.17595010700915
0.6599333333333334        -42.1843538037973
0.66                      -42.19326807153011
0.6600666666666667        -42.201847176111976
0.6601333333333333        -42.20929475440389
0.6602                    -42.215024539935875
0.6602666666666667        -42.21878477967355
0.6603333333333334        -42.220718660982726
0.6604000000000001        -42.22134595464043
0.6604666666666668        -42.22146801764028
0.6605333333333334        -42.222014871831696
0.6606000000000001        -42.223865047383036
0.6606666666666667        -42.22767374912703
0.6607333333333334        -42.233742438361716
0.6608                    -42.2419545871443
0.6608666666666667        -42.25179023783616
0.6609333333333334        -42.262418012880296
0.661                     -42.272849069299205
0.6610666666666667        -42.28212508188263
0.6611333333333334        -42.28950408614449
0.6612                    -42.29460648360313
0.6612666666666667        -42.29749030546482
0.6613333333333333        -42.29863931206182
0.6614                    -42.2988663673176
0.6614666666666666        -42.29915275169553
0.6615333333333333        -42.30045690452788
0.6616                    -42.303530828413194
0.6616666666666666        -42.308779033071254
0.6617333333333333        -42.3161853814435
0.6617999999999999        -42.325320103324906
0.6618666666666667        -42.335424824572286
0.6619333333333334        -42.34555952693613
0.662                     -42.35478367446264
0.6620666666666667        -42.362336410606545
0.6621333333333334        -42.36777989201024
0.6622                    -42.371076713970915
0.6622666666666667        -42.37258622346086
0.6623333333333334        -42.37298216511977
0.6624000000000001        -42.373110936228244
0.6624666666666668        -42.37382139173944
0.6625333333333334        -42.37580119423606
0.6626000000000001        -42.379451163716986
0.6626666666666667        -42.38481981365215
0.6627333333333334        -42.39160782333479
0.6628000000000001        -42.39923895932588
0.6628666666666667        -42.40698184747663
0.6629333333333334        -42.41409770470501
0.663                     -42.41998429675921
0.6630666666666667        -42.424287314337896
0.6631333333333334        -42.42695741629946
0.6632                    -42.42824316826056
0.6632666666666667        -42.42862421556774
0.6633333333333333        -42.42870169187505
0.6634                    -42.42907097706361
0.6634666666666666        -42.43020389835262
0.6635333333333333        -42.43236354233794
0.6636                    -42.43556658804596
0.6636666666666666        -42.43959762949902
0.6637333333333333        -42.44406943752302
0.6638                    -42.44851431967963
0.6638666666666667        -42.45248613578353
0.6639333333333334        -42.45565115356899
0.664                     -42.457849156251484
0.6640666666666667        -42.45911344760892
0.6641333333333334        -42.459648003205636
0.6642                    -42.459769645437085
0.6642666666666667        -42.45983042134077
0.6643333333333334        -42.46013870790879
0.6644000000000001        -42.46089648698955
0.6644666666666668        -42.46216537414354
0.6645333333333334        -42.46386676606868
0.6646000000000001        -42.46581360613753
0.6646666666666667        -42.46776441638267
0.6647333333333334        -42.4694857708987
0.6648000000000001        -42.470808173831756
0.6648666666666667        -42.47166257881484
0.6649333333333334        -42.472089987460734
0.665                     -42.472223403034526
0.6650666666666667        -42.47224816828327
0.6651333333333334        -42.472351704462845
0.6652                    -42.47267573325991
0.6652666666666667        -42.47328285050212
0.6653333333333333        -42.47414529307853
0.6654                    -42.47515797596922
0.6654666666666667        -42.47617177277099
0.6655333333333333        -42.47703799410733
0.6656                    -42.47765226239593
0.6656666666666666        -42.47798617410777
0.6657333333333333        -42.47809827973461
0.6658                    -42.47812124712656
0.6658666666666667        -42.478228258399106
0.6659333333333334        -42.47858713567932
0.666                     -42.47931401166922
0.6660666666666667        -42.48043874162093
0.6661333333333334        -42.48189161408596
0.6662                    -42.483515873979805
0.6662666666666667        -42.48510425974242
0.6663333333333333        -42.486451607203676
0.6664000000000001        -42.48741105415838
0.6664666666666668        -42.48793969785804
0.6665333333333334        -42.488121331279984
0.6666000000000001        -42.48815888792981
0.6666666666666667        -42.48833634821199
0.6667333333333334        -42.48895736652678
0.6668000000000001        -42.490273902087026
0.6668666666666667        -42.49242121418633
0.6669333333333334        -42.495374997140985
0.667                     -42.498942281777445
0.6670666666666667        -42.50279080827247
0.6671333333333334        -42.50651317500697
0.6672                    -42.509713836993576
0.6672666666666667        -42.51210078641187
0.6673333333333333        -42.51356117639057
0.6674                    -42.514202300169046
0.6674666666666667        -42.51434614116984
0.6675333333333333        -42.51447576589151
0.6676                    -42.51514272142544
0.6676666666666666        -42.51685364615967
0.6677333333333333        -42.51995942511816
0.6678                    -42.524570456113615
0.6678666666666667        -42.53051709822505
0.6679333333333334        -42.53736608822027
0.668                     -42.54449299857117
0.6680666666666667        -42.55119933809253
0.6681333333333334        -42.55685267687102
0.6682                    -42.56102150706062
0.6682666666666667        -42.56357554525988
0.6683333333333333        -42.5647279309393
0.6684000000000001        -42.565007547853654
0.6684666666666668        -42.56516479273546
0.6685333333333334        -42.56602867307664
0.6686000000000001        -42.56834351729489
0.6686666666666667        -42.572617693726244
0.6687333333333334        -42.5790143085907
0.6688000000000001        -42.58730603141956
0.6688666666666667        -42.59690467925019
0.6689333333333334        -42.60696268271335
0.669                     -42.61652978706227
0.6690666666666667        -42.62473641863896
0.6691333333333334        -42.63096769512674
0.6692                    -42.63499165641633
0.6692666666666667        -42.63701327898774
0.6693333333333333        -42.63764114315606
0.6694                    -42.63777258387037
0.6694666666666667        -42.63842069897063
0.6695333333333333        -42.64051824345475
0.6696                    -42.64473696330076
0.6696666666666666        -42.65135664368873
0.6697333333333333        -42.66020806215689
0.6698                    -42.67070053661228
0.6698666666666666        -42.68192985300357
0.6699333333333334        -42.69284775392168
0.67                      -42.70246182330682
0.6700666666666667        -42.71002703729218
0.6701333333333334        -42.71519006261841
0.6702                    -42.71805596208985
0.6702666666666667        -42.719163198110095
0.6703333333333333        -42.719372824490726
0.6704000000000001        -42.71969611673762
0.6704666666666668        -42.72109685929558
0.6705333333333334        -42.7243077654175
0.6706000000000001        -42.72969554483032
0.6706666666666667        -42.73719829203638
0.6707333333333334        -42.7463449117527
0.6708000000000001        -42.75635153391782
0.6708666666666667        -42.76627611158294
0.6709333333333334        -42.7752014354616
0.671                     -42.78241071367436
0.6710666666666667        -42.78752062195274
0.6711333333333334        -42.790545169306625
0.6712                    -42.79187856721204
0.6712666666666667        -42.792203011329455
0.6713333333333333        -42.79234320894321
0.6714                    -42.793099586182414
0.6714666666666667        -42.795094451348504
0.6715333333333333        -42.79866044282312
0.6716                    -42.80379045851273
0.6716666666666666        -42.81015555738712
0.6717333333333333        -42.81718437886653
0.6718                    -42.82418634638792
0.6718666666666666        -42.83049296727925
0.6719333333333334        -42.83558839783528
0.672                     -42.83920309035029
0.6720666666666667        -42.84135264581931
0.6721333333333334        -42.84231629875321
0.6722                    -42.842562785517295
0.6722666666666667        -42.84264232886861
0.6723333333333333        -42.8430695238302
0.6724000000000001        -42.84422202640727
0.6724666666666668        -42.84627476006798
0.6725333333333334        -42.84918059821052
0.6726000000000001        -42.8526982784046
0.6726666666666667        -42.856458670792534
0.6727333333333334        -42.86005315378344
0.6728000000000001        -42.86312403893636
0.6728666666666667        -42.8654374775303
0.6729333333333334        -42.866924018538086
0.673                     -42.8676799348419
0.6730666666666667        -42.86793168474635
0.6731333333333334        -42.86797413882901
0.6732                    -42.868098498425084
0.6732666666666667        -42.868527075870645
0.6733333333333333        -42.86936932644444
0.6734                    -42.87060769096159
0.6734666666666667        -42.87211445534449
0.6735333333333333        -42.87369364356426
0.6736                    -42.87513646438721
0.6736666666666666        -42.876276176462056
0.6737333333333333        -42.87702897632088
0.6738                    -42.877411452015
0.6738666666666666        -42.87753130080144
0.6739333333333334        -42.87755481726893
0.674                     -42.87766038434205
0.6740666666666667        -42.877990433376674
0.6741333333333334        -42.878614369415544
0.6742                    -42.879511900334386
0.6742666666666667        -42.88058089873217
0.6743333333333333        -42.881667664797746
0.6744                    -42.88261172627291
0.6744666666666668        -42.88329347860956
0.6745333333333334        -42.883672013818085
0.6746000000000001        -42.883802740638785
0.6746666666666667        -42.88382939045465
0.6747333333333334        -42.88395151713577
0.6748000000000001        -42.884374979349
0.6748666666666667        -42.88525751166881
0.6749333333333334        -42.886663190524814
0.675                     -42.888537965271894
0.6750666666666667        -42.89071380559992
0.6751333333333334        -42.89294239981334
0.6752                    -42.89495214034478
0.6752666666666667        -42.89651597252272
0.6753333333333333        -42.89751410220026
0.6754                    -42.89797566001831
0.6754666666666667        -42.898087487787045
0.6755333333333333        -42.898165483557364
0.6756                    -42.89859271724347
0.6756666666666666        -42.89973664451136
0.6757333333333333        -42.901863227908066
0.6758                    -42.905067370655836
0.6758666666666666        -42.90923646643091
0.6759333333333334        -42.91405758894011
0.676                     -42.91907001506207
0.6760666666666667        -42.92375495277868
0.6761333333333334        -42.92764542134539
0.6762                    -42.930433259676526
0.6762666666666667        -42.932049021017
0.6763333333333333        -42.93269495409879
0.6764                    -42.9328208065515
0.6764666666666668        -42.93304467834834
0.6765333333333334        -42.93403349001786
0.6766000000000001        -42.93636678864752
0.6766666666666667        -42.94041162963016
0.6767333333333334        -42.94623462831581
0.6768000000000001        -42.95357064824227
0.6768666666666667        -42.96185729289424
0.6769333333333334        -42.97033195664851
0.677                     -42.97817546695345
0.6770666666666667        -42.98467553272084
0.6771333333333334        -42.98937688166883
0.6772                    -42.992185427820395
0.6772666666666667        -42.9934020080945
0.6773333333333333        -42.99367584813045
0.6774                    -42.99388540534454
0.6774666666666667        -42.99496998730149
0.6775333333333333        -42.997745675702646
0.6776                    -43.00274175596465
0.6776666666666666        -43.01008941217127
0.6777333333333333        -43.0194846128057
0.6778                    -43.0302339050558
0.6778666666666666        -43.04137704507881
0.6779333333333333        -43.051865771390254
0.678                     -43.06076581124592
0.6780666666666667        -43.06744224641665
0.6781333333333334        -43.07168938911743
0.6782                    -43.07377650750554
0.6782666666666667        -43.07439845975367
0.6783333333333333        -43.07454110015426
0.6784                    -43.07528952840463
0.6784666666666668        -43.07761826984705
0.6785333333333334        -43.08220443433066
0.6786000000000001        -43.08929873800162
0.6786666666666668        -43.098677497451334
0.6787333333333334        -43.109683963784
0.6788000000000001        -43.12135171459501
0.6788666666666667        -43.13258796858732
0.6789333333333334        -43.14238264429029
0.679                     -43.15000235909736
0.6790666666666667        -43.155129913253205
0.6791333333333334        -43.15792021290984
0.6792                    -43.158961403365474
0.6792666666666667        -43.159150770549644
0.6793333333333333        -43.15951304823297
0.6794                    -43.16099953989515
0.6794666666666667        -43.16430807195775
0.6795333333333333        -43.1697572428432
0.6796                    -43.177236396608464
0.6796666666666666        -43.18623812676875
0.6797333333333333        -43.19596522528974
0.6798                    -43.20549065627601
0.6798666666666666        -43.213939169334814
0.6799333333333333        -43.22065458515038
0.68                      -43.225319286718324
0.6800666666666667        -43.22800239531301
0.6801333333333334        -43.22912869330978
0.6802                    -43.22937774181782
0.6802666666666667        -43.229537247271054
0.6803333333333333        -43.23034298169649
0.6804                    -43.23233809054064
0.6804666666666668        -43.235778328847175
0.6805333333333334        -43.240598940137225
0.6806000000000001        -43.24644614000147
0.6806666666666668        -43.25276377116653
0.6807333333333334        -43.258915525120315
0.6808000000000001        -43.26431676744561
0.6808666666666667        -43.26854873157976
0.6809333333333334        -43.27143222327984
0.681                     -43.27304734784852
0.6810666666666667        -43.27369806091387
0.6811333333333334        -43.27383250880838
0.6812                    -43.27393913537537
0.6812666666666667        -43.27444238955547
0.6813333333333333        -43.27562013998252
0.6814                    -43.27755858557456
0.6814666666666667        -43.280151391355616
0.6815333333333333        -43.28314005335713
0.6816                    -43.28618401162224
0.6816666666666666        -43.2889433353549
0.6817333333333333        -43.2911549583219
0.6818                    -43.29268581793943
0.6818666666666666        -43.29355232683396
0.6819333333333333        -43.2939039365063
0.682                     -43.29397706853666
0.6820666666666667        -43.294032277225284
0.6821333333333334        -43.294290646822844
0.6822                    -43.29488458469725
0.6822666666666667        -43.295833837443354
0.6823333333333333        -43.29705097145184
0.6824                    -43.29837333475907
0.6824666666666667        -43.29961228531068
0.6825333333333334        -43.30060660299799
0.6826000000000001        -43.301266364779295
0.6826666666666668        -43.30159630449497
0.6827333333333334        -43.301693132885
0.6828000000000001        -43.30171807609077
0.6828666666666667        -43.3018522546564
0.6829333333333334        -43.30224685013086
0.683                     -43.30298124918273
0.6830666666666667        -43.3040402851846
0.6831333333333334        -43.30531688020766
0.6832                    -43.30663999154421
0.6832666666666667        -43.30782128161992
0.6833333333333333        -43.308708898564646
0.6834                    -43.30923445914665
0.6834666666666667        -43.309440475467404
0.6835333333333333        -43.309479942347515
0.6836                    -43.30958659119604
0.6836666666666666        -43.31002173563719
0.6837333333333333        -43.311009802852055
0.6838                    -43.31267801999205
0.6838666666666666        -43.31501548929042
0.6839333333333333        -43.31786306562314
0.684                     -43.32093881759444
0.6840666666666667        -43.323895732398874
0.6841333333333334        -43.3264003988451
0.6842                    -43.32821548947818
0.6842666666666667        -43.329266575025294
0.6843333333333333        -43.3296760857632
0.6844                    -43.32975391871962
0.6844666666666667        -43.32994385478024
0.6845333333333334        -43.330735249514085
0.6846000000000001        -43.33255785381315
0.6846666666666668        -43.33568215165763
0.6847333333333334        -43.34014737393464
0.6848000000000001        -43.3457345220537
0.6848666666666667        -43.35199324537566
0.6849333333333334        -43.35832067442351
0.685                     -43.36407910304844
0.6850666666666667        -43.368729888009184
0.6851333333333334        -43.37195542554574
0.6852                    -43.373741511352925
0.6852666666666667        -43.37439949034736
0.6853333333333333        -43.37452015768889
0.6854                    -43.37486637511557
0.6854666666666667        -43.37622497204529
0.6855333333333333        -43.379247421829774
0.6856                    -43.38431132613975
0.6856666666666666        -43.39143096911031
0.6857333333333333        -43.40023635046702
0.6858                    -43.41002781512095
0.6858666666666666        -43.41989935097501
0.6859333333333333        -43.42890972170028
0.686                     -43.43626927758155
0.6860666666666667        -43.441504449086096
0.6861333333333334        -43.44456408324231
0.6862                    -43.44584267820625
0.6862666666666667        -43.446113190389326
0.6863333333333334        -43.446381921053856
0.6864                    -43.447694690509174
0.6864666666666667        -43.45093303660604
0.6865333333333334        -43.45664011291536
0.6866000000000001        -43.464909359714696
0.6866666666666668        -43.47535717254054
0.6867333333333334        -43.48718598925604
0.6868000000000001        -43.49932827811237
0.6868666666666667        -43.51064659086813
0.6869333333333334        -43.52015251135394
0.687                     -43.52720106398323
0.6870666666666667        -43.531619799063854
0.6871333333333334        -43.53374427648055
0.6872                    -43.53435174551964
0.6872666666666667        -43.534507223181706
0.6873333333333334        -43.535354693130905
0.6874                    -43.53789619598125
0.6874666666666667        -43.5428017770585
0.6875333333333333        -43.550285172260466
0.6876                    -43.56006673273093
0.6876666666666666        -43.57142925622526
0.6877333333333333        -43.5833561826464
0.6878                    -43.594726728472125
0.6878666666666666        -43.604531057735876
0.6879333333333333        -43.612063175819316
0.688                     -43.61705231550275
0.6880666666666667        -43.619705842123366
0.6881333333333334        -43.62065588950209
0.6882                    -43.62082311327064
0.6882666666666667        -43.62122830630761
0.6883333333333334        -43.62279186594198
0.6884                    -43.62616092384432
0.6884666666666667        -43.631595848070006
0.6885333333333334        -43.63893475257288
0.6886000000000001        -43.64763956629255
0.6886666666666668        -43.656912433363885
0.6887333333333334        -43.665858573903186
0.6888000000000001        -43.67366305488513
0.6888666666666667        -43.67974609032455
0.6889333333333334        -43.68386584799357
0.6890000000000001        -43.68614909029675
0.6890666666666667        -43.687045987013995
0.6891333333333334        -43.68722206206861
0.6892                    -43.68741313166169
0.6892666666666667        -43.68827524746947
0.6893333333333334        -43.69026031540048
0.6894                    -43.69354051265579
0.6894666666666667        -43.697993287680106
0.6895333333333333        -43.70324616612713
0.6896                    -43.708769013803334
0.6896666666666667        -43.713992632422844
0.6897333333333333        -43.71842805319292
0.6898                    -43.721761622307405
0.6898666666666666        -43.72390701930789
0.6899333333333333        -43.72500552332838
0.69                      -43.72537773848748
0.6900666666666667        -43.725440626642545
0.6901333333333334        -43.72561049083147
0.6902                    -43.7262141389764
0.6902666666666667        -43.72742695432966
0.6903333333333334        -43.729249315676775
0.6904                    -43.73152366868283
0.6904666666666667        -43.73398556221005
0.6905333333333334        -43.73633490798004
0.6906000000000001        -43.73830995218566
0.6906666666666668        -43.739746707224405
0.6907333333333334        -43.740610805619625
0.6908000000000001        -43.74099590087055
0.6908666666666667        -43.74109106540818
0.6909333333333334        -43.74112701678388
0.6910000000000001        -43.74131562972613
0.6910666666666667        -43.74179806376077
0.6911333333333334        -43.74261396690747
0.6912                    -43.743698505107986
0.6912666666666667        -43.74490687796125
0.6913333333333334        -43.74605918293996
0.6914                    -43.74699353964587
0.6914666666666667        -43.747613444296896
0.6915333333333333        -43.74791689612071
0.6916                    -43.7479995834969
0.6916666666666667        -43.74803116594166
0.6917333333333333        -43.74821070436815
0.6918                    -43.74871276492363
0.6918666666666666        -43.74963827545221
0.6919333333333333        -43.75098325211033
0.692                     -43.7526342997457
0.6920666666666667        -43.754393307309414
0.6921333333333334        -43.756026472552605
0.6922                    -43.75732637327211
0.6922666666666667        -43.758171842237715
0.6923333333333334        -43.75857004487959
0.6924                    -43.75866874417972
0.6924666666666667        -43.758733581636555
0.6925333333333333        -43.759093683421554
0.6926000000000001        -43.760066893134486
0.6926666666666668        -43.76188144424524
0.6927333333333334        -43.76461260231973
0.6928000000000001        -43.76815034567635
0.6928666666666667        -43.77220800375188
0.6929333333333334        -43.77637309343413
0.6930000000000001        -43.78019201900646
0.6930666666666667        -43.78327178961952
0.6931333333333334        -43.785376507174625
0.6932                    -43.78649577393274
0.6932666666666667        -43.78686707175884
0.6933333333333334        -43.78694381315297
0.6934                    -43.787312933704065
0.6934666666666667        -43.78857754383659
0.6935333333333333        -43.7912284450525
0.6936                    -43.795531471735075
0.6936666666666667        -43.80145524152308
0.6937333333333333        -43.808656678948225
0.6938                    -43.81653092496422
0.6938666666666666        -43.82431958849247
0.6939333333333333        -43.831258718135466
0.694                     -43.8367378186054
0.6940666666666667        -43.84043638257657
0.6941333333333334        -43.842406853342546
0.6942                    -43.843083085204874
0.6942666666666667        -43.84320923717318
0.6943333333333334        -43.84370159873409
0.6944                    -43.84547049839039
0.6944666666666667        -43.84923774649711
0.6945333333333333        -43.85538576505133
0.6946000000000001        -43.863868431512365
0.6946666666666668        -43.87420252580686
0.6947333333333334        -43.88554443052829
0.6948000000000001        -43.89684112743258
0.6948666666666667        -43.907029517911944
0.6949333333333334        -43.91524636161691
0.6950000000000001        -43.92100595313182
0.6950666666666667        -43.92430675657302
0.6951333333333334        -43.92564205830368
0.6952                    -43.925910435982196
0.6952666666666667        -43.9262439263582
0.6953333333333334        -43.92778914163876
0.6954                    -43.931485156665445
0.6954666666666667        -43.937880920870725
0.6955333333333333        -43.94702606354623
0.6956                    -43.95845512136458
0.6956666666666667        -43.9712689240011
0.6957333333333333        -43.98429992855276
0.6958                    -43.996332443006345
0.6958666666666666        -44.00633643474762
0.6959333333333333        -44.01366829297001
0.696                     -44.01819641294707
0.6960666666666666        -44.0203243871212
0.6961333333333334        -44.02090691325572
0.6962                    -44.02107722947143
0.6962666666666667        -44.022023322570114
0.6963333333333334        -44.0247588992192
0.6964                    -44.029933362941605
0.6964666666666667        -44.03771502490389
0.6965333333333333        -44.04776689925042
0.6966000000000001        -44.059317672200365
0.6966666666666668        -44.071313857726665
0.6967333333333334        -44.08262448034388
0.6968000000000001        -44.0922590048169
0.6968666666666667        -44.09955532846936
0.6969333333333334        -44.10429966203193
0.6970000000000001        -44.10675421044508
0.6970666666666667        -44.10758884707733
0.6971333333333334        -44.107734094817474
0.6972                    -44.10818890974398
0.6972666666666667        -44.10982416731163
0.6973333333333334        -44.11322067702771
0.6974                    -44.118570967967656
0.6974666666666667        -44.12566014564946
0.6975333333333333        -44.13392579795471
0.6976                    -44.142582513410034
0.6976666666666667        -44.15078491922216
0.6977333333333333        -44.157796053359206
0.6978                    -44.16312704107284
0.6978666666666666        -44.16662032650553
0.6979333333333333        -44.16846130000978
0.698                     -44.1691192362869
0.6980666666666666        -44.169233884366015
0.6981333333333334        -44.169474870705976
0.6982                    -44.17040494332603
0.6982666666666667        -44.17237485301214
0.6983333333333334        -44.175468982142085
0.6984                    -44.17950918057237
0.6984666666666667        -44.184112150756775
0.6985333333333333        -44.18878526924635
0.6986000000000001        -44.1930386547328
0.6986666666666668        -44.19648886581448
0.6987333333333334        -44.19893242148752
0.6988000000000001        -44.20037491605196
0.6988666666666667        -44.20101214787208
0.6989333333333334        -44.20117077114913
0.6990000000000001        -44.20122473230946
0.6990666666666667        -44.201508133297665
0.6991333333333334        -44.20224445758461
0.6992                    -44.20350693150051
0.6992666666666667        -44.205216742621985
0.6993333333333334        -44.20717686631947
0.6994                    -44.20913129557378
0.6994666666666667        -44.210834148514586
0.6995333333333333        -44.212111532022014
0.6996                    -44.21290150228327
0.6996666666666667        -44.213263393550754
0.6997333333333333        -44.213355703935875
0.6998                    -44.21338960304585
0.6998666666666666        -44.213570959692404
0.6999333333333333        -44.21404618715269
0.7                       -44.21486573241345
0.7000666666666666        -44.21597422743279
0.7001333333333333        -44.217229436320416
0.7001999999999999        -44.21844482340528
0.7002666666666666        -44.21944454071307
0.7003333333333333        -44.22011633904888
0.7004000000000001        -44.22044822336302
0.7004666666666668        -44.22053863682065
0.7005333333333335        -44.22057665581788
0.7006000000000001        -44.22079642397791
0.7006666666666668        -44.22141684769606
0.7007333333333334        -44.22258168580779
0.7008000000000001        -44.22431558557449
0.7008666666666667        -44.22650825547228
0.7009333333333334        -44.228932569457875
0.7010000000000001        -44.231294337250056
0.7010666666666667        -44.233303498874925
0.7011333333333334        -44.23475047040681
0.7012                    -44.23556890498343
0.7012666666666667        -44.23586817623927
0.7013333333333334        -44.23592528065968
0.7014                    -44.23613520320138
0.7014666666666667        -44.23692880147577
0.7015333333333333        -44.2386754335577
0.7016                    -44.24159192968905
0.7016666666666667        -44.245679156068995
0.7017333333333333        -44.25070246751039
0.7018                    -44.25622373746238
0.7018666666666666        -44.261681883330226
0.7019333333333333        -44.26650779406553
0.702                     -44.27025058629319
0.7020666666666666        -44.272687502610275
0.7021333333333333        -44.273891287416134
0.7021999999999999        -44.274236903704804
0.7022666666666666        -44.274342448583994
0.7023333333333333        -44.274953894136395
0.7024000000000001        -44.276796048570475
0.7024666666666668        -44.280419881550884
0.7025333333333335        -44.286077693539326
0.7026000000000001        -44.29365277451587
0.7026666666666668        -44.3026604496368
0.7027333333333334        -44.31232436376165
0.7028000000000001        -44.321717277152395
0.7028666666666668        -44.329941689188914
0.7029333333333334        -44.33631507533459
0.7030000000000001        -44.340520520671745
0.7030666666666667        -44.34268834092916
0.7031333333333334        -44.34338791630981
0.7032                    -44.34352845313033
0.7032666666666667        -44.34418753837164
0.7033333333333334        -44.346401783729476
0.7034                    -44.35096111743488
0.7034666666666667        -44.35824676500677
0.7035333333333333        -44.36814427120926
0.7036                    -44.38004945566709
0.7036666666666667        -44.39296906724834
0.7037333333333333        -44.40570081003773
0.7038                    -44.41706135916618
0.7038666666666666        -44.42611894871851
0.7039333333333333        -44.43238279788403
0.704                     -44.435907958115905
0.7040666666666666        -44.437291202014755
0.7041333333333333        -44.437557526715864
0.7041999999999999        -44.43796103909747
0.7042666666666666        -44.43974169402136
0.7043333333333333        -44.44388660173096
0.7044000000000001        -44.45094127883824
0.7044666666666668        -44.46090494987303
0.7045333333333335        -44.47322821535823
0.7046000000000001        -44.48691373295144
0.7046666666666668        -44.50070275152452
0.7047333333333334        -44.51331413696494
0.7048000000000001        -44.52369061154492
0.7048666666666668        -44.53120281948049
0.7049333333333334        -44.5357684166268
0.7050000000000001        -44.53786079210366
0.7050666666666667        -44.538406446444554
0.7051333333333334        -44.53859468043908
0.7052                    -44.539641167222214
0.7052666666666667        -44.54255407504752
0.7053333333333334        -44.54794756115179
0.7054                    -44.55593552973855
0.7054666666666667        -44.566122296352816
0.7055333333333333        -44.57768928242233
0.7056                    -44.58956012939738
0.7056666666666667        -44.60061242409913
0.7057333333333333        -44.60989478181945
0.7058                    -44.61680594711603
0.7058666666666666        -44.621199689566204
0.7059333333333333        -44.62339512310155
0.706                     -44.62409313354833
0.7060666666666666        -44.62422018536593
0.7061333333333333        -44.62473532680037
0.7061999999999999        -44.62644148345091
0.7062666666666666        -44.629838079754535
0.7063333333333333        -44.63504104848337
0.7064000000000001        -44.64178166140108
0.7064666666666668        -44.64948028684597
0.7065333333333335        -44.65737741217588
0.7066000000000001        -44.6646939192903
0.7066666666666668        -44.67078740840208
0.7067333333333334        -44.67527271836275
0.7068000000000001        -44.6780830005831
0.7068666666666668        -44.679461297220875
0.7069333333333334        -44.67988830242195
0.7070000000000001        -44.67996577219467
0.7070666666666667        -44.680283466089364
0.7071333333333334        -44.681298935962886
0.7072                    -44.68325438172756
0.7072666666666667        -44.68614511316679
0.7073333333333334        -44.68974241074442
0.7074                    -44.69366218256734
0.7074666666666667        -44.697461798203044
0.7075333333333333        -44.700742416382866
0.7076                    -44.70323399591014
0.7076666666666667        -44.704845086456935
0.7077333333333333        -44.70566838384913
0.7078                    -44.705943752932306
0.7078666666666666        -44.705990259788734
0.7079333333333333        -44.70612528280043
0.708                     -44.70659058308943
0.7080666666666666        -44.70750224101562
0.7081333333333333        -44.708834695762874
0.7081999999999999        -44.71044054133866
0.7082666666666666        -44.712099227886725
0.7083333333333333        -44.713581234010285
0.7083999999999999        -44.71471103035633
0.7084666666666668        -44.71541297902594
0.7085333333333335        -44.71572902654859
0.7086000000000001        -44.71580448900248
0.7086666666666668        -44.71584648432328
0.7087333333333334        -44.71606649820653
0.7088000000000001        -44.71662243425665
0.7088666666666668        -44.71757542338111
0.7089333333333334        -44.71887279842797
0.7090000000000001        -44.72036199488902
0.7090666666666667        -44.721832301340726
0.7091333333333334        -44.72307417549193
0.7092                    -44.72394099589966
0.7092666666666667        -44.724396927495164
0.7093333333333334        -44.724537529678166
0.7094                    -44.7245762663635
0.7094666666666667        -44.72479861519096
0.7095333333333333        -44.725493840490884
0.7096                    -44.72688055272216
0.7096666666666667        -44.72904443240279
0.7097333333333333        -44.731904427135774
0.7098                    -44.73521777947162
0.7098666666666666        -44.738625614223764
0.7099333333333333        -44.74173123661885
0.71                      -44.74419481462894
0.7100666666666666        -44.74582282210108
0.7101333333333333        -44.746630155130624
0.7101999999999999        -44.74685782903572
0.7102666666666666        -44.7469387764784
0.7103333333333333        -44.74741624116406
0.7103999999999999        -44.74883058025335
0.7104666666666668        -44.75159817167597
0.7105333333333335        -44.75590884695657
0.7106000000000001        -44.761665446022
0.7106666666666668        -44.76848140994789
0.7107333333333334        -44.77574113790663
0.7108000000000001        -44.78271489839922
0.7108666666666668        -44.78870760467048
0.7109333333333334        -44.7932113971632
0.7110000000000001        -44.79602844377649
0.7110666666666667        -44.79733452649118
0.7111333333333334        -44.79766572773108
0.7112                    -44.79782730479691
0.7112666666666667        -44.79874129284592
0.7113333333333334        -44.80126297812098
0.7114                    -44.80600309886786
0.7114666666666667        -44.81319167633419
0.7115333333333334        -44.82261179359856
0.7116                    -44.83361925423826
0.7116666666666667        -44.84524869520453
0.7117333333333333        -44.85639020078484
0.7118                    -44.86600508960006
0.7118666666666666        -44.87333856460917
0.7119333333333333        -44.878083975112204
0.712                     -44.88046102367857
0.7120666666666666        -44.88118785569902
0.7121333333333333        -44.881350413928295
0.7121999999999999        -44.88219518367935
0.7122666666666666        -44.88488734928774
0.7123333333333333        -44.89028214238626
0.7123999999999999        -44.89875303474111
0.7124666666666668        -44.91010897607936
0.7125333333333335        -44.92361707388835
0.7126000000000001        -44.93812916081227
0.7126666666666668        -44.95229218842805
0.7127333333333334        -44.96480536175546
0.7128000000000001        -44.9746747128992
0.7128666666666668        -44.98141258341328
0.7129333333333334        -44.985138329219545
0.7130000000000001        -44.98655706728924
0.7130666666666667        -44.986820524513334
0.7131333333333334        -44.98730016506202
0.7132000000000001        -44.98932043563224
0.7132666666666667        -44.99390549045283
0.7133333333333334        -45.001586879411946
0.7134                    -45.01230594848492
0.7134666666666667        -45.02542700749174
0.7135333333333334        -45.039858386663134
0.7136                    -45.05425998119147
0.7136666666666667        -45.0672995294405
0.7137333333333333        -45.07790855625143
0.7138                    -45.0854863453744
0.7138666666666666        -45.09000924245781
0.7139333333333333        -45.0920225615085
0.714                     -45.092518671477826
0.7140666666666666        -45.092729977763774
0.7141333333333333        -45.09388244163545
0.7142                    -45.096960377814995
0.7142666666666666        -45.10252717832695
0.7143333333333333        -45.11063280376372
0.7143999999999999        -45.120821391893045
0.7144666666666668        -45.13223423745005
0.7145333333333335        -45.14378672976853
0.7146000000000001        -45.15438440597088
0.7146666666666668        -45.16313536044781
0.7147333333333334        -45.16951630755219
0.7148000000000001        -45.1734589799308
0.7148666666666668        -45.175341051789175
0.7149333333333334        -45.1758872305372
0.7150000000000001        -45.1760057052319
0.7150666666666667        -45.17659760036451
0.7151333333333334        -45.17837995273758
0.7152000000000001        -45.1817566452658
0.7152666666666667        -45.18675945657958
0.7153333333333334        -45.19306626524127
0.7154                    -45.20008836867155
0.7154666666666667        -45.2071060676984
0.7155333333333334        -45.21342297722547
0.7156                    -45.21850655379289
0.7156666666666667        -45.22208605972394
0.7157333333333333        -45.224189257646906
0.7158                    -45.22511341366534
0.7158666666666667        -45.22534111121901
0.7159333333333333        -45.225423085644934
0.716                     -45.22585601478816
0.7160666666666666        -45.226982101993336
0.7161333333333333        -45.22893039163098
0.7162                    -45.231609249608795
0.7162666666666666        -45.234747844961596
0.7163333333333333        -45.237974108529464
0.7163999999999999        -45.24090942687161
0.7164666666666666        -45.243257611027616
0.7165333333333335        -45.244868038883055
0.7166000000000001        -45.24575981794659
0.7166666666666668        -45.246103696919626
0.7167333333333334        -45.24616876729095
0.7168000000000001        -45.246249110992125
0.7168666666666668        -45.246589527153695
0.7169333333333334        -45.24732859143494
0.7170000000000001        -45.24847211955646
0.7170666666666667        -45.24990211539566
0.7171333333333334        -45.25141744243598
0.7172000000000001        -45.25279477344391
0.7172666666666667        -45.25385357304487
0.7173333333333334        -45.25450808864255
0.7174                    -45.25479281835259
0.7174666666666667        -45.25485487956004
0.7175333333333334        -45.254915354894365
0.7176                    -45.25520978492392
0.7176666666666667        -45.25592341854778
0.7177333333333333        -45.25713829454772
0.7178                    -45.25880643548972
0.7178666666666667        -45.260757113842736
0.7179333333333333        -45.26273776451076
0.718                     -45.26447955658338
0.7180666666666666        -45.265771898855014
0.7181333333333333        -45.26652698582126
0.7182                    -45.266816947202884
0.7182666666666666        -45.26687218842301
0.7183333333333333        -45.26703877595188
0.7183999999999999        -45.267702920174564
0.7184666666666666        -45.26919913465817
0.7185333333333335        -45.2717233974481
0.7186000000000001        -45.27527253099984
0.7186666666666668        -45.27962610800128
0.7187333333333334        -45.28437845194267
0.7188000000000001        -45.28901734719918
0.7188666666666668        -45.29303498661572
0.7189333333333334        -45.29604786944159
0.7190000000000001        -45.29789819329447
0.7190666666666667        -45.298711428689415
0.7191333333333334        -45.298893387735475
0.7192000000000001        -45.299063432179736
0.7192666666666667        -45.29993518012372
0.7193333333333334        -45.302168399785415
0.7194                    -45.3062228273382
0.7194666666666667        -45.3122451621674
0.7195333333333334        -45.320014798978164
0.7196                    -45.32896322860672
0.7196666666666667        -45.33826814043409
0.7197333333333333        -45.347008033080805
0.7198                    -45.35434908378336
0.7198666666666667        -45.35972630905643
0.7199333333333333        -45.36297891547192
0.72                      -45.36440714586503
0.7200666666666666        -45.364734107210715
0.7201333333333333        -45.36497713927268
0.7202                    -45.366253499223376
0.7202666666666666        -45.36955921408595
0.7203333333333333        -45.37556506038116
0.7203999999999999        -45.38446987071425
0.7204666666666666        -45.3959407405773
0.7205333333333335        -45.40915459577546
0.7206000000000001        -45.42293789477764
0.7206666666666668        -45.43598271017806
0.7207333333333334        -45.44710054999562
0.7208000000000001        -45.45546384681957
0.7208666666666668        -45.46078339509633
0.7209333333333334        -45.46338086602311
0.7210000000000001        -45.46413768146489
0.7210666666666667        -45.464329312693295
0.7211333333333334        -45.46537939957531
0.7212000000000001        -45.468584070663795
0.7212666666666667        -45.4748605807429
0.7213333333333334        -45.484567219640475
0.7214                    -45.49742702538008
0.7214666666666667        -45.51256966840466
0.7215333333333334        -45.52868615583768
0.7216                    -45.54427113909942
0.7216666666666667        -45.557909675813946
0.7217333333333333        -45.56855304279809
0.7218                    -45.57572633423416
0.7218666666666667        -45.579622323257254
0.7219333333333333        -45.58106034691674
0.722                     -45.58131957384572
0.7220666666666666        -45.58188381722726
0.7221333333333333        -45.58415224681838
0.7222                    -45.589173723990186
0.7222666666666666        -45.59745379501656
0.7223333333333333        -45.608867093572904
0.7223999999999999        -45.62268835198622
0.7224666666666666        -45.63773512699291
0.7225333333333335        -45.65259625154626
0.7226000000000001        -45.66590373583033
0.7226666666666668        -45.676595449238604
0.7227333333333334        -45.6841152680218
0.7228000000000001        -45.68850896466736
0.7228666666666668        -45.6903967127153
0.7229333333333334        -45.69083102528896
0.7230000000000001        -45.69107411777413
0.7230666666666667        -45.69234411413894
0.7231333333333334        -45.69558225497324
0.7232000000000001        -45.701284786992396
0.7232666666666667        -45.70942756438556
0.7233333333333334        -45.719492794918075
0.7234                    -45.73058887609943
0.7234666666666667        -45.74163791503735
0.7235333333333334        -45.751593199985805
0.7236                    -45.75964289555152
0.7236666666666667        -45.765358773638525
0.7237333333333333        -45.768760583331265
0.7238                    -45.770285661304946
0.7238666666666667        -45.77067480719834
0.7239333333333333        -45.77080341834635
0.724                     -45.77149680342878
0.7240666666666666        -45.77336881720731
0.7241333333333333        -45.776714802797116
0.7242                    -45.781476365954205
0.7242666666666666        -45.787280094251216
0.7243333333333333        -45.7935377831225
0.7243999999999999        -45.79958423616681
0.7244666666666666        -45.80482207171974
0.7245333333333333        -45.808842555924436
0.7246000000000001        -45.81149772690403
0.7246666666666668        -45.81291087133475
0.7247333333333335        -45.81342699350368
0.7248000000000001        -45.813518529107114
0.7248666666666668        -45.813670745088324
0.7249333333333334        -45.814274043371775
0.7250000000000001        -45.81554669912127
0.7250666666666667        -45.817502961080514
0.7251333333333334        -45.81997030402494
0.7252000000000001        -45.82264846272903
0.7252666666666667        -45.82519392457031
0.7253333333333334        -45.82730855591475
0.7254                    -45.828811020160074
0.7254666666666667        -45.829674645942625
0.7255333333333334        -45.83002425049618
0.7256                    -45.830094879933654
0.7256666666666667        -45.83016478092625
0.7257333333333333        -45.830480804133664
0.7258                    -45.83119554422035
0.7258666666666667        -45.832331846692675
0.7259333333333333        -45.83378299670624
0.726                     -45.83534779984988
0.7260666666666666        -45.836790991000804
0.7261333333333333        -45.83791298469491
0.7262                    -45.838610475784904
0.7262666666666666        -45.83891155249261
0.7263333333333333        -45.838975403668776
0.7263999999999999        -45.83905582614439
0.7264666666666666        -45.83943720185698
0.7265333333333333        -45.840358946221215
0.7266000000000001        -45.84194778215566
0.7266666666666668        -45.844175801970934
0.7267333333333335        -45.84685651300981
0.7268000000000001        -45.84968220400401
0.7268666666666668        -45.85229590464286
0.7269333333333334        -45.854382153233544
0.7270000000000001        -45.85575495386845
0.7270666666666667        -45.85642044360202
0.7271333333333334        -45.856596588123686
0.7272000000000001        -45.85668185669975
0.7272666666666667        -45.85717699768678
0.7273333333333334        -45.8585756349417
0.7274                    -45.8612475241678
0.7274666666666667        -45.8653410995307
0.7275333333333334        -45.87072893706656
0.7276                    -45.87701165661008
0.7276666666666667        -45.88358402630981
0.7277333333333333        -45.88975358455385
0.7278                    -45.894889413799625
0.7278666666666667        -45.898569673580425
0.7279333333333333        -45.90069391651507
0.728                     -45.90153173998995
0.7280666666666666        -45.901692444842794
0.7281333333333333        -45.902018043885306
0.7282                    -45.90341953022224
0.7282666666666666        -45.9066892605219
0.7283333333333333        -45.912327861614884
0.7283999999999999        -45.920421756311654
0.7284666666666666        -45.93059843958554
0.7285333333333333        -45.94207285809805
0.7286000000000001        -45.95378148783844
0.7286666666666668        -45.9645829821243
0.7287333333333335        -45.973488412050116
0.7288000000000001        -45.979874020205465
0.7288666666666668        -45.9836290317023
0.7289333333333334        -45.98520249071106
0.7290000000000001        -45.985534626534246
0.7290666666666668        -45.9858842772669
0.7291333333333334        -45.98758697008245
0.7292000000000001        -45.991792359408414
0.7292666666666667        -45.99923253225762
0.7293333333333334        -46.01006553915436
0.7294                    -46.02382453317681
0.7294666666666667        -46.039484978165746
0.7295333333333334        -46.05564234378658
0.7296                    -46.070772065565784
0.7296666666666667        -46.08352499557413
0.7297333333333333        -46.092999645879964
0.7298                    -46.098932444512
0.7298666666666667        -46.101761949039286
0.7299333333333333        -46.102550387292766
0.73                      -46.102778499213855
0.7300666666666666        -46.10405756310406
0.7301333333333333        -46.10781811566579
0.7302                    -46.11503597455042
0.7302666666666666        -46.12604548855467
0.7303333333333333        -46.14047231994643
0.7303999999999999        -46.15729750171382
0.7304666666666666        -46.17504306480924
0.7305333333333333        -46.19204833162421
0.7306000000000001        -46.206787175236634
0.7306666666666668        -46.218164414469555
0.7307333333333335        -46.22572936801202
0.7308000000000001        -46.2297597051376
0.7308666666666668        -46.23119717582651
0.7309333333333334        -46.23145084959373
0.7310000000000001        -46.23211270913542
0.7310666666666668        -46.234646665948596
0.7311333333333334        -46.24011279557733
0.7312000000000001        -46.248976784036664
0.7312666666666667        -46.261035640650434
0.7313333333333334        -46.27546935252056
0.7314                    -46.2910069879391
0.7314666666666667        -46.306176227974035
0.7315333333333334        -46.31958932286322
0.7316                    -46.330209377822236
0.7316666666666667        -46.33754259656865
0.7317333333333333        -46.341716712162025
0.7318                    -46.34343113315016
0.7318666666666667        -46.34379363865697
0.7319333333333333        -46.34408313539099
0.732                     -46.34549136710622
0.7320666666666666        -46.34889646157065
0.7321333333333333        -46.354710181329935
0.7322                    -46.36282327843862
0.7322666666666666        -46.37265377531911
0.7323333333333333        -46.3832843076241
0.7323999999999999        -46.393658910227686
0.7324666666666666        -46.402798795082035
0.7325333333333333        -46.409993041987356
0.7326000000000001        -46.414925511335774
0.7326666666666668        -46.417713597250994
0.7327333333333335        -46.418854706575246
0.7328000000000001        -46.41909725275626
0.7328666666666668        -46.41926878550623
0.7329333333333334        -46.42010082228576
0.7330000000000001        -46.42208729286598
0.7330666666666668        -46.42540325051198
0.7331333333333334        -46.42989596536704
0.7332000000000001        -46.435145027715365
0.7332666666666667        -46.440574385732354
0.7333333333333334        -46.44558948272443
0.7334                    -46.44970853415849
0.7334666666666667        -46.452659483315415
0.7335333333333334        -46.45442302945713
0.7336                    -46.45521540788894
0.7336666666666667        -46.455418983144895
0.7337333333333333        -46.455480451520884
0.7338                    -46.455802668007784
0.7338666666666667        -46.45665570158237
0.7339333333333333        -46.45812641302222
0.734                     -46.46011565501429
0.7340666666666666        -46.46238065900505
0.7341333333333333        -46.464609799675955
0.7342                    -46.46650984851753
0.7342666666666666        -46.46788354830239
0.7343333333333333        -46.4686784209426
0.7343999999999999        -46.46899548232553
0.7344666666666666        -46.46905704061973
0.7345333333333333        -46.46914324951098
0.7345999999999999        -46.46951483486012
0.7346666666666668        -46.47034251834179
0.7347333333333335        -46.471661553104944
0.7348000000000001        -46.47336319833339
0.7348666666666668        -46.475225573650185
0.7349333333333334        -46.47697633683401
0.7350000000000001        -46.47837131836525
0.7350666666666668        -46.47926865881705
0.7351333333333334        -46.47967845641182
0.7352000000000001        -46.47977360113576
0.7352666666666667        -46.47985709814789
0.7353333333333334        -46.4802923290019
0.7354                    -46.48141244827827
0.7354666666666667        -46.48343097733665
0.7355333333333334        -46.48637625544182
0.7356                    -46.490067668496025
0.7356666666666667        -46.49414252568626
0.7357333333333334        -46.498130891953515
0.7358                    -46.50156392388225
0.7358666666666667        -46.504091917205656
0.7359333333333333        -46.505583882589214
0.736                     -46.50618274851796
0.7360666666666666        -46.506299354863955
0.7361333333333333        -46.50654232483281
0.7362                    -46.507596152884105
0.7362666666666666        -46.51007247544754
0.7363333333333333        -46.514366496738745
0.7363999999999999        -46.5205506418227
0.7364666666666666        -46.528331049276446
0.7365333333333333        -46.53708084165017
0.7365999999999999        -46.54594903436467
0.7366666666666668        -46.554027690571615
0.7367333333333335        -46.56054541647698
0.7368000000000001        -46.565046108248325
0.7368666666666668        -46.56751142288048
0.7369333333333334        -46.56839539593368
0.7370000000000001        -46.56855841948894
0.7370666666666668        -46.56911062167647
0.7371333333333334        -46.571195231952906
0.7372000000000001        -46.57575554297381
0.7372666666666667        -46.583332304333695
0.7373333333333334        -46.593932517127826
0.7374                    -46.6069979420795
0.7374666666666667        -46.62148450802011
0.7375333333333334        -46.636043993949556
0.7376                    -46.64927879937268
0.7376666666666667        -46.660022579414424
0.7377333333333334        -46.66758889481176
0.7378                    -46.6719318312125
0.7378666666666667        -46.673679007081496
0.7379333333333333        -46.674025528309
0.738                     -46.67450930927348
0.7380666666666666        -46.67671422966591
0.7381333333333333        -46.68196113748904
0.7382                    -46.6910463397756
0.7382666666666666        -46.70407596536393
0.7383333333333333        -46.72042690645972
0.7384                    -46.73884422840541
0.7384666666666666        -46.75766247581389
0.7385333333333333        -46.775115357406094
0.7385999999999999        -46.78967779107847
0.7386666666666668        -46.80037176904175
0.7387333333333335        -46.80696932217171
0.7388000000000001        -46.810045280740276
0.7388666666666668        -46.810866209369564
0.7389333333333334        -46.81113997831738
0.7390000000000001        -46.8126809364006
0.7390666666666668        -46.81706035886542
0.7391333333333334        -46.82530954099186
0.7392000000000001        -46.83772810197267
0.7392666666666667        -46.85382895042443
0.7393333333333334        -46.87242833930895
0.7394000000000001        -46.891866255746145
0.7394666666666667        -46.91031982976119
0.7395333333333334        -46.92615278824156
0.7396                    -46.93823215794252
0.7396666666666667        -46.94614544469937
0.7397333333333334        -46.95027063350051
0.7398                    -46.95168449987557
0.7398666666666667        -46.95193237338671
0.7399333333333333        -46.952712818086475
0.74                      -46.955545352839316
0.7400666666666667        -46.961486836402216
0.7401333333333333        -46.97094683566827
0.7402                    -46.98363055457048
0.7402666666666666        -46.998614682203
0.7403333333333333        -47.014539331028764
0.7404                    -47.029879400651055
0.7404666666666666        -47.04324329572621
0.7405333333333333        -47.05363958788567
0.7405999999999999        -47.06065686139584
0.7406666666666668        -47.06452003945317
0.7407333333333335        -47.06601459871899
0.7408000000000001        -47.06630044358175
0.7408666666666668        -47.066660812471284
0.7409333333333334        -47.06824229917848
0.7410000000000001        -47.07183888582087
0.7410666666666668        -47.07775912957587
0.7411333333333334        -47.08579635348467
0.7412000000000001        -47.09530123749659
0.7412666666666667        -47.105337522064715
0.7413333333333334        -47.114886709834934
0.7414000000000001        -47.12305878413758
0.7414666666666667        -47.12926523371464
0.7415333333333334        -47.133319315165465
0.7416                    -47.1354454055471
0.7416666666666667        -47.13620054505249
0.7417333333333334        -47.13633109416013
0.7418                    -47.13660051346903
0.7418666666666667        -47.13762777645495
0.7419333333333333        -47.13977015515727
0.742                     -47.14307171938097
0.7420666666666667        -47.14728338274257
0.7421333333333333        -47.15194500393964
0.7422                    -47.156507585025466
0.7422666666666666        -47.1604661060117
0.7423333333333333        -47.16347246981492
0.7424                    -47.16540382749472
0.7424666666666666        -47.16637306764038
0.7425333333333333        -47.16668268703123
0.7425999999999999        -47.16673683720599
0.7426666666666666        -47.166935551995635
0.7427333333333335        -47.16757791982222
0.7428000000000001        -47.168797112886935
0.7428666666666668        -47.17054121192703
0.7429333333333334        -47.17260210240436
0.7430000000000001        -47.17468306490566
0.7430666666666668        -47.17648655577698
0.7431333333333334        -47.17779908676536
0.7432000000000001        -47.17855120774543
0.7432666666666667        -47.178837244590696
0.7433333333333334        -47.17889004951756
0.7434000000000001        -47.17901781680158
0.7434666666666667        -47.179519865269626
0.7435333333333334        -47.180603664912695
0.7436                    -47.18232507745624
0.7436666666666667        -47.18456805568457
0.7437333333333334        -47.1870703585825
0.7438                    -47.18949038730499
0.7438666666666667        -47.191499580539514
0.7439333333333333        -47.192877468112904
0.744                     -47.19358452164278
0.7440666666666667        -47.19379229704039
0.7441333333333333        -47.193860322834155
0.7442                    -47.19426234706698
0.7442666666666666        -47.19547747836767
0.7443333333333333        -47.197871101730996
0.7444                    -47.20159399443669
0.7444666666666666        -47.20652515334108
0.7445333333333333        -47.21227518881199
0.7445999999999999        -47.218254384050525
0.7446666666666666        -47.22379492081939
0.7447333333333335        -47.228303142148235
0.7448000000000001        -47.2314082782847
0.7448666666666668        -47.23307181593381
0.7449333333333334        -47.23362830086079
0.7450000000000001        -47.23374301112578
0.7450666666666668        -47.23429109103792
0.7451333333333334        -47.23618125876249
0.7452000000000001        -47.24016032088138
0.7452666666666667        -47.246639698995345
0.7453333333333334        -47.255581705787286
0.7454000000000001        -47.26647278273147
0.7454666666666667        -47.2783952578208
0.7455333333333334        -47.29019035870094
0.7456                    -47.300685607232865
0.7456666666666667        -47.30894286254429
0.7457333333333334        -47.314473866479396
0.7458                    -47.317372573255355
0.7458666666666667        -47.31832940222803
0.7459333333333333        -47.3185187250214
0.746                     -47.31938005595339
0.7460666666666667        -47.322337084347865
0.7461333333333333        -47.32851102835674
0.7462                    -47.33848455861548
0.7462666666666666        -47.35216221096135
0.7463333333333333        -47.36875639814449
0.7464                    -47.386907465260286
0.7464666666666666        -47.40492308671542
0.7465333333333333        -47.42109833477586
0.7465999999999999        -47.434056819087985
0.7466666666666666        -47.44304181038225
0.7467333333333335        -47.448090785106174
0.7468000000000001        -47.450049801287605
0.7468666666666668        -47.450420681751154
0.7469333333333334        -47.4510729769812
0.7470000000000001        -47.45388190021268
0.7470666666666668        -47.46036559940366
0.7471333333333334        -47.47139039316644
0.7472000000000001        -47.486996284071815
0.7472666666666667        -47.506373226963305
0.7473333333333334        -47.52799479888418
0.7474000000000001        -47.549890926767745
0.7474666666666667        -47.57001575277527
0.7475333333333334        -47.586643814683654
0.7476                    -47.59871439233236
0.7476666666666667        -47.60604804388029
0.7477333333333334        -47.60938464560599
0.7478                    -47.61023362721997
0.7478666666666667        -47.6105715982855
0.7479333333333333        -47.612455560154245
0.748                     -47.617632604152206
0.7480666666666667        -47.62721977697691
0.7481333333333333        -47.641507603328364
0.7482                    -47.65991566432889
0.7482666666666666        -47.681103711048536
0.7483333333333333        -47.70321851871101
0.7484                    -47.72423514228106
0.7484666666666666        -47.742332973309104
0.7485333333333333        -47.75623635442423
0.7485999999999999        -47.76545205990445
0.7486666666666666        -47.77035478720038
0.7487333333333335        -47.77210410679149
0.7488000000000001        -47.77241317699293
0.7488666666666668        -47.77321983269323
0.7489333333333335        -47.77632653691321
0.7490000000000001        -47.783075676875136
0.7490666666666668        -47.79411474643859
0.7491333333333334        -47.80928780388402
0.7492000000000001        -47.82766932228554
0.7492666666666667        -47.84773553660347
0.7493333333333334        -47.86764667847575
0.7494000000000001        -47.88559229254776
0.7494666666666667        -47.900135267114536
0.7495333333333334        -47.91048471878248
0.7496                    -47.91663888488995
0.7496666666666667        -47.919366869196566
0.7497333333333334        -47.92003541972801
0.7498                    -47.920322184882295
0.7498666666666667        -47.92187945295967
0.7499333333333333        -47.92601758855088
0.75                      -47.93346741716733
0.7500666666666667        -47.94426156600586
0.7501333333333333        -47.95775181137553
0.7502                    -47.9727560105815
0.7502666666666666        -47.98780571606837
0.7503333333333333        -48.00144603353872
0.7504                    -48.01252657540206
0.7504666666666666        -48.02042156141468
0.7505333333333333        -48.02513153620875
0.7505999999999999        -48.02724704952851
0.7506666666666666        -48.02778834723249
0.7507333333333333        -48.027964079725166
0.7508000000000001        -48.028907737745314
0.7508666666666668        -48.03145012202223
0.7509333333333335        -48.035972505826294
0.7510000000000001        -48.04236407142434
0.7510666666666668        -48.050084354451634
0.7511333333333334        -48.058310837042654
0.7512000000000001        -48.06613614500993
0.7512666666666667        -48.0727706681549
0.7513333333333334        -48.07770667249827
0.7514000000000001        -48.080809785899284
0.7514666666666667        -48.082321454575535
0.7515333333333334        -48.08277728468312
0.7516                    -48.08286536131064
0.7516666666666667        -48.08326069835382
0.7517333333333334        -48.08447453628814
0.7518                    -48.08675090582217
0.7518666666666667        -48.09003038590954
0.7519333333333333        -48.093985580575485
0.752                     -48.09811746376731
0.7520666666666667        -48.101888864908034
0.7521333333333333        -48.10486322237517
0.7522                    -48.10681527469022
0.7522666666666666        -48.10778665263061
0.7523333333333333        -48.10807263784632
0.7524                    -48.10814368176402
0.7524666666666666        -48.10852203320103
0.7525333333333333        -48.109645337794106
0.7525999999999999        -48.1117522727261
0.7526666666666666        -48.11481956573011
0.7527333333333333        -48.1185668281616
0.7528000000000001        -48.12252873259673
0.7528666666666668        -48.12617709834459
0.7529333333333335        -48.12906238872291
0.7530000000000001        -48.13093835943942
0.7530666666666668        -48.131837047189435
0.7531333333333334        -48.13207351213307
0.7532000000000001        -48.13217764534528
0.7532666666666668        -48.13276897740807
0.7533333333333334        -48.134404723814875
0.7534000000000001        -48.137437839621796
0.7534666666666667        -48.141919624006405
0.7535333333333334        -48.1475715169738
0.7536                    -48.15383548696292
0.7536666666666667        -48.15999470067859
0.7537333333333334        -48.165339285237614
0.7538                    -48.1693396285354
0.7538666666666667        -48.171785413256
0.7539333333333333        -48.172854673003954
0.754                     -48.17309300342332
0.7540666666666667        -48.17330474859699
0.7541333333333333        -48.174379445189295
0.7542                    -48.177092193979654
0.7542666666666666        -48.181922483896216
0.7543333333333333        -48.18893194979145
0.7544                    -48.19772947174619
0.7544666666666666        -48.20753463032807
0.7545333333333333        -48.217330570057406
0.7545999999999999        -48.226077739972354
0.7546666666666666        -48.23294445085524
0.7547333333333333        -48.23750297826329
0.7548000000000001        -48.23984449025245
0.7548666666666668        -48.24058289272132
0.7549333333333335        -48.24074304675279
0.7550000000000001        -48.2415556735245
0.7550666666666668        -48.24420214930166
0.7551333333333334        -48.24956251204536
0.7552000000000001        -48.25801853843054
0.7552666666666668        -48.269352846745846
0.7553333333333334        -48.282767591970725
0.7554000000000001        -48.297024778787964
0.7554666666666667        -48.310686488317394
0.7555333333333334        -48.32241042780717
0.7556                    -48.331239363058636
0.7556666666666667        -48.33681863609941
0.7557333333333334        -48.3394886137959
0.7558                    -48.34022740695792
0.7558666666666667        -48.34045559071348
0.7559333333333333        -48.34174730037147
0.756                     -48.3455112886946
0.7560666666666667        -48.35270783301456
0.7561333333333333        -48.363655631793904
0.7562                    -48.37796292454436
0.7562666666666666        -48.3945942030667
0.7563333333333333        -48.41206092318839
0.7564                    -48.42870299643906
0.7564666666666666        -48.44300956941922
0.7565333333333333        -48.453916572893725
0.7565999999999999        -48.4610195296644
0.7566666666666666        -48.464655887550514
0.7567333333333333        -48.46583942055035
0.7568000000000001        -48.466062338587676
0.7568666666666668        -48.46700869226546
0.7569333333333335        -48.47023795244801
0.7570000000000001        -48.476898375336205
0.7570666666666668        -48.48751918224362
0.7571333333333334        -48.50191403832592
0.7572000000000001        -48.51921004150655
0.7572666666666668        -48.53799817246348
0.7573333333333334        -48.556582978169004
0.7574000000000001        -48.573291622966046
0.7574666666666667        -48.58678794996407
0.7575333333333334        -48.59633068067935
0.7576                    -48.60192124710814
0.7576666666666667        -48.60430755120823
0.7577333333333334        -48.60484105118761
0.7578                    -48.60521707156163
0.7578666666666667        -48.607152462707354
0.7579333333333333        -48.61206478811969
0.758                     -48.62081286505513
0.7580666666666667        -48.63354368137456
0.7581333333333333        -48.64967040846746
0.7582                    -48.66798398618358
0.7582666666666666        -48.68687850103548
0.7583333333333333        -48.70465006563616
0.7584                    -48.719813264087584
0.7584666666666666        -48.73137305315595
0.7585333333333333        -48.738997348712516
0.7585999999999999        -48.74305678086345
0.7586666666666666        -48.74452826895889
0.7587333333333333        -48.74478912441084
0.7588000000000001        -48.74534939409523
0.7588666666666668        -48.747577394151534
0.7589333333333335        -48.75246774960111
0.7590000000000001        -48.76048747102538
0.7590666666666668        -48.77151899064976
0.7591333333333334        -48.78490315937189
0.7592000000000001        -48.7995711815052
0.7592666666666668        -48.81424228188391
0.7593333333333334        -48.827653767579434
0.7594000000000001        -48.838783529336176
0.7594666666666667        -48.84702442934742
0.7595333333333334        -48.85227756590094
0.7596                    -48.85494706171866
0.7596666666666667        -48.8558396758136
0.7597333333333334        -48.85599273530882
0.7598                    -48.856468047815504
0.7598666666666667        -48.85815420288098
0.7599333333333333        -48.86161483055016
0.76                      -48.867008386551554
0.7600666666666667        -48.87408940881032
0.7601333333333333        -48.88228526848545
0.7602                    -48.890828821486735
0.7602666666666666        -48.89891800815349
0.7603333333333333        -48.90586979517521
0.7604                    -48.911238651349265
0.7604666666666666        -48.91487858946378
0.7605333333333333        -48.9169407989442
0.7605999999999999        -48.91781293818629
0.7606666666666666        -48.9180178632123
0.7607333333333333        -48.9180963708132
0.7607999999999999        -48.91849941074015
0.7608666666666668        -48.91951073024398
0.7609333333333335        -48.921212666954936
0.7610000000000001        -48.92349782061537
0.7610666666666668        -48.92611959535542
0.7611333333333334        -48.92876688422942
0.7612000000000001        -48.93114392296616
0.7612666666666668        -48.93303648892872
0.7613333333333334        -48.9343502043372
0.7614000000000001        -48.93511462953671
0.7614666666666667        -48.93545600254587
0.7615333333333334        -48.93554936504983
0.7616                    -48.93556527683825
0.7616666666666667        -48.935626317231744
0.7617333333333334        -48.935784411890296
0.7618                    -48.936023148001404
0.7618666666666667        -48.93628170606999
0.7619333333333334        -48.936490925330816
0.762                     -48.93660893397771
0.7620666666666667        -48.93664446774572
0.7621333333333333        -48.936660192620394
0.7622                    -48.9367547950446
0.7622666666666666        -48.93702943143868
0.7623333333333333        -48.93754936861829
0.7624                    -48.93831378705145
0.7624666666666666        -48.93924509378352
0.7625333333333333        -48.940204010506214
0.7626                    -48.9410293567208
0.7626666666666666        -48.9415936778441
0.7627333333333333        -48.9418598051894
0.7627999999999999        -48.94192101974976
0.7628666666666668        -48.94200989018928
0.7629333333333335        -48.942467938215835
0.7630000000000001        -48.94367846222743
0.7630666666666668        -48.94597544141894
0.7631333333333334        -48.949549493084554
0.7632000000000001        -48.954375056287695
0.7632666666666668        -48.96018027620244
0.7633333333333334        -48.96647282519339
0.7634000000000001        -48.97262269801512
0.7634666666666667        -48.977989351580334
0.7635333333333334        -48.98206848451052
0.7636000000000001        -48.98462639179578
0.7636666666666667        -48.98578957858248
0.7637333333333334        -48.986064908462346
0.7638                    -48.98627951412437
0.7638666666666667        -48.98744662285962
0.7639333333333334        -48.99057925308679
0.764                     -48.99648510941847
0.7640666666666667        -49.00558130608495
0.7641333333333333        -49.01776666295682
0.7642                    -49.03238272139852
0.7642666666666666        -49.048282532276616
0.7643333333333333        -49.06400861582184
0.7644                    -49.07805906380207
0.7644666666666666        -49.08919682966505
0.7645333333333333        -49.096738371087376
0.7646                    -49.1007521888631
0.7646666666666666        -49.10211126467617
0.7647333333333333        -49.10237494007663
0.7647999999999999        -49.103516410619996
0.7648666666666668        -49.10754862957414
0.7649333333333335        -49.11612343915831
0.7650000000000001        -49.13018271960611
0.7650666666666668        -49.149729513731906
0.7651333333333334        -49.173767057321
0.7652000000000001        -49.20042804560205
0.7652666666666668        -49.22728579001432
0.7653333333333334        -49.25180323555541
0.7654000000000001        -49.27183929318532
0.7654666666666667        -49.28610536588111
0.7655333333333334        -49.294462533118654
0.7656000000000001        -49.297980454233546
0.7656666666666667        -49.298737367890446
0.7657333333333334        -49.29940674997727
0.7658                    -49.30272614217756
0.7658666666666667        -49.31096269951945
0.7659333333333334        -49.32547911826678
0.766                     -49.34647461397462
0.7660666666666667        -49.37294108908478
0.7661333333333333        -49.402840840296456
0.7662                    -49.43347894919944
0.7662666666666667        -49.46200940434268
0.7663333333333333        -49.48598226253618
0.7664                    -49.503819995528644
0.7664666666666666        -49.515117394363244
0.7665333333333333        -49.5206969670926
0.7666                    -49.52241218583126
0.7666666666666666        -49.52275309160533
0.7667333333333333        -49.52435039139956
0.7667999999999999        -49.52948440514908
0.7668666666666668        -49.53968838786439
0.7669333333333335        -49.55550517655218
0.7670000000000001        -49.576424368056564
0.7670666666666668        -49.60100022100015
0.7671333333333334        -49.62712758278964
0.7672000000000001        -49.65243149157711
0.7672666666666668        -49.67470537942981
0.7673333333333334        -49.69231773727535
0.7674000000000001        -49.704505942934105
0.7674666666666667        -49.71149514762632
0.7675333333333334        -49.71441837737012
0.7676000000000001        -49.71506059003417
0.7676666666666667        -49.71548883129468
0.7677333333333334        -49.717650781520746
0.7678                    -49.72302188733262
0.7678666666666667        -49.73236244423304
0.7679333333333334        -49.74561933245197
0.768                     -49.76197970391329
0.7680666666666667        -49.780059148061405
0.7681333333333333        -49.79818573629743
0.7682                    -49.814725112127014
0.7682666666666667        -49.82838348558721
0.7683333333333333        -49.83842893428499
0.7684                    -49.84478879296375
0.7684666666666666        -49.848009392129775
0.7685333333333333        -49.849096279994214
0.7686                    -49.849278712116465
0.7686666666666666        -49.84975455200272
0.7687333333333333        -49.85146913569675
0.7687999999999999        -49.854967526799115
0.7688666666666666        -49.86033972870766
0.7689333333333335        -49.86725821198844
0.7690000000000001        -49.875090164620524
0.7690666666666668        -49.88305512823233
0.7691333333333334        -49.890393144362164
0.7692000000000001        -49.89650965865468
0.7692666666666668        -49.90107092017269
0.7693333333333334        -49.904035981399716
0.7694000000000001        -49.905625888621444
0.7694666666666667        -49.90624382654305
0.7695333333333334        -49.90636883971909
0.7696000000000001        -49.90644867250198
0.7696666666666667        -49.906814346448016
0.7697333333333334        -49.907631782373244
0.7698                    -49.90889618125661
0.7698666666666667        -49.91046514982177
0.7699333333333334        -49.912118549317725
0.77                      -49.91362819143113
0.7700666666666667        -49.914819688189816
0.7701333333333333        -49.91561211205131
0.7702                    -49.91602780900464
0.7702666666666667        -49.916172992545484
0.7703333333333333        -49.916197393146156
0.7704                    -49.916246190829284
0.7704666666666666        -49.916418506608416
0.7705333333333333        -49.91674383822732
0.7706                    -49.91718205141443
0.7706666666666666        -49.91764560972101
0.7707333333333333        -49.91803652129164
0.7707999999999999        -49.91828655656711
0.7708666666666666        -49.918388552735955
0.7709333333333335        -49.91840915841127
0.7710000000000001        -49.91847846939642
0.7710666666666668        -49.918758339441645
0.7711333333333334        -49.91939712958681
0.7712000000000001        -49.92048282017362
0.7712666666666668        -49.92200772414578
0.7713333333333334        -49.92385609619818
0.7714000000000001        -49.92582097622831
0.7714666666666667        -49.927649522602266
0.7715333333333334        -49.9291083450543
0.7716000000000001        -49.930053824927434
0.7716666666666667        -49.930489056012476
0.7717333333333334        -49.93059027512828
0.7718                    -49.930691757986864
0.7718666666666667        -49.931227928330856
0.7719333333333334        -49.932642412381696
0.772                     -49.935283039598886
0.7720666666666667        -49.93930689871178
0.7721333333333333        -49.94461920532791
0.7722                    -49.95086391439034
0.7722666666666667        -49.95747375799826
0.7723333333333333        -49.96377450911514
0.7724                    -49.969125182421756
0.7724666666666666        -49.97306549338161
0.7725333333333333        -49.975437169129336
0.7726                    -49.9764487492424
0.7726666666666666        -49.976664496553134
0.7727333333333333        -49.97691461859269
0.7727999999999999        -49.978141894682764
0.7728666666666666        -49.98121435437405
0.7729333333333335        -49.98674154102892
0.7730000000000001        -49.994931994186246
0.7730666666666668        -50.005522634692916
0.7731333333333335        -50.017798346554514
0.7732000000000001        -50.03070392737551
0.7732666666666668        -50.04303256161907
0.7733333333333334        -50.05365768482949
0.7734000000000001        -50.061762401955406
0.7734666666666667        -50.06701691863289
0.7735333333333334        -50.0696627842964
0.7736000000000001        -50.07048251939844
0.7736666666666667        -50.07065934729714
0.7737333333333334        -50.07155648306279
0.7738                    -50.074461671263535
0.7738666666666667        -50.080347060678875
0.7739333333333334        -50.0896881085196
0.774                     -50.10237181201812
0.7740666666666667        -50.11770823374508
0.7741333333333333        -50.134542736663626
0.7742                    -50.15145086457054
0.7742666666666667        -50.1669842683424
0.7743333333333333        -50.17992603716366
0.7744                    -50.189509722034344
0.7744666666666666        -50.19556068560011
0.7745333333333333        -50.19853189911256
0.7746                    -50.19942667504453
0.7746666666666666        -50.19962311554401
0.7747333333333333        -50.2006335181569
0.7747999999999999        -50.20384247881745
0.7748666666666666        -50.21026885045164
0.7749333333333335        -50.22039057819232
0.7750000000000001        -50.23406034411735
0.7750666666666668        -50.25052605355615
0.7751333333333335        -50.26855461693359
0.7752000000000001        -50.28664097338449
0.7752666666666668        -50.30326841340411
0.7753333333333334        -50.31717411679946
0.7754000000000001        -50.32756959693256
0.7754666666666667        -50.33427267275195
0.7755333333333334        -50.33772561737947
0.7756000000000001        -50.3388988488462
0.7756666666666667        -50.33910362379302
0.7757333333333334        -50.33975378116135
0.7758                    -50.342122242549365
0.7758666666666667        -50.347133622156164
0.7759333333333334        -50.35522364482514
0.776                     -50.36628310479554
0.7760666666666667        -50.37969128068541
0.7761333333333333        -50.394431696606354
0.7762                    -50.40927167577042
0.7762666666666667        -50.42297662459969
0.7763333333333333        -50.434522204741306
0.7764                    -50.44326542764297
0.7764666666666666        -50.44904181825635
0.7765333333333333        -50.45217040458102
0.7766                    -50.453368286983114
0.7766666666666666        -50.45359625935042
0.7767333333333333        -50.45387058472639
0.7767999999999999        -50.4550801629461
0.7768666666666666        -50.45784308281049
0.7769333333333335        -50.46242483432121
0.7770000000000001        -50.46872619434844
0.7770666666666668        -50.47633536829184
0.7771333333333335        -50.48462851403117
0.7772000000000001        -50.49289631414191
0.7772666666666668        -50.50047212201936
0.7773333333333334        -50.50683928773502
0.7774000000000001        -50.51170102561351
0.7774666666666668        -50.51500450455708
0.7775333333333334        -50.51692006550711
0.7776000000000001        -50.517784687062445
0.7776666666666667        -50.5180243859857
0.7777333333333334        -50.51807225106699
0.7778                    -50.51829729888801
0.7778666666666667        -50.51895513644823
0.7779333333333334        -50.52016578080544
0.778                     -50.52191823217467
0.7780666666666667        -50.524096608961514
0.7781333333333333        -50.526519553699416
0.7782                    -50.52898353041829
0.7782666666666667        -50.531301487954366
0.7783333333333333        -50.53333074046822
0.7784                    -50.53498713103757
0.7784666666666666        -50.53624579915413
0.7785333333333333        -50.537131453722175
0.7786                    -50.53770250012544
0.7786666666666666        -50.53803357225039
0.7787333333333333        -50.53820019649028
0.7787999999999999        -50.538267891909435
0.7788666666666666        -50.538286464110094
0.7789333333333333        -50.538288965908265
0.7790000000000001        -50.53829399694464
0.7790666666666668        -50.538309745346766
0.7791333333333335        -50.53833835334916
0.7792000000000001        -50.53837965588579
0.7792666666666668        -50.53843391189717
0.7793333333333334        -50.53850364710688
0.7794000000000001        -50.5385950126777
0.7794666666666668        -50.53871905370105
0.7795333333333334        -50.53889297941798
0.7796000000000001        -50.53914104506549
0.7796666666666667        -50.53949420398048
0.7797333333333334        -50.53998752173956
0.7798                    -50.54065466001593
0.7798666666666667        -50.54151957385426
0.7799333333333334        -50.542586735480555
0.78                      -50.54383231675325
0.7800666666666667        -50.54519937579777
0.7801333333333333        -50.54659984793564
0.7802                    -50.547924937892134
0.7802666666666667        -50.549063568397244
0.7803333333333333        -50.54992634003916
0.7804                    -50.55047059014826
0.7804666666666666        -50.550721122897706
0.7805333333333333        -50.55078131978692
0.7806                    -50.55083064583316
0.7806666666666666        -50.5511068041017
0.7807333333333333        -50.55187356020474
0.7807999999999999        -50.55337809966778
0.7808666666666666        -50.555804251591034
0.7809333333333333        -50.55922961394374
0.7810000000000001        -50.56359519495448
0.7810666666666668        -50.56869534204809
0.7811333333333335        -50.57419327897395
0.7812000000000001        -50.579663555339415
0.7812666666666668        -50.58465754400969
0.7813333333333334        -50.588782674535445
0.7814000000000001        -50.59178163191663
0.7814666666666668        -50.59359564948206
0.7815333333333334        -50.59439729154175
0.7816000000000001        -50.59458293444231
0.7816666666666667        -50.59472264425402
0.7817333333333334        -50.595473609334746
0.7818                    -50.597470743578505
0.7818666666666667        -50.60121294991887
0.7819333333333334        -50.606965039679594
0.782                     -50.61469345777887
0.7820666666666667        -50.62404927208685
0.7821333333333333        -50.634404992946244
0.7822                    -50.64494335385112
0.7822666666666667        -50.654787020089785
0.7823333333333333        -50.66314954296495
0.7824                    -50.669481533646916
0.7824666666666666        -50.67358401276674
0.7825333333333333        -50.67566467072556
0.7826                    -50.67632239321925
0.7826666666666666        -50.67645905731405
0.7827333333333333        -50.67713205598467
0.7827999999999999        -50.67937278220683
0.7828666666666666        -50.684002919431
0.7829333333333333        -50.69148101123078
0.7830000000000001        -50.701806999809634
0.7830666666666668        -50.71450346373342
0.7831333333333335        -50.728680365558546
0.7832000000000001        -50.74317634154305
0.7832666666666668        -50.75675536643766
0.7833333333333334        -50.768325309216806
0.7834000000000001        -50.77713763213843
0.7834666666666668        -50.78292834683844
0.7835333333333334        -50.78597064887356
0.7836000000000001        -50.78702767691506
0.7836666666666667        -50.78721490040606
0.7837333333333334        -50.787799878223
0.7838                    -50.789978021943405
0.7838666666666667        -50.79466497521678
0.7839333333333334        -50.802340604516864
0.784                     -50.812969141911104
0.7840666666666667        -50.82600728423866
0.7841333333333333        -50.840498581646884
0.7842                    -50.855239051742906
0.7842666666666667        -50.86898662682082
0.7843333333333333        -50.88067772210702
0.7844                    -50.8896106900762
0.7844666666666666        -50.89556064482266
0.7845333333333333        -50.89880350475542
0.7846                    -50.90004642467288
0.7846666666666666        -50.90028184577036
0.7847333333333333        -50.90059751920883
0.7847999999999999        -50.90198134690539
0.7848666666666666        -50.90515721727363
0.7849333333333333        -50.91047842251374
0.7850000000000001        -50.91789215956443
0.7850666666666668        -50.926975178665
0.7851333333333335        -50.937028991456
0.7852000000000001        -50.947214398931365
0.7852666666666668        -50.95670015591327
0.7853333333333334        -50.964799816161076
0.7854000000000001        -50.971074330360224
0.7854666666666668        -50.97538528638125
0.7855333333333334        -50.97789343433415
0.7856000000000001        -50.979007306865896
0.7856666666666667        -50.97929518855209
0.7857333333333334        -50.97937881748081
0.7858                    -50.97982840009867
0.7858666666666667        -50.981076150122895
0.7859333333333334        -50.98336062956356
0.786                     -50.986707890693836
0.7860666666666667        -50.99094891554803
0.7861333333333334        -50.9957670478547
0.7862                    -51.0007647594097
0.7862666666666667        -51.005536770265095
0.7863333333333333        -51.009736585798635
0.7864                    -51.013125877857604
0.7864666666666666        -51.01560028657991
0.7865333333333333        -51.01719018873948
0.7866                    -51.01803963553874
0.7866666666666666        -51.018370039897704
0.7867333333333333        -51.01843677133384
0.7867999999999999        -51.018486622452656
0.7868666666666666        -51.0187225844846
0.7869333333333333        -51.01928012858547
0.7869999999999999        -51.02021679926607
0.7870666666666668        -51.02151476704289
0.7871333333333335        -51.023094249945125
0.7872000000000001        -51.02483446844556
0.7872666666666668        -51.02659808259406
0.7873333333333334        -51.02825491927504
0.7874000000000001        -51.02970126764393
0.7874666666666668        -51.03087207560059
0.7875333333333334        -51.031744871228426
0.7876000000000001        -51.03233588027937
0.7876666666666667        -51.03269025660914
0.7877333333333334        -51.03286925590072
0.7878000000000001        -51.03293737402269
0.7878666666666667        -51.03295195364046
0.7879333333333334        -51.03295674776809
0.788                     -51.032979747745095
0.7880666666666667        -51.03303456999051
0.7881333333333334        -51.033124085584845
0.7882                    -51.03324484613541
0.7882666666666667        -51.03339113040066
0.7883333333333333        -51.0335579280079
0.7884                    -51.033742682072614
0.7884666666666666        -51.03394596885546
0.7885333333333333        -51.034171425180155
0.7886                    -51.0344251659481
0.7886666666666666        -51.03471476401029
0.7887333333333333        -51.0350477242587
0.7888                    -51.03542938327945
0.7888666666666666        -51.03586035015046
0.7889333333333333        -51.0363339253043
0.7889999999999999        -51.03683426037378
0.7890666666666668        -51.037336182788536
0.7891333333333335        -51.0378074655629
0.7892000000000001        -51.03821383307752
0.7892666666666668        -51.03852625023394
0.7893333333333334        -51.03872925281791
0.7894000000000001        -51.038828496067254
0.7894666666666668        -51.03885553703421
0.7895333333333334        -51.03886821332811
0.7896000000000001        -51.03894577314535
0.7896666666666667        -51.039178959840285
0.7897333333333334        -51.03965631227539
0.7898000000000001        -51.04044878317278
0.7898666666666667        -51.041595250482146
0.7899333333333334        -51.043091543761456
0.79                      -51.0448852474731
0.7900666666666667        -51.046877837680434
0.7901333333333334        -51.048934735578385
0.7902                    -51.05090270372534
0.7902666666666667        -51.05263276911316
0.7903333333333333        -51.054005673294554
0.7904                    -51.05495591810174
0.7904666666666667        -51.05549003310582
0.7905333333333333        -51.05569496519973
0.7906                    -51.05573361397845
0.7906666666666666        -51.05582646838178
0.7907333333333333        -51.05622077990305
0.7908                    -51.05715128200141
0.7908666666666666        -51.05879858718065
0.7909333333333333        -51.061252559148045
0.7909999999999999        -51.06448783684213
0.7910666666666668        -51.068357198367025
0.7911333333333335        -51.072605769446355
0.7912000000000001        -51.07690559326139
0.7912666666666668        -51.080906335884386
0.7913333333333334        -51.0842945422375
0.7914000000000001        -51.08685153337339
0.7914666666666668        -51.08849931071043
0.7915333333333334        -51.08932504602903
0.7916000000000001        -51.08957787388461
0.7916666666666667        -51.08963633636446
0.7917333333333334        -51.089950159084424
0.7918000000000001        -51.09096505771927
0.7918666666666667        -51.09304301201527
0.7919333333333334        -51.09639215867556
0.792                     -51.101019750968305
0.7920666666666667        -51.10671848262121
0.7921333333333334        -51.11309119326299
0.7922                    -51.11961221969368
0.7922666666666667        -51.12571645696612
0.7923333333333333        -51.130900919364414
0.7924                    -51.13481977871047
0.7924666666666667        -51.137353793339614
0.7925333333333333        -51.13863923865146
0.7926                    -51.139049267091
0.7926666666666666        -51.13913028831205
0.7927333333333333        -51.1395050999174
0.7928                    -51.14076096278648
0.7928666666666666        -51.1433433442961
0.7929333333333333        -51.1474745168359
0.7929999999999999        -51.15311135256419
0.7930666666666668        -51.1599496724933
0.7931333333333335        -51.16747459222145
0.7932000000000001        -51.17504854543091
0.7932666666666668        -51.18202209005165
0.7933333333333334        -51.18784824962311
0.7934000000000001        -51.192179965303055
0.7934666666666668        -51.194932796238334
0.7935333333333334        -51.19630111753098
0.7936000000000001        -51.19672461972151
0.7936666666666667        -51.19681110420367
0.7937333333333334        -51.197229435673506
0.7938000000000001        -51.19859156105243
0.7938666666666667        -51.201344067954096
0.7939333333333334        -51.20568795881893
0.794                     -51.21154074159093
0.7940666666666667        -51.2185482768023
0.7941333333333334        -51.22614575040898
0.7942                    -51.23365847510555
0.7942666666666667        -51.240425182460086
0.7943333333333333        -51.24592077039327
0.7944                    -51.24985398301631
0.7944666666666667        -51.252219471852484
0.7945333333333333        -51.25329290447928
0.7946                    -51.25357022958468
0.7946666666666666        -51.25366458415067
0.7947333333333333        -51.254183280743504
0.7948                    -51.25561067655326
0.7948666666666666        -51.25822016193791
0.7949333333333333        -51.26203126782593
0.7949999999999999        -51.266818066210966
0.7950666666666666        -51.27216478377632
0.7951333333333335        -51.27755567522378
0.7952000000000001        -51.28248009254569
0.7952666666666668        -51.286531313391905
0.7953333333333334        -51.28947953942716
0.7954000000000001        -51.29130531103512
0.7954666666666668        -51.29218828425703
0.7955333333333334        -51.29245597174493
0.7956000000000001        -51.29250542009451
0.7956666666666667        -51.29271596567964
0.7957333333333334        -51.293372143329954
0.7958000000000001        -51.29461256086765
0.7958666666666667        -51.29641407487852
0.7959333333333334        -51.2986124646318
0.796                     -51.30095276317435
0.7960666666666667        -51.30315614222639
0.7961333333333334        -51.304987087715155
0.7962                    -51.3063052544063
0.7962666666666667        -51.307090710376315
0.7963333333333333        -51.30743821005335
0.7964                    -51.307523890454014
0.7964666666666667        -51.30755437765585
0.7965333333333333        -51.307712100039275
0.7966                    -51.30811082362377
0.7966666666666666        -51.308772197804274
0.7967333333333333        -51.309628371816515
0.7968                    -51.3105489577972
0.7968666666666666        -51.31138439556406
0.7969333333333333        -51.31201360371351
0.7969999999999999        -51.312382737212936
0.7970666666666666        -51.312524261580386
0.7971333333333335        -51.31255086013436
0.7972000000000001        -51.31262555012394
0.7972666666666668        -51.31291595523777
0.7973333333333334        -51.31354518574899
0.7974000000000001        -51.314553012832604
0.7974666666666668        -51.31587867207078
0.7975333333333334        -51.317371273869426
0.7976000000000001        -51.31882671721218
0.7976666666666667        -51.32004288627928
0.7977333333333334        -51.32087951835537
0.7978000000000001        -51.321306935897645
0.7978666666666667        -51.32142963144317
0.7979333333333334        -51.32147628940388
0.798                     -51.321755976849175
0.7980666666666667        -51.322588916170304
0.7981333333333334        -51.32422724674775
0.7982                    -51.32678470917107
0.7982666666666667        -51.330193333733405
0.7983333333333333        -51.334200070443366
0.7984                    -51.338407823876615
0.7984666666666667        -51.34235519646442
0.7985333333333333        -51.345619525028994
0.7986                    -51.347920845563564
0.7986666666666666        -51.349202277419565
0.7987333333333333        -51.34966605146589
0.7988                    -51.34975354469639
0.7988666666666666        -51.35007011488901
0.7989333333333333        -51.35126811632083
0.7989999999999999        -51.35391114158402
0.7990666666666666        -51.35834723272911
0.7991333333333335        -51.36461792348565
0.7992000000000001        -51.372424052285844
0.7992666666666668        -51.38115943906536
0.7993333333333335        -51.39001106932079
0.7994000000000001        -51.39811096926012
0.7994666666666668        -51.4047126751919
0.7995333333333334        -51.40935696231661
0.7996000000000001        -51.41199022233742
0.7996666666666667        -51.41300626072081
0.7997333333333334        -51.413197523579186
0.7998000000000001        -51.41362127953715
0.7998666666666667        -51.41540488523755
0.7999333333333334        -51.41952724960091
0.8                       -51.42661848575539
0.8000666666666667        -51.43681657679637
0.8001333333333334        -51.4497103715439
0.8002                    -51.46438430755002
0.8002666666666667        -51.479563386754926
0.8003333333333333        -51.49383844874126
0.8004                    -51.50593396890227
0.8004666666666667        -51.51496735246834
0.8005333333333333        -51.5206448481964
0.8006                    -51.523348329457804
0.8006666666666666        -51.524088940386534
0.8007333333333333        -51.5243326855707
0.8008                    -51.525731048222454
0.8008666666666666        -51.52980897671897
0.8009333333333333        -51.53766940153672
0.8009999999999999        -51.549768751956194
0.8010666666666666        -51.56580520403635
0.8011333333333335        -51.58474381121445
0.8012000000000001        -51.60498168864201
0.8012666666666668        -51.62463244603593
0.8013333333333335        -51.641883734926964
0.8014000000000001        -51.65536005823086
0.8014666666666668        -51.6644129073865
0.8015333333333334        -51.66926930776694
0.8016000000000001        -51.6709995499406
0.8016666666666667        -51.67130786209701
0.8017333333333334        -51.67219208431678
0.8018000000000001        -51.67554655737456
0.8018666666666667        -51.68279002964262
0.8019333333333334        -51.694589632087954
0.802                     -51.71072996310155
0.8020666666666667        -51.73014976005626
0.8021333333333334        -51.751140956349516
0.8022                    -51.77167716168942
0.8022666666666667        -51.789812496175365
0.8023333333333333        -51.80407225889414
0.8024                    -51.813751862099345
0.8024666666666667        -51.819056087116444
0.8025333333333333        -51.821046391336615
0.8026                    -51.82141001157079
0.8026666666666666        -51.822106008381596
0.8027333333333333        -51.82496761130455
0.8028                    -51.831342951404444
0.8028666666666666        -51.841841566345806
0.8029333333333333        -51.856229714316235
0.8029999999999999        -51.873489935530834
0.8030666666666666        -51.892032455526014
0.8031333333333335        -51.910019118016834
0.8032000000000001        -51.92573704029721
0.8032666666666668        -51.937944664750404
0.8033333333333335        -51.94611441305234
0.8034000000000001        -51.950517711487336
0.8034666666666668        -51.952136158082716
0.8035333333333334        -51.952425595079845
0.8036000000000001        -51.95299363775532
0.8036666666666668        -51.95526602656962
0.8037333333333334        -51.96021173189261
0.8038000000000001        -51.96817684382707
0.8038666666666667        -51.97885105007043
0.8039333333333334        -51.99136427845807
0.804                     -52.00448821428993
0.8040666666666667        -52.016899578171135
0.8041333333333334        -52.02745112708012
0.8042                    -52.03539491119471
0.8042666666666667        -52.04051241147787
0.8043333333333333        -52.043127107546894
0.8044                    -52.04400217212807
0.8044666666666667        -52.04415195192919
0.8045333333333333        -52.044613508123554
0.8046                    -52.046229783961635
0.8046666666666666        -52.049489217322304
0.8047333333333333        -52.054451196743905
0.8048                    -52.06076707295212
0.8048666666666666        -52.0677864525016
0.8049333333333333        -52.07472144845607
0.8049999999999999        -52.080830273252595
0.8050666666666666        -52.08557847417752
0.8051333333333333        -52.088742520874256
0.8052000000000001        -52.09043537427719
0.8052666666666668        -52.09105337185983
0.8053333333333335        -52.091162731639386
0.8054000000000001        -52.09135695562266
0.8054666666666668        -52.09212043014552
0.8055333333333334        -52.093728680050845
0.8056000000000001        -52.09620454816502
0.8056666666666668        -52.099335542274694
0.8057333333333334        -52.10274398521041
0.8058000000000001        -52.105990893666814
0.8058666666666667        -52.10868833850423
0.8059333333333334        -52.11059429788287
0.806                     -52.11166876816436
0.8060666666666667        -52.11207918394365
0.8061333333333334        -52.11215502551713
0.8062                    -52.11230320393299
0.8062666666666667        -52.11290477775562
0.8063333333333333        -52.11421785620401
0.8064                    -52.11631035831054
0.8064666666666667        -52.119039890278316
0.8065333333333333        -52.12208751423182
0.8066                    -52.12503947430954
0.8066666666666666        -52.12749855228958
0.8067333333333333        -52.12919766440798
0.8068                    -52.130085495035985
0.8068666666666666        -52.13035913139243
0.8069333333333333        -52.13043131127549
0.8069999999999999        -52.13083694911208
0.8070666666666666        -52.13210027328627
0.8071333333333333        -52.13459540344321
0.8072000000000001        -52.13843639582126
0.8072666666666668        -52.14342697097415
0.8073333333333335        -52.149086747613126
0.8074000000000001        -52.15475272491834
0.8074666666666668        -52.15973577287552
0.8075333333333334        -52.16349636701022
0.8076000000000001        -52.16579607751095
0.8076666666666668        -52.1667844676719
0.8077333333333334        -52.16699533281988
0.8078000000000001        -52.16724823751385
0.8078666666666667        -52.16847492142
0.8079333333333334        -52.171508765693694
0.808                     -52.176884662012725
0.8080666666666667        -52.184695067742915
0.8081333333333334        -52.19453711732471
0.8082                    -52.205567864318034
0.8082666666666667        -52.21666271303985
0.8083333333333333        -52.22664894001887
0.8084                    -52.23456622332033
0.8084666666666667        -52.23989493237808
0.8085333333333333        -52.24269579743372
0.8086                    -52.24362319669517
0.8086666666666666        -52.243804622051144
0.8087333333333333        -52.244611828960544
0.8088                    -52.247374579280326
0.8088666666666666        -52.25309916289481
0.8089333333333333        -52.26225023362856
0.8089999999999999        -52.274639593891465
0.8090666666666666        -52.28944438828095
0.8091333333333333        -52.30535354677836
0.8092000000000001        -52.32081765608537
0.8092666666666668        -52.33435614876801
0.8093333333333335        -52.34486066048002
0.8094000000000001        -52.35182971724383
0.8094666666666668        -52.35548143752679
0.8095333333333334        -52.356717030147394
0.8096000000000001        -52.35694204386106
0.8096666666666668        -52.357784411677514
0.8097333333333334        -52.360769220343215
0.8098000000000001        -52.36701576666421
0.8098666666666667        -52.37701446629846
0.8099333333333334        -52.39052429305531
0.81                      -52.406610113031846
0.8100666666666667        -52.4238160055679
0.8101333333333334        -52.440446621547
0.8102                    -52.45490592493443
0.8102666666666667        -52.466025983980344
0.8103333333333333        -52.47331439160297
0.8104                    -52.477062443625286
0.8104666666666667        -52.478286694877305
0.8105333333333333        -52.47851592008036
0.8106                    -52.47947152490967
0.8106666666666666        -52.48271150605611
0.8107333333333333        -52.489312008478784
0.8108                    -52.499648962265425
0.8108666666666666        -52.5133210089805
0.8109333333333333        -52.529228994321045
0.8109999999999999        -52.5457994382251
0.8110666666666666        -52.56131142691301
0.8111333333333333        -52.574261921502554
0.8112000000000001        -52.58369018614697
0.8112666666666668        -52.589385462318646
0.8113333333333335        -52.591926684140866
0.8114000000000001        -52.59254415943664
0.8114666666666668        -52.592838055964094
0.8115333333333334        -52.59442249808213
0.8116000000000001        -52.59857763391096
0.8116666666666668        -52.60598449397374
0.8117333333333334        -52.6165948215736
0.8118000000000001        -52.62965806235848
0.8118666666666667        -52.643896282310436
0.8119333333333334        -52.65778877268648
0.812                     -52.669905134807266
0.8120666666666667        -52.679213569451136
0.8121333333333334        -52.685294925589744
0.8122                    -52.68841460047349
0.8122666666666667        -52.68943925652185
0.8123333333333334        -52.689623353413715
0.8124                    -52.69032001555627
0.8124666666666667        -52.69268406966093
0.8125333333333333        -52.697431231582144
0.8126                    -52.70470077019499
0.8126666666666666        -52.714045554297904
0.8127333333333333        -52.724547954490646
0.8128                    -52.7350356529988
0.8128666666666666        -52.74435073939924
0.8129333333333333        -52.75161238746876
0.813                     -52.75641251541632
0.8130666666666666        -52.758898012910464
0.8131333333333333        -52.759720594902184
0.8131999999999999        -52.75986881956673
0.8132666666666668        -52.7604260525759
0.8133333333333335        -52.762314585956545
0.8134000000000001        -52.76608630590356
0.8134666666666668        -52.77180630789
0.8135333333333334        -52.779052876507116
0.8136000000000001        -52.78703092709928
0.8136666666666668        -52.794771173492606
0.8137333333333334        -52.80136816049215
0.8138000000000001        -52.80620088019599
0.8138666666666667        -52.80908307401486
0.8139333333333334        -52.81030696546616
0.8140000000000001        -52.810570479549874
0.8140666666666667        -52.81080681660045
0.8141333333333334        -52.81195847513199
0.8142                    -52.81474971216058
0.8142666666666667        -52.81951032747324
0.8143333333333334        -52.826091411347946
0.8144                    -52.83389375566127
0.8144666666666667        -52.84200555526049
0.8145333333333333        -52.84942139638038
0.8146                    -52.85529373557292
0.8146666666666667        -52.85915656106784
0.8147333333333333        -52.8610636982616
0.8148                    -52.86160292348994
0.8148666666666666        -52.861777733402704
0.8149333333333333        -52.86278235396503
0.815                     -52.865722214494745
0.8150666666666666        -52.87134478359662
0.8151333333333333        -52.8798429337317
0.8151999999999999        -52.89077768253169
0.8152666666666668        -52.90314342152621
0.8153333333333335        -52.915570140406054
0.8154000000000001        -52.92662695518557
0.8154666666666668        -52.93516425768098
0.8155333333333334        -52.940615291448474
0.8156000000000001        -52.94317970048998
0.8156666666666668        -52.94383526441584
0.8157333333333334        -52.94416508105445
0.8158000000000001        -52.946033538230196
0.8158666666666667        -52.951181090104214
0.8159333333333334        -52.96082569590234
0.8160000000000001        -52.97535664357564
0.8160666666666667        -52.994189036199046
0.8161333333333334        -53.01581971833767
0.8162                    -53.03809034264808
0.8162666666666667        -53.05862152831358
0.8163333333333334        -53.07533770190139
0.8164                    -53.08696646981404
0.8164666666666667        -53.093385851782486
0.8165333333333333        -53.09572004182065
0.8166                    -53.096146895194835
0.8166666666666667        -53.09745713619698
0.8167333333333333        -53.102467716954806
0.8168                    -53.11342029583652
0.8168666666666666        -53.131489246211345
0.8169333333333333        -53.15649445216657
0.817                     -53.186876221765274
0.8170666666666666        -53.21994886718964
0.8171333333333333        -53.25240385801103
0.8171999999999999        -53.28098092991162
0.8172666666666668        -53.30317375699232
0.8173333333333335        -53.31780611331915
0.8174000000000001        -53.32532835080475
0.8174666666666668        -53.32775050872595
0.8175333333333334        -53.328227384451154
0.8176000000000001        -53.33040244539005
0.8176666666666668        -53.33766677115185
0.8177333333333334        -53.35248748339421
0.8178000000000001        -53.375924086380095
0.8178666666666667        -53.407405569894586
0.8179333333333334        -53.444801169925455
0.8180000000000001        -53.48478290823234
0.8180666666666667        -53.52343859200613
0.8181333333333334        -53.5570430856448
0.8182                    -53.58284125824761
0.8182666666666667        -53.599662994609254
0.8183333333333334        -53.60820810499937
0.8184                    -53.610916690966235
0.8184666666666667        -53.61145411124252
0.8185333333333333        -53.61394163009414
0.8186                    -53.62211470301428
0.8186666666666667        -53.63858325646796
0.8187333333333333        -53.66432393018296
0.8188                    -53.698481501184084
0.8188666666666666        -53.73851057361888
0.8189333333333333        -53.78064587616181
0.819                     -53.82063852960778
0.8190666666666666        -53.854632529990376
0.8191333333333333        -53.879996618367365
0.8191999999999999        -53.895905574177235
0.8192666666666668        -53.90351151615946
0.8193333333333335        -53.90565714881181
0.8194000000000001        -53.90621550773748
0.8194666666666668        -53.90923651537424
0.8195333333333334        -53.91810627542735
0.8196000000000001        -53.93488901935133
0.8196666666666668        -53.95995778053318
0.8197333333333334        -53.99195836576149
0.8198000000000001        -54.028102050233514
0.8198666666666667        -54.06473859051715
0.8199333333333334        -54.09811308000834
0.8200000000000001        -54.125160557530194
0.8200666666666667        -54.14416118399487
0.8201333333333334        -54.15509315184017
0.8202                    -54.159592002893156
0.8202666666666667        -54.16053386530888
0.8203333333333334        -54.16136215834019
0.8204                    -54.16533234017745
0.8204666666666667        -54.174845620129375
0.8205333333333333        -54.19099773644915
0.8206                    -54.2134104126814
0.8206666666666667        -54.24035918505112
0.8207333333333333        -54.269165280920866
0.8208                    -54.29677681685038
0.8208666666666666        -54.32042527463412
0.8209333333333333        -54.33821696260172
0.821                     -54.34952271771156
0.8210666666666666        -54.35507310478245
0.8211333333333333        -54.3567427857655
0.8211999999999999        -54.35708969611021
0.8212666666666666        -54.35877148595169
0.8213333333333335        -54.363977136186705
0.8214000000000001        -54.37399044598983
0.8214666666666668        -54.38896132463934
0.8215333333333334        -54.40791636803993
0.8216000000000001        -54.42899898010863
0.8216666666666668        -54.449891005736845
0.8217333333333334        -54.46833214791085
0.8218000000000001        -54.482626237036904
0.8218666666666667        -54.49201681580823
0.8219333333333334        -54.496839276273825
0.8220000000000001        -54.49841211721343
0.8220666666666667        -54.49869928630023
0.8221333333333334        -54.499834218367305
0.8222                    -54.503624912959566
0.8222666666666667        -54.51115402182711
0.8223333333333334        -54.52255741045243
0.8224                    -54.53702203136589
0.8224666666666667        -54.55299858105941
0.8225333333333333        -54.568581036599994
0.8226                    -54.58196804130146
0.8226666666666667        -54.59189799718835
0.8227333333333333        -54.59795079030072
0.8228                    -54.60064013911251
0.8228666666666666        -54.60127585430805
0.8229333333333333        -54.60163699661642
0.823                     -54.60354361863218
0.8230666666666666        -54.608432972739244
0.8231333333333333        -54.61703561957451
0.8231999999999999        -54.629217312566105
0.8232666666666666        -54.64401499409262
0.8233333333333335        -54.65985691001326
0.8234000000000001        -54.674921056872435
0.8234666666666668        -54.68755612979626
0.8235333333333335        -54.696671005381916
0.8236000000000001        -54.702000599369704
0.8236666666666668        -54.70418222863404
0.8237333333333334        -54.704622890891024
0.8238000000000001        -54.70519017968819
0.8238666666666667        -54.70780082943567
0.8239333333333334        -54.713999871555814
0.8240000000000001        -54.72461909317766
0.8240666666666667        -54.73958270519099
0.8241333333333334        -54.75789904134316
0.8242                    -54.77784457412425
0.8242666666666667        -54.797311943269875
0.8243333333333334        -54.814258724534184
0.8244                    -54.827164396410424
0.8244666666666667        -54.8353902487778
0.8245333333333333        -54.839351195304445
0.8246                    -54.840451232281836
0.8246666666666667        -54.84079394792808
0.8247333333333333        -54.84273547238282
0.8248                    -54.848381349140844
0.8248666666666666        -54.85913443270378
0.8249333333333333        -54.87538365391086
0.825                     -54.896393889112225
0.8250666666666666        -54.920422767639785
0.8251333333333333        -54.94505279978022
0.8251999999999999        -54.967686101327615
0.8252666666666666        -54.986107734893785
0.8253333333333335        -54.998993900690614
0.8254000000000001        -55.0062392872625
0.8254666666666668        -55.00901425032162
0.8255333333333335        -55.00953071293928
0.8256000000000001        -55.01057206516271
0.8256666666666668        -55.01489873859868
0.8257333333333334        -55.02466142716733
0.8258000000000001        -55.040940684635196
0.8258666666666667        -55.06349906448393
0.8259333333333334        -55.09079330344263
0.8260000000000001        -55.12025379690328
0.8260666666666667        -55.148794139053415
0.8261333333333334        -55.17346348102585
0.8262                    -55.19210765049767
0.8262666666666667        -55.20388155011154
0.8263333333333334        -55.20947630607756
0.8264                    -55.21099421532882
0.8264666666666667        -55.211500635077954
0.8265333333333333        -55.214366325906354
0.8266                    -55.22255590549216
0.8266666666666667        -55.23801250123725
0.8267333333333333        -55.26125201275444
0.8268                    -55.291234343257514
0.8268666666666666        -55.325535305114514
0.8269333333333333        -55.360800241006665
0.827                     -55.39341210305022
0.8270666666666666        -55.42025326942343
0.8271333333333333        -55.439397239711205
0.8271999999999999        -55.450559603730895
0.8272666666666666        -55.45518603976972
0.8273333333333335        -55.45615057307969
0.8274000000000001        -55.457143409087514
0.8274666666666668        -55.461901140921626
0.8275333333333335        -55.47345090105399
0.8276000000000001        -55.493512729468605
0.8276666666666668        -55.52215684954283
0.8277333333333334        -55.557766216580966
0.8278000000000001        -55.59731500693154
0.8278666666666668        -55.63693248628969
0.8279333333333334        -55.67266963012627
0.8280000000000001        -55.70132656488914
0.8280666666666667        -55.72115517542281
0.8281333333333334        -55.73225539340421
0.8282                    -55.73655321046097
0.8282666666666667        -55.7373651418272
0.8283333333333334        -55.73866896348339
0.8284                    -55.74426635134341
0.8284666666666667        -55.757023497756315
0.8285333333333333        -55.77832973585132
0.8286                    -55.807853757012786
0.8286666666666667        -55.843623747191906
0.8287333333333333        -55.882414349319596
0.8288                    -55.92038087420005
0.8288666666666666        -55.95383343609604
0.8289333333333333        -55.97999867368826
0.829                     -55.99759707096845
0.8290666666666666        -56.00709293774962
0.8291333333333333        -56.010554982647605
0.8291999999999999        -56.01117120399185
0.8292666666666666        -56.01254932536493
0.8293333333333335        -56.017971598358656
0.8294000000000001        -56.02975823115993
0.8294666666666668        -56.04884829144151
0.8295333333333335        -56.07465562689531
0.8296000000000001        -56.10521299108797
0.8296666666666668        -56.13757867732696
0.8297333333333334        -56.16843938555558
0.8298000000000001        -56.194799618699314
0.8298666666666668        -56.21461344224612
0.8299333333333334        -56.227210038976956
0.8300000000000001        -56.23340586962062
0.8300666666666667        -56.2352777739487
0.8301333333333334        -56.23566363863182
0.8302                    -56.237523768799846
0.8302666666666667        -56.243315723829966
0.8303333333333334        -56.25451202683845
0.8304                    -56.27134372412425
0.8304666666666667        -56.29280267050038
0.8305333333333333        -56.31689065275485
0.8306                    -56.341063890067396
0.8306666666666667        -56.36278571587675
0.8307333333333333        -56.38007303655765
0.8308                    -56.39191493345485
0.8308666666666666        -56.39846548106192
0.8309333333333333        -56.400967432018035
0.831                     -56.40143306032763
0.8310666666666666        -56.4021684644742
0.8311333333333333        -56.40525845339704
0.8311999999999999        -56.412126221983065
0.8312666666666666        -56.42325447031876
0.8313333333333333        -56.438115857565414
0.8314000000000001        -56.455319986133574
0.8314666666666668        -56.47294477110595
0.8315333333333335        -56.48898348388055
0.8316000000000001        -56.50180989774093
0.8316666666666668        -56.510552668037036
0.8317333333333334        -56.51528620409793
0.8318000000000001        -56.51699019959922
0.8318666666666668        -56.51729162643274
0.8319333333333334        -56.51806012571343
0.8320000000000001        -56.520961248947955
0.8320666666666667        -56.5270745540701
0.8321333333333334        -56.5366603858229
0.8322                    -56.5491214201921
0.8322666666666667        -56.56316250857521
0.8323333333333334        -56.57711102330806
0.8324                    -56.58932449617854
0.8324666666666667        -56.598589572280346
0.8325333333333333        -56.60441460875515
0.8326                    -56.607142821373
0.8326666666666667        -56.607859698383926
0.8327333333333333        -56.608123097010726
0.8328                    -56.609588558241974
0.8328666666666666        -56.613622910782304
0.8329333333333333        -56.62099415609056
0.833                     -56.63170195615643
0.8330666666666666        -56.64498043357928
0.8331333333333333        -56.65947047393456
0.8331999999999999        -56.67352590550534
0.8332666666666666        -56.68558969907684
0.8333333333333333        -56.694557658403646
0.8334000000000001        -56.70004484973883
0.8334666666666668        -56.70248912927989
0.8335333333333335        -56.70306448890585
0.8336000000000001        -56.7034239813652
0.8336666666666668        -56.705332869210146
0.8337333333333334        -56.71027566496108
0.8338000000000001        -56.71912237975598
0.8338666666666668        -56.731923587734656
0.8339333333333334        -56.74787761016174
0.8340000000000001        -56.76548128484157
0.8340666666666667        -56.78284092977199
0.8341333333333334        -56.79808495019373
0.8342                    -56.809790429008196
0.8342666666666667        -56.81732333439858
0.8343333333333334        -56.82100526047285
0.8344                    -56.822060180848304
0.8344666666666667        -56.8223514163546
0.8345333333333333        -56.82397240866847
0.8346                    -56.8287874797967
0.8346666666666667        -56.8380238568615
0.8347333333333333        -56.85199867134958
0.8348                    -56.870034379790305
0.8348666666666666        -56.890581002591034
0.8349333333333333        -56.91152691113483
0.835                     -56.930642793169774
0.8350666666666666        -56.94607004166399
0.8351333333333333        -56.95674480207006
0.8351999999999999        -56.962654070658715
0.8352666666666666        -56.9648561520233
0.8353333333333333        -56.96525678356483
0.8354000000000001        -56.96619461381626
0.8354666666666668        -56.969934037217925
0.8355333333333335        -56.97817812523372
0.8356000000000001        -56.99170185404131
0.8356666666666668        -57.01017654346913
0.8357333333333334        -57.032220243687746
0.8358000000000001        -57.05566997462803
0.8358666666666668        -57.07803064472962
0.8359333333333334        -57.097014681654905
0.8360000000000001        -57.11105533626294
0.8360666666666667        -57.11967009287625
0.8361333333333334        -57.123579778837666
0.8362                    -57.124550509625706
0.8362666666666667        -57.124999218699784
0.8363333333333334        -57.12746202234864
0.8364                    -57.13404972831631
0.8364666666666667        -57.1460054890254
0.8365333333333334        -57.16344813559098
0.8366                    -57.18534521449538
0.8366666666666667        -57.20971985667952
0.8367333333333333        -57.234056185236966
0.8368                    -57.255828861047895
0.8368666666666666        -57.27304896152252
0.8369333333333333        -57.284703109205154
0.837                     -57.29097873278609
0.8370666666666666        -57.29321841575392
0.8371333333333333        -57.29361654878811
0.8371999999999999        -57.29473655839287
0.8372666666666666        -57.29896444324507
0.8373333333333333        -57.30801691184968
0.8374000000000001        -57.322598376904935
0.8374666666666668        -57.34226493158986
0.8375333333333335        -57.365515771140146
0.8376000000000001        -57.39009622114231
0.8376666666666668        -57.41346029887798
0.8377333333333334        -57.43330580149398
0.8378000000000001        -57.44806955136558
0.8378666666666668        -57.45726794139642
0.8379333333333334        -57.46159795428548
0.8380000000000001        -57.46277265249853
0.8380666666666667        -57.463133767318624
0.8381333333333334        -57.46513774296315
0.8382000000000001        -57.47083402841763
0.8382666666666667        -57.48144488580443
0.8383333333333334        -57.49712556456389
0.8384                    -57.51694516832937
0.8384666666666667        -57.539089180205
0.8385333333333334        -57.56124596900399
0.8386                    -57.5811026834857
0.8386666666666667        -57.59684665325949
0.8387333333333333        -57.607558118627296
0.8388                    -57.61339940191625
0.8388666666666666        -57.615554977612575
0.8389333333333333        -57.6159420485768
0.839                     -57.61676903598048
0.8390666666666666        -57.620050649615244
0.8391333333333333        -57.62718741154313
0.8392                    -57.63869240733024
0.8392666666666666        -57.654111434393286
0.8393333333333333        -57.672144300095496
0.8393999999999999        -57.69093888942339
0.8394666666666668        -57.70849734100122
0.8395333333333335        -57.723108848258626
0.8396000000000001        -57.73371352766985
0.8396666666666668        -57.740114067638345
0.8397333333333334        -57.74298790961056
0.8398000000000001        -57.7437035375612
0.8398666666666668        -57.74399330487885
0.8399333333333334        -57.74556607534085
0.8400000000000001        -57.7497485893399
0.8400666666666667        -57.75722830476375
0.8401333333333334        -57.76794192782788
0.8402000000000001        -57.78112207691872
0.8402666666666667        -57.79548496792151
0.8403333333333334        -57.80951710558119
0.8404                    -57.82180073034476
0.8404666666666667        -57.83130952362134
0.8405333333333334        -57.83761159994611
0.8406                    -57.84093739949216
0.8406666666666667        -57.84210189054804
0.8407333333333333        -57.8423047326405
0.8408                    -57.84285864720778
0.8408666666666667        -57.844908412746925
0.8409333333333333        -57.84919961923889
0.841                     -57.8559412990002
0.8410666666666666        -57.864785193646625
0.8411333333333333        -57.87492123258305
0.8412                    -57.885266798926914
0.8412666666666666        -57.894709047085804
0.8413333333333333        -57.90234801825318
0.8413999999999999        -57.907687092356724
0.8414666666666668        -57.9107285921259
0.8415333333333335        -57.91195473614592
0.8416000000000001        -57.912201955845234
0.8416666666666668        -57.91246173140533
0.8417333333333334        -57.91365646143839
0.8418000000000001        -57.9164412498686
0.8418666666666668        -57.92107310134055
0.8419333333333334        -57.92737189163888
0.8420000000000001        -57.93477720763424
0.8420666666666667        -57.94248554281083
0.8421333333333334        -57.94963634798929
0.8422000000000001        -57.95550563673278
0.8422666666666667        -57.95966442177413
0.8423333333333334        -57.96206724856515
0.8424                    -57.96305230157408
0.8424666666666667        -57.96325520024376
0.8425333333333334        -57.96345829256801
0.8426                    -57.96441099526557
0.8426666666666667        -57.966661672808314
0.8427333333333333        -57.97043755112135
0.8428                    -57.97559806223689
0.8428666666666667        -57.981671431106506
0.8429333333333333        -57.987966903994995
0.843                     -57.99373849648107
0.8430666666666666        -57.99836361329539
0.8431333333333333        -58.001494701393035
0.8432                    -58.0031467377061
0.8432666666666666        -58.00369792125596
0.8433333333333333        -58.003802201022374
0.8433999999999999        -58.004234352388195
0.8434666666666668        -58.005704929411905
0.8435333333333335        -58.00868930517221
0.8436000000000001        -58.01331115278423
0.8436666666666668        -58.019307910760574
0.8437333333333334        -58.026087291952464
0.8438000000000001        -58.03286342635566
0.8438666666666668        -58.03884258723868
0.8439333333333334        -58.04341560837329
0.8440000000000001        -58.04631071971998
0.8440666666666667        -58.04766864152125
0.8441333333333334        -58.04802025314427
0.8442000000000001        -58.04817124445903
0.8442666666666667        -58.04902095536783
0.8443333333333334        -58.051357794893896
0.8444                    -58.055677855951764
0.8444666666666667        -58.062066867466
0.8445333333333334        -58.070171205127956
0.8446                    -58.07926487998725
0.8446666666666667        -58.08839959837907
0.8447333333333333        -58.096607272898375
0.8448                    -58.10311204191913
0.8448666666666667        -58.10750514511905
0.8449333333333333        -58.10984291976209
0.845                     -58.11064503100653
0.8450666666666666        -58.11079279312908
0.8451333333333333        -58.11134985455163
0.8452                    -58.11334368491032
0.8452666666666666        -58.11755290639708
0.8453333333333333        -58.124342572085965
0.8453999999999999        -58.13357930611467
0.8454666666666668        -58.14464359482956
0.8455333333333335        -58.156539600751785
0.8456000000000001        -58.16808521294882
0.8456666666666668        -58.17814854091254
0.8457333333333334        -58.18588476911888
0.8458000000000001        -58.190923177374046
0.8458666666666668        -58.19346135389839
0.8459333333333334        -58.19424226725074
0.8460000000000001        -58.19441577644955
0.8460666666666667        -58.19531216286432
0.8461333333333334        -58.198174210035646
0.8462000000000001        -58.20390210439817
0.8462666666666667        -58.21286184202053
0.8463333333333334        -58.22479545730006
0.8464                    -58.23885330276837
0.8464666666666667        -58.25374706803977
0.8465333333333334        -58.267999082008295
0.8466                    -58.28024163501983
0.8466666666666667        -58.28950461617837
0.8467333333333333        -58.295426834805
0.8468                    -58.298340108608784
0.8468666666666667        -58.29920410843478
0.8469333333333333        -58.299406075675044
0.847                     -58.30047148298512
0.8470666666666666        -58.30375011120231
0.8471333333333333        -58.310143499123406
0.8472                    -58.31992700990995
0.8472666666666666        -58.332698547369304
0.8473333333333333        -58.34746148533314
0.8473999999999999        -58.36282500051358
0.8474666666666668        -58.37728303761694
0.8475333333333335        -58.38951652315629
0.8476000000000001        -58.39865634672296
0.8476666666666668        -58.404450931273644
0.8477333333333334        -58.407302686497566
0.8478000000000001        -58.40816790871757
0.8478666666666668        -58.40834608860462
0.8479333333333334        -58.40920788757748
0.8480000000000001        -58.41192061577231
0.8480666666666667        -58.417225667358196
0.8481333333333334        -58.42530789999528
0.8482000000000001        -58.43577737090157
0.8482666666666667        -58.44776301889475
0.8483333333333334        -58.460098138576974
0.8484                    -58.47156067842573
0.8484666666666667        -58.48112005066193
0.8485333333333334        -58.488139507746446
0.8486                    -58.49249165006286
0.8486666666666667        -58.494563801688784
0.8487333333333333        -58.49515539650436
0.8488                    -58.49529400360219
0.8488666666666667        -58.49601332517253
0.8489333333333333        -58.49814170254887
0.849                     -58.50214373864594
0.8490666666666666        -58.50804383672059
0.8491333333333333        -58.515442795179986
0.8492                    -58.52362042711636
0.8492666666666666        -58.531700931610615
0.8493333333333333        -58.5388455712533
0.8493999999999999        -58.544431389229636
0.8494666666666666        -58.548177245172496
0.8495333333333335        -58.550189937412824
0.8496000000000001        -58.55092164520164
0.8496666666666668        -58.551050855744606
0.8497333333333335        -58.551316713099254
0.8498000000000001        -58.55234671547146
0.8498666666666668        -58.55451781933102
0.8499333333333334        -58.55788197558947
0.8500000000000001        -58.56217152662103
0.8500666666666667        -58.56688121034131
0.8501333333333334        -58.57140552350592
0.8502000000000001        -58.57519675326647
0.8502666666666667        -58.57790361708194
0.8503333333333334        -58.57945529793011
0.8504                    -58.580070183151136
0.8504666666666667        -58.580189023800564
0.8505333333333334        -58.58035247881006
0.8506                    -58.58105706179945
0.8506666666666667        -58.58262766355371
0.8507333333333333        -58.58513876400303
0.8508                    -58.58840272134381
0.8508666666666667        -58.592026163262744
0.8509333333333333        -58.59551873805603
0.851                     -58.59842599318634
0.8510666666666666        -58.60045264491144
0.8511333333333333        -58.60154526505536
0.8512                    -58.601913800416916
0.8512666666666666        -58.6019866882305
0.8513333333333333        -58.60231058570936
0.8513999999999999        -58.60341876591854
0.8514666666666666        -58.60569917114102
0.8515333333333335        -58.6092929709777
0.8516000000000001        -58.614047904919424
0.8516666666666668        -58.61953928271012
0.8517333333333335        -58.62515721576084
0.8518000000000001        -58.63024370915766
0.8518666666666668        -58.63425044082351
0.8519333333333334        -58.63688064670578
0.8520000000000001        -58.63817941847743
0.8520666666666667        -58.63854702764872
0.8521333333333334        -58.638667786765325
0.8522000000000001        -58.639367754661
0.8522666666666667        -58.64143238757425
0.8523333333333334        -58.645425236459026
0.8524                    -58.65154892152194
0.8524666666666667        -58.65958063125703
0.8525333333333334        -58.668898824636145
0.8526                    -58.678598818435795
0.8526666666666667        -58.68767580309193
0.8527333333333333        -58.69523806540716
0.8528                    -58.70070450543618
0.8528666666666667        -58.703941942055415
0.8529333333333333        -58.70531003008444
0.853                     -58.705602302733524
0.8530666666666666        -58.705895322045635
0.8531333333333333        -58.70733766591069
0.8532                    -58.710921771260935
0.8532666666666666        -58.717283107365425
0.8533333333333333        -58.72656437344047
0.8533999999999999        -58.73837026933322
0.8534666666666666        -58.75182331310987
0.8535333333333335        -58.76571458002597
0.8536000000000001        -58.778726149719034
0.8536666666666668        -58.789686397623825
0.8537333333333335        -58.7978085726309
0.8538000000000001        -58.802861698430114
0.8538666666666668        -58.80523365899796
0.8539333333333334        -58.80586850836917
0.8540000000000001        -58.80608814410348
0.8540666666666668        -58.807334427480555
0.8541333333333334        -58.8108845043827
0.8542000000000001        -58.81759620765968
0.8542666666666667        -58.8277329809511
0.8543333333333334        -58.84090213165986
0.8544                    -58.856119860542286
0.8544666666666667        -58.8719939280497
0.8545333333333334        -58.88699220315306
0.8546                    -58.89974600266248
0.8546666666666667        -58.90932600776807
0.8547333333333333        -58.915430745234886
0.8548                    -58.91844529869435
0.8548666666666667        -58.91935766941043
0.8549333333333333        -58.919553393982376
0.855                     -58.92053547100068
0.8550666666666666        -58.923629424110004
0.8551333333333333        -58.929731354833706
0.8552                    -58.939143876789366
0.8552666666666666        -58.95152623938284
0.8553333333333333        -58.96596484749566
0.8553999999999999        -58.98115075052019
0.8554666666666666        -58.99563249702204
0.8555333333333335        -59.00809779327748
0.8556000000000001        -59.017629046279524
0.8556666666666668        -59.023880120621016
0.8557333333333335        -59.02713657859651
0.8558000000000001        -59.02824708961874
0.8558666666666668        -59.02844286607764
0.8559333333333334        -59.029086300918046
0.8560000000000001        -59.03140288603091
0.8560666666666668        -59.036250032269464
0.8561333333333334        -59.04396504229893
0.8562000000000001        -59.05431676287257
0.8562666666666667        -59.06656560427972
0.8563333333333334        -59.07961753824554
0.8564                    -59.09224132051112
0.8564666666666667        -59.10330655554833
0.8565333333333334        -59.11199579123435
0.8566                    -59.11794869909269
0.8566666666666667        -59.121310750716205
0.8567333333333333        -59.12267979900227
0.8568                    -59.12296619120988
0.8568666666666667        -59.12319951074073
0.8569333333333333        -59.12432368053214
0.857                     -59.127021075273504
0.8570666666666666        -59.13159736717351
0.8571333333333333        -59.13794519884479
0.8572                    -59.14558938135524
0.8572666666666666        -59.15380138768163
0.8573333333333333        -59.16175827276372
0.8573999999999999        -59.16871272306227
0.8574666666666666        -59.174138749601894
0.8575333333333333        -59.17782294574862
0.8576000000000001        -59.17988382066825
0.8576666666666668        -59.180718724962105
0.8577333333333335        -59.18089477162112
0.8578000000000001        -59.18101226030373
0.8578666666666668        -59.18157342560733
0.8579333333333334        -59.18288541345998
0.8580000000000001        -59.185016100738956
0.8580666666666668        -59.18780783462198
0.8581333333333334        -59.19094070513195
0.8582000000000001        -59.19402643179092
0.8582666666666667        -59.19670839291662
0.8583333333333334        -59.198743758526376
0.8584                    -59.2000498073178
0.8584666666666667        -59.200706618469155
0.8585333333333334        -59.200919673643604
0.8586                    -59.200955462265085
0.8586666666666667        -59.20106862029823
0.8587333333333333        -59.20143947855257
0.8588                    -59.20213664041608
0.8588666666666667        -59.20311189192175
0.8589333333333333        -59.204226363556
0.859                     -59.20529934642494
0.8590666666666666        -59.20616606930389
0.8591333333333333        -59.206729058335874
0.8592                    -59.20698971812776
0.8592666666666666        -59.207051991809934
0.8593333333333333        -59.207097130323234
0.8593999999999999        -59.20733599013655
0.8594666666666666        -59.20795109067569
0.8595333333333333        -59.209043511527106
0.8596000000000001        -59.21059893128656
0.8596666666666668        -59.2124828561914
0.8597333333333335        -59.21446823821096
0.8598000000000001        -59.21629067224076
0.8598666666666668        -59.21771897098685
0.8599333333333334        -59.21862398837496
0.8600000000000001        -59.21902758911098
0.8600666666666668        -59.21911729043505
0.8601333333333334        -59.219219766009374
0.8602000000000001        -59.219736328710155
0.8602666666666667        -59.221053199788315
0.8603333333333334        -59.22344637296756
0.8604                    -59.22700348921691
0.8604666666666667        -59.231582733076365
0.8605333333333334        -59.23682175677791
0.8606                    -59.24219924078443
0.8606666666666667        -59.24713974351392
0.8607333333333334        -59.251141366406344
0.8608                    -59.25389818956284
0.8608666666666667        -59.25538791132553
0.8609333333333333        -59.25590096146714
0.861                     -59.255999807746065
0.8610666666666666        -59.256413307237565
0.8611333333333333        -59.257886526500656
0.8612                    -59.26101745554638
0.8612666666666666        -59.26611601235951
0.8613333333333333        -59.27311720433038
0.8613999999999999        -59.28157031853007
0.8614666666666666        -59.29071135983161
0.8615333333333333        -59.2996088473452
0.8616000000000001        -59.307356278592884
0.8616666666666668        -59.31327163803716
0.8617333333333335        -59.31705917524675
0.8618000000000001        -59.31889415539323
0.8618666666666668        -59.31940738138402
0.8619333333333334        -59.3195692517278
0.8620000000000001        -59.32049651532602
0.8620666666666668        -59.3232222332699
0.8621333333333334        -59.328476832574744
0.8622000000000001        -59.33652514790046
0.8622666666666667        -59.347093161773294
0.8623333333333334        -59.35940167500501
0.8624                    -59.37230478321493
0.8624666666666667        -59.38451083349463
0.8625333333333334        -59.39484515102464
0.8626                    -59.402501261593194
0.8626666666666667        -59.40722523373603
0.8627333333333334        -59.40938913326919
0.8628                    -59.409933270819664
0.8628666666666667        -59.41018689111533
0.8629333333333333        -59.41160445850382
0.863                     -59.41547223217509
0.8630666666666666        -59.42264418429336
0.8631333333333333        -59.43335883567193
0.8632                    -59.447172973942706
0.8632666666666666        -59.46302794108427
0.8633333333333333        -59.4794413107065
0.8634                    -59.494792916160904
0.8634666666666666        -59.50765234124232
0.8635333333333333        -59.51708055821769
0.8636000000000001        -59.52283786297468
0.8636666666666668        -59.525447471285695
0.8637333333333335        -59.52609666635983
0.8638000000000001        -59.52639601064877
0.8638666666666668        -59.528049756325444
0.8639333333333334        -59.53250811267712
0.8640000000000001        -59.540672064989394
0.8640666666666668        -59.55270758015231
0.8641333333333334        -59.568004077079586
0.8642000000000001        -59.58528647276875
0.8642666666666667        -59.60286321356786
0.8643333333333334        -59.61896627734209
0.8644000000000001        -59.63211698610493
0.8644666666666667        -59.641440092505505
0.8645333333333334        -59.64685470416501
0.8646                    -59.64909641731219
0.8646666666666667        -59.649564865758535
0.8647333333333334        -59.65003241732856
0.8648                    -59.65227987307045
0.8648666666666667        -59.657736350464425
0.8649333333333333        -59.6671937737085
0.865                     -59.68064767780077
0.8650666666666667        -59.697291982000074
0.8651333333333333        -59.71566983037954
0.8652                    -59.7339566413529
0.8652666666666666        -59.750326149392606
0.8653333333333333        -59.7633291956887
0.8654                    -59.77220525922223
0.8654666666666666        -59.77705522534852
0.8655333333333333        -59.77883262465372
0.8655999999999999        -59.77915300667061
0.8656666666666668        -59.7799639819941
0.8657333333333335        -59.78314838092804
0.8658000000000001        -59.7901430053313
0.8658666666666668        -59.801647049021476
0.8659333333333334        -59.81747393988461
0.8660000000000001        -59.83657445288521
0.8660666666666668        -59.857230633156746
0.8661333333333334        -59.87739017072794
0.8662000000000001        -59.89508121727273
0.8662666666666667        -59.90882407317889
0.8663333333333334        -59.91794810686032
0.8664000000000001        -59.92273777441899
0.8664666666666667        -59.92437075430928
0.8665333333333334        -59.9246630502168
0.8666                    -59.92568282920149
0.8666666666666667        -59.929321773771136
0.8667333333333334        -59.93691477094772
0.8668                    -59.94898086371536
0.8668666666666667        -59.96512997796363
0.8669333333333333        -59.98414865754217
0.867                     -60.00424737896556
0.8670666666666667        -60.02342321618629
0.8671333333333333        -60.03986729756435
0.8672                    -60.05233258386686
0.8672666666666666        -60.06038135696752
0.8673333333333333        -60.06445707110359
0.8674                    -60.06576715609582
0.8674666666666666        -60.06600913894918
0.8675333333333333        -60.06700713590561
0.8675999999999999        -60.07033997130249
0.8676666666666668        -60.07703571319607
0.8677333333333335        -60.087386988542704
0.8678000000000001        -60.10091520673646
0.8678666666666668        -60.116485194376295
0.8679333333333334        -60.13254677508346
0.8680000000000001        -60.14745741904436
0.8680666666666668        -60.15982271447244
0.8681333333333334        -60.168783968920074
0.8682000000000001        -60.17418993009156
0.8682666666666667        -60.176613954602786
0.8683333333333334        -60.17721395040777
0.8684000000000001        -60.177469557382196
0.8684666666666667        -60.17885806269065
0.8685333333333334        -60.18254077568001
0.8686                    -60.189124986418506
0.8686666666666667        -60.19854789156116
0.8687333333333334        -60.21010366095577
0.8688                    -60.222607343762704
0.8688666666666667        -60.23466246291999
0.8689333333333333        -60.24497631666351
0.869                     -60.25265334111211
0.8690666666666667        -60.25739814732909
0.8691333333333333        -60.25957898107688
0.8692                    -60.26013611095131
0.8692666666666666        -60.26035839711003
0.8693333333333333        -60.26158300497769
0.8694                    -60.26488912997764
0.8694666666666666        -60.27085451825444
0.8695333333333333        -60.27942703559681
0.8695999999999999        -60.28993827083637
0.8696666666666668        -60.301257111530724
0.8697333333333335        -60.3120521124396
0.8698000000000001        -60.32110629839995
0.8698666666666668        -60.32761242042163
0.8699333333333334        -60.331376823088405
0.8700000000000001        -60.332879282867594
0.8700666666666668        -60.33317125432113
0.8701333333333334        -60.33363589125063
0.8702000000000001        -60.33566725815405
0.8702666666666667        -60.34034388670798
0.8703333333333334        -60.34817073194907
0.8704000000000001        -60.35894707846319
0.8704666666666667        -60.37179166098213
0.8705333333333334        -60.3853248981163
0.8706                    -60.39797524753227
0.8706666666666667        -60.408346715638274
0.8707333333333334        -60.41556451286595
0.8708                    -60.41951401401674
0.8708666666666667        -60.420909423539335
0.8709333333333333        -60.421169433809176
0.871                     -60.4221254363918
0.8710666666666667        -60.42562787507062
0.8711333333333333        -60.433137108115275
0.8712                    -60.44538475791178
0.8712666666666666        -60.46217528795148
0.8713333333333333        -60.48237232478776
0.8714                    -60.50408383961744
0.8714666666666666        -60.52502519851136
0.8715333333333333        -60.54300029348426
0.8715999999999999        -60.55640485351277
0.8716666666666668        -60.56463554435652
0.8717333333333335        -60.56829755818241
0.8718000000000001        -60.569146899010875
0.8718666666666668        -60.56977015668876
0.8719333333333334        -60.573070510604566
0.8720000000000001        -60.58167140403512
0.8720666666666668        -60.59735978146296
0.8721333333333334        -60.62067538723142
0.8722000000000001        -60.65072441502033
0.8722666666666667        -60.68526348040944
0.8723333333333334        -60.721062955685035
0.8724000000000001        -60.754511301381996
0.8724666666666667        -60.782363020118986
0.8725333333333334        -60.802475469516594
0.8726                    -60.81435168716517
0.8726666666666667        -60.81933455747105
0.8727333333333334        -60.82038518062919
0.8728                    -60.821493957648585
0.8728666666666667        -60.82686780518429
0.8729333333333333        -60.84007686790254
0.873                     -60.86332898429167
0.8730666666666667        -60.89699551318005
0.8731333333333333        -60.939464918192826
0.8732                    -60.987360642033224
0.8732666666666666        -61.03611805914234
0.8733333333333333        -61.08085574428101
0.8734                    -61.117395625091824
0.8734666666666666        -61.14320910792638
0.8735333333333333        -61.15803943779859
0.8735999999999999        -61.16401359681576
0.8736666666666668        -61.16520182571273
0.8737333333333335        -61.16674673082318
0.8738000000000001        -61.17379105549682
0.8738666666666668        -61.190448566449724
0.8739333333333335        -61.21900813719882
0.8740000000000001        -61.25948619178132
0.8740666666666668        -61.30958307410494
0.8741333333333334        -61.365058320424566
0.8742000000000001        -61.420497165949044
0.8742666666666667        -61.4703726040112
0.8743333333333334        -61.51021398497047
0.8744000000000001        -61.5376124118942
0.8744666666666667        -61.55278624981971
0.8745333333333334        -61.55853466281587
0.8746                    -61.559593288823876
0.8746666666666667        -61.56158501696346
0.8747333333333334        -61.56984696105651
0.8748                    -61.58839341250582
0.8748666666666667        -61.619188773473724
0.8749333333333333        -61.66181479869099
0.875                     -61.71355566535076
0.8750666666666667        -61.76988744342323
0.8751333333333333        -61.825319270500856
0.8752                    -61.874470359075744
0.8752666666666666        -61.913185485083076
0.8753333333333333        -61.939431893913664
0.8754                    -61.95373641772313
0.8754666666666666        -61.95903634534912
0.8755333333333333        -61.95999210166203
0.8755999999999999        -61.9619615937546
0.8756666666666666        -61.96989924133638
0.8757333333333335        -61.98741165581537
0.8758000000000001        -62.01612130242576
0.8758666666666668        -62.055410237687305
0.8759333333333335        -62.102561598342504
0.8760000000000001        -62.153278681719364
0.8760666666666668        -62.20251736841607
0.8761333333333334        -62.245503238305844
0.8762000000000001        -62.278732798475716
0.8762666666666667        -62.30071933662674
0.8763333333333334        -62.312281738941955
0.8764000000000001        -62.31629691122887
0.8764666666666667        -62.316996321578486
0.8765333333333334        -62.319010503213434
0.8766                    -62.32640354752645
0.8766666666666667        -62.34189829398347
0.8767333333333334        -62.366414495228746
0.8768                    -62.398967772946186
0.8768666666666667        -62.43692261325258
0.8769333333333333        -62.47655048259553
0.877                     -62.51380032590198
0.8770666666666667        -62.54514034909405
0.8771333333333333        -62.56829355326594
0.8772                    -62.58269298551741
0.8772666666666666        -62.589543830570335
0.8773333333333333        -62.591485468540895
0.8774                    -62.591955677338206
0.8774666666666666        -62.59442674512449
0.8775333333333333        -62.60169073710293
0.8775999999999999        -62.61533205173586
0.8776666666666666        -62.63546815547195
0.8777333333333335        -62.66078572728398
0.8778000000000001        -62.6888549971872
0.8778666666666668        -62.71666445326871
0.8779333333333335        -62.74127690173409
0.8780000000000001        -62.76047229172474
0.8780666666666668        -62.77323003061503
0.8781333333333334        -62.77993107556312
0.8782000000000001        -62.78222944058171
0.8782666666666668        -62.782632323980096
0.8783333333333334        -62.78390343385834
0.8784000000000001        -62.78843905334885
0.8784666666666667        -62.79775682523703
0.8785333333333334        -62.81219769373371
0.8786                    -62.83089067859326
0.8786666666666667        -62.85197953922563
0.8787333333333334        -62.87306267628423
0.8788                    -62.89175392147746
0.8788666666666667        -62.906239119184626
0.8789333333333333        -62.915695103804424
0.879                     -62.92046564508564
0.8790666666666667        -62.92195155729721
0.8791333333333333        -62.92224990992385
0.8792                    -62.92364171485292
0.8792666666666666        -62.928057687615365
0.8793333333333333        -62.93664452430798
0.8794                    -62.94952104368099
0.8794666666666666        -62.96576927700802
0.8795333333333333        -62.98365933702538
0.8795999999999999        -63.00106167239309
0.8796666666666666        -63.01595872551354
0.8797333333333335        -63.02693806972265
0.8798000000000001        -63.03354388494161
0.8798666666666668        -63.036393211687034
0.8799333333333335        -63.03702457424933
0.8800000000000001        -63.03751984716162
0.8800666666666668        -63.03999922400195
0.8801333333333334        -63.046115315173274
0.8802000000000001        -63.05666358222581
0.8802666666666668        -63.071393068228204
0.8803333333333334        -63.089056748532215
0.8804000000000001        -63.107692972114705
0.8804666666666667        -63.125082022297576
0.8805333333333334        -63.139279526078084
0.8806                    -63.14910154854513
0.8806666666666667        -63.154438201451946
0.8807333333333334        -63.156310892037624
0.8808                    -63.1566551357383
0.8808666666666667        -63.15788348946353
0.8809333333333333        -63.16233602576736
0.881                     -63.17174474249096
0.8810666666666667        -63.18682596939803
0.8811333333333333        -63.20708372053279
0.8812                    -63.23086829573063
0.8812666666666666        -63.255691919323624
0.8813333333333333        -63.27875527259539
0.8814                    -63.29758697217133
0.8814666666666666        -63.31065436372551
0.8815333333333333        -63.31778968347109
0.8815999999999999        -63.320308529406184
0.8816666666666666        -63.32077562007787
0.8817333333333335        -63.32246895606721
0.8818000000000001        -63.328670195127046
0.8818666666666668        -63.34194175380502
0.8819333333333335        -63.36354054938384
0.8820000000000001        -63.39308257609903
0.8820666666666668        -63.42852933634825
0.8821333333333334        -63.46652119961098
0.8822000000000001        -63.50302692876819
0.8822666666666668        -63.53420698629074
0.8823333333333334        -63.557312019439756
0.8824000000000001        -63.57139073357176
0.8824666666666667        -63.57760255839188
0.8825333333333334        -63.57903228079233
0.8826                    -63.58005037161693
0.8826666666666667        -63.58538822714087
0.8827333333333334        -63.599151802478566
0.8828                    -63.62397695865282
0.8828666666666667        -63.6604700435025
0.8829333333333333        -63.70701648187455
0.883                     -63.75999431158757
0.8830666666666667        -63.81438788323968
0.8831333333333333        -63.86473727883016
0.8832                    -63.906272111855564
0.8832666666666666        -63.93598776534667
0.8833333333333333        -63.953382362529794
0.8834                    -63.96063427978228
0.8834666666666666        -63.962159964816976
0.8835333333333333        -63.96367996221038
0.8835999999999999        -63.97104635099303
0.8836666666666666        -63.98910270521782
0.8837333333333333        -64.02078309912129
0.8838000000000001        -64.06656934722028
0.8838666666666668        -64.12436089103687
0.8839333333333335        -64.18977669506577
0.8840000000000001        -64.2568790728539
0.8840666666666668        -64.31925323214492
0.8841333333333334        -64.3712809510042
0.8842000000000001        -64.4093414600891
0.8842666666666668        -64.4326249305037
0.8843333333333334        -64.44331585084655
0.8844000000000001        -64.44609034483479
0.8844666666666667        -64.44708617722983
0.8845333333333334        -64.45263821937515
0.8846                    -64.46807768003356
0.8846666666666667        -64.49680650033861
0.8847333333333334        -64.53975231783775
0.8848                    -64.5952364275903
0.8848666666666667        -64.65925449212418
0.8849333333333333        -64.72615101795887
0.885                     -64.78962890790983
0.8850666666666667        -64.84395723584834
0.8851333333333333        -64.88514391914669
0.8852                    -64.91178349924954
0.8852666666666666        -64.92533582649045
0.8853333333333333        -64.92974918348821
0.8854                    -64.93054433492236
0.8854666666666666        -64.93362296962482
0.8855333333333333        -64.94409572204708
0.8855999999999999        -64.96535897842897
0.8856666666666666        -64.99854860804889
0.8857333333333333        -65.04241538012697
0.8858000000000001        -65.09361534925922
0.8858666666666668        -65.14737127453532
0.8859333333333335        -65.19841301738913
0.8860000000000001        -65.24203790568004
0.8860666666666668        -65.27506918167757
0.8861333333333334        -65.2964773207743
0.8862000000000001        -65.30750014438344
0.8862666666666668        -65.31124126519012
0.8863333333333334        -65.31188062429723
0.8864000000000001        -65.31372522979626
0.8864666666666667        -65.32033276736314
0.8865333333333334        -65.33387798454638
0.8866                    -65.35484757891189
0.8866666666666667        -65.38207773454734
0.8867333333333334        -65.41309774281143
0.8868                    -65.44470458815262
0.8868666666666667        -65.47365812886777
0.8869333333333334        -65.49735762208135
0.887                     -65.51435328544883
0.8870666666666667        -65.52457757404233
0.8871333333333333        -65.52925075367169
0.8872                    -65.53050275179423
0.8872666666666666        -65.5308247960413
0.8873333333333333        -65.53249512413029
0.8874                    -65.53710988278164
0.8874666666666666        -65.54530822231398
0.8875333333333333        -65.5567289801188
0.8876                    -65.57018803810175
0.8876666666666666        -65.58402494438272
0.8877333333333333        -65.59653614683539
0.8878000000000001        -65.60639406544807
0.8878666666666668        -65.61295311877502
0.8879333333333335        -65.61637061872797
0.8880000000000001        -65.61751862147827
0.8880666666666668        -65.6177186396965
0.8881333333333334        -65.61837635321683
0.8882000000000001        -65.62061460766431
0.8882666666666668        -65.62499700479297
0.8883333333333334        -65.63140721949816
0.8884000000000001        -65.6391101057005
0.8884666666666667        -65.64697786107322
0.8885333333333334        -65.65382475775395
0.8886000000000001        -65.65876461439787
0.8886666666666667        -65.66149492160848
0.8887333333333334        -65.6624268882929
0.8888                    -65.66262064132675
0.8888666666666667        -65.66353821982003
0.8889333333333334        -65.66667649633811
0.889                     -65.67317269195638
0.8890666666666667        -65.6834806434907
0.8891333333333333        -65.69719936369805
0.8892                    -65.71310349917424
0.8892666666666666        -65.72938371415351
0.8893333333333333        -65.74405792259735
0.8894                    -65.75546795939664
0.8894666666666666        -65.76274268261248
0.8895333333333333        -65.76610303787194
0.8896                    -65.76691702145085
0.8896666666666666        -65.7674769126753
0.8897333333333333        -65.77054536382542
0.8898000000000001        -65.77877387418114
0.8898666666666668        -65.79412056392096
0.8899333333333335        -65.81738547851826
0.8900000000000001        -65.84795399049703
0.8900666666666668        -65.88380469733158
0.8901333333333334        -65.92180117136166
0.8902000000000001        -65.95824264212207
0.8902666666666668        -65.9895934852872
0.8903333333333334        -66.01325291123692
0.8904000000000001        -66.02818749945351
0.8904666666666667        -66.03525841567007
0.8905333333333334        -66.03714410821597
0.8906000000000001        -66.03786747820963
0.8906666666666667        -66.04203897941315
0.8907333333333334        -66.05398357639284
0.8908                    -66.07691975226119
0.8908666666666667        -66.11232302549098
0.8909333333333334        -66.1595646368027
0.891                     -66.21588577153294
0.8910666666666667        -66.27674487596275
0.8911333333333333        -66.33653986858864
0.8912                    -66.38963748577838
0.8912666666666667        -66.43153940118728
0.8913333333333333        -66.45991775063641
0.8914                    -66.47522728929741
0.8914666666666666        -66.48069454182573
0.8915333333333333        -66.48167316563837
0.8916                    -66.48454809566802
0.8916666666666666        -66.495475012461
0.8917333333333333        -66.51922849261172
0.8917999999999999        -66.55834638709348
0.8918666666666668        -66.6126667686053
0.8919333333333335        -66.67929700693895
0.8920000000000001        -66.75302891242303
0.8920666666666668        -66.82718691946752
0.8921333333333334        -66.89483260148505
0.8922000000000001        -66.95013995537059
0.8922666666666668        -66.98964224053714
0.8923333333333334        -67.01301240136722
0.8924000000000001        -67.02313851286121
0.8924666666666667        -67.02547318974497
0.8925333333333334        -67.0268633565666
0.8926000000000001        -67.03418804174152
0.8926666666666667        -67.05311113101124
0.8927333333333334        -67.0871477782558
0.8928                    -67.13713047714074
0.8928666666666667        -67.20109385149446
0.8929333333333334        -67.27457608330839
0.893                     -67.35132629203324
0.8930666666666667        -67.42437095950754
0.8931333333333333        -67.48730795881904
0.8932                    -67.53558511323548
0.8932666666666667        -67.56744761339496
0.8933333333333333        -67.58427921563376
0.8934                    -67.59023276560279
0.8934666666666666        -67.59127213735619
0.8935333333333333        -67.59391249556191
0.8936                    -67.60397834931436
0.8936666666666666        -67.62561917032626
0.8937333333333333        -67.66070429829006
0.8937999999999999        -67.70862579621758
0.8938666666666668        -67.76648947382546
0.8939333333333335        -67.82965337682099
0.8940000000000001        -67.89255010320932
0.8940666666666668        -67.94968522812735
0.8941333333333334        -67.99664489127512
0.8942000000000001        -68.03090379263861
0.8942666666666668        -68.05224145434242
0.8943333333333334        -68.06266642429732
0.8944000000000001        -68.06588560833865
0.8944666666666667        -68.06647736035805
0.8945333333333334        -68.06898113113775
0.8946000000000001        -68.07709545832944
0.8946666666666667        -68.09311075300114
0.8947333333333334        -68.11763336866348
0.8948                    -68.14960576640033
0.8948666666666667        -68.18659499983161
0.8949333333333334        -68.2252966859568
0.895                     -68.26217384483031
0.8950666666666667        -68.29412014057826
0.8951333333333333        -68.31901846420665
0.8952                    -68.33607654164395
0.8952666666666667        -68.34586991558452
0.8953333333333333        -68.35009782776991
0.8954                    -68.35113119004815
0.8954666666666666        -68.35147587017026
0.8955333333333333        -68.3532772207374
0.8956                    -68.3579613159424
0.8956666666666666        -68.36606307002026
0.8957333333333333        -68.37724738183928
0.8957999999999999        -68.39049453260503
0.8958666666666668        -68.40439648122859
0.8959333333333335        -68.4174959237949
0.8960000000000001        -68.42859609548246
0.8960666666666668        -68.4369786917697
0.8961333333333334        -68.44249059466065
0.8962000000000001        -68.44549318764652
0.8962666666666668        -68.44670199439268
0.8963333333333334        -68.4469689330572
0.8964000000000001        -68.44706780073551
0.8964666666666667        -68.44753494957939
0.8965333333333334        -68.44859618677039
0.8966000000000001        -68.45018502660326
0.8966666666666667        -68.45203366693293
0.8967333333333334        -68.45380183966944
0.8968                    -68.45520308390307
0.8968666666666667        -68.45609352603222
0.8969333333333334        -68.45650269080552
0.897                     -68.45660462328743
0.8970666666666667        -68.45664503029805
0.8971333333333333        -68.45685142141004
0.8972                    -68.45735585738706
0.8972666666666667        -68.45815417449698
0.8973333333333333        -68.45911383176285
0.8974                    -68.46002821632806
0.8974666666666666        -68.46070184399076
0.8975333333333333        -68.4610415091317
0.8976                    -68.46112539905126
0.8976666666666666        -68.46122656946318
0.8977333333333333        -68.46177829586539
0.8977999999999999        -68.4632841028191
0.8978666666666668        -68.46619086000848
0.8979333333333335        -68.47075518448514
0.8980000000000001        -68.47693844982514
0.8980666666666668        -68.48436251227545
0.8981333333333335        -68.4923469553498
0.8982000000000001        -68.50003079513111
0.8982666666666668        -68.50656023425893
0.8983333333333334        -68.51130392170451
0.8984000000000001        -68.51404422283709
0.8984666666666667        -68.5150926774618
0.8985333333333334        -68.51529236616526
0.8986000000000001        -68.5158962998917
0.8986666666666667        -68.51834138521556
0.8987333333333334        -68.52396275291858
0.8988                    -68.53370675160392
0.8988666666666667        -68.54790114901367
0.8989333333333334        -68.56613058088067
0.899                     -68.58724781033462
0.8990666666666667        -68.60952955621369
0.8991333333333333        -68.63096073998993
0.8992                    -68.64960454365485
0.8992666666666667        -68.66399185236926
0.8993333333333333        -68.67344983175033
0.8994                    -68.67829339943795
0.8994666666666666        -68.67982847069474
0.8995333333333333        -68.68015689767063
0.8996                    -68.68181736201794
0.8996666666666666        -68.68733030743999
0.8997333333333333        -68.69873042277604
0.8997999999999999        -68.71716802466355
0.8998666666666668        -68.74264738641774
0.8999333333333335        -68.77395178046194
0.9000000000000001        -68.80878327259579
0.9000666666666668        -68.8441168846244
0.9001333333333335        -68.8767299712953
0.9002000000000001        -68.90382117139188
0.9002666666666668        -68.92359259904657
0.9003333333333334        -68.93565541341059
0.9004000000000001        -68.94114929793975
0.9004666666666667        -68.942537966029
0.9005333333333334        -68.9431296635805
0.9006000000000001        -68.94643869831823
0.9006666666666667        -68.95552875213315
0.9007333333333334        -68.97246240299668
0.9008                    -68.99794242472558
0.9008666666666667        -69.03118909606361
0.9009333333333334        -69.07006395808443
0.901                     -69.11142265802609
0.9010666666666667        -69.15165078189047
0.9011333333333333        -69.18730328546314
0.9012                    -69.21573615915275
0.9012666666666667        -69.23560345776959
0.9013333333333333        -69.24710966721607
0.9014                    -69.25196034890403
0.9014666666666666        -69.25302770842693
0.9015333333333333        -69.25381424770113
0.9016                    -69.25783325889914
0.9016666666666666        -69.26802339919635
0.9017333333333333        -69.28628728495136
0.9017999999999999        -69.31320895905964
0.9018666666666666        -69.34797525474477
0.9019333333333335        -69.3885045841663
0.9020000000000001        -69.43176867763684
0.9020666666666668        -69.47427136470368
0.9021333333333335        -69.51262084990348
0.9022000000000001        -69.54410357571726
0.9022666666666668        -69.56715184076805
0.9023333333333334        -69.58160779155426
0.9024000000000001        -69.58872772543617
0.9024666666666668        -69.59093167507399
0.9025333333333334        -69.59136144204281
0.9026000000000001        -69.59334472507224
0.9026666666666667        -69.59986625507884
0.9027333333333334        -69.61312647249997
0.9028                    -69.63423904128642
0.9028666666666667        -69.66309265196425
0.9029333333333334        -69.69838458543344
0.903                     -69.73782051994104
0.9030666666666667        -69.77846092630577
0.9031333333333333        -69.81717460408629
0.9032                    -69.85113566072394
0.9032666666666667        -69.87827980217573
0.9033333333333333        -69.89763141323022
0.9034                    -69.90943351651063
0.9034666666666666        -69.91505643496653
0.9035333333333333        -69.91671357228182
0.9036                    -69.91705466604154
0.9036666666666666        -69.91872442491243
0.9037333333333333        -69.92396639969785
0.9037999999999999        -69.93432759908492
0.9038666666666666        -69.95049118640155
0.9039333333333335        -69.97224142508163
0.9040000000000001        -69.99854963530237
0.9040666666666668        -70.02776041768928
0.9041333333333335        -70.05785042509036
0.9042000000000001        -70.08672536221573
0.9042666666666668        -70.11251512248451
0.9043333333333334        -70.13382484893643
0.9044000000000001        -70.1499046202663
0.9044666666666668        -70.16071391601724
0.9045333333333334        -70.16687690044341
0.9046000000000001        -70.16954545023054
0.9046666666666667        -70.17020240438119
0.9047333333333334        -70.17044357182793
0.9048                    -70.17177332634296
0.9048666666666667        -70.17543832281855
0.9049333333333334        -70.18231159613954
0.905                     -70.19282897615628
0.9050666666666667        -70.2069734182081
0.9051333333333333        -70.22430058757125
0.9052                    -70.24399954484255
0.9052666666666667        -70.2649837610546
0.9053333333333333        -70.28600817124827
0.9054                    -70.30580641807867
0.9054666666666666        -70.323238704748
0.9055333333333333        -70.33743578944028
0.9056                    -70.34792056516635
0.9056666666666666        -70.3546875829673
0.9057333333333333        -70.35822432077082
0.9057999999999999        -70.35946599033687
0.9058666666666666        -70.3596864697177
0.9059333333333335        -70.36033872940745
0.9060000000000001        -70.36286618659568
0.9060666666666668        -70.36851026526007
0.9061333333333335        -70.37813913847577
0.9062000000000001        -70.39211937911857
0.9062666666666668        -70.41024744384715
0.9063333333333334        -70.43175236441385
0.9064000000000001        -70.45537462183675
0.9064666666666668        -70.4795182386692
0.9065333333333334        -70.50246313063357
0.9066000000000001        -70.52261333285963
0.9066666666666667        -70.53874614862599
0.9067333333333334        -70.5502211912671
0.9068                    -70.55711026461003
0.9068666666666667        -70.56022049661465
0.9069333333333334        -70.56100204555942
0.907                     -70.56135289509047
0.9070666666666667        -70.56335076844782
0.9071333333333333        -70.56895202777919
0.9072                    -70.57969913031101
0.9072666666666667        -70.59647433185722
0.9073333333333333        -70.6193313634053
0.9074                    -70.64743098468976
0.9074666666666666        -70.67910024956527
0.9075333333333333        -70.71202609512132
0.9076                    -70.74357768020303
0.9076666666666666        -70.77122688996366
0.9077333333333333        -70.79300592598946
0.9077999999999999        -70.80791492411115
0.9078666666666666        -70.81618484582785
0.9079333333333335        -70.81932146387283
0.9080000000000001        -70.8199032917208
0.9080666666666668        -70.82116441894723
0.9081333333333335        -70.82644134822735
0.9082000000000001        -70.83858650529534
0.9082666666666668        -70.85944906338094
0.9083333333333334        -70.88950579863884
0.9084000000000001        -70.92770224544806
0.9084666666666668        -70.97154240622015
0.9085333333333334        -71.01743978779815
0.9086000000000001        -71.06130511400985
0.9086666666666667        -71.0992927872982
0.9087333333333334        -71.12856905513526
0.9088                    -71.1479260649635
0.9088666666666667        -71.15807781131763
0.9089333333333334        -71.16154759440882
0.909                     -71.16216864206012
0.9090666666666667        -71.16432226840193
0.9091333333333333        -71.17209049301168
0.9092                    -71.18849364756181
0.9092666666666667        -71.21493984388194
0.9093333333333333        -71.25096227032408
0.9094                    -71.29427927036302
0.9094666666666666        -71.3411788057417
0.9095333333333333        -71.38718931384393
0.9096                    -71.42794255647239
0.9096666666666666        -71.46006824082265
0.9097333333333333        -71.48191498236015
0.9097999999999999        -71.49390547948167
0.9098666666666666        -71.4984214999512
0.9099333333333333        -71.49924886707487
0.9100000000000001        -71.50073500942344
0.9100666666666668        -71.50687136741489
0.9101333333333335        -71.52050017708189
0.9102000000000001        -71.54278735573553
0.9102666666666668        -71.57303644480051
0.9103333333333334        -71.60886221126135
0.9104000000000001        -71.64669432013703
0.9104666666666668        -71.68252986010012
0.9105333333333334        -71.71279530620575
0.9106000000000001        -71.73513033342707
0.9106666666666667        -71.7488990234624
0.9107333333333334        -71.75529174944295
0.9108                    -71.75699398933558
0.9108666666666667        -71.75752199853444
0.9109333333333334        -71.76040758078845
0.911                     -71.76842981801894
0.9110666666666667        -71.7830524430905
0.9111333333333334        -71.80416253689417
0.9112                    -71.83014405555764
0.9112666666666667        -71.85826508478218
0.9113333333333333        -71.88530559894963
0.9114                    -71.90830056181777
0.9114666666666666        -71.92523282994755
0.9115333333333333        -71.93550449679742
0.9116                    -71.9400621273815
0.9116666666666666        -71.94114463068509
0.9117333333333333        -71.94172838449131
0.9117999999999999        -71.94482038737023
0.9118666666666666        -71.95277285345834
0.9119333333333333        -71.96676721388928
0.9120000000000001        -71.98656488809485
0.9120666666666668        -72.01056695049326
0.9121333333333335        -72.0361720704201
0.9122000000000001        -72.06036913173813
0.9122666666666668        -72.08044716269306
0.9123333333333334        -72.0946622444911
0.9124000000000001        -72.10269155426671
0.9124666666666668        -72.10574713173901
0.9125333333333334        -72.10631187466079
0.9126000000000001        -72.10756573508479
0.9126666666666667        -72.11264949513176
0.9127333333333334        -72.1239418666235
0.9128000000000001        -72.14250634616454
0.9128666666666667        -72.16781838104464
0.9129333333333334        -72.1978300093954
0.913                     -72.22937368772551
0.9130666666666667        -72.2588451226814
0.9131333333333334        -72.28303624561744
0.9132                    -72.2999302811979
0.9132666666666667        -72.30925255772621
0.9133333333333333        -72.31261931287222
0.9134                    -72.31323670677297
0.9134666666666666        -72.31523034432985
0.9135333333333333        -72.32277691378577
0.9136                    -72.3392345434
0.9136666666666666        -72.3664377134474
0.9137333333333333        -72.40426971028525
0.9138                    -72.45057885050609
0.9138666666666666        -72.5014696992784
0.9139333333333333        -72.55196219530231
0.9140000000000001        -72.59694986117
0.9140666666666668        -72.63229967986021
0.9141333333333335        -72.65585015025611
0.9142000000000001        -72.66803613122067
0.9142666666666668        -72.67194332909149
0.9143333333333334        -72.67275884237917
0.9144000000000001        -72.67676238344613
0.9144666666666668        -72.6901107173764
0.9145333333333334        -72.71767240919321
0.9146000000000001        -72.76210376313271
0.9146666666666667        -72.82327984750722
0.9147333333333334        -72.89814745626448
0.9148000000000001        -72.98105037918528
0.9148666666666667        -73.06455811445231
0.9149333333333334        -73.14076238703734
0.915                     -73.20286962271075
0.9150666666666667        -73.24674989158586
0.9151333333333334        -73.27200746695874
0.9152                    -73.28222084732496
0.9152666666666667        -73.284263708356
0.9153333333333333        -73.2869270897031
0.9154                    -73.29924391209268
0.9154666666666667        -73.32890087150876
0.9155333333333333        -73.38097948170203
0.9156                    -73.4571201199422
0.9156666666666666        -73.55513098229962
0.9157333333333333        -73.66907584409131
0.9158                    -73.78992289817332
0.9158666666666666        -73.90684363883918
0.9159333333333333        -74.00913695168416
0.9160000000000001        -74.08849639576893
0.9160666666666668        -74.14104252498562
0.9161333333333335        -74.168432210571
0.9162000000000001        -74.1776086648709
0.9162666666666668        -74.17927911792867
0.9163333333333334        -74.18566893598289
0.9164000000000001        -74.20822541893136
0.9164666666666668        -74.25574553400205
0.9165333333333334        -74.33310212101719
0.9166000000000001        -74.4405445446185
0.9166666666666667        -74.57351652227719
0.9167333333333334        -74.72301931814383
0.9168000000000001        -74.87665428914413
0.9168666666666667        -75.02048450696495
0.9169333333333334        -75.14165283937159
0.917                     -75.2312830294622
0.9170666666666667        -75.28678941115803
0.9171333333333334        -75.3127000974058
0.9172                    -75.31963379169676
0.9172666666666667        -75.32185673776995
0.9173333333333333        -75.33433022238141
0.9174                    -75.37008300243873
0.9174666666666667        -75.43832199503619
0.9175333333333333        -75.54329886133262
0.9176                    -75.68378121363858
0.9176666666666666        -75.85302790406334
0.9177333333333333        -76.03933337645161
0.9178                    -76.22735613669585
0.9178666666666666        -76.4004333609656
0.9179333333333333        -76.54377801419972
0.9179999999999999        -76.64788942277974
0.9180666666666668        -76.7110292230102
0.9181333333333335        -76.73972531562852
0.9182000000000001        -76.74709015354806
0.9182666666666668        -76.74972180991021
0.9183333333333334        -76.76437526827176
0.9184000000000001        -76.80529065475307
0.9184666666666668        -76.88246634391533
0.9185333333333334        -77.00072390293607
0.9186000000000001        -77.15928373569724
0.9186666666666667        -77.35168152914817
0.9187333333333334        -77.56608059549663
0.9188000000000001        -77.78626084356029
0.9188666666666667        -77.99365519613214
0.9189333333333334        -78.17058066995664
0.919                     -78.3041848746655
0.9190666666666667        -78.3898673065876
0.9191333333333334        -78.43270197534007
0.9192                    -78.44615154763856
0.9192666666666667        -78.44868359454625
0.9193333333333333        -78.45973621296503
0.9194                    -78.49631718562497
0.9194666666666667        -78.57077410040127
0.9195333333333333        -78.68962227311391
0.9196                    -78.8530713464104
0.9196666666666666        -79.05498418932144
0.9197333333333333        -79.28325722822068
0.9198                    -79.52087836937055
0.9198666666666666        -79.7480445423078
0.9199333333333333        -79.94551589963618
0.9199999999999999        -80.09874240439346
0.9200666666666668        -80.20148614681267
0.9201333333333335        -80.25738237197068
0.9202000000000001        -80.27866167795719
0.9202666666666668        -80.28265745544921
0.9203333333333334        -80.2876331330596
0.9204000000000001        -80.30931104065273
0.9204666666666668        -80.3587046033752
0.9205333333333334        -80.44117378000918
0.9206000000000001        -80.55635948338124
0.9206666666666667        -80.69871289420524
0.9207333333333334        -80.85850618399037
0.9208000000000001        -81.02332836199686
0.9208666666666667        -81.18004484992242
0.9209333333333334        -81.31701923138729
0.921                     -81.42615159641231
0.9210666666666667        -81.50416775190791
0.9211333333333334        -81.55275965564852
0.9212                    -81.57759344534462
0.9212666666666667        -81.58661658590668
0.9213333333333333        -81.58825874442626
0.9214                    -81.58999293232299
0.9214666666666667        -81.59745905483166
0.9215333333333333        -81.61412565488268
0.9216                    -81.64135281163729
0.9216666666666666        -81.67870315897409
0.9217333333333333        -81.72437956382915
0.9218                    -81.77570751730997
0.9218666666666666        -81.8296089673653
0.9219333333333333        -81.88302930957039
0.9219999999999999        -81.9332858936076
0.9220666666666668        -81.97831225119499
0.9221333333333335        -82.01678286179396
0.9222000000000001        -82.04811966093523
0.9222666666666668        -82.07240010778585
0.9223333333333334        -82.0902015848138
0.9224000000000001        -82.10242322629453
0.9224666666666668        -82.11012246006774
0.9225333333333334        -82.11439213787469
0.9226000000000001        -82.1162897627787
0.9226666666666667        -82.11681724940061
0.9227333333333334        -82.11694030018444
0.9228000000000001        -82.1176309830243
0.9228666666666667        -82.11991423953404
0.9229333333333334        -82.12489774913193
0.923                     -82.1337648615272
0.9230666666666667        -82.14771349564373
0.9231333333333334        -82.16783172652495
0.9232                    -82.19491413937264
0.9232666666666667        -82.22924094026104
0.9233333333333333        -82.27036121378447
0.9234                    -82.31693792084064
0.9234666666666667        -82.36671921965572
0.9235333333333333        -82.4166918891371
0.9236                    -82.46344245098479
0.9236666666666666        -82.50369920678685
0.9237333333333333        -82.5349637885793
0.9238                    -82.5560873997216
0.9238666666666666        -82.56763418201746
0.9239333333333333        -82.57191946237229
0.9239999999999999        -82.57270209592996
0.9240666666666668        -82.57460804384579
0.9241333333333335        -82.58242358902896
0.9242000000000001        -82.60040196107835
0.9242666666666668        -82.6316887892016
0.9243333333333335        -82.67791895849241
0.9244000000000001        -82.73899610158246
0.9244666666666668        -82.81304777993452
0.9245333333333334        -82.8965519330442
0.9246000000000001        -82.98464213839715
0.9246666666666667        -83.07160530687432
0.9247333333333334        -83.15157070918774
0.9248000000000001        -83.21934543857355
0.9248666666666667        -83.27128543958607
0.9249333333333334        -83.30603060836366
0.925                     -83.32491692467579
0.9250666666666667        -83.33193463175789
0.9251333333333334        -83.3332164907432
0.9252                    -83.33616277119113
0.9252666666666667        -83.34838347298293
0.9253333333333333        -83.3766402183697
0.9254                    -83.42592048210608
0.9254666666666667        -83.4987172010551
0.9255333333333333        -83.59455225060762
0.9256                    -83.70978571441997
0.9256666666666666        -83.83778368555495
0.9257333333333333        -83.96954408735532
0.9258                    -84.0948557297124
0.9258666666666666        -84.2039467371666
0.9259333333333333        -84.28936644849307
0.9259999999999999        -84.34763109942914
0.9260666666666668        -84.38010866182167
0.9261333333333335        -84.39282793332714
0.9262000000000001        -84.39528947270345
0.9262666666666668        -84.39869481554075
0.9263333333333335        -84.41410565147598
0.9264000000000001        -84.45090229746107
0.9264666666666668        -84.51568143331501
0.9265333333333334        -84.61156190359306
0.9266000000000001        -84.73781184573609
0.9266666666666667        -84.8897540422257
0.9267333333333334        -85.05900216526015
0.9268000000000001        -85.2341713451159
0.9268666666666667        -85.4022217768552
0.9269333333333334        -85.5504602170707
0.927                     -85.66892262773656
0.9270666666666667        -85.75251502058569
0.9271333333333334        -85.80216214144968
0.9272                    -85.82450656188213
0.9272666666666667        -85.83029807659855
0.9273333333333333        -85.83211968712345
0.9274                    -85.84220109459599
0.9274666666666667        -85.87080878944661
0.9275333333333333        -85.92533515409754
0.9276                    -86.00995366788226
0.9276666666666666        -86.12561882720067
0.9277333333333333        -86.27021979469862
0.9278                    -86.43878228124936
0.9278666666666666        -86.62371390067158
0.9279333333333333        -86.81518431013902
0.9279999999999999        -87.00180116090743
0.9280666666666666        -87.17174634530895
0.9281333333333335        -87.31442345974058
0.9282000000000001        -87.42242081931482
0.9282666666666668        -87.49330299674439
0.9283333333333335        -87.5306078903906
0.9284000000000001        -87.54361797195205
0.9284666666666668        -87.545938668545
0.9285333333333334        -87.5533613579721
0.9286000000000001        -87.58163700703727
0.9286666666666668        -87.64461433906762
0.9287333333333334        -87.75289041206912
0.9288000000000001        -87.91287693727882
0.9288666666666667        -88.12608562728427
0.9289333333333334        -88.38847463757992
0.929                     -88.68985268946295
0.9290666666666667        -89.01359948761346
0.9291333333333334        -89.33729548146994
0.9292                    -89.63508448050213
0.9292666666666667        -89.88231681621274
0.9293333333333333        -90.06185339210384
0.9294                    -90.16973944738437
0.9294666666666667        -90.21733435141947
0.9295333333333333        -90.22865585098499
0.9296                    -90.23450441786915
0.9296666666666666        -90.26630019508457
0.9297333333333333        -90.35168189887233
0.9298                    -90.51221119627682
0.9298666666666666        -90.76243020709411
0.9299333333333333        -91.10927271776923
0.9299999999999999        -91.55103255621387
0.9300666666666666        -92.07545705136098
0.9301333333333335        -92.65712887237143
0.9302000000000001        -93.25546717749336
0.9302666666666668        -93.81653704399835
0.9303333333333335        -94.28296370143468
0.9304000000000001        -94.6127140114238
0.9304666666666668        -94.79791291627444
0.9305333333333334        -94.86934953192471
0.9306000000000001        -94.88278499843605
0.9306666666666668        -94.89870899857632
0.9307333333333334        -94.96834608700121
0.9308000000000001        -95.12896647078655
0.9308666666666667        -95.40489647533573
0.9309333333333334        -95.81012802329403
0.931                     -96.35013297630051
0.9310666666666667        -97.02174314922873
0.9311333333333334        -97.81041831136969
0.9312                    -98.68454402219538
0.9312666666666667        -99.587888363626
0.9313333333333333        -100.43596249601515
0.9314                    -101.12911033710554
0.9314666666666667        -101.59213874025585
0.9315333333333333        -101.82032868222706
0.9316                    -101.8862665331588
0.9316666666666666        -101.89953520593285
0.9317333333333333        -101.9618460308128
0.9318                    -102.14730548480688
0.9318666666666666        -102.50267445858354
0.9319333333333333        -103.05325957314479
0.9319999999999999        -103.8059428684387
0.9320666666666666        -104.74565035095304
0.9321333333333335        -105.82330429125821
0.9322000000000001        -106.93750559081562
0.9322666666666668        -107.92886620656307
0.9323333333333335        -108.6303740448819
0.9324000000000001        -108.97959331159784
0.9324666666666668        -109.07516736083436
0.9325333333333334        -109.09648283165816
0.9326000000000001        -109.19802008920607
0.9326666666666668        -109.47289705689029
0.9327333333333334        -109.96175205641272
0.9328000000000001        -110.66586812451419
0.9328666666666667        -111.549209180028
0.9329333333333334        -112.5296506864986
0.933                     -113.47242891246145
0.9330666666666667        -114.21761048002398
0.9331333333333334        -114.66300567283996
0.9332                    -114.8378408766983
0.9332666666666667        -114.87060888933824
0.9333333333333333        -114.89252826829099
0.9334                    -114.97861974961043
0.9334666666666667        -115.14114101238741
0.9335333333333333        -115.34553234475865
0.9336                    -115.53487210198892
0.9336666666666666        -115.6610480583206
0.9337333333333333        -115.71286358802095
0.9338                    -115.72278263346607
0.9338666666666666        -115.74768446074512
0.9339333333333333        -115.84016107276625
0.9339999999999999        -116.02695593858057
0.9340666666666666        -116.29796716770214
0.9341333333333335        -116.60467589500817
0.9342000000000001        -116.87325464844977
0.9342666666666668        -117.04010729635867
0.9343333333333335        -117.09782408038248
0.9344000000000001        -117.11376173843293
0.9344666666666668        -117.20419212239159
0.9345333333333334        -117.49511458524918
0.9346000000000001        -118.10319977277729
0.9346666666666668        -119.1409012644429
0.9347333333333334        -120.73811108670841
0.9348000000000001        -123.08340699194474
0.9348666666666667        -126.52306106387213
0.9349333333333334        -131.95927100444536
0.935                     -Inf
