% Model:              office_space_acoustics_63.mph
% Version:            COMSOL 6.4.0.293
% Date:               Jul 23 2026, 08:05
% Dimension:          1
% Nodes:              14026
% Expressions:        1
% Description:        脉冲响应
% 时间 (s)                  Value
0                         0
6.666666666666667E-5      -2.2583662945056683E-5
1.3333333333333334E-4     -5.3804473349694295E-5
2.0E-4                    -1.8853967978020716E-4
2.666666666666667E-4      -4.7957316930753214E-4
3.333333333333334E-4      -9.126902241025539E-4
4.0E-4                    -0.001411617438511252
4.6666666666666666E-4     -0.0018710164906139922
5.333333333333334E-4      -0.0022027954995548693
6.000000000000001E-4      -0.002374754535613365
6.666666666666668E-4      -0.002424043321340511
7.333333333333333E-4      -0.0024395185733438324
8.0E-4                    -0.002521377806961702
8.666666666666667E-4      -0.002736677775746206
9.333333333333333E-4      -0.0030908031096784547
0.001                     -0.0035271649543186616
0.0010666666666666667     -0.00395423993758492
0.0011333333333333334     -0.004286740070864149
0.0012000000000000001     -0.0044818823926847905
0.0012666666666666668     -0.004554861245114337
0.0013333333333333335     -0.004567899775089932
0.0014                    -0.0045995498264295494
0.0014666666666666667     -0.004709375520160579
0.0015333333333333334     -0.004914090765162917
0.0016                    -0.005184721181927478
0.0016666666666666668     -0.005464013172009125
0.0017333333333333335     -0.005694233046468333
0.0018000000000000002     -0.005841804341770985
0.0018666666666666666     -0.0059081665186923715
0.0019333333333333333     -0.0059237901112914075
0.002                     -0.005930400741202924
0.0020666666666666667     -0.00596121085615966
0.0021333333333333334     -0.006028451113613177
0.0022                    -0.00612263748787906
0.002266666666666667      -0.0062217462623350385
0.0023333333333333335     -0.006304070960159183
0.0024000000000000002     -0.0063579189422911615
0.002466666666666667      -0.006384209081661471
0.0025333333333333336     -0.006392408696010968
0.0026000000000000003     -0.00639356137476274
0.002666666666666667      -0.006394809186292563
0.0027333333333333333     -0.006397906945685522
0.0028                    -0.0064012995488894435
0.0028666666666666667     -0.006403295643643745
0.0029333333333333334     -0.006403830757873379
0.003                     -0.006403984641240659
0.0030666666666666668     -0.006404424651664218
0.0031333333333333335     -0.00640479335603375
0.0032                    -0.006405138210775694
0.003266666666666667      -0.0064084869646127965
0.0033333333333333335     -0.006422138713124446
0.0034000000000000002     -0.006455499575269377
0.003466666666666667      -0.006514501872072587
0.0035333333333333336     -0.0065955352028434664
0.0036000000000000003     -0.006683374744323304
0.003666666666666667      -0.006756336055334581
0.0037333333333333333     -0.006797964213417514
0.0038                    -0.006809951933558756
0.0038666666666666667     -0.006818533934066325
0.003933333333333334      -0.006868408185376251
0.004                     -0.007004151623402794
0.004066666666666667      -0.00724645117471238
0.0041333333333333335     -0.00757521299204948
0.004200000000000001      -0.007930478478280751
0.004266666666666667      -0.008234583674327643
0.004333333333333333      -0.00842815974695376
0.0044                    -0.008503762946099983
0.0044666666666666665     -0.008519283342389765
0.004533333333333334      -0.008580842680172647
0.0046                    -0.008798996270208232
0.004666666666666667      -0.009236188108105017
0.004733333333333333      -0.009870254971778656
0.0048000000000000004     -0.01059397206574409
0.004866666666666667      -0.011255272964873789
0.004933333333333334      -0.011723363209395906
0.005                     -0.011951708187031028
0.005066666666666667      -0.012007453327677508
0.0051333333333333335     -0.01205021104334455
0.005200000000000001      -0.012266003435046434
0.005266666666666667      -0.012783951419665606
0.005333333333333334      -0.01361336505975988
0.0054                    -0.014631713730493814
0.0054666666666666665     -0.015632021358982187
0.005533333333333334      -0.016411071403479197
0.0056                    -0.01685990079493732
0.005666666666666667      -0.017015226473074196
0.005733333333333333      -0.017046921350720355
0.0058000000000000005     -0.01718540350835431
0.005866666666666667      -0.017620499767511243
0.005933333333333334      -0.018416891007040696
0.006                     -0.019484222916786156
0.006066666666666667      -0.020615557054963256
0.0061333333333333335     -0.02157712293753227
0.006200000000000001      -0.022209239645502338
0.006266666666666667      -0.022493411989109396
0.006333333333333334      -0.022556316488499893
0.0064                    -0.022610338449480134
0.006466666666666667      -0.022858826214202984
0.006533333333333334      -0.02340905253952496
0.0066                    -0.024230702883814945
0.006666666666666667      -0.02517580436059715
0.006733333333333333      -0.026048053183298014
0.0068000000000000005     -0.026688340663373174
0.006866666666666667      -0.02703812879172937
0.006933333333333334      -0.027154736713037073
0.007                     -0.02717590797404334
0.007066666666666667      -0.027253761105116944
0.0071333333333333335     -0.027489899744396643
0.007200000000000001      -0.027899653742474755
0.007266666666666667      -0.0284174054630094
0.007333333333333334      -0.028935348870210226
0.0074                    -0.029354209502343895
0.007466666666666667      -0.029622116805413753
0.007533333333333334      -0.029746674149106173
0.0076                    -0.029779735100708676
0.007666666666666667      -0.02978683091707086
0.007733333333333333      -0.0298179356440485
0.0078000000000000005     -0.02989223710655748
0.007866666666666668      -0.030000283091119222
0.007933333333333334      -0.030117881301258993
0.008                     -0.030221933892934157
0.008066666666666666      -0.03030016699912138
0.008133333333333334      -0.03035222614808948
0.0082                    -0.030384952631906853
0.008266666666666667      -0.030406787301426985
0.008333333333333333      -0.030424670324744958
0.008400000000000001      -0.03044351181323179
0.008466666666666667      -0.030466138344320375
0.008533333333333334      -0.030492183271662063
0.0086                    -0.03051694073672795
0.008666666666666666      -0.030533228148392526
0.008733333333333334      -0.030538424427608953
0.0088                    -0.030544808590623283
0.008866666666666667      -0.030586592896882134
0.008933333333333333      -0.030715513949213652
0.009000000000000001      -0.030981164794383707
0.009066666666666667      -0.031401510066853724
0.009133333333333334      -0.0319384179510689
0.0092                    -0.032496124391119006
0.009266666666666668      -0.03295309138811924
0.009333333333333334      -0.033221045571204914
0.0094                    -0.03330659328478335
0.009466666666666667      -0.03334140054455327
0.009533333333333335      -0.033554631727705654
0.009600000000000001      -0.03418613320324832
0.009666666666666667      -0.03537074450789861
0.009733333333333333      -0.03704704289723709
0.0098                    -0.038943492134603644
0.009866666666666668      -0.040666704437216795
0.009933333333333334      -0.04186927631127032
0.01                      -0.042429142469206815
0.010066666666666666      -0.042552986188929845
0.010133333333333334      -0.04273845916885645
0.0102                    -0.04358951439418481
0.010266666666666667      -0.04555081284624701
0.010333333333333333      -0.048676329086363185
0.010400000000000001      -0.052547439467047055
0.010466666666666668      -0.05640118673611399
0.010533333333333334      -0.05943824596391463
0.0106                    -0.061189653510956746
0.010666666666666668      -0.061775836780867954
0.010733333333333334      -0.06192161419166152
0.0108                    -0.0626923850614699
0.010866666666666667      -0.06504572481475945
0.010933333333333333      -0.0693871202945042
0.011000000000000001      -0.07533270438044071
0.011066666666666667      -0.08180633606158205
0.011133333333333334      -0.08745997411645276
0.0112                    -0.09125756205583055
0.011266666666666668      -0.09296912759483161
0.011333333333333334      -0.09333806174606157
0.0114                    -0.09381863572322047
0.011466666666666667      -0.09597544276569121
0.011533333333333335      -0.1007961950103649
0.011600000000000001      -0.1082182962139884
0.011666666666666667      -0.11708941165430592
0.011733333333333333      -0.1256068938845218
0.0118                    -0.1320746837057959
0.011866666666666668      -0.13566011427963987
0.011933333333333334      -0.13680628546791462
0.012                     -0.13709268981524075
0.012066666666666667      -0.13858465965594166
0.012133333333333335      -0.14294734779269908
0.0122                    -0.15070682130310506
0.012266666666666667      -0.1609800846564546
0.012333333333333333      -0.17180458410605742
0.012400000000000001      -0.1809502079778502
0.012466666666666668      -0.18688119926879743
0.012533333333333334      -0.1894459128101253
0.0126                    -0.18997307050944076
0.012666666666666668      -0.19071737126580401
0.012733333333333334      -0.19389545191892293
0.0128                    -0.20073253354996448
0.012866666666666667      -0.2109260210247949
0.012933333333333333      -0.22275289636352916
0.013000000000000001      -0.23378464486565126
0.013066666666666667      -0.24191881489937656
0.013133333333333334      -0.24628606353265484
0.0132                    -0.2476277915928229
0.013266666666666668      -0.24797127298417973
0.013333333333333334      -0.24975083587865834
0.0134                    -0.25476783333727165
0.013466666666666667      -0.2634351640893981
0.013533333333333335      -0.274614742611423
0.013600000000000001      -0.2861072644029567
0.013666666666666667      -0.29558823773455284
0.013733333333333334      -0.3015941296327719
0.013800000000000002      -0.30413094474963437
0.013866666666666668      -0.30464022132549456
0.013933333333333334      -0.30535009498248633
0.014                     -0.30831317350693904
0.014066666666666667      -0.31455275276732886
0.014133333333333335      -0.323667356346283
0.0142                    -0.33403821088383473
0.014266666666666667      -0.3435370102956733
0.014333333333333333      -0.3504293045893615
0.014400000000000001      -0.3540874191398584
0.014466666666666668      -0.3552108712999797
0.014533333333333334      -0.3554756284542714
0.0146                    -0.35678928032658486
0.014666666666666668      -0.3604894433388161
0.014733333333333334      -0.3668215563670375
0.0148                    -0.374892697673379
0.014866666666666667      -0.38309451162440034
0.014933333333333333      -0.3898005922786871
0.015000000000000001      -0.3940381076287146
0.015066666666666667      -0.395852952633676
0.015133333333333334      -0.39622926208483866
0.0152                    -0.3966240697188971
0.015266666666666668      -0.39833906620872267
0.015333333333333334      -0.4020016079472014
0.0154                    -0.40735794654101676
0.015466666666666667      -0.41343852489038985
0.015533333333333335      -0.4190022169917185
0.015600000000000001      -0.4230604287208345
0.01566666666666667       -0.42526081269415034
0.015733333333333335      -0.42598159073066605
0.0158                    -0.42611924529420175
0.015866666666666668      -0.4266829131544284
0.015933333333333334      -0.42837908974598543
0.016                     -0.4313559304820563
0.016066666666666667      -0.43519489275919876
0.016133333333333333      -0.43913032831295906
0.0162                    -0.4423887301938207
0.01626666666666667       -0.444500534125074
0.016333333333333335      -0.4454605897806869
0.0164                    -0.4456859891595513
0.016466666666666668      -0.4458081054799437
0.016533333333333334      -0.44640003016996577
0.0166                    -0.4477559202758568
0.016666666666666666      -0.44980483524351433
0.016733333333333333      -0.45217887113055405
0.016800000000000002      -0.45439214341856216
0.01686666666666667       -0.45604775433516387
0.016933333333333335      -0.45698713007708563
0.017                     -0.4573279481241328
0.017066666666666667      -0.4573874729128932
0.017133333333333334      -0.45753479872300584
0.0172                    -0.45803923026571036
0.017266666666666666      -0.45897576247904126
0.017333333333333333      -0.4602187499463564
0.017400000000000002      -0.46151627973034903
0.01746666666666667       -0.4626065794647597
0.017533333333333335      -0.4633252623368772
0.0176                    -0.4636613327298888
0.017666666666666667      -0.4637449569890354
0.017733333333333334      -0.46377939275380503
0.0178                    -0.46395075509622435
0.017866666666666666      -0.4643546561871336
0.017933333333333336      -0.46496777874852685
0.018000000000000002      -0.46567134075891536
0.01806666666666667       -0.46631163453583946
0.018133333333333335      -0.46676907108357507
0.0182                    -0.46700621410167265
0.018266666666666667      -0.46707652455950077
0.018333333333333333      -0.46709346735085616
0.0184                    -0.4671763596194557
0.018466666666666666      -0.46739798257335813
0.018533333333333336      -0.4677564894129159
0.018600000000000002      -0.46818228807626816
0.018666666666666668      -0.4685748481524207
0.018733333333333334      -0.46885155362345876
0.0188                    -0.4689861199236469
0.018866666666666667      -0.46901947602853855
0.018933333333333333      -0.46903885615919105
0.019                     -0.4691353934085571
0.01906666666666667       -0.46936027145143355
0.019133333333333336      -0.4697001192178598
0.019200000000000002      -0.4700835147979348
0.019266666666666668      -0.4704160552134939
0.019333333333333334      -0.47062785762853226
0.0194                    -0.47071085128347545
0.019466666666666667      -0.4707271403253965
0.019533333333333333      -0.4707827615684167
0.0196                    -0.4709776503635829
0.01966666666666667       -0.4713549112028361
0.019733333333333335      -0.471874457427712
0.0198                    -0.47242611066802936
0.019866666666666668      -0.4728791907474056
0.019933333333333334      -0.4731474325819163
0.02                      -0.47323849129489337
0.020066666666666667      -0.473261849877783
0.020133333333333333      -0.47338681689639683
0.020200000000000003      -0.4737660317924647
0.02026666666666667       -0.47445842392475845
0.020333333333333335      -0.475389412996473
0.0204                    -0.47637205286786977
0.020466666666666668      -0.47718576224453496
0.020533333333333334      -0.4776808402564866
0.0206                    -0.4778607467684062
0.020666666666666667      -0.4778995380015527
0.020733333333333333      -0.47807873682593294
0.020800000000000003      -0.4786653262268326
0.02086666666666667       -0.479783187892116
0.020933333333333335      -0.48133878205438607
0.021                     -0.48304223311577954
0.021066666666666668      -0.48452387809609976
0.021133333333333334      -0.4855008567947433
0.0212                    -0.4859196055583237
0.021266666666666666      -0.48600404864037056
0.021333333333333336      -0.48617763482115495
0.021400000000000002      -0.48688465810915954
0.02146666666666667       -0.48838609270291733
0.021533333333333335      -0.49062314516512984
0.0216                    -0.49321760499462103
0.021666666666666667      -0.49562017804300507
0.021733333333333334      -0.4973500056623157
0.0218                    -0.49822096346931766
0.021866666666666666      -0.4984479041751565
0.021933333333333336      -0.4985746481651341
0.022000000000000002      -0.49924569831468346
0.02206666666666667       -0.5009180441914708
0.022133333333333335      -0.5036421670357731
0.0222                    -0.5070161869358618
0.022266666666666667      -0.5103436556143836
0.022333333333333334      -0.512934108106369
0.0224                    -0.5144158930401811
0.022466666666666666      -0.5149172610537466
0.022533333333333336      -0.5150258341087963
0.022600000000000002      -0.5155367458349678
0.02266666666666667       -0.5170986020271192
0.022733333333333335      -0.519916119736167
0.0228                    -0.5236458210117372
0.022866666666666667      -0.5275370030118274
0.022933333333333333      -0.5307605898519672
0.023                     -0.5327806322458326
0.02306666666666667       -0.5335985053772141
0.023133333333333336      -0.5337545305006343
0.023200000000000002      -0.534083553382147
0.023266666666666668      -0.535336123387531
0.023333333333333334      -0.5378389183683772
0.0234                    -0.5413488918914667
0.023466666666666667      -0.5451666849078184
0.023533333333333333      -0.5484569113800963
0.0236                    -0.5506277999709349
0.02366666666666667       -0.5515941803613247
0.023733333333333335      -0.5518023509367215
0.0238                    -0.5520090687984902
0.023866666666666668      -0.5529235771936307
0.023933333333333334      -0.5548832179294167
0.024                     -0.5577121481324017
0.024066666666666667      -0.5608229295290483
0.024133333333333333      -0.5635060538982601
0.024200000000000003      -0.5652654206537698
0.02426666666666667       -0.5660389115029506
0.024333333333333335      -0.5662025401203717
0.0244                    -0.5663651994923283
0.024466666666666668      -0.5670631308973714
0.024533333333333334      -0.568507304577524
0.0246                    -0.5705037650316543
0.024666666666666667      -0.5725769585777293
0.024733333333333333      -0.5742250307798556
0.024800000000000003      -0.5751731800273251
0.02486666666666667       -0.5754970118471537
0.024933333333333335      -0.5755591630360612
0.025                     -0.5758014003863482
0.025066666666666668      -0.5765080114519834
0.025133333333333334      -0.5776664959407989
0.0252                    -0.5789954003298252
0.025266666666666666      -0.5801179827975577
0.025333333333333336      -0.5807823274571828
0.025400000000000002      -0.5810046850627203
0.02546666666666667       -0.5810565682077882
0.025533333333333335      -0.5813042119542509
0.0256                    -0.5819926329909418
0.025666666666666667      -0.5830988517258507
0.025733333333333334      -0.5843416190698393
0.0258                    -0.5853477510994533
0.025866666666666666      -0.5858845008942162
0.025933333333333336      -0.5860236929388634
0.026000000000000002      -0.5861344454883314
0.02606666666666667       -0.586694463367985
0.026133333333333335      -0.5880153053458399
0.0262                    -0.5900351303206742
0.026266666666666667      -0.5923078946080481
0.026333333333333334      -0.5942188046803195
0.0264                    -0.5953297835610106
0.02646666666666667       -0.5956724620545624
0.026533333333333336      -0.595813355519476
0.026600000000000002      -0.5966238563676522
0.02666666666666667       -0.5988453638377262
0.026733333333333335      -0.602663040983098
0.0268                    -0.6075215591432048
0.026866666666666667      -0.6123153844041502
0.026933333333333333      -0.6159043107321881
0.027                     -0.6177240146765769
0.02706666666666667       -0.618177588373743
0.027133333333333336      -0.61857032032256
0.027200000000000002      -0.6205660195320755
0.027266666666666668      -0.6253912518804268
0.027333333333333334      -0.6331629061582076
0.0274                    -0.6426886447766876
0.027466666666666667      -0.6518961218580538
0.027533333333333333      -0.6587573303551929
0.027600000000000003      -0.6623070858289222
0.02766666666666667       -0.6632503791327684
0.027733333333333336      -0.6638050728972639
0.027800000000000002      -0.6667866667651738
0.027866666666666668      -0.674321531719993
0.027933333333333334      -0.6867728041195726
0.028                     -0.7023962387970069
0.028066666666666667      -0.7179536219485737
0.028133333333333333      -0.7300993406790978
0.028200000000000003      -0.7369630323294734
0.02826666666666667       -0.7391728998317901
0.028333333333333335      -0.7397619321281091
0.0284                    -0.7429262694471861
0.028466666666666668      -0.752170664821054
0.028533333333333334      -0.7686659910740448
0.0286                    -0.7905548201400413
0.028666666666666667      -0.8135676233709487
0.028733333333333336      -0.8327884652186384
0.028800000000000003      -0.8448734044757591
0.02886666666666667       -0.8497052575109908
0.028933333333333335      -0.8506301525221577
0.029                     -0.8530876531007415
0.029066666666666668      -0.8622444613577662
0.029133333333333334      -0.8806914589166381
0.0292                    -0.9071919456366901
0.029266666666666667      -0.9370315221111009
0.029333333333333336      -0.9639155480976674
0.029400000000000003      -0.9827094593721917
0.02946666666666667       -0.9918250742932271
0.029533333333333335      -0.9940736449657246
0.0296                    -0.9955048199983464
0.029666666666666668      -1.0027688633782175
0.029733333333333334      -1.0202215468118871
0.0298                    -1.0480081530034904
0.029866666666666666      -1.0818931056700407
0.029933333333333336      -1.1149448901744714
0.030000000000000002      -1.1404788679197249
0.03006666666666667       -1.155038192247323
0.030133333333333335      -1.1600061844491272
0.0302                    -1.1610171035642978
0.030266666666666667      -1.1654496378618915
0.030333333333333334      -1.1792161641623802
0.0304                    -1.2042606998989789
0.03046666666666667       -1.2377429555118291
0.030533333333333336      -1.2732021651328964
0.030600000000000002      -1.303278479908529
0.03066666666666667       -1.322907264815616
0.030733333333333335      -1.3315528630944269
0.0308                    -1.3333904848817502
0.030866666666666667      -1.3353628022797137
0.030933333333333334      -1.3441019845856457
0.031                     -1.3631379394748793
0.03106666666666667       -1.391515198902782
0.031133333333333336      -1.4242855259367035
0.031200000000000002      -1.454645978775078
0.031266666666666665      -1.4768636575239003
0.03133333333333334       -1.4887267777420912
0.031400000000000004      -1.492389328389236
0.03146666666666667       -1.4932405206795325
0.03153333333333334       -1.4974220835226293
0.0316                    -1.5091991480441638
0.03166666666666667       -1.5292996162065642
0.031733333333333336      -1.5548038856978739
0.0318                    -1.5805315380940677
0.03186666666666667       -1.601313974801363
0.031933333333333334      -1.6141785282360561
0.032                     -1.61948181099832
0.03206666666666667       -1.620519861466988
0.03213333333333333       -1.6218934264407596
0.0322                    -1.6274677379983475
0.032266666666666666      -1.6388415607855489
0.03233333333333333       -1.6548981448406443
0.0324                    -1.6725088212393082
0.03246666666666667       -1.6880063993548002
0.03253333333333334       -1.698762009788704
0.032600000000000004      -1.704183281911368
0.03266666666666667       -1.7057423051121106
0.032733333333333337      -1.7061162127442528
0.0328                    -1.7079227348284314
0.03286666666666667       -1.7126504094527943
0.032933333333333335      -1.7202078754924481
0.033                     -1.7291919869656427
0.03306666666666667       -1.7376641962845163
0.033133333333333334      -1.7440408563792875
0.0332                    -1.7477011841175716
0.03326666666666667       -1.7490881220693575
0.03333333333333333       -1.7493354781651582
0.0334                    -1.7496656859001845
0.033466666666666665      -1.7508659441191745
0.03353333333333333       -1.7530589978104902
0.033600000000000005      -1.755811330338212
0.03366666666666667       -1.758461535072047
0.03373333333333334       -1.7604741809197129
0.033800000000000004      -1.761650749233267
0.03386666666666667       -1.7621310738790599
0.033933333333333336      -1.7622349008236249
0.034                     -1.7622622265185461
0.03406666666666667       -1.762364898271772
0.034133333333333335      -1.7625374793012734
0.0342                    -1.7626982583414836
0.03426666666666667       -1.7627864396748458
0.034333333333333334      -1.7628090952551538
0.0344                    -1.7628188695521092
0.034466666666666666      -1.762855956380528
0.03453333333333333       -1.762910909457818
0.0346                    -1.762945039504228
0.034666666666666665      -1.7629575781538744
0.03473333333333334       -1.7630467191900878
0.034800000000000005      -1.7634054912948438
0.03486666666666667       -1.7642311560497348
0.03493333333333334       -1.76558760656483
0.035                     -1.767305846052819
0.03506666666666667       -1.7690052589993988
0.035133333333333336      -1.770261013366508
0.0352                    -1.770856048238897
0.03526666666666667       -1.7709875443391963
0.035333333333333335      -1.7712933081744295
0.0354                    -1.7726381025874
0.03546666666666667       -1.7757230147529466
0.03553333333333333       -1.7806898266648827
0.0356                    -1.786927002908869
0.035666666666666666      -1.7932177229421247
0.03573333333333333       -1.7982215293960695
0.0358                    -1.8011086948513622
0.03586666666666667       -1.802054744298949
0.03593333333333334       -1.8023253967886728
0.036000000000000004      -1.8038511347364277
0.03606666666666667       -1.8084308470099073
0.03613333333333334       -1.8168943352602975
0.0362                    -1.8286022416810013
0.03626666666666667       -1.841548847052741
0.036333333333333336      -1.8530969124558685
0.0364                    -1.8610911525171003
0.03646666666666667       -1.864881556273341
0.036533333333333334      -1.8657663289907267
0.0366                    -1.866592465312311
0.03666666666666667       -1.8706353951405688
0.03673333333333333       -1.8802146716681944
0.0368                    -1.8956266450571908
0.036866666666666666      -1.914859208389159
0.03693333333333333       -1.9342654356727613
0.037000000000000005      -1.9499988597402345
0.03706666666666667       -1.9596598176574676
0.03713333333333334       -1.9634314632566787
0.037200000000000004      -1.964147331660768
0.03726666666666667       -1.966206618332536
0.037333333333333336      -1.9737863643059683
0.0374                    -1.9890975488913523
0.03746666666666667       -2.0113890989536354
0.037533333333333335      -2.037111020453067
0.0376                    -2.061233116635509
0.03766666666666667       -2.079267153749791
0.037733333333333334      -2.089184211692114
0.0378                    -2.0923661159382414
0.037866666666666667      -2.093116804382268
0.03793333333333333       -2.096928595391932
0.038                     -2.108255992509127
0.038066666666666665      -2.128706677535461
0.03813333333333334       -2.156336993315536
0.038200000000000005      -2.1863252370595094
0.03826666666666667       -2.212821686114117
0.03833333333333334       -2.2313094090383645
0.038400000000000004      -2.240508843431317
0.03846666666666667       -2.2429614062640386
0.038533333333333336      -2.2440036643281984
0.0386                    -2.249596816805101
0.03866666666666667       -2.26395112516359
0.038733333333333335      -2.2878776455828533
0.0388                    -2.3184513924884294
0.03886666666666667       -2.3501041049800957
0.038933333333333334      -2.3767836956978883
0.039                     -2.394382524948368
0.039066666666666666      -2.4024275684659697
0.03913333333333333       -2.404270041026746
0.0392                    -2.405690042451629
0.03926666666666667       -2.41255966580298
0.03933333333333334       -2.4285554922018613
0.039400000000000004      -2.4537798568116296
0.03946666666666667       -2.484745994396115
0.03953333333333334       -2.5157161900917884
0.0396                    -2.5409298377815515
0.03966666666666667       -2.556885294925787
0.039733333333333336      -2.5637298965479833
0.0398                    -2.5651470314503277
0.03986666666666667       -2.5668122750403297
0.039933333333333335      -2.574125393243074
0.04                      -2.5901559633273252
0.04006666666666667       -2.6145457782286723
0.04013333333333333       -2.6437063757494776
0.0402                    -2.67221556473677
0.040266666666666666      -2.6949157472669856
0.04033333333333333       -2.7089207401995186
0.040400000000000005      -2.714710125965073
0.04046666666666667       -2.7158511177398004
0.04053333333333334       -2.7175040493041225
0.040600000000000004      -2.724385732231314
0.04066666666666667       -2.7390139076368323
0.04073333333333334       -2.7608507187384963
0.0408                    -2.786593011661837
0.04086666666666667       -2.811472446209003
0.040933333333333335      -2.831090521942383
0.041                     -2.843094072077906
0.04106666666666667       -2.848021721312569
0.041133333333333334      -2.8489870680398406
0.0412                    -2.8503745519777657
0.04126666666666667       -2.8561278215538133
0.04133333333333333       -2.8683105942269878
0.0414                    -2.886437949990539
0.041466666666666666      -2.907761032517175
0.04153333333333334       -2.9283640215005864
0.041600000000000005      -2.9446618645114233
0.04166666666666667       -2.9547340447685437
0.04173333333333334       -2.9589784470555553
0.041800000000000004      -2.9598464699550715
0.04186666666666667       -2.9608116927318084
0.041933333333333336      -2.9650259291476995
0.042                     -2.9741900499093914
0.04206666666666667       -2.9880261256213227
0.042133333333333335      -3.0044892347591237
0.0422                    -3.0206008987895316
0.04226666666666667       -3.0335818416447853
0.042333333333333334      -3.0418599693045927
0.0424                    -3.045579096929321
0.042466666666666666      -3.046438065877556
0.04253333333333333       -3.0469654183085284
0.0426                    -3.0495482039806507
0.04266666666666667       -3.0555925252518614
0.04273333333333334       -3.065100676684342
0.042800000000000005      -3.0767735429582332
0.04286666666666667       -3.0885610181261365
0.04293333333333334       -3.0984389309262035
0.043000000000000003      -3.1051242020301006
0.04306666666666667       -3.108474664029374
0.043133333333333336      -3.109450021242393
0.0432                    -3.1096843906047136
0.04326666666666667       -3.11086144597265
0.043333333333333335      -3.114133415694182
0.0434                    -3.1197792157906057
0.04346666666666667       -3.127190972000708
0.043533333333333334      -3.1351594528004734
0.0436                    -3.142334732126006
0.043666666666666666      -3.147692124104692
0.04373333333333333       -3.1508458763324305
0.0438                    -3.1521186956503087
0.04386666666666667       -3.152368548495563
0.04393333333333334       -3.1526578830752907
0.044000000000000004      -3.1538932242040243
0.04406666666666667       -3.156555205331801
0.04413333333333334       -3.160592873396744
0.0442                    -3.1654946258640178
0.04426666666666667       -3.1704930046136512
0.044333333333333336      -3.174826002278045
0.0444                    -3.1779698549869577
0.04446666666666667       -3.1797765361631782
0.044533333333333334      -3.180485427896158
0.0446                    -3.1806198925456615
0.04466666666666667       -3.1808120054430273
0.04473333333333333       -3.181613570884012
0.0448                    -3.1833473827770313
0.044866666666666666      -3.1860346101594135
0.04493333333333333       -3.189409995477262
0.045000000000000005      -3.1930132981601993
0.04506666666666667       -3.196327850977712
0.04513333333333334       -3.1989278094438003
0.045200000000000004      -3.2005956613848303
0.04526666666666667       -3.201380393969368
0.04533333333333334       -3.201582331929367
0.0454                    -3.2016694243363193
0.04546666666666667       -3.2021471758902282
0.045533333333333335      -3.203416368626377
0.0456                    -3.205656508148919
0.04566666666666667       -3.2087676885844907
0.045733333333333334      -3.212390082429329
0.0458                    -3.2160007308918246
0.04586666666666667       -3.21906547964086
0.04593333333333333       -3.2212051905706875
0.046                     -3.2223261417464184
0.046066666666666665      -3.2226699842041997
0.04613333333333334       -3.222759761741323
0.046200000000000005      -3.2232502958192373
0.04626666666666667       -3.224723684259521
0.04633333333333334       -3.227492549175925
0.046400000000000004      -3.2314768824902442
0.04646666666666667       -3.2362023824600765
0.046533333333333336      -3.240932561345934
0.0466                    -3.2449025987288764
0.04666666666666667       -3.24758340891597
0.046733333333333335      -3.248885029666215
0.0468                    -3.249220580660832
0.04686666666666667       -3.249395872465332
0.046933333333333334      -3.2503511855609672
0.047                     -3.2528375437525203
0.047066666666666666      -3.257138471841234
0.04713333333333333       -3.2629390723092695
0.0472                    -3.269399607117661
0.04726666666666667       -3.2754231558328377
0.04733333333333334       -3.280036082302949
0.047400000000000005      -3.2827504122845315
0.04746666666666667       -3.283771634695118
0.04753333333333334       -3.2839633369953996
0.0476                    -3.2845675196432547
0.04766666666666667       -3.286771970467721
0.047733333333333336      -3.2912760904465626
0.0478                    -3.298012056999842
0.04786666666666667       -3.30612929933019
0.047933333333333335      -3.314263207103915
0.048                     -3.3210088222990066
0.04806666666666667       -3.325438164553991
0.048133333333333334      -3.3274691985203986
0.0482                    -3.3279370030601605
0.048266666666666666      -3.3283251213756095
0.04833333333333333       -3.330245011465496
0.048400000000000006      -3.334848697960369
0.04846666666666667       -3.3423868492772453
0.04853333333333334       -3.352076896875685
0.048600000000000004      -3.3623431193182367
0.04866666666666667       -3.371362726390046
0.04873333333333334       -3.3777350782980875
0.0488                    -3.3810281724516282
0.04886666666666667       -3.381984269336445
0.048933333333333336      -3.3822882936178105
0.049                     -3.383972105947302
0.04906666666666667       -3.3886699031254226
0.049133333333333334      -3.396996580586606
0.0492                    -3.408278641636123
0.04926666666666667       -3.42074925197892
0.04933333333333333       -3.4321613830392073
0.0494                    -3.4406169309751204
0.049466666666666666      -3.4453078040135887
0.04953333333333334       -3.446872120785574
0.049600000000000005      -3.4472046181603613
0.04966666666666667       -3.448776386184828
0.04973333333333334       -3.45371565246998
0.049800000000000004      -3.4629923117515653
0.04986666666666667       -3.4760098261754795
0.049933333333333337      -3.490768220751279
0.05                      -3.50456720571888
0.05006666666666667       -3.5150174842672746
0.050133333333333335      -3.520985079290411
0.0502                    -3.5230838384353618
0.05026666666666667       -3.5234925055605664
0.050333333333333334      -3.525148710658586
0.0504                    -3.530629690912532
0.05046666666666667       -3.5411492011101906
0.05053333333333333       -3.5560498899049673
0.0506                    -3.572993453318471
0.05066666666666667       -3.5888086580256706
0.05073333333333334       -3.600708724397287
0.050800000000000005      -3.6074134851157225
0.05086666666666667       -3.609706223114867
0.05093333333333334       -3.610167413955354
0.051000000000000004      -3.612177837082546
0.05106666666666667       -3.618593068212162
0.051133333333333336      -3.630612868661715
0.0512                    -3.6472788318032086
0.05126666666666667       -3.665800548790354
0.051333333333333335      -3.6826148861035604
0.0514                    -3.694796465201289
0.05146666666666667       -3.701257995267701
0.051533333333333334      -3.7032213174529955
0.0516                    -3.7037368765335814
0.051666666666666666      -3.706450341420359
0.05173333333333333       -3.7141354059835936
0.051800000000000006      -3.7275837968415453
0.05186666666666667       -3.745279562608185
0.05193333333333334       -3.7639860953536237
0.052000000000000005      -3.780036749365819
0.05206666666666667       -3.7908302384389225
0.05213333333333334       -3.7959070484945756
0.0522                    -3.7971297214101494
0.05226666666666667       -3.7978838943219193
0.052333333333333336      -3.801659279347784
0.0524                    -3.8106223047859182
0.05246666666666667       -3.824757647825008
0.052533333333333335      -3.84190308792224
0.0526                    -3.858655172813092
0.05266666666666667       -3.871785610990654
0.05273333333333333       -3.879583122161581
0.0528                    -3.8825393471011926
0.052866666666666666      -3.883078720670637
0.05293333333333334       -3.884472972574658
0.053000000000000005      -3.88944237073553
0.05306666666666667       -3.8990477200559392
0.05313333333333334       -3.912313132876707
0.053200000000000004      -3.9267036910697364
0.05326666666666667       -3.9392405902539354
0.05333333333333334       -3.9477757866559804
0.0534                    -3.951871973681931
0.05346666666666667       -3.9529062955770584
0.053533333333333336      -3.953379477506991
0.0536                    -3.955778231859898
0.05366666666666667       -3.9615152923829444
0.053733333333333334      -3.970395093107848
0.0538                    -3.9807978547161023
0.05386666666666667       -3.9904654718667887
0.05393333333333333       -3.997523373412815
0.054                     -4.001277404103114
0.05406666666666667       -4.0024365204766275
0.05413333333333334       -4.0026912956887655
0.054200000000000005      -4.0038838366475185
0.05426666666666667       -4.0071766465960215
0.05433333333333334       -4.012593750106904
0.054400000000000004      -4.019109919956994
0.05446666666666667       -4.02520822628413
0.054533333333333336      -4.02962121297212
0.0546                    -4.0319004315960445
0.05466666666666667       -4.032556504032197
0.054733333333333335      -4.0327326818450056
0.0548                    -4.033604232813996
0.05486666666666667       -4.035814594902226
0.054933333333333334      -4.039216695612151
0.055                     -4.043021124115176
0.05506666666666667       -4.0462505070323065
0.05513333333333333       -4.048255711688575
0.055200000000000006      -4.0490300925298905
0.05526666666666667       -4.0491721635949425
0.05533333333333334       -4.0495351966117745
0.055400000000000005      -4.05076279728464
0.05546666666666667       -4.052958870350148
0.05553333333333334       -4.055659853226265
0.055600000000000004      -4.058114655085879
0.05566666666666667       -4.059716583091793
0.055733333333333336      -4.060352049826321
0.0558                    -4.060475528766157
0.05586666666666667       -4.0608682366390925
0.055933333333333335      -4.062209940044596
0.056                     -4.064695296872469
0.05606666666666667       -4.067905168564064
0.056133333333333334      -4.071012225831916
0.0562                    -4.073224640065468
0.056266666666666666      -4.074238929374564
0.05633333333333334       -4.074455041772478
0.056400000000000006      -4.074821735394304
0.05646666666666667       -4.07637295545528
0.05653333333333334       -4.0796832207289855
0.056600000000000004      -4.084522947570875
0.05666666666666667       -4.089906700832885
0.05673333333333334       -4.0945395368353585
0.0568                    -4.097463559122172
0.05686666666666667       -4.098586827281282
0.056933333333333336      -4.098811818875021
0.057                     -4.09966853473196
0.05706666666666667       -4.102605837659561
0.057133333333333335      -4.108272233790552
0.0572                    -4.116135584521861
0.05726666666666667       -4.124646284669831
0.05733333333333333       -4.131904069918164
0.0574                    -4.1365445760618345
0.05746666666666667       -4.13843032827862
0.05753333333333334       -4.138795387681617
0.057600000000000005      -4.139743889020886
0.05766666666666667       -4.143315804326762
0.05773333333333334       -4.150542570161951
0.057800000000000004      -4.160923568686138
0.05786666666666667       -4.172574302470002
0.05793333333333334       -4.183010192903353
0.058                     -4.1902431911438285
0.05806666666666667       -4.1937010106724
0.058133333333333335      -4.194531154527249
0.0582                    -4.1951290009284
0.05826666666666667       -4.198096776546986
0.058333333333333334      -4.205100904453567
0.0584                    -4.216127936017206
0.05846666666666667       -4.229458180103866
0.05853333333333333       -4.2423761312335255
0.058600000000000006      -4.252327341780062
0.05866666666666667       -4.258024449213216
0.05873333333333334       -4.260005856208439
0.058800000000000005      -4.260391433447468
0.05886666666666667       -4.2619538183166465
0.05893333333333334       -4.266931069919925
0.059000000000000004      -4.276095751700376
0.05906666666666667       -4.288457065256628
0.059133333333333336      -4.301699239365006
0.0592                    -4.313162495508366
0.05926666666666667       -4.3209511419737385
0.059333333333333335      -4.324695394311488
0.0594                    -4.32564561826567
0.05946666666666667       -4.326083492991165
0.059533333333333334      -4.328338362195477
0.0596                    -4.333844678580362
0.059666666666666666      -4.342618917721849
0.05973333333333333       -4.353332501034316
0.059800000000000006      -4.363912309610505
0.05986666666666667       -4.372400190450073
0.05993333333333334       -4.377712840367018
0.060000000000000005      -4.380000373360381
0.06006666666666667       -4.380486945011376
0.06013333333333334       -4.380903783233711
0.060200000000000004      -4.382782745817849
0.06026666666666667       -4.386901714290359
0.060333333333333336      -4.3930745442639605
0.0604                    -4.4003218829794415
0.06046666666666667       -4.407313747958811
0.060533333333333335      -4.412888406848967
0.0606                    -4.416447170264907
0.06066666666666667       -4.418095851077407
0.060733333333333334      -4.418516728881331
0.0608                    -4.418658778659586
0.060866666666666666      -4.419386215642026
0.06093333333333334       -4.421213850685473
0.061000000000000006      -4.424201149985073
0.06106666666666667       -4.428008022559454
0.06113333333333334       -4.432062174449842
0.061200000000000004      -4.4357642295344615
0.06126666666666667       -4.438662582830075
0.06133333333333334       -4.440555472661326
0.0614                    -4.441509442392574
0.06146666666666667       -4.441809088609237
0.061533333333333336      -4.441866123544828
0.0616                    -4.4421163451171015
0.06166666666666667       -4.442925912250178
0.061733333333333335      -4.444519460247261
0.0618                    -4.446936419505517
0.06186666666666667       -4.450019657192794
0.06193333333333333       -4.4534405762846605
0.062                     -4.456763722096162
0.06206666666666667       -4.459548448230671
0.06213333333333334       -4.461473963526076
0.062200000000000005      -4.462459473468812
0.06226666666666667       -4.462739554995699
0.06233333333333334       -4.462854834752127
0.062400000000000004      -4.463535653721417
0.06246666666666667       -4.465490863796956
0.06253333333333333       -4.469155421441969
0.0626                    -4.474482800526364
0.06266666666666668       -4.48087461390935
0.06273333333333334       -4.487309292176398
0.06280000000000001       -4.492665143713489
0.06286666666666667       -4.496148251589853
0.06293333333333334       -4.497667001108468
0.063                     -4.497982715490716
0.06306666666666667       -4.498531980808878
0.06313333333333333       -4.500943675501839
0.0632                    -4.5064090414790865
0.06326666666666667       -4.515145572986845
0.06333333333333334       -4.526187913974531
0.0634                    -4.53763782568701
0.06346666666666667       -4.547335271553791
0.06353333333333333       -4.55372545096744
0.0636                    -4.556571492510178
0.06366666666666666       -4.557180343990536
0.06373333333333334       -4.557993182137655
0.06380000000000001       -4.56166594286713
0.06386666666666667       -4.569994272425525
0.06393333333333334       -4.583115578882339
0.064                     -4.5993291710483515
0.06406666666666667       -4.615655885572647
0.06413333333333333       -4.628974495396945
0.06420000000000001       -4.637309216115997
0.06426666666666667       -4.640721414076294
0.06433333333333334       -4.641382944343407
0.0644                    -4.642758624970867
0.06446666666666667       -4.648225502787343
0.06453333333333333       -4.659695576015178
0.0646                    -4.6767942547502
0.06466666666666666       -4.696927990129318
0.06473333333333334       -4.71624847678291
0.0648                    -4.7311739867969935
0.06486666666666667       -4.739865839861172
0.06493333333333334       -4.743020934769425
0.065                     -4.743611968408846
0.06506666666666668       -4.7456810592275325
0.06513333333333333       -4.752709762942672
0.06520000000000001       -4.766236060637644
0.06526666666666667       -4.785248015425068
0.06533333333333334       -4.80657248069604
0.0654                    -4.8261154272695865
0.06546666666666667       -4.8404847222462095
0.06553333333333333       -4.848342600987856
0.0656                    -4.850914771503058
0.06566666666666666       -4.851444896884177
0.06573333333333334       -4.853855757105878
0.0658                    -4.861201409466719
0.06586666666666667       -4.87452498751899
0.06593333333333333       -4.892524204722107
0.066                     -4.91210868238502
0.06606666666666668       -4.929618417248986
0.06613333333333334       -4.942233728498223
0.06620000000000001       -4.949024361373856
0.06626666666666667       -4.9512263950589395
0.06633333333333334       -4.951667426357632
0.0664                    -4.95362135263189
0.06646666666666667       -4.959578141591244
0.06653333333333333       -4.970388851851867
0.0666                    -4.985054898746389
0.06666666666666667       -5.0011836516719965
0.06673333333333334       -5.015911084407259
0.0668                    -5.026944922425592
0.06686666666666667       -5.033349412907333
0.06693333333333333       -5.0357995602736105
0.067                     -5.036246869617806
0.06706666666666666       -5.037165281603954
0.06713333333333334       -5.040681242889989
0.06720000000000001       -5.04789198542748
0.06726666666666667       -5.058571993045348
0.06733333333333334       -5.0713226512024345
0.0674                    -5.084084798794902
0.06746666666666667       -5.094835272066943
0.06753333333333333       -5.102242735724232
0.06760000000000001       -5.106077886649159
0.06766666666666667       -5.107257827871027
0.06773333333333334       -5.107527424285168
0.0678                    -5.108895234186708
0.06786666666666667       -5.113007043986391
0.06793333333333333       -5.120642627823902
0.068                     -5.131474879375514
0.06806666666666666       -5.14415771495266
0.06813333333333334       -5.156726163929846
0.0682                    -5.167208026482949
0.06826666666666667       -5.1742749823910215
0.06833333333333334       -5.177727131950867
0.0684                    -5.178635259406773
0.06846666666666668       -5.179064867815858
0.06853333333333333       -5.181444768775984
0.06860000000000001       -5.187767480847555
0.06866666666666667       -5.1988742967273
0.06873333333333334       -5.214068748577655
0.0688                    -5.231224194104209
0.06886666666666667       -5.247414854739096
0.06893333333333333       -5.259921170680934
0.069                     -5.267285053818419
0.06906666666666667       -5.270003352218673
0.06913333333333334       -5.270530649003032
0.0692                    -5.27251579152267
0.06926666666666667       -5.2795088866142255
0.06933333333333333       -5.293596712956874
0.0694                    -5.31447165769505
0.06946666666666668       -5.339321243818055
0.06953333333333334       -5.36368201519116
0.06960000000000001       -5.383063969869191
0.06966666666666667       -5.3947899111103235
0.06973333333333334       -5.39927906392546
0.0698                    -5.400135883310416
0.06986666666666667       -5.402902488687297
0.06993333333333333       -5.4129365551667386
0.07                      -5.433246873589623
0.07006666666666667       -5.463122647798419
0.07013333333333334       -5.498123870335391
0.0702                    -5.531575229571476
0.07026666666666667       -5.557160758681981
0.07033333333333333       -5.571650176437524
0.0704                    -5.576518103510738
0.07046666666666666       -5.577588997537676
0.07053333333333334       -5.58277301350786
0.07060000000000001       -5.598865394716959
0.07066666666666667       -5.628725778771241
0.07073333333333334       -5.669917017767897
0.0708                    -5.7153684012202755
0.07086666666666668       -5.75599722309149
0.07093333333333333       -5.7844564131989165
0.07100000000000001       -5.798460149284333
0.07106666666666667       -5.802038757022528
0.07113333333333334       -5.803983756363984
0.0712                    -5.814188755272792
0.07126666666666667       -5.839550183584454
0.07133333333333333       -5.881082297199818
0.0714                    -5.933290550482829
0.07146666666666666       -5.986114475698836
0.07153333333333334       -6.028936846331763
0.0716                    -6.055194329307597
0.07166666666666667       -6.065468126385244
0.07173333333333334       -6.067392706341115
0.0718                    -6.072362288609412
0.07186666666666668       -6.090677125908996
0.07193333333333334       -6.127289296331812
0.07200000000000001       -6.179734063928487
0.07206666666666667       -6.238942059088846
0.07213333333333334       -6.292776028373672
0.0722                    -6.331149343229898
0.07226666666666667       -6.350579626506634
0.07233333333333333       -6.3558671828027835
0.0724                    -6.3579414677065635
0.07246666666666667       -6.369021195458133
0.07253333333333334       -6.397456722122513
0.0726                    -6.444360274371519
0.07266666666666667       -6.503137317496672
0.07273333333333333       -6.562073150668449
0.0728                    -6.609190204358724
0.07286666666666668       -6.637516289928236
0.07293333333333334       -6.648270377073201
0.07300000000000001       -6.65024877952656
0.07306666666666667       -6.655759513215588
0.07313333333333334       -6.675244146181976
0.0732                    -6.713004864093963
0.07326666666666667       -6.765567219083075
0.07333333333333333       -6.823136774413699
0.0734                    -6.873672497494966
0.07346666666666667       -6.908101342272696
0.07353333333333334       -6.924373589996341
0.0736                    -6.928288279867065
0.07366666666666667       -6.930670316573256
0.07373333333333333       -6.942461352286642
0.0738                    -6.970106113490165
0.07386666666666666       -7.013059711680214
0.07393333333333334       -7.0641759403407
0.07400000000000001       -7.112769256431292
0.07406666666666667       -7.149233491198612
0.07413333333333334       -7.169282392874397
0.0742                    -7.175765055640364
0.07426666666666668       -7.177141069594089
0.07433333333333333       -7.183503587592367
0.07440000000000001       -7.202180427694483
0.07446666666666667       -7.234805914162685
0.07453333333333334       -7.276863930165694
0.0746                    -7.319746313891255
0.07466666666666667       -7.354520998888564
0.07473333333333333       -7.375863047436754
0.0748                    -7.384337467157635
0.07486666666666666       -7.385920333952654
0.07493333333333334       -7.389089584365324
0.075                     -7.401017345172189
0.07506666666666667       -7.424601789127515
0.07513333333333334       -7.457457437209301
0.0752                    -7.493123787574726
0.07526666666666668       -7.523959410409697
0.07533333333333334       -7.544523544204534
0.07540000000000001       -7.553932429687756
0.07546666666666667       -7.556076245377059
0.07553333333333334       -7.557659222536475
0.0756                    -7.5651154889973515
0.07566666666666667       -7.581861285965062
0.07573333333333333       -7.606997609149434
0.0758                    -7.6358783327513615
0.07586666666666667       -7.66224401992914
0.07593333333333334       -7.681018594364516
0.076                     -7.690535188080498
0.07606666666666667       -7.693160546951097
0.07613333333333333       -7.694064385541325
0.0762                    -7.698804469805277
0.07626666666666668       -7.710894176763778
0.07633333333333334       -7.730388661607498
0.07640000000000001       -7.7540001699660275
0.07646666666666667       -7.776632557716169
0.07653333333333334       -7.793673788810235
0.0766                    -7.803042654292898
0.07666666666666667       -7.806053249964822
0.07673333333333333       -7.806713705334233
0.07680000000000001       -7.809846788750781
0.07686666666666667       -7.81894676118013
0.07693333333333334       -7.834713994431278
0.077                     -7.85483832440751
0.07706666666666667       -7.875075635633689
0.07713333333333333       -7.89115289020139
0.0772                    -7.900676787846104
0.07726666666666666       -7.904181039765378
0.07733333333333334       -7.904830516109801
0.07740000000000001       -7.906951209255318
0.07746666666666667       -7.914098737375524
0.07753333333333334       -7.927528580135828
0.0776                    -7.945692573733575
0.07766666666666668       -7.964942898685507
0.07773333333333333       -7.981146364812352
0.07780000000000001       -7.991525445123395
0.07786666666666667       -7.995903637769864
0.07793333333333334       -7.99677418953761
0.078                     -7.998167499107176
0.07806666666666667       -8.003859808143549
0.07813333333333333       -8.015730594996588
0.0782                    -8.0329575757563
0.07826666666666666       -8.052367983581654
0.07833333333333334       -8.06980742051082
0.0784                    -8.081967446021748
0.07846666666666667       -8.087874614980818
0.07853333333333334       -8.089348362177052
0.0786                    -8.09020369716513
0.07866666666666668       -8.094572582918069
0.07873333333333334       -8.105104952103762
0.07880000000000001       -8.121816891769878
0.07886666666666667       -8.142054515320478
0.07893333333333334       -8.161600542329422
0.079                     -8.176494516536799
0.07906666666666667       -8.184798835950177
0.07913333333333333       -8.187502488584643
0.0792                    -8.188119360657792
0.07926666666666667       -8.191158730828295
0.07933333333333334       -8.200166507531852
0.0794                    -8.216187121384257
0.07946666666666667       -8.23727837364775
0.07953333333333333       -8.25928676912861
0.0796                    -8.277603073610205
0.07966666666666668       -8.289187027647305
0.07973333333333334       -8.293958671415051
0.07980000000000001       -8.29488412508205
0.07986666666666667       -8.296694603802607
0.07993333333333334       -8.303829950878777
0.08                      -8.318519452921167
0.08006666666666667       -8.33979963219604
0.08013333333333333       -8.363868708528505
0.08020000000000001       -8.38566624948097
0.08026666666666667       -8.401063426811
0.08033333333333334       -8.408717894304367
0.0804                    -8.410716433352725
0.08046666666666667       -8.411675145879876
0.08053333333333333       -8.416717567162047
0.0806                    -8.42925509857681
0.08066666666666666       -8.449516867524677
0.08073333333333334       -8.47441905741377
0.08080000000000001       -8.498839734249811
0.08086666666666667       -8.517815398447537
0.08093333333333334       -8.528738242018484
0.081                     -8.532541638611645
0.08106666666666668       -8.533289023647287
0.08113333333333334       -8.536361477569208
0.08120000000000001       -8.546101908914853
0.08126666666666667       -8.563955150163986
0.08133333333333334       -8.587858136629652
0.0814                    -8.613113952261026
0.08146666666666667       -8.634411655385085
0.08153333333333333       -8.648158072186819
0.0816                    -8.654073041949804
0.08166666666666667       -8.655283421885212
0.08173333333333334       -8.656878026324383
0.0818                    -8.663635351181942
0.08186666666666667       -8.677965476024335
0.08193333333333334       -8.698923494253572
0.082                     -8.722662969374383
0.08206666666666668       -8.744128897021495
0.08213333333333334       -8.75928181698449
0.08220000000000001       -8.766867683203735
0.08226666666666667       -8.768907688483008
0.08233333333333334       -8.769694193456415
0.0824                    -8.773815105716844
0.08246666666666667       -8.784147867847484
0.08253333333333333       -8.80068833815245
0.0826                    -8.820657246751576
0.08266666666666667       -8.83979280910956
0.08273333333333334       -8.854258462224054
0.0828                    -8.862316806557796
0.08286666666666667       -8.865005885057577
0.08293333333333333       -8.86553216971232
0.083                     -8.867727601312291
0.08306666666666668       -8.874335148577995
0.08313333333333334       -8.885889092594667
0.08320000000000001       -8.900623295013173
0.08326666666666667       -8.91537958330712
0.08333333333333334       -8.927074939842043
0.0834                    -8.934055412338065
0.08346666666666668       -8.93672640973664
0.08353333333333333       -8.93720879009025
0.08360000000000001       -8.93825121519048
0.08366666666666667       -8.941961767824365
0.08373333333333334       -8.948944750457217
0.0838                    -8.958182291503206
0.08386666666666667       -8.96764214853066
0.08393333333333333       -8.975280286398355
0.084                     -8.979955080627434
0.08406666666666666       -8.981841619123223
0.08413333333333334       -8.982200272824896
0.08420000000000001       -8.982675879125122
0.08426666666666667       -8.984508921317541
0.08433333333333334       -8.988034454275338
0.0844                    -8.992662199885677
0.08446666666666668       -8.997285072625857
0.08453333333333334       -9.00087151848757
0.08460000000000001       -9.002938429430408
0.08466666666666667       -9.003693298035374
0.08473333333333334       -9.003822121796258
0.0848                    -9.004079316183438
0.08486666666666667       -9.004913713271653
0.08493333333333333       -9.006312378623475
0.085                     -9.007906425517723
0.08506666666666667       -9.00924188000366
0.08513333333333334       -9.010046082044873
0.0852                    -9.010346193789887
0.08526666666666667       -9.010397537747837
0.08533333333333334       -9.010492629154284
0.0854                    -9.010781477206985
0.08546666666666668       -9.011210816925184
0.08553333333333334       -9.01160554526066
0.08560000000000001       -9.011824498264689
0.08566666666666667       -9.011879724833605
0.08573333333333334       -9.0119376983394
0.0858                    -9.012202286373714
0.08586666666666667       -9.012760500524742
0.08593333333333333       -9.013501014099765
0.08600000000000001       -9.014172486033543
0.08606666666666667       -9.014558386220997
0.08613333333333334       -9.014662101293727
0.0862                    -9.014774585587494
0.08626666666666667       -9.015356770975052
0.08633333333333333       -9.016780489234508
0.0864                    -9.019069692177746
0.08646666666666666       -9.021806497608395
0.08653333333333334       -9.02429222648703
0.08660000000000001       -9.025913837517244
0.08666666666666667       -9.026533706113636
0.08673333333333334       -9.02667559918987
0.0868                    -9.027363102748593
0.08686666666666668       -9.02964646715986
0.08693333333333333       -9.03403483787918
0.08700000000000001       -9.040131541593908
0.08706666666666667       -9.046700252779706
0.08713333333333334       -9.05219153833519
0.0872                    -9.05551642812356
0.08726666666666667       -9.056687259549035
0.08733333333333333       -9.056964388328709
0.0874                    -9.0583711298557
0.08746666666666666       -9.062761792126834
0.08753333333333334       -9.070873557160573
0.0876                    -9.081834218104849
0.08766666666666667       -9.093416228203921
0.08773333333333334       -9.102994565262245
0.0878                    -9.108809573380945
0.08786666666666668       -9.110925967795014
0.08793333333333334       -9.111365798770708
0.08800000000000001       -9.113280050690571
0.08806666666666667       -9.119510162110153
0.08813333333333334       -9.131203601803612
0.0882                    -9.147140167094669
0.08826666666666667       -9.164130737680447
0.08833333333333333       -9.178389425693766
0.0884                    -9.18730867719489
0.08846666666666667       -9.190795617164147
0.08853333333333334       -9.191463812365301
0.0886                    -9.193521735859555
0.08866666666666667       -9.200859138990635
0.08873333333333333       -9.215218812261716
0.0888                    -9.235288650191722
0.08886666666666668       -9.257153469114748
0.08893333333333334       -9.275980934730166
0.08900000000000001       -9.288246306232207
0.08906666666666667       -9.293458213828107
0.08913333333333334       -9.294497280135953
0.0892                    -9.296349923585653
0.08926666666666667       -9.303837117437482
0.08933333333333333       -9.319403638690902
0.08940000000000001       -9.34195321863459
0.08946666666666667       -9.367244042165176
0.08953333333333334       -9.389723951152387
0.0896                    -9.405052246695822
0.08966666666666667       -9.412151884158067
0.08973333333333333       -9.413762477276979
0.0898                    -9.415190193820504
0.08986666666666666       -9.421874162757792
0.08993333333333334       -9.43693040638574
0.09000000000000001       -9.45975696371272
0.09006666666666667       -9.486275287558447
0.09013333333333334       -9.510717805556583
0.0902                    -9.5282227515696
0.09026666666666668       -9.537066737137398
0.09033333333333333       -9.539447139273939
0.09040000000000001       -9.540423157217559
0.09046666666666667       -9.54556696550296
0.09053333333333334       -9.558467814781663
0.0906                    -9.579192447232238
0.09066666666666667       -9.604310174332038
0.09073333333333333       -9.628440500929685
0.0908                    -9.646663883105779
0.09086666666666667       -9.656723243666379
0.09093333333333334       -9.659979918091357
0.091                     -9.660680047324272
0.09106666666666667       -9.66394346625539
0.09113333333333334       -9.673475058882596
0.0912                    -9.690020863551943
0.09126666666666668       -9.71116796065414
0.09133333333333334       -9.732502743962353
0.09140000000000001       -9.749599479644152
0.09146666666666667       -9.759956829406802
0.09153333333333334       -9.764005326322357
0.0916                    -9.764751177318326
0.09166666666666667       -9.766299200330677
0.09173333333333333       -9.772010017855647
0.0918                    -9.783127017183
0.09186666666666667       -9.798405122902293
0.09193333333333334       -9.814808783992056
0.092                     -9.828915311737834
0.09206666666666667       -9.838389221039236
0.09213333333333333       -9.842884321144064
0.0922                    -9.844014920322163
0.09226666666666668       -9.844489992234362
0.09233333333333334       -9.84687729893128
0.09240000000000001       -9.852568651719828
0.09246666666666667       -9.861349239217736
0.09253333333333334       -9.871668629680693
0.0926                    -9.881418512167107
0.09266666666666667       -9.88884327290883
0.09273333333333333       -9.89319563264371
0.09280000000000001       -9.8948986717626
0.09286666666666667       -9.89521543942819
0.09293333333333334       -9.89563755128131
0.093                     -9.89728705598566
0.09306666666666667       -9.900565235094017
0.09313333333333333       -9.905136668532467
0.0932                    -9.910188324806658
0.09326666666666666       -9.91481102346459
0.09333333333333334       -9.91833667974708
0.09340000000000001       -9.920518002120675
0.09346666666666667       -9.921523119514834
0.09353333333333334       -9.921794003948554
0.0936                    -9.921854692520252
0.09366666666666668       -9.922147869078296
0.09373333333333334       -9.922942734019532
0.09380000000000001       -9.924317331459802
0.09386666666666667       -9.926192347713963
0.09393333333333334       -9.928386293425483
0.094                     -9.930669354277368
0.09406666666666667       -9.932806382429556
0.09413333333333333       -9.934590905832538
0.0942                    -9.935877364836802
0.09426666666666667       -9.936616869283583
0.09433333333333334       -9.93689370921273
0.0944                    -9.936948892623821
0.09446666666666667       -9.937168735647049
0.09453333333333334       -9.93801796445847
0.0946                    -9.939912916997175
0.09466666666666668       -9.94305981028781
0.09473333333333334       -9.947315143589146
0.09480000000000001       -9.952142586398438
0.09486666666666667       -9.956725744688068
0.09493333333333334       -9.96024207294099
0.095                     -9.962223012383935
0.09506666666666667       -9.96285462968843
0.09513333333333333       -9.963056803201685
0.0952                    -9.96424504044796
0.09526666666666667       -9.967812323084003
0.09533333333333334       -9.974511848278828
0.0954                    -9.984005670961816
0.09546666666666667       -9.994821575679522
0.09553333333333333       -10.004822015531955
0.0956                    -10.012068526524649
0.09566666666666668       -10.015745074429654
0.09573333333333334       -10.01670350434879
0.09580000000000001       -10.017306768842351
0.09586666666666667       -10.02055028024827
0.09593333333333334       -10.028788759765668
0.096                     -10.042606470578768
0.09606666666666668       -10.060351343037983
0.09613333333333333       -10.078621657544298
0.09620000000000001       -10.093614311320781
0.09626666666666667       -10.102827280570374
0.09633333333333334       -10.10634460358241
0.0964                    -10.107027708147625
0.09646666666666667       -10.109424645248863
0.09653333333333333       -10.117834693249666
0.0966                    -10.134369494997005
0.09666666666666666       -10.15785856846926
0.09673333333333334       -10.184122520847183
0.09680000000000001       -10.207617003740314
0.09686666666666667       -10.223853243327433
0.09693333333333334       -10.231533936536103
0.097                     -10.233330821812013
0.09706666666666668       -10.234834893870259
0.09713333333333334       -10.24213039775185
0.09720000000000001       -10.25909965648797
0.09726666666666667       -10.285631938544757
0.09733333333333334       -10.317500652964679
0.0974                    -10.34803838905345
0.09746666666666667       -10.371018830630565
0.09753333333333333       -10.383519918963769
0.0976                    -10.387372151580552
0.09766666666666667       -10.388403826264426
0.09773333333333334       -10.39382913550942
0.0978                    -10.40903808150134
0.09786666666666667       -10.43521921777371
0.09793333333333334       -10.468785681303396
0.098                     -10.50285191035286
0.09806666666666668       -10.530224411513782
0.09813333333333334       -10.546655308134905
0.09820000000000001       -10.552813748806628
0.09826666666666667       -10.553954170551583
0.09833333333333334       -10.557453444481055
0.0984                    -10.5694669481117
0.09846666666666667       -10.592248887723594
0.09853333333333333       -10.623230638979603
0.09860000000000001       -10.65618369197943
0.09866666666666667       -10.683993798395562
0.09873333333333334       -10.701870088575294
0.0988                    -10.709492803341096
0.09886666666666667       -10.711032484715442
0.09893333333333333       -10.713072569706155
0.099                     -10.721539746433482
0.09906666666666668       -10.739112138003193
0.09913333333333334       -10.764187567649566
0.09920000000000001       -10.791752612741469
0.09926666666666667       -10.815728453601851
0.09933333333333334       -10.83174891300657
0.0994                    -10.839077145813757
0.09946666666666668       -10.840746546416721
0.09953333333333333       -10.84192966405794
0.09960000000000001       -10.84743948795116
0.09966666666666667       -10.85959547476432
0.09973333333333334       -10.877370383777105
0.0998                    -10.897085339728976
0.09986666666666667       -10.91425460611429
0.09993333333333333       -10.925697350708145
0.1                       -10.930914935521033
0.10006666666666666       -10.932103458930026
0.10013333333333334       -10.932887326093638
0.10020000000000001       -10.93649856535438
0.10026666666666667       -10.944320870860933
0.10033333333333334       -10.955436480659673
0.1004                    -10.96728814716753
0.10046666666666668       -10.97705606840588
0.10053333333333334       -10.983042999266353
0.10060000000000001       -10.985390162049356
0.10066666666666667       -10.985818639670008
0.10073333333333334       -10.986612924893205
0.1008                    -10.989432583454617
0.10086666666666667       -10.99456332166062
0.10093333333333333       -11.00093564718712
0.101                     -11.006830300446886
0.10106666666666667       -11.010854485401339
0.10113333333333334       -11.012660795507758
0.1012                    -11.013045989506917
0.10126666666666667       -11.013422197184306
0.10133333333333334       -11.014994493982941
0.1014                    -11.018113771470428
0.10146666666666668       -11.022146832232341
0.10153333333333334       -11.025907933747925
0.10160000000000001       -11.02838982565123
0.10166666666666667       -11.029372929873276
0.10173333333333334       -11.02956493597058
0.1018                    -11.030194114210062
0.10186666666666667       -11.032293029487883
0.10193333333333333       -11.03608343289195
0.10200000000000001       -11.040816302017657
0.10206666666666667       -11.045172782316984
0.10213333333333334       -11.048022354036346
0.1022                    -11.049122689508568
0.10226666666666667       -11.049354298633201
0.10233333333333333       -11.050325801146801
0.1024                    -11.05353391410485
0.10246666666666668       -11.059516777994421
0.10253333333333334       -11.06746198258963
0.10260000000000001       -11.075515775998658
0.10266666666666667       -11.081689270817206
0.10273333333333334       -11.084929865564256
0.1028                    -11.085793399574515
0.10286666666666668       -11.08631930705464
0.10293333333333334       -11.089115206838722
0.10300000000000001       -11.09607541305409
0.10306666666666667       -11.107358737949527
0.10313333333333334       -11.121148027356696
0.1032                    -11.134370640411618
0.10326666666666667       -11.144111785392393
0.10333333333333333       -11.149078508899814
0.1034                    -11.150374474341742
0.10346666666666667       -11.151140390519485
0.10353333333333334       -11.15517938871674
0.10360000000000001       -11.165196555309205
0.10366666666666667       -11.181463390339184
0.10373333333333334       -11.201529784294067
0.1038                    -11.22117228115009
0.10386666666666668       -11.23623797217096
0.10393333333333334       -11.24458985363729
0.10400000000000001       -11.247217964446087
0.10406666666666667       -11.247923705587102
0.10413333333333334       -11.251685398231208
0.1042                    -11.26245644252814
0.10426666666666667       -11.28137700186127
0.10433333333333333       -11.306163762340145
0.1044                    -11.331963247053412
0.10446666666666667       -11.353380300791862
0.10453333333333334       -11.36686165536651
0.1046                    -11.372353249707597
0.10466666666666667       -11.373408571557395
0.10473333333333334       -11.375668334153893
0.1048                    -11.384426044718092
0.10486666666666668       -11.402365214912704
0.10493333333333334       -11.428394784322762
0.10500000000000001       -11.45803414330169
0.10506666666666667       -11.485224979914467
0.10513333333333334       -11.504883924572226
0.1052                    -11.515117662066565
0.10526666666666668       -11.51807267634137
0.10533333333333333       -11.51900495183236
0.10540000000000001       -11.524023073352739
0.10546666666666667       -11.537539932279506
0.10553333333333334       -11.560486970954305
0.1056                    -11.589947386589454
0.10566666666666667       -11.620323823764789
0.10573333333333333       -11.645613137330503
0.1058                    -11.661899757857046
0.10586666666666668       -11.668997707313228
0.10593333333333334       -11.670491198257828
0.10600000000000001       -11.672175302885021
0.10606666666666667       -11.679641052725707
0.10613333333333334       -11.696048984792778
0.1062                    -11.720936371523699
0.10626666666666668       -11.75044698327996
0.10633333333333334       -11.778873840904694
0.10640000000000001       -11.80094599438563
0.10646666666666667       -11.813960630877334
0.10653333333333334       -11.81885448654679
0.1066                    -11.819748796960658
0.10666666666666667       -11.822207411459118
0.10673333333333333       -11.831000750504014
0.1068                    -11.848285167640878
0.10686666666666667       -11.872842653265508
0.10693333333333334       -11.900603752788367
0.10700000000000001       -11.926247839358197
0.10706666666666667       -11.945296539434764
0.10713333333333334       -11.95588387187994
0.1072                    -11.95946389794062
0.10726666666666668       -11.960161896447786
0.10733333333333334       -11.963082653658807
0.10740000000000001       -11.972311324152416
0.10746666666666667       -11.989387112040149
0.10753333333333334       -12.012774964335273
0.1076                    -12.03848748844737
0.10766666666666667       -12.061630488698405
0.10773333333333333       -12.078313619535335
0.1078                    -12.087182033002042
0.10786666666666667       -12.089929567003592
0.10793333333333334       -12.090578569421606
0.108                     -12.093854816704031
0.10806666666666667       -12.103345261112644
0.10813333333333335       -12.120149150311123
0.1082                    -12.142492787926374
0.10826666666666668       -12.166427766452323
0.10833333333333334       -12.187367737635144
0.10840000000000001       -12.201900580449383
0.10846666666666667       -12.20915374883411
0.10853333333333334       -12.211128339712898
0.1086                    -12.211855992453117
0.10866666666666668       -12.21575514624581
0.10873333333333333       -12.225881051977098
0.10880000000000001       -12.242751743574685
0.10886666666666667       -12.264172007338674
0.10893333333333334       -12.286112371641252
0.109                     -12.304324247119533
0.10906666666666667       -12.316067649694432
0.10913333333333333       -12.321229160674507
0.1092                    -12.322334488983508
0.10926666666666668       -12.323454330920844
0.10933333333333334       -12.328500197372854
0.10940000000000001       -12.339639151311237
0.10946666666666667       -12.356454602137452
0.10953333333333334       -12.376159182311879
0.1096                    -12.394767955522813
0.10966666666666668       -12.408768154763676
0.10973333333333334       -12.416589606368376
0.10980000000000001       -12.419227779104546
0.10986666666666667       -12.419743219318969
0.10993333333333334       -12.421887544015707
0.11                      -12.42849186202305
0.11006666666666667       -12.440311573311028
0.11013333333333333       -12.455783287256859
0.1102                    -12.471763691327489
0.11026666666666667       -12.484926115689525
0.11033333333333334       -12.493208770141838
0.11040000000000001       -12.496667245462827
0.11046666666666667       -12.497350959926516
0.11053333333333334       -12.498292915628834
0.1106                    -12.502116979219409
0.11066666666666668       -12.509907398083088
0.11073333333333334       -12.520820236929257
0.11080000000000001       -12.532567236342283
0.11086666666666667       -12.542524049703253
0.11093333333333334       -12.548943455347619
0.111                     -12.55170712031063
0.11106666666666667       -12.552275621750562
0.11113333333333333       -12.552898723717696
0.11120000000000001       -12.555507036235507
0.11126666666666667       -12.56083085180234
0.11133333333333334       -12.568145114896263
0.1114                    -12.575723461178633
0.11146666666666667       -12.58174997673244
0.11153333333333335       -12.585225714437975
0.1116                    -12.586418608669227
0.11166666666666668       -12.586648107717743
0.11173333333333334       -12.587546748404723
0.11180000000000001       -12.590204461132863
0.11186666666666667       -12.594639805823228
0.11193333333333334       -12.599854762966196
0.112                     -12.604424682315273
0.11206666666666668       -12.607300481422353
0.11213333333333333       -12.608389360602274
0.11220000000000001       -12.608599052627827
0.11226666666666667       -12.609325213435639
0.11233333333333334       -12.61166829107064
0.1124                    -12.615811943750225
0.11246666666666667       -12.620907114144604
0.11253333333333333       -12.625537966270011
0.1126                    -12.628532039379468
0.11266666666666668       -12.62967433427683
0.11273333333333334       -12.629913234602675
0.11280000000000001       -12.63091154981032
0.11286666666666667       -12.634158875915931
0.11293333333333334       -12.64011458939443
0.113                     -12.647856312009583
0.11306666666666668       -12.655467293079806
0.11313333333333334       -12.661019297179113
0.11320000000000001       -12.66366798363136
0.11326666666666667       -12.664261795260117
0.11333333333333334       -12.665077798440771
0.1134                    -12.668752606365539
0.11346666666666667       -12.67691745018933
0.11353333333333333       -12.68922845921719
0.1136                    -12.703327122518917
0.11366666666666667       -12.715849183765071
0.11373333333333334       -12.724081245278459
0.11380000000000001       -12.72746643400697
0.11386666666666667       -12.728135540836645
0.11393333333333334       -12.730089000177255
0.114                     -12.737356708949921
0.11406666666666668       -12.751999032635549
0.11413333333333334       -12.77290879416878
0.11420000000000001       -12.796045452564975
0.11426666666666667       -12.816133923433366
0.11433333333333334       -12.829165673866086
0.1144                    -12.83452159462939
0.11446666666666667       -12.835567676835584
0.11453333333333333       -12.838298278950466
0.11460000000000001       -12.848624453091471
0.11466666666666667       -12.8695747357485
0.11473333333333334       -12.899681699323146
0.1148                    -12.933326558206893
0.11486666666666667       -12.963054015031112
0.11493333333333335       -12.982994136112929
0.115                     -12.991819433391907
0.11506666666666668       -12.993661606322087
0.11513333333333334       -12.99639116796877
0.11520000000000001       -13.008072866903035
0.11526666666666667       -13.033280820760506
0.11533333333333334       -13.070888518923951
0.1154                    -13.1142775903597
0.11546666666666668       -13.154024361059127
0.11553333333333334       -13.18211493996654
0.11560000000000001       -13.195819988452037
0.11566666666666667       -13.199205498026972
0.11573333333333334       -13.201374676024692
0.1158                    -13.21232748599625
0.11586666666666667       -13.238474283403809
0.11593333333333333       -13.279755144341872
0.116                     -13.329487377739088
0.11606666666666668       -13.377079091003845
0.11613333333333334       -13.412684015956222
0.11620000000000001       -13.43181386606795
0.11626666666666667       -13.43756526017662
0.11633333333333334       -13.439195987275355
0.1164                    -13.447816410431166
0.11646666666666668       -13.47140834779988
0.11653333333333334       -13.511383958584242
0.11660000000000001       -13.561968301085924
0.11666666666666667       -13.612618304924665
0.11673333333333334       -13.652634272638913
0.1168                    -13.676055412903125
0.11686666666666667       -13.684438540928575
0.11693333333333333       -13.68601338413284
0.117                     -13.691715861730284
0.11706666666666667       -13.710220028921894
0.11713333333333334       -13.74425714220451
0.11720000000000001       -13.78960379782897
0.11726666666666667       -13.837007608836885
0.11733333333333335       -13.876297454923147
0.1174                    -13.900974773168544
0.11746666666666668       -13.911110858844944
0.11753333333333334       -13.913064584245822
0.11760000000000001       -13.916261196222662
0.11766666666666667       -13.928811997989762
0.11773333333333334       -13.954067533922865
0.1178                    -13.989446306084439
0.11786666666666668       -14.02782842327085
0.11793333333333333       -14.060855296386164
0.11800000000000001       -14.08270625901309
0.11806666666666667       -14.092601372543092
0.11813333333333334       -14.094830480390613
0.1182                    -14.09642130373764
0.11826666666666667       -14.103773698298754
0.11833333333333335       -14.11991351091536
0.1184                    -14.143479261821845
0.11846666666666668       -14.16968398975027
0.11853333333333334       -14.192695804413308
0.11860000000000001       -14.208323351553897
0.11866666666666667       -14.21576216162062
0.11873333333333334       -14.217627415633551
0.1188                    -14.218400273136776
0.11886666666666668       -14.222200316766463
0.11893333333333334       -14.231000746300875
0.11900000000000001       -14.244027702127118
0.11906666666666667       -14.258456858216142
0.11913333333333334       -14.270950025490425
0.1192                    -14.279248984721864
0.11926666666666667       -14.283077043076613
0.11933333333333333       -14.283992946895792
0.1194                    -14.284397641737305
0.11946666666666667       -14.286291814163212
0.11953333333333334       -14.290417437422517
0.11960000000000001       -14.296133170570403
0.11966666666666667       -14.30197163863308
0.11973333333333334       -14.306509129038982
0.1198                    -14.309074068607483
0.11986666666666668       -14.309960321147452
0.11993333333333334       -14.310109258876958
0.12000000000000001       -14.31050880554501
0.12006666666666667       -14.311672442486074
0.12013333333333334       -14.313465224490589
0.1202                    -14.315318732362234
0.12026666666666667       -14.316658652586558
0.12033333333333333       -14.317271273101397
0.12040000000000001       -14.317400405308476
0.12046666666666667       -14.317545809333863
0.12053333333333334       -14.318116233221643
0.1206                    -14.319167103358513
0.12066666666666667       -14.320386748198375
0.12073333333333335       -14.321333482544038
0.1208                    -14.321767508632831
0.12086666666666668       -14.321860032940174
0.12093333333333334       -14.322135022966728
0.12100000000000001       -14.323164309550267
0.12106666666666667       -14.32519438487763
0.12113333333333334       -14.327937485837994
0.1212                    -14.330676220586076
0.12126666666666668       -14.332653440161245
0.12133333333333333       -14.333543519265497
0.12140000000000001       -14.333730047495653
0.12146666666666667       -14.334200803837069
0.12153333333333334       -14.336076485184462
0.1216                    -14.340001149887394
0.12166666666666667       -14.345719371734893
0.12173333333333333       -14.352092344989133
0.1218                    -14.357593866251017
0.12186666666666668       -14.361073871627525
0.12193333333333334       -14.362408776258377
0.12200000000000001       -14.3626789423699
0.12206666666666667       -14.36373688718927
0.12213333333333334       -14.367343730171392
0.1222                    -14.374282857574048
0.12226666666666668       -14.383889187852201
0.12233333333333334       -14.394252789383511
0.12240000000000001       -14.403047870694676
0.12246666666666667       -14.408628513075756
0.12253333333333334       -14.410866559882274
0.1226                    -14.41129637393756
0.12266666666666667       -14.412461078528713
0.12273333333333333       -14.416753415056967
0.1228                    -14.425291286322713
0.12286666666666667       -14.437349581027465
0.12293333333333334       -14.450621346150625
0.12300000000000001       -14.462218064330104
0.12306666666666667       -14.469977055277653
0.12313333333333334       -14.473471395599296
0.1232                    -14.474229810693087
0.12326666666666668       -14.4750500381063
0.12333333333333334       -14.478732103772735
0.12340000000000001       -14.486821704597578
0.12346666666666667       -14.498923244947644
0.12353333333333334       -14.512873820198207
0.1236                    -14.52569820242147
0.12366666666666667       -14.534926287013363
0.12373333333333333       -14.53967983758836
0.12380000000000001       -14.541028307444407
0.12386666666666667       -14.541460706338453
0.12393333333333334       -14.543745109745975
0.124                     -14.549715507822667
0.12406666666666667       -14.559517703829194
0.12413333333333335       -14.571610402631709
0.1242                    -14.58348650409336
0.12426666666666668       -14.592781196202449
0.12433333333333334       -14.598274012382898
0.12440000000000001       -14.60034682663686
0.12446666666666667       -14.600720735518093
0.12453333333333334       -14.601634965598063
0.1246                    -14.604869584318045
0.12466666666666668       -14.611041695087717
0.12473333333333333       -14.619442859789123
0.12480000000000001       -14.628436068403472
0.12486666666666667       -14.636202019430522
0.12493333333333334       -14.641497342767513
0.125                     -14.644106415209961
0.12506666666666666       -14.644824614272682
0.12513333333333335       -14.645029179078064
0.1252                    -14.646065227702366
0.12526666666666667       -14.648722338294832
0.12533333333333335       -14.65299945924837
0.1254                    -14.658210190426608
0.12546666666666667       -14.663338582775715
0.12553333333333333       -14.667470881661043
0.12560000000000002       -14.670124351888221
0.12566666666666668       -14.671361857478061
0.12573333333333334       -14.671683744443282
0.1258                    -14.671778075548422
0.12586666666666668       -14.672249882057177
0.12593333333333334       -14.673432774025056
0.126                     -14.67533230928742
0.12606666666666666       -14.677690980673631
0.12613333333333335       -14.680124191862413
0.1262                    -14.682265198815944
0.12626666666666667       -14.683870785132921
0.12633333333333335       -14.684866130141177
0.1264                    -14.685333226855768
0.12646666666666667       -14.685462975146855
0.12653333333333333       -14.68549432122833
0.12660000000000002       -14.685657991014684
0.12666666666666668       -14.686133386437707
0.12673333333333334       -14.687020104143011
0.1268                    -14.688322674211996
0.12686666666666668       -14.689948182515556
0.12693333333333334       -14.691719262864835
0.127                     -14.693406543187988
0.12706666666666666       -14.694782297597545
0.12713333333333335       -14.69568963523211
0.1272                    -14.696110714167624
0.12726666666666667       -14.69620814670197
0.12733333333333333       -14.696312752524198
0.1274                    -14.6968432683915
0.12746666666666667       -14.69816898566172
0.12753333333333333       -14.700456337682844
0.12760000000000002       -14.703561346283983
0.12766666666666668       -14.707027769312742
0.12773333333333334       -14.710219103478588
0.1278                    -14.712557496372069
0.12786666666666668       -14.713784827584611
0.12793333333333334       -14.714130239445621
0.128                     -14.714288235932303
0.12806666666666666       -14.715183716667763
0.12813333333333335       -14.717597397852069
0.1282                    -14.721801940107195
0.12826666666666667       -14.727376378485907
0.12833333333333333       -14.733309032751547
0.12840000000000001       -14.738382223212263
0.12846666666666667       -14.741698834852476
0.12853333333333333       -14.743122017868854
0.12860000000000002       -14.743409889313615
0.12866666666666668       -14.74394954893312
0.12873333333333334       -14.746178582584006
0.1288                    -14.750936948660717
0.12886666666666668       -14.758041074433097
0.12893333333333334       -14.76629153028073
0.129                     -14.773946160706949
0.12906666666666666       -14.779479323099666
0.12913333333333335       -14.782294576690534
0.1292                    -14.783048468154584
0.12926666666666667       -14.783406177683387
0.12933333333333333       -14.78531690836826
0.12940000000000002       -14.790129959708654
0.12946666666666667       -14.79795369572712
0.12953333333333333       -14.807558294727066
0.1296                    -14.816889344701432
0.12966666666666668       -14.823985122367924
0.12973333333333334       -14.827887292015053
0.1298                    -14.82910970283199
0.12986666666666669       -14.829423959262591
0.12993333333333335       -14.83105009199566
0.13                      -14.835629988242562
0.13006666666666666       -14.843460789963176
0.13013333333333335       -14.853342202766235
0.1302                    -14.863116033396523
0.13026666666666667       -14.87066289548736
0.13033333333333333       -14.874896734273054
0.13040000000000002       -14.876277835061023
0.13046666666666668       -14.87658790276781
0.13053333333333333       -14.878075916505606
0.1306                    -14.882391602170106
0.13066666666666668       -14.889814164803168
0.13073333333333334       -14.899132790131812
0.1308                    -14.90823127907868
0.1308666666666667        -14.915103452497485
0.13093333333333335       -14.918814424024898
0.131                     -14.919936253581936
0.13106666666666666       -14.920243283313589
0.13113333333333335       -14.921827461553246
0.1312                    -14.92607958064932
0.13126666666666667       -14.933032084715148
0.13133333333333333       -14.941370496710176
0.13140000000000002       -14.949099256099714
0.13146666666666668       -14.954535519259826
0.13153333333333334       -14.957138937082597
0.1316                    -14.957760128665303
0.13166666666666668       -14.958186965796248
0.13173333333333334       -14.960230535915874
0.1318                    -14.964819799585648
0.13186666666666666       -14.9715542368726
0.13193333333333335       -14.978928117998807
0.132                     -14.985110299833664
0.13206666666666667       -14.988887162545925
0.13213333333333335       -14.990285891740157
0.1322                    -14.990553480989309
0.13226666666666667       -14.991504254898885
0.13233333333333333       -14.99457948797357
0.13240000000000002       -15.000104650818233
0.13246666666666668       -15.007121383027906
0.13253333333333334       -15.013881986717237
0.1326                    -15.01876222346967
0.13266666666666668       -15.02112610621533
0.13273333333333334       -15.021684950167666
0.1328                    -15.022149811467486
0.13286666666666666       -15.024351140640666
0.13293333333333335       -15.029280754073067
0.133                     -15.036550504531798
0.13306666666666667       -15.04455448443439
0.13313333333333335       -15.051274491538052
0.1332                    -15.055337253818122
0.13326666666666667       -15.056777475305651
0.13333333333333333       -15.057087350045137
0.13340000000000002       -15.05849931753065
0.13346666666666668       -15.062855234237615
0.13353333333333334       -15.070633646207783
0.1336                    -15.08063436969078
0.13366666666666668       -15.090508632324909
0.13373333333333334       -15.097913330128563
0.1338                    -15.101734332660666
0.13386666666666666       -15.102743109679523
0.13393333333333335       -15.103309743594371
0.134                     -15.106280521508191
0.13406666666666667       -15.11356460962194
0.13413333333333333       -15.125124544142954
0.1342                    -15.138880608363344
0.13426666666666667       -15.151625498207522
0.13433333333333333       -15.160566283488299
0.13440000000000002       -15.164761496134528
0.13446666666666668       -15.165707410774354
0.13453333333333334       -15.166724599111994
0.1346                    -15.171411174924366
0.13466666666666668       -15.181902633156934
0.13473333333333334       -15.197765699005853
0.1348                    -15.2160658980997
0.13486666666666666       -15.232639916271985
0.13493333333333335       -15.244048927092756
0.135                     -15.24930136242261
0.13506666666666667       -15.25046020583159
0.13513333333333333       -15.251774366995738
0.13520000000000001       -15.257728989029625
0.13526666666666667       -15.270939423156564
0.13533333333333333       -15.290857532736847
0.13540000000000002       -15.313887006105254
0.13546666666666668       -15.334918018093086
0.13553333333333334       -15.349665297594877
0.1356                    -15.356743671049585
0.13566666666666669       -15.358434960553604
0.13573333333333334       -15.359712446595386
0.1358                    -15.365981069244404
0.13586666666666666       -15.380606545558424
0.13593333333333335       -15.403342022465452
0.136                     -15.430332674690607
0.13606666666666667       -15.455740137343291
0.13613333333333333       -15.47435172213955
0.13620000000000002       -15.48401931577881
0.13626666666666667       -15.486731024382847
0.13633333333333333       -15.487744203018782
0.1364                    -15.493201136427805
0.13646666666666668       -15.507373839217367
0.13653333333333334       -15.530762910353925
0.1366                    -15.559831079383288
0.1366666666666667        -15.588491042726183
0.13673333333333335       -15.610773577504219
0.1368                    -15.623532735414349
0.13686666666666666       -15.627905638239913
0.13693333333333335       -15.628787879025566
0.137                     -15.632594584158044
0.13706666666666667       -15.644407407718159
0.13713333333333333       -15.665786932814878
0.13720000000000002       -15.694127406287244
0.13726666666666668       -15.723781884983914
0.13733333333333334       -15.748511128941216
0.1374                    -15.764235246509806
0.13746666666666668       -15.770836379444148
0.13753333333333334       -15.772144180370129
0.1376                    -15.77414037004971
0.13766666666666666       -15.782291580375409
0.13773333333333335       -15.799233905284682
0.1378                    -15.823743556656853
0.13786666666666667       -15.851340208493971
0.13793333333333335       -15.87624498109208
0.138                     -15.893880651918169
0.13806666666666667       -15.902822955806794
0.13813333333333333       -15.905312760085842
0.13820000000000002       -15.906129448303414
0.13826666666666668       -15.910426226996396
0.13833333333333334       -15.921550883429008
0.1384                    -15.939756997113694
0.13846666666666668       -15.96224946769821
0.13853333333333334       -15.984469402526448
0.1386                    -16.00205953389636
0.13866666666666666       -16.01267520229412
0.13873333333333335       -16.016859948530563
0.1388                    -16.01763768672804
0.13886666666666667       -16.019085453120297
0.13893333333333335       -16.024589099909893
0.139                     -16.03553437618873
0.13906666666666667       -16.05090826980757
0.13913333333333333       -16.067879983901094
0.13920000000000002       -16.08305995695613
0.13926666666666668       -16.09389507111
0.13933333333333334       -16.099624689023763
0.1394                    -16.10143138817428
0.13946666666666668       -16.10179263049125
0.13953333333333334       -16.103384225755867
0.1396                    -16.10803011128765
0.13966666666666666       -16.11610139028904
0.13973333333333335       -16.126534127669267
0.1398                    -16.13738315286641
0.13986666666666667       -16.14664453393766
0.13993333333333333       -16.153009173748593
0.14                      -16.15627003278188
0.14006666666666667       -16.157269574790142
0.14013333333333333       -16.15746820414279
0.14020000000000002       -16.158349721066518
0.14026666666666668       -16.160905301516358
0.14033333333333334       -16.16536488440029
0.1404                    -16.17122648722482
0.14046666666666668       -16.177524214742494
0.14053333333333334       -16.18320829267509
0.1406                    -16.18749647503092
0.14066666666666666       -16.190089563348597
0.14073333333333335       -16.191205836818312
0.1408                    -16.191454369830026
0.14086666666666667       -16.19161258634005
0.14093333333333333       -16.19238793635119
0.14100000000000001       -16.19423073522266
0.14106666666666667       -16.197237517784508
0.14113333333333333       -16.20115484684621
0.14120000000000002       -16.205470360866062
0.14126666666666668       -16.209562971953716
0.14133333333333334       -16.212876101688614
0.1414                    -16.215074904812752
0.14146666666666668       -16.21615035004964
0.14153333333333334       -16.216441099677375
0.1416                    -16.216559678198145
0.14166666666666666       -16.217231841115858
0.14173333333333335       -16.219083608661503
0.1418                    -16.222432477044105
0.14186666666666667       -16.227149814751222
0.14193333333333333       -16.232653089015237
0.14200000000000002       -16.23805544757879
0.14206666666666667       -16.24244928725722
0.14213333333333333       -16.24524307613126
0.1422                    -16.24643025849371
0.14226666666666668       -16.246670746979163
0.14233333333333334       -16.247120857678908
0.1424                    -16.249042208672254
0.14246666666666669       -16.253316741123168
0.14253333333333335       -16.260051633745178
0.1426                    -16.268447357514507
0.14266666666666666       -16.277020600531742
0.14273333333333335       -16.284140552759077
0.1428                    -16.288694782589637
0.14286666666666667       -16.290612235601753
0.14293333333333333       -16.290994465837283
0.14300000000000002       -16.29175428291981
0.14306666666666668       -16.29487430350355
0.14313333333333333       -16.301574362952074
0.1432                    -16.31173482856578
0.14326666666666668       -16.323840730734428
0.14333333333333334       -16.33551859644303
0.1434                    -16.344493312338958
0.1434666666666667        -16.349583696358312
0.14353333333333335       -16.351289643313105
0.1436                    -16.351669921102733
0.14366666666666666       -16.353523094653124
0.14373333333333335       -16.359206646703218
0.1438                    -16.369596702210423
0.14386666666666667       -16.38363876267151
0.14393333333333333       -16.39870914288245
0.14400000000000002       -16.411682122778664
0.14406666666666668       -16.42028197247087
0.14413333333333334       -16.42412525898339
0.1442                    -16.42495188093012
0.14426666666666668       -16.425904929401177
0.14433333333333334       -16.430170002619313
0.1444                    -16.439577097489614
0.14446666666666666       -16.453772453378694
0.14453333333333335       -16.470322236850542
0.1446                    -16.485731111454935
0.14466666666666667       -16.496968209555163
0.14473333333333335       -16.50283257199157
0.1448                    -16.504514732481585
0.14486666666666667       -16.50507026174775
0.14493333333333333       -16.508046970342374
0.14500000000000002       -16.515902445657314
0.14506666666666668       -16.52891695415352
0.14513333333333334       -16.545067067582558
0.1452                    -16.560917448272757
0.14526666666666668       -16.573157232955403
0.14533333333333334       -16.58010006585627
0.1454                    -16.58244405490331
0.14546666666666666       -16.582922561470756
0.14553333333333335       -16.585021498584606
0.1456                    -16.591383679157666
0.14566666666666667       -16.602633201326253
0.14573333333333335       -16.617128338590774
0.1458                    -16.631736796898345
0.14586666666666667       -16.64328616311776
0.14593333333333333       -16.650028469640063
0.14600000000000002       -16.65242550666281
0.14606666666666668       -16.652878742282333
0.14613333333333334       -16.654554405171382
0.1462                    -16.659891691612447
0.14626666666666668       -16.66949868282889
0.14633333333333334       -16.681923659973236
0.1464                    -16.694382601734418
0.14646666666666666       -16.7040975491757
0.14653333333333335       -16.709614138637804
0.1466                    -16.711462140250614
0.14666666666666667       -16.711843012330846
0.14673333333333333       -16.713522191570924
0.1468                    -16.7184914792954
0.14686666666666667       -16.72704674765483
0.14693333333333333       -16.73769816640591
0.14700000000000002       -16.747934234995522
0.14706666666666668       -16.755466515168443
0.14713333333333334       -16.759348538213395
0.1472                    -16.760414566838165
0.14726666666666668       -16.760826643987187
0.14733333333333334       -16.762976886578038
0.1474                    -16.768307043900773
0.14746666666666666       -16.77662216774704
0.14753333333333335       -16.786217177453253
0.1476                    -16.79474548186389
0.14766666666666667       -16.80040358339286
0.14773333333333333       -16.80284089303885
0.14780000000000001       -16.80333123223914
0.14786666666666667       -16.80412093674277
0.14793333333333333       -16.807294088776562
0.14800000000000002       -16.81372999417134
0.14806666666666668       -16.82266497300954
0.14813333333333334       -16.83207029528674
0.1482                    -16.83966746235344
0.14826666666666669       -16.84408567099681
0.14833333333333334       -16.84557631487128
0.1484                    -16.84590991936116
0.14846666666666666       -16.84750144458414
0.14853333333333335       -16.852206378811616
0.1486                    -16.860386254420515
0.14866666666666667       -16.87070098566507
0.14873333333333333       -16.880739093695787
0.14880000000000002       -16.888198880298468
0.14886666666666667       -16.89205023811166
0.14893333333333333       -16.89308778002475
0.149                     -16.893578050634183
0.14906666666666668       -16.89616709435951
0.14913333333333334       -16.9025875674481
0.1492                    -16.91279223466443
0.1492666666666667        -16.92493076013345
0.14933333333333335       -16.936198521097793
0.1494                    -16.944178056343333
0.14946666666666666       -16.948034134623672
0.14953333333333335       -16.948961458387913
0.1496                    -16.949643860213182
0.14966666666666667       -16.952984522799905
0.14973333333333333       -16.960723209236495
0.14980000000000002       -16.972592380380416
0.14986666666666668       -16.986403571828074
0.14993333333333334       -16.99903852182814
0.15                      -17.00790596552447
0.15006666666666668       -17.012181099318568
0.15013333333333334       -17.013217123432252
0.1502                    -17.013917134083233
0.1502666666666667        -17.01737517199106
0.15033333333333335       -17.025440424393096
0.1504                    -17.037864821183007
0.15046666666666667       -17.052409082692165
0.15053333333333335       -17.06585886616975
0.1506                    -17.07549873525301
0.15066666666666667       -17.080363324561386
0.15073333333333333       -17.081667356619466
0.15080000000000002       -17.08221207458147
0.15086666666666668       -17.08507228245083
0.15093333333333334       -17.09219795736719
0.151                     -17.10356349532869
0.15106666666666668       -17.117219346521075
0.15113333333333334       -17.130200271650136
0.1512                    -17.139874428630776
0.15126666666666666       -17.145115663248014
0.15133333333333335       -17.146757264759096
0.1514                    -17.14713449124804
0.15146666666666667       -17.148969008876534
0.15153333333333335       -17.15414270606207
0.1516                    -17.16291394491629
0.15166666666666667       -17.173889423916474
0.15173333333333333       -17.184720181703753
0.15180000000000002       -17.193181973190093
0.15186666666666668       -17.19814220095488
0.15193333333333334       -17.199981408334693
0.152                     -17.20030961206103
0.15206666666666668       -17.2011594852756
0.15213333333333334       -17.204065818276415
0.1522                    -17.209449604248018
0.15226666666666666       -17.21654452876089
0.15233333333333335       -17.223844040244003
0.1524                    -17.229824973065615
0.15246666666666667       -17.233603772855773
0.15253333333333335       -17.235240497780516
0.1526                    -17.235592871632242
0.15266666666666667       -17.2358406162247
0.15273333333333333       -17.23693684794346
0.15280000000000002       -17.239240350160106
0.15286666666666668       -17.242463103376608
0.15293333333333334       -17.245906387112033
0.153                     -17.248834510451843
0.15306666666666668       -17.25079701372095
0.15313333333333334       -17.25176403932069
0.1532                    -17.25204895173295
0.15326666666666666       -17.252096677583467
0.15333333333333335       -17.252264253103764
0.1534                    -17.252697026889987
0.15346666666666667       -17.253334759077134
0.15353333333333333       -17.25401052399696
0.15360000000000001       -17.25456851403144
0.15366666666666667       -17.2549365511721
0.15373333333333333       -17.255130642430085
0.15380000000000002       -17.255212717751082
0.15386666666666668       -17.255243040761485
0.15393333333333334       -17.255258386125035
0.154                     -17.255278979772864
0.15406666666666669       -17.25532389965043
0.15413333333333334       -17.25541236500759
0.1542                    -17.255546676655797
0.15426666666666666       -17.25569558436653
0.15433333333333335       -17.25580474233692
0.1544                    -17.2558443839535
0.15446666666666667       -17.255872326105475
0.15453333333333333       -17.256065594865802
0.15460000000000002       -17.256678250128505
0.15466666666666667       -17.257921478030354
0.15473333333333333       -17.259816384192334
0.15480000000000002       -17.262106843305894
0.15486666666666668       -17.264310168007306
0.15493333333333334       -17.26592119523574
0.155                     -17.2666957426736
0.15506666666666669       -17.26687065692494
0.15513333333333335       -17.267177503803747
0.1552                    -17.268591114908382
0.15526666666666666       -17.271889304684695
0.15533333333333335       -17.2772176506557
0.1554                    -17.283887658922122
0.15546666666666667       -17.29055891687779
0.15553333333333333       -17.295786490965806
0.15560000000000002       -17.29872117601492
0.15566666666666668       -17.299629917791474
0.15573333333333333       -17.29994137164955
0.1558                    -17.30172581448258
0.15586666666666668       -17.306795270995178
0.15593333333333334       -17.31581482646105
0.156                     -17.327847794868514
0.1560666666666667        -17.340600441805346
0.15613333333333335       -17.351339907519776
0.1562                    -17.35813345606593
0.15626666666666666       -17.360844920437263
0.15633333333333335       -17.361370694759565
0.1564                    -17.362930676548093
0.15646666666666667       -17.368687517696245
0.15653333333333333       -17.38029787298386
0.15660000000000002       -17.397045873737472
0.15666666666666668       -17.41598221983704
0.15673333333333334       -17.433090460359267
0.1568                    -17.445046138514783
0.15686666666666668       -17.4507960607388
0.15693333333333334       -17.452178479838107
0.157                     -17.45322294056474
0.1570666666666667        -17.45841442195699
0.15713333333333335       -17.470701307819745
0.1572                    -17.49012322566707
0.15726666666666667       -17.513661307097188
0.15733333333333335       -17.536430236987826
0.1574                    -17.553778929388685
0.15746666666666667       -17.563407208471506
0.15753333333333333       -17.56649267254378
0.15760000000000002       -17.56723741352868
0.15766666666666668       -17.571024051729452
0.15773333333333334       -17.582041910308973
0.1578                    -17.601436986041264
0.15786666666666668       -17.626759316191695
0.15793333333333334       -17.65294990539313
0.158                     -17.674505501521768
0.15806666666666666       -17.687924117678445
0.15813333333333335       -17.69330778694759
0.1582                    -17.694327289937153
0.15826666666666667       -17.696558797787652
0.15833333333333335       -17.7050031121682
0.1584                    -17.721918461553955
0.15846666666666667       -17.745867667154865
0.15853333333333333       -17.772343232238306
0.15860000000000002       -17.795719355367467
0.15866666666666668       -17.811725470865273
0.15873333333333334       -17.819337093124044
0.1588                    -17.821184012807155
0.15886666666666668       -17.82229232790391
0.15893333333333334       -17.827803512818644
0.159                     -17.840744797218306
0.15906666666666666       -17.8607960340533
0.15913333333333335       -17.88451078645445
0.1592                    -17.906863056640617
0.15926666666666667       -17.92346293318247
0.15933333333333335       -17.9324681746326
0.15940000000000001       -17.935314607290437
0.15946666666666667       -17.935947865099994
0.15953333333333333       -17.938978755821612
0.15960000000000002       -17.947659290853476
0.15966666666666668       -17.962563033946182
0.15973333333333334       -17.981468641042436
0.1598                    -18.00043017974781
0.15986666666666668       -18.015547672563706
0.15993333333333334       -18.024658218686646
0.16                      -18.028193275538143
0.16006666666666666       -18.0288412082906
0.16013333333333335       -18.03023608533907
0.1602                    -18.035331232751957
0.16026666666666667       -18.045188745129334
0.16033333333333333       -18.058658242530893
0.16040000000000001       -18.073010800066523
0.16046666666666667       -18.085205769283128
0.16053333333333333       -18.09321942096529
0.16060000000000002       -18.096851343727735
0.16066666666666668       -18.097678331022607
0.16073333333333334       -18.098235928111063
0.1608                    -18.100855106626994
0.16086666666666669       -18.10669077056664
0.16093333333333334       -18.11533505809427
0.161                     -18.125122960403843
0.16106666666666666       -18.133945153575443
0.16113333333333335       -18.140186744315766
0.1612                    -18.14337926134406
0.16126666666666667       -18.14430301818456
0.16133333333333333       -18.14454116705289
0.16140000000000002       -18.145731863727168
0.16146666666666668       -18.148871656223854
0.16153333333333333       -18.153960145365822
0.16160000000000002       -18.16009941619036
0.16166666666666668       -18.165961949396962
0.16173333333333334       -18.17039650733393
0.1618                    -18.17290281654682
0.1618666666666667        -18.173783735848072
0.16193333333333335       -18.173940077931046
0.162                     -18.17443220235842
0.16206666666666666       -18.176019717215468
0.16213333333333335       -18.178875429930837
0.1622                    -18.18257406348908
0.16226666666666667       -18.186331892557984
0.16233333333333333       -18.189372985998148
0.16240000000000002       -18.19125732348942
0.16246666666666668       -18.192036893299907
0.16253333333333334       -18.19219048202453
0.1626                    -18.19238592585868
0.16266666666666668       -18.193185976592815
0.16273333333333334       -18.194824990337004
0.1628                    -18.197141220489282
0.1628666666666667        -18.199678074917234
0.16293333333333335       -18.201898659028018
0.163                     -18.20341716594623
0.16306666666666667       -18.204151341821454
0.16313333333333335       -18.2043392863597
0.1632                    -18.204423088800592
0.16326666666666667       -18.204855574785984
0.16333333333333333       -18.20591329949041
0.16340000000000002       -18.20759075720973
0.16346666666666668       -18.2096142173934
0.16353333333333334       -18.211564794450585
0.1636                    -18.21305790923985
0.16366666666666668       -18.21390541871783
0.16373333333333334       -18.214194824915616
0.1638                    -18.214253932535463
0.1638666666666667        -18.214515680110154
0.16393333333333335       -18.215338060738354
0.164                     -18.216852288926603
0.16406666666666667       -18.218901960002164
0.16413333333333335       -18.22110097624512
0.1642                    -18.222991083665462
0.16426666666666667       -18.22423809163778
0.16433333333333333       -18.22478596699002
0.16440000000000002       -18.22490026554096
0.16446666666666668       -18.225074785562956
0.16453333333333334       -18.225832209403666
0.1646                    -18.22749726527099
0.16466666666666668       -18.23003867860313
0.16473333333333334       -18.233054657255508
0.1648                    -18.235921645966098
0.16486666666666666       -18.238056712257833
0.16493333333333335       -18.239187755498854
0.165                     -18.239509932279855
0.16506666666666667       -18.23964501450454
0.16513333333333335       -18.240402089307416
0.1652                    -18.24242886512767
0.16526666666666667       -18.245901214643638
0.16533333333333333       -18.250395966450903
0.16540000000000002       -18.25502489298103
0.16546666666666668       -18.258798313422457
0.16553333333333334       -18.261076596603147
0.1656                    -18.261908011989657
0.16566666666666668       -18.262080484119732
0.16573333333333334       -18.262832457657417
0.1658                    -18.265324844406425
0.16586666666666666       -18.27009701147132
0.16593333333333335       -18.276756507668132
0.166                     -18.284069344839857
0.16606666666666667       -18.290452660728423
0.16613333333333336       -18.29468444199939
0.16620000000000001       -18.296517224884838
0.16626666666666667       -18.296890463306788
0.16633333333333333       -18.297600337403857
0.16640000000000002       -18.300537677260454
0.16646666666666668       -18.306817961123272
0.16653333333333334       -18.3161974626844
0.1666                    -18.327067634532625
0.16666666666666669       -18.33708514405072
0.16673333333333334       -18.344208802858006
0.1668                    -18.347691667211897
0.16686666666666666       -18.34854288808248
0.16693333333333335       -18.34918892433429
0.167                     -18.35244115889346
0.16706666666666667       -18.3602167678744
0.16713333333333333       -18.372589015194578
0.16720000000000002       -18.38761874936216
0.16726666666666667       -18.402104005720446
0.16733333333333333       -18.41298502992749
0.16740000000000002       -18.41880067158941
0.16746666666666668       -18.42049147115751
0.16753333333333334       -18.421105002950565
0.1676                    -18.424486180479647
0.16766666666666669       -18.433535184018176
0.16773333333333335       -18.448819971275103
0.1678                    -18.468179781139213
0.16786666666666666       -18.487554613215526
0.16793333333333335       -18.502759456243894
0.168                     -18.511450790366098
0.16806666666666667       -18.51434174196026
0.16813333333333333       -18.51501166852409
0.16820000000000002       -18.51834344411319
0.16826666666666668       -18.52830728823011
0.16833333333333333       -18.546102535852008
0.16840000000000002       -18.569488546486582
0.16846666666666668       -18.593645410271048
0.16853333333333334       -18.61327957063907
0.1686                    -18.625092586412556
0.1686666666666667        -18.629436674947705
0.16873333333333335       -18.630278270861087
0.1688                    -18.633431508373473
0.16886666666666666       -18.643903561996723
0.16893333333333335       -18.66358175249083
0.169                     -18.69028097877394
0.16906666666666667       -18.718592238873555
0.16913333333333333       -18.742252904547353
0.16920000000000002       -18.757055669822638
0.16926666666666668       -18.762918757264387
0.16933333333333334       -18.764027864916887
0.1694                    -18.766929775392665
0.16946666666666668       -18.777517835895253
0.16953333333333334       -18.79832986155766
0.1696                    -18.827338696957494
0.1696666666666667        -18.858758797785015
0.16973333333333335       -18.885597149696295
0.1698                    -18.902895264002254
0.16986666666666667       -18.91013568040207
0.16993333333333335       -18.91155564783358
0.17                      -18.914171157499872
0.17006666666666667       -18.9245161797152
0.17013333333333333       -18.945658940825204
0.17020000000000002       -18.975794467768235
0.17026666666666668       -19.008993126453465
0.17033333333333334       -19.03783834670959
0.1704                    -19.0568620490486
0.17046666666666668       -19.065167880011302
0.17053333333333334       -19.066883639105306
0.1706                    -19.069189247167955
0.1706666666666667        -19.078949565820974
0.17073333333333335       -19.099587428753118
0.1708                    -19.129558583148153
0.17086666666666667       -19.16303347960559
0.17093333333333335       -19.192520275288935
0.171                     -19.2123330980068
0.17106666666666667       -19.221287010955635
0.17113333333333333       -19.223240983651188
0.17120000000000002       -19.22520732161011
0.17126666666666668       -19.234035890455715
0.17133333333333334       -19.253300962841823
0.1714                    -19.28174896161947
0.17146666666666668       -19.313904652470324
0.17153333333333334       -19.34257049565135
0.1716                    -19.36215628927185
0.17166666666666666       -19.371290955944527
0.17173333333333335       -19.373403671576995
0.1718                    -19.37499599152511
0.17186666666666667       -19.382543810068448
0.17193333333333335       -19.399562008718508
0.17200000000000001       -19.425116377306686
0.17206666666666667       -19.4543414434245
0.17213333333333333       -19.480703675857146
0.17220000000000002       -19.49902214041526
0.17226666666666668       -19.507846582754308
0.17233333333333334       -19.510026419928636
0.1724                    -19.511223594166054
0.17246666666666668       -19.517192355581116
0.17253333333333334       -19.531179537265693
0.1726                    -19.552587183036163
0.17266666666666666       -19.57738819254033
0.17273333333333335       -19.600048937180137
0.1728                    -19.616089334164638
0.17286666666666667       -19.624096132740185
0.17293333333333333       -19.626233040624225
0.17300000000000001       -19.62705397893098
0.17306666666666667       -19.631291591341828
0.17313333333333333       -19.641726914524636
0.17320000000000002       -19.658079140744658
0.17326666666666668       -19.67731273249467
0.17333333333333334       -19.69514269828143
0.1734                    -19.708025466585724
0.17346666666666669       -19.714713649822503
0.17353333333333334       -19.71666521989477
0.1736                    -19.717180313798515
0.17366666666666666       -19.71977171161766
0.17373333333333335       -19.72658931363307
0.1738                    -19.737594232069643
0.17386666666666667       -19.750767296711217
0.17393333333333333       -19.763169778222164
0.17400000000000002       -19.77232494422289
0.17406666666666668       -19.77727724214177
0.17413333333333333       -19.77886903832866
0.17420000000000002       -19.779177429974194
0.17426666666666668       -19.780459295481823
0.17433333333333334       -19.78414219155019
0.1744                    -19.790305380752702
0.1744666666666667        -19.79781670903919
0.17453333333333335       -19.80498386535425
0.1746                    -19.81037085899131
0.17466666666666666       -19.813395209746364
0.17473333333333335       -19.814463338933162
0.1748                    -19.814645000830822
0.17486666666666667       -19.815102952280135
0.17493333333333333       -19.81657516775856
0.17500000000000002       -19.819134001097808
0.17506666666666668       -19.822282533905543
0.17513333333333334       -19.82528550501432
0.1752                    -19.8275433111214
0.17526666666666668       -19.828830843244795
0.17533333333333334       -19.829317607945967
0.1754                    -19.829404579927218
0.1754666666666667        -19.829493740226145
0.17553333333333335       -19.829814221661838
0.1756                    -19.8303740533022
0.17566666666666667       -19.831029068219816
0.17573333333333335       -19.83160440421523
0.1758                    -19.831993406565957
0.17586666666666667       -19.83218977267329
0.17593333333333333       -19.83225625991445
0.17600000000000002       -19.832267543045926
0.17606666666666668       -19.832269055714956
0.17613333333333334       -19.832271694702758
0.1762                    -19.83227300984884
0.17626666666666668       -19.832279165524824
0.17633333333333334       -19.832307360089956
0.1764                    -19.832368710208755
0.1764666666666667        -19.83245036176742
0.17653333333333335       -19.832518383563432
0.1766                    -19.832547319387498
0.17666666666666667       -19.83255911705734
0.17673333333333335       -19.832640672098325
0.1768                    -19.83291710514307
0.17686666666666667       -19.833484859598922
0.17693333333333333       -19.834338855514197
0.17700000000000002       -19.83534112191485
0.17706666666666668       -19.836262868743617
0.17713333333333334       -19.83689283260895
0.1772                    -19.837162393856406
0.17726666666666668       -19.837217911540098
0.17733333333333334       -19.837388652022028
0.1774                    -19.838049469861236
0.17746666666666666       -19.83943573659368
0.17753333333333335       -19.841501829022683
0.1776                    -19.843902932953593
0.17766666666666667       -19.84612494947698
0.17773333333333335       -19.847713496215423
0.1778                    -19.84849695977245
0.17786666666666667       -19.848691631779584
0.17793333333333333       -19.848827573820532
0.17800000000000002       -19.849519555183015
0.17806666666666668       -19.851185051846404
0.17813333333333334       -19.853841036879217
0.1782                    -19.857078024456673
0.17826666666666668       -19.860229081315047
0.17833333333333334       -19.862660425712765
0.1784                    -19.864051299280042
0.17846666666666666       -19.864533589083692
0.17853333333333335       -19.864627079210038
0.1786                    -19.86500268739985
0.17866666666666667       -19.86618515983793
0.17873333333333336       -19.86833034911258
0.17880000000000001       -19.87117241790626
0.17886666666666667       -19.874155682854205
0.17893333333333333       -19.87668309785642
0.17900000000000002       -19.878365536489465
0.17906666666666668       -19.879163177461358
0.17913333333333334       -19.87936672369467
0.1792                    -19.879442401655908
0.17926666666666669       -19.87982266353653
0.17933333333333334       -19.880738465366
0.1794                    -19.88215787348235
0.17946666666666666       -19.88384027256691
0.17953333333333335       -19.885464397370406
0.1796                    -19.886764026299648
0.17966666666666667       -19.887614223670035
0.17973333333333333       -19.888043830486474
0.17980000000000002       -19.88818699811235
0.17986666666666667       -19.88820959331796
0.17993333333333333       -19.888247367433838
0.18000000000000002       -19.88837671479676
0.18006666666666668       -19.88861802929353
0.18013333333333334       -19.888957647010713
0.1802                    -19.88937179504861
0.1802666666666667        -19.889841919672527
0.18033333333333335       -19.890358669168403
0.1804                    -19.890916707294522
0.18046666666666666       -19.891503982408164
0.18053333333333335       -19.892089929840438
0.1806                    -19.892619597618875
0.18066666666666667       -19.893023316378024
0.18073333333333333       -19.893249382241024
0.18080000000000002       -19.893316317395445
0.18086666666666668       -19.893363761727947
0.18093333333333333       -19.893666888295527
0.18100000000000002       -19.894581693104477
0.18106666666666668       -19.89641499119674
0.18113333333333334       -19.899256940566318
0.1812                    -19.90285436529558
0.1812666666666667        -19.90661328326619
0.18133333333333335       -19.90978079638389
0.1814                    -19.91177414546868
0.18146666666666667       -19.912530953100138
0.18153333333333335       -19.912701788534463
0.1816                    -19.913539088740453
0.18166666666666667       -19.9164592400353
0.18173333333333333       -19.922417792880086
0.18180000000000002       -19.931362242722344
0.18186666666666668       -19.942045974200223
0.18193333333333334       -19.95237463586587
0.182                     -19.96023461507346
0.18206666666666668       -19.964498856901216
0.18213333333333334       -19.96574468526127
0.1822                    -19.966274246936415
0.1822666666666667        -19.969318611331886
0.18233333333333335       -19.97769562635028
0.1824                    -19.9924755681364
0.18246666666666667       -20.012257752816396
0.18253333333333335       -20.033466409191533
0.1826                    -20.051690140370873
0.18266666666666667       -20.063610734492997
0.18273333333333333       -20.068682589413807
0.18280000000000002       -20.069699630212856
0.18286666666666668       -20.071851162039977
0.18293333333333334       -20.080601416662617
0.183                     -20.099292134149692
0.18306666666666668       -20.127489844825554
0.18313333333333334       -20.16082256456285
0.1832                    -20.192528844395582
0.1832666666666667        -20.216265258917623
0.18333333333333335       -20.229039499815094
0.1834                    -20.2328471580299
0.18346666666666667       -20.2340807037187
0.18353333333333335       -20.24089475897441
0.1836                    -20.259720301725842
0.18366666666666667       -20.292424737393016
0.18373333333333333       -20.335261766804237
0.18380000000000002       -20.380107434740413
0.18386666666666668       -20.417696991440568
0.18393333333333334       -20.441682923808933
0.184                     -20.451671449659628
0.18406666666666668       -20.453628348060132
0.18413333333333334       -20.457354788023864
0.1842                    -20.472269445711603
0.18426666666666666       -20.503418325484567
0.18433333333333335       -20.5492927765904
0.1844                    -20.602246930769436
0.18446666666666667       -20.651467693190874
0.18453333333333335       -20.687519564640084
0.18460000000000001       -20.706572499988837
0.18466666666666667       -20.712213324838494
0.18473333333333333       -20.713841410246324
0.18480000000000002       -20.722497485367604
0.18486666666666668       -20.74618371041201
0.18493333333333334       -20.786638607436387
0.185                     -20.83866966729711
0.18506666666666668       -20.89222594429579
0.18513333333333334       -20.936527269550584
0.1852                    -20.964669829958456
0.18526666666666666       -20.97661115084702
0.18533333333333335       -20.97902375700385
0.1854                    -20.982152385512407
0.18546666666666667       -20.99534825472044
0.18553333333333336       -21.023324910468478
0.18560000000000001       -21.064505112703866
0.18566666666666667       -21.111876242687778
0.18573333333333333       -21.155950944985378
0.18580000000000002       -21.188707496637697
0.18586666666666668       -21.206868966448354
0.18593333333333334       -21.213028591666657
0.186                     -21.214164331497667
0.18606666666666669       -21.218425404107744
0.18613333333333335       -21.231785327412048
0.1862                    -21.255924902540112
0.18626666666666666       -21.287968585769455
0.18633333333333335       -21.321958807574795
0.1864                    -21.351392300823505
0.18646666666666667       -21.37178904675453
0.18653333333333333       -21.38225139788033
0.18660000000000002       -21.385429728195238
0.18666666666666668       -21.38607520125355
0.18673333333333333       -21.38897682516868
0.18680000000000002       -21.397206217427023
0.18686666666666668       -21.411276597317844
0.18693333333333334       -21.429350192139722
0.187                     -21.44823695070308
0.1870666666666667        -21.46470718027864
0.18713333333333335       -21.47660716012504
0.1872                    -21.48341230044998
0.18726666666666666       -21.486120372551976
0.18733333333333335       -21.48665680453327
0.1874                    -21.487110640535484
0.18746666666666667       -21.48910000449542
0.18753333333333333       -21.493433707994466
0.18760000000000002       -21.500084120462475
0.18766666666666668       -21.508383247572766
0.18773333333333334       -21.517319012530088
0.18780000000000002       -21.525827263360423
0.18786666666666668       -21.533019245698426
0.18793333333333334       -21.538328441138702
0.188                     -21.54158840891201
0.1880666666666667        -21.54305951371866
0.18813333333333335       -21.543411734946222
0.1882                    -21.543653767052643
0.18826666666666667       -21.54498808580891
0.18833333333333335       -21.548578472161815
0.1884                    -21.55524554109632
0.18846666666666667       -21.565152192241367
0.18853333333333333       -21.577588029898077
0.18860000000000002       -21.590983276211063
0.18866666666666668       -21.60324927309672
0.18873333333333334       -21.612437299511523
0.1888                    -21.61754806799459
0.18886666666666668       -21.619179770095013
0.18893333333333334       -21.61967216322898
0.189                     -21.62254989178055
0.1890666666666667        -21.631349601819757
0.18913333333333335       -21.648203338469976
0.1892                    -21.672717330308686
0.18926666666666667       -21.70167047312358
0.18933333333333335       -21.729848199879992
0.1894                    -21.751924700721137
0.18946666666666667       -21.764779700392385
0.18953333333333333       -21.769231915472727
0.18960000000000002       -21.7702394027514
0.18966666666666668       -21.775268334840092
0.18973333333333334       -21.79140821547226
0.1898                    -21.822376876516252
0.18986666666666668       -21.866598740144738
0.18993333333333334       -21.91721179310793
0.19                      -21.964308421849484
0.1900666666666667        -21.99889335175922
0.19013333333333335       -22.017042331233068
0.1902                    -22.022199287285126
0.19026666666666667       -22.024217872741435
0.19033333333333335       -22.035450492567502
0.1904                    -22.065663157145057
0.19046666666666667       -22.11786942150598
0.19053333333333333       -22.186606601866778
0.19060000000000002       -22.259426333777252
0.19066666666666668       -22.32152176868043
0.19073333333333334       -22.362101427678205
0.1908                    -22.379673310331476
0.19086666666666668       -22.38327015825871
0.19093333333333334       -22.388727303491635
0.191                     -22.41195462027254
0.19106666666666666       -22.462370492206674
0.19113333333333335       -22.538944393504895
0.1912                    -22.630067954843774
0.19126666666666667       -22.71757791819965
0.19133333333333336       -22.784110799956593
0.19140000000000001       -22.821055131686233
0.19146666666666667       -22.832970766374963
0.19153333333333333       -22.83571237850761
0.19160000000000002       -22.849305773644282
0.19166666666666668       -22.889448246622308
0.19173333333333334       -22.96126926595152
0.1918                    -23.05720320565475
0.19186666666666669       -23.159519439267275
0.19193333333333334       -23.247162063225268
0.192                     -23.30488243390157
0.19206666666666666       -23.33048909425857
0.19213333333333335       -23.335965213682286
0.1922                    -23.341711152226395
0.19226666666666667       -23.36739037202735
0.19233333333333336       -23.42394788740792
0.19240000000000002       -23.509570845751195
0.19246666666666667       -23.610425107155976
0.19253333333333333       -23.705983834438108
0.19260000000000002       -23.777582829887045
0.19266666666666668       -23.816836873402657
0.19273333333333334       -23.829453141678503
0.1928                    -23.832137193983453
0.1928666666666667        -23.844598439923654
0.19293333333333335       -23.881116060622322
0.193                     -23.945191778262963
0.19306666666666666       -24.028655604078505
0.19313333333333335       -24.11515566447129
0.1932                    -24.18697786258615
0.19326666666666667       -24.232736925842524
0.19333333333333333       -24.2523126602432
0.19340000000000002       -24.256331969243924
0.19346666666666668       -24.260675369904042
0.19353333333333333       -24.279262360430156
0.19360000000000002       -24.31855781884793
0.19366666666666668       -24.375618208634222
0.19373333333333334       -24.439891400694492
0.1938                    -24.497924658805246
0.1938666666666667        -24.539186569346725
0.19393333333333335       -24.560471316270327
0.194                     -24.566752745884564
0.19406666666666667       -24.568232572919385
0.19413333333333335       -24.57540805420528
0.1942                    -24.594681326970218
0.19426666666666667       -24.62623863677465
0.19433333333333333       -24.664665407080207
0.19440000000000002       -24.701746375285218
0.19446666666666668       -24.730191791434496
0.19453333333333334       -24.746669129332993
0.19460000000000002       -24.752809554319732
0.19466666666666668       -24.753887007926924
0.19473333333333334       -24.756062937561225
0.1948                    -24.763658695026415
0.1948666666666667        -24.777633308456686
0.19493333333333335       -24.795702623262383
0.195                     -24.813804723045266
0.19506666666666667       -24.82812500813282
0.19513333333333335       -24.836740165976806
0.1952                    -24.84018856172465
0.19526666666666667       -24.840844293244988
0.19533333333333333       -24.841561835157183
0.19540000000000002       -24.84433561694447
0.19546666666666668       -24.849583318540226
0.19553333333333334       -24.856269753237452
0.1956                    -24.862675484225676
0.19566666666666668       -24.86735401565124
0.19573333333333334       -24.869797040364205
0.1958                    -24.870529981272618
0.1958666666666667        -24.870677944262006
0.19593333333333335       -24.871302001877694
0.196                     -24.87287743856538
0.19606666666666667       -24.87515936153885
0.19613333333333335       -24.877450956284463
0.1962                    -24.879081811402468
0.19626666666666667       -24.879815107672908
0.19633333333333333       -24.879966651568513
0.19640000000000002       -24.88019294383241
0.19646666666666668       -24.881090195445033
0.19653333333333334       -24.88284130202469
0.1966                    -24.88510978222426
0.19666666666666668       -24.887238342117435
0.19673333333333334       -24.888642554463413
0.1968                    -24.889182346047242
0.1968666666666667        -24.889301345930107
0.19693333333333335       -24.88984485180664
0.197                     -24.89163797741508
0.19706666666666667       -24.895035490973516
0.19713333333333335       -24.899677930586698
0.19720000000000001       -24.904595828304025
0.19726666666666667       -24.908639037306706
0.19733333333333333       -24.91104461880309
0.19740000000000002       -24.911871865996183
0.19746666666666668       -24.912076665308163
0.19753333333333334       -24.913158691418257
0.1976                    -24.916517196154665
0.19766666666666668       -24.922794002431896
0.19773333333333334       -24.931501081154313
0.1978                    -24.941121884313734
0.19786666666666666       -24.94968402055154
0.19793333333333335       -24.955593961466832
0.198                     -24.958384817885122
0.19806666666666667       -24.95903211188784
0.19813333333333336       -24.959661576656845
0.19820000000000002       -24.962737528145837
0.19826666666666667       -24.97005047620059
0.19833333333333333       -24.981913999546066
0.19840000000000002       -24.996909908314233
0.19846666666666668       -25.01232632213211
0.19853333333333334       -25.02517427008623
0.1986                    -25.033417591216356
0.19866666666666669       -25.036910917252175
0.19873333333333335       -25.03761190526061
0.1988                    -25.038924566919274
0.19886666666666666       -25.044406857828584
0.19893333333333335       -25.056345018004684
0.199                     -25.07474947473756
0.19906666666666667       -25.097180045348424
0.19913333333333336       -25.119532964217015
0.19920000000000002       -25.137578000882183
0.19926666666666668       -25.148697728306267
0.19933333333333333       -25.15310324445227
0.19940000000000002       -25.153944143421448
0.19946666666666668       -25.156194366088997
0.19953333333333334       -25.164740439354965
0.1996                    -25.182426075805274
0.1996666666666667        -25.20880212467134
0.19973333333333335       -25.240079794906855
0.1998                    -25.270402028998472
0.19986666666666666       -25.29408080207609
0.19993333333333335       -25.307982382594417
0.2                       -25.313020024749203
0.20006666666666667       -25.313998668944194
0.20013333333333333       -25.317801699170825
0.20020000000000002       -25.33067526176888
0.20026666666666668       -25.355707089130973
0.20033333333333334       -25.391451266918086
0.2004                    -25.43223835074482
0.20046666666666668       -25.470189124098468
0.20053333333333334       -25.498329650027785
0.2006                    -25.513600520965134
0.20066666666666666       -25.518362782961432
0.20073333333333335       -25.519588594559302
0.2008                    -25.52605879524628
0.20086666666666667       -25.54481545450797
0.20093333333333332       -25.578309852016723
0.201                     -25.623283300883443
0.20106666666666667       -25.671816591681207
0.20113333333333333       -25.71432240344666
0.2012                    -25.74348417297869
0.20126666666666668       -25.75748784121373
0.20133333333333334       -25.760946291381064
0.2014                    -25.76298488876776
0.20146666666666668       -25.773415556361783
0.20153333333333334       -25.79874193304689
0.2016                    -25.83956570997387
0.20166666666666666       -25.890272580455743
0.20173333333333335       -25.941134320915182
0.2018                    -25.98219513874634
0.20186666666666667       -26.00748225111698
0.20193333333333333       -26.017626200572487
0.202                     -26.01954548384174
0.20206666666666667       -26.02336061245458
0.20213333333333333       -26.038094963397445
0.2022                    -26.068064917862962
0.20226666666666668       -26.111276185851068
0.20233333333333334       -26.160293401118984
0.2024                    -26.205265341194487
0.20246666666666668       -26.238015257965323
0.20253333333333334       -26.255485798854995
0.2026                    -26.260906281495146
0.20266666666666666       -26.2621325969771
0.20273333333333335       -26.268085352958074
0.2028                    -26.285030568327137
0.20286666666666667       -26.31423302292601
0.20293333333333333       -26.35173134548626
0.203                     -26.39017188495945
0.20306666666666667       -26.42194707172584
0.20313333333333333       -26.442354236767258
0.2032                    -26.45138836467529
0.20326666666666668       -26.453385857525614
0.20333333333333334       -26.45482448970082
0.2034                    -26.46145148516223
0.20346666666666668       -26.476044583059206
0.20353333333333334       -26.497620547164132
0.2036                    -26.52221860519987
0.20366666666666666       -26.544794978792275
0.20373333333333335       -26.561380434003816
0.2038                    -26.570579370393478
0.20386666666666667       -26.57381772930876
0.20393333333333333       -26.574367875305512
0.20400000000000001       -26.575745432907745
0.20406666666666667       -26.58026725496121
0.20413333333333333       -26.588345725715147
0.2042                    -26.598676553433407
0.20426666666666668       -26.609085564164133
0.20433333333333334       -26.617573204436912
0.2044                    -26.62308693330182
0.20446666666666666       -26.625743716758222
0.20453333333333334       -26.626517041576463
0.2046                    -26.62664257608716
0.20466666666666666       -26.627069526993623
0.20473333333333335       -26.628185651493727
0.2048                    -26.629860927475466
0.20486666666666667       -26.631697134471608
0.20493333333333333       -26.63330700636839
0.20500000000000002       -26.634484789249363
0.20506666666666667       -26.63522654449208
0.20513333333333333       -26.635648908912675
0.2052                    -26.6358911711429
0.20526666666666668       -26.636060753832417
0.20533333333333334       -26.636228324688133
0.2054                    -26.63643953599081
0.20546666666666666       -26.636711118068348
0.20553333333333335       -26.637011974542332
0.2056                    -26.637262830526293
0.20566666666666666       -26.63738894321602
0.20573333333333332       -26.63742193948357
0.2058                    -26.637593566535195
0.20586666666666667       -26.638337881945766
0.20593333333333333       -26.640149403439057
0.20600000000000002       -26.64332711920157
0.20606666666666668       -26.647724149471557
0.20613333333333334       -26.652662176510262
0.2062                    -26.65712037443978
0.20626666666666668       -26.660177279197498
0.20633333333333334       -26.661528314083377
0.2064                    -26.66181034207235
0.20646666666666666       -26.6625103579258
0.20653333333333335       -26.6654191823781
0.2066                    -26.671826145527554
0.20666666666666667       -26.681813384993504
0.20673333333333332       -26.694012179128297
0.2068                    -26.706015519695285
0.20686666666666667       -26.715353649511613
0.20693333333333333       -26.720642069954966
0.20700000000000002       -26.722357383272882
0.20706666666666668       -26.72281065170099
0.20713333333333334       -26.7252533855604
0.2072                    -26.732477050833214
0.20726666666666668       -26.745520255175805
0.20733333333333334       -26.76306857520722
0.2074                    -26.781859606137544
0.20746666666666666       -26.797994833591193
0.20753333333333335       -26.808639966228572
0.2076                    -26.81334732068574
0.20766666666666667       -26.814342247934086
0.20773333333333333       -26.815594459976303
0.2078                    -26.821090641332507
0.20786666666666667       -26.833090318647645
0.20793333333333333       -26.851121671188103
0.20800000000000002       -26.872140728900114
0.20806666666666668       -26.891804054932614
0.20813333333333334       -26.90633657885033
0.2082                    -26.914174969156726
0.20826666666666668       -26.916620132176515
0.20833333333333334       -26.917192954401
0.2084                    -26.920025797395862
0.20846666666666666       -26.928059921155395
0.20853333333333335       -26.941841476638373
0.2086                    -26.959386750234486
0.20866666666666667       -26.977122299645888
0.20873333333333333       -26.991468411529258
0.2088                    -27.000362264771
0.20886666666666667       -27.004041441196765
0.20893333333333333       -27.00476547198583
0.209                     -27.005674971628807
0.20906666666666668       -27.00937670671975
0.20913333333333334       -27.016901073754582
0.2092                    -27.02743529916455
0.20926666666666666       -27.038860892818022
0.20933333333333334       -27.048786343924263
0.2094                    -27.05558311282667
0.20946666666666666       -27.05897102503497
0.20953333333333335       -27.05994398029043
0.2096                    -27.060155228600156
0.20966666666666667       -27.06111670493593
0.20973333333333333       -27.063597454514973
0.20980000000000001       -27.06745082411896
0.20986666666666667       -27.07186833009025
0.20993333333333333       -27.07586868186113
0.21                      -27.078758780428537
0.21006666666666668       -27.08036413881931
0.21013333333333334       -27.080973050127813
0.2102                    -27.081087460031323
0.21026666666666666       -27.081147194053194
0.21033333333333334       -27.08136763727179
0.2104                    -27.081738035481496
0.21046666666666666       -27.082131703769058
0.21053333333333335       -27.08243307468856
0.2106                    -27.082605006541762
0.21066666666666667       -27.082678948661236
0.21073333333333333       -27.082706077172812
0.21080000000000002       -27.08272400155282
0.21086666666666667       -27.08276607295947
0.21093333333333333       -27.082894454006443
0.211                     -27.083210949476488
0.21106666666666668       -27.08381344547023
0.21113333333333334       -27.08471253320386
0.2112                    -27.08576867798967
0.21126666666666666       -27.086718025191367
0.21133333333333335       -27.08730999098801
0.2114                    -27.087502910046414
0.21146666666666666       -27.087602750181382
0.21153333333333335       -27.08823112816963
0.2116                    -27.090086467299503
0.21166666666666667       -27.093581830698344
0.21173333333333333       -27.098538408676717
0.21180000000000002       -27.104124274320004
0.21186666666666668       -27.109132810167658
0.21193333333333333       -27.11252632261612
0.212                     -27.11400652309649
0.21206666666666668       -27.114310637507657
0.21213333333333334       -27.11502841077795
0.2122                    -27.117960842263393
0.21226666666666666       -27.124281559848136
0.21233333333333335       -27.133888899107887
0.2124                    -27.14528579327694
0.21246666666666666       -27.156111542956793
0.21253333333333335       -27.16415140643271
0.2126                    -27.168389384580877
0.21266666666666667       -27.169589752574794
0.21273333333333333       -27.17007767093267
0.21280000000000002       -27.172769791354025
0.21286666666666668       -27.179876075938306
0.21293333333333334       -27.191857020720622
0.213                     -27.20711587075494
0.21306666666666668       -27.22259995592338
0.21313333333333334       -27.23509503218342
0.2132                    -27.242660695196022
0.21326666666666666       -27.245538090042686
0.21333333333333335       -27.246075443224935
0.2134                    -27.247689067813674
0.21346666666666667       -27.253345206600837
0.21353333333333332       -27.264253733017625
0.2136                    -27.27934029433225
0.21366666666666667       -27.295715112386855
0.21373333333333333       -27.309936577935506
0.2138                    -27.31951808550525
0.21386666666666668       -27.323994699253728
0.21393333333333334       -27.325057158997687
0.214                     -27.32571415298239
0.21406666666666668       -27.328912036126862
0.21413333333333334       -27.33626318995703
0.2142                    -27.34742912550862
0.21426666666666666       -27.36037838802222
0.21433333333333335       -27.37235768718393
0.2144                    -27.381118542640394
0.21446666666666667       -27.385842819273773
0.21453333333333333       -27.387367279985355
0.2146                    -27.387657962737517
0.21466666666666667       -27.388843097724525
0.21473333333333333       -27.392285607422743
0.2148                    -27.39809869513735
0.21486666666666668       -27.40526031668857
0.21493333333333334       -27.41220259002217
0.215                     -27.417559504361467
0.21506666666666668       -27.420721148312573
0.21513333333333334       -27.42197130354905
0.2152                    -27.422207703513827
0.21526666666666666       -27.422441040515324
0.21533333333333335       -27.42334142637236
0.2154                    -27.425031018418697
0.21546666666666667       -27.427168619570818
0.21553333333333333       -27.42922544550276
0.2156                    -27.430779921044724
0.21566666666666667       -27.431685332262287
0.21573333333333333       -27.43205902338181
0.2158                    -27.432145215579858
0.21586666666666668       -27.432158144213833
0.21593333333333334       -27.43219633087744
0.216                     -27.432254549302435
0.21606666666666668       -27.43229411769667
0.21613333333333334       -27.432304908759182
0.2162                    -27.432314872143873
0.21626666666666666       -27.432352989159586
0.21633333333333335       -27.432411184362373
0.2164                    -27.4324512286444
0.21646666666666667       -27.432464002200764
0.21653333333333333       -27.43253888106494
0.21660000000000001       -27.432878275672444
0.21666666666666667       -27.433718141966775
0.21673333333333333       -27.43517862114155
0.2168                    -27.43713060008877
0.21686666666666668       -27.439180036125528
0.21693333333333334       -27.44082186853646
0.217                     -27.441717893074447
0.21706666666666669       -27.44196067250812
0.21713333333333334       -27.442158771594286
0.2172                    -27.44324803233217
0.21726666666666666       -27.446073930554483
0.21733333333333332       -27.450928569080272
0.2174                    -27.457284129426082
0.21746666666666667       -27.463901957214816
0.21753333333333333       -27.469328972204764
0.21760000000000002       -27.4725896728022
0.21766666666666667       -27.473744735147537
0.21773333333333333       -27.474007116869032
0.2178                    -27.47529982312102
0.21786666666666668       -27.479415758530372
0.21793333333333334       -27.487152159803244
0.218                     -27.497831543083663
0.2180666666666667        -27.509471322455248
0.21813333333333335       -27.51958494436296
0.2182                    -27.526294465041698
0.21826666666666666       -27.52924500975769
0.21833333333333332       -27.529858903742177
0.2184                    -27.530766028994297
0.21846666666666667       -27.534649436294217
0.21853333333333333       -27.54302895298609
0.21860000000000002       -27.555533327254174
0.21866666666666668       -27.569997206515822
0.21873333333333334       -27.583367442001297
0.2188                    -27.593042415885932
0.21886666666666668       -27.598042731225654
0.21893333333333334       -27.599456241448415
0.219                     -27.599936932659798
0.21906666666666666       -27.602499391823606
0.21913333333333335       -27.60917765769557
0.2192                    -27.62014969393754
0.21926666666666667       -27.633693972314646
0.21933333333333332       -27.64697731848323
0.2194                    -27.65731679476742
0.21946666666666667       -27.66334502160902
0.21953333333333333       -27.665547458074393
0.21960000000000002       -27.665943505003842
0.21966666666666668       -27.667102264438373
0.21973333333333334       -27.670985061307416
0.2198                    -27.678142522658817
0.21986666666666668       -27.68758677049992
0.21993333333333334       -27.697339851828552
0.22                      -27.70536883390764
0.22006666666666666       -27.710465992408185
0.22013333333333335       -27.71268294999708
0.2202                    -27.71316164868238
0.22026666666666667       -27.713502812680765
0.22033333333333333       -27.715014135841372
0.2204                    -27.718191994843707
0.22046666666666667       -27.722634908209884
0.22053333333333333       -27.72736475665492
0.22060000000000002       -27.73135189073671
0.22066666666666668       -27.733975569134735
0.22073333333333334       -27.735218907326164
0.2208                    -27.735553273315148
0.22086666666666668       -27.73562392002562
0.22093333333333334       -27.735925540262187
0.221                     -27.73662532980138
0.22106666666666666       -27.737586353185097
0.22113333333333335       -27.738532419131676
0.2212                    -27.739235860461115
0.22126666666666667       -27.7396239591088
0.22133333333333333       -27.739768180433142
0.2214                    -27.739795650692336
0.22146666666666667       -27.739799404087528
0.22153333333333333       -27.73980649500104
0.22160000000000002       -27.739810343551945
0.22166666666666668       -27.739824868762526
0.22173333333333334       -27.73990595658311
0.2218                    -27.740116675634358
0.22186666666666666       -27.740462720887557
0.22193333333333334       -27.740856626307497
0.222                     -27.741157644538184
0.22206666666666666       -27.741282495230713
0.22213333333333335       -27.741322842263244
0.2222                    -27.741580421720847
0.22226666666666667       -27.742464587568406
0.22233333333333333       -27.744277493607072
0.22240000000000001       -27.746994045087913
0.22246666666666667       -27.750174723621758
0.22253333333333333       -27.753101052862842
0.22260000000000002       -27.755110053352105
0.22266666666666668       -27.75598027074394
0.22273333333333334       -27.756160002454592
0.2228                    -27.7566778215483
0.22286666666666666       -27.758725833983817
0.22293333333333334       -27.763083147882654
0.223                     -27.7696551590047
0.22306666666666666       -27.777381913422005
0.22313333333333335       -27.784616332237427
0.2232                    -27.789848803382924
0.22326666666666667       -27.792458501497194
0.22333333333333333       -27.793113600355458
0.22340000000000002       -27.793580443239318
0.22346666666666667       -27.79598334841268
0.22353333333333333       -27.801834112975527
0.2236                    -27.811277160743128
0.22366666666666668       -27.82291672174036
0.22373333333333334       -27.83434706304462
0.2238                    -27.843191202218517
0.22386666666666666       -27.848194011731493
0.22393333333333335       -27.84984769182486
0.224                     -27.85022337466989
0.22406666666666666       -27.852064191909754
0.22413333333333335       -27.857554643053483
0.2242                    -27.86732745006352
0.22426666666666667       -27.880152589960208
0.22433333333333333       -27.893452914141537
0.22440000000000002       -27.90443203680042
0.22446666666666668       -27.911316239984796
0.22453333333333333       -27.914136284532493
0.2246                    -27.914679267298958
0.22466666666666668       -27.915643910892992
0.22473333333333334       -27.919414169982268
0.2248                    -27.927020847980593
0.22486666666666666       -27.93773980977338
0.22493333333333335       -27.949473403108506
0.225                     -27.959719655237983
0.22506666666666666       -27.966680894247595
0.22513333333333335       -27.970005893037605
0.2252                    -27.970841277235863
0.22526666666666667       -27.971209866198677
0.22533333333333333       -27.97305151522255
0.22540000000000002       -27.97738842877545
0.22546666666666668       -27.98397248350444
0.22553333333333334       -27.991521584444353
0.2256                    -27.998384154287148
0.22566666666666668       -28.003296156914004
0.22573333333333334       -28.00588123985927
0.2258                    -28.00669420160105
0.22586666666666666       -28.00684319625544
0.22593333333333335       -28.00742107531418
0.226                     -28.009034421584836
0.22606666666666667       -28.011629817435676
0.22613333333333335       -28.014647639588702
0.2262                    -28.017376688642017
0.22626666666666667       -28.019309004772307
0.22633333333333333       -28.020327093778576
0.2264                    -28.020666451691692
0.22646666666666668       -28.020718717527355
0.22653333333333334       -28.020809040047872
0.2266                    -28.021067102819863
0.22666666666666668       -28.02143606602554
0.22673333333333334       -28.021778950362027
0.2268                    -28.02199626246275
0.22686666666666666       -28.02208157148225
0.22693333333333335       -28.02209664563456
0.227                     -28.022104896055282
0.22706666666666667       -28.02212431395381
0.22713333333333335       -28.022137523843558
0.2272                    -28.022146819921154
0.22726666666666667       -28.022222670189144
0.22733333333333333       -28.022494144911875
0.2274                    -28.02307113382144
0.22746666666666668       -28.023944002444573
0.22753333333333334       -28.024937181325036
0.2276                    -28.02577307027871
0.22766666666666668       -28.026237025841993
0.22773333333333334       -28.026359810782576
0.2278                    -28.02649936428114
0.22786666666666666       -28.027239864924717
0.22793333333333335       -28.029122453736942
0.228                     -28.032328277234683
0.22806666666666667       -28.036488166725984
0.22813333333333333       -28.040755591754913
0.22820000000000001       -28.0441575347922
0.22826666666666667       -28.046084889899916
0.22833333333333333       -28.046680437750346
0.2284                    -28.04689775009164
0.22846666666666668       -28.048149654609944
0.22853333333333334       -28.051672924569807
0.2286                    -28.05789655805412
0.22866666666666668       -28.066128693580723
0.22873333333333334       -28.07475341314088
0.2288                    -28.081900483079746
0.22886666666666666       -28.086311899000794
0.22893333333333335       -28.087995903715427
0.229                     -28.08832334430928
0.22906666666666667       -28.08947666922171
0.22913333333333333       -28.093480780036092
0.22920000000000001       -28.101255312590464
0.22926666666666667       -28.112128645458526
0.22933333333333333       -28.124057479611086
0.2294                    -28.13448851900438
0.22946666666666668       -28.141498367103313
0.22953333333333334       -28.144687797068414
0.2296                    -28.14539257156918
0.22966666666666669       -28.146093448070985
0.22973333333333334       -28.149298572316326
0.2298                    -28.156416986232358
0.22986666666666666       -28.1671296483486
0.22993333333333332       -28.17953084526819
0.23                      -28.190975223566674
0.23006666666666667       -28.199253793073456
0.23013333333333333       -28.203562890002583
0.23020000000000002       -28.204817014239325
0.23026666666666668       -28.205172774777147
0.23033333333333333       -28.20701462854921
0.2304                    -28.211892603061543
0.23046666666666668       -28.219888363120596
0.23053333333333334       -28.229661157191718
0.2306                    -28.23911436843116
0.2306666666666667        -28.24635598020455
0.23073333333333335       -28.250507088235803
0.2308                    -28.251999383968634
0.23086666666666666       -28.25226160797446
0.23093333333333332       -28.25299176693062
0.231                     -28.255387613922004
0.23106666666666667       -28.259685594435425
0.23113333333333333       -28.2651777312223
0.23120000000000002       -28.270642870473345
0.23126666666666668       -28.274950475264863
0.23133333333333334       -28.27754282074466
0.2314                    -28.27859030524781
0.23146666666666668       -28.278793742563956
0.23153333333333334       -28.278979752299502
0.2316                    -28.279712715310048
0.2316666666666667        -28.28110241105979
0.23173333333333335       -28.282861750729126
0.2318                    -28.284538569293808
0.23186666666666667       -28.28577393146004
0.23193333333333332       -28.28645347838966
0.232                     -28.286698736044134
0.23206666666666667       -28.286740162047053
0.23213333333333333       -28.286769068662778
0.23220000000000002       -28.28685647605306
0.23226666666666668       -28.286968858089146
0.23233333333333334       -28.287045369950036
0.2324                    -28.28706897952816
0.23246666666666665       -28.287080696465928
0.23253333333333334       -28.28713553354612
0.2326                    -28.2872448151007
0.2326666666666667        -28.28735997410249
0.23273333333333335       -28.287420909124105
0.2328                    -28.28743941716067
0.23286666666666667       -28.2875523476109
0.23293333333333333       -28.28798806137879
0.233                     -28.288943064401963
0.23306666666666667       -28.290432161283462
0.23313333333333333       -28.292211347958542
0.23320000000000002       -28.2938486969052
0.23326666666666668       -28.294939538408045
0.23333333333333334       -28.29536835264809
0.2334                    -28.295467487216072
0.23346666666666666       -28.29595295239358
0.23353333333333334       -28.297625930922283
0.2336                    -28.30096176081421
0.2336666666666667        -28.305792172891373
0.23373333333333335       -28.31126969601263
0.2338                    -28.316182490104744
0.23386666666666667       -28.319511758258635
0.23393333333333333       -28.320976525026005
0.234                     -28.321278675775208
0.23406666666666667       -28.321882694837406
0.23413333333333333       -28.324390052224228
0.23420000000000002       -28.329780224568424
0.23426666666666668       -28.337877047427718
0.23433333333333334       -28.347317597210488
0.2344                    -28.35608482375499
0.23446666666666666       -28.362400294013398
0.23453333333333334       -28.365575424675747
0.2346                    -28.366400821315786
0.23466666666666666       -28.36685356880504
0.23473333333333335       -28.369232289568874
0.2348                    -28.375111311280413
0.23486666666666667       -28.38459349304346
0.23493333333333333       -28.39620889398104
0.23500000000000001       -28.407525091687283
0.23506666666666667       -28.41621711087565
0.23513333333333333       -28.421117851173157
0.23520000000000002       -28.42275290958561
0.23526666666666668       -28.42309733491748
0.23533333333333334       -28.424670048243073
0.2354                    -28.429396802229686
0.23546666666666666       -28.437762480760334
0.23553333333333334       -28.448620770524684
0.2356                    -28.4597297497116
0.23566666666666666       -28.46876413782223
0.23573333333333335       -28.474341597198585
0.2358                    -28.47659186755658
0.23586666666666667       -28.47701837634347
0.23593333333333333       -28.47774894784976
0.23600000000000002       -28.480556439676455
0.23606666666666667       -28.48610688011956
0.23613333333333333       -28.49375058413797
0.23620000000000002       -28.50190657318729
0.23626666666666668       -28.508827298269118
0.23633333333333334       -28.513374852592392
0.2364                    -28.515456200162212
0.23646666666666666       -28.515947464375976
0.23653333333333335       -28.51619290445396
0.2366                    -28.517356350857522
0.23666666666666666       -28.519938662500305
0.23673333333333335       -28.52365751823627
0.2368                    -28.527694319059997
0.23686666666666667       -28.531144751125762
0.23693333333333333       -28.533436869153622
0.237                     -28.534527171741875
0.23706666666666668       -28.534818082834647
0.23713333333333333       -28.53488440244459
0.23720000000000002       -28.535175814153128
0.23726666666666668       -28.53584487078826
0.23733333333333334       -28.53675928188856
0.2374                    -28.53765246389138
0.23746666666666666       -28.538303738651024
0.23753333333333335       -28.538645598536803
0.2376                    -28.538756608561737
0.23766666666666666       -28.53877249451893
0.23773333333333335       -28.53878998215137
0.2378                    -28.538827335654325
0.23786666666666667       -28.538855879963315
0.23793333333333333       -28.538864359010873
0.238                     -28.538897627404364
0.23806666666666668       -28.539034757765137
0.23813333333333334       -28.539321360272837
0.23820000000000002       -28.53971129072431
0.23826666666666668       -28.54007420394185
0.23833333333333334       -28.54028335599815
0.2384                    -28.540337884086338
0.23846666666666666       -28.540435734303596
0.23853333333333335       -28.540927705329096
0.2386                    -28.54214870907635
0.23866666666666667       -28.544204044742415
0.23873333333333335       -28.546836091713814
0.2388                    -28.54947515117201
0.23886666666666667       -28.551488744000167
0.23893333333333333       -28.552527802577362
0.239                     -28.552790066389345
0.23906666666666668       -28.55303453162452
0.23913333333333334       -28.55429342255363
0.2392                    -28.557387456444815
0.23926666666666668       -28.562471043040297
0.23933333333333334       -28.568848534207795
0.2394                    -28.575194908030312
0.23946666666666666       -28.580124993893786
0.23953333333333335       -28.58286759425209
0.2396                    -28.583713344648437
0.23966666666666667       -28.58398360527964
0.23973333333333335       -28.58549093746866
0.2398                    -28.589716947891176
0.23986666666666667       -28.597084784015948
0.23993333333333333       -28.606677546511982
0.24                      -28.616565683778077
0.24006666666666668       -28.62463346160304
0.24013333333333334       -28.629547478360745
0.2402                    -28.63140995199363
0.24026666666666668       -28.631763215383007
0.24033333333333334       -28.63291933489799
0.2404                    -28.636918688704384
0.24046666666666666       -28.644596520190014
0.24053333333333335       -28.655181805701332
0.2406                    -28.666614046099195
0.24066666666666667       -28.676447860683343
0.24073333333333335       -28.682944979254707
0.24080000000000001       -28.685849568857208
0.24086666666666667       -28.686479788658517
0.24093333333333333       -28.68709832707783
0.241                     -28.689872768069534
0.24106666666666668       -28.6959150761982
0.24113333333333334       -28.70482569031378
0.2412                    -28.714922293981992
0.24126666666666668       -28.724027687643723
0.24133333333333334       -28.73044735426558
0.2414                    -28.733686720297428
0.24146666666666666       -28.73458895548442
0.24153333333333332       -28.734861746848654
0.2416                    -28.73625379212821
0.24166666666666667       -28.7397840811294
0.24173333333333336       -28.74536416201829
0.24180000000000001       -28.751944159067833
0.24186666666666667       -28.758069174552652
0.24193333333333333       -28.7625594253255
0.242                     -28.76499437926631
0.24206666666666668       -28.765799299811473
0.24213333333333334       -28.765939882048084
0.2422                    -28.766416281962172
0.24226666666666669       -28.767818195171436
0.24233333333333335       -28.77013693520329
0.2424                    -28.772881172048663
0.24246666666666666       -28.775393621468464
0.24253333333333332       -28.777186343262446
0.2426                    -28.778131462724602
0.24266666666666667       -28.77844139750409
0.24273333333333336       -28.778489381409393
0.24280000000000002       -28.778593389822575
0.24286666666666668       -28.77888212671757
0.24293333333333333       -28.77929478851172
0.243                     -28.779683234216925
0.24306666666666668       -28.779934257122427
0.24313333333333334       -28.78003474969355
0.2432                    -28.780052826644788
0.2432666666666667        -28.780067148455252
0.24333333333333335       -28.78010660439413
0.2434                    -28.78014670608326
0.24346666666666666       -28.780161616808794
0.24353333333333332       -28.780185811631128
0.2436                    -28.780328619485726
0.24366666666666667       -28.780717068635838
0.24373333333333333       -28.781397075467915
0.24380000000000002       -28.782262913960178
0.24386666666666668       -28.783079984235496
0.24393333333333334       -28.783613198195827
0.244                     -28.783801142233735
0.24406666666666668       -28.783869708918544
0.24413333333333334       -28.784293521050284
0.2442                    -28.785590369749965
0.2442666666666667        -28.78803448556892
0.24433333333333335       -28.7914408130353
0.2444                    -28.795160769025507
0.24446666666666667       -28.79833564228159
0.24453333333333332       -28.800316601560446
0.2446                    -28.801050129360398
0.24466666666666667       -28.801212809338026
0.24473333333333333       -28.80198435760318
0.24480000000000002       -28.804528015285264
0.24486666666666668       -28.80940895847946
0.24493333333333334       -28.81623729073185
0.245                     -28.823739799958847
0.24506666666666668       -28.83027457975652
0.24513333333333334       -28.834583249023574
0.2452                    -28.83643083125154
0.2452666666666667        -28.836802738188126
0.24533333333333335       -28.83752567561084
0.2454                    -28.84046123468146
0.24546666666666667       -28.846636733219263
0.24553333333333333       -28.85571875560167
0.2456                    -28.866089664565365
0.24566666666666667       -28.87552312446037
0.24573333333333333       -28.882176487376157
0.24580000000000002       -28.88544687711213
0.24586666666666668       -28.886275093655755
0.24593333333333334       -28.886736018859832
0.246                     -28.88910150386448
0.24606666666666666       -28.89481240155127
0.24613333333333334       -28.903827931221613
0.2462                    -28.914640498472643
0.2462666666666667        -28.924947870846704
0.24633333333333335       -28.93268228311718
0.2464                    -28.936926508833075
0.24646666666666667       -28.938291165205577
0.24653333333333333       -28.938585635296867
0.2466                    -28.939959009905497
0.24666666666666667       -28.943929847664293
0.24673333333333333       -28.950747403100593
0.24680000000000002       -28.95934821248286
0.24686666666666668       -28.967894545234483
0.24693333333333334       -28.974626100842936
0.247                     -28.97862573214674
0.24706666666666666       -28.980154297281295
0.24713333333333334       -28.980429353524805
0.2472                    -28.980994794305786
0.24726666666666666       -28.983008307983095
0.24733333333333335       -28.986777604683695
0.2474                    -28.991726192213747
0.24746666666666667       -28.99675607216206
0.24753333333333333       -29.00079931844283
0.24760000000000001       -29.00328562743252
0.24766666666666667       -29.00432071986268
0.24773333333333333       -29.004530902419564
0.24780000000000002       -29.00469486882123
0.24786666666666668       -29.00536915738501
0.24793333333333334       -29.006685018719587
0.248                     -29.008383022283883
0.24806666666666666       -29.01002541905541
0.24813333333333334       -29.011249203642627
0.2482                    -29.011926240401852
0.24826666666666666       -29.01216833782251
0.24833333333333335       -29.012208143827895
0.2484                    -29.012247707198963
0.24846666666666667       -29.012366176238842
0.24853333333333333       -29.012525747316463
0.24860000000000002       -29.01264860143264
0.24866666666666667       -29.012698442622522
0.24873333333333333       -29.012708839669457
0.24880000000000002       -29.012746310060038
0.24886666666666668       -29.01284579585504
0.24893333333333334       -29.012975955676524
0.249                     -29.01306861868168
0.24906666666666666       -29.013096788242812
0.24913333333333335       -29.013143246970632
0.2492                    -29.013398107031243
0.24926666666666666       -29.014065424383837
0.24933333333333335       -29.0152226497559
0.2494                    -29.016721409674695
0.24946666666666667       -29.018210985120994
0.24953333333333333       -29.01930313324412
0.24960000000000002       -29.019809173435668
0.24966666666666668       -29.019918606209195
0.24973333333333333       -29.020196510181208
0.24980000000000002       -29.021361596053307
0.24986666666666668       -29.023928288477574
0.24993333333333334       -29.02788802121098
0.25                      -29.032612052443415
0.25006666666666666       -29.037066979518986
0.2501333333333333        -29.04028004216141
0.2502                    -29.04184659185954
0.2502666666666667        -29.042217948677354
0.25033333333333335       -29.042590082333753
0.2504                    -29.044403777803257
0.25046666666666667       -29.04866845151293
0.25053333333333333       -29.055427582055465
0.2506                    -29.063639311044845
0.25066666666666665       -29.07156847987963
0.25073333333333336       -29.077547923800296
0.2508                    -29.080770741669664
0.2508666666666667        -29.081726635634464
0.25093333333333334       -29.082043731333908
0.251                     -29.083782153344355
0.25106666666666666       -29.08849638565532
0.2511333333333333        -29.096498305670004
0.2512                    -29.10666527841391
0.2512666666666667        -29.116898373359405
0.25133333333333335       -29.125044571729735
0.2514                    -29.1298714798307
0.25146666666666667       -29.131635877855622
0.25153333333333333       -29.131967619380482
0.2516                    -29.13312140257505
0.25166666666666665       -29.13695259349568
0.25173333333333336       -29.14409062541049
0.2518                    -29.15367553340078
0.2518666666666667        -29.16376287409978
0.25193333333333334       -29.172206343678955
0.252                     -29.1776130495256
0.25206666666666666       -29.179931125505803
0.2521333333333333        -29.18040638611999
0.2522                    -29.180954153945997
0.2522666666666667        -29.183268171290344
0.25233333333333335       -29.18808802389419
0.2524                    -29.194940594308733
0.2524666666666667        -29.20243572910809
0.25253333333333333       -29.20894622905724
0.2526                    -29.213340816761715
0.25266666666666665       -29.215433138743634
0.25273333333333337       -29.215963644913778
0.2528                    -29.21616648775798
0.2528666666666667        -29.217165107657834
0.25293333333333334       -29.21949317510923
0.253                     -29.222943025305838
0.25306666666666666       -29.226767857747888
0.2531333333333333        -29.230098428001053
0.2532                    -29.232352898308935
0.2532666666666667        -29.23344959963352
0.25333333333333335       -29.233752237139782
0.2534                    -29.233817482425582
0.2534666666666667        -29.234101264813876
0.25353333333333333       -29.2347744482828
0.2536                    -29.23571741387519
0.25366666666666665       -29.236659891608603
0.25373333333333337       -29.23736372815718
0.2538                    -29.237742874818387
0.2538666666666667        -29.237869355191638
0.25393333333333334       -29.237888190037076
0.254                     -29.23791302631085
0.25406666666666666       -29.237972223540144
0.2541333333333333        -29.238030204313425
0.2542                    -29.238054026619427
0.2542666666666667        -29.23806653932736
0.25433333333333336       -29.238142165444707
0.2544                    -29.23834746803908
0.2544666666666667        -29.238673666714547
0.25453333333333333       -29.239020250940268
0.2546                    -29.23925732742976
0.25466666666666665       -29.239337791972506
0.25473333333333337       -29.239385741314532
0.2548                    -29.239687572683447
0.2548666666666667        -29.240563732833532
0.25493333333333335       -29.242175477560753
0.255                     -29.244376281371707
0.25506666666666666       -29.246713539944107
0.2551333333333333        -29.24861601045912
0.2552                    -29.249697196436777
0.2552666666666667        -29.250021441988284
0.25533333333333336       -29.2501719234844
0.2554                    -29.25104533335542
0.2554666666666667        -29.253439593437193
0.25553333333333333       -29.257623717980582
0.2556                    -29.263114162396295
0.25566666666666665       -29.26880404176965
0.25573333333333337       -29.27342855717474
0.2558                    -29.27617294323346
0.2558666666666667        -29.277128589225452
0.25593333333333335       -29.27734655986868
0.256                     -29.278421559079312
0.25606666666666666       -29.281773766843195
0.2561333333333333        -29.28795662084645
0.2562                    -29.296324248841415
0.25626666666666664       -29.305241825590308
0.25633333333333336       -29.31277901578519
0.2564                    -29.3175905947667
0.2564666666666667        -29.319571573601646
0.25653333333333334       -29.319955655455242
0.2566                    -29.320786261988147
0.25666666666666665       -29.32399611880415
0.25673333333333337       -29.330519742154383
0.25680000000000003       -29.339845772531923
0.2568666666666667        -29.350217489570646
0.25693333333333335       -29.359402686498775
0.257                     -29.36569283573888
0.25706666666666667       -29.368671015932982
0.2571333333333333        -29.369384514861537
0.2572                    -29.369843208293098
0.25726666666666664       -29.37209143623148
0.25733333333333336       -29.37729290377003
0.2574                    -29.385239842044683
0.2574666666666667        -29.39448831213388
0.25753333333333334       -29.403038573561638
0.2576                    -29.409239480762636
0.25766666666666665       -29.412498622863033
0.25773333333333337       -29.413478351428463
0.25780000000000003       -29.41371304252734
0.2578666666666667        -29.4148619658363
0.25793333333333335       -29.41796689591039
0.258                     -29.42304823820323
0.25806666666666667       -29.42918979291899
0.2581333333333333        -29.43503122446802
0.2582                    -29.439411399359784
0.25826666666666664       -29.44185682832618
0.25833333333333336       -29.44270600698518
0.2584                    -29.44285162582886
0.2584666666666667        -29.44326641053202
0.25853333333333334       -29.444560857625742
0.2586                    -29.4467727807339
0.25866666666666666       -29.449451683183682
0.25873333333333337       -29.451953546214767
0.25880000000000003       -29.453774088246814
0.2588666666666667        -29.454755176678425
0.25893333333333335       -29.455086413649983
0.259                     -29.455138815357095
0.25906666666666667       -29.45524653206293
0.2591333333333333        -29.45555848346571
0.2592                    -29.456022210487806
0.25926666666666665       -29.456479322709782
0.25933333333333336       -29.456794342630207
0.2594                    -29.456934816416663
0.2594666666666667        -29.45696520852858
0.25953333333333334       -29.456977692733343
0.2596                    -29.45702046641143
0.25966666666666666       -29.457077317661856
0.2597333333333333        -29.457109174731993
0.25980000000000003       -29.457120225715446
0.2598666666666667        -29.45719111187337
0.25993333333333335       -29.457443937478686
0.26                      -29.45795434806298
0.26006666666666667       -29.4586708055322
0.2601333333333333        -29.459408222848808
0.2602                    -29.459942844056656
0.26026666666666665       -29.460168529878707
0.26033333333333336       -29.460222248217804
0.2604                    -29.46048580718059
0.2604666666666667        -29.46143084945397
0.26053333333333334       -29.46336618204701
0.2606                    -29.466218346164744
0.26066666666666666       -29.469482184886914
0.2607333333333333        -29.47240536296008
0.26080000000000003       -29.474348693279193
0.2608666666666667        -29.47515380179608
0.26093333333333335       -29.4753166487331
0.261                     -29.475841775219983
0.26106666666666667       -29.47780883297517
0.26113333333333333       -29.481839692571576
0.2612                    -29.487726607383152
0.26126666666666665       -29.4944282161376
0.26133333333333336       -29.50047874375986
0.2614                    -29.504653414045556
0.2614666666666667        -29.50658429275955
0.26153333333333334       -29.50701236841784
0.2616                    -29.50751923444338
0.26166666666666666       -29.50983460511273
0.2617333333333333        -29.515030461713625
0.26180000000000003       -29.522978393936885
0.2618666666666667        -29.532337241365994
0.26193333333333335       -29.54110532612841
0.262                     -29.547510241965735
0.26206666666666667       -29.550832213627626
0.26213333333333333       -29.55176297270655
0.2622                    -29.552112594902997
0.26226666666666665       -29.55399306604045
0.26233333333333336       -29.558858814865033
0.2624                    -29.56684446399901
0.2624666666666667        -29.576697094151513
0.26253333333333334       -29.586333378752432
0.2626                    -29.593772798184336
0.26266666666666666       -29.59802077218974
0.2627333333333334        -29.599490486895697
0.26280000000000003       -29.599771522614397
0.2628666666666667        -29.600871574326323
0.26293333333333335       -29.60430256488663
0.263                     -29.610432579643504
0.26306666666666667       -29.61837830638753
0.26313333333333333       -29.626457864013425
0.2632                    -29.63297539279801
0.26326666666666665       -29.636967655592752
0.2633333333333333        -29.638573077612776
0.2634                    -29.63887653417118
0.2634666666666667        -29.639341305793575
0.26353333333333334       -29.641125438271487
0.2636                    -29.644604412790045
0.26366666666666666       -29.64929363713935
0.2637333333333333        -29.65416309415506
0.26380000000000003       -29.658160037848734
0.2638666666666667        -29.6606785199611
0.26393333333333335       -29.661765305788023
0.264                     -29.66199933959445
0.26406666666666667       -29.662146014574866
0.26413333333333333       -29.662782382137415
0.2642                    -29.664074765375958
0.26426666666666665       -29.6657888265281
0.2643333333333333        -29.66748697260393
0.2644                    -29.668783656079512
0.2644666666666667        -29.66952165046008
0.26453333333333334       -29.669795815386063
0.2646                    -29.669843230367007
0.26466666666666666       -29.669886361431963
0.2647333333333333        -29.67002516403255
0.26480000000000004       -29.67022798441723
0.2648666666666667        -29.670404025616367
0.26493333333333335       -29.6704938996496
0.265                     -29.670514359464217
0.2650666666666667        -29.67053385873403
0.26513333333333333       -29.670607413026016
0.2652                    -29.670727347507064
0.26526666666666665       -29.670832936913133
0.2653333333333333        -29.670876630431295
0.2654                    -29.670898626166622
0.2654666666666667        -29.67104747215592
0.26553333333333334       -29.671514826726902
0.2656                    -29.67241093404101
0.26566666666666666       -29.673656825644397
0.2657333333333333        -29.674975043614072
0.26580000000000004       -29.67601244764179
0.2658666666666667        -29.676548903999723
0.26593333333333335       -29.676679868969433
0.266                     -29.676853167278324
0.2660666666666667        -29.677705315101548
0.26613333333333333       -29.67975181807207
0.2662                    -29.68307996983019
0.26626666666666665       -29.687216155215364
0.2663333333333333        -29.69127139473692
0.2664                    -29.694333763125766
0.2664666666666667        -29.695937034242867
0.26653333333333334       -29.69636737644094
0.2666                    -29.696624111194975
0.26666666666666666       -29.69801258405617
0.2667333333333333        -29.701536738869258
0.26680000000000004       -29.707375375286592
0.2668666666666667        -29.71470805621841
0.26693333333333336       -29.722008996700925
0.267                     -29.72771024200885
0.2670666666666667        -29.730943062668874
0.26713333333333333       -29.731998459084252
0.2672                    -29.732259335743592
0.26726666666666665       -29.73360751937002
0.2673333333333333        -29.737568421602163
0.2674                    -29.744587844543773
0.2674666666666667        -29.75378036974503
0.26753333333333335       -29.763281277696404
0.2676                    -29.77106311830486
0.26766666666666666       -29.77585438731319
0.2677333333333333        -29.77772930630811
0.26780000000000004       -29.778079962957786
0.2678666666666667        -29.778978918112294
0.26793333333333336       -29.782234777244014
0.268                     -29.788579693217688
0.2680666666666667        -29.79735263447397
0.26813333333333333       -29.806811064539765
0.2682                    -29.814923368018277
0.26826666666666665       -29.820277933194195
0.2683333333333333        -29.8226888989039
0.2684                    -29.823223617317165
0.2684666666666667        -29.823660137081145
0.26853333333333335       -29.825654247339205
0.2686                    -29.83001319628469
0.26866666666666666       -29.836394617156028
0.2687333333333333        -29.84353555129061
0.26880000000000004       -29.84987458546115
0.2688666666666667        -29.854261977819576
0.26893333333333336       -29.85642856573609
0.269                     -29.857016168916516
0.2690666666666667        -29.857194064953756
0.26913333333333334       -29.85808016348285
0.2692                    -29.860254118086097
0.26926666666666665       -29.8635733413124
0.2693333333333333        -29.86733811578737
0.2694                    -29.870686196116267
0.2694666666666667        -29.873005195928897
0.26953333333333335       -29.87416800993213
0.2696                    -29.874505735483204
0.26966666666666667       -29.8745717492914
0.2697333333333333        -29.874845177344667
0.26980000000000004       -29.87552836215815
0.2698666666666667        -29.876520233367074
0.26993333333333336       -29.877544856269243
0.27                      -29.878338815830602
0.2700666666666667        -29.878787691306048
0.27013333333333334       -29.878949306565424
0.2702                    -29.8789757299603
0.27026666666666666       -29.879001700373593
0.2703333333333333        -29.879074447851007
0.2704                    -29.879160735547607
0.2704666666666667        -29.879210854677616
0.27053333333333335       -29.879223137186116
0.2706                    -29.879257943702434
0.27066666666666667       -29.879391035583964
0.2707333333333333        -29.879643762123173
0.27080000000000004       -29.87994854874372
0.2708666666666667        -29.880187082685534
0.27093333333333336       -29.880287436552308
0.271                     -29.8803181784444
0.2710666666666667        -29.880506244176495
0.27113333333333334       -29.881143818094902
0.2712                    -29.88241886192593
0.27126666666666666       -29.88426299914248
0.2713333333333333        -29.886319836437618
0.2714                    -29.888083073357986
0.2714666666666667        -29.889159500440957
0.27153333333333335       -29.889527240148887
0.2716                    -29.889637207083393
0.27166666666666667       -29.89026971644432
0.2717333333333333        -29.89218310234245
0.27180000000000004       -29.89571212528302
0.2718666666666667        -29.90052326719703
0.27193333333333336       -29.90567922556512
0.272                     -29.91002381949917
0.2720666666666667        -29.91273226091362
0.27213333333333334       -29.91376361310732
0.2722                    -29.91397070327038
0.27226666666666666       -29.91477566314348
0.2723333333333333        -29.917534775708226
0.2724                    -29.922880781707526
0.2724666666666667        -29.930359310912994
0.27253333333333335       -29.938555197330427
0.2726                    -29.945685542979742
0.27266666666666667       -29.9504101522208
0.2727333333333333        -29.952482069645963
0.2728                    -29.95291155802662
0.2728666666666667        -29.953541366201783
0.27293333333333336       -29.956218506675604
0.273                     -29.961944153401138
0.2730666666666667        -29.97039367581841
0.27313333333333334       -29.98003151419995
0.2732                    -29.98878092319184
0.27326666666666666       -29.994954200720272
0.2733333333333333        -29.99801552343029
0.2734                    -29.99881434871167
0.2734666666666667        -29.99917898867181
0.27353333333333335       -30.001070395336605
0.2736                    -30.005698214963612
0.27366666666666667       -30.013000341511088
0.27373333333333333       -30.021705883224442
0.2738                    -30.029935608396183
0.2738666666666667        -30.036055646162588
0.27393333333333336       -30.03938854566173
0.274                     -30.040458517908384
0.2740666666666667        -30.04067859929018
0.27413333333333334       -30.041657974615966
0.2742                    -30.044473976020136
0.27426666666666666       -30.049240500579867
0.2743333333333333        -30.055141109325987
0.2744                    -30.060873050161177
0.2744666666666667        -30.06526835195133
0.27453333333333335       -30.06779453916795
0.2746                    -30.06871591417372
0.27466666666666667       -30.068875483442046
0.27473333333333333       -30.069242179309114
0.2748                    -30.070462797629467
0.2748666666666667        -30.07262523476151
0.27493333333333336       -30.075312676618875
0.275                     -30.077881074691835
0.2750666666666667        -30.079796050840134
0.27513333333333334       -30.0808597032468
0.2752                    -30.08123602629126
0.27526666666666666       -30.081297700482015
0.2753333333333333        -30.08140349629612
0.2754                    -30.081732256117878
0.2754666666666667        -30.082247384155217
0.27553333333333335       -30.082783035978977
0.2756                    -30.08317882208638
0.27566666666666667       -30.083376402816366
0.27573333333333333       -30.083429533951865
0.2758                    -30.08344020699663
0.2758666666666667        -30.08347813209393
0.27593333333333336       -30.08354315757142
0.276                     -30.08359285989534
0.2760666666666667        -30.08360783560539
0.27613333333333334       -30.083639068142794
0.2762                    -30.083794108909384
0.27626666666666666       -30.084163771406516
0.2763333333333333        -30.084738511504536
0.2764                    -30.085380491122443
0.2764666666666667        -30.08588870416153
0.27653333333333335       -30.086134537113338
0.2766                    -30.086189946055605
0.27666666666666667       -30.086357754802084
0.27673333333333333       -30.087058597645637
0.2768                    -30.088611672260367
0.2768666666666667        -30.091020356065734
0.27693333333333336       -30.09389274148547
0.277                     -30.096572392104136
0.2770666666666667        -30.098446666791155
0.27713333333333334       -30.099292025614247
0.2772                    -30.099470189925075
0.27726666666666666       -30.099842779597935
0.2773333333333333        -30.10140806851915
0.2774                    -30.104813442580248
0.2774666666666667        -30.109980098759955
0.27753333333333335       -30.116045280843803
0.2776                    -30.121689780966957
0.2776666666666667        -30.125731352784296
0.27773333333333333       -30.127714616092188
0.2778                    -30.128199313820936
0.2778666666666667        -30.12857515958438
0.27793333333333337       -30.13045972112256
0.278                     -30.13494677738262
0.2780666666666667        -30.14205643150669
0.27813333333333334       -30.1506571775213
0.2782                    -30.1589231403073
0.27826666666666666       -30.165142578650155
0.2783333333333333        -30.1685128311753
0.2784                    -30.169538904102264
0.27846666666666664       -30.1698290838857
0.27853333333333335       -30.1713722329773
0.2786                    -30.17563230246623
0.2786666666666667        -30.18287750333395
0.27873333333333333       -30.192048350225594
0.2788                    -30.201225564928755
0.2788666666666667        -30.208489954166634
0.27893333333333337       -30.212782130482623
0.279                     -30.214361287699045
0.2790666666666667        -30.214651077913494
0.27913333333333334       -30.215558922596195
0.2792                    -30.218602814055732
0.27926666666666666       -30.224251357733767
0.2793333333333333        -30.231762077260885
0.2794                    -30.23956608794405
0.27946666666666664       -30.246002934673896
0.27953333333333336       -30.250058178010715
0.2796                    -30.251765834976855
0.2796666666666667        -30.25210910623198
0.27973333333333333       -30.252500696083114
0.2798                    -30.254116675947436
0.2798666666666667        -30.257400849927492
0.27993333333333337       -30.261946501713428
0.28                      -30.266770560767085
0.2800666666666667        -30.270816276948814
0.28013333333333335       -30.27343132119313
0.2802                    -30.274603507963715
0.28026666666666666       -30.274873185075144
0.2803333333333333        -30.275005382672482
0.2804                    -30.27560978139362
0.28046666666666664       -30.27689540887081
0.28053333333333336       -30.278654626333754
0.2806                    -30.280446106586542
0.2806666666666667        -30.281854440303416
0.28073333333333333       -30.282685433615512
0.2808                    -30.283011421682886
0.2808666666666667        -30.28307263767011
0.28093333333333337       -30.283115416957244
0.281                     -30.28326728738598
0.2810666666666667        -30.283509939308995
0.28113333333333335       -30.283743961237263
0.2812                    -30.283886264181945
0.28126666666666666       -30.283931415563686
0.2813333333333333        -30.28394247584824
0.2814                    -30.28398951552092
0.28146666666666664       -30.28408943874345
0.28153333333333336       -30.284196647786562
0.2816                    -30.284254577455236
0.2816666666666667        -30.284270528754057
0.28173333333333334       -30.284353506071405
0.2818                    -30.284674426554176
0.28186666666666665       -30.285360074798
0.28193333333333337       -30.286383905657512
0.28200000000000003       -30.28753292544007
0.2820666666666667        -30.288494742634523
0.28213333333333335       -30.289037726065374
0.2822                    -30.289190045767874
0.28226666666666667       -30.289303736875514
0.2823333333333333        -30.28993816674508
0.2824                    -30.29159403183847
0.28246666666666664       -30.294422612410365
0.28253333333333336       -30.298070614125724
0.2826                    -30.301771655339003
0.2826666666666667        -30.304677377779036
0.28273333333333334       -30.306288404848054
0.2828                    -30.306768893895025
0.28286666666666666       -30.306960619360392
0.28293333333333337       -30.308050581538065
0.28300000000000003       -30.311023507496976
0.2830666666666667        -30.316153382703316
0.28313333333333335       -30.32279086228644
0.2832                    -30.329580557497792
0.28326666666666667       -30.335043844338962
0.2833333333333333        -30.33827488858947
0.2834                    -30.33941517692917
0.28346666666666664       -30.33965453199656
0.28353333333333336       -30.340728741880962
0.2836                    -30.34413268138596
0.2836666666666667        -30.3504115990684
0.28373333333333334       -30.35886430676779
0.2838                    -30.367811088860968
0.28386666666666666       -30.375325517091433
0.28393333333333337       -30.38010734020775
0.28400000000000003       -30.382088177692125
0.2840666666666667        -30.382473578683257
0.28413333333333335       -30.383194097259395
0.2842                    -30.386024390865668
0.28426666666666667       -30.391781032155492
0.2843333333333333        -30.399961605898532
0.2844                    -30.408980681531602
0.28446666666666665       -30.41689059514582
0.28453333333333336       -30.42225608517512
0.2846                    -30.42477821730637
0.2846666666666667        -30.425381671791428
0.28473333333333334       -30.425741721129874
0.2848                    -30.427495637486352
0.28486666666666666       -30.431516697153857
0.28493333333333337       -30.437573636459124
0.28500000000000003       -30.444502766929617
0.2850666666666667        -30.45078407034864
0.28513333333333335       -30.455237430685287
0.2852                    -30.457514246939294
0.28526666666666667       -30.458172722268838
0.2853333333333333        -30.458336375992157
0.2854                    -30.459133095776533
0.28546666666666665       -30.461195542074464
0.28553333333333336       -30.464443893161096
0.2856                    -30.468216445683083
0.2856666666666667        -30.471646460355952
0.28573333333333334       -30.47408132340231
0.2858                    -30.475343436451308
0.28586666666666666       -30.475731709028146
0.2859333333333334        -30.475801211821775
0.28600000000000003       -30.47606175100441
0.2860666666666667        -30.4767545928568
0.28613333333333335       -30.477802296920807
0.2862                    -30.47892446276826
0.28626666666666667       -30.47982951824814
0.28633333333333333       -30.480368996991515
0.2864                    -30.48058060209271
0.28646666666666665       -30.48062008963214
0.2865333333333333        -30.480644306355543
0.2866                    -30.48072454822055
0.2866666666666667        -30.480836919644403
0.28673333333333334       -30.480920147324674
0.2868                    -30.480948391483047
0.28686666666666666       -30.48096269999974
0.2869333333333334        -30.481039539623232
0.28700000000000003       -30.481223263934268
0.2870666666666667        -30.48147812143558
0.28713333333333335       -30.481704361922116
0.2872                    -30.481818220810688
0.28726666666666667       -30.481845893538285
0.28733333333333333       -30.48196117561192
0.2874                    -30.482422904991765
0.28746666666666665       -30.483429919726674
0.2875333333333333        -30.484971724413544
0.2876                    -30.486772979204794
0.2876666666666667        -30.488390705179647
0.28773333333333334       -30.489439763931998
0.2878                    -30.489838309264595
0.28786666666666666       -30.489931486934072
0.2879333333333334        -30.49039740140907
0.28800000000000003       -30.491948769985857
0.2880666666666667        -30.494960776927215
0.28813333333333335       -30.49921518381906
0.2882                    -30.503915143021768
0.28826666666666667       -30.508003371588366
0.28833333333333333       -30.510660675697636
0.2884                    -30.511749226170714
0.28846666666666665       -30.51196373131092
0.2885333333333333        -30.512580653992217
0.2886                    -30.51489368698811
0.2886666666666667        -30.519589242357654
0.28873333333333334       -30.52636215598711
0.2888                    -30.53397572193309
0.28886666666666666       -30.540772324542914
0.2889333333333334        -30.545423826502187
0.28900000000000003       -30.54757472027578
0.2890666666666667        -30.548056812850447
0.28913333333333335       -30.54854891398536
0.2892                    -30.550825185970236
0.28926666666666667       -30.55593756770676
0.28933333333333333       -30.56371075595436
0.2894                    -30.572787415960057
0.28946666666666665       -30.58121586563915
0.2895333333333333        -30.587323853031396
0.2896                    -30.590477591187128
0.2896666666666667        -30.59136562659351
0.28973333333333334       -30.591670941041524
0.2898                    -30.593291587347657
0.28986666666666666       -30.597480701108143
0.2899333333333333        -30.604299184784665
0.29000000000000004       -30.61261695781676
0.2900666666666667        -30.620647164311123
0.29013333333333335       -30.626760153300545
0.2902                    -30.63019925067596
0.2902666666666667        -30.63137075815412
0.29033333333333333       -30.63159113218849
0.2904                    -30.63243839286624
0.29046666666666665       -30.635032003795033
0.2905333333333333        -30.639572867207715
0.2906                    -30.645329134917475
0.2906666666666667        -30.651038749483945
0.29073333333333334       -30.65551477059438
0.2908                    -30.658161950629736
0.29086666666666666       -30.659174821395837
0.2909333333333333        -30.659356293025063
0.29100000000000004       -30.65968207875087
0.2910666666666667        -30.6608432541903
0.29113333333333336       -30.662981216567076
0.2912                    -30.665711497576247
0.2912666666666667        -30.668385104123313
0.29133333333333333       -30.67043102070169
0.2914                    -30.671605581933573
0.29146666666666665       -30.67204362268697
0.2915333333333333        -30.672119519425337
0.2916                    -30.672220268582116
0.2916666666666667        -30.672560526898422
0.29173333333333334       -30.67312548507256
0.2918                    -30.673745368264793
0.29186666666666666       -30.674234451410953
0.2919333333333333        -30.674504343006163
0.29200000000000004       -30.674592279209243
0.2920666666666667        -30.674605759877863
0.29213333333333336       -30.674635850219612
0.2922                    -30.674703103559004
0.2922666666666667        -30.6747692165776
0.29233333333333333       -30.674797623790244
0.2924                    -30.67481117446087
0.29246666666666665       -30.67489781185
0.2925333333333333        -30.675153676742553
0.2926                    -30.675601387094158
0.2926666666666667        -30.676146151819527
0.29273333333333335       -30.676614651712924
0.2928                    -30.67686902678823
0.29286666666666666       -30.676932302374006
0.2929333333333333        -30.67703944667352
0.29300000000000004       -30.677559871665203
0.2930666666666667        -30.67881009894686
0.29313333333333336       -30.680849114568293
0.2932                    -30.683378161802718
0.2932666666666667        -30.685827625605278
0.29333333333333333       -30.68761906685685
0.2934                    -30.68848636025169
0.29346666666666665       -30.688685239366734
0.2935333333333333        -30.688955553714973
0.2936                    -30.690217935507924
0.2936666666666667        -30.693128713701114
0.29373333333333335       -30.69770728840308
0.2938                    -30.703237472857907
0.29386666666666666       -30.70852759826826
0.2939333333333333        -30.7124412449231
0.29400000000000004       -30.71446075155893
0.2940666666666667        -30.71500100475735
0.29413333333333336       -30.71529136647768
0.2942                    -30.71684991313896
0.2942666666666667        -30.7207803246251
0.29433333333333334       -30.727219647253186
0.2944                    -30.735208048493156
0.29446666666666665       -30.743067268341203
0.2945333333333333        -30.749140075209027
0.29460000000000003       -30.752559376675528
0.2946666666666667        -30.753678004704117
0.29473333333333335       -30.75393758594541
0.2948                    -30.75522447718229
0.29486666666666667       -30.75901020026398
0.2949333333333333        -30.76567381418326
0.29500000000000004       -30.774315954246696
0.2950666666666667        -30.783151670798887
0.29513333333333336       -30.79030913620268
0.2952                    -30.7946708847715
0.2952666666666667        -30.796365236458104
0.29533333333333334       -30.796678378911132
0.2954                    -30.797439017214764
0.29546666666666666       -30.80017780578207
0.2955333333333333        -30.80545439331791
0.2956                    -30.812646988309638
0.2956666666666667        -30.8202779152837
0.29573333333333335       -30.826707420402816
0.2958                    -30.830867116370708
0.29586666666666667       -30.83269525036286
0.2959333333333333        -30.833088332082742
0.29600000000000004       -30.833423128989104
0.2960666666666667        -30.834902686033054
0.29613333333333336       -30.83804017448472
0.2962                    -30.842500972553175
0.2962666666666667        -30.84733960766194
0.29633333333333334       -30.85148620998252
0.2964                    -30.854236104303382
0.29646666666666666       -30.8555166385486
0.2965333333333333        -30.855832199793717
0.2966                    -30.85595284607823
0.2966666666666667        -30.856527159218444
0.29673333333333335       -30.857812181981675
0.2968                    -30.859629871741248
0.29686666666666667       -30.86153487368876
0.2969333333333333        -30.863078589515936
0.29700000000000004       -30.864024709060516
0.2970666666666667        -30.864418099077326
0.29713333333333336       -30.864499545866888
0.2972                    -30.864540296954367
0.2972666666666667        -30.86469986564605
0.29733333333333334       -30.864979150116298
0.2974                    -30.86527463040901
0.29746666666666666       -30.86548031585864
0.2975333333333333        -30.865565103433127
0.2976                    -30.865580616819486
0.2976666666666667        -30.86560673228371
0.29773333333333335       -30.865683789191355
0.2978                    -30.865785686214878
0.29786666666666667       -30.865855176336098
0.29793333333333333       -30.86587490120987
0.29800000000000004       -30.865917807853403
0.2980666666666667        -30.866130060712884
0.29813333333333336       -30.86664442221803
0.2982                    -30.867474300670757
0.2982666666666667        -30.868463172208767
0.29833333333333334       -30.869340875780725
0.2984                    -30.869876034015352
0.29846666666666666       -30.870047134678522
0.2985333333333333        -30.870125881354518
0.2986                    -30.870599929358207
0.2986666666666667        -30.871946801532594
0.29873333333333335       -30.874362120100596
0.2988                    -30.87759013580993
0.29886666666666667       -30.880971590520502
0.29893333333333333       -30.883721500942073
0.299                     -30.88532384715084
0.2990666666666667        -30.885847512863734
0.29913333333333336       -30.886001925119537
0.2992                    -30.886867770748033
0.2992666666666667        -30.889403393084702
0.29933333333333334       -30.893953968032285
0.2994                    -30.900010303553373
0.29946666666666666       -30.906362894254087
0.2995333333333333        -30.91161548769845
0.2996                    -30.91483936956522
0.2996666666666667        -30.916055918305084
0.29973333333333335       -30.916293412047434
0.2998                    -30.917161351861026
0.29986666666666667       -30.92012360558641
0.29993333333333333       -30.9258046142538
0.3                       -30.933656138742673
0.3000666666666667        -30.94215447518946
0.30013333333333336       -30.94945982515846
0.3002                    -30.954249275301677
0.3002666666666667        -30.95633508270492
0.30033333333333334       -30.95676581739664
0.3004                    -30.957352925737666
0.30046666666666666       -30.959844175308312
0.3005333333333333        -30.965129906254898
0.3006                    -30.972843445365548
0.3006666666666667        -30.98153145097049
0.30073333333333335       -30.98931338680812
0.3008                    -30.99472795396906
0.30086666666666667       -30.99737484070609
0.30093333333333333       -30.998055545496538
0.301                     -30.998361033969502
0.3010666666666667        -30.999920285396023
0.30113333333333336       -31.003671672143508
0.3012                    -31.009484807918124
0.3012666666666667        -31.016280928910458
0.30133333333333334       -31.022568941167506
0.3014                    -31.02713210581216
0.30146666666666666       -31.02954360097886
0.3015333333333333        -31.0302849148839
0.3016                    -31.030442912080623
0.3016666666666667        -31.03116328169754
0.30173333333333335       -31.03313598736556
0.3018                    -31.036344138621445
0.30186666666666667       -31.040160829674186
0.30193333333333333       -31.043709719930632
0.302                     -31.046292641276075
0.3020666666666667        -31.047677452657364
0.30213333333333336       -31.04812920582995
0.3022                    -31.048205870780606
0.3022666666666667        -31.048451700030675
0.30233333333333334       -31.049152030348463
0.3024                    -31.050257774635234
0.30246666666666666       -31.05148652615312
0.3025333333333333        -31.052517665233736
0.3026                    -31.05316475588921
0.3026666666666667        -31.053440215307507
0.30273333333333335       -31.053499645783198
0.3028                    -31.053521584047417
0.3028666666666667        -31.05360487708363
0.30293333333333333       -31.053740789433768
0.303                     -31.053861645586007
0.3030666666666667        -31.053919013503037
0.30313333333333337       -31.05393140122311
0.3032                    -31.0539693156189
0.3032666666666667        -31.05409351739599
0.30333333333333334       -31.0542974970816
0.3034                    -31.05450374757843
0.30346666666666666       -31.054625671650843
0.3035333333333333        -31.054657373618
0.3036                    -31.054725705746925
0.3036666666666667        -31.055054334610404
0.30373333333333336       -31.055842893846336
0.3038                    -31.05712446771879
0.3038666666666667        -31.05869298152839
0.30393333333333333       -31.060165833394908
0.304                     -31.061174513105037
0.3040666666666667        -31.06159444616582
0.30413333333333337       -31.06168346580635
0.3042                    -31.0620283582919
0.3042666666666667        -31.063293708747644
0.30433333333333334       -31.06587928241238
0.3044                    -31.069659250372546
0.30446666666666666       -31.073957334424183
0.3045333333333333        -31.0778076332177
0.3046                    -31.080405686434823
0.30466666666666664       -31.08153927115997
0.30473333333333336       -31.08177106925734
0.3048                    -31.082249803237243
0.3048666666666667        -31.084208103101684
0.30493333333333333       -31.088370157757534
0.305                     -31.09455326176117
0.3050666666666667        -31.101672968809485
0.30513333333333337       -31.108182752400424
0.3052                    -31.112770757979504
0.3052666666666667        -31.114993731555476
0.30533333333333335       -31.115533008279954
0.3054                    -31.11592616906109
0.30546666666666666       -31.11788230529254
0.3055333333333333        -31.122494155305034
0.3056                    -31.129712772967828
0.30566666666666664       -31.138333050571415
0.30573333333333336       -31.146510331886144
0.3058                    -31.15258504741021
0.3058666666666667        -31.155838342673494
0.30593333333333333       -31.156819895120687
0.306                     -31.15708851462304
0.3060666666666667        -31.158490897353563
0.30613333333333337       -31.162321744198415
0.3062                    -31.16875157823161
0.3062666666666667        -31.17677267684237
0.30633333333333335       -31.184674877257766
0.3064                    -31.19082579742898
0.30646666666666667       -31.19439305601705
0.3065333333333333        -31.19567623566789
0.3066                    -31.195908565837122
0.30666666666666664       -31.196646950839057
0.30673333333333336       -31.199056515419453
0.3068                    -31.20342201361021
0.3068666666666667        -31.209088673213312
0.30693333333333334       -31.214826682396236
0.307                     -31.219423785444775
0.3070666666666667        -31.222219367236228
0.30713333333333337       -31.223339398620563
0.30720000000000003       -31.22355061417297
0.3072666666666667        -31.223840575366584
0.30733333333333335       -31.2249493578202
0.3074                    -31.227075085403392
0.30746666666666667       -31.229866650946065
0.3075333333333333        -31.232668692290876
0.3076                    -31.234870068586602
0.30766666666666664       -31.236176873546633
0.30773333333333336       -31.236690927200424
0.3078                    -31.236786682246578
0.3078666666666667        -31.236880854921417
0.30793333333333334       -31.237228116030167
0.308                     -31.23784064852062
0.30806666666666666       -31.238548617785295
0.30813333333333337       -31.239141611877702
0.30820000000000003       -31.239498216739104
0.3082666666666667        -31.23963403084485
0.30833333333333335       -31.239657537105316
0.3084                    -31.23967985964978
0.30846666666666667       -31.239745264061515
0.3085333333333333        -31.23982563908365
0.3086                    -31.239873284079323
0.30866666666666664       -31.239885446443854
0.30873333333333336       -31.23992760732397
0.3088                    -31.24009390482778
0.3088666666666667        -31.24043085549028
0.30893333333333334       -31.240882066951542
0.309                     -31.241304077217148
0.30906666666666666       -31.241558716644686
0.30913333333333337       -31.2416320800088
0.30920000000000003       -31.24170051635224
0.3092666666666667        -31.242083575054043
0.30933333333333335       -31.243086914814793
0.3094                    -31.24481034948165
0.30946666666666667       -31.24703344038521
0.3095333333333333        -31.249265773303748
0.3096                    -31.250967183620133
0.30966666666666665       -31.251843902586565
0.30973333333333336       -31.252065259382906
0.3098                    -31.252264609384586
0.3098666666666667        -31.253288479353067
0.30993333333333334       -31.255791619039396
0.31                      -31.259871066824147
0.31006666666666666       -31.26493536093797
0.31013333333333337       -31.269907062139765
0.31020000000000003       -31.273697247249324
0.3102666666666667        -31.275742428938933
0.31033333333333335       -31.276336765538176
0.3104                    -31.276570266246388
0.31046666666666667       -31.277870005065264
0.31053333333333333       -31.281341813881642
0.3106                    -31.287219048305282
0.31066666666666665       -31.29468887788296
0.31073333333333336       -31.302202564218298
0.3108                    -31.308153692735825
0.3108666666666667        -31.311622860890683
0.31093333333333334       -31.312832911533963
0.311                     -31.313080974469308
0.31106666666666666       -31.314163500899372
0.3111333333333334        -31.317557812430653
0.31120000000000003       -31.323739198049623
0.3112666666666667        -31.3319476652963
0.31133333333333335       -31.34051460347713
0.3114                    -31.347607614050887
0.31146666666666667       -31.35205585984142
0.31153333333333333       -31.353871074073222
0.3116                    -31.354218939457464
0.31166666666666665       -31.35486181902749
0.31173333333333336       -31.35734637733272
0.3118                    -31.36231740478861
0.3118666666666667        -31.369262097524555
0.31193333333333334       -31.37678176685999
0.312                     -31.38324937596324
0.31206666666666666       -31.38754123405491
0.3121333333333334        -31.389504480985334
0.31220000000000003       -31.389956796845496
0.3122666666666667        -31.39024664738248
0.31233333333333335       -31.39160889847821
0.3124                    -31.39462716422424
0.31246666666666667       -31.39903671113668
0.31253333333333333       -31.403925528411545
0.3126                    -31.408206075887406
0.31266666666666665       -31.41111759188023
0.31273333333333336       -31.41252483491957
0.3128                    -31.412896150729466
0.3128666666666667        -31.413008618600347
0.31293333333333334       -31.413553331524792
0.313                     -31.41483957647491
0.31306666666666666       -31.41672236855911
0.3131333333333334        -31.41875366745746
0.31320000000000003       -31.420450197832114
0.3132666666666667        -31.42152965165812
0.31333333333333335       -31.422004769544372
0.3134                    -31.42211363583915
0.31346666666666667       -31.422152252078224
0.31353333333333333       -31.422315333555243
0.3136                    -31.42262815157943
0.31366666666666665       -31.422987647361225
0.3137333333333333        -31.4232664894552
0.3138                    -31.423405496172304
0.3138666666666667        -31.42343963354285
0.31393333333333334       -31.423453376969054
0.314                     -31.42350838781972
0.31406666666666666       -31.423600681960533
0.3141333333333334        -31.42367882357927
0.31420000000000003       -31.423708000842293
0.3142666666666667        -31.42372906316462
0.31433333333333335       -31.423861482081698
0.3144                    -31.424236414884433
0.31446666666666667       -31.424897351993696
0.31453333333333333       -31.425737087512964
0.3146                    -31.42652746348228
0.31466666666666665       -31.42704514958544
0.3147333333333333        -31.427231811662462
0.3148                    -31.427290842685466
0.3148666666666667        -31.427643275385822
0.31493333333333334       -31.428738417641476
0.315                     -31.43080255036651
0.31506666666666666       -31.433660926180774
0.3151333333333334        -31.436749641264818
0.31520000000000004       -31.439346081760394
0.3152666666666667        -31.440928638291233
0.31533333333333335       -31.44148960577594
0.3154                    -31.44162403354923
0.3154666666666667        -31.442315195349103
0.31553333333333333       -31.44449048748723
0.3156                    -31.44854985029903
0.31566666666666665       -31.454102884931228
0.3157333333333333        -31.460069015810546
0.3158                    -31.46512951353246
0.3158666666666667        -31.46834247438266
0.31593333333333334       -31.469629169564914
0.316                     -31.46987763024217
0.31606666666666666       -31.4705841908744
0.3161333333333334        -31.47318108874849
0.31620000000000004       -31.47835815336886
0.3162666666666667        -31.485699244669654
0.31633333333333336       -31.493817760863593
0.3164                    -31.500951594187615
0.3164666666666667        -31.505759736840954
0.31653333333333333       -31.507950577268108
0.3166                    -31.508434787444983
0.31666666666666665       -31.508918961930448
0.3167333333333333        -31.511127789007304
0.3168                    -31.516018001929833
0.3168666666666667        -31.523344008602322
0.31693333333333334       -31.5317691427834
0.317                     -31.539470153555833
0.31706666666666666       -31.544958901323703
0.3171333333333333        -31.547741240644328
0.31720000000000004       -31.54850724520713
0.3172666666666667        -31.548774243976517
0.31733333333333336       -31.55016849637886
0.3174                    -31.5536926321357
0.3174666666666667        -31.55931127228037
0.31753333333333333       -31.566022703274044
0.3176                    -31.572358071784123
0.31766666666666665       -31.57706061693737
0.3177333333333333        -31.57962561704093
0.3178                    -31.580460942365825
0.3178666666666667        -31.580621118469864
0.31793333333333335       -31.58127372954803
0.318                     -31.583168960376536
0.31806666666666666       -31.58635414123022
0.3181333333333333        -31.590236717020108
0.31820000000000004       -31.59392869461287
0.3182666666666667        -31.596683125170685
0.31833333333333336       -31.598209771667673
0.3184                    -31.59873715251728
0.3184666666666667        -31.59882550425586
0.31853333333333333       -31.59905547586491
0.3186                    -31.599760495203345
0.31866666666666665       -31.60092438608283
0.3187333333333333        -31.602265845382682
0.31880000000000003       -31.603435354701716
0.3188666666666667        -31.604205501565943
0.31893333333333335       -31.604558650323217
0.319                     -31.60464613626619
0.31906666666666667       -31.604666957729577
0.3191333333333333        -31.604750004597726
0.31920000000000004       -31.604906795318772
0.3192666666666667        -31.605068327396786
0.31933333333333336       -31.60516582176585
0.3194                    -31.6051932005035
0.3194666666666667        -31.60520949869161
0.31953333333333334       -31.605285768993916
0.3196                    -31.605441526558646
0.31966666666666665       -31.60562345264481
0.3197333333333333        -31.605748873541817
0.31980000000000003       -31.60578830522376
0.3198666666666667        -31.6058275052721
0.31993333333333335       -31.606054671780104
0.32                      -31.60666317270121
0.32006666666666667       -31.607718707461984
0.3201333333333333        -31.609074795504558
0.32020000000000004       -31.610405940369862
0.3202666666666667        -31.611365788170893
0.32033333333333336       -31.61179954980533
0.3204                    -31.611891737388053
0.3204666666666667        -31.61214658465358
0.32053333333333334       -31.613179460048674
0.3206                    -31.615403587316102
0.32066666666666666       -31.618768921968048
0.3207333333333333        -31.622705009518477
0.32080000000000003       -31.626331436809643
0.3208666666666667        -31.62886467898586
0.32093333333333335       -31.630034098850178
0.321                     -31.630289046534177
0.32106666666666667       -31.63066339543237
0.3211333333333333        -31.632329870654825
0.32120000000000004       -31.636039201008288
0.3212666666666667        -31.64171230721579
0.32133333333333336       -31.648398732557006
0.3214                    -31.654653368328276
0.3214666666666667        -31.65918388944227
0.32153333333333334       -31.661473929947253
0.3216                    -31.66207363286862
0.32166666666666666       -31.662394610843222
0.3217333333333333        -31.66408564830929
0.3218                    -31.66827297077887
0.3218666666666667        -31.675018202692833
0.32193333333333335       -31.68325117346452
0.322                     -31.691222791345343
0.32206666666666667       -31.697285088569892
0.3221333333333333        -31.70064323474156
0.32220000000000004       -31.701722616180398
0.3222666666666667        -31.70197125761311
0.32233333333333336       -31.703191244639648
0.3224                    -31.70671691452439
0.3224666666666667        -31.712819542793873
0.32253333333333334       -31.720602266664994
0.3226                    -31.728422349198304
0.32266666666666666       -31.73464100353477
0.3227333333333333        -31.738352674227347
0.3228                    -31.739756945390596
0.3228666666666667        -31.740011400368257
0.32293333333333335       -31.740657301851133
0.323                     -31.7429073039097
0.32306666666666667       -31.74712844123703
0.32313333333333333       -31.752739320673065
0.32320000000000004       -31.758538196865175
0.3232666666666667        -31.763284119783002
0.32333333333333336       -31.766249167295637
0.3234                    -31.767490373475233
0.3234666666666667        -31.767739363944727
0.32353333333333334       -31.767997818607544
0.3236                    -31.76905786322513
0.32366666666666666       -31.771177461795148
0.3237333333333333        -31.774041073690135
0.3238                    -31.776987323651188
0.3238666666666667        -31.779363019687352
0.32393333333333335       -31.78082030760676
0.324                     -31.781423957856944
0.32406666666666667       -31.781545989678108
0.32413333333333333       -31.781633197401504
0.32420000000000004       -31.781983556684253
0.3242666666666667        -31.782641074792725
0.32433333333333336       -31.783439952231088
0.3244                    -31.784146383268677
0.3244666666666667        -31.784603686255014
0.32453333333333334       -31.784801141803474
0.3246                    -31.7848435864474
0.32466666666666666       -31.78486023304574
0.3247333333333333        -31.78492105826546
0.3248                    -31.785013307284643
0.3248666666666667        -31.785083833731058
0.32493333333333335       -31.785107327834787
0.325                     -31.785125226106942
0.32506666666666667       -31.785223869759246
0.32513333333333333       -31.78546647449037
0.32520000000000004       -31.785830329570004
0.3252666666666667        -31.786202559519413
0.32533333333333336       -31.786451204708843
0.3254                    -31.786535000031563
0.3254666666666667        -31.78657962171193
0.32553333333333334       -31.786856761909693
0.3256                    -31.78765561084587
0.32566666666666666       -31.78910563784962
0.3257333333333333        -31.79105300364491
0.3258                    -31.79307997726943
0.32586666666666664       -31.794687042822517
0.32593333333333335       -31.795563661558912
0.326                     -31.795807507715182
0.32606666666666667       -31.7959572423424
0.32613333333333333       -31.79678838143682
0.32620000000000005       -31.79894660937964
0.3262666666666667        -31.802591496997398
0.32633333333333336       -31.80724014430234
0.3264                    -31.81191944741462
0.3264666666666667        -31.815589119600002
0.32653333333333334       -31.817651827735858
0.3266                    -31.818298525241005
0.32666666666666666       -31.818494983529483
0.3267333333333333        -31.819583187182946
0.3268                    -31.822665290130445
0.32686666666666664       -31.828056037597857
0.32693333333333335       -31.83507212447642
0.327                     -31.84228189007891
0.32706666666666667       -31.848127683581776
0.32713333333333333       -31.851646788895856
0.32720000000000005       -31.85294773271659
0.3272666666666667        -31.85319828430255
0.32733333333333337       -31.854113067739025
0.3274                    -31.857173259860424
0.3274666666666667        -31.86293990686195
0.32753333333333334       -31.87077829989303
0.3276                    -31.879124538512563
0.32766666666666666       -31.886181128642143
0.3277333333333333        -31.890727700324412
0.3278                    -31.8926691167694
0.32786666666666664       -31.89306140037602
0.32793333333333335       -31.893607957272234
0.328                     -31.895872927755654
0.3280666666666667        -31.90058210358503
0.32813333333333333       -31.907324391170256
0.32820000000000005       -31.914772955991367
0.3282666666666667        -31.921309134706316
0.32833333333333337       -31.925753413276034
0.3284                    -31.92786445639575
0.3284666666666667        -31.928385228823778
0.32853333333333334       -31.928639795678635
0.3286                    -31.92989746777834
0.32866666666666666       -31.93281334333113
0.3287333333333333        -31.937192233492894
0.3288                    -31.942154208445146
0.32886666666666664       -31.94659193815477
0.32893333333333336       -31.949686029271646
0.329                     -31.95123621094109
0.3290666666666667        -31.951673254314578
0.32913333333333333       -31.951781428660098
0.32920000000000005       -31.952296517295192
0.3292666666666667        -31.953583705453468
0.32933333333333337       -31.95553485019195
0.3294                    -31.95770147901314
0.3294666666666667        -31.95956517437962
0.32953333333333334       -31.960794446938124
0.3296                    -31.961365388229297
0.32966666666666666       -31.961509713871536
0.3297333333333333        -31.961547289410976
0.3298                    -31.961710522746678
0.32986666666666664       -31.962053804910248
0.32993333333333336       -31.962479165501637
0.33                      -31.96283999643155
0.3300666666666667        -31.96304734433957
0.33013333333333333       -31.963114865230338
0.33020000000000005       -31.963126509376206
0.3302666666666667        -31.96316258280855
0.33033333333333337       -31.9632427571192
0.3304                    -31.963326716305343
0.3304666666666667        -31.963368674454
0.33053333333333335       -31.96338152656368
0.3306                    -31.963457295308547
0.33066666666666666       -31.963719747912336
0.3307333333333333        -31.964234232950307
0.3308                    -31.96493636761963
0.33086666666666664       -31.965638917757285
0.33093333333333336       -31.966132154313872
0.331                     -31.966330976163967
0.3310666666666667        -31.96638034101933
0.33113333333333334       -31.9666393477144
0.33120000000000005       -31.96752579913536
0.3312666666666667        -31.96928632300885
0.33133333333333337       -31.97181428978151
0.33140000000000003       -31.974631701296403
0.3314666666666667        -31.977077080631943
0.33153333333333335       -31.97863134794748
0.3316                    -31.97922434363705
0.33166666666666667       -31.979350475401027
0.3317333333333333        -31.979902497388096
0.3318                    -31.981773532495428
0.33186666666666664       -31.985405995017466
0.3319333333333333        -31.990512338982473
0.332                     -31.996128391124763
0.3320666666666667        -32.00100953494716
0.33213333333333334       -32.00420804751199
0.33220000000000005       -32.00555992091645
0.3322666666666667        -32.005828437574166
0.33233333333333337       -32.00640598107337
0.33240000000000003       -32.008692212823334
0.3324666666666667        -32.01343197187563
0.33253333333333335       -32.02032613902642
0.3326                    -32.02811201923123
0.33266666666666667       -32.03509948497847
0.3327333333333333        -32.039933363713615
0.3328                    -32.04222949593893
0.33286666666666664       -32.0427739237796
0.3329333333333333        -32.04317773713059
0.333                     -32.04514438273997
0.3330666666666667        -32.049691275947495
0.33313333333333334       -32.056683718681256
0.33320000000000005       -32.06489164513486
0.3332666666666667        -32.07254321010248
0.33333333333333337       -32.078123636304994
0.33340000000000003       -32.08105029831229
0.3334666666666667        -32.08190936801676
0.33353333333333335       -32.082150865332075
0.3336                    -32.083401252812315
0.33366666666666667       -32.08672654363546
0.3337333333333333        -32.09218284329941
0.3338                    -32.09884117290033
0.33386666666666664       -32.105251456220905
0.3339333333333333        -32.110115130130595
0.334                     -32.112849441098646
0.3340666666666667        -32.11378965700987
0.33413333333333334       -32.11395962925814
0.3342                    -32.1145508484729
0.3342666666666667        -32.116375856289785
0.33433333333333337       -32.119548106674216
0.33440000000000003       -32.123510487435055
0.3344666666666667        -32.12736300848278
0.33453333333333335       -32.13030788752605
0.3346                    -32.13199350538632
0.33466666666666667       -32.13260858331677
0.3347333333333333        -32.13271392785559
0.3348                    -32.132927488151594
0.33486666666666665       -32.1336341654142
0.3349333333333333        -32.134855183855166
0.335                     -32.13631387432352
0.3350666666666667        -32.13763262080738
0.33513333333333334       -32.13854059613076
0.3352                    -32.13898557789898
0.3352666666666667        -32.139110320031236
0.33533333333333337       -32.13913250283074
0.33540000000000003       -32.1392128821696
0.3354666666666667        -32.13938783477627
0.33553333333333335       -32.13959204243845
0.3356                    -32.13973906565476
0.33566666666666667       -32.13979698905937
0.33573333333333333       -32.13980865846115
0.3358                    -32.13984967613764
0.33586666666666665       -32.13996201800634
0.3359333333333333        -32.140117430806356
0.336                     -32.140242488765715
0.3360666666666667        -32.14029144296998
0.33613333333333334       -32.14031449267549
0.3362                    -32.1404649290829
0.3362666666666667        -32.14092461321815
0.3363333333333334        -32.141782973216436
0.33640000000000003       -32.14294484599133
0.3364666666666667        -32.1441385075532
0.33653333333333335       -32.14504357092064
0.3366                    -32.14548473592734
0.33666666666666667       -32.1455844434858
0.33673333333333333       -32.14577173086312
0.3368                    -32.14661236295834
0.33686666666666665       -32.14852459928111
0.3369333333333333        -32.15152124910632
0.337                     -32.15512607576459
0.3370666666666667        -32.158539389616976
0.33713333333333334       -32.16100324327615
0.3372                    -32.16220082621189
0.3372666666666667        -32.16248248637122
0.3373333333333334        -32.16277705763864
0.33740000000000003       -32.16419812220813
0.3374666666666667        -32.167514279886056
0.33753333333333335       -32.17273580049268
0.3376                    -32.17903262205133
0.33766666666666667       -32.185054162434085
0.33773333333333333       -32.189530484145635
0.3378                    -32.1918832944075
0.33786666666666665       -32.19254580696331
0.3379333333333333        -32.192814530643716
0.338                     -32.19428081078022
0.3380666666666667        -32.198098428777385
0.33813333333333334       -32.20442785103164
0.3382                    -32.212321582500095
0.3382666666666667        -32.2201185164638
0.3383333333333334        -32.226182313949565
0.33840000000000003       -32.229649193042135
0.3384666666666667        -32.23083059196982
0.33853333333333335       -32.23107264390213
0.3386                    -32.232136724126846
0.33866666666666667       -32.23539476590101
0.33873333333333333       -32.24121244242017
0.3388                    -32.248796217163
0.33886666666666665       -32.25656522217484
0.3389333333333333        -32.26287253961323
0.339                     -32.26674148361407
0.3390666666666667        -32.26827584624155
0.33913333333333334       -32.26856184249398
0.3392                    -32.269127913687704
0.3392666666666667        -32.27123511181975
0.3393333333333334        -32.27533204838732
0.33940000000000003       -32.280909182759906
0.3394666666666667        -32.286791110057536
0.33953333333333335       -32.2917065278309
0.3396                    -32.2948586618019
0.3396666666666667        -32.29623432753737
0.33973333333333333       -32.29652945681335
0.3398                    -32.29676049136984
0.33986666666666665       -32.29777368470708
0.3399333333333333        -32.29988989508839
0.33999999999999997       -32.302832063137636
0.3400666666666667        -32.30593421631888
0.34013333333333334       -32.30850011302162
0.3402                    -32.31012468892463
0.3402666666666667        -32.31083149135088
0.3403333333333334        -32.3109870199029
0.34040000000000004       -32.311067783241995
0.3404666666666667        -32.31141778664495
0.34053333333333335       -32.312117483797536
0.3406                    -32.3130093923253
0.3406666666666667        -32.3138380701088
0.34073333333333333       -32.31440983254231
0.3408                    -32.314683263370185
0.34086666666666665       -32.31475484281472
0.3409333333333333        -32.31476942527093
0.34099999999999997       -32.31482398975876
0.3410666666666667        -32.31492566374732
0.34113333333333334       -32.3150212944375
0.3412                    -32.31506638771145
0.3412666666666667        -32.315077599972085
0.3413333333333334        -32.315128719813764
0.34140000000000004       -32.31529320731782
0.3414666666666667        -32.315577330589804
0.34153333333333336       -32.315898648841845
0.3416                    -32.31613639783596
0.3416666666666667        -32.316229944721414
0.34173333333333333       -32.31626135343415
0.3418                    -32.31645679140262
0.34186666666666665       -32.31708493664401
0.3419333333333333        -32.318295988354585
0.34199999999999997       -32.31999297842227
0.3420666666666667        -32.32182512342445
0.34213333333333334       -32.32333498594986
0.3422                    -32.32420368987249
0.34226666666666666       -32.3244690291342
0.3423333333333334        -32.32458456408728
0.34240000000000004       -32.32525750869573
0.3424666666666667        -32.32711873941736
0.34253333333333336       -32.330378522151
0.3426                    -32.33464983262468
0.3426666666666667        -32.3390561786103
0.34273333333333333       -32.34260686225074
0.3428                    -32.34468009042176
0.34286666666666665       -32.345377187844356
0.3429333333333333        -32.34555120883901
0.34299999999999997       -32.34646329812595
0.3430666666666667        -32.34920712644556
0.34313333333333335       -32.354167249361346
0.3432                    -32.36077671003319
0.34326666666666666       -32.3677119317073
0.3433333333333334        -32.373463073370246
0.34340000000000004       -32.37703135458316
0.3434666666666667        -32.37842284068081
0.34353333333333336       -32.37868687723059
0.3436                    -32.37946156681447
0.3436666666666667        -32.38222978409085
0.34373333333333334       -32.38763023354241
0.3438                    -32.39514332137983
0.34386666666666665       -32.403302032621546
0.3439333333333333        -32.41034135328303
0.344                     -32.41499479512756
0.3440666666666667        -32.417067425493414
0.34413333333333335       -32.41751284378549
0.3442                    -32.41797989286237
0.34426666666666667       -32.42005047378618
0.3443333333333334        -32.42452821824319
0.34440000000000004       -32.43109904487138
0.3444666666666667        -32.438503852546845
0.34453333333333336       -32.44513019279626
0.3446                    -32.44974274693
0.3446666666666667        -32.45201317019448
0.34473333333333334       -32.45261161938424
0.3448                    -32.452839435698266
0.34486666666666665       -32.4540016566326
0.3449333333333333        -32.456825864231796
0.345                     -32.46118716801351
0.3450666666666667        -32.46623798143346
0.34513333333333335       -32.47085052424328
0.3452                    -32.47414494628437
0.34526666666666667       -32.475853311011576
0.3453333333333334        -32.47636639041098
0.34540000000000004       -32.47647469140232
0.3454666666666667        -32.4769599907659
0.34553333333333336       -32.4782466861755
0.3456                    -32.48026748692854
0.3456666666666667        -32.482576340045966
0.34573333333333334       -32.484619884308245
0.3458                    -32.486014706675064
0.34586666666666666       -32.48669578432677
0.3459333333333333        -32.48688448401166
0.346                     -32.4869231205829
0.3460666666666667        -32.487083779878
0.34613333333333335       -32.487454445499125
0.3462                    -32.48794693634396
0.34626666666666667       -32.48839782387669
0.3463333333333334        -32.488687225907036
0.34640000000000004       -32.488803255628426
0.3464666666666667        -32.488824278197995
0.34653333333333336       -32.488846169972014
0.3466                    -32.48891303588565
0.3466666666666667        -32.48900015597562
0.34673333333333334       -32.48905673126216
0.3468                    -32.4890719478804
0.34686666666666666       -32.489110407027894
0.3469333333333333        -32.4892839051937
0.347                     -32.48967254231331
0.3470666666666667        -32.49024873933986
0.34713333333333335       -32.490864596413076
0.3472                    -32.49132811477735
0.34726666666666667       -32.491535664784536
0.3473333333333334        -32.491582225804294
0.34740000000000004       -32.49176933549678
0.3474666666666667        -32.49248106242189
0.34753333333333336       -32.49397618277665
0.3476                    -32.49620563281582
0.3476666666666667        -32.49876939411316
0.34773333333333334       -32.50106583147894
0.3478                    -32.502584739395125
0.34786666666666666       -32.50320481336703
0.3479333333333333        -32.50333087994872
0.348                     -32.503770742334844
0.3480666666666667        -32.505380606894576
0.34813333333333335       -32.508635577059785
0.3482                    -32.51333836808361
0.34826666666666667       -32.5186314688636
0.3483333333333334        -32.523341943387685
0.34840000000000004       -32.52652227986162
0.3484666666666667        -32.52793488719577
0.34853333333333336       -32.528230223124986
0.3486                    -32.5287034738061
0.3486666666666667        -32.530720490927095
0.34873333333333334       -32.535072764671156
0.3488                    -32.54156661895311
0.34886666666666666       -32.54905358999515
0.3489333333333333        -32.55591186428649
0.349                     -32.56077573184732
0.34906666666666664       -32.563177326040524
0.34913333333333335       -32.56378780068324
0.3492                    -32.56412906066045
0.34926666666666667       -32.56588387691959
0.3493333333333334        -32.570125576740786
0.34940000000000004       -32.57682284785992
0.3494666666666667        -32.584845396218746
0.34953333333333336       -32.59246935033997
0.3496                    -32.598154168948774
0.3496666666666667        -32.60123282286994
0.34973333333333334       -32.60219255720712
0.3498                    -32.60241975972604
0.34986666666666666       -32.60354237049746
0.3499333333333333        -32.606688847655995
0.35                      -32.612004655975
0.35006666666666664       -32.618631393658035
0.35013333333333335       -32.62513627246365
0.3502                    -32.63017815782569
0.35026666666666667       -32.63309587688998
0.3503333333333334        -32.63415184545314
0.35040000000000004       -32.634339274426814
0.3504666666666667        -32.63487428041515
0.35053333333333336       -32.63663340693992
0.3506                    -32.639798514178516
0.3506666666666667        -32.64384998829397
0.35073333333333334       -32.64787657142344
0.3508                    -32.65102833255999
0.35086666666666666       -32.652889140139195
0.3509333333333333        -32.65360425556913
0.351                     -32.653732651094906
0.35106666666666664       -32.65392979057863
0.35113333333333335       -32.654635024202584
0.3512                    -32.65591145323405
0.35126666666666667       -32.65749089670517
0.35133333333333333       -32.6589689199963
0.35140000000000005       -32.66002924622634
0.3514666666666667        -32.66058067754361
0.35153333333333336       -32.66075289203925
0.3516                    -32.660780038844436
0.3516666666666667        -32.660856057273506
0.35173333333333334       -32.661046431608305
0.3518                    -32.66129451118695
0.35186666666666666       -32.66149922971434
0.3519333333333333        -32.66160218225115
0.352                     -32.66162589618175
0.35206666666666664       -32.66164505682397
0.35213333333333335       -32.66172029686189
0.3522                    -32.661848557876084
0.3522666666666667        -32.66196998705214
0.35233333333333333       -32.66202906996626
0.35240000000000005       -32.66204575401693
0.3524666666666667        -32.662139551887826
0.35253333333333337       -32.662476794756856
0.3526                    -32.6631631502254
0.3526666666666667        -32.66414744638703
0.35273333333333334       -32.66520839202001
0.3528                    -32.666054278561184
0.35286666666666666       -32.66649717082813
0.3529333333333333        -32.66660688736084
0.353                     -32.66674367403706
0.35306666666666664       -32.66742371349148
0.35313333333333335       -32.66906358650801
0.3532                    -32.671728394151806
0.3532666666666667        -32.67502655125911
0.35333333333333333       -32.678235100908054
0.35340000000000005       -32.68062537627347
0.3534666666666667        -32.6818442897691
0.35353333333333337       -32.682154741246855
0.3536                    -32.682388341202525
0.3536666666666667        -32.68359998008459
0.35373333333333334       -32.686569026976194
0.3538                    -32.69138367121609
0.35386666666666666       -32.697323611457925
0.3539333333333333        -32.703127702493774
0.354                     -32.70755107647026
0.35406666666666664       -32.709962588676674
0.35413333333333336       -32.710689658671384
0.3542                    -32.71092177569563
0.3542666666666667        -32.71219446867366
0.35433333333333333       -32.71568394298224
0.35440000000000005       -32.72164027163051
0.3544666666666667        -32.72922950955
0.35453333333333337       -32.736873413002556
0.3546                    -32.74294804843562
0.3546666666666667        -32.746526475947064
0.35473333333333334       -32.747813921995686
0.3548                    -32.748060716211484
0.35486666666666666       -32.74898961157521
0.3549333333333333        -32.752007974830505
0.355                     -32.75757104498852
0.35506666666666664       -32.76498353087695
0.35513333333333336       -32.77272320074581
0.3552                    -32.77913452746943
0.3552666666666667        -32.78317147322697
0.35533333333333333       -32.78484470356699
0.35540000000000005       -32.785171284565095
0.3554666666666667        -32.785667980383394
0.35553333333333337       -32.78764445740811
0.3556                    -32.79163072093352
0.3556666666666667        -32.7971889082249
0.35573333333333335       -32.80316977456261
0.3558                    -32.80827110284552
0.35586666666666666       -32.81162598085097
0.3559333333333333        -32.81314915051452
0.356                     -32.81349920525611
0.35606666666666664       -32.81370694173215
0.35613333333333336       -32.81467419103676
0.3562                    -32.816787730555674
0.3562666666666667        -32.819812376587805
0.35633333333333334       -32.82307968880369
0.35640000000000005       -32.82584999873021
0.3564666666666667        -32.82765805503143
0.35653333333333337       -32.828481883811826
0.35660000000000003       -32.82867894746401
0.3566666666666667        -32.82875457989019
0.35673333333333335       -32.82910114406383
0.3568                    -32.82984004115186
0.35686666666666667       -32.83082656814774
0.3569333333333333        -32.831785786582344
0.357                     -32.83248567389683
0.35706666666666664       -32.83284995890936
0.35713333333333336       -32.83296197083315
0.3572                    -32.83297937054077
0.3572666666666667        -32.8330268800142
0.35733333333333334       -32.83313555410373
0.35740000000000005       -32.83325749707215
0.3574666666666667        -32.83333266113725
0.35753333333333337       -32.833352820679146
0.35760000000000003       -32.8333752168229
0.3576666666666667        -32.83347763712002
0.35773333333333335       -32.83369063790459
0.3578                    -32.833961443405045
0.35786666666666667       -32.83418440103074
0.3579333333333333        -32.834286407670426
0.358                     -32.83431236058808
0.35806666666666664       -32.834445449557585
0.3581333333333333        -32.83493084843711
0.3582                    -32.83593207371932
0.3582666666666667        -32.83740064301946
0.35833333333333334       -32.83904752443982
0.35840000000000005       -32.84045818306008
0.3584666666666667        -32.84131223775847
0.35853333333333337       -32.841597415266996
0.35860000000000003       -32.84169030258523
0.3586666666666667        -32.84223224076505
0.35873333333333335       -32.84383466835887
0.3588                    -32.84674882423421
0.35886666666666667       -32.850673140608954
0.3589333333333333        -32.854821449220324
0.359                     -32.85825351184297
0.35906666666666665       -32.86033081887573
0.3591333333333333        -32.86107610957325
0.3592                    -32.861238912653896
0.3592666666666667        -32.8620026763062
0.35933333333333334       -32.86444839738449
0.35940000000000005       -32.869020973250834
0.3594666666666667        -32.87525936736907
0.35953333333333337       -32.88194132554039
0.35960000000000003       -32.88760461060257
0.3596666666666667        -32.891220558250495
0.35973333333333335       -32.892702219877165
0.3598                    -32.892988774379575
0.35986666666666667       -32.89364530930141
0.3599333333333333        -32.89615405679856
0.36                      -32.90122475056555
0.36006666666666665       -32.90844521951285
0.3601333333333333        -32.91643994019117
0.3602                    -32.923475325232005
0.3602666666666667        -32.92824195745802
0.36033333333333334       -32.93045053694641
0.3604                    -32.9309571931431
0.3604666666666667        -32.93135867818949
0.3605333333333334        -32.93325415237049
0.36060000000000003       -32.937522513899935
0.3606666666666667        -32.94394361772122
0.36073333333333335       -32.95132389500326
0.3608                    -32.95805636555998
0.36086666666666667       -32.96285029501782
0.36093333333333333       -32.96529107010858
0.361                     -32.96597653924705
0.36106666666666665       -32.96618555920916
0.3611333333333333        -32.96725929602361
0.3612                    -32.96999877546532
0.3612666666666667        -32.974350865435966
0.36133333333333334       -32.97950165726985
0.3614                    -32.98430322073369
0.3614666666666667        -32.98781389979442
0.3615333333333334        -32.98969531944155
0.36160000000000003       -32.99029521954822
0.3616666666666667        -32.9904086260407
0.36173333333333335       -32.99086401676761
0.3618                    -32.99214809769202
0.36186666666666667       -32.99423862372882
0.36193333333333333       -32.99669526050692
0.362                     -32.99893038898935
0.36206666666666665       -33.000506241442686
0.3621333333333333        -33.00131222846724
0.3622                    -33.001555116049595
0.3622666666666667        -33.00159782868644
0.36233333333333334       -33.001753724461224
0.3624                    -33.002148662381316
0.3624666666666667        -33.00270904612249
0.3625333333333334        -33.00325742580011
0.36260000000000003       -33.00364227373582
0.3626666666666667        -33.003822255452576
0.36273333333333335       -33.00386512562017
0.3628                    -33.00387893159828
0.36286666666666667       -33.00393239673392
0.36293333333333333       -33.0040202448947
0.363                     -33.00409224794907
0.36306666666666665       -33.00411821869976
0.3631333333333333        -33.00413594907378
0.3632                    -33.004241561109694
0.3632666666666667        -33.0045235983623
0.36333333333333334       -33.00498559879798
0.3634                    -33.005517043768194
0.3634666666666667        -33.005946796270784
0.3635333333333334        -33.006159676343245
0.36360000000000003       -33.00620816484117
0.3636666666666667        -33.00634039510259
0.36373333333333335       -33.00690519512938
0.3638                    -33.008166724652355
0.36386666666666667       -33.010124510114935
0.36393333333333333       -33.012449617099996
0.364                     -33.014598925150935
0.36406666666666665       -33.01607627279048
0.3641333333333333        -33.01671864337588
0.3642                    -33.016850561230314
0.3642666666666667        -33.01719955691667
0.36433333333333334       -33.01858271212607
0.3644                    -33.02149967315185
0.3644666666666667        -33.025833025269925
0.3645333333333334        -33.03082402193985
0.36460000000000004       -33.03536964020679
0.3646666666666667        -33.03852775935968
0.36473333333333335       -33.0399968712241
0.3648                    -33.04032419990251
0.3648666666666667        -33.04071286360715
0.36493333333333333       -33.042493452425525
0.365                     -33.0464970351343
0.36506666666666665       -33.05262606220714
0.3651333333333333        -33.05983891906268
0.3652                    -33.06657979334511
0.3652666666666667        -33.071475904787484
0.36533333333333334       -33.07398294319208
0.3654                    -33.07466464164848
0.3654666666666667        -33.07495806512512
0.3655333333333334        -33.076525018915554
0.36560000000000004       -33.08049054616888
0.3656666666666667        -33.0869209235282
0.36573333333333335       -33.09478089954437
0.3658                    -33.10239274800648
0.3658666666666667        -33.10819150314522
0.36593333333333333       -33.111429010914335
0.366                     -33.11249692797142
0.36606666666666665       -33.11271996079733
0.3661333333333333        -33.11372770823387
0.3662                    -33.11671006660299
0.3662666666666667        -33.12190062653246
0.36633333333333334       -33.12851080913099
0.3664                    -33.135124924616576
0.3664666666666667        -33.14035917663178
0.3665333333333334        -33.143473431434714
0.36660000000000004       -33.144656172358495
0.3666666666666667        -33.1448689169837
0.36673333333333336       -33.14535225830019
0.3668                    -33.14704805342809
0.3668666666666667        -33.15020910956156
0.36693333333333333       -33.154356028128916
0.367                     -33.1585677544607
0.36706666666666665       -33.16194140242861
0.3671333333333333        -33.16399329412989
0.36719999999999997       -33.164821265162836
0.3672666666666667        -33.16497952325168
0.36733333333333335       -33.165160756558556
0.3674                    -33.16586145601514
0.3674666666666667        -33.167191098710184
0.3675333333333334        -33.16889412734902
0.36760000000000004       -33.17054095997086
0.3676666666666667        -33.17176815153732
0.36773333333333336       -33.172441232871
0.3678                    -33.172672133592805
0.3678666666666667        -33.172708880955206
0.36793333333333333       -33.17277949788004
0.368                     -33.17298255261
0.36806666666666665       -33.17327505147456
0.3681333333333333        -33.17354464259433
0.36819999999999997       -33.1737062735297
0.3682666666666667        -33.17375848752298
0.36833333333333335       -33.17376978698941
0.3684                    -33.17381545383319
0.3684666666666667        -33.173917172413375
0.3685333333333334        -33.174032235909664
0.36860000000000004       -33.17410126219692
0.3686666666666667        -33.17411910191988
0.36873333333333336       -33.17417304745191
0.3688                    -33.17441076565143
0.3688666666666667        -33.17494767234076
0.36893333333333334       -33.17576992506733
0.369                     -33.17670330865885
0.36906666666666665       -33.17748672608103
0.3691333333333333        -33.17792620834559
0.3692                    -33.1780471568354
0.3692666666666667        -33.17814678343789
0.36933333333333335       -33.17869199762851
0.3694                    -33.18009215825981
0.36946666666666667       -33.182455708352705
0.3695333333333334        -33.18546752998526
0.36960000000000004       -33.18847793208257
0.3696666666666667        -33.19079060171987
0.36973333333333336       -33.192024497566486
0.3698                    -33.192364765017615
0.3698666666666667        -33.19255227021234
0.36993333333333334       -33.19358344814002
0.37                      -33.19624237084077
0.37006666666666665       -33.20068560624526
0.3701333333333333        -33.20629394863459
0.3702                    -33.211891807103385
0.3702666666666667        -33.21626196688171
0.37033333333333335       -33.218728126769584
0.3704                    -33.219520987757164
0.37046666666666667       -33.2197292618467
0.3705333333333334        -33.22083344416335
0.37060000000000004       -33.22402753581667
0.3706666666666667        -33.22964360652319
0.37073333333333336       -33.23695419763315
0.3708                    -33.24446043703597
0.3708666666666667        -33.250552091413496
0.37093333333333334       -33.25424407367568
0.371                     -33.255641437222735
0.37106666666666666       -33.25590294923903
0.3711333333333333        -33.25671361681354
0.3712                    -33.259513969824496
0.3712666666666667        -33.26484496100343
0.37133333333333335       -33.27210607017755
0.3714                    -33.27983200859101
0.37146666666666667       -33.2863590052869
0.3715333333333334        -33.29057329760222
0.37160000000000004       -33.29239408648584
0.3716666666666667        -33.292770144922315
0.37173333333333336       -33.29320657806591
0.3718                    -33.29506143111985
0.3718666666666667        -33.29894625421731
0.37193333333333334       -33.30449558882438
0.372                     -33.31058721380651
0.37206666666666666       -33.31588818430488
0.3721333333333333        -33.31946034687385
0.3722                    -33.321144121579316
0.3722666666666667        -33.32155838190522
0.37233333333333335       -33.321747136601175
0.3724                    -33.322668805481584
0.37246666666666667       -33.32477909979551
0.3725333333333334        -33.327888465052936
0.37260000000000004       -33.331328652639975
0.3726666666666667        -33.33431664778771
0.37273333333333336       -33.336324233325904
0.3728                    -33.33727949462006
0.3728666666666667        -33.33752698018789
0.37293333333333334       -33.33759953704384
0.373                     -33.33793990981774
0.37306666666666666       -33.3387148815888
0.3731333333333333        -33.33979717602083
0.3732                    -33.340894842812986
0.3732666666666667        -33.34173652725354
0.37333333333333335       -33.342207115223964
0.3734                    -33.34237189228155
0.37346666666666667       -33.342398143518615
0.3735333333333334        -33.342438610488614
0.37360000000000004       -33.34255193745302
0.3736666666666667        -33.34270063139805
0.37373333333333336       -33.34281295531868
0.3738                    -33.342856218953415
0.3738666666666667        -33.342867717113684
0.37393333333333334       -33.342924048303495
0.374                     -33.34307535293233
0.37406666666666666       -33.343297265269086
0.3741333333333333        -33.34350235595571
0.3742                    -33.34361114866444
0.3742666666666667        -33.3436373895121
0.37433333333333335       -33.34372401705195
0.3744                    -33.344090483582114
0.37446666666666667       -33.34490729559689
0.3745333333333334        -33.34616701442925
0.37460000000000004       -33.347637527033804
0.3746666666666667        -33.3489475831035
0.37473333333333336       -33.34978100189303
0.3748                    -33.35008389300053
0.3748666666666667        -33.3501629920527
0.37493333333333334       -33.350596017328286
0.375                     -33.351971115282176
0.37506666666666666       -33.35457222884254
0.3751333333333333        -33.35817437359163
0.3752                    -33.36207639114171
0.37526666666666664       -33.365389314790036
0.37533333333333335       -33.36746454790309
0.3754                    -33.36825557526862
0.37546666666666667       -33.36841602029908
0.3755333333333334        -33.36905403156081
0.37560000000000004       -33.37123415087711
0.3756666666666667        -33.3754535622638
0.37573333333333336       -33.38134856468232
0.3758                    -33.38779296601738
0.3758666666666667        -33.39337243851877
0.37593333333333334       -33.39703391293821
0.376                     -33.398605275303936
0.37606666666666666       -33.39892200620667
0.3761333333333333        -33.39947847362603
0.3762                    -33.401753787398796
0.37626666666666664       -33.40652304515789
0.37633333333333335       -33.41347544962066
0.3764                    -33.421323200643364
0.37646666666666667       -33.4283640143057
0.3765333333333334        -33.433248605226105
0.37660000000000005       -33.43559765453044
0.3766666666666667        -33.43617325464953
0.37673333333333336       -33.436521245639106
0.3768                    -33.4382569994113
0.3768666666666667        -33.44233248134303
0.37693333333333334       -33.44861948337745
0.377                     -33.45598905836606
0.37706666666666666       -33.46283991005152
0.3771333333333333        -33.467826543811796
0.3772                    -33.470448341112345
0.37726666666666664       -33.47123038836495
0.37733333333333335       -33.4714283107806
0.3774                    -33.472419191966985
0.3774666666666667        -33.475078426784506
0.37753333333333333       -33.47942658936789
0.37760000000000005       -33.48468553446025
0.3776666666666667        -33.48968816093127
0.37773333333333337       -33.493429994763716
0.3778                    -33.49549934408603
0.3778666666666667        -33.496197430879825
0.37793333333333334       -33.49632151131557
0.378                     -33.49674703306427
0.37806666666666666       -33.49802595869606
0.3781333333333333        -33.50018544651469
0.3782                    -33.50279454871371
0.37826666666666664       -33.50523246680583
0.37833333333333335       -33.50700488565035
0.3784                    -33.507951180182594
0.3784666666666667        -33.50825900809755
0.37853333333333333       -33.508309689592274
0.37860000000000005       -33.508459122696564
0.3786666666666667        -33.50887518807055
0.37873333333333337       -33.50950378535486
0.3788                    -33.51015656485276
0.3788666666666667        -33.51065002402036
0.37893333333333334       -33.51090974454168
0.379                     -33.51098785059248
0.37906666666666666       -33.511000866081204
0.3791333333333333        -33.51104181819756
0.3792                    -33.511128218667295
0.37926666666666664       -33.511215714706644
0.37933333333333336       -33.511259182090654
0.3794                    -33.51127069651992
0.3794666666666667        -33.51132768661857
0.37953333333333333       -33.51152142979458
0.37960000000000005       -33.51188111965251
0.3796666666666667        -33.512331366290226
0.37973333333333337       -33.51272426982301
0.3798                    -33.512939152849285
0.3798666666666667        -33.5129927830626
0.37993333333333335       -33.51308391787876
0.38                      -33.513525184268865
0.38006666666666666       -33.51458039765316
0.3801333333333333        -33.5162898144979
0.3802                    -33.51838939888714
0.38026666666666664       -33.52039317351996
0.38033333333333336       -33.52182335039824
0.3804                    -33.52248331803963
0.3804666666666667        -33.5226253458426
0.38053333333333333       -33.52290076891058
0.38060000000000005       -33.524085653170246
0.3806666666666667        -33.526697180449545
0.38073333333333337       -33.530688928206885
0.3808                    -33.5353942749743
0.3808666666666667        -33.53977879133509
0.38093333333333335       -33.54291034177864
0.381                     -33.54443178233008
0.38106666666666666       -33.54479510880404
0.3811333333333333        -33.54511539972904
0.3812                    -33.54668638361173
0.38126666666666664       -33.55037250436357
0.38133333333333336       -33.55616455139557
0.3814                    -33.563121929987474
0.3814666666666667        -33.569753436865554
0.38153333333333334       -33.57468258990523
0.38160000000000005       -33.57729484358236
0.3816666666666667        -33.57805244750619
0.38173333333333337       -33.578310634885234
0.38180000000000003       -33.57970936574835
0.3818666666666667        -33.583421576035654
0.38193333333333335       -33.5896064802057
0.382                     -33.597320558109004
0.38206666666666667       -33.604931493591266
0.3821333333333333        -33.6108515669467
0.3822                    -33.61425425382994
0.38226666666666664       -33.61543785850655
0.38233333333333336       -33.6156661801747
0.3824                    -33.61656990028442
0.3824666666666667        -33.61939928507334
0.38253333333333334       -33.62447541788469
0.38260000000000005       -33.63107974999454
0.3826666666666667        -33.63781440165635
0.38273333333333337       -33.64325330344075
0.38280000000000003       -33.646576719159924
0.3828666666666667        -33.6478975389215
0.38293333333333335       -33.648143764246484
0.383                     -33.64857969359112
0.38306666666666667       -33.65021357119928
0.3831333333333333        -33.65337188436467
0.3832                    -33.65761865698748
0.38326666666666664       -33.66202506025751
0.38333333333333336       -33.66563482265001
0.3834                    -33.66789374455757
0.3834666666666667        -33.668848016629354
0.38353333333333334       -33.669043725952356
0.38360000000000005       -33.669210093785466
0.3836666666666667        -33.66990323279046
0.38373333333333337       -33.671283542816944
0.38380000000000003       -33.67311248941368
0.3838666666666667        -33.67493736208888
0.38393333333333335       -33.67634609559652
0.384                     -33.677156710899474
0.38406666666666667       -33.677458531434496
0.3841333333333333        -33.67751052042605
0.3842                    -33.6775753179785
0.38426666666666665       -33.67778833387026
0.3843333333333333        -33.67812525719191
0.3844                    -33.67846608524192
0.3844666666666667        -33.67869939559289
0.38453333333333334       -33.67879646595215
0.38460000000000005       -33.67881449371338
0.3846666666666667        -33.678839206773795
0.38473333333333337       -33.67891608931328
0.38480000000000003       -33.67902255104881
0.3848666666666667        -33.679100783859155
0.38493333333333335       -33.67912561048094
0.385                     -33.679154024591035
0.38506666666666667       -33.67931259041696
0.3851333333333333        -33.679720730984485
0.3852                    -33.68039574512045
0.38526666666666665       -33.681207091366964
0.3853333333333333        -33.68192561647223
0.3854                    -33.682356975838644
0.3854666666666667        -33.68248946572976
0.38553333333333334       -33.682562580737965
0.38560000000000005       -33.68299450487512
0.3856666666666667        -33.68418269140271
0.3857333333333334        -33.68627112634809
0.38580000000000003       -33.689013939854654
0.3858666666666667        -33.69183158586366
0.38593333333333335       -33.69406271342102
0.386                     -33.69530553625715
0.38606666666666667       -33.69567584151369
0.38613333333333333       -33.695829313039745
0.3862                    -33.69670403612218
0.38626666666666665       -33.69908345133179
0.3863333333333333        -33.70318427539898
0.3864                    -33.708481088717974
0.3864666666666667        -33.71388079560613
0.38653333333333334       -33.71819634237889
0.3866                    -33.72071301589144
0.3866666666666667        -33.72157246299686
0.3867333333333334        -33.72176760261259
0.38680000000000003       -33.722724105869055
0.3868666666666667        -33.72564948491247
0.38693333333333335       -33.73095130464843
0.387                     -33.73800293657057
0.38706666666666667       -33.745382504471195
0.38713333333333333       -33.75149513000105
0.3872                    -33.75530206394693
0.38726666666666665       -33.75681307316692
0.3873333333333333        -33.75709834245616
0.3874                    -33.757805174056045
0.3874666666666667        -33.76040490526063
0.38753333333333334       -33.76552101116661
0.3876                    -33.77264536548357
0.3876666666666667        -33.78036898974909
0.3877333333333334        -33.78702082486297
0.38780000000000003       -33.79142091809331
0.3878666666666667        -33.793397981995
0.38793333333333335       -33.79383240673062
0.388                     -33.79421686599174
0.38806666666666667       -33.79595722357167
0.38813333333333333       -33.799746954043435
0.3882                    -33.805294363771424
0.38826666666666665       -33.811505861810566
0.3883333333333333        -33.817018500930644
0.3884                    -33.820821914777135
0.3884666666666667        -33.822679662748946
0.38853333333333334       -33.823167968638344
0.3886                    -33.8233423613097
0.3886666666666667        -33.824218536901746
0.3887333333333334        -33.82632416168382
0.38880000000000003       -33.8295193570314
0.3888666666666667        -33.83313915056621
0.38893333333333335       -33.83635762334439
0.389                     -33.83858095672022
0.38906666666666667       -33.83968275023909
0.38913333333333333       -33.839990439359575
0.3892                    -33.840062706294766
0.38926666666666665       -33.840394453650774
0.3893333333333333        -33.84120225258552
0.3894                    -33.84238109638818
0.3894666666666667        -33.84362483483542
0.38953333333333334       -33.84462209273497
0.3896                    -33.845215059514324
0.3896666666666667        -33.84544596989097
0.3897333333333334        -33.84548822028003
0.38980000000000004       -33.84552243402729
0.3898666666666667        -33.84563818745872
0.38993333333333335       -33.845813463400134
0.39                      -33.84596893015154
0.3900666666666667        -33.846048306332605
0.39013333333333333       -33.84606603521222
0.3902                    -33.84609231597044
0.39026666666666665       -33.84619212518446
0.3903333333333333        -33.84636783597472
0.3904                    -33.8465527076738
0.3904666666666667        -33.84666637518185
0.39053333333333334       -33.846697147903306
0.3906                    -33.84675061438257
0.3906666666666667        -33.84701890297915
0.3907333333333334        -33.84767400434332
0.39080000000000004       -33.848742766375075
0.3908666666666667        -33.85004539716684
0.39093333333333335       -33.85125395406517
0.391                     -33.8520613184124
0.3910666666666667        -33.852379444332776
0.39113333333333333       -33.852451634217225
0.3912                    -33.85279413840229
0.39126666666666665       -33.853968541589055
0.3913333333333333        -33.85628427067357
0.3914                    -33.85958514259511
0.3914666666666667        -33.86325036266942
0.39153333333333334       -33.86644298118316
0.3916                    -33.86851014224725
0.3916666666666667        -33.86934420189099
0.3917333333333334        -33.869509409169815
0.39180000000000004       -33.870040506841114
0.3918666666666667        -33.87198210270967
0.39193333333333336       -33.87587660427444
0.392                     -33.8814503407292
0.3920666666666667        -33.88766895546303
0.39213333333333333       -33.89316668141877
0.3922                    -33.89687103257217
0.39226666666666665       -33.89853147311878
0.3923333333333333        -33.89888502217535
0.3924                    -33.89935679130075
0.3924666666666667        -33.901420192539966
0.39253333333333335       -33.90591068507846
0.3926                    -33.912613927929
0.3926666666666667        -33.92032719721265
0.3927333333333334        -33.927380034287665
0.39280000000000004       -33.932386263709134
0.3928666666666667        -33.93488015614289
0.39293333333333336       -33.93553215127888
0.393                     -33.93583745606901
0.3930666666666667        -33.93742621984232
0.39313333333333333       -33.94132152803036
0.3932                    -33.947485856180066
0.39326666666666665       -33.954854870415005
0.3933333333333333        -33.961833853275884
0.39339999999999997       -33.96702339929742
0.3934666666666667        -33.96983681461242
0.39353333333333335       -33.97072529237161
0.3936                    -33.97091977023067
0.3936666666666667        -33.97183259467245
0.3937333333333334        -33.97441443073797
0.39380000000000004       -33.97876186679482
0.3938666666666667        -33.984135163799905
0.39393333333333336       -33.98934953443459
0.394                     -33.993336922110835
0.3940666666666667        -33.99560934669002
0.39413333333333334       -33.99641766282889
0.3942                    -33.996558614814425
0.39426666666666665       -33.99695454688046
0.3943333333333333        -33.99822552734034
0.3944                    -34.000452635615005
0.3944666666666667        -34.00321830520873
0.39453333333333335       -34.00586997338707
0.3946                    -34.007854776093616
0.3946666666666667        -34.008957542022586
0.3947333333333334        -34.00934205981076
0.39480000000000004       -34.00940548325242
0.3948666666666667        -34.0095472312364
0.39493333333333336       -34.00998125417809
0.395                     -34.01067799585597
0.3950666666666667        -34.01144164504185
0.39513333333333334       -34.01205675146292
0.3952                    -34.01241240473922
0.39526666666666666       -34.01254005699143
0.3953333333333333        -34.01256072818847
0.3954                    -34.01259098767354
0.3954666666666667        -34.0126740548917
0.39553333333333335       -34.012776547115976
0.3956                    -34.01284295858633
0.39566666666666667       -34.0128611669383
0.3957333333333334        -34.01288745520479
0.39580000000000004       -34.0130105905215
0.3958666666666667        -34.01328010606749
0.39593333333333336       -34.01365321541812
0.396                     -34.014007018465286
0.3960666666666667        -34.01422067969722
0.39613333333333334       -34.014281532953646
0.3962                    -34.014342930387585
0.39626666666666666       -34.01468078554561
0.3963333333333333        -34.01555363512707
0.3964                    -34.01703542537766
0.3964666666666667        -34.018921327528496
0.39653333333333335       -34.0207810656318
0.3966                    -34.02215891234439
0.39666666666666667       -34.02283181458453
0.3967333333333334        -34.02298695837713
0.39680000000000004       -34.023203158657275
0.3968666666666667        -34.02421383466253
0.39693333333333336       -34.02654753073329
0.397                     -34.030221017646234
0.3970666666666667        -34.03465403698357
0.39713333333333334       -34.038879726440605
0.3972                    -34.04198009477295
0.39726666666666666       -34.04354965805709
0.3973333333333333        -34.043952079203514
0.3974                    -34.04421766785604
0.3974666666666667        -34.045601604373985
0.39753333333333335       -34.04899612384505
0.3976                    -34.05447363806044
0.39766666666666667       -34.06118982187587
0.3977333333333334        -34.067717322902254
0.39780000000000004       -34.07267925002264
0.3978666666666667        -34.07539629371901
0.39793333333333336       -34.076234094607514
0.398                     -34.07646813548755
0.3980666666666667        -34.077715242870994
0.39813333333333334       -34.0811926816881
0.3982                    -34.08714874996729
0.39826666666666666       -34.09472933518704
0.3983333333333333        -34.102347559856184
0.3984                    -34.10839485528002
0.3984666666666667        -34.111968718394905
0.39853333333333335       -34.11327556606176
0.3986                    -34.11351823496487
0.39866666666666667       -34.11432737461268
0.3987333333333334        -34.117012505726564
0.39880000000000004       -34.12198199654711
0.3988666666666667        -34.12858822300843
0.39893333333333336       -34.13545247530802
0.399                     -34.14110714634356
0.3990666666666667        -34.144652181315934
0.39913333333333334       -34.14612278622849
0.3992                    -34.14641105009703
0.39926666666666666       -34.14680374266447
0.3993333333333333        -34.14837639692564
0.3994                    -34.151532072145656
0.3994666666666667        -34.15588181088344
0.39953333333333335       -34.16049146718216
0.3996                    -34.1643512437749
0.39966666666666667       -34.16683347235078
0.3997333333333334        -34.16792825012879
0.39980000000000004       -34.16816981890434
0.3998666666666667        -34.16832290567382
0.39993333333333336       -34.169005565262985
0.4                       -34.170433739301494
0.4000666666666667        -34.17239057524144
0.40013333333333334       -34.174402576075025
0.4002                    -34.17600783773569
0.40026666666666666       -34.17697266163413
0.4003333333333333        -34.17735870968974
0.4004                    -34.177432597601374
0.4004666666666667        -34.17749178037812
0.40053333333333335       -34.17771208687563
0.4006                    -34.178092978539766
0.40066666666666667       -34.1785107294951
0.4007333333333334        -34.178828227116014
0.40080000000000005       -34.178986534110784
0.4008666666666667        -34.17902652059516
0.40093333333333336       -34.17903995638585
0.401                     -34.17909474160995
0.4010666666666667        -34.17919086454923
0.40113333333333334       -34.179277175466346
0.4012                    -34.1793135041208
0.40126666666666666       -34.179328798942244
0.4013333333333333        -34.17942666246339
0.4014                    -34.17972537373983
0.4014666666666667        -34.180267526546345
0.40153333333333335       -34.180962773765756
0.4016                    -34.181614740143864
0.40166666666666667       -34.182033629607325
0.4017333333333334        -34.18217728218928
0.40180000000000005       -34.18223249622673
0.4018666666666667        -34.18256949905756
0.40193333333333336       -34.18356982396429
0.402                     -34.1854060568975
0.4020666666666667        -34.18789504588905
0.40213333333333334       -34.19052448648381
0.4022                    -34.19267022390898
0.40226666666666666       -34.193916107848835
0.4023333333333333        -34.19431602960026
0.4024                    -34.19444541678097
0.40246666666666664       -34.19518404978527
0.40253333333333335       -34.19730995328229
0.4026                    -34.20109270837449
0.4026666666666667        -34.2060943286318
0.4027333333333334        -34.21130171906866
0.40280000000000005       -34.21556041929928
0.4028666666666667        -34.218123361793225
0.40293333333333337       -34.21904980633015
0.403                     -34.21924098680498
0.4030666666666667        -34.22006757269848
0.40313333333333334       -34.22274655731584
0.4032                    -34.227755284330414
0.40326666666666666       -34.23456328605025
0.4033333333333333        -34.24182408301649
0.4034                    -34.247960051642956
0.40346666666666664       -34.25188289232031
0.40353333333333335       -34.25351116320885
0.4036                    -34.25382856382944
0.4036666666666667        -34.25444414810772
0.4037333333333334        -34.25685764657147
0.40380000000000005       -34.26177233175762
0.4038666666666667        -34.268770868928584
0.40393333333333337       -34.276500707220144
0.404                     -34.283284873501444
0.4040666666666667        -34.28787869395685
0.40413333333333334       -34.29002087844502
0.4042                    -34.29052266445652
0.40426666666666666       -34.29086295047972
0.4043333333333333        -34.29249462471596
0.4044                    -34.29619363675041
0.40446666666666664       -34.30174388907942
0.40453333333333336       -34.30808257937113
0.4046                    -34.3138178821749
0.4046666666666667        -34.31786633685473
0.40473333333333333       -34.319911869513746
0.40480000000000005       -34.320484691652034
0.4048666666666667        -34.320649730657905
0.40493333333333337       -34.32148040236847
0.405                     -34.32357937489218
0.4050666666666667        -34.326860751029606
0.40513333333333335       -34.33066628100201
0.4052                    -34.33412788227365
0.40526666666666666       -34.33658360080693
0.4053333333333333        -34.337847868491764
0.4054                    -34.33822650231777
0.40546666666666664       -34.33830201020153
0.40553333333333336       -34.33862302097289
0.4056                    -34.339460303998536
0.4056666666666667        -34.340736175926374
0.40573333333333333       -34.34213342023377
0.40580000000000005       -34.343300236296955
0.4058666666666667        -34.344032369746465
0.40593333333333337       -34.34434386351436
0.406                     -34.34441038472797
0.4060666666666667        -34.34443991515566
0.40613333333333335       -34.344556030553214
0.4062                    -34.34475722721012
0.40626666666666666       -34.34496090999648
0.4063333333333333        -34.34508850136032
0.4064                    -34.345129115491574
0.40646666666666664       -34.34514158135707
0.40653333333333336       -34.345200890770855
0.4066                    -34.34533410397705
0.4066666666666667        -34.34549708693885
0.40673333333333334       -34.345613582270374
0.40680000000000005       -34.34565196837734
0.4068666666666667        -34.34568356760361
0.40693333333333337       -34.345872101618085
0.40700000000000003       -34.3463861912786
0.4070666666666667        -34.347280725073766
0.40713333333333335       -34.34842377511943
0.4072                    -34.34953041282636
0.40726666666666667       -34.35030677718783
0.4073333333333333        -34.35063738470366
0.4074                    -34.35070802337692
0.40746666666666664       -34.350975601914605
0.40753333333333336       -34.351972344709864
0.4076                    -34.35402673304037
0.4076666666666667        -34.35704439465035
0.40773333333333334       -34.36048071080657
0.40780000000000005       -34.36355140982777
0.4078666666666667        -34.36560459604407
0.40793333333333337       -34.36647874462701
0.40800000000000003       -34.36665449172875
0.4080666666666667        -34.367094735681995
0.40813333333333335       -34.36882091658572
0.4082                    -34.372414328172916
0.40826666666666667       -34.37768493735307
0.4083333333333333        -34.38368671826853
0.4084                    -34.38910334072902
0.40846666666666664       -34.39284752419852
0.40853333333333336       -34.394596264444665
0.4086                    -34.39499248927254
0.4086666666666667        -34.39539294101428
0.40873333333333334       -34.397262704524245
0.40880000000000005       -34.40149307609915
0.4088666666666667        -34.407962055910374
0.40893333333333337       -34.41555013820226
0.40900000000000003       -34.42261966024184
0.4090666666666667        -34.42775046925607
0.40913333333333335       -34.43039350612174
0.4092                    -34.43112919783107
0.40926666666666667       -34.43140175984017
0.4093333333333333        -34.432854412922595
0.4094                    -34.4365796002431
0.40946666666666665       -34.44262976596508
0.40953333333333336       -34.450005831215556
0.4096                    -34.457121040665406
0.4096666666666667        -34.46252306318493
0.40973333333333334       -34.46553880935715
0.40980000000000005       -34.4665439434179
0.4098666666666667        -34.466742732407106
0.40993333333333337       -34.46758180475499
0.41000000000000003       -34.47008798995973
0.4100666666666667        -34.47443648513441
0.41013333333333335       -34.47992903576353
0.4102                    -34.48536504338621
0.41026666666666667       -34.48961228546834
0.4103333333333333        -34.49210342715374
0.4104                    -34.49303479258948
0.41046666666666665       -34.493199492045946
0.4105333333333333        -34.49356641805314
0.4106                    -34.49482653484783
0.4106666666666667        -34.49711952735047
0.41073333333333334       -34.500045510775806
0.41080000000000005       -34.50292187434683
0.4108666666666667        -34.50513535866757
0.4109333333333334        -34.506411669094476
0.41100000000000003       -34.506885704093264
0.4110666666666667        -34.50696755332259
0.41113333333333335       -34.50710087835682
0.4112                    -34.507549681475865
0.41126666666666667       -34.5083141586863
0.41133333333333333       -34.50919479545778
0.4114                    -34.509944559164076
0.41146666666666665       -34.51041283639902
0.4115333333333333        -34.51060531831471
0.4116                    -34.51064325169075
0.4116666666666667        -34.51066556846762
0.41173333333333334       -34.51074374448237
0.41180000000000005       -34.51086030398492
0.4118666666666667        -34.510954055385184
0.4119333333333334        -34.51099059250989
0.41200000000000003       -34.511003092745305
0.4120666666666667        -34.51107294420295
0.41213333333333335       -34.51126478812854
0.4122                    -34.511565651635976
0.41226666666666667       -34.51187887240487
0.41233333333333333       -34.51208822163562
0.4124                    -34.51215750241089
0.41246666666666665       -34.51219863054799
0.4125333333333333        -34.512450686590704
0.4126                    -34.513162631739384
0.4126666666666667        -34.51443568509374
0.41273333333333334       -34.516118877615696
0.4128                    -34.51783609535943
0.4128666666666667        -34.51915683865069
0.4129333333333334        -34.51983803092068
0.41300000000000003       -34.52000830956331
0.4130666666666667        -34.52017738378907
0.41313333333333335       -34.52103462877127
0.4132                    -34.5231144192237
0.41326666666666667       -34.52648971364392
0.41333333333333333       -34.53066147469461
0.4134                    -34.534729560836745
0.41346666666666665       -34.53779393767578
0.4135333333333333        -34.53940734904429
0.4136                    -34.53985122558877
0.4136666666666667        -34.54007385670127
0.41373333333333334       -34.54129015406491
0.4138                    -34.54441502526294
0.4138666666666667        -34.549596561367274
0.4139333333333334        -34.55608271972154
0.41400000000000003       -34.56250967533514
0.4140666666666667        -34.56750334822101
0.41413333333333335       -34.57032459965578
0.4142                    -34.571246578784155
0.41426666666666667       -34.571466448745554
0.41433333333333333       -34.572576336600804
0.4144                    -34.57583446912826
0.41446666666666665       -34.58157494852294
0.4145333333333333        -34.58903145073905
0.4146                    -34.59666310484532
0.4146666666666667        -34.6028425565364
0.41473333333333334       -34.60659344699201
0.4148                    -34.60803121139279
0.4148666666666667        -34.608297070264776
0.4149333333333334        -34.60902014166658
0.41500000000000004       -34.61156806018121
0.4150666666666667        -34.616436591857976
0.41513333333333335       -34.62305044275671
0.4152                    -34.6300519110945
0.4152666666666667        -34.63593283681301
0.41533333333333333       -34.639712060126215
0.4154                    -34.641344671606056
0.41546666666666665       -34.64168400437413
0.4155333333333333        -34.64203771151874
0.4156                    -34.64354939898305
0.4156666666666667        -34.64670173813066
0.41573333333333334       -34.65115671592812
0.4158                    -34.65597768342251
0.4158666666666667        -34.66010140351723
0.4159333333333334        -34.662823789749766
0.41600000000000004       -34.6640741734297
0.4160666666666667        -34.664370890209256
0.41613333333333336       -34.66451285367352
0.4162                    -34.665182261908555
0.4162666666666667        -34.66665531583053
0.41633333333333333       -34.668741769706884
0.4164                    -34.67094999195153
0.41646666666666665       -34.67276722889502
0.4165333333333333        -34.67390385402703
0.4166                    -34.674388596708084
0.4166666666666667        -34.67449210034792
0.41673333333333334       -34.6745465165952
0.4168                    -34.67477152226705
0.4168666666666667        -34.67519553183099
0.4169333333333334        -34.67569532457521
0.41700000000000004       -34.67610916168234
0.4170666666666667        -34.67634523660563
0.41713333333333336       -34.67642313366635
0.4172                    -34.6764360474164
0.4172666666666667        -34.676472495635494
0.41733333333333333       -34.67655705959012
0.4174                    -34.676650044830104
0.41746666666666665       -34.676701331854396
0.4175333333333333        -34.67671439621765
0.4176                    -34.67676852593885
0.4176666666666667        -34.67697618740442
0.41773333333333335       -34.67739967133254
0.4178                    -34.67798523914588
0.4178666666666667        -34.67856969097792
0.4179333333333334        -34.67897210573003
0.41800000000000004       -34.67912600906591
0.4180666666666667        -34.67917033242451
0.41813333333333336       -34.67942833339348
0.4182                    -34.68026215969865
0.4182666666666667        -34.68186671451759
0.41833333333333333       -34.68411553389228
0.4184                    -34.68656077468929
0.41846666666666665       -34.688617390866774
0.4185333333333333        -34.689860606991004
0.4186                    -34.69028919040955
0.4186666666666667        -34.69040279652999
0.41873333333333335       -34.69102294089171
0.4188                    -34.69291788530463
0.4188666666666667        -34.69640349624573
0.4189333333333334        -34.7011235554698
0.41900000000000004       -34.706142857746116
0.4190666666666667        -34.710341881580185
0.41913333333333336       -34.712946743155285
0.4192                    -34.7139402583267
0.4192666666666667        -34.714135467588946
0.41933333333333334       -34.71484760755533
0.4194                    -34.71729932986242
0.41946666666666665       -34.72203261772665
0.4195333333333333        -34.728609202305705
0.4196                    -34.73575694546538
0.4196666666666667        -34.74191753498276
0.41973333333333335       -34.745956949094534
0.4198                    -34.74770602880886
0.4198666666666667        -34.74806345616442
0.4199333333333334        -34.74859908522652
0.42000000000000004       -34.750838597978365
0.4200666666666667        -34.75556268759641
0.42013333333333336       -34.76244377322181
0.4202                    -34.770186388172945
0.4202666666666667        -34.77710931236999
0.42033333333333334       -34.781904558221676
0.4204                    -34.78422094779029
0.42046666666666666       -34.78479929016244
0.4205333333333333        -34.7851029459513
0.4206                    -34.78663087244809
0.4206666666666667        -34.790242190679656
0.42073333333333335       -34.795798600355496
0.4208                    -34.80227067062063
0.4208666666666667        -34.80823911935677
0.4209333333333334        -34.81254655997783
0.42100000000000004       -34.8147943042416
0.4210666666666667        -34.81546282631115
0.42113333333333336       -34.81562398273772
0.4212                    -34.816409170817955
0.4212666666666667        -34.818499158802055
0.42133333333333334       -34.82186658308191
0.4214                    -34.8258636861801
0.42146666666666666       -34.829581214374414
0.4215333333333333        -34.83228660780264
0.4216                    -34.83373029255931
0.4216666666666667        -34.83419165794624
0.42173333333333335       -34.83427471809638
0.4218                    -34.83458322099145
0.42186666666666667       -34.83544658063166
0.4219333333333334        -34.836819721950974
0.42200000000000004       -34.838377819090255
0.4220666666666667        -34.839728507899
0.42213333333333336       -34.84061742262896
0.4222                    -34.84102511672404
0.4222666666666667        -34.84112535332035
0.42233333333333334       -34.84115258003582
0.4224                    -34.84126719727696
0.42246666666666666       -34.841493249902186
0.4225333333333333        -34.841749460646824
0.4226                    -34.84193665458718
0.4226666666666667        -34.84201652307826
0.42273333333333335       -34.842031743459096
0.4228                    -34.84206240110163
0.42286666666666667       -34.842157827641735
0.4229333333333334        -34.84229792888714
0.42300000000000004       -34.84241514933948
0.4230666666666667        -34.84246330165048
0.42313333333333336       -34.84248272127799
0.4232                    -34.84260810179508
0.4232666666666667        -34.84300037977142
0.42333333333333334       -34.843736629261265
0.4234                    -34.844728399565014
0.42346666666666666       -34.84573318728585
0.4235333333333333        -34.84647403355512
0.4236                    -34.84681415624985
0.4236666666666667        -34.8468873911672
0.42373333333333335       -34.847093455674155
0.4238                    -34.84793281703357
0.42386666666666667       -34.84974720133999
0.4239333333333334        -34.85249764455035
0.42400000000000004       -34.85571182722603
0.4240666666666667        -34.85865871201869
0.42413333333333336       -34.8606920981984
0.4242                    -34.86160316854094
0.4242666666666667        -34.86179415720435
0.42433333333333334       -34.86215747004056
0.4244                    -34.86368836203121
0.42446666666666666       -34.86700122916255
0.4245333333333333        -34.87198395016924
0.4246                    -34.87777583152608
0.4246666666666667        -34.88311098996985
0.42473333333333335       -34.88689168084407
0.4248                    -34.888727800792836
0.42486666666666667       -34.889171936453415
0.4249333333333334        -34.889512952728175
0.42500000000000004       -34.891204963707395
0.4250666666666667        -34.89519094225361
0.42513333333333336       -34.90143770023534
0.4252                    -34.9089076539518
0.4252666666666667        -34.91599721379362
0.42533333333333334       -34.92125509541812
0.4254                    -34.92405159497998
0.42546666666666666       -34.9248782244686
0.4255333333333333        -34.92512739459254
0.4256                    -34.926453509697765
0.4256666666666667        -34.93001676157353
0.42573333333333335       -34.93595925599485
0.4258                    -34.94334829189204
0.42586666666666667       -34.950606810887464
0.4259333333333334        -34.9562306236973
0.42600000000000005       -34.95945971706505
0.4260666666666667        -34.960592195378936
0.42613333333333336       -34.9608032694922
0.4262                    -34.961572632704424
0.4262666666666667        -34.964004193146906
0.42633333333333334       -34.968354600635735
0.4264                    -34.97397052168003
0.42646666666666666       -34.97963772930954
0.4265333333333333        -34.98415937559082
0.4266                    -34.98688559335642
0.4266666666666667        -34.987953722347456
0.42673333333333335       -34.98814978415349
0.4268                    -34.988488648873755
0.42686666666666667       -34.98973494829733
0.4269333333333334        -34.99209184157901
0.42700000000000005       -34.99518172482465
0.4270666666666667        -34.99829393095534
0.42713333333333336       -35.000753080466346
0.4272                    -35.00222108208286
0.4272666666666667        -35.00279864681563
0.42733333333333334       -35.00290557071137
0.4274                    -35.00303024312793
0.42746666666666666       -35.00349066588708
0.4275333333333333        -35.00432218204286
0.4276                    -35.00532566192347
0.4276666666666667        -35.00622318308104
0.42773333333333335       -35.00682138923498
0.4278                    -35.00709504737325
0.4278666666666667        -35.007161061917934
0.4279333333333334        -35.00717914471724
0.42800000000000005       -35.007251242528
0.4280666666666667        -35.00738060737026
0.42813333333333337       -35.00750522048817
0.4282                    -35.0075706893916
0.4282666666666667        -35.00758556965803
0.42833333333333334       -35.00761931298332
0.4284                    -35.00774647396068
0.42846666666666666       -35.00798083689269
0.4285333333333333        -35.00825274566806
0.4286                    -35.00845486267174
0.42866666666666664       -35.00853307935007
0.42873333333333336       -35.00856188689206
0.4288                    -35.00874377466653
0.4288666666666667        -35.009314366624274
0.4289333333333334        -35.010396226524435
0.42900000000000005       -35.011887134722585
0.4290666666666667        -35.01346347737981
0.42913333333333337       -35.01472270707178
0.4292                    -35.015407560504485
0.4292666666666667        -35.015594189230114
0.42933333333333334       -35.01572645204788
0.4294                    -35.016448505103924
0.42946666666666666       -35.01829553588181
0.4295333333333333        -35.021390285075384
0.4296                    -35.0253102358323
0.42966666666666664       -35.02922121724395
0.42973333333333336       -35.03224467050876
0.4298                    -35.03389757684334
0.4298666666666667        -35.03438465510667
0.4299333333333334        -35.034574566619
0.43000000000000005       -35.035640244760664
0.4300666666666667        -35.03851452001385
0.43013333333333337       -35.04341579521757
0.4302                    -35.049680869679115
0.4302666666666667        -35.05600941372452
0.43033333333333335       -35.061033296823396
0.4304                    -35.06395807609715
0.43046666666666666       -35.0649679742387
0.4305333333333333        -35.06518280719624
0.4306                    -35.06616825892707
0.43066666666666664       -35.06922031780232
0.43073333333333336       -35.07475604390113
0.4308                    -35.08209579601371
0.4308666666666667        -35.08974565694849
0.43093333333333333       -35.0960616434321
0.43100000000000005       -35.09999544535293
0.4310666666666667        -35.10157199838415
0.43113333333333337       -35.101869813144134
0.4312                    -35.102514706785115
0.4312666666666667        -35.1049312924079
0.43133333333333335       -35.109703110108995
0.4314                    -35.116328998572854
0.43146666666666667       -35.123474459887454
0.4315333333333333        -35.1295919353863
0.4316                    -35.13361829011232
0.43166666666666664       -35.13542577588333
0.43173333333333336       -35.13582576282459
0.4318                    -35.13614492801803
0.4318666666666667        -35.137595669439975
0.43193333333333334       -35.14074346768545
0.43200000000000005       -35.14530547862654
0.4320666666666667        -35.15034566836493
0.43213333333333337       -35.154747618219986
0.43220000000000003       -35.15772783492558
0.4322666666666667        -35.15914997684337
0.43233333333333335       -35.15951209187856
0.4324                    -35.15964570322151
0.43246666666666667       -35.1602992741472
0.4325333333333333        -35.16181411362537
0.4326                    -35.16403178845006
0.43266666666666664       -35.16644548782067
0.43273333333333336       -35.16849078168062
0.4328                    -35.16981787758186
0.4328666666666667        -35.170417060573286
0.43293333333333334       -35.17055902811638
0.43300000000000005       -35.17061020820326
0.4330666666666667        -35.170837435050004
0.43313333333333337       -35.171303377685035
0.43320000000000003       -35.17188986439908
0.4332666666666667        -35.17241196999952
0.43333333333333335       -35.17274263174309
0.4334                    -35.17287522080288
0.43346666666666667       -35.172899508497
0.4335333333333333        -35.1729224291013
0.4336                    -35.17299476417985
0.43366666666666664       -35.17309283603947
0.43373333333333336       -35.17316166495971
0.4338                    -35.17318214311135
0.4338666666666667        -35.17320835133958
0.43393333333333334       -35.1733426829943
0.43400000000000005       -35.173661707429
0.4340666666666667        -35.17414457593722
0.43413333333333337       -35.17466126138419
0.43420000000000003       -35.17504353800716
0.4342666666666667        -35.175206360928655
0.43433333333333335       -35.1752455084703
0.4344                    -35.17543847715726
0.43446666666666667       -35.17612503399851
0.4345333333333333        -35.177516644063274
0.4346                    -35.17953786982256
0.43466666666666665       -35.181802602553766
0.43473333333333336       -35.18376652619142
0.4348                    -35.18500146117893
0.4348666666666667        -35.1854572991713
0.43493333333333334       -35.18556210219885
0.43500000000000005       -35.186079201057645
0.4350666666666667        -35.18776311435649
0.43513333333333337       -35.19096995939603
0.43520000000000003       -35.195420123937325
0.4352666666666667        -35.20025443570714
0.43533333333333335       -35.204390555796714
0.4354                    -35.20703291046389
0.43546666666666667       -35.20809327525943
0.43553333333333333       -35.208299553333255
0.4356                    -35.20891096358342
0.43566666666666665       -35.21115217766663
0.43573333333333336       -35.21562512172497
0.4358                    -35.22198028151756
0.4358666666666667        -35.2290191836203
0.43593333333333334       -35.23520496909854
0.43600000000000005       -35.23936148811886
0.4360666666666667        -35.2412349141788
0.4361333333333334        -35.241639924394434
0.43620000000000003       -35.242105943252476
0.4362666666666667        -35.24418217011578
0.43633333333333335       -35.24872462236365
0.4364                    -35.255494862598034
0.43646666666666667       -35.26325555637213
0.43653333333333333       -35.27032309820841
0.4366                    -35.275327518589485
0.43666666666666665       -35.27782756447711
0.43673333333333336       -35.278491950198486
0.4368                    -35.27876642856477
0.4368666666666667        -35.28019497512495
0.43693333333333334       -35.28372072482489
0.43700000000000006       -35.289285687979216
0.4370666666666667        -35.29589672561514
0.4371333333333334        -35.302108737404495
0.43720000000000003       -35.30668958320037
0.4372666666666667        -35.30915477142481
0.43733333333333335       -35.30993099097181
0.4374                    -35.31009426985883
0.43746666666666667       -35.31083412373049
0.43753333333333333       -35.31291260652014
0.4376                    -35.31636569281515
0.43766666666666665       -35.320560188448326
0.4377333333333333        -35.32454687365406
0.4378                    -35.327520134336126
0.4378666666666667        -35.32916136622895
0.43793333333333334       -35.32971840855084
0.43800000000000006       -35.329814166247864
0.4380666666666667        -35.33010875600642
0.4381333333333334        -35.330994756334476
0.43820000000000003       -35.332465244151365
0.4382666666666667        -35.3341915721144
0.43833333333333335       -35.33574092706796
0.4384                    -35.33680521553109
0.43846666666666667       -35.337326018117864
0.43853333333333333       -35.337470670749354
0.4386                    -35.33749883354125
0.43866666666666665       -35.33761034246267
0.4387333333333333        -35.3378598561942
0.4388                    -35.33817226592538
0.4388666666666667        -35.338429895897185
0.43893333333333334       -35.338565274210836
0.439                     -35.338600294537
0.4390666666666667        -35.338615085946664
0.4391333333333334        -35.33867847602225
0.43920000000000003       -35.33879539929619
0.4392666666666667        -35.33891125518234
0.43933333333333335       -35.338970568056254
0.4394                    -35.338986176644894
0.43946666666666667       -35.3390635507239
0.43953333333333333       -35.33935209098238
0.4396                    -35.33994550738679
0.43966666666666665       -35.34079445643832
0.4397333333333333        -35.34169798565318
0.4398                    -35.34239920837446
0.4398666666666667        -35.34274571820612
0.43993333333333334       -35.342824705859364
0.44                      -35.34298091258803
0.4400666666666667        -35.34368101001884
0.4401333333333334        -35.345274664247384
0.44020000000000004       -35.34777236364178
0.4402666666666667        -35.35077041719994
0.44033333333333335       -35.35359145432857
0.4404                    -35.35559929991249
0.4404666666666667        -35.35654392205737
0.44053333333333333       -35.356753966163026
0.4406                    -35.35705257828122
0.44066666666666665       -35.35840601406047
0.4407333333333333        -35.36145642759365
0.4408                    -35.36616438216805
0.4408666666666667        -35.37175187252859
0.44093333333333334       -35.37700453594761
0.441                     -35.38081824426217
0.4410666666666667        -35.38274071588027
0.4411333333333334        -35.38323749601294
0.44120000000000004       -35.383529799442705
0.4412666666666667        -35.38505815021591
0.44133333333333336       -35.388813333610564
0.4414                    -35.39484788625893
0.4414666666666667        -35.40220525428614
0.44153333333333333       -35.40931739701368
0.4416                    -35.41470466187172
0.44166666666666665       -35.417659068309646
0.4417333333333333        -35.41858390296252
0.4418                    -35.41881863512192
0.4418666666666667        -35.42002685905422
0.44193333333333334       -35.42343505432883
0.442                     -35.429275011532994
0.4420666666666667        -35.43668189654263
0.4421333333333334        -35.444090329958115
0.44220000000000004       -35.449945359566904
0.4422666666666667        -35.45339932279177
0.44233333333333336       -35.454670402779065
0.4424                    -35.45490205414712
0.4424666666666667        -35.45560565794795
0.44253333333333333       -35.45796317325135
0.4426                    -35.46231578731786
0.44266666666666665       -35.46805883556475
0.4427333333333333        -35.47396688890118
0.4428                    -35.47877808178337
0.4428666666666667        -35.48175669472283
0.44293333333333335       -35.48297633990319
0.443                     -35.483212193338275
0.4430666666666667        -35.48352435621159
0.4431333333333334        -35.484753927253735
0.44320000000000004       -35.4871726231779
0.4432666666666667        -35.490430023954445
0.44333333333333336       -35.493789653545626
0.4434                    -35.49651237319212
0.4434666666666667        -35.49819148734621
0.44353333333333333       -35.498887920494575
0.4436                    -35.49902761103756
0.44366666666666665       -35.49914394556036
0.4437333333333333        -35.499612874042114
0.44380000000000003       -35.50051050159937
0.4438666666666667        -35.5016425181592
0.44393333333333335       -35.502701124374376
0.444                     -35.50344732670264
0.4440666666666667        -35.50381969967523
0.4441333333333334        -35.5039259172852
0.44420000000000004       -35.50394449012215
0.4442666666666667        -35.504009743954576
0.44433333333333336       -35.504150400017394
0.4444                    -35.504308659430876
0.4444666666666667        -35.50441282231817
0.44453333333333334       -35.5044457186998
0.4446                    -35.50446057004254
0.44466666666666665       -35.504536646520386
0.4447333333333333        -35.50471115890926
0.44480000000000003       -35.5049417905071
0.4448666666666667        -35.505133964709735
0.44493333333333335       -35.50522106432034
0.445                     -35.50524424657056
0.4450666666666667        -35.50536999558354
0.4451333333333334        -35.50581730216177
0.44520000000000004       -35.50672454084814
0.4452666666666667        -35.508033290609646
0.44533333333333336       -35.50947063182181
0.4454                    -35.51066430231002
0.4454666666666667        -35.51134821328582
0.44553333333333334       -35.51155173730936
0.4456                    -35.51165605314835
0.44566666666666666       -35.51225914202773
0.4457333333333333        -35.51389241694408
0.4458                    -35.516722462360136
0.4458666666666667        -35.52039889672859
0.44593333333333335       -35.52415280315459
0.446                     -35.52713035444536
0.4460666666666667        -35.528818334669936
0.4461333333333334        -35.52934983945513
0.44620000000000004       -35.529516056521146
0.4462666666666667        -35.53044628054977
0.44633333333333336       -35.53308682551288
0.4464                    -35.53772148182725
0.4464666666666667        -35.5437728460754
0.44653333333333334       -35.55000423735504
0.4466                    -35.55505651445761
0.44666666666666666       -35.55808412358801
0.4467333333333333        -35.55918551047698
0.4468                    -35.559403794771086
0.4468666666666667        -35.560276376097534
0.44693333333333335       -35.563133964463105
0.447                     -35.568474077609046
0.4470666666666667        -35.57570303565139
0.4471333333333334        -35.583375083404796
0.44720000000000004       -35.58983179809072
0.4472666666666667        -35.59395462202859
0.44733333333333336       -35.5956781330525
0.4474                    -35.5960167081558
0.4474666666666667        -35.59659091617361
0.44753333333333334       -35.598881258936814
0.4476                    -35.60355966812641
0.44766666666666666       -35.61020124398119
0.4477333333333333        -35.61749715749652
0.4478                    -35.62386170318283
0.4478666666666667        -35.62814878579744
0.44793333333333335       -35.63014481972538
0.448                     -35.63061569441723
0.44806666666666667       -35.63090504730955
0.4481333333333334        -35.63229477890759
0.44820000000000004       -35.635436560709216
0.4482666666666667        -35.64010723255146
0.44833333333333336       -35.645374759783124
0.4484                    -35.65006992096497
0.4484666666666667        -35.653326741109936
0.44853333333333334       -35.65493803730148
0.4486                    -35.65537686920618
0.44866666666666666       -35.65550556371723
0.4487333333333333        -35.65614093666805
0.4488                    -35.657694428067614
0.4488666666666667        -35.6600449287647
0.44893333333333335       -35.662673706090835
0.449                     -35.66496398512662
0.44906666666666667       -35.666501501496754
0.4491333333333334        -35.66723230915208
0.44920000000000004       -35.667422821951845
0.4492666666666667        -35.66747303277942
0.44933333333333336       -35.6677001543285
0.4494                    -35.668206568095194
0.4494666666666667        -35.668884032976244
0.44953333333333334       -35.669526251551346
0.4496                    -35.669968761599115
0.44966666666666666       -35.670173792080824
0.4497333333333333        -35.67022258879963
0.4498                    -35.670237899277296
0.4498666666666667        -35.670297933191236
0.44993333333333335       -35.670399397378006
0.45                      -35.67048762005329
0.45006666666666667       -35.670524122607745
0.45013333333333333       -35.670537317437564
0.4502                    -35.670615619778175
0.4502666666666667        -35.670844586332514
0.45033333333333336       -35.67123238256715
0.4504                    -35.6716817730467
0.4504666666666667        -35.67204060472653
0.45053333333333334       -35.67221068626553
0.4506                    -35.672249298099075
0.45066666666666666       -35.6723896126104
0.4507333333333334        -35.672946439176314
0.45080000000000003       -35.67414248427907
0.4508666666666667        -35.67594794959455
0.45093333333333335       -35.67803573547779
0.451                     -35.67990360382537
0.45106666666666667       -35.681124758576345
0.45113333333333333       -35.68160605672368
0.4512                    -35.68170793829053
0.4512666666666667        -35.68213570485461
0.45133333333333336       -35.68362647316994
0.4514                    -35.68657101205269
0.4514666666666667        -35.69076152687684
0.45153333333333334       -35.695413181987455
0.4516                    -35.69948294618655
0.45166666666666666       -35.702158339203955
0.4517333333333334        -35.703285085270494
0.45180000000000003       -35.70350869816167
0.4518666666666667        -35.70403171698228
0.45193333333333335       -35.70607737367756
0.452                     -35.71030319817966
0.45206666666666667       -35.71644537557643
0.45213333333333333       -35.723378680272184
0.4522                    -35.72958987315674
0.4522666666666667        -35.733864057126404
0.45233333333333337       -35.73586543650939
0.4524                    -35.73632536081742
0.4524666666666667        -35.73673141651324
0.45253333333333334       -35.73865393453066
0.4526                    -35.74302240944665
0.45266666666666666       -35.74968727765026
0.4527333333333334        -35.757470670843986
0.45280000000000004       -35.764688571261985
0.4528666666666667        -35.76991025387093
0.45293333333333335       -35.77260393123508
0.453                     -35.773364239684796
0.4530666666666667        -35.773617032844044
0.45313333333333333       -35.77495022338664
0.4532                    -35.77839197143513
0.4532666666666667        -35.7839673991995
0.45333333333333337       -35.79072285853987
0.4534                    -35.79718921650728
0.4534666666666667        -35.80205870074798
0.45353333333333334       -35.80475759693505
0.4536                    -35.8056544531988
0.45366666666666666       -35.80582646826231
0.4537333333333333        -35.80652134587763
0.45380000000000004       -35.808585747642354
0.4538666666666667        -35.81212406692276
0.45393333333333336       -35.81652203603315
0.454                     -35.82079185034823
0.4540666666666667        -35.82405236555759
0.45413333333333333       -35.82591069226118
0.4542                    -35.826577662515824
0.4542666666666667        -35.82669216971291
0.45433333333333337       -35.82697184072279
0.4544                    -35.82787705817714
0.4544666666666667        -35.82944489096852
0.45453333333333334       -35.831347002685064
0.4546                    -35.833110484047786
0.45466666666666666       -35.83436991451202
0.4547333333333333        -35.83502219521641
0.45480000000000004       -35.83522334007034
0.4548666666666667        -35.83525661027948
0.45493333333333336       -35.83536370056208
0.455                     -35.835635014842545
0.4550666666666667        -35.83600675890344
0.45513333333333333       -35.83634525313006
0.4552                    -35.83655245298493
0.4552666666666667        -35.836624950184095
0.45533333333333337       -35.83663771018597
0.4554                    -35.83667591647947
0.4554666666666667        -35.836770102628236
0.45553333333333335       -35.83688258080795
0.4556                    -35.8369538202469
0.45566666666666666       -35.83697288122709
0.4557333333333333        -35.837016218667806
0.45580000000000004       -35.837218255213095
0.4558666666666667        -35.83768402948357
0.45593333333333336       -35.838398910282244
0.456                     -35.83920233972733
0.4560666666666667        -35.83986025139056
0.45613333333333334       -35.840209905303354
0.4562                    -35.84029697292466
0.4562666666666667        -35.84041353137622
0.45633333333333337       -35.84099074867487
0.45640000000000003       -35.84238135142009
0.4564666666666667        -35.84463967207648
0.45653333333333335       -35.84742710724686
0.4566                    -35.850120245271
0.45666666666666667       -35.85209691688499
0.4567333333333333        -35.85307154495662
0.45680000000000004       -35.85330370936636
0.4568666666666667        -35.853548476314195
0.45693333333333336       -35.85474048727805
0.457                     -35.85754467598263
0.4570666666666667        -35.86198944669084
0.45713333333333334       -35.86737708469269
0.4572                    -35.872545829629495
0.4572666666666667        -35.87638902158256
0.45733333333333337       -35.87839676084944
0.45740000000000003       -35.878950517119854
0.4574666666666667        -35.87920391457215
0.45753333333333335       -35.8805813301626
0.4576                    -35.88411775917057
0.45766666666666667       -35.889948726865704
0.4577333333333333        -35.897198109915664
0.45780000000000004       -35.904335005526555
0.4578666666666667        -35.90985404678649
0.45793333333333336       -35.912971066684904
0.458                     -35.914001494467506
0.4580666666666667        -35.91423049474938
0.45813333333333334       -35.91532882164187
0.4582                    -35.91858794719378
0.45826666666666666       -35.92432966202987
0.45833333333333337       -35.931758778220846
0.45840000000000003       -35.93932374074001
0.4584666666666667        -35.9454198972996
0.45853333333333335       -35.9491109973287
0.4586                    -35.950532641532554
0.45866666666666667       -35.950793576642695
0.4587333333333333        -35.951435404733985
0.45880000000000004       -35.95371921867011
0.4588666666666667        -35.9580740854055
0.45893333333333336       -35.963948045464726
0.459                     -35.97010708519147
0.4590666666666667        -35.97522393451879
0.45913333333333334       -35.97847351031248
0.4592                    -35.97986064592459
0.45926666666666666       -35.98014562991223
0.45933333333333337       -35.98043291854841
0.45940000000000003       -35.98164296173398
0.4594666666666667        -35.984121377279166
0.45953333333333335       -35.98755015277243
0.4596                    -35.99116948925795
0.45966666666666667       -35.99417489248769
0.4597333333333333        -35.9960860699488
0.45980000000000004       -35.996918220901684
0.4598666666666667        -35.99709951819748
0.45993333333333336       -35.997208421981355
0.46                      -35.9976828231557
0.4600666666666667        -35.99864546766334
0.46013333333333334       -35.999911670887606
0.4602                    -36.001145085940614
0.46026666666666666       -36.002058304594804
0.46033333333333337       -36.002548297593876
0.46040000000000003       -36.00270827359316
0.4604666666666667        -36.00273315884213
0.46053333333333335       -36.002791282512945
0.4606                    -36.00294153355415
0.46066666666666667       -36.00313559847748
0.46073333333333333       -36.003287537538284
0.46080000000000004       -36.003353743366176
0.4608666666666667        -36.00336713857347
0.46093333333333336       -36.00340647191234
0.461                     -36.003528762514755
0.4610666666666667        -36.00371895173506
0.46113333333333334       -36.00389872667802
0.4612                    -36.00399420071399
0.46126666666666666       -36.00401739752212
0.4613333333333334        -36.004099717567314
0.46140000000000003       -36.0044406408121
0.4614666666666667        -36.00518914509309
0.46153333333333335       -36.00632575933921
0.4616                    -36.00762629040906
0.46166666666666667       -36.00875073704361
0.46173333333333333       -36.00942914510068
0.46180000000000004       -36.00964954194039
0.4618666666666667        -36.009733566082026
0.46193333333333336       -36.010232287206144
0.462                     -36.01166912998807
0.4620666666666667        -36.01424895899458
0.46213333333333334       -36.01768936905028
0.4622                    -36.021285967566264
0.46226666666666666       -36.02421267025179
0.4623333333333334        -36.02593126164429
0.46240000000000003       -36.02650797328068
0.4624666666666667        -36.02665852151621
0.46253333333333335       -36.027466983922466
0.4626                    -36.02988899502206
0.46266666666666667       -36.0342691651682
0.46273333333333333       -36.04011313480634
0.4628                    -36.04624813131722
0.4628666666666667        -36.05132692215874
0.46293333333333336       -36.05445674729766
0.463                     -36.055653098604964
0.4630666666666667        -36.055882826403796
0.46313333333333334       -36.0566531743652
0.4632                    -36.059326705958604
0.46326666666666666       -36.06447919564539
0.4633333333333334        -36.07160250230186
0.46340000000000003       -36.07930041240027
0.4634666666666667        -36.085902226096835
0.46353333333333335       -36.09022063249029
0.4636                    -36.09209969584649
0.46366666666666667       -36.09248798153807
0.46373333333333333       -36.09299876298672
0.4638                    -36.09516743842597
0.4638666666666667        -36.09975519779899
0.46393333333333336       -36.10641582105943
0.464                     -36.11386881535455
0.4640666666666667        -36.12049160620341
0.46413333333333334       -36.1250539880946
0.4642                    -36.127253252531425
0.46426666666666666       -36.12780600985501
0.4643333333333334        -36.128070648924
0.46440000000000003       -36.12939934046574
0.4644666666666667        -36.13253356107591
0.46453333333333335       -36.13731465282167
0.4646                    -36.14281820410363
0.4646666666666667        -36.147822635381715
0.46473333333333333       -36.151376266998355
0.4648                    -36.15319559994779
0.4648666666666667        -36.153723675085764
0.46493333333333337       -36.1538516151775
0.465                     -36.15446669504186
0.4650666666666667        -36.15605574040421
0.46513333333333334       -36.15854082108193
0.4652                    -36.16139484521575
0.46526666666666666       -36.16394815250894
0.4653333333333334        -36.165717582965996
0.46540000000000004       -36.16659885055251
0.4654666666666667        -36.16684936014032
0.46553333333333335       -36.16690167633965
0.4656                    -36.167126559613436
0.4656666666666667        -36.16767176306671
0.46573333333333333       -36.16844422707517
0.4658                    -36.16921847483973
0.4658666666666667        -36.16979072224812
0.46593333333333337       -36.17008708835491
0.466                     -36.170174905664624
0.4660666666666667        -36.17018972116552
0.46613333333333334       -36.17023804032598
0.4662                    -36.17034116554156
0.46626666666666666       -36.1704500146903
0.4663333333333334        -36.17051028693207
0.46640000000000004       -36.17052467932421
0.4664666666666667        -36.17056403935802
0.46653333333333336       -36.17071770364091
0.4666                    -36.17101879579068
0.4666666666666667        -36.171402124374474
0.46673333333333333       -36.17173458817994
0.4668                    -36.17191001198566
0.4668666666666667        -36.17195181917397
0.46693333333333337       -36.17205053076495
0.467                     -36.17249380434442
0.4670666666666667        -36.17351063650599
0.46713333333333334       -36.17511168745584
0.4672                    -36.177026104528565
0.46726666666666666       -36.17879481359701
0.4673333333333333        -36.179996815169225
0.46740000000000004       -36.18050144744477
0.4674666666666667        -36.1806053622791
0.46753333333333336       -36.180956090183074
0.4676                    -36.1822699806374
0.4676666666666667        -36.18496721594127
0.46773333333333333       -36.18890731481107
0.4678                    -36.19337817467607
0.4678666666666667        -36.19737806223333
0.46793333333333337       -36.20008207343265
0.468                     -36.20127453871832
0.4680666666666667        -36.201521111777154
0.46813333333333335       -36.20196697188994
0.4682                    -36.20383063587097
0.46826666666666666       -36.207821206147656
0.4683333333333333        -36.21375781587771
0.46840000000000004       -36.2205882437428
0.4684666666666667        -36.226825007795775
0.46853333333333336       -36.23121763026182
0.4686                    -36.233350743958454
0.4686666666666667        -36.23387279351883
0.46873333333333334       -36.23422801886649
0.4688                    -36.23600559194228
0.4688666666666667        -36.24020688567719
0.46893333333333337       -36.24677123361749
0.46900000000000003       -36.25458177806244
0.4690666666666667        -36.261956099117086
0.46913333333333335       -36.26740379086667
0.4692                    -36.27030179812806
0.46926666666666667       -36.27116842064285
0.4693333333333333        -36.27140716859808
0.46940000000000004       -36.272648850190784
0.4694666666666667        -36.27600787610898
0.46953333333333336       -36.28159557408757
0.4696                    -36.28850122661896
0.4696666666666667        -36.2952335353674
0.46973333333333334       -36.30040809732796
0.4698                    -36.303358279175086
0.4698666666666667        -36.304389818548124
0.46993333333333337       -36.30457787664551
0.47000000000000003       -36.30522841189189
0.4700666666666667        -36.307276218821336
0.47013333333333335       -36.31089950931295
0.4702                    -36.31550760033195
0.47026666666666667       -36.32007562195067
0.4703333333333333        -36.32364433374117
0.47040000000000004       -36.32574101453832
0.4704666666666667        -36.32653366170632
0.47053333333333336       -36.32667397241894
0.4706                    -36.32693815927959
0.4706666666666667        -36.327859228469656
0.47073333333333334       -36.32952442838151
0.4708                    -36.331610231644866
0.4708666666666667        -36.333604208230724
0.47093333333333337       -36.33507998470646
0.47100000000000003       -36.33588380253777
0.4710666666666667        -36.33615505360019
0.47113333333333335       -36.33619862864975
0.4712                    -36.33630034524947
0.47126666666666667       -36.33659159342158
0.4713333333333333        -36.33702537075699
0.47140000000000004       -36.33745490201158
0.4714666666666667        -36.337750473992614
0.47153333333333336       -36.33787893635602
0.4716                    -36.33790469228178
0.4716666666666667        -36.337925763285746
0.47173333333333334       -36.337998449390405
0.4718                    -36.33810567538215
0.47186666666666666       -36.33818908327326
0.47193333333333337       -36.33821792132605
0.47200000000000003       -36.33824023221521
0.4720666666666667        -36.338372389234294
0.47213333333333335       -36.33872564623996
0.4722                    -36.33931563029024
0.47226666666666667       -36.34002073916521
0.4723333333333333        -36.340632089375205
0.47240000000000004       -36.34098157355361
0.4724666666666667        -36.34107834320022
0.47253333333333336       -36.34116424470471
0.4726                    -36.3416335466785
0.4726666666666667        -36.34283752632733
0.47273333333333334       -36.34486902895659
0.4728                    -36.34745107366236
0.47286666666666666       -36.350014346849
0.47293333333333337       -36.351954351121876
0.47300000000000003       -36.35295529600685
0.4730666666666667        -36.35321200463681
0.47313333333333335       -36.35341263925111
0.4732                    -36.354457813136875
0.47326666666666667       -36.357030579785814
0.47333333333333333       -36.36122264743538
0.47340000000000004       -36.366414364492265
0.4734666666666667        -36.371497619175784
0.47353333333333336       -36.375366848793306
0.4736                    -36.37745878785011
0.4736666666666667        -36.37807354047525
0.47373333333333334       -36.3782971037984
0.4738                    -36.37953525103333
0.47386666666666666       -36.38286383720217
0.4739333333333334        -36.388498937789585
0.47400000000000003       -36.39564447759286
0.4740666666666667        -36.40280832368735
0.47413333333333335       -36.408461901281136
0.4742                    -36.411746677066155
0.47426666666666667       -36.412890318598244
0.47433333333333333       -36.41312216785793
0.47440000000000004       -36.41411813970377
0.4744666666666667        -36.4172336070405
0.47453333333333336       -36.422880962751016
0.4746                    -36.430336688057416
0.4746666666666667        -36.438065290188945
0.47473333333333334       -36.44441337791284
0.4748                    -36.448354918662325
0.47486666666666666       -36.4499399706152
0.4749333333333334        -36.45023941324902
0.47500000000000003       -36.450823583786615
0.4750666666666667        -36.4530339724021
0.47513333333333335       -36.45739116798587
0.4752                    -36.46340023875005
0.47526666666666667       -36.4698213493113
0.47533333333333333       -36.475261371270356
0.4754                    -36.4788020848006
0.4754666666666667        -36.48037414431406
0.47553333333333336       -36.48071862964275
0.4756                    -36.48098339634894
0.4756666666666667        -36.482171287437104
0.47573333333333334       -36.48470749083701
0.4758                    -36.488311977132106
0.47586666666666666       -36.4922043340884
0.4759333333333334        -36.495513105409366
0.47600000000000003       -36.497679155740414
0.4760666666666667        -36.49866562688957
0.47613333333333335       -36.49889865754322
0.4762                    -36.49900169081478
0.47626666666666667       -36.49947865081525
0.47633333333333333       -36.50050512484548
0.4764                    -36.50191126553522
0.4764666666666667        -36.50333382247001
0.47653333333333336       -36.50443427775294
0.4766                    -36.50506239495918
0.4766666666666667        -36.50529129626191
0.47673333333333334       -36.50532952740226
0.4768                    -36.505380782531866
0.47686666666666666       -36.50553881409132
0.4769333333333334        -36.50577031564134
0.47700000000000004       -36.505978579573444
0.4770666666666667        -36.50609322820665
0.47713333333333335       -36.506123007763435
0.4772                    -36.50614083281956
0.4772666666666667        -36.50621960681938
0.47733333333333333       -36.50637104417676
0.4774                    -36.506536267405345
0.4774666666666667        -36.50663923918047
0.47753333333333337       -36.506667187901975
0.4776                    -36.506717685301695
0.4776666666666667        -36.506968207400526
0.47773333333333334       -36.507573403664296
0.4778                    -36.508547962688624
0.47786666666666666       -36.50971427357896
0.4779333333333334        -36.510766238311476
0.47800000000000004       -36.51143465016285
0.4780666666666667        -36.51167141206484
0.47813333333333335       -36.511741771124655
0.4782                    -36.51214936937328
0.4782666666666667        -36.51340576371037
0.47833333333333333       -36.51574884579408
0.4784                    -36.51896019163694
0.4784666666666667        -36.52239915636081
0.47853333333333337       -36.52527017527844
0.4786                    -36.52701491342069
0.4786666666666667        -36.527637237562544
0.47873333333333334       -36.527779303409616
0.4788                    -36.52847850283874
0.47886666666666666       -36.53069588858497
0.4789333333333334        -36.53483262636347
0.47900000000000004       -36.54047486798315
0.4790666666666667        -36.546514054790215
0.47913333333333336       -36.55161763538367
0.4792                    -36.55484927641443
0.4792666666666667        -36.55614406546369
0.47933333333333333       -36.55639285514243
0.4794                    -36.55707088977902
0.4794666666666667        -36.55956991709553
0.47953333333333337       -36.56454205229488
0.4796                    -36.57156451851061
0.4796666666666667        -36.579292125669795
0.47973333333333334       -36.58604396979464
0.4798                    -36.59056523902376
0.47986666666666666       -36.592609040454846
0.4799333333333333        -36.59305624442205
0.48000000000000004       -36.59351075272457
0.4800666666666667        -36.59556203120744
0.48013333333333336       -36.60006168017024
0.4802                    -36.606744858343696
0.4802666666666667        -36.61436222729417
0.48033333333333333       -36.62125557171316
0.4804                    -36.62610918928887
0.4804666666666667        -36.62852763693641
0.48053333333333337       -36.62917417594486
0.4806                    -36.62941964782285
0.4806666666666667        -36.63068739839539
0.48073333333333335       -36.63381262814952
0.4808                    -36.63870633742991
0.48086666666666666       -36.64445558396039
0.4809333333333333        -36.64978687862486
0.48100000000000004       -36.65365938447395
0.4810666666666667        -36.65570743729121
0.48113333333333336       -36.656338672738194
0.4812                    -36.65647082670056
0.4812666666666667        -36.657063825720286
0.48133333333333334       -36.658685444988606
0.4814                    -36.661307185604876
0.4814666666666667        -36.66439747344316
0.48153333333333337       -36.667233312663065
0.48160000000000003       -36.66925804034698
0.4816666666666667        -36.67031053497336
0.48173333333333335       -36.6706340445132
0.4818                    -36.6706924393891
0.48186666666666667       -36.670913191126616
0.4819333333333333        -36.67149534360707
0.48200000000000004       -36.67236668263736
0.4820666666666667        -36.67328513390097
0.48213333333333336       -36.6740058651304
0.4822                    -36.67441383411878
0.4822666666666667        -36.67455674492584
0.48233333333333334       -36.67457950189365
0.4824                    -36.674617427865016
0.4824666666666667        -36.674720511802164
0.48253333333333337       -36.67485069533412
0.48260000000000003       -36.67494176016491
0.4826666666666667        -36.674971047168626
0.48273333333333335       -36.67498852975976
0.4828                    -36.67508216200849
0.48286666666666667       -36.67530576497876
0.4829333333333333        -36.67562508137316
0.48300000000000004       -36.675928675519664
0.4830666666666667        -36.67610733508547
0.48313333333333336       -36.67615528883397
0.4832                    -36.67622232328871
0.4832666666666667        -36.676567108042654
0.48333333333333334       -36.677420299792885
0.4834                    -36.67882799343228
0.4834666666666667        -36.68057275630004
0.48353333333333337       -36.68223951025786
0.48360000000000003       -36.68341713290016
0.4836666666666667        -36.68394269254607
0.48373333333333335       -36.68405279873281
0.4838                    -36.684337591731875
0.48386666666666667       -36.68548956358913
0.4839333333333333        -36.68795338410975
0.48400000000000004       -36.691651604347335
0.4840666666666667        -36.69594329637658
0.48413333333333336       -36.69986986502324
0.4842                    -36.70259818815024
0.4842666666666667        -36.703855580939624
0.48433333333333334       -36.70413020833352
0.4844                    -36.7045092379678
0.48446666666666666       -36.70620339501276
0.48453333333333337       -36.70996960856245
0.48460000000000003       -36.715707461260585
0.4846666666666667        -36.72243760415392
0.48473333333333335       -36.7287003710253
0.4848                    -36.73321263649953
0.48486666666666667       -36.73548157709858
0.4849333333333333        -36.73607295048528
0.48500000000000004       -36.73638610534371
0.4850666666666667        -36.73802691427317
0.48513333333333336       -36.74206730324633
0.4852                    -36.74853580434836
0.4852666666666667        -36.75637827359701
0.48533333333333334       -36.763915865055125
0.4854                    -36.769599350382535
0.48546666666666666       -36.772713366685224
0.4855333333333334        -36.773697356774775
0.48560000000000003       -36.773929946915146
0.4856666666666667        -36.77508391770721
0.48573333333333335       -36.77836144029185
0.4858                    -36.78396346681075
0.48586666666666667       -36.79102587166596
0.48593333333333333       -36.798037074200316
0.48600000000000004       -36.803534835252286
0.4860666666666667        -36.80675555559305
0.48613333333333336       -36.807937148919535
0.4862                    -36.80814935143515
0.4862666666666667        -36.80875651449201
0.48633333333333334       -36.810785384089186
0.4864                    -36.8144937763492
0.48646666666666666       -36.81931956186936
0.4865333333333334        -36.82420242216709
0.48660000000000003       -36.82810228458194
0.4866666666666667        -36.83046067245644
0.48673333333333335       -36.831396496615504
0.4868                    -36.83157079124288
0.48686666666666667       -36.831819416793806
0.48693333333333333       -36.832753081689624
0.48700000000000004       -36.834515819030415
0.4870666666666667        -36.836793805328234
0.48713333333333336       -36.83903586892367
0.4872                    -36.84075097413149
0.4872666666666667        -36.84172838112125
0.48733333333333334       -36.842085106863216
0.4874                    -36.84214533303023
0.48746666666666666       -36.84224113881366
0.4875333333333334        -36.8425503056623
0.48760000000000003       -36.843048479606885
0.4876666666666667        -36.84357912885068
0.48773333333333335       -36.84398007343209
0.4878                    -36.844184019312884
0.48786666666666667       -36.844239175297375
0.48793333333333333       -36.84425248279506
0.48800000000000004       -36.84430578106564
0.4880666666666667        -36.8444060825331
0.48813333333333336       -36.844501464108255
0.4882                    -36.844545600998174
0.4882666666666667        -36.8445591166989
0.48833333333333334       -36.84463760556278
0.4884                    -36.84489357691684
0.48846666666666666       -36.845368372673015
0.4885333333333334        -36.845977621236855
0.48860000000000003       -36.846539626217776
0.4886666666666667        -36.84688559947823
0.48873333333333335       -36.84699308727921
0.4888                    -36.84705627930893
0.48886666666666667       -36.84743144832877
0.48893333333333333       -36.848464241850316
0.489                     -36.85028091363213
0.4890666666666667        -36.852662677653804
0.48913333333333336       -36.85509429570978
0.4892                    -36.85699231923901
0.4892666666666667        -36.85801578732233
0.48933333333333334       -36.858298912446145
0.4894                    -36.85846415923174
0.48946666666666666       -36.859375903704326
0.4895333333333334        -36.861730950239775
0.48960000000000004       -36.865680031777465
0.4896666666666667        -36.870679451240946
0.48973333333333335       -36.875675721430866
0.4898                    -36.87956777817245
0.4898666666666667        -36.88174296092975
0.48993333333333333       -36.88242251013455
0.49                      -36.88262471617584
0.4900666666666667        -36.88373443144417
0.49013333333333337       -36.88686528400096
0.4902                    -36.89231173721923
0.4902666666666667        -36.89935754995564
0.49033333333333334       -36.90655097471938
0.4904                    -36.91234253845751
0.49046666666666666       -36.91580087112145
0.4905333333333334        -36.917065720104915
0.49060000000000004       -36.917308984717664
0.4906666666666667        -36.91820984171905
0.49073333333333335       -36.92118673684019
0.4908                    -36.92674358051637
0.4908666666666667        -36.9342307690549
0.49093333333333333       -36.94213113952461
0.491                     -36.948743338478025
0.4910666666666667        -36.95295003165026
0.49113333333333337       -36.95471244737891
0.4912                    -36.955060258700215
0.4912666666666667        -36.95559110812827
0.49133333333333334       -36.95772841991838
0.4914                    -36.96208831858628
0.49146666666666666       -36.96823752855597
0.4915333333333334        -36.97493325886274
0.49160000000000004       -36.98071591447332
0.4916666666666667        -36.984570006484226
0.49173333333333336       -36.98634619487453
0.4918                    -36.98676174355741
0.4918666666666667        -36.987006928354376
0.49193333333333333       -36.98817027965347
0.492                     -36.99076264098932
0.4920666666666667        -36.994547941213995
0.49213333333333337       -36.9987280743186
0.4922                    -37.00236293700926
0.4922666666666667        -37.0048089601588
0.49233333333333335       -37.00597042694564
0.4924                    -37.006266785996104
0.49246666666666666       -37.00636623775508
0.4925333333333334        -37.006843004062766
0.49260000000000004       -37.007932114156205
0.4926666666666667        -37.009484224421016
0.49273333333333336       -37.01111113997744
0.4928                    -37.01242057669641
0.4928666666666667        -37.013209230432516
0.49293333333333333       -37.01352407464104
0.493                     -37.013584045453996
0.4930666666666667        -37.01362932226491
0.49313333333333337       -37.013793262545974
0.4932                    -37.014063393886815
0.4932666666666667        -37.014336143247974
0.49333333333333335       -37.014514401098815
0.4934                    -37.01457901676547
0.49346666666666666       -37.01459164118204
0.4935333333333333        -37.01463680652352
0.49360000000000004       -37.014752114790014
0.4936666666666667        -37.014900994160016
0.49373333333333336       -37.01501029436518
0.4938                    -37.01504695302121
0.4938666666666667        -37.01507630400503
0.49393333333333334       -37.01525168635695
0.494                     -37.01572872567319
0.4940666666666667        -37.016551503270335
0.49413333333333337       -37.01758665755899
0.49420000000000003       -37.01856332056054
0.4942666666666667        -37.01921733863054
0.49433333333333335       -37.0194695423244
0.4944                    -37.01953197383827
0.49446666666666667       -37.01986055268003
0.4945333333333333        -37.02095139551848
0.49460000000000004       -37.0230704346549
0.4946666666666667        -37.02605935342497
0.49473333333333336       -37.029340408144705
0.4948                    -37.032151101566775
0.4948666666666667        -37.03391757333387
0.49493333333333334       -37.03458560981698
0.495                     -37.0347256665668
0.4950666666666667        -37.03532711434506
0.49513333333333337       -37.03735277985923
0.49520000000000003       -37.04125639511999
0.4952666666666667        -37.046702268329994
0.49533333333333335       -37.05264636218154
0.4954                    -37.057773401758915
0.49546666666666667       -37.06110683640811
0.4955333333333333        -37.06250364850941
0.49560000000000004       -37.06277885443874
0.4956666666666667        -37.06337393722359
0.49573333333333336       -37.06570740101063
0.4958                    -37.07050608536444
0.4958666666666667        -37.077432629530506
0.49593333333333334       -37.08519439717399
0.496                     -37.09210219541643
0.4960666666666667        -37.09683466435567
0.49613333333333337       -37.09905320042337
0.49620000000000003       -37.0995689158385
0.4962666666666667        -37.09997430265477
0.49633333333333335       -37.10191231294421
0.4964                    -37.106326461352445
0.49646666666666667       -37.11303628514045
0.4965333333333333        -37.120826531012526
0.49660000000000004       -37.128004436557156
0.4966666666666667        -37.13316708134299
0.49673333333333336       -37.13582227900126
0.4968                    -37.13657558888296
0.4968666666666667        -37.13680797177565
0.49693333333333334       -37.138015090547405
0.497                     -37.14113019501505
0.4970666666666667        -37.14613949778547
0.49713333333333337       -37.15214558667357
0.49720000000000003       -37.15782344199348
0.4972666666666667        -37.16203927902092
0.49733333333333335       -37.16433894800129
0.4974                    -37.165088893608605
0.49746666666666667       -37.16523113553893
0.4975333333333333        -37.16580061745362
0.49760000000000004       -37.16745204125611
0.4976666666666667        -37.17021306515449
0.49773333333333336       -37.17355184014308
0.4978                    -37.17669162726269
0.4978666666666667        -37.17899738157461
0.49793333333333334       -37.180244175511
0.498                     -37.18065548000154
0.49806666666666666       -37.18072494158996
0.4981333333333334        -37.180939959534285
0.49820000000000003       -37.18155712633861
0.4982666666666667        -37.182531210960555
0.49833333333333335       -37.183606529803654
0.4984                    -37.18449564303441
0.49846666666666667       -37.18503715420739
0.49853333333333333       -37.1852530395073
0.49860000000000004       -37.18529366135565
0.4986666666666667        -37.18532334605472
0.49873333333333336       -37.18542478088201
0.4988                    -37.18557656508438
0.4988666666666667        -37.185704853571984
0.49893333333333334       -37.185762395046154
0.499                     -37.18577523715985
0.49906666666666666       -37.18582479489443
0.4991333333333334        -37.18598109346211
0.49920000000000003       -37.18623933611794
0.4992666666666667        -37.18651202652546
0.49933333333333335       -37.18669168494398
0.4994                    -37.18674806136454
0.49946666666666667       -37.186792377775085
0.49953333333333333       -37.187052819499556
0.49960000000000004       -37.18775735822788
0.4996666666666667        -37.188982619134265
0.49973333333333336       -37.19056167742542
0.4998                    -37.19212403588693
0.4998666666666667        -37.19327222837971
0.49993333333333334       -37.19381607680325
0.5                       -37.193935840378614
0.5000666666666667        -37.19416478613154
0.5001333333333333        -37.19516872224517
0.5002                    -37.19741216076643
0.5002666666666666        -37.20087658852734
0.5003333333333333        -37.20499070735677
0.5004                    -37.208840737619866
0.5004666666666666        -37.21158927749347
0.5005333333333333        -37.21291075487491
0.5006                    -37.21321809718438
0.5006666666666667        -37.21353987234204
0.5007333333333334        -37.215076158273526
0.5008                    -37.2186282507325
0.5008666666666667        -37.22417391250863
0.5009333333333333        -37.23080660505462
0.501                     -37.237096410286256
0.5010666666666667        -37.24173021811004
0.5011333333333334        -37.24413957085016
0.5012000000000001        -37.244807575588005
0.5012666666666667        -37.24508716184944
0.5013333333333334        -37.24659897795782
0.5014000000000001        -37.25048450323705
0.5014666666666667        -37.25686206331077
0.5015333333333334        -37.264742057792034
0.5016                    -37.27245108495724
0.5016666666666667        -37.27838165047786
0.5017333333333334        -37.28172467242785
0.5018                    -37.282837941002214
0.5018666666666667        -37.283072609689334
0.5019333333333333        -37.28414271977417
0.502                     -37.28734009743136
0.5020666666666667        -37.29295912759404
0.5021333333333333        -37.30018615786324
0.5022                    -37.307491154119646
0.5022666666666666        -37.31333251652357
0.5023333333333333        -37.316845174974475
0.5024                    -37.31819380621209
0.5024666666666666        -37.3184391765116
0.5025333333333333        -37.319004331169424
0.5025999999999999        -37.32101219996137
0.5026666666666667        -37.32480647198993
0.5027333333333334        -37.32985888277784
0.5028                    -37.33507533219142
0.5028666666666667        -37.33933190426443
0.5029333333333333        -37.3419779492303
0.503                     -37.343076537403135
0.5030666666666667        -37.343294285713824
0.5031333333333334        -37.343527818140544
0.5032000000000001        -37.3444709894689
0.5032666666666668        -37.34633173654902
0.5033333333333334        -37.34881127601039
0.5034000000000001        -37.35132065462369
0.5034666666666667        -37.353300305619754
0.5035333333333334        -37.35447575246142
0.5036                    -37.35493536481896
0.5036666666666667        -37.35501989672977
0.5037333333333334        -37.3551097447396
0.5038                    -37.355434724062206
0.5038666666666667        -37.355999431491426
0.5039333333333333        -37.35664137905963
0.504                     -37.35716540474177
0.5040666666666667        -37.35746565931255
0.5041333333333333        -37.35756823678772
0.5042                    -37.35758464622476
0.5042666666666666        -37.35762164627264
0.5043333333333333        -37.35771362041933
0.5044                    -37.3578204209568
0.5044666666666666        -37.357884692922624
0.5045333333333333        -37.35790102784941
0.5045999999999999        -37.357941829645355
0.5046666666666667        -37.35811602022641
0.5047333333333334        -37.35848599407398
0.5048                    -37.35900259289978
0.5048666666666667        -37.35951297357832
0.5049333333333333        -37.35985211079893
0.505                     -37.359970809735515
0.5050666666666667        -37.36001833333732
0.5051333333333334        -37.36031215155151
0.5052000000000001        -37.36118840163496
0.5052666666666668        -37.36280183229322
0.5053333333333334        -37.36498843645506
0.5054000000000001        -37.36728686251533
0.5054666666666667        -37.36913781715471
0.5055333333333334        -37.37017995561653
0.5056                    -37.3704908967664
0.5056666666666667        -37.37062866704533
0.5057333333333334        -37.371419406157855
0.5058                    -37.37356957836693
0.5058666666666667        -37.377284893293904
0.5059333333333333        -37.382095587238695
0.506                     -37.387003676750766
0.5060666666666667        -37.39091575601432
0.5061333333333333        -37.393173462684274
0.5062                    -37.39392148995313
0.5062666666666666        -37.39411033554321
0.5063333333333333        -37.39510179467152
0.5064                    -37.398044476161914
0.5064666666666666        -37.40330935169436
0.5065333333333333        -37.410259943669566
0.5065999999999999        -37.417486437203735
0.5066666666666667        -37.423420511180154
0.5067333333333334        -37.427059149136426
0.5068                    -37.42845375423943
0.5068666666666667        -37.42871709744844
0.5069333333333333        -37.42952989361094
0.507                     -37.4323731816856
0.5070666666666667        -37.43784367670734
0.5071333333333333        -37.44536816297324
0.5072000000000001        -37.45345004656136
0.5072666666666668        -37.460340503118246
0.5073333333333334        -37.46482894772326
0.5074000000000001        -37.46678410387355
0.5074666666666667        -37.467190931824625
0.5075333333333334        -37.467673089954644
0.5076                    -37.46973786845177
0.5076666666666667        -37.47410141921995
0.5077333333333334        -37.48039710136426
0.5078                    -37.48738209789357
0.5078666666666667        -37.493529475149806
0.5079333333333333        -37.497721850370134
0.508                     -37.499723559065735
0.5080666666666667        -37.50022313527471
0.5081333333333333        -37.50045233986614
0.5082                    -37.50158906150493
0.5082666666666666        -37.5042364265794
0.5083333333333333        -37.50820876866898
0.5084                    -37.51269340509668
0.5084666666666666        -37.51667973392294
0.5085333333333333        -37.51943369209778
0.5085999999999999        -37.52079332925524
0.5086666666666667        -37.52116632097425
0.5087333333333334        -37.52126530419109
0.5088                    -37.52173933205889
0.5088666666666667        -37.52288998283547
0.5089333333333333        -37.52459460604886
0.509                     -37.52644233960009
0.5090666666666667        -37.52798445725886
0.5091333333333333        -37.52895838147421
0.5092000000000001        -37.52937835746089
0.5092666666666668        -37.529470018940856
0.5093333333333334        -37.52951093383854
0.5094000000000001        -37.529678913929885
0.5094666666666667        -37.52998851921531
0.5095333333333334        -37.53033368288318
0.5096                    -37.53059097030617
0.5096666666666667        -37.530709732360975
0.5097333333333334        -37.5307347600206
0.5098                    -37.53075759155898
0.5098666666666667        -37.53084042667119
0.5099333333333333        -37.5309715946944
0.51                      -37.531085829594446
0.5100666666666667        -37.531134480716155
0.5101333333333333        -37.53115257839867
0.5102                    -37.53126753290007
0.5102666666666666        -37.53163145284557
0.5103333333333333        -37.532313038397504
0.5104                    -37.533220644954945
0.5104666666666666        -37.534119660370266
0.5105333333333333        -37.53475501468967
0.5105999999999999        -37.535021383230024
0.5106666666666666        -37.53508084772287
0.5107333333333334        -37.53534153060076
0.5108                    -37.53628082276581
0.5108666666666667        -37.53818794758222
0.5109333333333334        -37.5409609164342
0.511                     -37.54408395694676
0.5110666666666667        -37.54682996208822
0.5111333333333333        -37.548613872376286
0.5112000000000001        -37.54932748842733
0.5112666666666668        -37.54947140103055
0.5113333333333334        -37.54998577659257
0.5114000000000001        -37.55183183788393
0.5114666666666667        -37.55551216384024
0.5115333333333334        -37.56076702117245
0.5116                    -37.56661717146786
0.5116666666666667        -37.57176700013283
0.5117333333333334        -37.57520279301705
0.5118                    -37.57670547210731
0.5118666666666667        -37.57701429386323
0.5119333333333334        -37.57753534960169
0.512                     -37.579711772339955
0.5120666666666667        -37.584343852616996
0.5121333333333333        -37.59117992980081
0.5122                    -37.598981459103086
0.5122666666666666        -37.606052638947524
0.5123333333333333        -37.61100613013531
0.5124                    -37.613410499927156
0.5124666666666666        -37.614004863277636
0.5125333333333333        -37.61436836984021
0.5126                    -37.616197230831226
0.5126666666666666        -37.620528832745386
0.5127333333333334        -37.627270442195986
0.5128                    -37.63524390683369
0.5128666666666667        -37.64272277737594
0.5129333333333334        -37.648214727035246
0.513                     -37.65112631200553
0.5130666666666667        -37.65200071912643
0.5131333333333333        -37.652226718342284
0.5132000000000001        -37.653373795746255
0.5132666666666668        -37.65647812343973
0.5133333333333334        -37.661607170413546
0.5134000000000001        -37.667883332186044
0.5134666666666667        -37.67393027825006
0.5135333333333334        -37.67851700388033
0.5136000000000001        -37.68109394683894
0.5136666666666667        -37.68198010866449
0.5137333333333334        -37.68213934778116
0.5138                    -37.6826842755807
0.5138666666666667        -37.684363052733325
0.5139333333333334        -37.68726680021803
0.514                     -37.69086795833572
0.5140666666666667        -37.694335618526445
0.5141333333333333        -37.696951084189486
0.5142                    -37.698418054632924
0.5142666666666666        -37.69893406106556
0.5143333333333333        -37.69902074182416
0.5144                    -37.69922877251006
0.5144666666666666        -37.69987899736797
0.5145333333333333        -37.70095986418512
0.5146                    -37.70220550133298
0.5146666666666666        -37.703284432109825
0.5147333333333334        -37.703983494134754
0.5148                    -37.70429237375208
0.5148666666666667        -37.70436249192294
0.5149333333333334        -37.70438703728598
0.515                     -37.70448537731993
0.5150666666666667        -37.704658663988965
0.5151333333333333        -37.704830144375606
0.5152                    -37.70492914955333
0.5152666666666668        -37.70495497568052
0.5153333333333334        -37.70497730387039
0.5154000000000001        -37.705077602869544
0.5154666666666667        -37.705278691592845
0.5155333333333334        -37.70551896829897
0.5156000000000001        -37.70569731506661
0.5156666666666667        -37.7057638037548
0.5157333333333334        -37.7057935254153
0.5158                    -37.70598301083423
0.5158666666666667        -37.70655345682401
0.5159333333333334        -37.7076072043524
0.516                     -37.70902482482451
0.5160666666666667        -37.710480747321846
0.5161333333333333        -37.71159466470403
0.5162                    -37.712153980405816
0.5162666666666667        -37.71228626369489
0.5163333333333333        -37.7124685687241
0.5164                    -37.713337449187634
0.5164666666666666        -37.71537287675624
0.5165333333333333        -37.71861134086386
0.5166                    -37.722549624177255
0.5166666666666666        -37.726320267135584
0.5167333333333334        -37.72908525830791
0.5168                    -37.73047002416037
0.5168666666666667        -37.730814403810854
0.5169333333333334        -37.73108786753464
0.517                     -37.732477240304966
0.5170666666666667        -37.73582503157274
0.5171333333333333        -37.74118514612154
0.5172                    -37.7477238396611
0.5172666666666668        -37.75404270143797
0.5173333333333334        -37.758800974458545
0.5174000000000001        -37.76135605645088
0.5174666666666667        -37.762108256990665
0.5175333333333334        -37.76236261988342
0.5176000000000001        -37.763752938322675
0.5176666666666667        -37.76748965268822
0.5177333333333334        -37.77378181840333
0.5178                    -37.78170632217614
0.5178666666666667        -37.78959689469913
0.5179333333333334        -37.79578791730956
0.518                     -37.799374704322496
0.5180666666666667        -37.8006302791057
0.5181333333333333        -37.80087572620895
0.5182                    -37.80186596018646
0.5182666666666667        -37.80498487937053
0.5183333333333333        -37.810624601233506
0.5184                    -37.81802606608365
0.5184666666666666        -37.82564248277732
0.5185333333333333        -37.83185090211258
0.5186                    -37.83567966941845
0.5186666666666666        -37.83721432319502
0.5187333333333334        -37.83750297257616
0.5188                    -37.83802793443277
0.5188666666666667        -37.84001312999755
0.5189333333333334        -37.84389501000868
0.519                     -37.84918488036239
0.5190666666666667        -37.85475652087074
0.5191333333333333        -37.85939874818819
0.5192                    -37.86236166831283
0.5192666666666668        -37.86364514457046
0.5193333333333334        -37.86391732190953
0.5194000000000001        -37.8641368438962
0.5194666666666667        -37.86508666420296
0.5195333333333334        -37.86704638850266
0.5196000000000001        -37.86973811495946
0.5196666666666667        -37.87253622161191
0.5197333333333334        -37.874808480286305
0.5198                    -37.87620936209648
0.5198666666666667        -37.87679170433082
0.5199333333333334        -37.87690971427306
0.52                      -37.876994133260624
0.5200666666666667        -37.877332787296
0.5201333333333333        -37.87796606350708
0.5202                    -37.87872982435635
0.5202666666666667        -37.87939567708974
0.5203333333333333        -37.879814733604825
0.5204                    -37.87998469042757
0.5204666666666666        -37.880016788654814
0.5205333333333333        -37.880041689858864
0.5206                    -37.88012427756476
0.5206666666666666        -37.880241652538366
0.5207333333333333        -37.8803303185821
0.5208                    -37.88036062761516
0.5208666666666667        -37.88037967857417
0.5209333333333334        -37.8804880420266
0.521                     -37.88076435140044
0.5210666666666667        -37.88119234256939
0.5211333333333333        -37.881649370882194
0.5212                    -37.88197840707569
0.5212666666666668        -37.88210835897172
0.5213333333333334        -37.882146461603256
0.5214000000000001        -37.88237085593056
0.5214666666666667        -37.88310456426605
0.5215333333333334        -37.88452608138821
0.5216000000000001        -37.886522758874946
0.5216666666666667        -37.88868677743308
0.5217333333333334        -37.89048584994645
0.5218                    -37.89154279950911
0.5218666666666667        -37.89188255834666
0.5219333333333334        -37.89200003933207
0.522                     -37.89268136147816
0.5220666666666667        -37.894638834181634
0.5221333333333333        -37.89812931947216
0.5222                    -37.90275503967805
0.5222666666666667        -37.90757427808443
0.5223333333333333        -37.91150418401891
0.5224                    -37.91384409287611
0.5224666666666666        -37.91466428134969
0.5225333333333333        -37.91484738545122
0.5226                    -37.915730232028636
0.5226666666666666        -37.91849396385511
0.5227333333333333        -37.92358449887856
0.5228                    -37.93044519384429
0.5228666666666667        -37.93770959841859
0.5229333333333334        -37.943792255341684
0.523                     -37.94761927316022
0.5230666666666667        -37.9491529787756
0.5231333333333333        -37.94944528494555
0.5232                    -37.95017698022018
0.5232666666666668        -37.95289168112237
0.5233333333333334        -37.958280662399055
0.5234000000000001        -37.96584982679053
0.5234666666666667        -37.974125303998356
0.5235333333333334        -37.981310878493076
0.5236000000000001        -37.98610019130566
0.5236666666666667        -37.98826529940427
0.5237333333333334        -37.98874277309722
0.5238                    -37.989181236561066
0.5238666666666667        -37.991174333631086
0.5239333333333334        -37.99554336522384
0.524                     -38.00199372774155
0.5240666666666667        -38.0092855320165
0.5241333333333333        -38.015823231043534
0.5242                    -38.020382250562754
0.5242666666666667        -38.0226336148482
0.5243333333333333        -38.02323186819239
0.5244                    -38.02344944705946
0.5244666666666666        -38.02455781067147
0.5245333333333333        -38.02725970928171
0.5246                    -38.031426901464414
0.5246666666666666        -38.03623543240513
0.5247333333333333        -38.04060206724595
0.5248                    -38.043695551140864
0.5248666666666667        -38.045279606139026
0.5249333333333334        -38.04574456631918
0.525                     -38.04584713972251
0.5250666666666667        -38.04631614372086
0.5251333333333333        -38.04752746498876
0.5252                    -38.04939195383468
0.5252666666666667        -38.05147868346071
0.5253333333333334        -38.05327971336537
0.5254000000000001        -38.05446652162062
0.5254666666666667        -38.05501342229037
0.5255333333333334        -38.0551485446578
0.5256000000000001        -38.05518756096329
0.5256666666666667        -38.05535777650606
0.5257333333333334        -38.0557074440052
0.5258                    -38.05613290005118
0.5258666666666667        -38.05648516112442
0.5259333333333334        -38.05667855054062
0.526                     -38.05673517081886
0.5260666666666667        -38.05674852690087
0.5261333333333333        -38.056803710244694
0.5262                    -38.056916299071496
0.5262666666666667        -38.057033914490525
0.5263333333333333        -38.05709725732657
0.5264                    -38.05711334543129
0.5264666666666666        -38.05718219415814
0.5265333333333333        -38.057448072252576
0.5266                    -38.05799948856558
0.5266666666666666        -38.05878377344787
0.5267333333333333        -38.05960330850421
0.5268                    -38.06021589109879
0.5268666666666667        -38.060494851049526
0.5269333333333334        -38.06055562611335
0.527                     -38.060758684030226
0.5270666666666667        -38.061559675259645
0.5271333333333333        -38.063266582191
0.5272                    -38.0658300456884
0.5272666666666667        -38.06879524710673
0.5273333333333334        -38.07147257118348
0.5274000000000001        -38.07326982544103
0.5274666666666668        -38.074028738462935
0.5275333333333334        -38.07418185721677
0.5276000000000001        -38.07461912737421
0.5276666666666667        -38.07629707387955
0.5277333333333334        -38.079763687081794
0.5278                    -38.08483315225225
0.5278666666666667        -38.09059125777716
0.5279333333333334        -38.09576418241325
0.528                     -38.09930375424563
0.5280666666666667        -38.100916594789936
0.5281333333333333        -38.10126619739511
0.5282                    -38.101721811985456
0.5282666666666667        -38.1037494516054
0.5283333333333333        -38.10822200247848
0.5284                    -38.1149740548875
0.5284666666666666        -38.12282267117816
0.5285333333333333        -38.13006679536493
0.5286                    -38.13525317508025
0.5286666666666666        -38.13785597155893
0.5287333333333333        -38.1385398671065
0.5287999999999999        -38.13886891282971
0.5288666666666667        -38.140592843891106
0.5289333333333334        -38.14484547517334
0.529                     -38.15162559139657
0.5290666666666667        -38.159795225886946
0.5291333333333333        -38.16759474927966
0.5292                    -38.17343959630207
0.5292666666666667        -38.17662988920246
0.5293333333333334        -38.17764139061549
0.5294000000000001        -38.17786845609666
0.5294666666666668        -38.17895643005476
0.5295333333333334        -38.18205002017419
0.5296000000000001        -38.18730462049396
0.5296666666666667        -38.19386694390666
0.5297333333333334        -38.20030929699389
0.5298                    -38.20529850849316
0.5298666666666667        -38.20818188233893
0.5299333333333334        -38.20922415977188
0.53                      -38.20940851133177
0.5300666666666667        -38.20992830060664
0.5301333333333333        -38.2116324261114
0.5302                    -38.214683505355836
0.5302666666666667        -38.21856322967794
0.5303333333333333        -38.2223859954085
0.5304                    -38.22534363313084
0.5304666666666666        -38.2270601379232
0.5305333333333333        -38.2277002967262
0.5306                    -38.227811709866025
0.5306666666666666        -38.22801191526121
0.5307333333333333        -38.22869330321179
0.5307999999999999        -38.22988537129823
0.5308666666666667        -38.23131595365594
0.5309333333333334        -38.2326081898058
0.531                     -38.233491416329045
0.5310666666666667        -38.23391589662398
0.5311333333333333        -38.2340291477199
0.5312                    -38.23405275884146
0.5312666666666667        -38.234146793289334
0.5313333333333334        -38.234341194853556
0.5314000000000001        -38.23456151048348
0.5314666666666668        -38.23471525212055
0.5315333333333334        -38.23477233246648
0.5316000000000001        -38.234785411143136
0.5316666666666667        -38.23484232651414
0.5317333333333334        -38.23499128218968
0.5318                    -38.235198227563686
0.5318666666666667        -38.23537293431666
0.5319333333333334        -38.235450716614224
0.532                     -38.23547324527432
0.5320666666666667        -38.23560454061668
0.5321333333333333        -38.236055163095244
0.5322                    -38.236948419444474
0.5322666666666667        -38.23820925595954
0.5323333333333333        -38.2395571432536
0.5324                    -38.240632181583464
0.5324666666666666        -38.24120401071108
0.5325333333333333        -38.24135115140226
0.5326                    -38.24149524959204
0.5326666666666666        -38.24224128311157
0.5327333333333333        -38.24408055539358
0.5327999999999999        -38.24710078286441
0.5328666666666667        -38.25086527154541
0.5329333333333334        -38.25455420709019
0.533                     -38.25733236011191
0.5330666666666667        -38.258779789555334
0.5331333333333333        -38.25916529313476
0.5332                    -38.25939885364964
0.5332666666666667        -38.260651723755416
0.5333333333333333        -38.26380482323288
0.5334000000000001        -38.26898641937654
0.5334666666666668        -38.27543558452451
0.5335333333333334        -38.28178695261852
0.5336000000000001        -38.28667405646912
0.5336666666666667        -38.2893812352967
0.5337333333333334        -38.29022564274892
0.5338                    -38.29046306958043
0.5338666666666667        -38.291739214000565
0.5339333333333334        -38.29533341026312
0.534                     -38.30154680573387
0.5340666666666667        -38.309524837915
0.5341333333333333        -38.317609791057485
0.5342                    -38.324077500873294
0.5342666666666667        -38.327925171140855
0.5343333333333333        -38.3293375471643
0.5344                    -38.32960307642934
0.5344666666666666        -38.330517624748126
0.5345333333333333        -38.33356028983646
0.5346                    -38.33922586285957
0.5346666666666666        -38.3468142765596
0.5347333333333333        -38.35476345566405
0.5347999999999999        -38.36136645825616
0.5348666666666667        -38.365539114117226
0.5349333333333334        -38.367281301946946
0.535                     -38.36762465170797
0.5350666666666667        -38.36811175175694
0.5351333333333333        -38.370073115662116
0.5352                    -38.37404565565627
0.5352666666666667        -38.37958642704494
0.5353333333333333        -38.38553867869655
0.5354000000000001        -38.39059993892637
0.5354666666666668        -38.393913126087575
0.5355333333333334        -38.39540676188493
0.5356000000000001        -38.395746140271235
0.5356666666666667        -38.39595343504386
0.5357333333333334        -38.39690735383533
0.5358                    -38.39896776495728
0.5358666666666667        -38.401884085694455
0.5359333333333334        -38.40499525581623
0.536                     -38.40759185562649
0.5360666666666667        -38.40924925370549
0.5361333333333334        -38.40997712660913
0.5362                    -38.41013958347256
0.5362666666666667        -38.41021978221025
0.5363333333333333        -38.410570004868624
0.5364                    -38.4112739332257
0.5364666666666666        -38.4121706580741
0.5365333333333333        -38.412998555228555
0.5366                    -38.41356105840079
0.5366666666666666        -38.413820719735284
0.5367333333333333        -38.41388312256549
0.5367999999999999        -38.41390140745882
0.5368666666666667        -38.41397397786379
0.5369333333333334        -38.414100859705414
0.537                     -38.414217708853336
0.5370666666666667        -38.41427285499992
0.5371333333333334        -38.414286253406445
0.5372                    -38.41434539429338
0.5372666666666667        -38.41454014534896
0.5373333333333333        -38.41488450128354
0.5374000000000001        -38.415287055718196
0.5374666666666668        -38.41560283126114
0.5375333333333334        -38.41574369199211
0.5376000000000001        -38.41577792497056
0.5376666666666667        -38.415944087980264
0.5377333333333334        -38.41654873829232
0.5378000000000001        -38.417789512436286
0.5378666666666667        -38.4196016878395
0.5379333333333334        -38.42163046394228
0.538                     -38.423373169777335
0.5380666666666667        -38.424441126371875
0.5381333333333334        -38.424810383005045
0.5382                    -38.4249141307603
0.5382666666666667        -38.42549690146039
0.5383333333333333        -38.427273319190725
0.5384                    -38.43054780788385
0.5384666666666666        -38.434992705677914
0.5385333333333333        -38.439723197214725
0.5386                    -38.44366959121253
0.5386666666666666        -38.44609199005316
0.5387333333333333        -38.44698817541111
0.5388                    -38.447172879138705
0.5388666666666666        -38.44795632320425
0.5389333333333334        -38.45055015719554
0.539                     -38.45547406675325
0.5390666666666667        -38.46225147657765
0.5391333333333334        -38.469560573955846
0.5392                    -38.47580003893667
0.5392666666666667        -38.47982534040242
0.5393333333333333        -38.481508610749145
0.5394000000000001        -38.48183913664867
0.5394666666666668        -38.48249667469006
0.5395333333333334        -38.485088022706776
0.5396000000000001        -38.49040138162925
0.5396666666666667        -38.4980248226985
0.5397333333333334        -38.50650921263867
0.5398000000000001        -38.51401045189363
0.5398666666666667        -38.51912310952863
0.5399333333333334        -38.52151777911219
0.54                      -38.522078769898364
0.5400666666666667        -38.522478981528295
0.5401333333333334        -38.52440166908566
0.5402                    -38.528779246299294
0.5402666666666667        -38.53539508748095
0.5403333333333333        -38.54301517005361
0.5404                    -38.54997347565784
0.5404666666666667        -38.55493202258853
0.5405333333333333        -38.55746067942343
0.5406                    -38.55817433100118
0.5406666666666666        -38.55838550852491
0.5407333333333333        -38.55946421641864
0.5408                    -38.56222112038718
0.5408666666666666        -38.566593144388776
0.5409333333333334        -38.57174854647556
0.541                     -38.57652888791463
0.5410666666666667        -38.57999815616536
0.5411333333333334        -38.58183673008586
0.5412                    -38.58241146345931
0.5412666666666667        -38.58252279087661
0.5413333333333333        -38.58298480321258
0.5414000000000001        -38.5842563085955
0.5414666666666668        -38.58628921812374
0.5415333333333334        -38.58863548116299
0.5416000000000001        -38.59072497043605
0.5416666666666667        -38.592155917596564
0.5417333333333334        -38.59285473065522
0.5418000000000001        -38.59304725686934
0.5418666666666667        -38.59308783838341
0.5419333333333334        -38.593258614957215
0.542                     -38.593648780097915
0.5420666666666667        -38.59416257746605
0.5421333333333334        -38.59462662632409
0.5422                    -38.59491670536164
0.5422666666666667        -38.59502607934833
0.5423333333333333        -38.59504469316533
0.5424                    -38.59507838689607
0.5424666666666667        -38.595172118040956
0.5425333333333333        -38.59529146159418
0.5426                    -38.595371698798225
0.5426666666666666        -38.59539450395658
0.5427333333333333        -38.595431342932386
0.5428                    -38.595614456956206
0.5428666666666666        -38.596047284622585
0.5429333333333334        -38.59671316784399
0.543                     -38.597451945460186
0.5430666666666667        -38.598037846600164
0.5431333333333334        -38.598327582922764
0.5432                    -38.59839334652352
0.5432666666666667        -38.598548303120786
0.5433333333333333        -38.59922360416849
0.5434                    -38.60074166462788
0.5434666666666668        -38.60310213420279
0.5435333333333334        -38.60591004771448
0.5436000000000001        -38.608515167622954
0.5436666666666667        -38.61032197400077
0.5437333333333334        -38.611125849972446
0.5438000000000001        -38.61129310175995
0.5438666666666667        -38.61166261490254
0.5439333333333334        -38.61318343369332
0.544                     -38.616445842775434
0.5440666666666667        -38.62133608665367
0.5441333333333334        -38.627005150499365
0.5442                    -38.632202842841835
0.5442666666666667        -38.63584882236393
0.5443333333333333        -38.63757682485742
0.5444                    -38.63797448311774
0.5444666666666667        -38.63837298721464
0.5445333333333333        -38.64025996353035
0.5446                    -38.644580570214146
0.5446666666666666        -38.65125653403611
0.5447333333333333        -38.65916199894915
0.5448                    -38.6665915723409
0.5448666666666666        -38.67202549008858
0.5449333333333334        -38.674841330981266
0.545                     -38.675626664849844
0.5450666666666667        -38.675928943339436
0.5451333333333334        -38.677552361933564
0.5452                    -38.68173052297242
0.5452666666666667        -38.68855808960076
0.5453333333333333        -38.69694043080811
0.5454                    -38.705084740485695
0.5454666666666668        -38.71131050060218
0.5455333333333334        -38.71480533860341
0.5456000000000001        -38.715972058990225
0.5456666666666667        -38.71620853822984
0.5457333333333334        -38.71723876004922
0.5458000000000001        -38.72032258574619
0.5458666666666667        -38.725710819744585
0.5459333333333334        -38.732579266446955
0.546                     -38.73944840100323
0.5460666666666667        -38.74487700447955
0.5461333333333334        -38.74810047052794
0.5462                    -38.7493217549063
0.5462666666666667        -38.74954077102926
0.5463333333333333        -38.750035352038495
0.5464                    -38.75176342404673
0.5464666666666667        -38.75496807044548
0.5465333333333333        -38.759145654476214
0.5466                    -38.76335514709361
0.5466666666666666        -38.766692313193154
0.5467333333333333        -38.76869211580347
0.5468                    -38.76947901034481
0.5468666666666666        -38.7696242925671
0.5469333333333333        -38.76981632932083
0.547                     -38.77052714432311
0.5470666666666667        -38.77183549587508
0.5471333333333334        -38.77346734831663
0.5472                    -38.77499912946615
0.5472666666666667        -38.77609647201084
0.5473333333333333        -38.77666235994554
0.5474                    -38.776834790529826
0.5474666666666668        -38.77686297618615
0.5475333333333334        -38.77695181060232
0.5476000000000001        -38.77716672692217
0.5476666666666667        -38.7774413547862
0.5477333333333334        -38.77766343278209
0.5478000000000001        -38.777771012464264
0.5478666666666667        -38.77779427928915
0.5479333333333334        -38.7778219904454
0.548                     -38.77792509286212
0.5480666666666667        -38.77809846537912
0.5481333333333334        -38.77826724220056
0.5482                    -38.7783570636022
0.5482666666666667        -38.77837918654932
0.5483333333333333        -38.77846456853665
0.5484                    -38.77880947282736
0.5484666666666667        -38.779553461271114
0.5485333333333333        -38.78066261666487
0.5486                    -38.78190134883509
0.5486666666666666        -38.78293318204314
0.5487333333333333        -38.78351449206961
0.5488                    -38.78367837872808
0.5488666666666666        -38.78379202286719
0.5489333333333333        -38.78442674727663
0.549                     -38.786081314300155
0.5490666666666667        -38.78889105769779
0.5491333333333334        -38.79248424948933
0.5492                    -38.7960898641768
0.5492666666666667        -38.798878549086616
0.5493333333333333        -38.80038834940718
0.5494                    -38.800818946721776
0.5494666666666668        -38.80102056419911
0.5495333333333334        -38.80214689462787
0.5496000000000001        -38.805114881166396
0.5496666666666667        -38.81012568878877
0.5497333333333334        -38.81649127791657
0.5498000000000001        -38.82288059010684
0.5498666666666667        -38.82790288072932
0.5499333333333334        -38.830770003764
0.55                      -38.83171532818541
0.5500666666666667        -38.83194415592823
0.5501333333333334        -38.83311336373802
0.5502                    -38.83657180203977
0.5502666666666667        -38.8427146291322
0.5503333333333333        -38.85075804664833
0.5504                    -38.85905394709385
0.5504666666666667        -38.865818439780774
0.5505333333333333        -38.86994727876911
0.5506                    -38.87153289911967
0.5506666666666666        -38.87182860129781
0.5507333333333333        -38.87267192691577
0.5508                    -38.875641266073224
0.5508666666666666        -38.88133988112027
0.5509333333333333        -38.8891314501235
0.551                     -38.897439752647585
0.5510666666666667        -38.904470302195996
0.5511333333333334        -38.90901937618708
0.5512                    -38.91099386020336
0.5512666666666667        -38.91140494566715
0.5513333333333333        -38.91185710518879
0.5514                    -38.91379413535901
0.5514666666666667        -38.91786218830856
0.5515333333333334        -38.92367083946541
0.5516000000000001        -38.930034239885174
0.5516666666666667        -38.93555376351251
0.5517333333333334        -38.939256023222924
0.5518000000000001        -38.940989076435685
0.5518666666666667        -38.94141062314476
0.5519333333333334        -38.941608285038825
0.552                     -38.94256414788282
0.5520666666666667        -38.94472801983461
0.5521333333333334        -38.94788380127808
0.5522                    -38.95133629741369
0.5522666666666667        -38.9542937775977
0.5523333333333333        -38.95624348062246
0.5524                    -38.95714336638369
0.5524666666666667        -38.957363414324824
0.5525333333333333        -38.95744141314828
0.5526                    -38.95780119949191
0.5526666666666666        -38.958578098091515
0.5527333333333333        -38.95961997131091
0.5528                    -38.96063218819865
0.5528666666666666        -38.961365594917126
0.5529333333333333        -38.961740245424664
0.553                     -38.961850019388294
0.5530666666666667        -38.96186868523226
0.5531333333333334        -38.9619311360917
0.5532                    -38.9620663002452
0.5532666666666667        -38.96221476584755
0.5533333333333333        -38.96230551477146
0.5534                    -38.9623297720572
0.5534666666666667        -38.962357197508396
0.5535333333333334        -38.96248364457386
0.5536000000000001        -38.96275039361266
0.5536666666666668        -38.96309802662406
0.5537333333333334        -38.96339753423946
0.5538000000000001        -38.963548635161835
0.5538666666666667        -38.963583943232315
0.5539333333333334        -38.963702440887985
0.554                     -38.964191103036256
0.5540666666666667        -38.9652622311185
0.5541333333333334        -38.96689558151713
0.5542                    -38.96878871234264
0.5542666666666667        -38.970470954010736
0.5543333333333333        -38.97154624174206
0.5544                    -38.971945437974284
0.5544666666666667        -38.97204146251823
0.5545333333333333        -38.97253591202078
0.5546                    -38.974142496274624
0.5546666666666666        -38.97720987232935
0.5547333333333333        -38.98147872236338
0.5548                    -38.98612163402193
0.5548666666666666        -38.99008434864244
0.5549333333333333        -38.992590414837636
0.5549999999999999        -38.99356678194641
0.5550666666666667        -38.99376025734534
0.5551333333333334        -38.99445315368566
0.5552                    -38.99688612326898
0.5552666666666667        -39.00165192806158
0.5553333333333333        -39.008354506213415
0.5554                    -39.0157177545189
0.5554666666666667        -39.02212519582017
0.5555333333333334        -39.02636119261432
0.5556000000000001        -39.02820605500578
0.5556666666666668        -39.02858462641237
0.5557333333333334        -39.02917500617674
0.5558000000000001        -39.03164860663125
0.5558666666666667        -39.03689373839608
0.5559333333333334        -39.044584113237406
0.556                     -39.0532971471601
0.5560666666666667        -39.06113958089504
0.5561333333333334        -39.06660256352957
0.5562                    -39.069249577707936
0.5562666666666667        -39.0699085584066
0.5563333333333333        -39.07027650178283
0.5564                    -39.07213059039342
0.5564666666666667        -39.07652145311349
0.5565333333333333        -39.083317089089896
0.5566                    -39.0912922253647
0.5566666666666666        -39.09870769164938
0.5567333333333333        -39.10410462764295
0.5568                    -39.10694276048885
0.5568666666666666        -39.10779113728508
0.5569333333333333        -39.108002164152445
0.5569999999999999        -39.10905042827657
0.5570666666666667        -39.111864081730026
0.5571333333333334        -39.11645388296118
0.5572                    -39.121983966521256
0.5572666666666667        -39.12721747438347
0.5573333333333333        -39.131104884257525
0.5574                    -39.13323301051941
0.5574666666666667        -39.13393839413519
0.5575333333333334        -39.13406495829138
0.5576000000000001        -39.13451839671433
0.5576666666666668        -39.135850186629696
0.5577333333333334        -39.138061802456996
0.5578000000000001        -39.140691371196745
0.5578666666666667        -39.14310326351492
0.5579333333333334        -39.14481430019458
0.558                     -39.145694026288766
0.5580666666666667        -39.145960557388584
0.5581333333333334        -39.146007369653006
0.5582                    -39.14617723479357
0.5582666666666667        -39.14660830020575
0.5583333333333333        -39.147218943502246
0.5584                    -39.14781292632503
0.5584666666666667        -39.14822389605781
0.5585333333333333        -39.14840968600335
0.5586                    -39.14845056587543
0.5586666666666666        -39.14847050980967
0.5587333333333333        -39.14854580509775
0.5588                    -39.14866518889741
0.5588666666666666        -39.14876411319368
0.5589333333333333        -39.1488019881285
0.5589999999999999        -39.14882087277228
0.5590666666666667        -39.148936885969604
0.5591333333333334        -39.14926340768365
0.5592                    -39.14981659146705
0.5592666666666667        -39.15047393753364
0.5593333333333333        -39.151029483432936
0.5594                    -39.15132799396103
0.5594666666666667        -39.15140190296357
0.5595333333333333        -39.15151762632409
0.5596000000000001        -39.15207929807692
0.5596666666666668        -39.15341963792299
0.5597333333333334        -39.15558376923043
0.5598000000000001        -39.15823541268138
0.5598666666666667        -39.160765388032786
0.5599333333333334        -39.162578385510784
0.56                      -39.163426960944875
0.5600666666666667        -39.16361294663836
0.5601333333333334        -39.163923510675204
0.5602                    -39.16529778249563
0.5602666666666667        -39.16836560000193
0.5603333333333333        -39.1730836356827
0.5604                    -39.1786681877302
0.5604666666666667        -39.183894179299116
0.5605333333333333        -39.187650872079345
0.5606                    -39.18950008924453
0.5606666666666666        -39.189953372918296
0.5607333333333333        -39.19030292067899
0.5608                    -39.19205732511087
0.5608666666666666        -39.19623438745309
0.5609333333333333        -39.20284430139529
0.5609999999999999        -39.21081971854448
0.5610666666666667        -39.218451251554136
0.5611333333333334        -39.22415113945942
0.5612                    -39.22719739752101
0.5612666666666667        -39.22809747471931
0.5613333333333334        -39.22838106930002
0.5614                    -39.22990868417085
0.5614666666666667        -39.23401815425722
0.5615333333333333        -39.24090515003299
0.5616000000000001        -39.24952160314071
0.5616666666666668        -39.258040837106115
0.5617333333333334        -39.264681460164766
0.5618000000000001        -39.26851134686399
0.5618666666666667        -39.26985417430971
0.5619333333333334        -39.27010951996598
0.562                     -39.271083825371946
0.5620666666666667        -39.274160093933816
0.5621333333333334        -39.2796931161076
0.5622                    -39.28689288290077
0.5622666666666667        -39.29422696288327
0.5623333333333334        -39.300138917043824
0.5624                    -39.30374203240669
0.5624666666666667        -39.30516903941867
0.5625333333333333        -39.30543402768426
0.5626                    -39.305903921047204
0.5626666666666666        -39.30765533965355
0.5627333333333333        -39.31102203053128
0.5628                    -39.31552100104989
0.5628666666666666        -39.32015471999548
0.5629333333333333        -39.32391521700621
0.563                     -39.32623777183481
0.5630666666666667        -39.32719793713961
0.5631333333333334        -39.32738820813819
0.5632                    -39.327572325395444
0.5632666666666667        -39.32831110913227
0.5633333333333334        -39.329741862778164
0.5634                    -39.33159372137211
0.5634666666666667        -39.33339500620416
0.5635333333333333        -39.334740773518575
0.5636000000000001        -39.33547793231749
0.5636666666666668        -39.33572855999252
0.5637333333333334        -39.335768402142925
0.5638000000000001        -39.33585155376368
0.5638666666666667        -39.336086254573615
0.5639333333333334        -39.33642069942304
0.5640000000000001        -39.3367253837975
0.5640666666666667        -39.33690412300554
0.5641333333333334        -39.33695891088335
0.5642                    -39.33697350529692
0.5642666666666667        -39.33703850661295
0.5643333333333334        -39.3371788466045
0.5644                    -39.337339500653485
0.5644666666666667        -39.33744174109188
0.5645333333333333        -39.33746974016225
0.5646                    -39.33752113283862
0.5646666666666667        -39.33777439236845
0.5647333333333333        -39.3383806356013
0.5648                    -39.33934371984772
0.5648666666666666        -39.34047269139576
0.5649333333333333        -39.34145730963704
0.565                     -39.34204504788838
0.5650666666666666        -39.34222719720543
0.5651333333333334        -39.34231754155897
0.5652                    -39.342851902301376
0.5652666666666667        -39.344332890068394
0.5653333333333334        -39.34694003522058
0.5654                    -39.35036504198281
0.5654666666666667        -39.353886639306324
0.5655333333333333        -39.35668412142035
0.5656000000000001        -39.35825654450491
0.5656666666666668        -39.35873623673798
0.5657333333333334        -39.35891350774112
0.5658000000000001        -39.35992289219442
0.5658666666666667        -39.36271548333603
0.5659333333333334        -39.367564284626454
0.5660000000000001        -39.37385429651251
0.5660666666666667        -39.38028969672488
0.5661333333333334        -39.38545625292966
0.5662                    -39.38849323490728
0.5662666666666667        -39.38954923028839
0.5663333333333334        -39.3897779755719
0.5664                    -39.39084747184027
0.5664666666666667        -39.39417762580043
0.5665333333333333        -39.4002602755578
0.5666                    -39.408384808213725
0.5666666666666667        -39.416913291054684
0.5667333333333333        -39.42399990175696
0.5668                    -39.428434477064556
0.5668666666666666        -39.4302124028638
0.5669333333333333        -39.43054940569033
0.567                     -39.431326313112095
0.5670666666666666        -39.43422621856798
0.5671333333333334        -39.439967815383746
0.5672                    -39.447983748492284
0.5672666666666667        -39.45668431843389
0.5673333333333334        -39.46418268924591
0.5674                    -39.46914704077108
0.5674666666666667        -39.47138284439855
0.5675333333333333        -39.471876739953615
0.5676000000000001        -39.47229756514861
0.5676666666666668        -39.47421058979764
0.5677333333333334        -39.478381439430095
0.5678000000000001        -39.48447974576255
0.5678666666666667        -39.49129173255502
0.5679333333333334        -39.497316567809015
0.5680000000000001        -39.501453844309076
0.5680666666666667        -39.503460731441365
0.5681333333333334        -39.50398216506217
0.5682                    -39.50417374661635
0.5682666666666667        -39.50512990441841
0.5683333333333334        -39.507401506211494
0.5684                    -39.51081501366627
0.5684666666666667        -39.51464241742124
0.5685333333333333        -39.51800370387885
0.5686                    -39.52028763606783
0.5686666666666667        -39.52139071077573
0.5687333333333333        -39.52168419404996
0.5688                    -39.52176299679083
0.5688666666666666        -39.52213052225616
0.5689333333333333        -39.5229831854858
0.569                     -39.524183965632766
0.5690666666666666        -39.525405646709274
0.5691333333333334        -39.52634114777591
0.5692                    -39.52685986090942
0.5692666666666667        -39.52703711244714
0.5693333333333334        -39.527064987943305
0.5694                    -39.52711786985114
0.5694666666666667        -39.52726000279146
0.5695333333333333        -39.52744329328031
0.5696                    -39.52758055623393
0.5696666666666668        -39.527632923127484
0.5697333333333334        -39.52764737616219
0.5698000000000001        -39.527720188253205
0.5698666666666667        -39.5279165813014
0.5699333333333334        -39.528209603533476
0.5700000000000001        -39.52849003791063
0.5700666666666667        -39.52865044598495
0.5701333333333334        -39.52869125591104
0.5702                    -39.528772132578986
0.5702666666666667        -39.529157558288745
0.5703333333333334        -39.530070132791046
0.5704                    -39.53153063438934
0.5704666666666667        -39.53328819428486
0.5705333333333333        -39.534906325770905
0.5706                    -39.535985485030835
0.5706666666666667        -39.53641492100663
0.5707333333333333        -39.536508771340486
0.5708                    -39.53692456495417
0.5708666666666666        -39.53837219663144
0.5709333333333333        -39.54124153788661
0.571                     -39.54533998392796
0.5710666666666666        -39.54989789812125
0.5711333333333334        -39.55387834660054
0.5712                    -39.556470524930106
0.5712666666666667        -39.557531872439014
0.5713333333333334        -39.55774125290984
0.5714                    -39.55835216681302
0.5714666666666667        -39.560633430840056
0.5715333333333333        -39.5652508326349
0.5716                    -39.571889565242195
0.5716666666666668        -39.57932006255126
0.5717333333333334        -39.58591065636111
0.5718000000000001        -39.59037320089264
0.5718666666666667        -39.59239386249975
0.5719333333333334        -39.59283114203858
0.5720000000000001        -39.5933614918788
0.5720666666666667        -39.59572348898462
0.5721333333333334        -39.600909846933845
0.5722                    -39.60868396930684
0.5722666666666667        -39.617651365779544
0.5723333333333334        -39.625867277272135
0.5724                    -39.63171365164153
0.5724666666666667        -39.63464005234334
0.5725333333333333        -39.63541360217847
0.5726                    -39.635755923990445
0.5726666666666667        -39.6375438991671
0.5727333333333333        -39.64195502950205
0.5728                    -39.64894953822064
0.5728666666666666        -39.657313686143354
0.5729333333333333        -39.66523132360605
0.573                     -39.671113516337904
0.5730666666666666        -39.67429931990297
0.5731333333333333        -39.67530510754517
0.5732                    -39.67552347676102
0.5732666666666667        -39.676541113940516
0.5733333333333334        -39.67941497015524
0.5734                    -39.68423953566274
0.5734666666666667        -39.690178670005885
0.5735333333333333        -39.69591295064626
0.5736                    -39.700268961441616
0.5736666666666668        -39.702728121651376
0.5737333333333334        -39.70358895275461
0.5738000000000001        -39.70373884994133
0.5738666666666667        -39.70418259988783
0.5739333333333334        -39.705575628754595
0.5740000000000001        -39.70797869209673
0.5740666666666667        -39.71091979317157
0.5741333333333334        -39.71369394440706
0.5742                    -39.7157272014638
0.5742666666666667        -39.716822007021484
0.5743333333333334        -39.717182482016796
0.5744                    -39.717241664515804
0.5744666666666667        -39.7174094305703
0.5745333333333333        -39.717881912963065
0.5746                    -39.718598743012805
0.5746666666666667        -39.71934277406937
0.5747333333333333        -39.71990175223708
0.5748                    -39.720190865047044
0.5748666666666666        -39.72027385672749
0.5749333333333333        -39.72028969619941
0.575                     -39.720347820249316
0.5750666666666666        -39.72046558652636
0.5751333333333333        -39.72058467313004
0.5752                    -39.72064576560501
0.5752666666666667        -39.72066094043377
0.5753333333333334        -39.72072613554651
0.5754                    -39.7209595189189
0.5754666666666667        -39.72140659724852
0.5755333333333333        -39.721982495123896
0.5756                    -39.72250428693894
0.5756666666666668        -39.72280943818468
0.5757333333333334        -39.72289420775225
0.5758000000000001        -39.722978997373964
0.5758666666666667        -39.72343862547697
0.5759333333333334        -39.72461218329744
0.5760000000000001        -39.72658683618496
0.5760666666666667        -39.72908378347659
0.5761333333333334        -39.731536390431
0.5762                    -39.73335281327344
0.5762666666666667        -39.73424605220209
0.5763333333333334        -39.734455160235335
0.5764                    -39.73471511198984
0.5764666666666667        -39.73595308734627
0.5765333333333333        -39.738836199344036
0.5766                    -39.74339022366842
0.5766666666666667        -39.74889685287709
0.5767333333333333        -39.754157189522196
0.5768                    -39.75803121657579
0.5768666666666666        -39.76000923176144
0.5769333333333333        -39.760526255220654
0.577                     -39.760834907870006
0.5770666666666666        -39.76246490668708
0.5771333333333333        -39.76650799468387
0.5772                    -39.773064774768606
0.5772666666666667        -39.78112779013753
0.5773333333333334        -39.78898324258718
0.5774                    -39.794972695754005
0.5774666666666667        -39.79827052075437
0.5775333333333333        -39.79930057560456
0.5776                    -39.79957411073221
0.5776666666666667        -39.80101101995801
0.5777333333333334        -39.80505930034103
0.5778000000000001        -39.812021814148224
0.5778666666666668        -39.82090039194122
0.5779333333333334        -39.829832838704206
0.5780000000000001        -39.83693031143155
0.5780666666666667        -39.84113203217831
0.5781333333333334        -39.84267551830199
0.5782                    -39.842960579739284
0.5782666666666667        -39.84388137241419
0.5783333333333334        -39.84695391420209
0.5784                    -39.852647039813036
0.5784666666666667        -39.86021043442304
0.5785333333333333        -39.868056821526466
0.5786                    -39.87450558088144
0.5786666666666667        -39.87853575942064
0.5787333333333333        -39.88020020754445
0.5788                    -39.88052468077632
0.5788666666666666        -39.88097109459565
0.5789333333333333        -39.88274632258808
0.579                     -39.88628662016082
0.5790666666666666        -39.89113630045257
0.5791333333333333        -39.89623971287632
0.5792                    -39.90047597625717
0.5792666666666667        -39.903168247028205
0.5793333333333334        -39.9043333286554
0.5794                    -39.90458219498173
0.5794666666666667        -39.90475936030834
0.5795333333333333        -39.905525082230334
0.5796                    -39.90708590290016
0.5796666666666667        -39.909179911073196
0.5797333333333334        -39.911285741165386
0.5798000000000001        -39.91292004361343
0.5798666666666668        -39.91386360741171
0.5799333333333334        -39.91421521443788
0.5800000000000001        -39.91427574078528
0.5800666666666667        -39.91435325561294
0.5801333333333334        -39.91460697363881
0.5802                    -39.91500701887544
0.5802666666666667        -39.91540971609843
0.5803333333333334        -39.91568230117434
0.5804                    -39.91579245202987
0.5804666666666667        -39.915812410025985
0.5805333333333333        -39.91584883186442
0.5806                    -39.91595759985784
0.5806666666666667        -39.91610809859498
0.5807333333333333        -39.91622284421386
0.5808                    -39.91626261695295
0.5808666666666666        -39.91629175034181
0.5809333333333333        -39.91646756023195
0.581                     -39.916947991039116
0.5810666666666666        -39.917771181228815
0.5811333333333333        -39.918790333822294
0.5811999999999999        -39.91972408310298
0.5812666666666667        -39.92031524249195
0.5813333333333334        -39.92051688405495
0.5814                    -39.920590565566705
0.5814666666666667        -39.921034979450866
0.5815333333333333        -39.92235325006612
0.5816                    -39.92476591227005
0.5816666666666667        -39.92802663370656
0.5817333333333334        -39.931464696129176
0.5818000000000001        -39.934270448076354
0.5818666666666668        -39.93590657773819
0.5819333333333334        -39.93643959206348
0.5820000000000001        -39.936599841468244
0.5820666666666667        -39.93750156826973
0.5821333333333334        -39.94012879469753
0.5822                    -39.94482584680282
0.5822666666666667        -39.95105105548144
0.5823333333333334        -39.95754435663053
0.5824                    -39.96286798614672
0.5824666666666667        -39.966087629187776
0.5825333333333333        -39.96726557709414
0.5826                    -39.96750310690592
0.5826666666666667        -39.96848017499466
0.5827333333333333        -39.97169052246023
0.5828                    -39.97772636675121
0.5828666666666666        -39.98595300745776
0.5829333333333333        -39.9947426088801
0.583                     -40.00218382230911
0.5830666666666666        -40.00695455130373
0.5831333333333333        -40.008947412606716
0.5831999999999999        -40.009338233980294
0.5832666666666667        -40.010053949531645
0.5833333333333334        -40.012889578369
0.5834                    -40.0186878052798
0.5834666666666667        -40.02695610892591
0.5835333333333333        -40.036091322558434
0.5836                    -40.044107724916024
0.5836666666666667        -40.04953477465888
0.5837333333333334        -40.05206662004863
0.5838000000000001        -40.052661046116455
0.5838666666666668        -40.05305495528422
0.5839333333333334        -40.054945356873674
0.5840000000000001        -40.05922957618145
0.5840666666666667        -40.06564585907313
0.5841333333333334        -40.072953269563875
0.5842                    -40.07954105609261
0.5842666666666667        -40.084168879657575
0.5843333333333334        -40.08649084512672
0.5844                    -40.08713342772321
0.5844666666666667        -40.08732364243701
0.5845333333333333        -40.08827909094716
0.5846                    -40.09066477746651
0.5846666666666667        -40.09435899152631
0.5847333333333333        -40.09860217094153
0.5848                    -40.10241882229465
0.5848666666666666        -40.105087078988156
0.5849333333333333        -40.10643065703729
0.585                     -40.106816864383276
0.5850666666666666        -40.10690069163984
0.5851333333333333        -40.10727440637906
0.5851999999999999        -40.10820642886897
0.5852666666666667        -40.10958220302464
0.5853333333333334        -40.11104251015895
0.5854                    -40.11221634398791
0.5854666666666667        -40.11291316757324
0.5855333333333334        -40.113181883905284
0.5856                    -40.11323007403226
0.5856666666666667        -40.113274751306626
0.5857333333333333        -40.113422523739615
0.5858000000000001        -40.113643782485006
0.5858666666666668        -40.113838938531785
0.5859333333333334        -40.11393785180947
0.5860000000000001        -40.11395977475273
0.5860666666666667        -40.11399540803302
0.5861333333333334        -40.11413014913886
0.5862                    -40.11436973894051
0.5862666666666667        -40.11462855045522
0.5863333333333334        -40.11479712942999
0.5864                    -40.114847445016466
0.5864666666666667        -40.11490033720981
0.5865333333333334        -40.115195058839525
0.5866                    -40.11596023045761
0.5866666666666667        -40.117254193946536
0.5867333333333333        -40.118876774146784
0.5868                    -40.1204276741709
0.5868666666666666        -40.1215075711994
0.5869333333333333        -40.12196752421421
0.587                     -40.12206438182612
0.5870666666666666        -40.12241067982812
0.5871333333333333        -40.12370996403832
0.5871999999999999        -40.12639068627301
0.5872666666666667        -40.13032553372365
0.5873333333333334        -40.13480290398563
0.5874                    -40.1388046328602
0.5874666666666667        -40.141487157362015
0.5875333333333334        -40.14263926429285
0.5876                    -40.1428718140713
0.5876666666666667        -40.14340908207711
0.5877333333333333        -40.14554807601235
0.5878000000000001        -40.15002842266867
0.5878666666666668        -40.15661773927032
0.5879333333333334        -40.16413353332951
0.5880000000000001        -40.170927939150715
0.5880666666666667        -40.17563763535322
0.5881333333333334        -40.17785135868713
0.5882000000000001        -40.17835922410335
0.5882666666666667        -40.178836888988755
0.5883333333333334        -40.18109416359732
0.5884                    -40.18623398700852
0.5884666666666667        -40.194114321292105
0.5885333333333334        -40.203369967692296
0.5886                    -40.21200087507644
0.5886666666666667        -40.218272033744384
0.5887333333333333        -40.22151066999299
0.5888                    -40.222418199708294
0.5888666666666666        -40.22274237871124
0.5889333333333333        -40.22446757035935
0.589                     -40.22890895800083
0.5890666666666666        -40.23612790122417
0.5891333333333333        -40.24492483268037
0.5892                    -40.25340119822282
0.5892666666666667        -40.259826404439245
0.5893333333333334        -40.263406179521695
0.5894                    -40.26459650414615
0.5894666666666667        -40.264831258769306
0.5895333333333334        -40.26581881240902
0.5896                    -40.26875863148348
0.5896666666666667        -40.27384049929712
0.5897333333333333        -40.280232052801736
0.5898000000000001        -40.286525829384956
0.5898666666666668        -40.29141186608753
0.5899333333333334        -40.29425216389703
0.5900000000000001        -40.29529837709192
0.5900666666666667        -40.295481734924785
0.5901333333333334        -40.295915253597194
0.5902000000000001        -40.297371692983724
0.5902666666666667        -40.2999824203504
0.5903333333333334        -40.30326946994127
0.5904                    -40.3064538178551
0.5904666666666667        -40.308859738951995
0.5905333333333334        -40.31021061446482
0.5906                    -40.31068928484763
0.5906666666666667        -40.31076883138877
0.5907333333333333        -40.31093369575953
0.5908                    -40.31144841448806
0.5908666666666667        -40.31228213521602
0.5909333333333333        -40.31319919823326
0.591                     -40.31393733283444
0.5910666666666666        -40.314360989676565
0.5911333333333333        -40.31450958532631
0.5912                    -40.31453333737319
0.5912666666666666        -40.31457658834904
0.5913333333333334        -40.31469118120715
0.5914                    -40.314831693166454
0.5914666666666667        -40.31492416119126
0.5915333333333334        -40.31495036607342
0.5916                    -40.314981963219275
0.5916666666666667        -40.315136509802926
0.5917333333333333        -40.31548511458769
0.5918000000000001        -40.31598027145848
0.5918666666666668        -40.31646522580396
0.5919333333333334        -40.31677481207116
0.5920000000000001        -40.316872802229
0.5920666666666667        -40.316934480133774
0.5921333333333334        -40.317303243313816
0.5922000000000001        -40.31832081301414
0.5922666666666667        -40.320113098292424
0.5923333333333334        -40.32245757419025
0.5924                    -40.324831472105096
0.5924666666666667        -40.32664936760277
0.5925333333333334        -40.327587671289926
0.5926                    -40.327824220806775
0.5926666666666667        -40.32804149460119
0.5927333333333333        -40.32915315722485
0.5928                    -40.331861908439635
0.5928666666666667        -40.336261729172456
0.5929333333333333        -40.341699790587356
0.593                     -40.34700393006698
0.5930666666666666        -40.35100512083681
0.5931333333333333        -40.35312172444968
0.5932                    -40.35371149679065
0.5932666666666666        -40.353987323060416
0.5933333333333334        -40.35550126575271
0.5934                    -40.35942156930861
0.5934666666666667        -40.36594204866512
0.5935333333333334        -40.37411650431197
0.5936                    -40.38222530599548
0.5936666666666667        -40.38853503656859
0.5937333333333333        -40.392110816060914
0.5938000000000001        -40.39328877563613
0.5938666666666668        -40.39356162841277
0.5939333333333334        -40.394913434451716
0.5940000000000001        -40.39891033614808
0.5940666666666667        -40.40597004748769
0.5941333333333334        -40.415147804950784
0.5942000000000001        -40.42454293788608
0.5942666666666667        -40.432150280507
0.5943333333333334        -40.43676922063568
0.5944                    -40.438542881378766
0.5944666666666667        -40.43887032625206
0.5945333333333334        -40.43974068482833
0.5946                    -40.442815480909864
0.5946666666666667        -40.4486897046326
0.5947333333333333        -40.45665879952831
0.5948                    -40.465077485622636
0.5948666666666667        -40.472129502284446
0.5949333333333333        -40.476644838635316
0.595                     -40.47858515330688
0.5950666666666666        -40.47898548015647
0.5951333333333333        -40.47941044125651
0.5952                    -40.48121135925768
0.5952666666666666        -40.48494109874149
0.5953333333333334        -40.49017883791257
0.5954                    -40.4958083775222
0.5954666666666667        -40.500584627237615
0.5955333333333334        -40.5037037155944
0.5956                    -40.505112146852404
0.5956666666666667        -40.50543642682151
0.5957333333333333        -40.50560849583452
0.5958                    -40.50640075064659
0.5958666666666668        -40.508101566243226
0.5959333333333334        -40.510464700299366
0.5960000000000001        -40.512917166917475
0.5960666666666667        -40.51488800822738
0.5961333333333334        -40.51608014441016
0.5962000000000001        -40.51656042681665
0.5962666666666667        -40.51665314159119
0.5963333333333334        -40.516725745831515
0.5964                    -40.51699778786498
0.5964666666666667        -40.51746983569836
0.5965333333333334        -40.51798774705374
0.5966                    -40.51837976698419
0.5966666666666667        -40.51857251878629
0.5967333333333333        -40.518619415496346
0.5968                    -40.51863897518501
0.5968666666666667        -40.51871874043715
0.5969333333333333        -40.518857282853844
0.597                     -40.518984403440044
0.5970666666666666        -40.51904160979153
0.5971333333333333        -40.519060222186894
0.5972                    -40.519173097574175
0.5972666666666666        -40.51954019880172
0.5973333333333334        -40.52023030872225
0.5974                    -40.521140162807484
0.5974666666666667        -40.52201978614007
0.5975333333333334        -40.5226114817292
0.5976                    -40.52283365775895
0.5976666666666667        -40.5228968843591
0.5977333333333333        -40.5232612953146
0.5978                    -40.524427491178024
0.5978666666666668        -40.52665410892858
0.5979333333333334        -40.529755441291286
0.5980000000000001        -40.53311197471175
0.5980666666666667        -40.53592710366438
0.5981333333333334        -40.53762925549387
0.5982000000000001        -40.53822031258573
0.5982666666666667        -40.53837070535926
0.5983333333333334        -40.539173814122236
0.5984                    -40.5416462196656
0.5984666666666667        -40.54620380234652
0.5985333333333334        -40.5523787471064
0.5986                    -40.55894677106619
0.5986666666666667        -40.56444543244888
0.5987333333333333        -40.5678645980113
0.5988                    -40.569178003003906
0.5988666666666667        -40.5694337733123
0.5989333333333333        -40.57032583178752
0.599                     -40.57342622767129
0.5990666666666666        -40.57943269871706
0.5991333333333333        -40.587789644161276
0.5992                    -40.596878393565916
0.5992666666666666        -40.604716571197756
0.5993333333333333        -40.60986197740589
0.5994                    -40.612097352476326
0.5994666666666667        -40.61255641440701
0.5995333333333334        -40.61321669033888
0.5996                    -40.61599486587991
0.5996666666666667        -40.62186841652512
0.5997333333333333        -40.63042643516104
0.5998                    -40.64005139818947
0.5998666666666668        -40.64864975190542
0.5999333333333334        -40.65459870782323
0.6000000000000001        -40.65746910585772
0.6000666666666667        -40.65818531599683
0.6001333333333334        -40.658557719627964
0.6002000000000001        -40.66042823835552
0.6002666666666667        -40.66484089961169
0.6003333333333334        -40.67161252504108
0.6004                    -40.67947519242302
0.6004666666666667        -40.686698171743245
0.6005333333333334        -40.691885211784765
0.6006                    -40.69457275979787
0.6006666666666667        -40.6953624527192
0.6007333333333333        -40.695557464747985
0.6008                    -40.69651203090498
0.6008666666666667        -40.699021078502525
0.6009333333333333        -40.70302558700334
0.601                     -40.707735544460206
0.6010666666666666        -40.712071017660406
0.6011333333333333        -40.71518483360602
0.6012                    -40.716814476744354
0.6012666666666666        -40.71731722478426
0.6013333333333333        -40.71741184280677
0.6014                    -40.71779058987996
0.6014666666666667        -40.71880681710723
0.6015333333333334        -40.72037708386504
0.6016                    -40.72211086339804
0.6016666666666667        -40.723566233819824
0.6017333333333333        -40.724481925485534
0.6018                    -40.7248712044279
0.6018666666666668        -40.72495373377401
0.6019333333333334        -40.72499260293959
0.6020000000000001        -40.725144752729406
0.6020666666666667        -40.72540726588678
0.6021333333333334        -40.72567261126095
0.6022000000000001        -40.725838332682756
0.6022666666666667        -40.72589053754409
0.6023333333333334        -40.72590777615997
0.6024                    -40.725991354381165
0.6024666666666667        -40.72617970704226
0.6025333333333334        -40.72641466210903
0.6026                    -40.72659013751103
0.6026666666666667        -40.72665365044579
0.6027333333333333        -40.72668792409687
0.6028                    -40.726904370834454
0.6028666666666667        -40.72753341356615
0.6029333333333333        -40.72866751145085
0.603                     -40.73015625610884
0.6030666666666666        -40.731637415353255
0.6031333333333333        -40.732715383771975
0.6032                    -40.73320626247124
0.6032666666666666        -40.73331105437105
0.6033333333333333        -40.73359656820859
0.6034                    -40.73475788810198
0.6034666666666667        -40.73725990691479
0.6035333333333334        -40.741039499377074
0.6036                    -40.745443270557615
0.6036666666666667        -40.74947273286794
0.6037333333333333        -40.752252368229584
0.6038                    -40.75350251729378
0.6038666666666667        -40.75376586604263
0.6039333333333334        -40.754237660167234
0.6040000000000001        -40.7562442740095
0.6040666666666668        -40.760601178186775
0.6041333333333334        -40.76716021273542
0.6042000000000001        -40.774786149614386
0.6042666666666667        -40.781812618357456
0.6043333333333334        -40.78679671222562
0.6044                    -40.78922508784827
0.6044666666666667        -40.789817183238746
0.6045333333333334        -40.790249840014575
0.6046                    -40.79241026463826
0.6046666666666667        -40.79751958524697
0.6047333333333333        -40.805536358982344
0.6048                    -40.81512543159829
0.6048666666666667        -40.824225664800345
0.6049333333333333        -40.830974575645044
0.605                     -40.83456636497474
0.6050666666666666        -40.83563118314899
0.6051333333333333        -40.835945775406316
0.6052                    -40.83761258443509
0.6052666666666666        -40.84209830352563
0.6053333333333333        -40.849576190138485
0.6054                    -40.858863286898284
0.6054666666666667        -40.867970967484915
0.6055333333333334        -40.87501203686146
0.6056                    -40.87904325905719
0.6056666666666667        -40.88045127944391
0.6057333333333333        -40.88071346455922
0.6058                    -40.88167236950946
0.6058666666666667        -40.884687065748224
0.6059333333333334        -40.89005650086166
0.6060000000000001        -40.89695638529384
0.6060666666666668        -40.90388383315829
0.6061333333333334        -40.909376481712954
0.6062000000000001        -40.912659836971166
0.6062666666666667        -40.913928295526844
0.6063333333333334        -40.914157883329764
0.6064                    -40.914581338645476
0.6064666666666667        -40.916105088624654
0.6065333333333334        -40.91894464679275
0.6066                    -40.92262078401197
0.6066666666666667        -40.92627453170047
0.6067333333333333        -40.92911501202205
0.6068                    -40.93077221651563
0.6068666666666667        -40.931399080213986
0.6069333333333333        -40.93150938900357
0.607                     -40.93167106253289
0.6070666666666666        -40.93222939374985
0.6071333333333333        -40.93319282748405
0.6072                    -40.934310091159645
0.6072666666666666        -40.935264198531
0.6073333333333333        -40.9358595143761
0.6074                    -40.93610204760626
0.6074666666666667        -40.93614878392714
0.6075333333333334        -40.936180760429934
0.6076                    -40.93629080860158
0.6076666666666667        -40.936453925331534
0.6077333333333333        -40.93658622983475
0.6078                    -40.93663913302586
0.6078666666666667        -40.93665574650592
0.6079333333333334        -40.93674725114116
0.6080000000000001        -40.93700625989424
0.6080666666666668        -40.93742219315804
0.6081333333333334        -40.937867584944996
0.6082000000000001        -40.938179393462164
0.6082666666666667        -40.9382927110958
0.6083333333333334        -40.93833872829401
0.6084                    -40.9386274696035
0.6084666666666667        -40.93949973241607
0.6085333333333334        -40.941117049662864
0.6086                    -40.94331203984164
0.6086666666666667        -40.945606990717366
0.6087333333333333        -40.94742551861397
0.6088                    -40.94841001676804
0.6088666666666667        -40.948678450465195
0.6089333333333333        -40.94886065503392
0.609                     -40.949855780200615
0.6090666666666666        -40.95240119941174
0.6091333333333333        -40.95665880928668
0.6092                    -40.962041410944536
0.6092666666666666        -40.96740350062838
0.6093333333333333        -40.97154617986896
0.6093999999999999        -40.97381435213555
0.6094666666666667        -40.974487285613755
0.6095333333333334        -40.97473849616152
0.6096                    -40.976145044371435
0.6096666666666667        -40.97995598405007
0.6097333333333333        -40.986462377344814
0.6098                    -40.99478067798813
0.6098666666666667        -41.0031826488642
0.6099333333333334        -41.00985333164484
0.6100000000000001        -41.013740833020165
0.6100666666666668        -41.01508844421211
0.6101333333333334        -41.01537105443265
0.6102000000000001        -41.01664401404718
0.6102666666666667        -41.0206024806907
0.6103333333333334        -41.02778877973516
0.6104                    -41.03731533662136
0.6104666666666667        -41.04723823409347
0.6105333333333334        -41.0554238896255
0.6106                    -41.06051744803204
0.6106666666666667        -41.062557690221965
0.6107333333333334        -41.0629426318673
0.6108                    -41.06376645783956
0.6108666666666667        -41.06685238830107
0.6109333333333333        -41.072936579977394
0.611                     -41.08136708169519
0.6110666666666666        -41.09043572036619
0.6111333333333333        -41.098175599290556
0.6112                    -41.10324904233438
0.6112666666666666        -41.10551288373573
0.6113333333333333        -41.10600925555897
0.6113999999999999        -41.10641579604746
0.6114666666666667        -41.10824620610245
0.6115333333333334        -41.11218722313307
0.6116                    -41.11786166616797
0.6116666666666667        -41.12408915400805
0.6117333333333334        -41.12948605696522
0.6118                    -41.133103101721204
0.6118666666666667        -41.13480259551623
0.6119333333333333        -41.13522339288419
0.6120000000000001        -41.13539334879272
0.6120666666666668        -41.13621262847499
0.6121333333333334        -41.138066670057285
0.6122000000000001        -41.14073283723572
0.6122666666666667        -41.143583993987924
0.6123333333333334        -41.14595038005128
0.6124                    -41.147442913442916
0.6124666666666667        -41.14808619066526
0.6125333333333334        -41.148225855855046
0.6126                    -41.14829516275147
0.6126666666666667        -41.14858505025724
0.6127333333333334        -41.14913660401969
0.6128                    -41.149789688749465
0.6128666666666667        -41.1503309328824
0.6129333333333333        -41.15063824061948
0.613                     -41.15073779306877
0.6130666666666666        -41.150755035265405
0.6131333333333333        -41.15080974432711
0.6132                    -41.1509348457581
0.6132666666666666        -41.151074083570116
0.6133333333333333        -41.151154337983726
0.6134                    -41.15117445507171
0.6134666666666667        -41.15123950965733
0.6135333333333334        -41.15150650956912
0.6136                    -41.15207108095515
0.6136666666666667        -41.1528727684868
0.6137333333333334        -41.15369544956842
0.6138                    -41.154285011964056
0.6138666666666667        -41.154528703021
0.6139333333333333        -41.15458736019043
0.6140000000000001        -41.15488129418202
0.6140666666666668        -41.155905871342185
0.6141333333333334        -41.15795530940653
0.6142000000000001        -41.16090341832185
0.6142666666666667        -41.16418242983917
0.6143333333333334        -41.1670102853148
0.6144000000000001        -41.168782581896714
0.6144666666666667        -41.16943727928436
0.6145333333333334        -41.16958497007139
0.6146                    -41.170298309036546
0.6146666666666667        -41.17262720596257
0.6147333333333334        -41.17706038011954
0.6148                    -41.18320477618256
0.6148666666666667        -41.18987129102993
0.6149333333333333        -41.195570169065476
0.615                     -41.19921150132386
0.6150666666666667        -41.200677119506665
0.6151333333333333        -41.2009615253763
0.6152                    -41.20177622433295
0.6152666666666666        -41.20477841495717
0.6153333333333333        -41.21077854968502
0.6154                    -41.21930401564037
0.6154666666666667        -41.22874322685293
0.6155333333333334        -41.23703462050891
0.6156                    -41.242604673182356
0.6156666666666667        -41.245117142342835
0.6157333333333334        -41.24566154102485
0.6158                    -41.24627280312328
0.6158666666666667        -41.24900258240082
0.6159333333333333        -41.25497713361855
0.6160000000000001        -41.26387526926499
0.6160666666666668        -41.27406296818411
0.6161333333333334        -41.283326487441215
0.6162000000000001        -41.289873140012354
0.6162666666666667        -41.29313551123069
0.6163333333333334        -41.293999623788515
0.6164000000000001        -41.294357191449365
0.6164666666666667        -41.29621235753028
0.6165333333333334        -41.30077479962604
0.6166                    -41.30795186128648
0.6166666666666667        -41.31644794335821
0.6167333333333334        -41.32439892480122
0.6168                    -41.33023229318227
0.6168666666666667        -41.33334882848728
0.6169333333333333        -41.334318026357444
0.617                     -41.33452587995628
0.6170666666666667        -41.33548048331854
0.6171333333333333        -41.3381263124797
0.6172                    -41.34248011272956
0.6172666666666666        -41.34772222683827
0.6173333333333333        -41.352656758855886
0.6174                    -41.356292957070394
0.6174666666666666        -41.35826564037256
0.6175333333333334        -41.358914897621716
0.6176                    -41.359028100850665
0.6176666666666667        -41.359411273071636
0.6177333333333334        -41.36051845298604
0.6178                    -41.362307727129
0.6178666666666667        -41.364358001428144
0.6179333333333333        -41.36614795684792
0.6180000000000001        -41.36733259568817
0.6180666666666668        -41.36787849629697
0.6181333333333334        -41.368013270078364
0.6182000000000001        -41.368050071469476
0.6182666666666667        -41.36820550352124
0.6183333333333334        -41.36851298649312
0.6184000000000001        -41.36886238994908
0.6184666666666667        -41.36911795615962
0.6185333333333334        -41.36922663014332
0.6186                    -41.369247400102566
0.6186666666666667        -41.36929258588758
0.6187333333333334        -41.36943312750052
0.6188                    -41.36964238005109
0.6188666666666667        -41.369823411828726
0.6189333333333333        -41.369903642104134
0.619                     -41.369928575219184
0.6190666666666667        -41.370079227591845
0.6191333333333333        -41.370583618642
0.6192                    -41.37156490843285
0.6192666666666666        -41.37292154945207
0.6193333333333333        -41.37433118088517
0.6194                    -41.37540521329757
0.6194666666666666        -41.375927768843454
0.6195333333333334        -41.376045316516645
0.6196                    -41.376278369071926
0.6196666666666667        -41.37731193586413
0.6197333333333334        -41.379645871040935
0.6198                    -41.38328061168246
0.6198666666666667        -41.387621107667066
0.6199333333333333        -41.39168878783433
0.6200000000000001        -41.3945759182626
0.6200666666666668        -41.39593366789558
0.6201333333333334        -41.396236152598824
0.6202000000000001        -41.39665055927762
0.6202666666666667        -41.3985353712731
0.6203333333333334        -41.402785587707726
0.6204000000000001        -41.40934000812119
0.6204666666666667        -41.417110444663756
0.6205333333333334        -41.42440793488454
0.6206                    -41.42970312622873
0.6206666666666667        -41.43237397677253
0.6207333333333334        -41.43306654145
0.6208                    -41.43346236539662
0.6208666666666667        -41.43553516042127
0.6209333333333333        -41.4406352635654
0.621                     -41.44882957398437
0.6210666666666667        -41.458813158535065
0.6211333333333333        -41.46845518383916
0.6212                    -41.47575124965964
0.6212666666666666        -41.47974857660714
0.6213333333333333        -41.480999501916074
0.6214                    -41.481314511852915
0.6214666666666666        -41.482928733729274
0.6215333333333334        -41.48747852256487
0.6216                    -41.49526245937085
0.6216666666666667        -41.50511637071212
0.6217333333333334        -41.51495069409673
0.6218                    -41.52270188455404
0.6218666666666667        -41.52725783126403
0.6219333333333333        -41.52892514925276
0.622                     -41.529228497431006
0.6220666666666668        -41.53016131645729
0.6221333333333334        -41.53326420686745
0.6222000000000001        -41.538962444403566
0.6222666666666667        -41.546444426645415
0.6223333333333334        -41.55410169501274
0.6224000000000001        -41.56029903256352
0.6224666666666667        -41.56410401354016
0.6225333333333334        -41.56564122438239
0.6226                    -41.56593337506309
0.6226666666666667        -41.566347841859
0.6227333333333334        -41.56794528004289
0.6228                    -41.571041990554
0.6228666666666667        -41.575162891022345
0.6229333333333333        -41.579361318243514
0.623                     -41.58271446106083
0.6230666666666667        -41.58474123267148
0.6231333333333333        -41.58555420948582
0.6232                    -41.58570890836621
0.6232666666666666        -41.585867790322254
0.6233333333333333        -41.586472027234734
0.6234                    -41.58758123803719
0.6234666666666666        -41.58893203918376
0.6235333333333334        -41.590147088500025
0.6236                    -41.59095947561045
0.6236666666666667        -41.59133094120272
0.6237333333333334        -41.59141982257593
0.6238                    -41.5914458147293
0.6238666666666667        -41.59155023343031
0.6239333333333333        -41.59173721886627
0.624                     -41.591918545251445
0.6240666666666668        -41.59201538677985
0.6241333333333334        -41.59203771296365
0.6242000000000001        -41.59208400764363
0.6242666666666667        -41.592263855042106
0.6243333333333334        -41.59260301312385
0.6244000000000001        -41.59300652255122
0.6244666666666667        -41.59331840893667
0.6245333333333334        -41.593449037763875
0.6246                    -41.593486612422396
0.6246666666666667        -41.59370592568675
0.6247333333333334        -41.59444347711027
0.6248                    -41.59589354855826
0.6248666666666667        -41.59794294088741
0.6249333333333333        -41.60016011607289
0.625                     -41.60197997879664
0.6250666666666667        -41.60301295135163
0.6251333333333333        -41.60331811091828
0.6252                    -41.60347262736906
0.6252666666666666        -41.60436084415149
0.6253333333333333        -41.60675494858608
0.6254                    -41.61088534839915
0.6254666666666666        -41.616230797024095
0.6255333333333333        -41.62167156648708
0.6256                    -41.62597647452244
0.6256666666666667        -41.628413860120084
0.6257333333333334        -41.629182534993774
0.6258                    -41.629417677844884
0.6258666666666667        -41.63072597828087
0.6259333333333333        -41.63444408841967
0.626                     -41.64096615225602
0.6260666666666668        -41.64947278854959
0.6261333333333334        -41.65822251217294
0.6262000000000001        -41.66530906735847
0.6262666666666667        -41.66955267744741
0.6263333333333334        -41.67109722131709
0.6264000000000001        -41.67140156472682
0.6264666666666667        -41.67260280275775
0.6265333333333334        -41.676540121794204
0.6266                    -41.68389326983174
0.6266666666666667        -41.69383609511804
0.6267333333333334        -41.704374101124586
0.6268                    -41.71322857535343
0.6268666666666667        -41.71887134873437
0.6269333333333333        -41.72122440970489
0.627                     -41.72168537031229
0.6270666666666667        -41.722467606410554
0.6271333333333333        -41.72557756011824
0.6272                    -41.731911759502786
0.6272666666666666        -41.74087884723175
0.6273333333333333        -41.75070037561812
0.6274                    -41.759238709524105
0.6274666666666666        -41.76496442485429
0.6275333333333333        -41.76761255370094
0.6276                    -41.76823046723217
0.6276666666666667        -41.76862290317659
0.6277333333333334        -41.7704892744754
0.6278                    -41.77467200768334
0.6278666666666667        -41.780848054095415
0.6279333333333333        -41.7877674279812
0.628                     -41.79388921604081
0.6280666666666668        -41.7980953602261
0.6281333333333334        -41.800146728785805
0.6282000000000001        -41.80069107667948
0.6282666666666668        -41.80086338541428
0.6283333333333334        -41.80171147293286
0.6284000000000001        -41.8037368406631
0.6284666666666667        -41.80675007098265
0.6285333333333334        -41.81006638646905
0.6286                    -41.8129030920769
0.6286666666666667        -41.81476153599564
0.6287333333333334        -41.81561137709552
0.6288                    -41.81581720452663
0.6288666666666667        -41.81588601324727
0.6289333333333333        -41.816193672245944
0.629                     -41.81683405174336
0.6290666666666667        -41.817646489355155
0.6291333333333333        -41.8183729355049
0.6292                    -41.81883350423828
0.6292666666666666        -41.81901718557068
0.6293333333333333        -41.81905045201961
0.6294                    -41.81908582962596
0.6294666666666666        -41.81919642986286
0.6295333333333333        -41.81934750892716
0.6296                    -41.819456650511555
0.6296666666666667        -41.81949099638211
0.6297333333333334        -41.81952436026602
0.6298                    -41.81970552670624
0.6298666666666667        -41.820152962327874
0.6299333333333333        -41.82084826470286
0.63                      -41.82161167639254
0.6300666666666667        -41.82219677247335
0.6301333333333334        -41.822463067170915
0.6302000000000001        -41.82252285972339
0.6302666666666668        -41.822755487920105
0.6303333333333334        -41.82364874399296
0.6304000000000001        -41.825530423695895
0.6304666666666667        -41.82833313037431
0.6305333333333334        -41.83154132760545
0.6306                    -41.83438840393148
0.6306666666666667        -41.836237634823156
0.6307333333333334        -41.83696301984857
0.6308                    -41.837115369343856
0.6308666666666667        -41.837747663921874
0.6309333333333333        -41.839945491750576
0.631                     -41.84427321525944
0.6310666666666667        -41.85041406084685
0.6311333333333333        -41.857212697740906
0.6312                    -41.863147345935644
0.6312666666666666        -41.867041893831214
0.6313333333333333        -41.86868130511637
0.6314                    -41.86900621658404
0.6314666666666666        -41.869751573907585
0.6315333333333333        -41.87266995370726
0.6316                    -41.87869470876492
0.6316666666666667        -41.88744118312894
0.6317333333333334        -41.897301209939364
0.6318                    -41.9061220794902
0.6318666666666667        -41.91218330400347
0.6319333333333333        -41.91501760708619
0.632                     -41.915668304595634
0.6320666666666667        -41.91623787644006
0.6321333333333334        -41.91893139676684
0.6322000000000001        -41.92504253767336
0.6322666666666668        -41.93434990557661
0.6323333333333334        -41.94519907177767
0.6324000000000001        -41.9552388198333
0.6324666666666667        -41.9624829113065
0.6325333333333334        -41.966206399375366
0.6326                    -41.96725146106829
0.6326666666666667        -41.96760253409616
0.6327333333333334        -41.969449314927076
0.6328                    -41.97419182830136
0.6328666666666667        -41.981842777282125
0.6329333333333333        -41.99107693232109
0.633                     -41.99987847432864
0.6330666666666667        -42.00647190915269
0.6331333333333333        -42.010099369784406
0.6332                    -42.01128958929384
0.6332666666666666        -42.01152087091245
0.6333333333333333        -42.01247791010953
0.6334                    -42.01527994553409
0.6334666666666666        -42.02003574502558
0.6335333333333333        -42.025896308804164
0.6336                    -42.0315344631123
0.6336666666666667        -42.03579234798993
0.6337333333333334        -42.0381813731543
0.6338                    -42.03901577970353
0.6338666666666667        -42.03915812939832
0.6339333333333333        -42.039545891056356
0.634                     -42.040753657571116
0.6340666666666667        -42.04279393596465
0.6341333333333334        -42.04521575734149
0.6342000000000001        -42.0474076601583
0.6342666666666668        -42.04892470964079
0.6343333333333334        -42.04967313262242
0.6344000000000001        -42.04988342590843
0.6344666666666667        -42.04992371127049
0.6345333333333334        -42.05008162685015
0.6346                    -42.05043864239713
0.6346666666666667        -42.050888544038926
0.6347333333333334        -42.051261235155586
0.6348                    -42.05145750594227
0.6348666666666667        -42.051508145978964
0.6349333333333333        -42.05153076368085
0.635                     -42.05162847405986
0.6350666666666667        -42.051810656357
0.6351333333333333        -42.05199592541785
0.6352                    -42.0520964139424
0.6352666666666666        -42.05212146060472
0.6353333333333333        -42.05221907725598
0.6354                    -42.052610611180945
0.6354666666666666        -42.05344655996632
0.6355333333333333        -42.05467345481818
0.6355999999999999        -42.056010643715396
0.6356666666666667        -42.05707966567287
0.6357333333333334        -42.057635297418685
0.6358                    -42.057770528771314
0.6358666666666667        -42.05795912942578
0.6359333333333334        -42.058875037850584
0.636                     -42.0610525007821
0.6360666666666667        -42.06455562386117
0.6361333333333334        -42.06884788408978
0.6362000000000001        -42.072970006173676
0.6362666666666668        -42.07598029797862
0.6363333333333334        -42.07745866515169
0.6364000000000001        -42.077809852278605
0.6364666666666667        -42.07817498329433
0.6365333333333334        -42.079949597691126
0.6366                    -42.08411434149551
0.6366666666666667        -42.090699131456304
0.6367333333333334        -42.09866208469122
0.6368                    -42.10628505050637
0.6368666666666667        -42.11194182982892
0.6369333333333334        -42.1148921590434
0.637                     -42.1157053181701
0.6370666666666667        -42.11607324030582
0.6371333333333333        -42.11806950705445
0.6372                    -42.123189156756396
0.6372666666666666        -42.131617734270776
0.6373333333333333        -42.142079940764255
0.6374                    -42.15236258768069
0.6374666666666666        -42.16029917906863
0.6375333333333333        -42.16477118218619
0.6376                    -42.16624506420902
0.6376666666666667        -42.166572528555335
0.6377333333333334        -42.168141843561514
0.6378                    -42.172783525924984
0.6378666666666667        -42.18093884733558
0.6379333333333334        -42.19146424691651
0.638                     -42.20215370006115
0.6380666666666667        -42.210740510124495
0.6381333333333334        -42.21591748535937
0.6382000000000001        -42.217897922480454
0.6382666666666668        -42.218259931460295
0.6383333333333334        -42.219170713999546
0.6384000000000001        -42.22238143765591
0.6384666666666667        -42.22846570675937
0.6385333333333334        -42.236629669606465
0.6386000000000001        -42.24514505369653
0.6386666666666667        -42.252176546790416
0.6387333333333334        -42.2566059430556
0.6388                    -42.258472319598674
0.6388666666666667        -42.2588483754687
0.6389333333333334        -42.25925612925166
0.639                     -42.26093725766175
0.6390666666666667        -42.2643300210043
0.6391333333333333        -42.26896985201982
0.6392                    -42.273811852260216
0.6392666666666666        -42.27777943741097
0.6393333333333333        -42.2802578289446
0.6394                    -42.28130618255854
0.6394666666666666        -42.28152341851282
0.6395333333333333        -42.28168085137759
0.6396                    -42.282334742987686
0.6396666666666667        -42.28361077742923
0.6397333333333334        -42.28523772488904
0.6398                    -42.28677074496518
0.6398666666666667        -42.28785770250475
0.6399333333333334        -42.288402628453795
0.64                      -42.28855853240254
0.6400666666666667        -42.288586123640954
0.6401333333333333        -42.288684249949036
0.6402000000000001        -42.28889668890859
0.6402666666666668        -42.28913758803087
0.6403333333333334        -42.289298181204124
0.6404000000000001        -42.28935008082297
0.6404666666666667        -42.28937189493856
0.6405333333333334        -42.289485063950345
0.6406000000000001        -42.28975100779017
0.6406666666666667        -42.29011077524103
0.6407333333333334        -42.2904207568671
0.6408                    -42.29057073659803
0.6408666666666667        -42.29060705085175
0.6409333333333334        -42.290767401373856
0.641                     -42.29138078013825
0.6410666666666667        -42.29267168782264
0.6411333333333333        -42.29458047292168
0.6412                    -42.296722909171024
0.6412666666666667        -42.29854700150129
0.6413333333333333        -42.299632518906776
0.6414                    -42.2999800608345
0.6414666666666666        -42.300114182014966
0.6415333333333333        -42.3009050525863
0.6416                    -42.303161297755054
0.6416666666666667        -42.30718374963664
0.6417333333333334        -42.31251777513617
0.6418                    -42.318067465005235
0.6418666666666667        -42.32256474162598
0.6419333333333334        -42.32519594929972
0.642                     -42.32607631026564
0.6420666666666667        -42.32630457389327
0.6421333333333333        -42.32752451472736
0.6422000000000001        -42.33117079639672
0.6422666666666668        -42.3377491711352
0.6423333333333334        -42.34650619603314
0.6424000000000001        -42.35567984110071
0.6424666666666667        -42.36325813535895
0.6425333333333334        -42.36791794636096
0.6426000000000001        -42.36969494161903
0.6426666666666667        -42.370035281605986
0.6427333333333334        -42.37117311924046
0.6428                    -42.37511279596084
0.6428666666666667        -42.38268884673555
0.6429333333333334        -42.393141518150045
0.643                     -42.40441468367649
0.6430666666666667        -42.4140609830518
0.6431333333333333        -42.42035293921859
0.6432                    -42.42307953823773
0.6432666666666667        -42.423639981982326
0.6433333333333333        -42.42438695387516
0.6434                    -42.427539553586726
0.6434666666666666        -42.4341801260089
0.6435333333333333        -42.44378762154618
0.6436                    -42.45450226485737
0.6436666666666666        -42.46398800591181
0.6437333333333334        -42.47049144749674
0.6438                    -42.47360386062127
0.6438666666666667        -42.474376477934015
0.6439333333333334        -42.474760846963264
0.644                     -42.47667347384686
0.6440666666666667        -42.481141051860504
0.6441333333333333        -42.48790767821281
0.6442000000000001        -42.49564564006502
0.6442666666666668        -42.50263139911124
0.6443333333333334        -42.507547273193175
0.6444000000000001        -42.510030508708425
0.6444666666666667        -42.51073398670263
0.6445333333333334        -42.51091515097828
0.6446000000000001        -42.511795721726024
0.6446666666666667        -42.51401784458416
0.6447333333333334        -42.51743734274969
0.6448                    -42.52130677424545
0.6448666666666667        -42.52471193441658
0.6449333333333334        -42.527021921301696
0.645                     -42.528135336729925
0.6450666666666667        -42.52843288363361
0.6451333333333333        -42.52850563721331
0.6452                    -42.528831673236795
0.6452666666666667        -42.5295731280832
0.6453333333333333        -42.530575633055605
0.6454                    -42.53153261554644
0.6454666666666666        -42.532195151845755
0.6455333333333333        -42.532502777295065
0.6456                    -42.53257575710968
0.6456666666666666        -42.532599935243425
0.6457333333333334        -42.53269554780448
0.6458                    -42.53285831958465
0.6458666666666667        -42.53300281826424
0.6459333333333334        -42.53306545654972
0.646                     -42.533084938821005
0.6460666666666667        -42.53319604970023
0.6461333333333333        -42.53353582435358
0.6462000000000001        -42.53412722317063
0.6462666666666668        -42.53482958546195
0.6463333333333334        -42.53540838578463
0.6464000000000001        -42.53569872661291
0.6464666666666667        -42.535765384642765
0.6465333333333334        -42.53594560858696
0.6466000000000001        -42.53671771213003
0.6466666666666667        -42.538441799147996
0.6467333333333334        -42.54110916873121
0.6468                    -42.5442570417176
0.6468666666666667        -42.54713438391619
0.6469333333333334        -42.549071350328596
0.647                     -42.54987681666442
0.6470666666666667        -42.550041725798934
0.6471333333333333        -42.55060167480167
0.6472                    -42.552682547783
0.6472666666666667        -42.55692941366061
0.6473333333333333        -42.56310429561579
0.6474                    -42.57008314346606
0.6474666666666666        -42.57630444960348
0.6475333333333333        -42.580495822404714
0.6476                    -42.58233793097673
0.6476666666666666        -42.582717549096536
0.6477333333333334        -42.583402162164525
0.6478                    -42.586254954986316
0.6478666666666667        -42.592346849913774
0.6479333333333334        -42.601387812444365
0.648                     -42.61176716861247
0.6480666666666667        -42.621223501260715
0.6481333333333333        -42.627867120216656
0.6482                    -42.63108320359606
0.6482666666666668        -42.63186694381808
0.6483333333333334        -42.63240340739169
0.6484000000000001        -42.635077218197736
0.6484666666666667        -42.64137508495391
0.6485333333333334        -42.65118849360657
0.6486000000000001        -42.66283612328213
0.6486666666666667        -42.67380466543612
0.6487333333333334        -42.68188168014888
0.6488                    -42.6861588746599
0.6488666666666667        -42.687428184529224
0.6489333333333334        -42.687783442872046
0.649                     -42.6896322634451
0.6490666666666667        -42.6945983559029
0.6491333333333333        -42.70281898044679
0.6492                    -42.712935444050885
0.6492666666666667        -42.722754574092065
0.6493333333333333        -42.73026158976309
0.6494                    -42.73450951778774
0.6494666666666666        -42.73597573697741
0.6495333333333333        -42.73624464178947
0.6496                    -42.737208598601185
0.6496666666666666        -42.74019522975589
0.6497333333333334        -42.74542633300706
0.6498                    -42.752023057228044
0.6498666666666667        -42.7585058757664
0.6499333333333334        -42.76351835483696
0.65                      -42.766421289931
0.6500666666666667        -42.76749223100586
0.6501333333333333        -42.76767824009749
0.6502                    -42.76807186238887
0.6502666666666668        -42.769394293328524
0.6503333333333334        -42.77172901129393
0.6504000000000001        -42.774595675355044
0.6504666666666667        -42.77727842798566
0.6505333333333334        -42.77921131709128
0.6506000000000001        -42.78022267430047
0.6506666666666667        -42.78053954070203
0.6507333333333334        -42.780591413839744
0.6508                    -42.78075149240194
0.6508666666666667        -42.78116409818046
0.6509333333333334        -42.78173510584449
0.651                     -42.78225881704554
0.6510666666666667        -42.78258129386753
0.6511333333333333        -42.78269462437062
0.6512                    -42.78271480832142
0.6512666666666667        -42.78277673600048
0.6513333333333333        -42.782931084379186
0.6514                    -42.783119404274046
0.6514666666666666        -42.78324399835704
0.6515333333333333        -42.78327919871627
0.6516                    -42.78333717602192
0.6516666666666666        -42.783628147060284
0.6517333333333333        -42.784326666493996
0.6518                    -42.78542684662057
0.6518666666666667        -42.78669177162435
0.6519333333333334        -42.78775605842489
0.652                     -42.788347283520125
0.6520666666666667        -42.78850555660968
0.6521333333333333        -42.78865750851317
0.6522                    -42.7894658119103
0.6522666666666668        -42.79149984888835
0.6523333333333334        -42.7948886357408
0.6524000000000001        -42.79915453714138
0.6524666666666668        -42.803355787703794
0.6525333333333334        -42.80651284676938
0.6526000000000001        -42.80813020176684
0.6526666666666667        -42.80854172413248
0.6527333333333334        -42.80886588940441
0.6528                    -42.81054346536166
0.6528666666666667        -42.81465050843509
0.6529333333333334        -42.82131441388444
0.653                     -42.82953821368263
0.6530666666666667        -42.83756430003217
0.6531333333333333        -42.843653935726
0.6532                    -42.84693469328424
0.6532666666666667        -42.84789455255755
0.6533333333333333        -42.84824467968852
0.6534                    -42.850178249620335
0.6534666666666666        -42.855357252710775
0.6535333333333333        -42.864100116673775
0.6536                    -42.87515954259436
0.6536666666666666        -42.88622128875532
0.6537333333333333        -42.894927936465905
0.6538                    -42.89996908829465
0.6538666666666667        -42.90171491434407
0.6539333333333334        -42.90206986107931
0.654                     -42.90360462105131
0.6540666666666667        -42.90837800243803
0.6541333333333333        -42.9169973597212
0.6542                    -42.928341118837366
0.6542666666666668        -42.94006424851732
0.6543333333333334        -42.9496594027507
0.6544000000000001        -42.9555885104367
0.6544666666666668        -42.957954279311245
0.6545333333333334        -42.95839797983203
0.6546000000000001        -42.95929283827846
0.6546666666666667        -42.96264045356027
0.6547333333333334        -42.96919212312616
0.6548                    -42.97817749699546
0.6548666666666667        -42.98772801522488
0.6549333333333334        -42.99577068427472
0.655                     -43.000963897786086
0.6550666666666667        -43.003240747255525
0.6551333333333333        -43.003729430539764
0.6552                    -43.00413441507553
0.6552666666666667        -43.005914707309884
0.6553333333333333        -43.00965857174095
0.6554                    -43.01491971471839
0.6554666666666666        -43.020540130865186
0.6555333333333333        -43.025259862059684
0.6556                    -43.02830032507467
0.6556666666666666        -43.0296502869417
0.6557333333333333        -43.02995483780454
0.6558                    -43.030113504876006
0.6558666666666667        -43.030823110080505
0.6559333333333334        -43.03229482690103
0.656                     -43.03425488294273
0.6560666666666667        -43.03618138055243
0.6561333333333333        -43.037618734166365
0.6562                    -43.038395915840155
0.6562666666666667        -43.03865211582712
0.6563333333333334        -43.0386921596333
0.6564000000000001        -43.03878394875379
0.6564666666666668        -43.03902410503709
0.6565333333333334        -43.0393375237695
0.6566000000000001        -43.03958589297363
0.6566666666666667        -43.039696175575585
0.6567333333333334        -43.0397185612678
0.6568                    -43.03978039696628
0.6568666666666667        -43.03997809225451
0.6569333333333334        -43.04029278869584
0.657                     -43.04059917027288
0.6570666666666667        -43.04077086416504
0.6571333333333333        -43.040813368612454
0.6572                    -43.04092528163771
0.6572666666666667        -43.041425011661936
0.6573333333333333        -43.04256524974606
0.6574                    -43.044339833357284
0.6574666666666666        -43.04641315624149
0.6575333333333333        -43.048247602976105
0.6576                    -43.049392551745555
0.6576666666666666        -43.04978961201897
0.6577333333333333        -43.04991075976087
0.6578                    -43.050613897853374
0.6578666666666667        -43.052747896132395
0.6579333333333334        -43.05668794854902
0.658                     -43.062047313376446
0.6580666666666667        -43.067750439779424
0.6581333333333333        -43.072484488534556
0.6582                    -43.07534484789201
0.6582666666666667        -43.076358163786296
0.6583333333333334        -43.07658987458535
0.6584000000000001        -43.077732498057244
0.6584666666666668        -43.08133461453479
0.6585333333333334        -43.0880262676061
0.6586000000000001        -43.097122237624276
0.6586666666666667        -43.10682871801933
0.6587333333333334        -43.11500654957797
0.6588                    -43.12016671553512
0.6588666666666667        -43.12222437516765
0.6589333333333334        -43.12261851105879
0.659                     -43.123703003629515
0.6590666666666667        -43.1276778192483
0.6591333333333333        -43.13555667203573
0.6592                    -43.14665242109893
0.6592666666666667        -43.15883066197431
0.6593333333333333        -43.16944148112028
0.6594                    -43.17652144730087
0.6594666666666666        -43.17970448305747
0.6595333333333333        -43.18039536605183
0.6596                    -43.18111534793874
0.6596666666666666        -43.18433777572187
0.6597333333333333        -43.1913658850307
0.6598                    -43.20176135924146
0.6598666666666667        -43.213566448741744
0.6599333333333334        -43.2242073748187
0.66                      -43.23166198060964
0.6600666666666667        -43.235348103882586
0.6601333333333333        -43.23632018328294
0.6602                    -43.236704969446535
0.6602666666666667        -43.23867986867809
0.6603333333333334        -43.24349485186381
0.6604000000000001        -43.25097805617066
0.6604666666666668        -43.25971173083268
0.6605333333333334        -43.26775416122761
0.6606000000000001        -43.27354567103848
0.6606666666666667        -43.27657008465076
0.6607333333333334        -43.27748118550997
0.6608                    -43.27768065871726
0.6608666666666667        -43.278600255863495
0.6609333333333334        -43.28105595476365
0.661                     -43.28496448970086
0.6610666666666667        -43.28950826310195
0.6611333333333334        -43.29361604056763
0.6612                    -43.296494069128364
0.6612666666666667        -43.29794852187926
0.6613333333333333        -43.29837285570403
0.6614                    -43.29845638776757
0.6614666666666666        -43.29880251502572
0.6615333333333333        -43.29966205425406
0.6616                    -43.3008957249963
0.6616666666666666        -43.30214322802331
0.6617333333333333        -43.3030718880064
0.6617999999999999        -43.30355595485693
0.6618666666666667        -43.303700284415044
0.6619333333333334        -43.30372484540565
0.662                     -43.30380578272533
0.6620666666666667        -43.30398043850038
0.6621333333333334        -43.30416804803471
0.6622                    -43.30427544131859
0.6622666666666667        -43.3043016394182
0.6623333333333334        -43.30436077793222
0.6624000000000001        -43.304603796401715
0.6624666666666668        -43.30509455193447
0.6625333333333334        -43.305734709062314
0.6626000000000001        -43.306306139655646
0.6626666666666667        -43.30662270644492
0.6627333333333334        -43.30670230976922
0.6628000000000001        -43.30683889263959
0.6628666666666667        -43.307499924663745
0.6629333333333334        -43.309077630906685
0.663                     -43.31162293373444
0.6630666666666667        -43.314726531175
0.6631333333333334        -43.31765204894697
0.6632                    -43.31969378055401
0.6632666666666667        -43.32059254711166
0.6633333333333333        -43.3207790062285
0.6634                    -43.321275435272604
0.6634666666666666        -43.32325604079301
0.6635333333333333        -43.32745514886553
0.6636                    -43.33371771841347
0.6636666666666666        -43.34094694887379
0.6637333333333333        -43.347529389255314
0.6638                    -43.35208067672312
0.6638666666666667        -43.35416588491476
0.6639333333333334        -43.354618177426694
0.664                     -43.35525157729109
0.6640666666666667        -43.35806279386983
0.6641333333333334        -43.36428196252441
0.6642                    -43.37372306752148
0.6642666666666667        -43.38476363007503
0.6643333333333334        -43.39500737134032
0.6644000000000001        -43.402362926311085
0.6644666666666668        -43.40604440826716
0.6645333333333334        -43.406996945125684
0.6646000000000001        -43.4075107529685
0.6646666666666667        -43.41018803326412
0.6647333333333334        -43.41674503984413
0.6648000000000001        -43.427203998989555
0.6648666666666667        -43.439846316165486
0.6649333333333334        -43.45196062349935
0.665                     -43.461061606003
0.6650666666666667        -43.466021551979935
0.6651333333333334        -43.46757427834337
0.6652                    -43.46794787303629
0.6652666666666667        -43.46981431921468
0.6653333333333333        -43.47506786004861
0.6654                    -43.48399636183467
0.6654666666666667        -43.49520094662995
0.6655333333333333        -43.50627397345099
0.6656                    -43.514910069028446
0.6656666666666666        -43.519930958184716
0.6657333333333333        -43.52174897264423
0.6658                    -43.52207511309174
0.6658666666666667        -43.523053556464866
0.6659333333333334        -43.5262671090701
0.666                     -43.53207902911266
0.6660666666666667        -43.539578793657654
0.6661333333333334        -43.547104374491006
0.6662                    -43.553056824088394
0.6662666666666667        -43.556608991258976
0.6663333333333333        -43.5579875228095
0.6664000000000001        -43.55823766225308
0.6664666666666668        -43.55864006903947
0.6665333333333334        -43.56009829727647
0.6666000000000001        -43.56278901694618
0.6666666666666667        -43.566202603023
0.6667333333333334        -43.56949893325275
0.6668000000000001        -43.57196226351398
0.6668666666666667        -43.57331943725672
0.6669333333333334        -43.57378581080713
0.667                     -43.57386117299971
0.6670666666666667        -43.57402385215891
0.6671333333333334        -43.57450067049605
0.6672                    -43.575220254999735
0.6672666666666667        -43.5759395297466
0.6673333333333333        -43.576438641868556
0.6674                    -43.576657505885315
0.6674666666666667        -43.57670185037259
0.6675333333333333        -43.57673798436203
0.6676                    -43.57686453114368
0.6676666666666666        -43.577055006988594
0.6677333333333333        -43.5772083181189
0.6678                    -43.57726498035217
0.6678666666666667        -43.57729796244611
0.6679333333333334        -43.577501480216
0.668                     -43.57807098863595
0.6680666666666667        -43.5790482333114
0.6681333333333334        -43.58024252105598
0.6682                    -43.581304377542274
0.6682666666666667        -43.5819356016702
0.6683333333333333        -43.58212323551729
0.6684000000000001        -43.582246307259275
0.6684666666666668        -43.58295713775574
0.6685333333333334        -43.58486297098057
0.6686000000000001        -43.588160793681546
0.6686666666666667        -43.59243262409319
0.6687333333333334        -43.59675074391472
0.6688000000000001        -43.60009060260913
0.6688666666666667        -43.60187387217514
0.6689333333333334        -43.60236084563665
0.669                     -43.60265284503575
0.6690666666666667        -43.604248986877074
0.6691333333333334        -43.608336198166086
0.6692                    -43.615149248966176
0.6692666666666667        -43.623733807276494
0.6693333333333333        -43.6322769034227
0.6694                    -43.638903312256396
0.6694666666666667        -43.64258750408244
0.6695333333333333        -43.64372972721728
0.6696                    -43.64407406629533
0.6696666666666666        -43.645962941337984
0.6697333333333333        -43.651258191473595
0.6698                    -43.66043165171543
0.6698666666666666        -43.67226087909897
0.6699333333333334        -43.684302482409585
0.67                      -43.693965684508036
0.6700666666666667        -43.69971046285723
0.6701333333333334        -43.70179640080288
0.6702                    -43.702198505574366
0.6702666666666667        -43.70371307524253
0.6703333333333333        -43.708676576524724
0.6704000000000001        -43.717895440693404
0.6704666666666668        -43.73027084453578
0.6705333333333334        -43.74328518547178
0.6706000000000001        -43.75413604698902
0.6706666666666667        -43.761003418867574
0.6707333333333334        -43.76385574991207
0.6708000000000001        -43.76441276055008
0.6708666666666667        -43.765300855008746
0.6709333333333334        -43.76882913140115
0.671                     -43.775967667521115
0.6710666666666667        -43.785976492106016
0.6711333333333334        -43.796816401687984
0.6712                    -43.80612267711159
0.6712666666666667        -43.81227711240855
0.6713333333333333        -43.81507871696054
0.6714                    -43.815720232270024
0.6714666666666667        -43.816128855006575
0.6715333333333333        -43.8180324135352
0.6716                    -43.82220815289124
0.6716666666666666        -43.828237970828084
0.6717333333333333        -43.834828911394766
0.6718                    -43.84049561533899
0.6718666666666666        -43.844253612836816
0.6719333333333334        -43.845998138996336
0.672                     -43.846425071289175
0.6720666666666667        -43.84658966477255
0.6721333333333334        -43.84736479868944
0.6722                    -43.849073740500195
0.6722666666666667        -43.85144701206825
0.6723333333333333        -43.85387210509296
0.6724000000000001        -43.85576484944485
0.6724666666666668        -43.856855585510814
0.6725333333333334        -43.8572584101033
0.6726000000000001        -43.85732671477961
0.6726666666666667        -43.85741305277652
0.6727333333333334        -43.857684457017285
0.6728000000000001        -43.85808750202244
0.6728666666666667        -43.858454718788586
0.6729333333333334        -43.85866025131143
0.673                     -43.85871507682728
0.6730666666666667        -43.858745212576615
0.6731333333333334        -43.85888153453027
0.6732                    -43.85915046333878
0.6732666666666667        -43.85945202385811
0.6733333333333333        -43.859648553357296
0.6734                    -43.85970547688427
0.6734666666666667        -43.8597798593738
0.6735333333333333        -43.860176524649944
0.6736                    -43.86117508950779
0.6736666666666666        -43.86282382266241
0.6737333333333333        -43.864837476872545
0.6738                    -43.86669340082812
0.6738666666666666        -43.86790923256061
0.6739333333333334        -43.868365559396985
0.674                     -43.86848165170338
0.6740666666666667        -43.869106922528076
0.6741333333333334        -43.87113767806626
0.6742                    -43.875030653442685
0.6742666666666667        -43.880469375347516
0.6743333333333333        -43.886392951768656
0.6744                    -43.891430842555906
0.6744666666666668        -43.89457290138141
0.6745333333333334        -43.895749160779864
0.6746000000000001        -43.89599664949756
0.6746666666666667        -43.89707486631035
0.6747333333333334        -43.90067093580317
0.6748000000000001        -43.90755857377924
0.6748666666666667        -43.91712402636038
0.6749333333333334        -43.927524343093964
0.675                     -43.93646050675619
0.6750666666666667        -43.94224376975278
0.6751333333333334        -43.94465076608759
0.6752                    -43.94512222134101
0.6752666666666667        -43.946166097972174
0.6753333333333333        -43.95022341242285
0.6754                    -43.95852278967975
0.6754666666666667        -43.97045804331793
0.6755333333333333        -43.983791006531334
0.6756                    -43.99561869591786
0.6756666666666666        -44.003687918145395
0.6757333333333333        -44.00744594195179
0.6758                    -44.008310193061966
0.6758666666666666        -44.00901440252785
0.6759333333333334        -44.01234731813426
0.676                     -44.01988369957432
0.6760666666666667        -44.031284854408234
0.6761333333333334        -44.04446949704492
0.6762                    -44.056568079638865
0.6762666666666667        -44.06522458366719
0.6763333333333333        -44.069641199973105
0.6764                    -44.07087602540767
0.6764666666666668        -44.071273435536696
0.6765333333333334        -44.07333565644378
0.6766000000000001        -44.078591844114435
0.6766666666666667        -44.08697736545655
0.6767333333333334        -44.09696535141591
0.6768000000000001        -44.10634381341899
0.6768666666666667        -44.11324999523753
0.6769333333333334        -44.116972131392416
0.677                     -44.118159984026974
0.6770666666666667        -44.118391777135116
0.6771333333333334        -44.119361505169586
0.6772                    -44.12210612852811
0.6772666666666667        -44.12662481977364
0.6773333333333333        -44.13201823528196
0.6774                    -44.13702123122331
0.6774666666666667        -44.14063370623766
0.6775333333333333        -44.142539544555966
0.6776                    -44.14314085171979
0.6776666666666666        -44.14324569160142
0.6777333333333333        -44.14361545999401
0.6778                    -44.144618058507426
0.6778666666666666        -44.14614117580038
0.6779333333333333        -44.147763214845384
0.678                     -44.14904728051152
0.6780666666666667        -44.14978068740804
0.6781333333333334        -44.15004057508105
0.6782                    -44.15008239555728
0.6782666666666667        -44.150150142676324
0.6783333333333333        -44.150337555448786
0.6784                    -44.15057844275601
0.6784666666666668        -44.15075131972314
0.6785333333333334        -44.150809593708644
0.6786000000000001        -44.150838575347464
0.6786666666666668        -44.150997820225555
0.6787333333333334        -44.15139210867252
0.6788000000000001        -44.151969645968016
0.6788666666666667        -44.152533803325056
0.6789333333333334        -44.15288016190651
0.679                     -44.152979694534515
0.6790666666666667        -44.153081486339275
0.6791333333333334        -44.15364151370965
0.6792                    -44.155085629035824
0.6792666666666667        -44.157527029128474
0.6793333333333333        -44.16061107748136
0.6794                    -44.16361360979415
0.6794666666666667        -44.165787260195124
0.6795333333333333        -44.16679897061927
0.6796                    -44.16701802441121
0.6796666666666666        -44.16746015561661
0.6797333333333333        -44.16936133883634
0.6798                    -44.17355936294675
0.6798666666666666        -44.179989003288355
0.6799333333333333        -44.18757434278703
0.68                      -44.19463057917346
0.6800666666666667        -44.19963660265039
0.6801333333333334        -44.20202421162334
0.6802                    -44.2025734681211
0.6802666666666667        -44.20316675426412
0.6803333333333333        -44.20596965734503
0.6804                    -44.21240455931576
0.6804666666666668        -44.222403446719
0.6805333333333334        -44.2343174207161
0.6806000000000001        -44.24557530027299
0.6806666666666668        -44.253834879373144
0.6807333333333334        -44.25810413338824
0.6808000000000001        -44.259276001909164
0.6808666666666667        -44.25978058103575
0.6809333333333334        -44.26249508010099
0.681                     -44.2694196570461
0.6810666666666667        -44.28073308064229
0.6811333333333334        -44.294662889747826
0.6812                    -44.308245216395534
0.6812666666666667        -44.31865220207748
0.6813333333333333        -44.324483699672186
0.6814                    -44.326404964061446
0.6814666666666667        -44.32681656040424
0.6815333333333333        -44.328724417171934
0.6816                    -44.33436239337074
0.6816666666666666        -44.34420635057571
0.6817333333333333        -44.35680585597309
0.6818                    -44.36948289504711
0.6818666666666666        -44.37956547661986
0.6819333333333333        -44.38558240750889
0.682                     -44.38786209812853
0.6820666666666667        -44.388273769854706
0.6821333333333334        -44.389279146577955
0.6822                    -44.39278479543705
0.6822666666666667        -44.39933612526719
0.6823333333333333        -44.407986945345364
0.6824                    -44.41684756087632
0.6824666666666667        -44.424011910107794
0.6825333333333334        -44.42841078703271
0.6826000000000001        -44.43020017732482
0.6826666666666668        -44.43054450336302
0.6827333333333334        -44.43096123337657
0.6828000000000001        -44.43258813112246
0.6828666666666667        -44.43572660677924
0.6829333333333334        -44.439837038967276
0.683                     -44.44392575498718
0.6830666666666667        -44.447085630541146
0.6831333333333334        -44.448908426465465
0.6832                    -44.44958656923401
0.6832666666666667        -44.44970336466265
0.6833333333333333        -44.44987031592544
0.6834                    -44.4504244373427
0.6834666666666667        -44.451331796599646
0.6835333333333333        -44.452309141075034
0.6836                    -44.45305502821235
0.6836666666666666        -44.45343874437547
0.6837333333333333        -44.45354422457778
0.6838                    -44.45356907532385
0.6838666666666666        -44.45366897415837
0.6839333333333333        -44.45386125601313
0.684                     -44.45404945887663
0.6840666666666667        -44.4541413807803
0.6841333333333334        -44.454166369230315
0.6842                    -44.45429694522525
0.6842666666666667        -44.45474649148395
0.6843333333333333        -44.455605458751606
0.6844                    -44.45673280626983
0.6844666666666667        -44.45779776717913
0.6845333333333334        -44.458476649793795
0.6846000000000001        -44.458701864987404
0.6846666666666668        -44.458804093476346
0.6847333333333334        -44.45942787921982
0.6848000000000001        -44.461224246664834
0.6848666666666667        -44.46446425769969
0.6849333333333334        -44.4687911653796
0.685                     -44.47328523826382
0.6850666666666667        -44.47686445836589
0.6851333333333334        -44.478854913780324
0.6852                    -44.47943850034892
0.6852666666666667        -44.47970815504004
0.6853333333333333        -44.48124252597404
0.6854                    -44.485364279071334
0.6854666666666667        -44.49243140551062
0.6855333333333333        -44.501528630167904
0.6856                    -44.510762536461534
0.6856666666666666        -44.518083828129214
0.6857333333333333        -44.52228125556832
0.6858                    -44.52365758101322
0.6858666666666666        -44.52401137039054
0.6859333333333333        -44.525880343402605
0.686                     -44.53137679401369
0.6860666666666667        -44.541157069439244
0.6861333333333334        -44.554018121335204
0.6862                    -44.56734383278131
0.6862666666666667        -44.57824499997172
0.6863333333333334        -44.58489468563105
0.6864                    -44.587420975174375
0.6864666666666667        -44.58789761039243
0.6865333333333334        -44.58941281982983
0.6866000000000001        -44.59465557383225
0.6866666666666668        -44.60468053333596
0.6867333333333334        -44.61841154395159
0.6868000000000001        -44.6331065797433
0.6868666666666667        -44.64558542268151
0.6869333333333334        -44.653669377596145
0.687                     -44.6571580756476
0.6870666666666667        -44.65787424096885
0.6871333333333334        -44.65876958733289
0.6872                    -44.66254670152321
0.6872666666666667        -44.67045528517652
0.6873333333333334        -44.681794604137366
0.6874                    -44.69430790993937
0.6874666666666667        -44.705257014918274
0.6875333333333333        -44.71266759875513
0.6876                    -44.71616356841033
0.6876666666666666        -44.717017202146074
0.6877333333333333        -44.717439794496734
0.6878                    -44.719505152240984
0.6878666666666666        -44.72423693153827
0.6879333333333333        -44.73125875621483
0.688                     -44.73910905358193
0.6880666666666667        -44.74601398140197
0.6881333333333334        -44.75072082778139
0.6882                    -44.75299772921855
0.6882666666666667        -44.7535991925252
0.6883333333333334        -44.753777632918805
0.6884                    -44.75463451395555
0.6884666666666667        -44.75664391531304
0.6885333333333334        -44.75954996244691
0.6886000000000001        -44.762629072256686
0.6886666666666668        -44.76513155266539
0.6887333333333334        -44.76665499142277
0.6888000000000001        -44.76727250768845
0.6888666666666667        -44.7673929629866
0.6889333333333334        -44.76747621862152
0.6890000000000001        -44.76778472350165
0.6890666666666667        -44.76830191400464
0.6891333333333334        -44.768831367597514
0.6892                    -44.769182875487985
0.6892666666666667        -44.76931349324932
0.6893333333333334        -44.7693385270492
0.6894                    -44.769423202276485
0.6894666666666667        -44.76964646813346
0.6895333333333333        -44.76994277362829
0.6896                    -44.770168792914795
0.6896666666666667        -44.77025007145461
0.6897333333333333        -44.77029880938993
0.6898                    -44.770603203493586
0.6898666666666666        -44.7714697697425
0.6899333333333333        -44.77300392971912
0.69                      -44.7749734445061
0.6900666666666667        -44.77687022002157
0.6901333333333334        -44.77817616965142
0.6902                    -44.77870620672821
0.6902666666666667        -44.77882633203913
0.6903333333333334        -44.779384224552516
0.6904                    -44.78133642795687
0.6904666666666667        -44.78523389449995
0.6905333333333334        -44.79083479117428
0.6906000000000001        -44.79708358550112
0.6906666666666668        -44.802530654535026
0.6907333333333334        -44.806036249722105
0.6908000000000001        -44.807420476936656
0.6908666666666667        -44.807699698021
0.6909333333333334        -44.80872962302435
0.6910000000000001        -44.81237527352144
0.6910666666666667        -44.81958484658668
0.6911333333333334        -44.82982110135656
0.6912                    -44.84116436812783
0.6912666666666667        -44.85110420417169
0.6913333333333334        -44.8576990134022
0.6914                    -44.86055899848013
0.6914666666666667        -44.861141130493074
0.6915333333333333        -44.86216156073545
0.6916                    -44.86637321121285
0.6916666666666667        -44.875274756049954
0.6917333333333333        -44.888353134571204
0.6918                    -44.90322609250997
0.6918666666666666        -44.9166588288196
0.6919333333333333        -44.92602520026391
0.692                     -44.930537751786524
0.6920666666666667        -44.93163872279141
0.6921333333333334        -44.9323432026203
0.6922                    -44.9358499697658
0.6922666666666667        -44.94408266161247
0.6923333333333334        -44.95682691770352
0.6924                    -44.97183726427488
0.6924666666666667        -44.9858583107021
0.6925333333333333        -44.99610011700311
0.6926000000000001        -45.00148528877425
0.6926666666666668        -45.00307780532306
0.6927333333333334        -45.00350619075505
0.6928000000000001        -45.00569605273795
0.6928666666666667        -45.01154077690821
0.6929333333333334        -45.021117061204365
0.6930000000000001        -45.03275824596891
0.6930666666666667        -45.04390145858626
0.6931333333333334        -45.05228741499782
0.6932                    -45.056945143266624
0.6932666666666667        -45.058514225350386
0.6933333333333334        -45.058799960736536
0.6934                    -45.05983867655931
0.6934666666666667        -45.06295963284514
0.6935333333333333        -45.06827605929161
0.6936                    -45.07478810793324
0.6936666666666667        -45.08098009759174
0.6937333333333333        -45.08557968487683
0.6938                    -45.08810390512543
0.6938666666666666        -45.088958212218124
0.6939333333333333        -45.08910106131736
0.694                     -45.08950120783905
0.6940666666666667        -45.090685890433605
0.6941333333333334        -45.09258688092994
0.6942                    -45.094709433183446
0.6942666666666667        -45.09648183652629
0.6943333333333334        -45.09757267922784
0.6944                    -45.098013774081416
0.6944666666666667        -45.0980985504967
0.6945333333333333        -45.09815645283253
0.6946000000000001        -45.09835879166757
0.6946666666666668        -45.09866766381728
0.6947333333333334        -45.098934579068924
0.6948000000000001        -45.099058840697666
0.6948666666666667        -45.09908596946006
0.6949333333333334        -45.099177763285425
0.6950000000000001        -45.09948094356553
0.6950666666666667        -45.099996391585364
0.6951333333333334        -45.10055530078661
0.6952                    -45.100937607042304
0.6952666666666667        -45.10106599433992
0.6953333333333334        -45.10114235781846
0.6954                    -45.101611581122334
0.6954666666666667        -45.10293749652086
0.6955333333333333        -45.1053012731142
0.6956                    -45.10840511560122
0.6956666666666667        -45.11153216548713
0.6957333333333333        -45.11388242412536
0.6958                    -45.11503809278266
0.6958666666666666        -45.11530467711652
0.6959333333333333        -45.115702647673245
0.696                     -45.11755244408771
0.6960666666666666        -45.1218193133056
0.6961333333333334        -45.12853960678457
0.6962                    -45.136648079510906
0.6962666666666667        -45.144356868268915
0.6963333333333334        -45.14996762228235
0.6964                    -45.15275000717392
0.6964666666666667        -45.15343174596565
0.6965333333333333        -45.15399881542429
0.6966000000000001        -45.15684256204643
0.6966666666666668        -45.16363049896677
0.6967333333333334        -45.174434758934446
0.6968000000000001        -45.18755640059028
0.6968666666666667        -45.200185292307
0.6969333333333334        -45.20965011984944
0.6970000000000001        -45.21469732029974
0.6970666666666667        -45.21616497553044
0.6971333333333334        -45.21667887379856
0.6972                    -45.219482498232736
0.6972666666666667        -45.22694553017328
0.6973333333333334        -45.239443166220575
0.6974                    -45.255121890775754
0.6974666666666667        -45.27067873896585
0.6975333333333333        -45.28283331233403
0.6976                    -45.289830073677166
0.6976666666666667        -45.29225053031542
0.6977333333333333        -45.29272929109199
0.6978                    -45.29471642477635
0.6978666666666666        -45.30089363788313
0.6979333333333333        -45.31198226903341
0.698                     -45.32646098714225
0.6980666666666666        -45.34129254979681
0.6981333333333334        -45.353318706568125
0.6982                    -45.36067927194
0.6982666666666667        -45.36359053255165
0.6983333333333334        -45.3641311060069
0.6984                    -45.365184220391235
0.6984666666666667        -45.36908734763926
0.6985333333333333        -45.376630478445975
0.6986000000000001        -45.38682396361196
0.6986666666666668        -45.39747870314014
0.6987333333333334        -45.40628024410972
0.6988000000000001        -45.41183336119747
0.6988666666666667        -45.414193733906615
0.6989333333333334        -45.414679012765795
0.6990000000000001        -45.415120082507876
0.6990666666666667        -45.41696941368624
0.6991333333333334        -45.420701245614204
0.6992                    -45.42574372756406
0.6992666666666667        -45.43090348844831
0.6993333333333334        -45.43501755125096
0.6994                    -45.4374911884581
0.6994666666666667        -45.438477376738234
0.6995333333333333        -45.43866400507147
0.6996                    -45.43883903559774
0.6996666666666667        -45.43949172555322
0.6997333333333333        -45.44064733828357
0.6998                    -45.441977633221306
0.6998666666666666        -45.44307572319424
0.6999333333333333        -45.443712845200295
0.7                       -45.44393457753812
0.7000666666666666        -45.44397029880887
0.7001333333333333        -45.4440464426218
0.7001999999999999        -45.44424118486696
0.7002666666666666        -45.44447355549512
0.7003333333333333        -45.44461941560374
0.7004000000000001        -45.44465796467275
0.7004666666666668        -45.44473269183186
0.7005333333333335        -45.44507222118449
0.7006000000000001        -45.445818710226305
0.7006666666666668        -45.44688609236127
0.7007333333333334        -45.44796525163708
0.7008000000000001        -45.44870535808053
0.7008666666666667        -45.448980104620844
0.7009333333333334        -45.44907038488921
0.7010000000000001        -45.44961828451282
0.7010666666666667        -45.45133008715197
0.7011333333333334        -45.45456248519474
0.7012                    -45.45902316707922
0.7012666666666667        -45.46378992316253
0.7013333333333334        -45.467701535200874
0.7014                    -45.46996618121567
0.7014666666666667        -45.4706786364001
0.7015333333333333        -45.47093784262677
0.7016                    -45.472437355438664
0.7016666666666667        -45.476677165859584
0.7017333333333333        -45.484165048083234
0.7018                    -45.49401911264938
0.7018666666666666        -45.50422426221746
0.7019333333333333        -45.51249530955169
0.702                     -45.51738172169247
0.7020666666666666        -45.51907287209184
0.7021333333333333        -45.51945723603787
0.7021999999999999        -45.521343087118844
0.7022666666666666        -45.52717546323051
0.7023333333333333        -45.53784543233093
0.7024000000000001        -45.552160025273
0.7024666666666668        -45.567259357027716
0.7025333333333335        -45.57985020875259
0.7026000000000001        -45.58772620793377
0.7026666666666668        -45.590850852875036
0.7027333333333334        -45.59144318877391
0.7028000000000001        -45.592991225344825
0.7028666666666668        -45.59865714696444
0.7029333333333334        -45.609822254916935
0.7030000000000001        -45.625431765346384
0.7030666666666667        -45.64243470487397
0.7031333333333334        -45.65713930471391
0.7032                    -45.666884827198444
0.7032666666666667        -45.67124752998667
0.7033333333333334        -45.67219426368477
0.7034                    -45.67311936427811
0.7034666666666667        -45.67725732482177
0.7035333333333333        -45.68623422952598
0.7036                    -45.69940123648445
0.7036666666666667        -45.714207332613796
0.7037333333333333        -45.72740884894007
0.7038                    -45.73654781968402
0.7038666666666666        -45.741008285850526
0.7039333333333333        -45.74216778877566
0.704                     -45.74262155015595
0.7040666666666666        -45.74491335800169
0.7041333333333333        -45.75040439978446
0.7041999999999999        -45.758780188797566
0.7042666666666666        -45.76835530656359
0.7043333333333333        -45.77696584588975
0.7044000000000001        -45.782991343734466
0.7044666666666668        -45.786020148390435
0.7045333333333335        -45.78687919274892
0.7046000000000001        -45.78708508615334
0.7046666666666668        -45.788051671454035
0.7047333333333334        -45.79046472306766
0.7048000000000001        -45.79409569502389
0.7048666666666668        -45.79807665146986
0.7049333333333334        -45.80143368062171
0.7050000000000001        -45.80357811724751
0.7050666666666667        -45.80451784862166
0.7051333333333334        -45.804728793442216
0.7052                    -45.80481391014093
0.7052666666666667        -45.80516979542735
0.7053333333333334        -45.80583965721941
0.7054                    -45.80659778968431
0.7054666666666667        -45.807171704942164
0.7055333333333333        -45.80744250761703
0.7056                    -45.8075014926101
0.7056666666666667        -45.807549029132126
0.7057333333333333        -45.80772786204186
0.7058                    -45.80801986271497
0.7058666666666666        -45.80828309677364
0.7059333333333333        -45.80840224368601
0.706                     -45.80843942169621
0.7060666666666666        -45.8086628719709
0.7061333333333333        -45.80940817105499
0.7061999999999999        -45.81084396424067
0.7062666666666666        -45.81279555058945
0.7063333333333333        -45.814767396551794
0.7064000000000001        -45.81619700057849
0.7064666666666668        -45.81682410438361
0.7065333333333335        -45.81695988700414
0.7066000000000001        -45.81746227926796
0.7066666666666668        -45.819370993765666
0.7067333333333334        -45.823353955490916
0.7068000000000001        -45.8292521621027
0.7068666666666668        -45.835999779261336
0.7069333333333334        -45.84203142125425
0.7070000000000001        -45.846036290561756
0.7070666666666667        -45.8477014330649
0.7071333333333334        -45.848035280043035
0.7072                    -45.84903897322553
0.7072666666666667        -45.8528217540934
0.7073333333333334        -45.86055820197664
0.7074                    -45.8717962056905
0.7074666666666667        -45.88449332158983
0.7075333333333333        -45.895841494227994
0.7076                    -45.90355758897503
0.7076666666666667        -45.90703899199096
0.7077333333333333        -45.907783450359574
0.7078                    -45.908805688033695
0.7078666666666666        -45.91328829837326
0.7079333333333333        -45.923091126125584
0.708                     -45.93781381607306
0.7080666666666666        -45.95486264397018
0.7081333333333333        -45.970540171016914
0.7081999999999999        -45.98170951483085
0.7082666666666666        -45.98726949013595
0.7083333333333333        -45.9887084575761
0.7083999999999999        -45.98943798538328
0.7084666666666668        -45.99322373080197
0.7085333333333335        -46.002465384276235
0.7086000000000001        -46.017112484345226
0.7086666666666668        -46.03468701106901
0.7087333333333334        -46.0513981426005
0.7088000000000001        -46.06385654199058
0.7088666666666668        -46.070600306920525
0.7089333333333334        -46.072704536999744
0.7090000000000001        -46.073193455951994
0.7090666666666667        -46.075579527948236
0.7091333333333334        -46.082260092788815
0.7092                    -46.093507912076404
0.7092666666666667        -46.10746435279641
0.7093333333333334        -46.12108162928057
0.7094                    -46.131549525647614
0.7094666666666667        -46.13753362945729
0.7095333333333333        -46.13965469558772
0.7096                    -46.14003002281489
0.7096666666666667        -46.141171004561706
0.7097333333333333        -46.14481613915355
0.7098                    -46.15124337667318
0.7098666666666666        -46.15932006738949
0.7099333333333333        -46.16718601826705
0.71                      -46.173188326139176
0.7100666666666666        -46.176604748131254
0.7101333333333333        -46.177836570698084
0.7101999999999999        -46.17804551582953
0.7102666666666666        -46.178488774896735
0.7103333333333333        -46.179921411910826
0.7103999999999999        -46.18234619343628
0.7104666666666668        -46.185175080930364
0.7105333333333335        -46.18765159076207
0.7106000000000001        -46.18927449465363
0.7106666666666668        -46.19000267972236
0.7107333333333334        -46.190172390744124
0.7108000000000001        -46.19022708039422
0.7108666666666668        -46.19044906320233
0.7109333333333334        -46.19084962643467
0.7110000000000001        -46.191254477620454
0.7110666666666667        -46.19149522514828
0.7111333333333334        -46.19156116353093
0.7112                    -46.19160787535436
0.7112666666666667        -46.19182706668633
0.7113333333333334        -46.192282314992326
0.7114                    -46.19284149253187
0.7114666666666667        -46.19327099518145
0.7115333333333334        -46.19344126988029
0.7116                    -46.193502978565505
0.7116666666666667        -46.19389206107428
0.7117333333333333        -46.19511995158536
0.7118                    -46.19744731733556
0.7118666666666666        -46.20063745773082
0.7119333333333333        -46.20397151784513
0.712                     -46.20657625018183
0.7120666666666666        -46.20792869761563
0.7121333333333333        -46.20826551656123
0.7121999999999999        -46.20863148396544
0.7122666666666666        -46.21047155073739
0.7123333333333333        -46.21492094553216
0.7123999999999999        -46.22213876198053
0.7124666666666668        -46.23105319649048
0.7125333333333335        -46.23971851714976
0.7126000000000001        -46.24618886758487
0.7126666666666668        -46.249521552989286
0.7127333333333334        -46.25039294907451
0.7128000000000001        -46.25095312566739
0.7128666666666668        -46.25391688145375
0.7129333333333334        -46.261287562780026
0.7130000000000001        -46.27331539577529
0.7130666666666667        -46.28821102341634
0.7131333333333334        -46.302815853170245
0.7132000000000001        -46.313995656635385
0.7132666666666667        -46.32014080706659
0.7133333333333334        -46.32203045006585
0.7134                    -46.3225819510076
0.7134666666666667        -46.32556098197143
0.7135333333333334        -46.33385229401778
0.7136                    -46.348094711063354
0.7136666666666667        -46.366306693837345
0.7137333333333333        -46.38469827363093
0.7138                    -46.39934897835918
0.7138666666666666        -46.408006882476876
0.7139333333333333        -46.41114495069246
0.714                     -46.41173815310462
0.7140666666666666        -46.41386918778636
0.7141333333333333        -46.420851465762816
0.7142                    -46.433748360584524
0.7142666666666666        -46.45093337374138
0.7143333333333333        -46.468857835858216
0.7143999999999999        -46.48367308012466
0.7144666666666668        -46.49296658830398
0.7145333333333335        -46.496795756995894
0.7146000000000001        -46.49753760769586
0.7146666666666668        -46.49867517795074
0.7147333333333334        -46.503159097135836
0.7148000000000001        -46.51212882188858
0.7148666666666668        -46.52453629474365
0.7149333333333334        -46.53776965928682
0.7150000000000001        -46.54893317241725
0.7150666666666667        -46.5561630345517
0.7151333333333334        -46.559365411677966
0.7152000000000001        -46.56007074896847
0.7152666666666667        -46.56055470905581
0.7153333333333334        -46.56272114243936
0.7154                    -46.56729760503303
0.7154666666666667        -46.57367475719905
0.7155333333333334        -46.580380241059956
0.7156                    -46.585885745265436
0.7156666666666667        -46.589323599067036
0.7157333333333333        -46.590780485938495
0.7158                    -46.59108551260687
0.7158666666666667        -46.591276511003514
0.7159333333333333        -46.59206532025934
0.716                     -46.59357195101382
0.7160666666666666        -46.595414200313954
0.7161333333333333        -46.59703957354105
0.7162                    -46.59807607095503
0.7162666666666666        -46.598504468424096
0.7163333333333333        -46.59858775474777
0.7163999999999999        -46.59864611452878
0.7164666666666666        -46.598845941244875
0.7165333333333335        -46.599138202821884
0.7166000000000001        -46.599366811986656
0.7166666666666668        -46.59944988170928
0.7167333333333334        -46.599491070893464
0.7168000000000001        -46.599732047411244
0.7168666666666668        -46.60037359180837
0.7169333333333334        -46.60139390663767
0.7170000000000001        -46.60250901154369
0.7170666666666667        -46.60333561313465
0.7171333333333334        -46.60367956794339
0.7172000000000001        -46.60376894650348
0.7172666666666667        -46.60425382131622
0.7173333333333334        -46.605917979754764
0.7174                    -46.609226038610814
0.7174666666666667        -46.6139567088087
0.7175333333333334        -46.6191664560361
0.7176                    -46.623575092381415
0.7176666666666667        -46.62623177540719
0.7177333333333333        -46.62712758074083
0.7178                    -46.62739264594201
0.7178666666666667        -46.62889852650579
0.7179333333333333        -46.63339697189193
0.718                     -46.64159335426114
0.7180666666666666        -46.6526297087194
0.7181333333333333        -46.664296530649096
0.7182                    -46.67396324257516
0.7182666666666666        -46.67984495618285
0.7183333333333333        -46.68198928528355
0.7183999999999999        -46.682437149169246
0.7184666666666666        -46.68440019415328
0.7185333333333335        -46.690801173587666
0.7186000000000001        -46.70285417102154
0.7186666666666668        -46.719359881482674
0.7187333333333334        -46.73708967235637
0.7188000000000001        -46.75216040983756
0.7188666666666668        -46.761823377632325
0.7189333333333334        -46.76581962148428
0.7190000000000001        -46.76659631027838
0.7190666666666667        -46.76823167810425
0.7191333333333334        -46.7745732993038
0.7192000000000001        -46.78746619642459
0.7192666666666667        -46.80587388186866
0.7193333333333334        -46.826287290779135
0.7194                    -46.844267413454325
0.7194666666666667        -46.856454183975686
0.7195333333333334        -46.86210507082086
0.7196                    -46.863405029338956
0.7196666666666667        -46.86439908766617
0.7197333333333333        -46.869097607838285
0.7198                    -46.87967234865355
0.7198666666666667        -46.89554717833435
0.7199333333333333        -46.91374054348248
0.72                      -46.930269926596
0.7200666666666666        -46.941968647343955
0.7201333333333333        -46.9478674022207
0.7202                    -46.94949613482028
0.7202666666666666        -46.95001184993177
0.7203333333333333        -46.952647514627586
0.7203999999999999        -46.959261498231804
0.7204666666666666        -46.96963503165297
0.7205333333333335        -46.98175999037804
0.7206000000000001        -46.992902469893345
0.7206666666666668        -47.0008987868399
0.7207333333333334        -47.00506551393439
0.7208000000000001        -47.00632788532606
0.7208666666666668        -47.00658615487296
0.7209333333333334        -47.007714359106096
0.7210000000000001        -47.01071616738473
0.7210666666666667        -47.01541303865679
0.7211333333333334        -47.02073307194069
0.7212000000000001        -47.02537475822108
0.7212666666666667        -47.02846989053072
0.7213333333333334        -47.029919749580046
0.7214                    -47.03028867474099
0.7214666666666667        -47.0303856554515
0.7215333333333334        -47.03080843216342
0.7216                    -47.03169867708978
0.7216666666666667        -47.03279976265656
0.7217333333333333        -47.033725619465656
0.7218                    -47.0342441705737
0.7218666666666667        -47.03440135121173
0.7219333333333333        -47.03443551856032
0.722                     -47.03457300323698
0.7220666666666666        -47.03486436492657
0.7221333333333333        -47.03517911165157
0.7222                    -47.0353575099432
0.7222666666666666        -47.03540223403
0.7223333333333333        -47.03555738158228
0.7223999999999999        -47.036194111556355
0.7224666666666666        -47.037557316413725
0.7225333333333335        -47.039538472103075
0.7226000000000001        -47.041649642092636
0.7226666666666668        -47.04326574886204
0.7227333333333334        -47.04403189660073
0.7228000000000001        -47.044200641022925
0.7228666666666668        -47.04466258228272
0.7229333333333334        -47.04658409604533
0.7230000000000001        -47.05079349233276
0.7230666666666667        -47.05723082717359
0.7231333333333334        -47.064791579906625
0.7232000000000001        -47.07172679308877
0.7232666666666667        -47.07647753811586
0.7233333333333334        -47.07855431005506
0.7234                    -47.07898030849258
0.7234666666666667        -47.07999214973887
0.7235333333333334        -47.08406494969211
0.7236                    -47.0926950834287
0.7236666666666667        -47.10553194934601
0.7237333333333333        -47.12032674821706
0.7238                    -47.13381655269266
0.7238666666666667        -47.143214435385765
0.7239333333333333        -47.14761994926776
0.724                     -47.14861643623646
0.7240666666666666        -47.149682349144
0.7241333333333333        -47.15464472048987
0.7242                    -47.165890420452534
0.7242666666666666        -47.1831673980668
0.7243333333333333        -47.20354781941673
0.7243999999999999        -47.22263307213572
0.7244666666666666        -47.236523798488435
0.7245333333333333        -47.24366079215724
0.7246000000000001        -47.24561824236634
0.7246666666666668        -47.246415575023704
0.7247333333333335        -47.250672102608355
0.7248000000000001        -47.26149510562522
0.7248666666666668        -47.27906939286464
0.7249333333333334        -47.300559050108916
0.7250000000000001        -47.32136399768307
0.7250666666666667        -47.337192185241435
0.7251333333333334        -47.346005005119494
0.7252000000000001        -47.34889946477232
0.7252666666666667        -47.34950177906175
0.7253333333333334        -47.352211812815135
0.7254                    -47.36018624958268
0.7254666666666667        -47.3739927379539
0.7255333333333334        -47.39148372440474
0.7256                    -47.40887976482967
0.7256666666666667        -47.42253567164548
0.7257333333333333        -47.43056225664358
0.7258                    -47.433546911385434
0.7258666666666667        -47.43407698067454
0.7259333333333333        -47.43538396516744
0.726                     -47.43982991802787
0.7260666666666666        -47.44794893972152
0.7261333333333333        -47.45841459018636
0.7262                    -47.46884848465503
0.7262666666666666        -47.47701791392441
0.7263333333333333        -47.48182894370408
0.7263999999999999        -47.48366628962665
0.7264666666666666        -47.48399344802656
0.7265333333333333        -47.484505323460134
0.7266000000000001        -47.48630963576258
0.7266666666666668        -47.48952799342029
0.7267333333333335        -47.49344094866793
0.7268000000000001        -47.497015509618436
0.7268666666666668        -47.4994879343998
0.7269333333333334        -47.50069512726861
0.7270000000000001        -47.50102621725222
0.7270666666666667        -47.50109105529893
0.7271333333333334        -47.501342941479024
0.7272000000000001        -47.50187870616867
0.7272666666666667        -47.502499020919544
0.7273333333333334        -47.50294293271894
0.7274                    -47.503115054371854
0.7274666666666667        -47.503151748012314
0.7275333333333334        -47.5032972636193
0.7276                    -47.50369655324868
0.7276666666666667        -47.50426876479541
0.7277333333333333        -47.50476784474393
0.7278                    -47.505002385912775
0.7278666666666667        -47.50506380937427
0.7279333333333333        -47.505384705409796
0.728                     -47.50654488233777
0.7280666666666666        -47.50890861013558
0.7281333333333333        -47.512309258999395
0.7282                    -47.51600755030819
0.7282666666666666        -47.5190158640407
0.7283333333333333        -47.52066511416715
0.7283999999999999        -47.521112077532464
0.7284666666666666        -47.52146292744098
0.7285333333333333        -47.52336425172416
0.7286000000000001        -47.528203610562485
0.7286666666666668        -47.536304480852245
0.7287333333333335        -47.546556580828124
0.7288000000000001        -47.55675211320827
0.7288666666666668        -47.56456333870247
0.7289333333333334        -47.56873860708005
0.7290000000000001        -47.569904040479265
0.7290666666666668        -47.570488543094626
0.7291333333333334        -47.57371607947316
0.7292000000000001        -47.58209838726427
0.7292666666666667        -47.596136442986506
0.7293333333333334        -47.61387467334521
0.7294                    -47.63159859131572
0.7294666666666667        -47.64545658853827
0.7295333333333334        -47.653302675666325
0.7296                    -47.65584915707075
0.7296666666666667        -47.656487725470086
0.7297333333333333        -47.65980291875762
0.7298                    -47.669470948500845
0.7298666666666667        -47.68652184196907
0.7299333333333333        -47.708757173962994
0.73                      -47.73161894127359
0.7300666666666666        -47.75018891358351
0.7301333333333333        -47.76144905904124
0.7302                    -47.765716624862414
0.7302666666666666        -47.76651127038774
0.7303333333333333        -47.76890932045552
0.7303999999999999        -47.77720672440956
0.7304666666666666        -47.79299242480342
0.7305333333333333        -47.81446887726153
0.7306000000000001        -47.83728476646897
0.7306666666666668        -47.85650933719933
0.7307333333333335        -47.868863601353425
0.7308000000000001        -47.874156586508605
0.7308666666666668        -47.87523646867889
0.7309333333333334        -47.876530285242026
0.7310000000000001        -47.88195191432325
0.7310666666666668        -47.893190410377514
0.7311333333333334        -47.909109181258955
0.7312000000000001        -47.926435478237494
0.7312666666666667        -47.94135872427287
0.7313333333333334        -47.95127152671256
0.7314                    -47.955836428268974
0.7314666666666667        -47.956913378402284
0.7315333333333334        -47.95747768903134
0.7316                    -47.96014807576909
0.7316666666666667        -47.96605908645046
0.7317333333333333        -47.974551957653546
0.7318                    -47.983721299892935
0.7318666666666667        -47.991462075146394
0.7319333333333333        -47.99646757021553
0.732                     -47.998707759019055
0.7320666666666666        -47.99922498476536
0.7321333333333333        -47.99944889788992
0.7322                    -48.00044853576141
0.7322666666666666        -48.00250543133948
0.7323333333333333        -48.005164782284886
0.7323999999999999        -48.00765104348894
0.7324666666666666        -48.00936325142774
0.7325333333333333        -48.010168468307135
0.7326000000000001        -48.01036842750144
0.7326666666666668        -48.01042149240402
0.7327333333333335        -48.01063343594997
0.7328000000000001        -48.011016354955544
0.7328666666666668        -48.01138021573212
0.7329333333333334        -48.01156074715432
0.7330000000000001        -48.0116028019917
0.7330666666666668        -48.011759876914304
0.7331333333333334        -48.01230731109221
0.7332000000000001        -48.013306213237044
0.7332666666666667        -48.01450279704275
0.7333333333333334        -48.015467818994324
0.7334                    -48.01591868673889
0.7334666666666667        -48.01602369967705
0.7335333333333334        -48.016462654039344
0.7336                    -48.01814330431664
0.7336666666666667        -48.021684890117314
0.7337333333333333        -48.02695169483694
0.7338                    -48.0329413626167
0.7338666666666667        -48.038174262239686
0.7339333333333333        -48.04145672799378
0.734                     -48.04264144566303
0.7340666666666666        -48.04293916100629
0.7341333333333333        -48.04452530314406
0.7342                    -48.04955249619708
0.7342666666666666        -48.05902019200198
0.7343333333333333        -48.07207688395489
0.7343999999999999        -48.08617477575904
0.7344666666666666        -48.09811975725989
0.7345333333333333        -48.105602245625
0.7345999999999999        -48.10847054726602
0.7346666666666668        -48.109042121405366
0.7347333333333335        -48.11119641102042
0.7348000000000001        -48.118622535723404
0.7348666666666668        -48.13303384509489
0.7349333333333334        -48.15319331100752
0.7350000000000001        -48.17525592081988
0.7350666666666668        -48.194378026235285
0.7351333333333334        -48.206942172333136
0.7352000000000001        -48.21235037166849
0.7352666666666667        -48.21344376802428
0.7353333333333334        -48.21527229008169
0.7354                    -48.22279311841845
0.7354666666666667        -48.238588930002194
0.7355333333333334        -48.26163620634177
0.7356                    -48.28767040786283
0.7356666666666667        -48.31103248604858
0.7357333333333334        -48.32722471976982
0.7358                    -48.334992453025684
0.7358666666666667        -48.336888495347225
0.7359333333333333        -48.338029487726814
0.736                     -48.343693753974655
0.7360666666666666        -48.35693921331856
0.7361333333333333        -48.37730412982766
0.7362                    -48.40110172090955
0.7362666666666666        -48.423138438632705
0.7363333333333333        -48.43908142106761
0.7363999999999999        -48.447376733329214
0.7364666666666666        -48.449803472124074
0.7365333333333333        -48.4504438204045
0.7365999999999999        -48.453666056884245
0.7366666666666668        -48.462149055095736
0.7367333333333335        -48.47583700420736
0.7368000000000001        -48.492197063499944
0.7368666666666668        -48.50755833260791
0.7369333333333334        -48.518855641006404
0.7370000000000001        -48.5249462895981
0.7370666666666668        -48.526908077961075
0.7371333333333334        -48.527270465522065
0.7372000000000001        -48.5286697725597
0.7372666666666667        -48.53264297364159
0.7373333333333334        -48.53910585482741
0.7374                    -48.54665952814032
0.7374666666666667        -48.5534636022632
0.7375333333333334        -48.55818066201824
0.7376                    -48.560522422894195
0.7376666666666667        -48.561186735074564
0.7377333333333334        -48.56131748843723
0.7378                    -48.561849142725336
0.7378666666666667        -48.56309868755852
0.7379333333333333        -48.56477352832055
0.738                     -48.56630999537023
0.7380666666666666        -48.567288514094344
0.7381333333333333        -48.56766875085696
0.7382                    -48.567735054219995
0.7382666666666666        -48.56783813787679
0.7383333333333333        -48.568138877192936
0.7384                    -48.56853565835064
0.7384666666666666        -48.56881443352052
0.7385333333333333        -48.5688986735575
0.7385999999999999        -48.56900168626278
0.7386666666666668        -48.569547096205355
0.7387333333333335        -48.57088598707233
0.7388000000000001        -48.57299492801444
0.7388666666666668        -48.57538183423854
0.7389333333333334        -48.577318218000904
0.7390000000000001        -48.578310915665206
0.7390666666666668        -48.578544323284625
0.7391333333333334        -48.57898900590491
0.7392000000000001        -48.58103101920722
0.7392666666666667        -48.58575250045135
0.7393333333333334        -48.59322860002317
0.7394000000000001        -48.60225742641401
0.7394666666666667        -48.6107635495684
0.7395333333333334        -48.616776330477975
0.7396                    -48.619536402596815
0.7396666666666667        -48.62012817823833
0.7397333333333334        -48.62121268516673
0.7398                    -48.625887003102825
0.7398666666666667        -48.63617091864681
0.7399333333333333        -48.65185162902119
0.74                      -48.67030021812109
0.7400666666666667        -48.68746874342512
0.7401333333333333        -48.69972372141267
0.7402                    -48.705685942210835
0.7402666666666666        -48.707117917729896
0.7403333333333333        -48.70831006601207
0.7404                    -48.714186760616265
0.7404666666666666        -48.72801203755073
0.7405333333333333        -48.749759133592235
0.7405999999999999        -48.77590999260892
0.7406666666666668        -48.8008616194693
0.7407333333333335        -48.819417026947825
0.7408000000000001        -48.82924991035026
0.7408666666666668        -48.83210372101243
0.7409333333333334        -48.83305609999785
0.7410000000000001        -48.838190467926225
0.7410666666666668        -48.851814120232675
0.7411333333333334        -48.874500290557876
0.7412000000000001        -48.90279092236338
0.7412666666666667        -48.930693507048105
0.7413333333333334        -48.95236193893366
0.7414000000000001        -48.964764930850954
0.7414666666666667        -48.96904331461443
0.7415333333333334        -48.96987049360881
0.7416                    -48.97318159382852
0.7416666666666667        -48.98344177146733
0.7417333333333334        -49.00172604583214
0.7418                    -49.025390168774635
0.7418666666666667        -49.049391122445805
0.7419333333333333        -49.06863263154389
0.742                     -49.08025330667117
0.7420666666666667        -49.08477501757427
0.7421333333333333        -49.085600368388434
0.7422                    -49.08721505152367
0.7422666666666666        -49.09306991864511
0.7423333333333333        -49.104152362428735
0.7424                    -49.118808419770374
0.7424666666666666        -49.133762818516615
0.7425333333333333        -49.14576806317508
0.7425999999999999        -49.15306929048547
0.7426666666666666        -49.15600853384798
0.7427333333333335        -49.156567952682124
0.7428000000000001        -49.15720695445919
0.7428666666666668        -49.159657392405656
0.7429333333333334        -49.164262047448055
0.7430000000000001        -49.170085151019514
0.7430666666666668        -49.17561650539231
0.7431333333333334        -49.17962840383788
0.7432000000000001        -49.18173052292731
0.7432666666666667        -49.18238869372856
0.7433333333333334        -49.18249410448546
0.7434000000000001        -49.18280063154641
0.7434666666666667        -49.18356738288977
0.7435333333333334        -49.1845693798895
0.7436                    -49.18539838757095
0.7436666666666667        -49.18581411382522
0.7437333333333334        -49.18590867424812
0.7438                    -49.18599839375638
0.7438666666666667        -49.186351298791145
0.7439333333333333        -49.18696782354563
0.744                     -49.187588118962964
0.7440666666666667        -49.187934390181255
0.7441333333333333        -49.18802007779039
0.7442                    -49.188288573373526
0.7442666666666666        -49.18943768077526
0.7443333333333333        -49.191992274604395
0.7444                    -49.1958774628937
0.7444666666666666        -49.20029176632
0.7445333333333333        -49.2040388202691
0.7445999999999999        -49.20620871054655
0.7446666666666666        -49.2068514058211
0.7447333333333335        -49.20721694901467
0.7448000000000001        -49.20932733493295
0.7448666666666668        -49.21500897238179
0.7449333333333334        -49.224845456465125
0.7450000000000001        -49.23761859247172
0.7450666666666668        -49.250625653993225
0.7451333333333334        -49.26085437177204
0.7452000000000001        -49.26652493075375
0.7452666666666667        -49.26821368107076
0.7453333333333334        -49.26888533819863
0.7454000000000001        -49.27269031853654
0.7454666666666667        -49.283037332055954
0.7455333333333334        -49.300843900374346
0.7456                    -49.32382157449581
0.7456666666666667        -49.34723541338432
0.7457333333333334        -49.36594137901098
0.7458                    -49.376846159558184
0.7458666666666667        -49.380574676518904
0.7459333333333333        -49.38140632950382
0.746                     -49.38541669280233
0.7460666666666667        -49.39769987345434
0.7461333333333333        -49.41996884266708
0.7462                    -49.44961219159676
0.7462666666666666        -49.48066929002994
0.7463333333333333        -49.50640725519193
0.7464                    -49.522419320351545
0.7464666666666666        -49.52875436023112
0.7465333333333333        -49.52994527532886
0.7465999999999999        -49.5328918898361
0.7466666666666666        -49.54367847062427
0.7467333333333335        -49.56484277339678
0.7468000000000001        -49.59426974946308
0.7468666666666668        -49.62613890962176
0.7469333333333334        -49.653530644857526
0.7470000000000001        -49.671564234933605
0.7470666666666668        -49.679586791486095
0.7471333333333334        -49.6813197390803
0.7472000000000001        -49.682938334538804
0.7472666666666667        -49.69013632024933
0.7473333333333334        -49.70561905895928
0.7474000000000001        -49.72809325221034
0.7474666666666667        -49.75307132197444
0.7475333333333334        -49.77504585936698
0.7476                    -49.7900158796043
0.7476666666666667        -49.797174714522605
0.7477333333333334        -49.79898379758989
0.7478                    -49.799712628909205
0.7478666666666667        -49.803301223261045
0.7479333333333333        -49.81163009221339
0.748                     -49.82393664481368
0.7480666666666667        -49.83749973726396
0.7481333333333333        -49.84914037435267
0.7482                    -49.85675999069037
0.7482666666666666        -49.860180537502586
0.7483333333333333        -49.860956289858116
0.7484                    -49.86138169917318
0.7484666666666666        -49.8632982619242
0.7485333333333333        -49.867313082405374
0.7485999999999999        -49.87274103529674
0.7486666666666666        -49.87818143029709
0.7487333333333335        -49.882344459462715
0.7488000000000001        -49.88467409560344
0.7488666666666668        -49.885483120837506
0.7489333333333335        -49.885614662914584
0.7490000000000001        -49.885896008857955
0.7490666666666668        -49.88671825082197
0.7491333333333334        -49.88794781864173
0.7492000000000001        -49.889154668806334
0.7492666666666667        -49.889963483839
0.7493333333333334        -49.89029300591068
0.7494000000000001        -49.89035302222077
0.7494666666666667        -49.89044148944494
0.7495333333333334        -49.890711772549494
0.7496                    -49.89108391988115
0.7496666666666667        -49.89135978126165
0.7497333333333334        -49.891449948181254
0.7498                    -49.89153342363764
0.7498666666666667        -49.892009561806425
0.7499333333333333        -49.89324515580439
0.75                      -49.89527459064277
0.7500666666666667        -49.89767192668835
0.7501333333333333        -49.899730509650944
0.7502                    -49.90089638863977
0.7502666666666666        -49.90121600383876
0.7503333333333333        -49.90149995687193
0.7504                    -49.903033069156294
0.7504666666666666        -49.90691931084443
0.7505333333333333        -49.913389980520265
0.7505999999999999        -49.921479487969776
0.7506666666666666        -49.929327855128534
0.7507333333333333        -49.93505487200426
0.7508000000000001        -49.93781109196134
0.7508666666666668        -49.938437562988376
0.7509333333333335        -49.9393019624832
0.7510000000000001        -49.94328990618143
0.7510666666666668        -49.95239011707505
0.7511333333333334        -49.9665602570035
0.7512000000000001        -49.98347754656726
0.7512666666666667        -49.99940811487933
0.7513333333333334        -50.01090411552297
0.7514000000000001        -50.01656415800272
0.7514666666666667        -50.017944137538976
0.7515333333333334        -50.0190619089951
0.7516                    -50.02465431767814
0.7516666666666667        -50.0379869410662
0.7517333333333334        -50.05922834252807
0.7518                    -50.08514872275006
0.7518666666666667        -50.110359101667434
0.7519333333333333        -50.12964650471979
0.752                     -50.14038614360346
0.7520666666666667        -50.14384363061377
0.7521333333333333        -50.14466171024536
0.7522                    -50.1487603122947
0.7522666666666666        -50.16067154046989
0.7523333333333333        -50.18152709494676
0.7524                    -50.20854575477027
0.7524666666666666        -50.23622670456595
0.7525333333333333        -50.25876529548499
0.7525999999999999        -50.27264143378368
0.7526666666666666        -50.27816087454016
0.7527333333333333        -50.27919320697993
0.7528000000000001        -50.281278222718974
0.7528666666666668        -50.28908199794614
0.7529333333333335        -50.30439689978135
0.7530000000000001        -50.32550816897295
0.7530666666666668        -50.34811050756272
0.7531333333333334        -50.36732083227777
0.7532000000000001        -50.37987051482382
0.7532666666666668        -50.385464036388385
0.7533333333333334        -50.386694635248034
0.7534000000000001        -50.38764988692342
0.7534666666666667        -50.3919761877248
0.7535333333333334        -50.40133733443294
0.7536                    -50.4148978858082
0.7536666666666667        -50.42993918513274
0.7537333333333334        -50.4432271031995
0.7538                    -50.4524600465528
0.7538666666666667        -50.45713823676947
0.7539333333333333        -50.45851910173841
0.754                     -50.4587978531856
0.7540666666666667        -50.4600078689259
0.7541333333333333        -50.46318970679578
0.7542                    -50.46815466947955
0.7542666666666666        -50.473836193128776
0.7543333333333333        -50.47895555613941
0.7544                    -50.48263362598202
0.7544666666666666        -50.48467500199739
0.7545333333333333        -50.48546481168135
0.7545999999999999        -50.48562515821636
0.7546666666666666        -50.48566704321437
0.7547333333333333        -50.48581645114054
0.7548000000000001        -50.48605127548307
0.7548666666666668        -50.48625709343853
0.7549333333333335        -50.48636634872706
0.7550000000000001        -50.48639664943204
0.7550666666666668        -50.486399776345785
0.7551333333333334        -50.48640145879506
0.7552000000000001        -50.486406940152705
0.7552666666666668        -50.48647795576158
0.7553333333333334        -50.486808767075544
0.7554000000000001        -50.48770557207959
0.7554666666666667        -50.48943114751759
0.7555333333333334        -50.49198309391433
0.7556                    -50.49495729008883
0.7556666666666667        -50.497641187699216
0.7557333333333334        -50.4993671530535
0.7558                    -50.49998508513954
0.7558666666666667        -50.5001871671451
0.7559333333333333        -50.50143272708543
0.756                     -50.50540079770507
0.7560666666666667        -50.51315986242436
0.7561333333333333        -50.52444635582442
0.7562                    -50.537469578938186
0.7562666666666666        -50.54947356644904
0.7563333333333333        -50.55793531754371
0.7564                    -50.561902478458705
0.7564666666666666        -50.56278440870679
0.7565333333333333        -50.564082837201255
0.7565999999999999        -50.57004582097694
0.7566666666666666        -50.583777629124896
0.7567333333333333        -50.60563588904714
0.7568000000000001        -50.632681896340195
0.7568666666666668        -50.659577790431996
0.7569333333333335        -50.6807421169886
0.7570000000000001        -50.69293096293377
0.7570666666666668        -50.69702052820538
0.7571333333333334        -50.69799767573166
0.7572000000000001        -50.703027248253235
0.7572666666666668        -50.71843346806617
0.7573333333333334        -50.74690702870199
0.7574000000000001        -50.786095986187554
0.7574666666666667        -50.82921223078227
0.7575333333333334        -50.867588994581524
0.7576                    -50.89431256886616
0.7576666666666667        -50.90736053189869
0.7577333333333334        -50.910661369850786
0.7578                    -50.912459246673684
0.7578666666666667        -50.921779633722835
0.7579333333333333        -50.94465245861677
0.758                     -50.9816494522362
0.7580666666666667        -51.02761579514875
0.7581333333333333        -51.0736904966117
0.7582                    -51.1109188805509
0.7582666666666666        -51.13401409520333
0.7583333333333333        -51.14353362250767
0.7584                    -51.1453921999876
0.7584666666666666        -51.148027456134514
0.7585333333333333        -51.158701401077565
0.7585999999999999        -51.18061897240902
0.7586666666666666        -51.211927464342935
0.7587333333333333        -51.246806981527975
0.7588000000000001        -51.27810436579513
0.7588666666666668        -51.300386054635354
0.7589333333333335        -51.31207013514387
0.7590000000000001        -51.315705526063766
0.7590666666666668        -51.316413827450205
0.7591333333333334        -51.31941988694312
0.7592000000000001        -51.32789760432229
0.7592666666666668        -51.341996848855956
0.7593333333333334        -51.35926058009015
0.7594000000000001        -51.37604649508161
0.7594666666666667        -51.38921608903839
0.7595333333333334        -51.397329907625114
0.7596                    -51.40090062560166
0.7596666666666667        -51.40175890281497
0.7597333333333334        -51.402000135735754
0.7598                    -51.403083572161734
0.7598666666666667        -51.40545021265132
0.7599333333333333        -51.40869129822775
0.76                      -51.41203366508286
0.7600666666666667        -51.41482222498343
0.7601333333333333        -51.41677288767701
0.7602                    -51.41795420968374
0.7602666666666666        -51.418612496028196
0.7603333333333333        -51.41899990292306
0.7604                    -51.41929888607682
0.7604666666666666        -51.419630663443584
0.7605333333333333        -51.42007426016285
0.7605999999999999        -51.42064408698158
0.7606666666666666        -51.42124852894014
0.7607333333333333        -51.42170906166676
0.7607999999999999        -51.42190066808345
0.7608666666666668        -51.42197908057639
0.7609333333333335        -51.4225522135733
0.7610000000000001        -51.42462099760914
0.7610666666666668        -51.429209181381395
0.7611333333333334        -51.436789672832866
0.7612000000000001        -51.44679207098322
0.7612666666666668        -51.45752658609953
0.7613333333333334        -51.46672021232938
0.7614000000000001        -51.47255817280927
0.7614666666666667        -51.474788221292854
0.7615333333333334        -51.4752827285644
0.7616                    -51.47762304520132
0.7616666666666667        -51.48573151008573
0.7617333333333334        -51.50207776149408
0.7618                    -51.526257377366626
0.7618666666666667        -51.55467158791591
0.7619333333333334        -51.581656983094135
0.762                     -51.601802247677256
0.7620666666666667        -51.612521530343905
0.7621333333333333        -51.61560511593622
0.7622                    -51.616816687142844
0.7622666666666666        -51.62357795670685
0.7623333333333333        -51.64175723944343
0.7624                    -51.67296885271742
0.7624666666666666        -51.71353984092193
0.7625333333333333        -51.755688829544695
0.7626                    -51.79065564945467
0.7626666666666666        -51.81260088884258
0.7627333333333333        -51.82145005106092
0.7627999999999999        -51.82313774020361
0.7628666666666668        -51.82703417242678
0.7629333333333335        -51.841832614249476
0.7630000000000001        -51.87180306127358
0.7630666666666668        -51.914933668103664
0.7631333333333334        -51.96364818532031
0.7632000000000001        -52.00789161405589
0.7632666666666668        -52.03944170901191
0.7633333333333334        -52.05554739796983
0.7634000000000001        -52.06006648476353
0.7634666666666667        -52.06151862810181
0.7635333333333334        -52.06914292652886
0.7636000000000001        -52.088930642371224
0.7636666666666667        -52.12130395728238
0.7637333333333334        -52.16120174190994
0.7638                    -52.20040391013579
0.7638666666666667        -52.23112643182283
0.7639333333333334        -52.24934179182513
0.764                     -52.256293880842264
0.7640666666666667        -52.25754660763022
0.7641333333333333        -52.26020247740239
0.7642                    -52.269763900196935
0.7642666666666666        -52.2880357016411
0.7643333333333333        -52.31277973571398
0.7644                    -52.33904467403468
0.7644666666666666        -52.36147677027976
0.7645333333333333        -52.37657558272292
0.7646                    -52.383922781719015
0.7646666666666666        -52.385936502798245
0.7647333333333333        -52.38644714445265
0.7647999999999999        -52.38890883267126
0.7648666666666668        -52.39508429863822
0.7649333333333335        -52.40466611639632
0.7650000000000001        -52.41581005545062
0.7650666666666668        -52.42618798002155
0.7651333333333334        -52.434025795950426
0.7652000000000001        -52.438692853945064
0.7652666666666668        -52.44068552162869
0.7653333333333334        -52.44115190956475
0.7654000000000001        -52.44127990455048
0.7654666666666667        -52.441850577176304
0.7655333333333334        -52.44309940148682
0.7656000000000001        -52.444845575963654
0.7656666666666667        -52.4467408578645
0.7657333333333334        -52.4484852812208
0.7658                    -52.44992838832759
0.7658666666666667        -52.45106108937055
0.7659333333333334        -52.45195340277502
0.766                     -52.45269183652717
0.7660666666666667        -52.45333899686603
0.7661333333333333        -52.453912436088466
0.7662                    -52.454379295909845
0.7662666666666667        -52.454678860062046
0.7663333333333333        -52.4547900689374
0.7664                    -52.45483654058651
0.7664666666666666        -52.45517664695881
0.7665333333333333        -52.45639597533385
0.7666                    -52.45914115721091
0.7666666666666666        -52.463815160441804
0.7667333333333333        -52.47025870521958
0.7667999999999999        -52.4776066727938
0.7668666666666668        -52.484476334783004
0.7669333333333335        -52.48950294672264
0.7670000000000001        -52.49203784420273
0.7670666666666668        -52.49267131718841
0.7671333333333334        -52.49325037774645
0.7672000000000001        -52.4962664637692
0.7672666666666668        -52.50380090816207
0.7673333333333334        -52.51647164624883
0.7674000000000001        -52.53289123208434
0.7674666666666667        -52.54998534024616
0.7675333333333334        -52.56417315867327
0.7676000000000001        -52.572984456068795
0.7676666666666667        -52.576376672501794
0.7677333333333334        -52.57704477137803
0.7678                    -52.57945664903737
0.7678666666666667        -52.587975800922855
0.7679333333333334        -52.60488369759119
0.768                     -52.6291748488904
0.7680666666666667        -52.65670561679159
0.7681333333333333        -52.68176510290484
0.7682                    -52.69952307784702
0.7682666666666667        -52.7082992844805
0.7683333333333333        -52.710526514258696
0.7684                    -52.71184847573104
0.7684666666666666        -52.71873181694186
0.7685333333333333        -52.73568045314227
0.7686                    -52.76324862729606
0.7686666666666666        -52.797659633276496
0.7687333333333333        -52.83222620615398
0.7687999999999999        -52.86008812551049
0.7688666666666666        -52.87715916710862
0.7689333333333335        -52.88392522261547
0.7690000000000001        -52.885192594258584
0.7690666666666668        -52.887917909379055
0.7691333333333334        -52.898194003660606
0.7692000000000001        -52.918743311881045
0.7692666666666668        -52.94789550032495
0.7693333333333334        -52.98037277633374
0.7694000000000001        -53.009541920756355
0.7694666666666667        -53.03022038952723
0.7695333333333334        -53.04082339779421
0.7696000000000001        -53.043878874753744
0.7696666666666667        -53.04472982899764
0.7697333333333334        -53.049135108674115
0.7698                    -53.060909180794084
0.7698666666666667        -53.08055583850592
0.7699333333333334        -53.10531597759129
0.77                      -53.13047977858054
0.7700666666666667        -53.15136611020932
0.7701333333333333        -53.16513783695154
0.7702                    -53.17171206604044
0.7702666666666667        -53.173460115967316
0.7703333333333333        -53.1739674489221
0.7704                    -53.17650798495968
0.7704666666666666        -53.182895251148054
0.7705333333333333        -53.193084976668885
0.7706                    -53.20553249589922
0.7706666666666666        -53.21802390639113
0.7707333333333333        -53.22857863016882
0.7707999999999999        -53.23607204735099
0.7708666666666666        -53.24040743198911
0.7709333333333335        -53.24228486436426
0.7710000000000001        -53.24276593743731
0.7710666666666668        -53.242858946165924
0.7711333333333334        -53.24326928229385
0.7712000000000001        -53.24434330430368
0.7712666666666668        -53.24614702973424
0.7713333333333334        -53.24859200480233
0.7714000000000001        -53.25153950733465
0.7714666666666667        -53.25485213205768
0.7715333333333334        -53.25839409714777
0.7716000000000001        -53.261999746881315
0.7716666666666667        -53.26543856768517
0.7717333333333334        -53.26841057150582
0.7718                    -53.27060497063752
0.7718666666666667        -53.27183655030101
0.7719333333333334        -53.27223169453481
0.772                     -53.27238224055424
0.7720666666666667        -53.27335340078733
0.7721333333333333        -53.27645775590388
0.7722                    -53.28280120494878
0.7722666666666667        -53.29273743614691
0.7723333333333333        -53.30547225789836
0.7724                    -53.319072666929124
0.7724666666666666        -53.33101836373729
0.7725333333333333        -53.33919670413789
0.7726                    -53.34297140785647
0.7726666666666666        -53.3438047971664
0.7727333333333333        -53.34502226197934
0.7727999999999999        -53.350671786114205
0.7728666666666666        -53.36386799243574
0.7729333333333335        -53.38529063362121
0.7730000000000001        -53.41251690167667
0.7730666666666668        -53.44061576064768
0.7731333333333335        -53.46396937593
0.7732000000000001        -53.478703279323156
0.7732666666666668        -53.48464948678125
0.7733333333333334        -53.48580011244211
0.7734000000000001        -53.48887524738585
0.7734666666666667        -53.5005677268985
0.7735333333333334        -53.524646493216885
0.7736000000000001        -53.5601274089948
0.7736666666666667        -53.601311259481434
0.7737333333333334        -53.639855532128486
0.7738                    -53.66824891453544
0.7738666666666667        -53.683257618024996
0.7739333333333334        -53.687630475100136
0.774                     -53.68907210771421
0.7740666666666667        -53.69692301894136
0.7741333333333333        -53.71811949861123
0.7742                    -53.75418056344073
0.7742666666666667        -53.800400580958836
0.7743333333333333        -53.8476166220297
0.7744                    -53.886023516342334
0.7744666666666666        -53.909546239383516
0.7745333333333333        -53.91870093258726
0.7746                    -53.92040579481567
0.7746666666666666        -53.92481792692924
0.7747333333333333        -53.94083461618439
0.7747999999999999        -53.972335038577285
0.7748666666666666        -54.01662140860711
0.7749333333333335        -54.06556190938116
0.7750000000000001        -54.10901233489586
0.7750666666666668        -54.13919020908076
0.7751333333333335        -54.1540466647153
0.7752000000000001        -54.15796445740975
0.7752666666666668        -54.15948845632636
0.7753333333333334        -54.16738169116549
0.7754000000000001        -54.18695709084007
0.7754666666666667        -54.218169766118734
0.7755333333333334        -54.25600880833259
0.7756000000000001        -54.29284748069996
0.7756666666666667        -54.32172748975034
0.7757333333333334        -54.33916373090652
0.7758                    -54.34623930363798
0.7758666666666667        -54.34761494308369
0.7759333333333334        -54.34914210943965
0.776                     -54.35534423376267
0.7760666666666667        -54.36785204214631
0.7761333333333333        -54.38525016800845
0.7762                    -54.404144750143516
0.7762666666666667        -54.420829759153975
0.7763333333333333        -54.43278915987335
0.7764                    -54.43944367294495
0.7764666666666666        -54.4419651053105
0.7765333333333333        -54.44242952202067
0.7766                    -54.442822607897874
0.7766666666666666        -54.444353024222224
0.7767333333333333        -54.44727235446314
0.7767999999999999        -54.451124010284204
0.7768666666666666        -54.455182020816764
0.7769333333333335        -54.45883342067738
0.7770000000000001        -54.4617647110623
0.7770666666666668        -54.46395097674771
0.7771333333333335        -54.46553724330492
0.7772000000000001        -54.46671227087215
0.7772666666666668        -54.467628056964294
0.7773333333333334        -54.46836616970167
0.7774000000000001        -54.46893413982714
0.7774666666666668        -54.46929186486008
0.7775333333333334        -54.46942651439254
0.7776000000000001        -54.469479867588326
0.7776666666666667        -54.46988016196107
0.7777333333333334        -54.47137784743247
0.7778                    -54.47488526046233
0.7778666666666667        -54.48110342406786
0.7779333333333334        -54.49005852248532
0.778                     -54.50079031677524
0.7780666666666667        -54.51144899661096
0.7781333333333333        -54.5199166825633
0.7782                    -54.52480107723466
0.7782666666666667        -54.52637246267355
0.7783333333333333        -54.526912664555525
0.7784                    -54.53013927333532
0.7784666666666666        -54.53979883306105
0.7785333333333333        -54.55795917501256
0.7786                    -54.58374902251903
0.7786666666666666        -54.613207028813726
0.7787333333333333        -54.64053287428506
0.7787999999999999        -54.66044062170737
0.7788666666666666        -54.67067420768922
0.7789333333333333        -54.67343407814218
0.7790000000000001        -54.674844002806154
0.7790666666666668        -54.682553464987926
0.7791333333333335        -54.7025045492514
0.7792000000000001        -54.73624130992793
0.7792666666666668        -54.77988395864689
0.7793333333333334        -54.82530886699533
0.7794000000000001        -54.863306688216866
0.7794666666666668        -54.88757898694095
0.7795333333333334        -54.89774584306748
0.7796000000000001        -54.89975064086409
0.7796666666666667        -54.90335035356735
0.7797333333333334        -54.917920338622714
0.7798                    -54.94849559954909
0.7798666666666667        -54.99362702701579
0.7799333333333334        -55.04582525678701
0.78                      -55.094507824079805
0.7800666666666667        -55.130439747428774
0.7801333333333333        -55.14979386424426
0.7802                    -55.15581946351968
0.7802666666666667        -55.15722750403057
0.7803333333333333        -55.16418745280844
0.7804                    -55.1839545717717
0.7804666666666666        -55.21800136527873
0.7805333333333333        -55.261633831749464
0.7806                    -55.306110161062605
0.7806666666666666        -55.342420118396234
0.7807333333333333        -55.36515416145808
0.7807999999999999        -55.374677690393945
0.7808666666666666        -55.37658183286413
0.7809333333333333        -55.378832403159436
0.7810000000000001        -55.3881735780035
0.7810666666666668        -55.40745505042401
0.7811333333333335        -55.43485490461141
0.7812000000000001        -55.46507661207187
0.7812666666666668        -55.491860735639776
0.7813333333333334        -55.51067964445284
0.7814000000000001        -55.52043004641112
0.7814666666666668        -55.52344359654225
0.7815333333333334        -55.52400566708786
0.7816000000000001        -55.5262757278313
0.7816666666666667        -55.53263145027522
0.7817333333333334        -55.54306232271601
0.7818                    -55.55565869546206
0.7818666666666667        -55.56777903446314
0.7819333333333334        -55.577274590101815
0.782                     -55.583237466862215
0.7820666666666667        -55.58604988658335
0.7821333333333333        -55.58688037646469
0.7822                    -55.58699873072872
0.7822666666666667        -55.58727006061008
0.7823333333333333        -55.58799897080461
0.7824                    -55.58907380060467
0.7824666666666666        -55.590231867357424
0.7825333333333333        -55.59127093140791
0.7826                    -55.59212865912171
0.7826666666666666        -55.592858026531616
0.7827333333333333        -55.5935736815467
0.7827999999999999        -55.59441823157827
0.7828666666666666        -55.59553965815826
0.7829333333333333        -55.59704101443798
0.7830000000000001        -55.59889161923729
0.7830666666666668        -55.60085304889309
0.7831333333333335        -55.60251458054054
0.7832000000000001        -55.603499646017276
0.7832666666666668        -55.603795318549786
0.7833333333333334        -55.60403172164163
0.7834000000000001        -55.6054907848117
0.7834666666666668        -55.60971624507665
0.7835333333333334        -55.617805897306276
0.7836000000000001        -55.62968686825169
0.7836666666666667        -55.64377809464688
0.7837333333333334        -55.65734952804782
0.7838                    -55.66759261119458
0.7838666666666667        -55.67301908471037
0.7839333333333334        -55.67450999414217
0.784                     -55.67537327954802
0.7840666666666667        -55.68019913860971
0.7841333333333333        -55.69290878392029
0.7842                    -55.71482810399245
0.7842666666666667        -55.74368185986732
0.7843333333333333        -55.77410683510016
0.7844                    -55.799706080423135
0.7844666666666666        -55.815925879447946
0.7845333333333333        -55.82243402345768
0.7846                    -55.823693008824435
0.7846666666666666        -55.827260988088796
0.7847333333333333        -55.840540629903145
0.7847999999999999        -55.86744298836535
0.7848666666666666        -55.906409180556636
0.7849333333333333        -55.9506808748537
0.7850000000000001        -55.990913870689745
0.7850666666666668        -56.01925647054774
0.7851333333333335        -56.033101020531845
0.7852000000000001        -56.03654483716901
0.7852666666666668        -56.03867022540974
0.7853333333333334        -56.04949379713649
0.7854000000000001        -56.07556291074111
0.7854666666666668        -56.1170998809109
0.7855333333333334        -56.167780266807206
0.7856000000000001        -56.21726888563372
0.7856666666666667        -56.25562977121476
0.7857333333333334        -56.27774955703568
0.7858                    -56.28558469537061
0.7858666666666667        -56.28702793408572
0.7859333333333334        -56.29206828563224
0.786                     -56.30828854960466
0.7860666666666667        -56.337758595699235
0.7861333333333334        -56.37646189513365
0.7862                    -56.41631050551418
0.7862666666666667        -56.44885476073645
0.7863333333333333        -56.46905600587808
0.7864                    -56.47733561072883
0.7864666666666666        -56.478935995644434
0.7865333333333333        -56.48109225085168
0.7866                    -56.489603031052134
0.7866666666666666        -56.50644483944754
0.7867333333333333        -56.52933225317608
0.7867999999999999        -56.553187615326564
0.7868666666666666        -56.5727127699209
0.7869333333333333        -56.58482469377113
0.7869999999999999        -56.58981685570669
0.7870666666666668        -56.590794710677336
0.7871333333333335        -56.59185713922825
0.7872000000000001        -56.59607576505383
0.7872666666666668        -56.6042609511227
0.7873333333333334        -56.614967225776304
0.7874000000000001        -56.62554975153257
0.7874666666666668        -56.63362479463419
0.7875333333333334        -56.63817168383956
0.7876000000000001        -56.6397793015833
0.7876666666666667        -56.64004425843389
0.7877333333333334        -56.64057515610867
0.7878000000000001        -56.6421941098585
0.7878666666666667        -56.64472019303019
0.7879333333333334        -56.6473409269085
0.788                     -56.649256019815724
0.7880666666666667        -56.65017425344082
0.7881333333333334        -56.65039313091377
0.7882                    -56.65048376196758
0.7882666666666667        -56.650850365338734
0.7883333333333333        -56.65148403762687
0.7884                    -56.6520685814649
0.7884666666666666        -56.65233961691611
0.7885333333333333        -56.6524161154792
0.7886                    -56.65283591804716
0.7886666666666666        -56.65423033132903
0.7887333333333333        -56.65683651367129
0.7888                    -56.66019407355813
0.7888666666666666        -56.66329758791021
0.7889333333333333        -56.665206363043154
0.7889999999999999        -56.66579496287053
0.7890666666666668        -56.66616335201729
0.7891333333333335        -56.66835148120633
0.7892000000000001        -56.674381672818406
0.7892666666666668        -56.68506960798208
0.7893333333333334        -56.69925606125815
0.7894000000000001        -56.71399079352518
0.7894666666666668        -56.72577334147781
0.7895333333333334        -56.73237755148623
0.7896000000000001        -56.734341128723436
0.7896666666666667        -56.73521590848412
0.7897333333333334        -56.740253143764825
0.7898000000000001        -56.75402845095186
0.7898666666666667        -56.77808807618732
0.7899333333333334        -56.80975106842592
0.79                      -56.84278663024894
0.7900666666666667        -56.8699423882252
0.7901333333333334        -56.88637758755891
0.7902                    -56.8923457146558
0.7902666666666667        -56.89358778879552
0.7903333333333333        -56.8990352516882
0.7904                    -56.916867924891974
0.7904666666666667        -56.95073821861807
0.7905333333333333        -56.997790707869484
0.7906                    -57.04939046270927
0.7906666666666666        -57.094534045876145
0.7907333333333333        -57.124756971131944
0.7908                    -57.138289972228044
0.7908666666666666        -57.14118475762536
0.7909333333333333        -57.14466340793944
0.7909999999999999        -57.160068179389405
0.7910666666666668        -57.19387500412368
0.7911333333333335        -57.24485078798966
0.7912000000000001        -57.30438963857254
0.7912666666666668        -57.35999262038117
0.7913333333333334        -57.400696857603506
0.7914000000000001        -57.4221001711399
0.7914666666666668        -57.4283800201253
0.7915333333333334        -57.43017664078708
0.7916000000000001        -57.43957814679553
0.7916666666666667        -57.46482980743066
0.7917333333333334        -57.50704909063663
0.7918000000000001        -57.560018696452666
0.7918666666666667        -57.61296765886983
0.7919333333333334        -57.65524794468712
0.792                     -57.680934241734604
0.7920666666666667        -57.69116064151117
0.7921333333333334        -57.69307370787953
0.7922                    -57.6961582171927
0.7922666666666667        -57.70797931259171
0.7923333333333333        -57.73129343336291
0.7924                    -57.763488509314236
0.7924666666666667        -57.79824598420436
0.7925333333333333        -57.828528109780926
0.7926                    -57.84954425518127
0.7926666666666666        -57.86040259843667
0.7927333333333333        -57.8638371866246
0.7928                    -57.86441087213896
0.7928666666666666        -57.866288770695675
0.7929333333333333        -57.87166588480807
0.7929999999999999        -57.88038517725019
0.7930666666666668        -57.89063103665014
0.7931333333333335        -57.900145940225244
0.7932000000000001        -57.907313206633184
0.7932666666666668        -57.911654968183456
0.7933333333333334        -57.913675228899606
0.7934000000000001        -57.91431645850908
0.7934666666666668        -57.91441781870056
0.7935333333333334        -57.91444271038695
0.7936000000000001        -57.91450990293485
0.7936666666666667        -57.91458051791592
0.7937333333333334        -57.91461723601276
0.7938000000000001        -57.91462729557199
0.7938666666666667        -57.91463165548362
0.7939333333333334        -57.91466481830483
0.794                     -57.91486128480695
0.7940666666666667        -57.91557130821018
0.7941333333333334        -57.9173687313072
0.7942                    -57.92084584252045
0.7942666666666667        -57.92623307833332
0.7943333333333333        -57.93304783241729
0.7944                    -57.940047158308296
0.7944666666666667        -57.945656689830834
0.7945333333333333        -57.948790470456245
0.7946                    -57.94968861429425
0.7946666666666666        -57.950269116958694
0.7947333333333333        -57.95364973161173
0.7948                    -57.96290060469844
0.7948666666666666        -57.979520462000586
0.7949333333333333        -58.00235520531851
0.7949999999999999        -58.02758868444827
0.7950666666666666        -58.05004171634288
0.7951333333333335        -58.065406307308685
0.7952000000000001        -58.072444315838496
0.7952666666666668        -58.073981891513654
0.7953333333333334        -58.076016417145375
0.7954000000000001        -58.08521620452184
0.7954666666666668        -58.10591805832399
0.7955333333333334        -58.13795859900076
0.7956000000000001        -58.17633962439474
0.7956666666666667        -58.21305679365242
0.7957333333333334        -58.24053934782964
0.7958000000000001        -58.25524559454672
0.7958666666666667        -58.25957871109829
0.7959333333333334        -58.26098346106474
0.796                     -58.26860034235679
0.7960666666666667        -58.28911962463263
0.7961333333333334        -58.32371894385493
0.7962                    -58.367363129338734
0.7962666666666667        -58.41082559970957
0.7963333333333333        -58.44475813442867
0.7964                    -58.46409212428825
0.7964666666666667        -58.470565650218475
0.7965333333333333        -58.471954285174874
0.7966                    -58.478400652759404
0.7966666666666666        -58.49776174533395
0.7967333333333333        -58.53213489233628
0.7968                    -58.57694494459621
0.7968666666666666        -58.622914209462145
0.7969333333333333        -58.66017778191669
0.7969999999999999        -58.6828016354938
0.7970666666666666        -58.69149684095602
0.7971333333333335        -58.69309077616436
0.7972000000000001        -58.697109055382924
0.7972666666666668        -58.71134344775277
0.7973333333333334        -58.73852018046628
0.7974000000000001        -58.77537001113395
0.7974666666666668        -58.81430841872128
0.7975333333333334        -58.846946882865076
0.7976000000000001        -58.86787616811256
0.7976666666666667        -58.876925815075786
0.7977333333333334        -58.8788205086841
0.7978000000000001        -58.88057467528627
0.7978666666666667        -58.88812161592152
0.7979333333333334        -58.90383176403917
0.798                     -58.925889670105875
0.7980666666666667        -58.94956491211116
0.7981333333333334        -58.96963300541687
0.7982                    -58.98276343887483
0.7982666666666667        -58.988763512979425
0.7983333333333333        -58.99019861729084
0.7984                    -58.990784694710754
0.7984666666666667        -58.99352095658374
0.7985333333333333        -58.999495909845045
0.7986                    -59.00780191594252
0.7986666666666666        -59.016391659626905
0.7987333333333333        -59.02329597964555
0.7988                    -59.027543043941584
0.7988666666666666        -59.02937662555843
0.7989333333333333        -59.02980845169754
0.7989999999999999        -59.029894537124214
0.7990666666666666        -59.030200415199516
0.7991333333333335        -59.03071390977948
0.7992000000000001        -59.03114409392696
0.7992666666666668        -59.03131684657883
0.7993333333333335        -59.03136534450984
0.7994000000000001        -59.031602837220746
0.7994666666666668        -59.03221574252836
0.7995333333333334        -59.03305370188269
0.7996000000000001        -59.033725892007766
0.7996666666666667        -59.033983918699036
0.7997333333333334        -59.03413367512505
0.7998000000000001        -59.035140428757984
0.7998666666666667        -59.03824865690928
0.7999333333333334        -59.04425023732334
0.8                       -59.05280861406318
0.8000666666666667        -59.06230295136858
0.8001333333333334        -59.07043289484976
0.8002                    -59.075404735491716
0.8002666666666667        -59.077113727292826
0.8003333333333333        -59.07761024735074
0.8004                    -59.080439493214115
0.8004666666666667        -59.0890432276262
0.8005333333333333        -59.10495310824093
0.8006                    -59.12668734772629
0.8006666666666666        -59.150016046537914
0.8007333333333333        -59.16968022162037
0.8008                    -59.18191275802642
0.8008666666666666        -59.18654021707966
0.8009333333333333        -59.1874725167704
0.8009999999999999        -59.19116604730334
0.8010666666666666        -59.20373054283033
0.8011333333333335        -59.22803377964886
0.8012000000000001        -59.26212706771213
0.8012666666666668        -59.299756058903725
0.8013333333333335        -59.33290066740142
0.8014000000000001        -59.3553630112132
0.8014666666666668        -59.365720935976654
0.8015333333333334        -59.368065088451985
0.8016000000000001        -59.37006199367312
0.8016666666666667        -59.37935145652694
0.8017333333333334        -59.40006672652662
0.8018000000000001        -59.43102732307452
0.8018666666666667        -59.46632311684637
0.8019333333333334        -59.498037256924185
0.802                     -59.519935717297116
0.8020666666666667        -59.53037028429296
0.8021333333333334        -59.53290022815089
0.8022                    -59.53434380440798
0.8022666666666667        -59.541377469736815
0.8023333333333333        -59.55744008753287
0.8024                    -59.581338072311326
0.8024666666666667        -59.60805145138774
0.8025333333333333        -59.63128490039894
0.8026                    -59.64654185749161
0.8026666666666666        -59.65320636823573
0.8027333333333333        -59.654595901232454
0.8028                    -59.65605999541539
0.8028666666666666        -59.66223865158525
0.8029333333333333        -59.67490412860418
0.8029999999999999        -59.692353709010405
0.8030666666666666        -59.71050585764954
0.8031333333333335        -59.725067914637364
0.8032000000000001        -59.733656988235815
0.8032666666666668        -59.73679783788513
0.8033333333333335        -59.73734953187855
0.8034000000000001        -59.73879327033274
0.8034666666666668        -59.74339023192802
0.8035333333333334        -59.751177183821596
0.8036000000000001        -59.76023268862147
0.8036666666666668        -59.76796100553034
0.8037333333333334        -59.77262885105935
0.8038000000000001        -59.77428866671596
0.8038666666666667        -59.7746037307345
0.8039333333333334        -59.77574932576604
0.804                     -59.77909141712651
0.8040666666666667        -59.784428031138994
0.8041333333333334        -59.79021291059582
0.8042                    -59.794602285606466
0.8042666666666667        -59.79668468494923
0.8043333333333333        -59.797135847574665
0.8044                    -59.797879396313675
0.8044666666666667        -59.80094132247646
0.8045333333333333        -59.80718105671759
0.8046                    -59.815666033019184
0.8046666666666666        -59.8241023785088
0.8047333333333333        -59.830139364886996
0.8048                    -59.83283232368723
0.8048666666666666        -59.83338833671529
0.8049333333333333        -59.83468468775889
0.8049999999999999        -59.83975908538615
0.8050666666666666        -59.85007996430187
0.8051333333333333        -59.86455513296117
0.8052000000000001        -59.87988105739524
0.8052666666666668        -59.89216173058561
0.8053333333333335        -59.89902319030621
0.8054000000000001        -59.90107683101604
0.8054666666666668        -59.90184596600555
0.8055333333333334        -59.90610286993888
0.8056000000000001        -59.917452530588584
0.8056666666666668        -59.93639411932762
0.8057333333333334        -59.959847317276605
0.8058000000000001        -59.98245498103962
0.8058666666666667        -59.999137096148914
0.8059333333333334        -60.00767301952348
0.806                     -60.00993695705772
0.8060666666666667        -60.0110624704585
0.8061333333333334        -60.0169483432792
0.8062                    -60.031386753627444
0.8062666666666667        -60.054204432679384
0.8063333333333333        -60.08126794018963
0.8064                    -60.1063755122096
0.8064666666666667        -60.124209680765475
0.8065333333333333        -60.13293724283671
0.8066                    -60.13510940257984
0.8066666666666666        -60.13638264419626
0.8067333333333333        -60.14276287416032
0.8068                    -60.157784059459644
0.8068666666666666        -60.180926196658305
0.8069333333333333        -60.20791647007642
0.8069999999999999        -60.232736537474054
0.8070666666666666        -60.25042200312804
0.8071333333333333        -60.25932772118232
0.8072000000000001        -60.26174384174762
0.8072666666666668        -60.26260664107198
0.8073333333333335        -60.26705515293867
0.8074000000000001        -60.27809025148359
0.8074666666666668        -60.29538890707964
0.8075333333333334        -60.31568985900856
0.8076000000000001        -60.33446246127383
0.8076666666666668        -60.34803356634462
0.8077333333333334        -60.355160588593215
0.8078000000000001        -60.357336301911076
0.8078666666666667        -60.35778904248204
0.8079333333333334        -60.359805726042296
0.808                     -60.36525951305102
0.8080666666666667        -60.37399255913957
0.8081333333333334        -60.384207909206964
0.8082                    -60.39354382677529
0.8082666666666667        -60.400234366977415
0.8083333333333333        -60.40379496719642
0.8084                    -60.40498027993853
0.8084666666666667        -60.405167469579325
0.8085333333333333        -60.40558584059728
0.8086                    -60.40680965643893
0.8086666666666666        -60.40870532285784
0.8087333333333333        -60.41074375889273
0.8088                    -60.41241565429908
0.8088666666666666        -60.41349568566123
0.8089333333333333        -60.414055142606664
0.8089999999999999        -60.414304267118695
0.8090666666666666        -60.41443504639219
0.8091333333333333        -60.4145860057739
0.8092000000000001        -60.41491663659231
0.8092666666666668        -60.41567011802135
0.8093333333333335        -60.41710542266141
0.8094000000000001        -60.419296282659914
0.8094666666666668        -60.421939803602875
0.8095333333333334        -60.424376077872004
0.8096000000000001        -60.425925302945174
0.8096666666666668        -60.42643474424338
0.8097333333333334        -60.42672345089884
0.8098000000000001        -60.42857230786738
0.8098666666666667        -60.43410153467011
0.8099333333333334        -60.44472339150048
0.81                      -60.460160955511085
0.8100666666666667        -60.47810658072822
0.8101333333333334        -60.49488164066025
0.8102                    -60.506995195315085
0.8102666666666667        -60.51295774580435
0.8103333333333333        -60.51439746852295
0.8104                    -60.51573989094852
0.8104666666666667        -60.522419819000945
0.8105333333333333        -60.53837751910217
0.8106                    -60.56398896133037
0.8106666666666666        -60.595449344735385
0.8107333333333333        -60.626086751503635
0.8108                    -60.64926680505651
0.8108666666666666        -60.66166636226687
0.8109333333333333        -60.6652313764546
0.8109999999999999        -60.66662483202842
0.8110666666666666        -60.674299498060584
0.8111333333333333        -60.694596735260234
0.8112000000000001        -60.72867919058648
0.8112666666666668        -60.77166437496865
0.8113333333333335        -60.81446778185256
0.8114000000000001        -60.84779827956802
0.8114666666666668        -60.86661367963862
0.8115333333333334        -60.87274993649036
0.8116000000000001        -60.87417597829067
0.8116666666666668        -60.881209495996515
0.8117333333333334        -60.90167478118423
0.8118000000000001        -60.93730031343971
0.8118666666666667        -60.98286595290234
0.8119333333333334        -61.02846766214809
0.812                     -61.06406115818257
0.8120666666666667        -61.08427833450821
0.8121333333333334        -61.09103173194648
0.8122                    -61.09243330734266
0.8122666666666667        -61.098671723170206
0.8123333333333334        -61.11711861383539
0.8124                    -61.1490219677308
0.8124666666666667        -61.18912068478303
0.8125333333333333        -61.22823806478168
0.8126                    -61.25771423610128
0.8126666666666666        -61.27359564670742
0.8127333333333333        -61.278415111703886
0.8128                    -61.27964083791358
0.8128666666666666        -61.28578087975825
0.8129333333333333        -61.30229328548715
0.813                     -61.32923974615261
0.8130666666666666        -61.36156744742594
0.8131333333333333        -61.39173118043775
0.8131999999999999        -61.41338818383113
0.8132666666666668        -61.42436082568356
0.8133333333333335        -61.42737976351399
0.8134000000000001        -61.42834103731865
0.8134666666666668        -61.43318484891047
0.8135333333333334        -61.44509331237393
0.8136000000000001        -61.46329614306613
0.8136666666666668        -61.48384909443535
0.8137333333333334        -61.50183247240147
0.8138000000000001        -61.51380688465526
0.8138666666666667        -61.51928778791675
0.8139333333333334        -61.52056995914008
0.8140000000000001        -61.52117437105939
0.8140666666666667        -61.52390735653018
0.8141333333333334        -61.52959276597805
0.8142                    -61.53703081175307
0.8142666666666667        -61.544028218834214
0.8143333333333334        -61.5488036685554
0.8144                    -61.55094130488165
0.8144666666666667        -61.55140133395732
0.8145333333333333        -61.551702194143125
0.8146                    -61.55288083455882
0.8146666666666667        -61.554915990104355
0.8147333333333333        -61.55695225364043
0.8148                    -61.55812996058877
0.8148666666666666        -61.558429281822654
0.8149333333333333        -61.558918675057946
0.815                     -61.561183353498365
0.8150666666666666        -61.566260100380596
0.8151333333333333        -61.57376496153938
0.8151999999999999        -61.58184337810765
0.8152666666666668        -61.58812041053111
0.8153333333333335        -61.591210713176885
0.8154000000000001        -61.59191062483547
0.8154666666666668        -61.59325546884537
0.8155333333333334        -61.599225275623375
0.8156000000000001        -61.61267117399851
0.8156666666666668        -61.63352603846134
0.8157333333333334        -61.658309179113004
0.8158000000000001        -61.68138987548371
0.8158666666666667        -61.6976264064838
0.8159333333333334        -61.7051578034636
0.8160000000000001        -61.70680548996967
0.8160666666666667        -61.70914586474437
0.8161333333333334        -61.71958197199474
0.8162                    -61.74281441119261
0.8162666666666667        -61.7783655973155
0.8163333333333334        -61.820328803584054
0.8164                    -61.8596476150723
0.8164666666666667        -61.88815743654423
0.8165333333333333        -61.902584267366606
0.8166                    -61.90638123230614
0.8166666666666667        -61.90828927069904
0.8167333333333333        -61.91834078672304
0.8168                    -61.943324651797624
0.8168666666666666        -61.98374836076958
0.8169333333333333        -62.03349216201082
0.817                     -62.08231058015172
0.8170666666666666        -62.12026969098072
0.8171333333333333        -62.14220958408581
0.8171999999999999        -62.150007086484756
0.8172666666666668        -62.1514371590584
0.8173333333333335        -62.1563398823056
0.8174000000000001        -62.17216400427054
0.8174666666666668        -62.20093774039448
0.8175333333333334        -62.23876010079585
0.8176000000000001        -62.277807233799976
0.8176666666666668        -62.30992299750003
0.8177333333333334        -62.33019744387251
0.8178000000000001        -62.338862611296065
0.8178666666666667        -62.340664564894595
0.8179333333333334        -62.34223738169244
0.8180000000000001        -62.34897317301187
0.8180666666666667        -62.36288197826572
0.8181333333333334        -62.38221519114099
0.8182                    -62.402754985377086
0.8182666666666667        -62.42000646054137
0.8183333333333334        -62.43122220686555
0.8184                    -62.43635036623215
0.8184666666666667        -62.43759863804541
0.8185333333333333        -62.43803296782196
0.8186                    -62.440046488931394
0.8186666666666667        -62.44444588453896
0.8187333333333333        -62.450461803564735
0.8188                    -62.45649611633037
0.8188666666666666        -62.46110508645182
0.8189333333333333        -62.463690442247554
0.819                     -62.464607812647735
0.8190666666666666        -62.464756776662014
0.8191333333333333        -62.46498211544183
0.8191999999999999        -62.46565450345113
0.8192666666666668        -62.46662562274182
0.8193333333333335        -62.46750092254317
0.8194000000000001        -62.467996713718755
0.8194666666666668        -62.4681369887071
0.8195333333333334        -62.46818649786565
0.8196000000000001        -62.46840795789755
0.8196666666666668        -62.46884609084826
0.8197333333333334        -62.46930942524256
0.8198000000000001        -62.46957017168606
0.8198666666666667        -62.469636044582735
0.8199333333333334        -62.46987897446108
0.8200000000000001        -62.470887223042155
0.8200666666666667        -62.47309411021786
0.8201333333333334        -62.476409146414255
0.8202                    -62.480118874232346
0.8202666666666667        -62.48319385755299
0.8203333333333334        -62.48489515073673
0.8204                    -62.48535463530776
0.8204666666666667        -62.48575460230416
0.8205333333333333        -62.4879140471381
0.8206                    -62.49341688610965
0.8206666666666667        -62.50270208299785
0.8207333333333333        -62.51461199675099
0.8208                    -62.52671373000807
0.8208666666666666        -62.53633878065638
0.8209333333333333        -62.54188749971345
0.821                     -62.54373032961796
0.8210666666666666        -62.544178126450056
0.8211333333333333        -62.54646093354066
0.8211999999999999        -62.55318431103753
0.8212666666666666        -62.5650141800092
0.8213333333333335        -62.58024472426844
0.8214000000000001        -62.59550574895869
0.8214666666666668        -62.60733549490526
0.8215333333333334        -62.613890178817385
0.8216000000000001        -62.615923147291916
0.8216666666666668        -62.616494356233005
0.8217333333333334        -62.61952885152511
0.8218000000000001        -62.627937368352505
0.8218666666666667        -62.64220590835653
0.8219333333333334        -62.66011293376677
0.8220000000000001        -62.6777179653821
0.8220666666666667        -62.691192062883296
0.8221333333333334        -62.69863677402506
0.8222                    -62.70099113008964
0.8222666666666667        -62.70156257374491
0.8223333333333334        -62.70443017045998
0.8224                    -62.71252552510346
0.8224666666666667        -62.72629831824918
0.8225333333333333        -62.74354849740816
0.8226                    -62.76047330851335
0.8226666666666667        -62.773445180544336
0.8227333333333333        -62.780691149930504
0.8228                    -62.78306770766801
0.8228666666666666        -62.78356958350538
0.8229333333333333        -62.78585646714782
0.823                     -62.79254576106786
0.8230666666666666        -62.804066377822124
0.8231333333333333        -62.81855127951809
0.8231999999999999        -62.83276956359204
0.8232666666666666        -62.84365289718166
0.8233333333333335        -62.849710075890485
0.8234000000000001        -62.85167518160137
0.8234666666666668        -62.85211210062336
0.8235333333333335        -62.85421252300934
0.8236000000000001        -62.86038424582725
0.8236666666666668        -62.87125977845334
0.8237333333333334        -62.885507763113026
0.8238000000000001        -62.900464647373695
0.8238666666666667        -62.9132726533722
0.8239333333333334        -62.922020091238835
0.8240000000000001        -62.92640414868973
0.8240666666666667        -62.9276755459649
0.8241333333333334        -62.92796502242618
0.8242                    -62.92935205666225
0.8242666666666667        -62.93309264119113
0.8243333333333334        -62.93928540206249
0.8244                    -62.94702913267203
0.8244666666666667        -62.954923410387224
0.8245333333333333        -62.961658466146815
0.8246                    -62.96645265903915
0.8246666666666667        -62.96920303796274
0.8247333333333333        -62.9703578317426
0.8248                    -62.97062971999129
0.8248666666666666        -62.970701688631074
0.8249333333333333        -62.971036316625906
0.825                     -62.97182342681402
0.8250666666666666        -62.97303491739541
0.8251333333333333        -62.97452534077196
0.8251999999999999        -62.97612316378449
0.8252666666666666        -62.977684269630714
0.8253333333333335        -62.97910654806063
0.8254000000000001        -62.980320510130866
0.8254666666666668        -62.98127473122807
0.8255333333333335        -62.9819318046346
0.8256000000000001        -62.98228470621585
0.8256666666666668        -62.98239488350748
0.8257333333333334        -62.982440011339506
0.8258000000000001        -62.98274336631833
0.8258666666666667        -62.983747643198825
0.8259333333333334        -62.98590643746092
0.8260000000000001        -62.98950236279839
0.8260666666666667        -62.99445191486601
0.8261333333333334        -63.00019788752862
0.8262                    -63.00578940109488
0.8262666666666667        -63.01018871847268
0.8263333333333334        -63.01273360933039
0.8264                    -63.01357116132667
0.8264666666666667        -63.013832519383456
0.8265333333333333        -63.01538831842193
0.8266                    -63.020199973035005
0.8266666666666667        -63.02948422096863
0.8267333333333333        -63.04303788976439
0.8268                    -63.05906074918967
0.8268666666666666        -63.07465389539171
0.8269333333333333        -63.086895690946946
0.827                     -63.09409931552976
0.8270666666666666        -63.096686231197225
0.8271333333333333        -63.0972091240404
0.8271999999999999        -63.09942672613374
0.8272666666666666        -63.106782336922564
0.8273333333333335        -63.12092105843357
0.8274000000000001        -63.14087670676335
0.8274666666666668        -63.16330746700793
0.8275333333333335        -63.18376035686999
0.8276000000000001        -63.198505976576264
0.8276666666666668        -63.206166522082285
0.8277333333333334        -63.208369252085895
0.8278000000000001        -63.20908073223983
0.8278666666666668        -63.21291290395237
0.8279333333333334        -63.22316415791402
0.8280000000000001        -63.24043187410592
0.8280666666666667        -63.26235376323531
0.8281333333333334        -63.28458277186721
0.8282                    -63.302619485723085
0.8282666666666667        -63.31374496697853
0.8283333333333334        -63.318195726652924
0.8284                    -63.319036860945516
0.8284666666666667        -63.32080861936683
0.8285333333333333        -63.32758973970534
0.8286                    -63.34132539926514
0.8286666666666667        -63.36107853741502
0.8287333333333333        -63.38345780115009
0.8288                    -63.40402837940743
0.8288666666666666        -63.41913379058308
0.8289333333333333        -63.42736689596492
0.829                     -63.43005783402829
0.8290666666666666        -63.43059455137486
0.8291333333333333        -63.43293253503448
0.8291999999999999        -63.43997849709056
0.8292666666666666        -63.452509060236764
0.8293333333333335        -63.46899903630277
0.8294000000000001        -63.48635796981175
0.8294666666666668        -63.50123791981649
0.8295333333333335        -63.511367784362925
0.8296000000000001        -63.516370010803726
0.8296666666666668        -63.5177533730494
0.8297333333333334        -63.518152959481554
0.8298000000000001        -63.52020728911914
0.8298666666666668        -63.52556449995781
0.8299333333333334        -63.53438399177142
0.8300000000000001        -63.545452749966685
0.8300666666666667        -63.556789894952786
0.8301333333333334        -63.56645126845435
0.8302                    -63.573208755437925
0.8302666666666667        -63.57686966089459
0.8303333333333334        -63.57817599263931
0.8304                    -63.57839849458422
0.8304666666666667        -63.57883579611104
0.8305333333333333        -63.58041650868533
0.8306                    -63.58351307630571
0.8306666666666667        -63.58797010683905
0.8307333333333333        -63.59327516889277
0.8308                    -63.598775623358506
0.8308666666666666        -63.60386350008013
0.8309333333333333        -63.608090279942566
0.831                     -63.6112122059301
0.8310666666666666        -63.61318990092238
0.8311333333333333        -63.61417005990696
0.8311999999999999        -63.61446656200783
0.8312666666666666        -63.614541583320225
0.8313333333333333        -63.61497207132837
0.8314000000000001        -63.61638006539465
0.8314666666666668        -63.61931224027566
0.8315333333333335        -63.624076740236106
0.8316000000000001        -63.63057895965815
0.8316666666666668        -63.63822849948073
0.8317333333333334        -63.64599681203822
0.8318000000000001        -63.65267107005163
0.8318666666666668        -63.657271943031176
0.8319333333333334        -63.659505572145285
0.8320000000000001        -63.66005341643786
0.8320666666666667        -63.6605205904211
0.8321333333333334        -63.66298058429582
0.8322                    -63.66922993447285
0.8322666666666667        -63.68001939376783
0.8323333333333334        -63.69458525839562
0.8324                    -63.71073282615615
0.8324666666666667        -63.725532685614475
0.8325333333333333        -63.73642905279675
0.8326                    -63.74232780843353
0.8326666666666667        -63.74416561706805
0.8327333333333333        -63.74464643541139
0.8328                    -63.74720438525635
0.8328666666666666        -63.75461293660852
0.8329333333333333        -63.76782060398054
0.833                     -63.7855000423961
0.8330666666666666        -63.80451811606335
0.8331333333333333        -63.82117188852334
0.8331999999999999        -63.83270093427725
0.8332666666666666        -63.8384222689021
0.8333333333333333        -63.839968125352264
0.8334000000000001        -63.84052023862531
0.8334666666666668        -63.84340976269529
0.8335333333333335        -63.8507213143036
0.8336000000000001        -63.8624899091051
0.8336666666666668        -63.87679020288978
0.8337333333333334        -63.89064121755212
0.8338000000000001        -63.90131981298307
0.8338666666666668        -63.907506065949555
0.8339333333333334        -63.90976228930826
0.8340000000000001        -63.91016556399865
0.8340666666666667        -63.911314577087175
0.8341333333333334        -63.915197009830976
0.8342                    -63.922413153858535
0.8342666666666667        -63.93204475549656
0.8343333333333334        -63.94216337861635
0.8344                    -63.95071378620577
0.8344666666666667        -63.956373241481444
0.8345333333333333        -63.95902570084174
0.8346                    -63.95968551102914
0.8346666666666667        -63.959963310010636
0.8347333333333333        -63.961355681847536
0.8348                    -63.964675671251825
0.8348666666666666        -63.96983309836453
0.8349333333333333        -63.97599782605788
0.835                     -63.98202110166593
0.8350666666666666        -63.98690784914404
0.8351333333333333        -63.99014651626621
0.8351999999999999        -63.99179445723852
0.8352666666666666        -63.992336287110675
0.8353333333333333        -63.99242215433042
0.8354000000000001        -63.99261671317036
0.8354666666666668        -63.993250991610594
0.8355333333333335        -63.99440145944989
0.8356000000000001        -63.995962059817835
0.8356666666666668        -63.9977492328714
0.8357333333333334        -63.9995882865619
0.8358000000000001        -64.00135668776622
0.8358666666666668        -64.00298666387178
0.8359333333333334        -64.00444387891297
0.8360000000000001        -64.00570051761112
0.8360666666666667        -64.00671709219966
0.8361333333333334        -64.00744401796754
0.8362                    -64.00785109188939
0.8362666666666667        -64.00798469112713
0.8363333333333334        -64.00803508400993
0.8364                    -64.00837539455247
0.8364666666666667        -64.0095247933373
0.8365333333333334        -64.01200720369835
0.8366                    -64.01612611834723
0.8366666666666667        -64.02173823006858
0.8367333333333333        -64.02814969685713
0.8368                    -64.03424489901289
0.8368666666666666        -64.03887378591831
0.8369333333333333        -64.04139132960483
0.837                     -64.04212166288869
0.8370666666666666        -64.04248821927007
0.8371333333333333        -64.04465606094995
0.8371999999999999        -64.05074413861534
0.8372666666666666        -64.06188537671811
0.8373333333333333        -64.07753441216721
0.8374000000000001        -64.09538621764258
0.8374666666666668        -64.11206855895497
0.8375333333333335        -64.1244492534492
0.8376000000000001        -64.13106339932827
0.8376666666666668        -64.13299728101816
0.8377333333333334        -64.13372520605049
0.8378000000000001        -64.13785807044161
0.8378666666666668        -64.14927936898499
0.8379333333333334        -64.16943379372441
0.8380000000000001        -64.19649193549547
0.8380666666666667        -64.22581069394397
0.8381333333333334        -64.25164004794429
0.8382000000000001        -64.26948564984905
0.8382666666666667        -64.27812232467438
0.8383333333333334        -64.28027261979008
0.8384                    -64.28155180606757
0.8384666666666667        -64.28813488741599
0.8385333333333334        -64.30418471208193
0.8386                    -64.3301112680512
0.8386666666666667        -64.36233911830976
0.8387333333333333        -64.39469266867816
0.8388                    -64.42090404206937
0.8388666666666666        -64.43722876682598
0.8389333333333333        -64.44399045399234
0.839                     -64.44531811868038
0.8390666666666666        -64.44723854718416
0.8391333333333333        -64.45507620414406
0.8392                    -64.47132647990806
0.8392666666666666        -64.49482054232155
0.8393333333333333        -64.52140804814753
0.8393999999999999        -64.545801841695
0.8394666666666668        -64.56378555179879
0.8395333333333335        -64.57382568549777
0.8396000000000001        -64.57740241366943
0.8396666666666668        -64.57801147691178
0.8397333333333334        -64.57943404488108
0.8398000000000001        -64.58414002708484
0.8398666666666668        -64.59249560718979
0.8399333333333334        -64.60298761559936
0.8400000000000001        -64.61321398155393
0.8400666666666667        -64.62109612011665
0.8401333333333334        -64.6257373181521
0.8402000000000001        -64.62758611823297
0.8402666666666667        -64.62794555061178
0.8403333333333334        -64.62818642317143
0.8404                    -64.62910857772891
0.8404666666666667        -64.63073626700383
0.8405333333333334        -64.63255779680385
0.8406                    -64.633986875871
0.8406666666666667        -64.63474548737176
0.8407333333333333        -64.63496602209766
0.8408                    -64.63500984355949
0.8408666666666667        -64.63517363024651
0.8409333333333333        -64.6355014679912
0.841                     -64.63582374989655
0.8410666666666666        -64.63597617143496
0.8411333333333333        -64.6360242627466
0.8412                    -64.63631291040038
0.8412666666666666        -64.63728030899071
0.8413333333333333        -64.63914398059052
0.8413999999999999        -64.6416719986138
0.8414666666666668        -64.64422244741391
0.8415333333333335        -64.64607816006871
0.8416000000000001        -64.64690948995836
0.8416666666666668        -64.64708531739458
0.8417333333333334        -64.64760547762931
0.8418000000000001        -64.64963283500904
0.8418666666666668        -64.65384552780353
0.8419333333333334        -64.65996439999427
0.8420000000000001        -64.6667531749846
0.8420666666666667        -64.67255798759908
0.8421333333333334        -64.6761556963267
0.8422000000000001        -64.67747297446876
0.8422666666666667        -64.67775724408382
0.8423333333333334        -64.67904827873053
0.8424                    -64.68317711440082
0.8424666666666667        -64.69078894511239
0.8425333333333334        -64.70090195696399
0.8426                    -64.71127246194561
0.8426666666666667        -64.71944731037333
0.8427333333333333        -64.72401633874706
0.8428                    -64.72542229761822
0.8428666666666667        -64.72586942132597
0.8429333333333333        -64.72832955003044
0.843                     -64.73511728440417
0.8430666666666666        -64.74672524990592
0.8431333333333333        -64.76148722733902
0.8432                    -64.77625990663164
0.8432666666666666        -64.7878447128245
0.8433333333333333        -64.79449403112133
0.8433999999999999        -64.7967571727668
0.8434666666666668        -64.79722454509863
0.8435333333333335        -64.79929125912152
0.8436000000000001        -64.8055547318293
0.8436666666666668        -64.81661209958233
0.8437333333333334        -64.83080250117104
0.8438000000000001        -64.84499905089254
0.8438666666666668        -64.85608348298501
0.8439333333333334        -64.86241081176281
0.8440000000000001        -64.86455668189363
0.8440666666666667        -64.86499132115382
0.8441333333333334        -64.86687150728221
0.8442000000000001        -64.87256687968376
0.8442666666666667        -64.88261614697802
0.8443333333333334        -64.89555677567051
0.8444                    -64.90865685916644
0.8444666666666667        -64.91918139423905
0.8445333333333334        -64.9255957410574
0.8446                    -64.92815335564813
0.8446666666666667        -64.92863224405053
0.8447333333333333        -64.92941217612726
0.8448                    -64.93238110694612
0.8448666666666667        -64.93818000505122
0.8449333333333333        -64.94607613529325
0.845                     -64.95444161867313
0.8450666666666666        -64.96155435144689
0.8451333333333333        -64.96633017983304
0.8452                    -64.96867230312175
0.8452666666666666        -64.9693398207873
0.8453333333333333        -64.96947474160714
0.8453999999999999        -64.97006122898046
0.8454666666666668        -64.9715692746623
0.8455333333333335        -64.97389807661557
0.8456000000000001        -64.97657319536418
0.8456666666666668        -64.97904754178761
0.8457333333333334        -64.98094573788887
0.8458000000000001        -64.98215948527536
0.8458666666666668        -64.98279776715536
0.8459333333333334        -64.98306433620284
0.8460000000000001        -64.98314640130455
0.8460666666666667        -64.98316191207289
0.8461333333333334        -64.98316326035678
0.8462000000000001        -64.98316632285126
0.8462666666666667        -64.98317708186038
0.8463333333333334        -64.98320989798523
0.8464                    -64.98330726718068
0.8464666666666667        -64.9835653055501
0.8465333333333334        -64.98414818293395
0.8466                    -64.98526056580413
0.8466666666666667        -64.98706043365681
0.8467333333333333        -64.98953596246535
0.8468                    -64.99241527447693
0.8468666666666667        -64.99519118306543
0.8469333333333333        -64.99730163837016
0.847                     -64.99841970849319
0.8470666666666666        -64.99871894867864
0.8471333333333333        -64.99894993779671
0.8472                    -65.00022783703945
0.8472666666666666        -65.00357115249086
0.8473333333333333        -65.00937906056518
0.8473999999999999        -65.01710690600765
0.8474666666666668        -65.02534781654114
0.8475333333333335        -65.03235918936879
0.8476000000000001        -65.03684899108143
0.8476666666666668        -65.03866515911557
0.8477333333333334        -65.03902175852343
0.8478000000000001        -65.04008693463322
0.8478666666666668        -65.04406644591177
0.8479333333333334        -65.05217784622062
0.8480000000000001        -65.06398961015934
0.8480666666666667        -65.07746475578423
0.8481333333333334        -65.08975566715642
0.8482000000000001        -65.09845075356307
0.8482666666666667        -65.10271856825248
0.8483333333333334        -65.10378430923687
0.8484                    -65.10446414396249
0.8484666666666667        -65.10794121064512
0.8485333333333334        -65.1163361695481
0.8486                    -65.12971649582771
0.8486666666666667        -65.14599273637351
0.8487333333333333        -65.16177593742646
0.8488                    -65.17385374927744
0.8488666666666667        -65.18063510053682
0.8489333333333333        -65.18288148541104
0.849                     -65.18336237785134
0.8490666666666666        -65.18560028071852
0.8491333333333333        -65.1923042105054
0.8492                    -65.20420064654834
0.8492666666666666        -65.21975374720752
0.8493333333333333        -65.23586868630831
0.8493999999999999        -65.24925596146565
0.8494666666666666        -65.25784456436588
0.8495333333333335        -65.2616026487125
0.8496000000000001        -65.26240966461687
0.8496666666666668        -65.26309518894111
0.8497333333333335        -65.26614911302944
0.8498000000000001        -65.27270775222256
0.8498666666666668        -65.28222447068683
0.8499333333333334        -65.29288752681481
0.8500000000000001        -65.30252122517344
0.8500666666666667        -65.3095241030632
0.8501333333333334        -65.31342646754416
0.8502000000000001        -65.3148718840587
0.8502666666666667        -65.31512474538961
0.8503333333333334        -65.31541503832338
0.8504                    -65.31645109947586
0.8504666666666667        -65.31828348084014
0.8505333333333334        -65.32049639023879
0.8506                    -65.32255233028319
0.8506666666666667        -65.32408374315935
0.8507333333333333        -65.32500547636526
0.8508                    -65.32544973783617
0.8508666666666667        -65.32562031397157
0.8509333333333333        -65.32567684545212
0.851                     -65.32570272453076
0.8510666666666666        -65.32573506990109
0.8511333333333333        -65.3257978735275
0.8512                    -65.32590009102825
0.8512666666666666        -65.32601379861623
0.8513333333333333        -65.32608403774988
0.8513999999999999        -65.3261058012463
0.8514666666666666        -65.32624086313999
0.8515333333333335        -65.32688454191599
0.8516000000000001        -65.32858600393783
0.8516666666666668        -65.3317986065616
0.8517333333333335        -65.33655646247404
0.8518000000000001        -65.34226628590558
0.8518666666666668        -65.34779864405729
0.8519333333333334        -65.3519355715472
0.8520000000000001        -65.3540274275484
0.8520666666666667        -65.35453837667204
0.8521333333333334        -65.35513764204862
0.8522000000000001        -65.35817381044527
0.8522666666666667        -65.36567712582693
0.8523333333333334        -65.37830748245457
0.8524                    -65.3947611520011
0.8524666666666667        -65.41201502073781
0.8525333333333334        -65.42645447432423
0.8526                    -65.43550040352629
0.8526666666666667        -65.43901034917496
0.8527333333333333        -65.4397120950535
0.8528                    -65.44233256832918
0.8528666666666667        -65.45171556287379
0.8529333333333333        -65.47071044982552
0.853                     -65.49872695336546
0.8530666666666666        -65.53161270613312
0.8531333333333333        -65.5630468436619
0.8532                    -65.58704434269075
0.8532666666666666        -65.60057988650073
0.8533333333333333        -65.60509773136826
0.8533999999999999        -65.60609014356027
0.8534666666666666        -65.61087258600354
0.8535333333333335        -65.62555623874569
0.8536000000000001        -65.65250343920738
0.8536666666666668        -65.68925676714034
0.8537333333333335        -65.72936641490404
0.8538000000000001        -65.76489189641954
0.8538666666666668        -65.78967485697237
0.8539333333333334        -65.8019859664943
0.8540000000000001        -65.80526821012414
0.8540666666666668        -65.80659260649078
0.8541333333333334        -65.81360034223536
0.8542000000000001        -65.83135090117243
0.8542666666666667        -65.86035549007634
0.8543333333333334        -65.89647127105708
0.8544                    -65.93264275123107
0.8544666666666667        -65.9618280395485
0.8545333333333334        -65.97992465703241
0.8546                    -65.98739600721869
0.8546666666666667        -65.98885995307944
0.8547333333333333        -65.99092165599345
0.8548                    -65.99935427144158
0.8548666666666667        -66.0168736486448
0.8549333333333333        -66.04231139395972
0.855                     -66.07135242968684
0.8550666666666666        -66.09843227435712
0.8551333333333333        -66.11898487163648
0.8552                    -66.1311042731438
0.8552666666666666        -66.13595792337837
0.8553333333333333        -66.13689882462396
0.8553999999999999        -66.1378317208053
0.8554666666666666        -66.14164017092597
0.8555333333333335        -66.14930202771171
0.8556000000000001        -66.15990802127807
0.8556666666666668        -66.1713976226349
0.8557333333333335        -66.18158471498815
0.8558000000000001        -66.18901186540322
0.8558666666666668        -66.19332829347314
0.8559333333333334        -66.19514769150635
0.8560000000000001        -66.19557473039629
0.8560666666666668        -66.1956844204176
0.8561333333333334        -66.19617879223178
0.8562000000000001        -66.19730028918417
0.8562666666666667        -66.19894564717372
0.8563333333333334        -66.20085884889126
0.8564                    -66.20279409456134
0.8564666666666667        -66.2045967629207
0.8565333333333334        -66.20620784460345
0.8566                    -66.20762642545246
0.8566666666666667        -66.20886366690053
0.8567333333333333        -66.20990800645292
0.8568                    -66.21071302847798
0.8568666666666667        -66.21121992510932
0.8569333333333333        -66.21142385484978
0.857                     -66.21147445697558
0.8570666666666666        -66.21176666866984
0.8571333333333333        -66.21295023766818
0.8572                    -66.21579433978057
0.8572666666666666        -66.22090209593848
0.8573333333333333        -66.22836143517829
0.8573999999999999        -66.23749779933276
0.8574666666666666        -66.2469075895959
0.8575333333333333        -66.25486637821973
0.8576000000000001        -66.26003412095444
0.8576666666666668        -66.26218928207912
0.8577333333333335        -66.26262512523309
0.8578000000000001        -66.26392513706915
0.8578666666666668        -66.26909310844385
0.8579333333333334        -66.280324559471
0.8580000000000001        -66.29791377197513
0.8580666666666668        -66.31980275631932
0.8581333333333334        -66.342086289547
0.8582000000000001        -66.36042814312478
0.8582666666666667        -66.37190743849197
0.8583333333333334        -66.37649266423387
0.8584                    -66.37737944592352
0.8584666666666667        -66.37990781045089
0.8585333333333334        -66.38945185388322
0.8586                    -66.4091505243849
0.8586666666666667        -66.43841117234247
0.8587333333333333        -66.4728362526207
0.8588                    -66.50574080002872
0.8588666666666667        -66.53081812628722
0.8589333333333333        -66.54490784063208
0.859                     -66.5495702230991
0.8590666666666666        -66.55061531777294
0.8591333333333333        -66.55573786241516
0.8592                    -66.57132420746198
0.8592666666666666        -66.59978330352149
0.8593333333333333        -66.63843544954301
0.8593999999999999        -66.68040460482916
0.8594666666666666        -66.71728824179276
0.8595333333333333        -66.7426558005903
0.8596000000000001        -66.75488062508398
0.8596666666666668        -66.7579226234953
0.8597333333333335        -66.75964365379481
0.8598000000000001        -66.76849271599308
0.8598666666666668        -66.79008420584707
0.8599333333333334        -66.8250264615428
0.8600000000000001        -66.86872009515693
0.8600666666666668        -66.91314970683484
0.8601333333333334        -66.95003448766772
0.8602000000000001        -66.97411937103416
0.8602666666666667        -66.98517652972986
0.8603333333333334        -66.98780466828569
0.8604                    -66.98921397596573
0.8604666666666667        -66.99614703110198
0.8605333333333334        -67.01231163700092
0.8606                    -67.03725093835837
0.8606666666666667        -67.06689470948507
0.8607333333333334        -67.09543456202323
0.8608                    -67.11773052101972
0.8608666666666667        -67.13126655366351
0.8609333333333333        -67.1368709457684
0.861                     -67.138002162918
0.8610666666666666        -67.13907180614983
0.8611333333333333        -67.1436373834082
0.8612                    -67.1532021880902
0.8612666666666666        -67.16697313822183
0.8613333333333333        -67.18250383614526
0.8613999999999999        -67.19684676660694
0.8614666666666666        -67.2077133760363
0.8615333333333333        -67.21420772222686
0.8616000000000001        -67.21692670814434
0.8616666666666668        -67.21750501689843
0.8617333333333335        -67.21788812554097
0.8618000000000001        -67.21965807924124
0.8618666666666668        -67.22363312046501
0.8619333333333334        -67.22980114474625
0.8620000000000001        -67.23751362324347
0.8620666666666668        -67.24580314360628
0.8621333333333334        -67.25369307130703
0.8622000000000001        -67.26041649193539
0.8622666666666667        -67.265521534006
0.8623333333333334        -67.26888575092349
0.8624                    -67.27068136148766
0.8624666666666667        -67.2713275428334
0.8625333333333334        -67.2714457523474
0.8626                    -67.27181105215186
0.8626666666666667        -67.27327647321667
0.8627333333333334        -67.2766459093796
0.8628                    -67.28248827766163
0.8628666666666667        -67.29092074320428
0.8629333333333333        -67.30143179896208
0.863                     -67.31284584803524
0.8630666666666666        -67.3235236873588
0.8631333333333333        -67.33182779564223
0.8632                    -67.33676155521763
0.8632666666666666        -67.33856125670289
0.8633333333333333        -67.33895566944825
0.8634                    -67.34087634983025
0.8634666666666666        -67.3476014671
0.8635333333333333        -67.3615639493449
0.8636000000000001        -67.38323986992505
0.8636666666666668        -67.41058175941973
0.8637333333333335        -67.43934977467252
0.8638000000000001        -67.46441751721709
0.8638666666666668        -67.48171825431126
0.8639333333333334        -67.4900912508287
0.8640000000000001        -67.49215205613683
0.8640666666666668        -67.49364629263152
0.8641333333333334        -67.50143197429851
0.8642000000000001        -67.52086023865184
0.8642666666666667        -67.55355871658251
0.8643333333333334        -67.59646425211622
0.8644000000000001        -67.64257240424645
0.8644666666666667        -67.683343621489
0.8645333333333334        -67.71202899753155
0.8646                    -67.72656008890154
0.8646666666666667        -67.73058502740813
0.8647333333333334        -67.73203690466842
0.8648                    -67.73986806505647
0.8648666666666667        -67.76041515264347
0.8649333333333333        -67.79485916288506
0.865                     -67.8386967912628
0.8650666666666667        -67.8834508522401
0.8651333333333333        -67.92010790412883
0.8652                    -67.94298941306909
0.8652666666666666        -67.95230702973966
0.8653333333333333        -67.95409417180304
0.8654                    -67.95753083259217
0.8654666666666666        -67.97099739844764
0.8655333333333333        -67.9986274425576
0.8655999999999999        -68.03867597238549
0.8656666666666668        -68.08423485520828
0.8657333333333335        -68.12604566084086
0.8658000000000001        -68.15638448883337
0.8658666666666668        -68.17237962476516
0.8659333333333334        -68.17718133989699
0.8660000000000001        -68.17842092729578
0.8660666666666668        -68.18480658253164
0.8661333333333334        -68.20251359193446
0.8662000000000001        -68.23285402030153
0.8662666666666667        -68.27197780526306
0.8663333333333334        -68.31257721994928
0.8664000000000001        -68.3468991955651
0.8664666666666667        -68.3698534259034
0.8665333333333334        -68.38088002520719
0.8666                    -68.38378038983679
0.8666666666666667        -68.38473795724892
0.8667333333333334        -68.38960532018264
0.8668                    -68.40169712288525
0.8668666666666667        -68.42087794914384
0.8669333333333333        -68.4440839255116
0.867                     -68.466875662311
0.8670666666666667        -68.48529995522946
0.8671333333333333        -68.49729261102983
0.8672                    -68.50311889652698
0.8672666666666666        -68.50482633084634
0.8673333333333333        -68.50512563362915
0.8674                    -68.50628311079161
0.8674666666666666        -68.5094638282813
0.8675333333333333        -68.51466062204918
0.8675999999999999        -68.52106782957006
0.8676666666666668        -68.52762164459284
0.8677333333333335        -68.53344683364689
0.8678000000000001        -68.53807117980043
0.8678666666666668        -68.54141263761869
0.8679333333333334        -68.54363731720443
0.8680000000000001        -68.54500083230421
0.8680666666666668        -68.54574389050521
0.8681333333333334        -68.54606150971401
0.8682000000000001        -68.54613606092
0.8682666666666667        -68.54621693481035
0.8683333333333334        -68.54672192341422
0.8684000000000001        -68.54831190722506
0.8684666666666667        -68.55186329633582
0.8685333333333334        -68.55826719295833
0.8686                    -68.56804992711434
0.8686666666666667        -68.58092836896243
0.8687333333333334        -68.59553011800267
0.8688                    -68.60954159824551
0.8688666666666667        -68.62042794919557
0.8689333333333333        -68.62659295962901
0.869                     -68.62852148746425
0.8690666666666667        -68.62927763229563
0.8691333333333333        -68.63389834000249
0.8692                    -68.64769794259055
0.8692666666666666        -68.67403494395481
0.8693333333333333        -68.71242083579659
0.8694                    -68.75786947485125
0.8694666666666666        -68.80209630942524
0.8695333333333333        -68.83654128504341
0.8695999999999999        -68.85624120831913
0.8696666666666668        -68.86275650928147
0.8697333333333335        -68.86444290320816
0.8698000000000001        -68.87362421413744
0.8698666666666668        -68.901825292843
0.8699333333333334        -68.9550207644221
0.8700000000000001        -69.03064961874945
0.8700666666666668        -69.1175586768246
0.8701333333333334        -69.19939714602702
0.8702000000000001        -69.26090083491937
0.8702666666666667        -69.29476389927052
0.8703333333333334        -69.3055490885094
0.8704000000000001        -69.30816497962321
0.8704666666666667        -69.32162187843679
0.8705333333333334        -69.36129590227365
0.8706                    -69.43294024185063
0.8706666666666667        -69.53025557331428
0.8707333333333334        -69.63669426882161
0.8708                    -69.73140453183044
0.8708666666666667        -69.7977734586644
0.8709333333333333        -69.83091485727954
0.871                     -69.83986938194174
0.8710666666666667        -69.84309789041892
0.8711333333333333        -69.86002390735553
0.8712                    -69.90305879539048
0.8712666666666666        -69.97314948699191
0.8713333333333333        -70.05984877948754
0.8714                    -70.14567181957838
0.8714666666666666        -70.21344612278898
0.8715333333333333        -70.25382482337518
0.8715999999999999        -70.26922404987218
0.8716666666666668        -70.27199829861557
0.8717333333333335        -70.27813784627145
0.8718000000000001        -70.30012981379224
0.8718666666666668        -70.3422235803093
0.8719333333333334        -70.39950284031175
0.8720000000000001        -70.46060257801496
0.8720666666666668        -70.51285836238725
0.8721333333333334        -70.547776179853
0.8722000000000001        -70.56433186991457
0.8722666666666667        -70.56856649138413
0.8723333333333334        -70.57001195233889
0.8724000000000001        -70.57712093267605
0.8724666666666667        -70.59395183412403
0.8725333333333334        -70.61926650352568
0.8726                    -70.64795344892148
0.8726666666666667        -70.67382208429459
0.8727333333333334        -70.69240475090957
0.8728                    -70.70253138968836
0.8728666666666667        -70.70614127514669
0.8729333333333333        -70.70674134659896
0.873                     -70.70752881782924
0.8730666666666667        -70.71014209261988
0.8731333333333333        -70.71446486026669
0.8732                    -70.71929667055363
0.8732666666666666        -70.72333356072411
0.8733333333333333        -70.72588696210745
0.8734                    -70.72704603975791
0.8734666666666666        -70.7273647259903
0.8735333333333333        -70.7274018748704
0.8735999999999999        -70.72743836579521
0.8736666666666668        -70.72749147107136
0.8737333333333335        -70.72751285964334
0.8738000000000001        -70.7275513055836
0.8738666666666668        -70.72773707005089
0.8739333333333335        -70.7281261232419
0.8740000000000001        -70.72858326820207
0.8740666666666668        -70.7288717240348
0.8741333333333334        -70.72895272149627
0.8742000000000001        -70.72929670248259
0.8742666666666667        -70.73092370272737
0.8743333333333334        -70.73501332827743
0.8744000000000001        -70.74220226977064
0.8744666666666667        -70.75195041302177
0.8745333333333334        -70.76242776949306
0.8746                    -70.77117185611529
0.8746666666666667        -70.77634805213607
0.8747333333333334        -70.7780159722235
0.8748                    -70.77864557626526
0.8748666666666667        -70.78241806364646
0.8749333333333333        -70.79347102581744
0.875                     -70.8138366906551
0.8750666666666667        -70.84205534662726
0.8751333333333333        -70.87324626273526
0.8752                    -70.90086390058582
0.8752666666666666        -70.91958227766997
0.8753333333333333        -70.92801691917222
0.8754                    -70.92981869914462
0.8754666666666666        -70.93239503229887
0.8755333333333333        -70.94376807907591
0.8755999999999999        -70.96901142759182
0.8756666666666666        -71.0078208037712
0.8757333333333335        -71.05426117421565
0.8758000000000001        -71.09894955580286
0.8758666666666668        -71.13298793278445
0.8759333333333335        -71.15199979142537
0.8760000000000001        -71.15824190316899
0.8760666666666668        -71.15958851936308
0.8761333333333334        -71.16589332128113
0.8762000000000001        -71.18457881493809
0.8762666666666667        -71.21745031886675
0.8763333333333334        -71.25997679968079
0.8764000000000001        -71.30328418203759
0.8764666666666667        -71.33810956442971
0.8765333333333334        -71.35903610444828
0.8766                    -71.36694390260281
0.8766666666666667        -71.36838417027329
0.8767333333333334        -71.37227143400965
0.8768                    -71.38568822458846
0.8768666666666667        -71.41080487678435
0.8769333333333333        -71.44414902914978
0.877                     -71.47840159635506
0.8770666666666667        -71.50590183929269
0.8771333333333333        -71.52226240328551
0.8772                    -71.52831436672678
0.8772666666666666        -71.52940705993119
0.8773333333333333        -71.5325437906512
0.8774                    -71.54294398036468
0.8774666666666666        -71.56171697293676
0.8775333333333333        -71.58561351987244
0.8775999999999999        -71.6088402818693
0.8776666666666666        -71.62603335879513
0.8777333333333335        -71.63493164358333
0.8778000000000001        -71.63739505928285
0.8778666666666668        -71.63828943898615
0.8779333333333335        -71.64292956235583
0.8780000000000001        -71.65446584269986
0.8780666666666668        -71.67247603219883
0.8781333333333334        -71.69333449780231
0.8782000000000001        -71.71209556683874
0.8782666666666668        -71.7249408131776
0.8783333333333334        -71.73096062565813
0.8784000000000001        -71.73238254770885
0.8784666666666667        -71.73321610243673
0.8785333333333334        -71.73713438192424
0.8786                    -71.74572733864423
0.8786666666666667        -71.75794414004682
0.8787333333333334        -71.77087904943612
0.8788                    -71.7813980849695
0.8788666666666667        -71.78772026077903
0.8789333333333333        -71.7901364528642
0.879                     -71.79056322291534
0.8790666666666667        -71.79129713292309
0.8791333333333333        -71.79374198434273
0.8792                    -71.79780884538046
0.8792666666666666        -71.80224166153937
0.8793333333333333        -71.80558499487306
0.8794                    -71.80716873016907
0.8794666666666666        -71.80751302823303
0.8795333333333333        -71.80793850517276
0.8795999999999999        -71.80966727392283
0.8796666666666666        -71.81300566594766
0.8797333333333335        -71.81713374216142
0.8798000000000001        -71.82064917570219
0.8798666666666668        -71.82254660757285
0.8799333333333335        -71.82302330275512
0.8800000000000001        -71.82357316348228
0.8800666666666668        -71.82624543443707
0.8801333333333334        -71.83245451694617
0.8802000000000001        -71.84201984043872
0.8802666666666668        -71.85302660110331
0.8803333333333334        -71.86268159581402
0.8804000000000001        -71.86879052085409
0.8804666666666667        -71.87107718727843
0.8805333333333334        -71.87156453908199
0.8806                    -71.87371121787375
0.8806666666666667        -71.88068833198703
0.8807333333333334        -71.8936668128004
0.8808                    -71.91100977884847
0.8808666666666667        -71.92885724668706
0.8809333333333333        -71.94293623019645
0.881                     -71.9507722112667
0.8810666666666667        -71.9531487712683
0.8811333333333333        -71.95395472218425
0.8812                    -71.9584021044624
0.8812666666666666        -71.97047836247866
0.8813333333333333        -71.99087943758563
0.8814                    -72.01643616929582
0.8814666666666666        -72.04139953437887
0.8815333333333333        -72.06012233722903
0.8815999999999999        -72.0699177305807
0.8816666666666666        -72.07260680734406
0.8817333333333335        -72.07384288727744
0.8818000000000001        -72.08049110577184
0.8818666666666668        -72.09736111408594
0.8819333333333335        -72.12483788251592
0.8820000000000001        -72.15848796458182
0.8820666666666668        -72.19089889282643
0.8821333333333334        -72.21506685919618
0.8822000000000001        -72.22780870491752
0.8822666666666668        -72.23143917168683
0.8823333333333334        -72.23275144092985
0.8824000000000001        -72.23980991250944
0.8824666666666667        -72.25818451410368
0.8825333333333334        -72.28837542746244
0.8826                    -72.32551568190392
0.8826666666666667        -72.3614969398216
0.8827333333333334        -72.38867548079983
0.8828                    -72.4034800544719
0.8828666666666667        -72.40807901126072
0.8829333333333333        -72.40919600999588
0.883                     -72.41474283326637
0.8830666666666667        -72.43004707713547
0.8831333333333333        -72.45545883900384
0.8832                    -72.48632847764549
0.8832666666666666        -72.5153171376295
0.8833333333333333        -72.53601290914462
0.8834                    -72.54612781852217
0.8834666666666666        -72.54862139565061
0.8835333333333333        -72.5501665996958
0.8835999999999999        -72.55783923330566
0.8836666666666666        -72.57575855896272
0.8837333333333333        -72.60323079174626
0.8838000000000001        -72.63513221732406
0.8838666666666668        -72.66430993488822
0.8839333333333335        -72.6849202814772
0.8840000000000001        -72.69512254781942
0.8840666666666668        -72.69778674188099
0.8841333333333334        -72.6989204715793
0.8842000000000001        -72.70474149095573
0.8842666666666668        -72.71889985237677
0.8843333333333334        -72.74106668771226
0.8844000000000001        -72.76734841599048
0.8844666666666667        -72.79219785640447
0.8845333333333334        -72.8109040281409
0.8846                    -72.82151612406741
0.8846666666666667        -72.82535556588073
0.8847333333333334        -72.82601559231138
0.8848                    -72.8275088345722
0.8848666666666667        -72.83253567315556
0.8849333333333333        -72.84161149132896
0.885                     -72.85326676784437
0.8850666666666667        -72.8650359484794
0.8851333333333333        -72.87466872918762
0.8852                    -72.8809984045494
0.8852666666666666        -72.8841547788379
0.8853333333333333        -72.88517308798446
0.8854                    -72.88532547955144
0.8854666666666666        -72.88555475680768
0.8855333333333333        -72.88623886678045
0.8855999999999999        -72.88728844030531
0.8856666666666666        -72.88841570441515
0.8857333333333333        -72.88938003861655
0.8858000000000001        -72.89009651363271
0.8858666666666668        -72.8906136946809
0.8859333333333335        -72.89104364202076
0.8860000000000001        -72.89152143094856
0.8860666666666668        -72.89220684142207
0.8861333333333334        -72.89327922894316
0.8862000000000001        -72.89487183519077
0.8862666666666668        -72.89695100003068
0.8863333333333334        -72.89922387998288
0.8864000000000001        -72.901188905831
0.8864666666666667        -72.90238486115565
0.8865333333333334        -72.90276418561903
0.8866                    -72.90298940253598
0.8866666666666667        -72.90442256276407
0.8867333333333334        -72.90869482925059
0.8868                    -72.91696477873589
0.8868666666666667        -72.92918457612922
0.8869333333333334        -72.9437734757374
0.887                     -72.9579844948893
0.8870666666666667        -72.96895616717394
0.8871333333333333        -72.97506804412623
0.8872                    -72.97695612286738
0.8872666666666666        -72.97759464333183
0.8873333333333333        -72.98125784536714
0.8874                    -72.9917313021641
0.8874666666666666        -73.0105318890077
0.8875333333333333        -73.03594062643003
0.8876                    -73.06337511174074
0.8876666666666666        -73.08712288888759
0.8877333333333333        -73.1028367906468
0.8878000000000001        -73.10969393375753
0.8878666666666668        -73.111105318635
0.8879333333333335        -73.11350543319408
0.8880000000000001        -73.12371447405408
0.8880666666666668        -73.1460322446057
0.8881333333333334        -73.180274738276
0.8882000000000001        -73.22155465743299
0.8882666666666668        -73.26199593393633
0.8883333333333334        -73.29385654918282
0.8884000000000001        -73.31282731542296
0.8884666666666667        -73.31996984896054
0.8885333333333334        -73.32128614117778
0.8886000000000001        -73.32511792962262
0.8886666666666667        -73.33864351368852
0.8887333333333334        -73.36500626466739
0.8888                    -73.40214810218824
0.8888666666666667        -73.44370050442718
0.8889333333333334        -73.481576705407
0.889                     -73.50926204818043
0.8890666666666667        -73.524399088472
0.8891333333333333        -73.52948117465108
0.8892                    -73.53039215691742
0.8892666666666666        -73.53362455322176
0.8893333333333333        -73.54354685165208
0.8894                    -73.56085909058652
0.8894666666666666        -73.58271478700561
0.8895333333333333        -73.60429465762562
0.8896                    -73.62108340572095
0.8896666666666666        -73.630838912411
0.8897333333333333        -73.63439657592986
0.8898000000000001        -73.63502893291951
0.8898666666666668        -73.63679026721732
0.8899333333333335        -73.6426995243733
0.8900000000000001        -73.65356346084441
0.8900666666666668        -73.66785203440809
0.8901333333333334        -73.68256186574986
0.8902000000000001        -73.69462152865898
0.8902666666666668        -73.70220762438878
0.8903333333333334        -73.70541811704798
0.8904000000000001        -73.706071186711
0.8904666666666667        -73.70680928327656
0.8905333333333334        -73.70997039202287
0.8906000000000001        -73.71671667601667
0.8906666666666667        -73.72672429155878
0.8907333333333334        -73.73846971119252
0.8908                    -73.74991827166541
0.8908666666666667        -73.75929926924232
0.8909333333333334        -73.76566401989892
0.891                     -73.76905253789043
0.8910666666666667        -73.77027834283469
0.8911333333333333        -73.77049164045775
0.8912                    -73.7707344656932
0.8912666666666667        -73.77165246621232
0.8913333333333333        -73.77342343539635
0.8914                    -73.77586272815967
0.8914666666666666        -73.77861091345056
0.8915333333333333        -73.78130867597433
0.8916                    -73.78370175951792
0.8916666666666666        -73.78566675491284
0.8917333333333333        -73.78718265711285
0.8917999999999999        -73.78828354997214
0.8918666666666668        -73.78901999664487
0.8919333333333335        -73.78944332858283
0.8920000000000001        -73.78961707811398
0.8920666666666668        -73.78965331752327
0.8921333333333334        -73.78976284686955
0.8922000000000001        -73.79029398446191
0.8922666666666668        -73.79172164308436
0.8923333333333334        -73.79455089561614
0.8924000000000001        -73.7991294619245
0.8924666666666667        -73.8054186633133
0.8925333333333334        -73.81282923704465
0.8926000000000001        -73.82025050260626
0.8926666666666667        -73.82635643571324
0.8927333333333334        -73.83015435829981
0.8928                    -73.8315899718787
0.8928666666666667        -73.83191773692788
0.8929333333333334        -73.83357259985186
0.893                     -73.8394608937203
0.8930666666666667        -73.85185317994942
0.8931333333333333        -73.87128443113136
0.8932                    -73.89594634328728
0.8932666666666667        -73.92195133775236
0.8933333333333333        -73.94455861549991
0.8934                    -73.96002797141585
0.8934666666666666        -73.96736401132628
0.8935333333333333        -73.9690973237633
0.8936                    -73.9706025895017
0.8936666666666666        -73.97813522694781
0.8937333333333333        -73.99636764107471
0.8937999999999999        -74.02640679952994
0.8938666666666668        -74.06507938776342
0.8939333333333335        -74.10584674784282
0.8940000000000001        -74.14115706398727
0.8940666666666668        -74.16541979127962
0.8941333333333334        -74.17734110058211
0.8942000000000001        -74.18048885744062
0.8942666666666668        -74.18177929055288
0.8943333333333334        -74.18861452314944
0.8944000000000001        -74.20596249253347
0.8944666666666667        -74.23452887213574
0.8945333333333334        -74.27061741659604
0.8946000000000001        -74.3076554160575
0.8946666666666667        -74.33879910841873
0.8947333333333334        -74.35959825193675
0.8948                    -74.36960240413819
0.8948666666666667        -74.37223927489993
0.8949333333333334        -74.37313306135378
0.895                     -74.37773980205978
0.8950666666666667        -74.38934364419816
0.8951333333333333        -74.40811916502982
0.8952                    -74.43143850049465
0.8952666666666667        -74.4551440260019
0.8953333333333333        -74.47521438168414
0.8954                    -74.48916547159953
0.8954666666666666        -74.4966868034916
0.8955333333333333        -74.49937647034736
0.8956                    -74.49983287965745
0.8956666666666666        -74.50058107726159
0.8957333333333333        -74.50327264889127
0.8957999999999999        -74.50838142530293
0.8958666666666668        -74.51537124296732
0.8959333333333335        -74.5231467800227
0.8960000000000001        -74.53055135134876
0.8960666666666668        -74.53672884333187
0.8961333333333334        -74.5412731159861
0.8962000000000001        -74.54419142393603
0.8962666666666668        -74.54576729845752
0.8963333333333334        -74.54641208139107
0.8964000000000001        -74.5465608176911
0.8964666666666667        -74.54662602681702
0.8965333333333334        -74.54699222559321
0.8966000000000001        -74.54802037668753
0.8966666666666667        -74.55003136041402
0.8967333333333334        -74.55324829608446
0.8968                    -74.55769967297576
0.8968666666666667        -74.56311733114387
0.8969333333333334        -74.56889418103175
0.897                     -74.57417442745655
0.8970666666666667        -74.57811243315287
0.8971333333333333        -74.58025278801662
0.8972                    -74.58088534920051
0.8972666666666667        -74.5811755225144
0.8973333333333333        -74.58291727637136
0.8974                    -74.58790956161006
0.8974666666666666        -74.59715420116464
0.8975333333333333        -74.61021777463009
0.8976                    -74.62511056765089
0.8976666666666666        -74.63887768035212
0.8977333333333333        -74.64879467130802
0.8977999999999999        -74.6537164025851
0.8978666666666668        -74.65493013252421
0.8979333333333335        -74.6559893469347
0.8980000000000001        -74.66145137395415
0.8980666666666668        -74.67497503475104
0.8981333333333335        -74.69756469752278
0.8982000000000001        -74.72674588459212
0.8982666666666668        -74.75716452820407
0.8983333333333334        -74.78258751693053
0.8984000000000001        -74.79863458185164
0.8984666666666667        -74.80504547715134
0.8985333333333334        -74.80629514596038
0.8986000000000001        -74.81009621563192
0.8986666666666667        -74.82437342983974
0.8987333333333334        -74.85397886914306
0.8988                    -74.89844436038402
0.8988666666666667        -74.95165939029974
0.8989333333333334        -75.00378566108252
0.899                     -75.04497401185415
0.8990666666666667        -75.06954837192866
0.8991333333333333        -75.07873609877956
0.8992                    -75.08046916972094
0.8992666666666667        -75.08626197641
0.8993333333333333        -75.10664202587344
0.8994                    -75.14706164508071
0.8994666666666666        -75.20571815133466
0.8995333333333333        -75.27395567018755
0.8996                    -75.33924344820379
0.8996666666666666        -75.38992324427004
0.8997333333333333        -75.41995324751619
0.8997999999999999        -75.4314249519942
0.8998666666666668        -75.43351552646291
0.8999333333333335        -75.4384463570738
0.9000000000000001        -75.45648754354782
0.9000666666666668        -75.49212460903527
0.9001333333333335        -75.54263010148142
0.9002000000000001        -75.59933327018749
0.9002666666666668        -75.65111868875063
0.9003333333333334        -75.68892812391768
0.9004000000000001        -75.70942109891394
0.9004666666666667        -75.71609541251631
0.9005333333333334        -75.71739619367561
0.9006000000000001        -75.72291705794945
0.9006666666666667        -75.73956846033536
0.9007333333333334        -75.76923383714114
0.9008                    -75.8085453849971
0.9008666666666667        -75.85059391296838
0.9009333333333334        -75.88779454140831
0.901                     -75.91475401174972
0.9010666666666667        -75.92998239280418
0.9011333333333333        -75.93583077781452
0.9012                    -75.93691704860773
0.9012666666666667        -75.93797665069688
0.9013333333333333        -75.94215144404887
0.9014                    -75.95029758117954
0.9014666666666666        -75.96132354894198
0.9015333333333333        -75.97315836092262
0.9016                    -75.98380546043815
0.9016666666666666        -75.99204341895363
0.9017333333333333        -75.99759894084264
0.9017999999999999        -76.00089657183061
0.9018666666666666        -76.00264463360624
0.9019333333333335        -76.00349793641321
0.9020000000000001        -76.00390466599403
0.9020666666666668        -76.00410824822224
0.9021333333333335        -76.00421481771234
0.9022000000000001        -76.00426078353671
0.9022666666666668        -76.0042723618581
0.9023333333333334        -76.00433862137473
0.9024000000000001        -76.00469601096948
0.9024666666666668        -76.00577165621546
0.9025333333333334        -76.00810986107787
0.9026000000000001        -76.0121502281529
0.9026666666666667        -76.017925417785
0.9027333333333334        -76.02484194568137
0.9028                    -76.03172603802672
0.9028666666666667        -76.03721906836397
0.9029333333333334        -76.04041865513804
0.903                     -76.04147517137679
0.9030666666666667        -76.04179262243778
0.9031333333333333        -76.04362213642533
0.9032                    -76.04913026243612
0.9032666666666667        -76.05932109523681
0.9033333333333333        -76.07333219740485
0.9034                    -76.08853108344928
0.9034666666666666        -76.1015245346323
0.9035333333333333        -76.10974877219148
0.9036                    -76.11292307983211
0.9036666666666666        -76.11357677610107
0.9037333333333333        -76.11623806839958
0.9037999999999999        -76.12553645687625
0.9038666666666666        -76.1440307854128
0.9039333333333335        -76.17074604599406
0.9040000000000001        -76.20116355336086
0.9040666666666668        -76.22887128567545
0.9041333333333335        -76.2483546488878
0.9042000000000001        -76.25772015807402
0.9042666666666668        -76.25994257754834
0.9043333333333334        -76.26185028487913
0.9044000000000001        -76.271234313022
0.9044666666666668        -76.29340103861911
0.9045333333333334        -76.32867081246047
0.9046000000000001        -76.37188398865364
0.9046666666666667        -76.41425576824241
0.9047333333333334        -76.44704528449753
0.9048                    -76.46557573279041
0.9048666666666667        -76.47166168791058
0.9049333333333334        -76.47310109360198
0.905                     -76.4804279808524
0.9050666666666667        -76.50250326931818
0.9051333333333333        -76.54284829064177
0.9052                    -76.59806134026792
0.9052666666666667        -76.65885890043194
0.9053333333333333        -76.71350706950842
0.9054                    -76.75252443237869
0.9054666666666666        -76.77271538586925
0.9055333333333333        -76.77856949617552
0.9056                    -76.78030903294842
0.9056666666666666        -76.78964446734861
0.9057333333333333        -76.81526112032299
0.9057999999999999        -76.85976381907386
0.9058666666666666        -76.91891953818953
0.9059333333333335        -76.98325923471641
0.9060000000000001        -77.04150538983134
0.9060666666666668        -77.08469110233563
0.9061333333333335        -77.10938146922388
0.9062000000000001        -77.11861689432953
0.9062666666666668        -77.12026320358143
0.9063333333333334        -77.12373148559541
0.9064000000000001        -77.13661426484296
0.9064666666666668        -77.16245741647154
0.9065333333333334        -77.20015532814153
0.9066000000000001        -77.24484172911373
0.9066666666666667        -77.28978821293803
0.9067333333333334        -77.32863474412542
0.9068                    -77.35723165978946
0.9068666666666667        -77.374537721169
0.9069333333333334        -77.38240276433883
0.907                     -77.38450427274081
0.9070666666666667        -77.38496981237626
0.9071333333333333        -77.38719591259654
0.9072                    -77.39315690433243
0.9072666666666667        -77.40325096334244
0.9073333333333333        -77.41656571372961
0.9074                    -77.43138237005097
0.9074666666666666        -77.44574505230788
0.9075333333333333        -77.45796353350651
0.9076                    -77.46696808002746
0.9076666666666666        -77.47248103008278
0.9077333333333333        -77.47500571873294
0.9077999999999999        -77.47565842636371
0.9078666666666666        -77.47588554946715
0.9079333333333335        -77.47711986771408
0.9080000000000001        -77.48043919958003
0.9080666666666668        -77.486297247798
0.9081333333333335        -77.49439522996337
0.9082000000000001        -77.50374609475838
0.9082666666666668        -77.51294364689814
0.9083333333333334        -77.52058732734216
0.9084000000000001        -77.525745301302
0.9084666666666668        -77.52829511957552
0.9085333333333334        -77.52899618320814
0.9086000000000001        -77.52923350739559
0.9086666666666667        -77.53050143873187
0.9087333333333334        -77.5338133993636
0.9088                    -77.53927484069126
0.9088666666666667        -77.54601430306296
0.9089333333333334        -77.55253892350062
0.909                     -77.55740351113779
0.9090666666666667        -77.55992236491402
0.9091333333333333        -77.56059236772742
0.9092                    -77.56099089988241
0.9092666666666667        -77.5631408228987
0.9093333333333333        -77.5685909199603
0.9094                    -77.57761670420932
0.9094666666666666        -77.58893108198089
0.9095333333333333        -77.60010960421609
0.9096                    -77.60863627230826
0.9096666666666666        -77.61316350067709
0.9097333333333333        -77.61440187231412
0.9097999999999999        -77.61514887241712
0.9098666666666666        -77.61933398398666
0.9099333333333333        -77.63041815003366
0.9100000000000001        -77.64979603291164
0.9100666666666668        -77.67588538842467
0.9101333333333335        -77.70437313390889
0.9102000000000001        -77.72968982745115
0.9102666666666668        -77.74727143391634
0.9103333333333334        -77.75570220652479
0.9104000000000001        -77.75771392067861
0.9104666666666668        -77.75945578116418
0.9105333333333334        -77.76826143598119
0.9106000000000001        -77.78981931831643
0.9106666666666667        -77.82584290260348
0.9107333333333334        -77.87309612781063
0.9108                    -77.92419515034877
0.9108666666666667        -77.97007640874921
0.9109333333333334        -78.00337568631919
0.911                     -78.02138241892563
0.9110666666666667        -78.02718592901203
0.9111333333333334        -78.02841108826782
0.9112                    -78.03414312122685
0.9112666666666667        -78.05143194193516
0.9113333333333333        -78.08274141266808
0.9114                    -78.12515926333477
0.9114666666666666        -78.17155311393749
0.9115333333333333        -78.2132844207373
0.9116                    -78.2435372381486
0.9116666666666666        -78.25994006367972
0.9117333333333333        -78.26533205589696
0.9117999999999999        -78.26637315587197
0.9118666666666666        -78.27074094014583
0.9119333333333333        -78.28420246053929
0.9120000000000001        -78.30867706117506
0.9120666666666668        -78.34184018721368
0.9121333333333335        -78.37824024345232
0.9122000000000001        -78.41144460657638
0.9122666666666668        -78.43640700239918
0.9123333333333334        -78.45115266667352
0.9124000000000001        -78.45715261898049
0.9124666666666668        -78.45835384770899
0.9125333333333334        -78.45942376664263
0.9126000000000001        -78.46401287465468
0.9126666666666667        -78.47367371450459
0.9127333333333334        -78.48769293939674
0.9128000000000001        -78.50372398098428
0.9128666666666667        -78.51886681954564
0.9129333333333334        -78.53075609510985
0.913                     -78.53828579900294
0.9130666666666667        -78.54178668983604
0.9131333333333334        -78.542702615538
0.9132                    -78.54298144869756
0.9132666666666667        -78.5444415262244
0.9133333333333333        -78.54830756221074
0.9134                    -78.55499559985427
0.9134666666666666        -78.56412909337338
0.9135333333333333        -78.57471856665686
0.9136                    -78.58543241256439
0.9136666666666666        -78.59490544671777
0.9137333333333333        -78.60205188312494
0.9138                    -78.6063548846482
0.9138666666666666        -78.60809210922079
0.9139333333333333        -78.60843515019346
0.9140000000000001        -78.60934976958448
0.9140666666666668        -78.61324379004499
0.9141333333333335        -78.62237040809883
0.9142000000000001        -78.63808841664193
0.9142666666666668        -78.6601822622097
0.9143333333333334        -78.68651715209445
0.9144000000000001        -78.71330071569608
0.9144666666666668        -78.73609062646268
0.9145333333333334        -78.75140208450543
0.9146000000000001        -78.75840269922051
0.9146666666666667        -78.75994337712004
0.9147333333333334        -78.76229410660511
0.9148000000000001        -78.77345426186749
0.9148666666666667        -78.80051371781272
0.9149333333333334        -78.84692224741845
0.915                     -78.9105879919895
0.9150666666666667        -78.98359421917215
0.9151333333333334        -79.05404623841383
0.9152                    -79.10996122419937
0.9152666666666667        -79.144079047519
0.9153333333333333        -79.15748710507224
0.9154                    -79.16003936903694
0.9154666666666667        -79.1670989199807
0.9155333333333333        -79.19403554737922
0.9156                    -79.25069771804856
0.9156666666666666        -79.33761748531079
0.9157333333333333        -79.44497478778429
0.9158                    -79.55494502726941
0.9158666666666666        -79.64752294830409
0.9159333333333333        -79.70845182977064
0.9160000000000001        -79.73587318032975
0.9160666666666668        -79.74190337836717
0.9161333333333335        -79.74801286321343
0.9162000000000001        -79.77676617334362
0.9162666666666668        -79.84379437509679
0.9163333333333334        -79.95253710044364
0.9164000000000001        -80.09265310085945
0.9164666666666668        -80.24247311036939
0.9165333333333334        -80.37570291548008
0.9166000000000001        -80.47119057940817
0.9166666666666667        -80.52186405750659
0.9167333333333334        -80.53775127395484
0.9168000000000001        -80.54109163650645
0.9168666666666667        -80.55667223671512
0.9169333333333334        -80.60257752870004
0.917                     -80.68464615889887
0.9170666666666667        -80.79536695190404
0.9171333333333334        -80.91685357598396
0.9172                    -81.02722994812703
0.9172666666666667        -81.10880607791029
0.9173333333333333        -81.15486523595538
0.9174                    -81.17164405029536
0.9174666666666667        -81.1745594143307
0.9175333333333333        -81.18113772208923
0.9176                    -81.20436297967403
0.9176666666666666        -81.2488656585888
0.9177333333333333        -81.31050004984061
0.9178                    -81.37877389371366
0.9178666666666666        -81.44112802757934
0.9179333333333333        -81.48765339962425
0.9179999999999999        -81.51453290538672
0.9180666666666668        -81.5248682777269
0.9181333333333335        -81.5267566414393
0.9182000000000001        -81.52977410074891
0.9182666666666668        -81.54149820964258
0.9183333333333334        -81.56526234490654
0.9184000000000001        -81.59958174396677
0.9184666666666668        -81.6391273856054
0.9185333333333334        -81.67681054890463
0.9186000000000001        -81.70632984956086
0.9186666666666667        -81.72438509984845
0.9187333333333334        -81.73181446482387
0.9188000000000001        -81.73327810732434
0.9188666666666667        -81.73567042399677
0.9189333333333334        -81.74588463716744
0.919                     -81.76866633810194
0.9190666666666667        -81.80513217533557
0.9191333333333334        -81.85229419163768
0.9192                    -81.90373665737555
0.9192666666666667        -81.95139708410748
0.9193333333333333        -81.98810288351163
0.9194                    -82.0101290462909
0.9194666666666667        -82.01881008147174
0.9195333333333333        -82.02045851046604
0.9196                    -82.02451451630749
0.9196666666666666        -82.04057452155357
0.9197333333333333        -82.07528684343876
0.9198                    -82.13001002080694
0.9198666666666666        -82.19987630521203
0.9199333333333333        -82.27469102463812
0.9199999999999999        -82.34181653299116
0.9200666666666668        -82.39055842536104
0.9201333333333335        -82.41661518036327
0.9202000000000001        -82.42455326918525
0.9202666666666668        -82.42688113371555
0.9203333333333334        -82.43997330258065
0.9204000000000001        -82.47854383274475
0.9204666666666668        -82.55060892142934
0.9205333333333334        -82.65427899554854
0.9206000000000001        -82.7772162105995
0.9206666666666667        -82.89944620080063
0.9207333333333334        -82.99971455042522
0.9208000000000001        -83.0638867513831
0.9208666666666667        -83.09163557795827
0.9209333333333334        -83.09739526745552
0.921                     -83.10473482716117
0.9210666666666667        -83.13725669667244
0.9211333333333334        -83.21019881059362
0.9212                    -83.32525649439748
0.9212666666666667        -83.4694724163277
0.9213333333333333        -83.61864212973151
0.9214                    -83.74538720658038
0.9214666666666667        -83.83009102816864
0.9215333333333333        -83.86975800555652
0.9216                    -83.87934063162838
0.9216666666666666        -83.88459553630199
0.9217333333333333        -83.9110457832477
0.9218                    -83.97467318127718
0.9218666666666666        -84.07717264463285
0.9219333333333333        -84.20606356631696
0.9219999999999999        -84.33919415733784
0.9220666666666668        -84.45276241965759
0.9221333333333335        -84.53047122854647
0.9222000000000001        -84.56970683516381
0.9222666666666668        -84.5813626648298
0.9223333333333334        -84.58372722248271
0.9224000000000001        -84.59433105294357
0.9224666666666668        -84.6237698421057
0.9225333333333334        -84.67330087435742
0.9226000000000001        -84.73601399165662
0.9226666666666667        -84.800479363379
0.9227333333333334        -84.8554156799643
0.9228000000000001        -84.89370904089233
0.9228666666666667        -84.91433107047197
0.9229333333333334        -84.92165112704188
0.923                     -84.92288582598397
0.9230666666666667        -84.92512244780565
0.9231333333333334        -84.93313812304685
0.9232                    -84.9485219490015
0.9232666666666667        -84.9699698522735
0.9233333333333333        -84.99431071260538
0.9234                    -85.01778265098574
0.9234666666666667        -85.03717870923587
0.9235333333333333        -85.05063050185113
0.9236                    -85.0579465706589
0.9236666666666666        -85.06053549818336
0.9237333333333333        -85.061003766276
0.9238                    -85.06253067277895
0.9238666666666666        -85.06811512997977
0.9239333333333333        -85.07979464096269
0.9239999999999999        -85.09797339826594
0.9240666666666668        -85.12105505378379
0.9241333333333335        -85.14561351435805
0.9242000000000001        -85.1672794811449
0.9242666666666668        -85.18230171705295
0.9243333333333335        -85.1893735156687
0.9244000000000001        -85.19097321965546
0.9244666666666668        -85.19343785615688
0.9245333333333334        -85.20541568586636
0.9246000000000001        -85.23502749158388
0.9246666666666667        -85.28662168752476
0.9247333333333334        -85.35823705484103
0.9248000000000001        -85.44087158199567
0.9248666666666667        -85.52043338754467
0.9249333333333334        -85.58252752695984
0.925                     -85.61873398318238
0.9250666666666667        -85.63142289349166
0.9251333333333334        -85.63413749992294
0.9252                    -85.64690753553262
0.9252666666666667        -85.6886925642094
0.9253333333333333        -85.77011659663471
0.9254                    -85.88878963676258
0.9254666666666667        -86.02856371355941
0.9255333333333333        -86.1637659022248
0.9256                    -86.26856338435181
0.9256666666666666        -86.32868159671098
0.9257333333333333        -86.34927180007179
0.9258                    -86.35352905880185
0.9258666666666666        -86.37277840648551
0.9259333333333333        -86.43396915586843
0.9259999999999999        -86.5500249045649
0.9260666666666668        -86.71514244290208
0.9261333333333335        -86.90546594078897
0.9262000000000001        -87.08590862130978
0.9262666666666668        -87.2231696916247
0.9263333333333335        -87.30076949046776
0.9264000000000001        -87.32738750579246
0.9264666666666668        -87.33239143107005
0.9265333333333334        -87.35184920419954
0.9266000000000001        -87.41391045395382
0.9266666666666667        -87.52956958414177
0.9267333333333334        -87.68987088652085
0.9268000000000001        -87.86896900055606
0.9268666666666667        -88.03292615139803
0.9269333333333334        -88.15298228808261
0.927                     -88.21812213047437
0.9270666666666667        -88.2394466879893
0.9271333333333334        -88.24336940302665
0.9272                    -88.25858877581499
0.9272666666666667        -88.30453320786049
0.9273333333333333        -88.38553462531493
0.9274                    -88.49108350725258
0.9274666666666667        -88.60103903622496
0.9275333333333333        -88.69410057825762
0.9276                    -88.7565425996799
0.9276666666666666        -88.78716083341098
0.9277333333333333        -88.79591320309768
0.9278                    -88.79761104931538
0.9278666666666666        -88.80475942326737
0.9279333333333333        -88.82311699072005
0.9279999999999999        -88.85118489978555
0.9280666666666666        -88.88281510969243
0.9281333333333335        -88.91111589097119
0.9282000000000001        -88.93166836060787
0.9282666666666668        -88.94371676831855
0.9283333333333335        -88.9492672245525
0.9284000000000001        -88.95118671001052
0.9284666666666668        -88.95166978302348
0.9285333333333334        -88.95179358746512
0.9286000000000001        -88.95194826492691
0.9286666666666668        -88.95239800584308
0.9287333333333334        -88.95338182483044
0.9288000000000001        -88.95478689807477
0.9288666666666667        -88.95598572802585
0.9289333333333334        -88.95643995006454
0.929                     -88.95705707963161
0.9290666666666667        -88.96145642593572
0.9291333333333334        -88.97593333391882
0.9292                    -89.0074286061389
0.9292666666666667        -89.05996056614362
0.9293333333333333        -89.1310663628106
0.9294                    -89.21032791714667
0.9294666666666667        -89.28180783203086
0.9295333333333333        -89.33078257466782
0.9296                    -89.35233410569663
0.9296666666666666        -89.35680318724854
0.9297333333333333        -89.36798236298854
0.9298                    -89.41447301674484
0.9298666666666666        -89.51845687853223
0.9299333333333333        -89.6861110496421
0.9299999999999999        -89.90213916539808
0.9300666666666666        -90.13070111212923
0.9301333333333335        -90.32589815452978
0.9302000000000001        -90.45204046683013
0.9302666666666668        -90.50435288798901
0.9303333333333335        -90.51447867941329
0.9304000000000001        -90.5356266202918
0.9304666666666668        -90.61902366962562
0.9305333333333334        -90.79519632047587
0.9306000000000001        -91.06388973956453
0.9306666666666668        -91.39122688918073
0.9307333333333334        -91.71596438863473
0.9308000000000001        -91.97061647787679
0.9308666666666667        -92.1154126635796
0.9309333333333334        -92.16339158980306
0.931                     -92.17309200496622
0.9310666666666667        -92.21563725496226
0.9311333333333334        -92.34302304415539
0.9312                    -92.57117415373749
0.9312666666666667        -92.87523746949611
0.9313333333333333        -93.195029417135
0.9314                    -93.45605996704265
0.9314666666666667        -93.6076643468515
0.9315333333333333        -93.65719701658179
0.9316                    -93.66930903557089
0.9316666666666666        -93.731786033259
0.9317333333333333        -93.91932582863592
0.9318                    -94.27341224591727
0.9318666666666666        -94.79293072470483
0.9319333333333333        -95.42608595882733
0.9319999999999999        -96.06675019842572
0.9320666666666666        -96.57862212046295
0.9321333333333335        -96.8680597757864
0.9322000000000001        -96.95878786068782
0.9322666666666668        -96.97989909958835
0.9323333333333335        -97.08449521492655
0.9324000000000001        -97.39014986353251
0.9324666666666668        -97.96548790088124
0.9325333333333334        -98.83259135281551
0.9326000000000001        -99.95784784419997
0.9326666666666668        -101.2194772244893
0.9327333333333334        -102.37540645965397
0.9328000000000001        -103.14094195416118
0.9328666666666667        -103.43611653923548
0.9329333333333334        -103.48628521694283
0.933                     -103.60076346548105
0.9330666666666667        -103.99162980592783
0.9331333333333334        -104.76630373912681
0.9332                    -105.96474558600052
0.9332666666666667        -107.56345292084018
0.9333333333333333        -109.41705151864562
0.9334                    -111.14742264218096
0.9334666666666667        -112.22979740370769
0.9335333333333333        -112.56357328887162
0.9336                    -112.62720735807437
0.9336666666666666        -112.88654708590127
0.9337333333333333        -113.55145610976392
0.9338                    -114.6614937212882
0.9338666666666666        -116.1463645023612
0.9339333333333333        -117.80982745862495
0.9339999999999999        -119.3136312274697
0.9340666666666666        -120.33042705948631
0.9341333333333335        -120.82471449588655
0.9342000000000001        -121.01686539129032
0.9342666666666668        -121.11259828289943
0.9343333333333335        -121.23192513466711
0.9344000000000001        -121.48435284932307
0.9344666666666668        -122.01212182912938
0.9345333333333334        -122.98049287476545
0.9346000000000001        -124.56675453122452
0.9346666666666668        -126.97830140565281
0.9347333333333334        -130.5096268210601
0.9348000000000001        -135.67293152216467
0.9348666666666667        -143.52831886138168
0.9349333333333334        -155.50485464384542
0.935                     -Inf
