% Model:              office_space_acoustics_63.mph
% Version:            COMSOL 6.4.0.293
% Date:               Jul 23 2026, 08:02
% Dimension:          1
% Nodes:              9003
% Expressions:        1
% Description:        点结果图
% 时间 (s)                  Total acoustic pressure
0                         0
6.666666666666667E-5      0
1.3333333333333334E-4     0
2.0E-4                    0
2.666666666666667E-4      0
3.333333333333334E-4      0
4.0E-4                    0
4.6666666666666666E-4     0
5.333333333333334E-4      0
6.000000000000001E-4      0
6.666666666666668E-4      0
7.333333333333333E-4      0
8.0E-4                    0
8.666666666666667E-4      0
9.333333333333333E-4      0
0.001                     0
0.0010666666666666667     0
0.0011333333333333334     0
0.0012000000000000001     0
0.0012666666666666668     0
0.0013333333333333335     0
0.0014                    0
0.0014666666666666667     0
0.0015333333333333334     0
0.0016                    0
0.0016666666666666668     0
0.0017333333333333335     0
0.0018000000000000002     8.981049248627248E-45
0.0018666666666666666     -1.4923828645059304E-43
0.0019333333333333333     -1.97837865008767E-43
0.002                     -2.6224026852144125E-42
0.0020666666666666667     1.5930852677830912E-41
0.0021333333333333334     -3.826997062378869E-41
0.0022                    7.177374299810021E-41
0.002266666666666667      5.837312578376215E-41
0.0023333333333333335     -1.1743346107350588E-39
0.0024000000000000002     5.331967982075985E-39
0.002466666666666667      -1.4677053488562457E-38
0.0025333333333333336     1.9355200066212215E-38
0.0026000000000000003     4.48712294044378E-38
0.002666666666666667      -3.7168354014652386E-37
0.0027333333333333333     1.2397949803205311E-36
0.0028                    -2.2437877131711136E-36
0.0028666666666666667     -3.079974889439959E-37
0.0029333333333333334     1.7527440894189975E-35
0.003                     -6.52398190673038E-35
0.0030666666666666668     1.2887027370026646E-34
0.0031333333333333335     -6.538872771536096E-35
0.0032                    -5.040348406594004E-34
0.003266666666666667      1.9839644573934647E-33
0.0033333333333333335     -3.6252203472415994E-33
0.0034000000000000002     1.2230601077433878E-33
0.003466666666666667      1.354027733623103E-32
0.0035333333333333336     -4.414821445209158E-32
0.0036000000000000003     6.290551891656373E-32
0.003666666666666667      1.764390364914058E-32
0.0037333333333333333     -3.0679442418019094E-31
0.0038                    7.310532370608286E-31
0.0038666666666666667     -6.966442194877783E-31
0.003933333333333334      -9.444085034936793E-31
0.004                     4.8085773863375876E-30
0.004066666666666667      -8.488496787242432E-30
0.0041333333333333335     4.5279113689019574E-30
0.004200000000000001      1.6584746565228902E-29
0.004266666666666667      -5.396233724674731E-29
0.004333333333333333      7.577818201197347E-29
0.0044                    -6.021883192842437E-30
0.0044666666666666665     -2.3637204301769757E-28
0.004533333333333334      5.677628705824909E-28
0.0046                    -4.5610019849850735E-28
0.004666666666666667      -9.960784228401136E-28
0.004733333333333333      3.584802461019254E-27
0.0048000000000000004     -3.3727858598704286E-27
0.004866666666666667      -6.17360870617758E-27
0.004933333333333334      2.1813769616883275E-26
0.005                     -1.4831635245262154E-26
0.005066666666666667      -4.77647638122318E-26
0.0051333333333333335     1.1769109606265352E-25
0.005200000000000001      -2.054526920045458E-26
0.005266666666666667      -3.2304278361672263E-25
0.005333333333333334      4.835741153498915E-25
0.0054                    2.903457998333792E-25
0.0054666666666666665     -1.6470733941423882E-24
0.005533333333333334      1.146453832177939E-24
0.0056                    2.830152499086595E-24
0.005666666666666667      -5.6774135400736046E-24
0.005733333333333333      -8.917869099294358E-25
0.0058000000000000005     1.3304492845167756E-23
0.005866666666666667      -9.68845558222409E-24
0.005933333333333334      -1.9048468872773444E-23
0.006                     3.305638649504346E-23
0.006066666666666667      1.2541621184336382E-23
0.0061333333333333335     -6.598931245754457E-23
0.006200000000000001      1.4510797821473858E-23
0.006266666666666667      9.775727488276904E-23
0.006333333333333334      -5.209240742959103E-23
0.0064                    -1.33745777454495E-22
0.006466666666666667      6.547622920310722E-23
0.006533333333333334      2.5978971889542545E-22
0.0066                    -5.939506064145082E-23
0.006666666666666667      -7.074060541047022E-22
0.006733333333333333      2.8405085979075154E-22
0.0068000000000000005     1.7606320396301268E-21
0.006866666666666667      -1.5266688298786935E-21
0.006933333333333334      -3.2994379761710855E-21
0.007                     5.184820269372433E-21
0.007066666666666667      3.981222807696025E-21
0.0071333333333333335     -1.270516626298527E-20
0.007200000000000001      -4.53547704911846E-22
0.007266666666666667      2.425959638714153E-20
0.007333333333333334      -1.281078954490788E-20
0.0074                    -3.718059944583936E-20
0.007466666666666667      4.2888410656283626E-20
0.007533333333333334      4.53013509924487E-20
0.0076                    -9.810081839454641E-20
0.007666666666666667      -4.022790731273106E-20
0.007733333333333333      1.9086865918881174E-19
0.0078000000000000005     1.4084811564769717E-20
0.007866666666666668      -3.470227837476231E-19
0.007933333333333334      3.811922883082799E-20
0.008                     6.22756006891414E-19
0.008066666666666666      -1.1524724599827488E-19
0.008133333333333334      -1.1288752352639192E-18
0.0082                    1.948122631743047E-19
0.008266666666666667      2.0666318728127074E-18
0.008333333333333333      -1.8276265460222729E-19
0.008400000000000001      -3.787999878614827E-18
0.008466666666666667      -2.03945049463945E-19
0.008533333333333334      6.8924554626307286E-18
0.0086                    1.6661111306619425E-18
0.008666666666666666      -1.2346280236866271E-17
0.008733333333333334      -5.733018053271658E-18
0.0088                    2.1546377773116183E-17
0.008866666666666667      1.5473690329624737E-17
0.008933333333333333      -3.6140426198824865E-17
0.009000000000000001      -3.668381967017671E-17
0.009066666666666667      5.726335476313734E-17
0.009133333333333334      7.972043990365771E-17
0.0092                    -8.365694208182783E-17
0.009266666666666668      -1.619627644983193E-16
0.009333333333333334      1.078718656848063E-16
0.0094                    3.1035186722552257E-16
0.009466666666666667      -1.0936136289559267E-16
0.009533333333333335      -5.624948930158105E-16
0.009600000000000001      4.276114688487125E-17
0.009666666666666667      9.632182247454835E-16
0.009733333333333333      1.8083692563960944E-16
0.0098                    -1.5504718857524557E-15
0.009866666666666668      -7.216854578509045E-16
0.009933333333333334      2.31826392742513E-15
0.01                      1.847160811497799E-15
0.010066666666666666      -3.132068026027894E-15
0.010133333333333334      -3.960904164626727E-15
0.0102                    3.554328917691356E-15
0.010266666666666667      7.570157944625171E-15
0.010333333333333333      -2.529407390372566E-15
0.010400000000000001      -1.3046901195108205E-14
0.010466666666666668      -2.0693502294287057E-15
0.010533333333333334      1.990070651499081E-14
0.0106                    1.3812168393993308E-14
0.010666666666666668      -2.5190983415101408E-14
0.010733333333333334      -3.730310600876546E-14
0.0108                    2.0940283762501847E-14
0.010866666666666667      7.559957827087376E-14
0.010933333333333333      8.587649426466862E-15
0.011000000000000001      -1.2370363998470142E-13
0.011066666666666667      -8.683061391055124E-14
0.011133333333333334      1.574414055415821E-13
0.0112                    2.3661645029777803E-13
0.011266666666666668      -1.208560608286964E-13
0.011333333333333334      -4.569100182002804E-13
0.0114                    -7.77523957802472E-14
0.011466666666666667      6.808951213973626E-13
0.011533333333333335      5.415806112118912E-13
0.011600000000000001      -7.224775380991185E-13
0.011666666666666667      -1.3030847929460282E-12
0.011733333333333333      2.45323405046394E-13
0.0118                    2.151563969798686E-12
0.011866666666666668      1.1511425201926019E-12
0.011933333333333334      -2.3865183079808696E-12
0.012                     -3.5452220389162936E-12
0.012066666666666667      7.158048469377663E-13
0.012133333333333335      5.851274838705986E-12
0.0122                    4.06850220461295E-12
0.012266666666666667      -4.931335620686073E-12
0.012333333333333333      -1.0817072123600108E-11
0.012400000000000001      -3.5094754720830634E-12
0.012466666666666668      1.2774818098187323E-11
0.012533333333333334      1.938425331707294E-11
0.0126                    1.7490571905109197E-12
0.012666666666666668      -2.8836565006314033E-11
0.012733333333333334      -3.640594975106261E-11
0.0128                    3.699402211333365E-12
0.012866666666666667      6.277815175847519E-11
0.012933333333333333      6.810064759585092E-11
0.013000000000000001      -1.8059721346818646E-11
0.013066666666666667      -1.259916190474164E-10
0.013133333333333334      -1.2219416245896517E-10
0.0132                    3.8661590067321205E-11
0.013266666666666668      2.2089565727399657E-10
0.013333333333333334      2.1833520715817828E-10
0.0134                    -2.2332881736312668E-11
0.013466666666666667      -3.192730246848185E-10
0.013533333333333335      -4.144271851196974E-10
0.013600000000000001      -1.835230439050953E-10
0.013666666666666667      3.0875163095381547E-10
0.013733333333333334      8.362236745854376E-10
0.013800000000000002      9.675589663436159E-10
0.013866666666666668      1.5605658873737744E-10
0.013933333333333334      -1.6430057163270687E-9
0.014                     -3.1414299040865112E-9
0.014066666666666667      -2.017957200329722E-9
0.014133333333333335      2.7400248080556747E-9
0.0142                    8.083776405209964E-9
0.014266666666666667      7.550880970990709E-9
0.014333333333333333      -2.793982378396105E-9
0.014400000000000001      -1.733033439986865E-8
0.014466666666666668      -2.1334359448258153E-8
0.014533333333333334      -3.12105861357346E-9
0.0146                    3.018658525164788E-8
0.014666666666666668      5.0140397288668155E-8
0.014733333333333334      2.7518089059955484E-8
0.0148                    -3.5995037374967544E-8
0.014866666666666667      -9.461412001340622E-8
0.014933333333333333      -8.577465994040846E-8
0.015000000000000001      1.393106925020391E-8
0.015066666666666667      1.497704244260686E-7
0.015133333333333334      2.1118258043305682E-7
0.0152                    1.1447076224287271E-7
0.015266666666666668      -1.1188292611566647E-7
0.015333333333333334      -3.14272104098088E-7
0.0154                    -3.000844842918323E-7
0.015466666666666667      3.6189460877517665E-8
0.015533333333333335      6.616944703678617E-7
0.015600000000000001      1.5169371439779673E-6
0.01566666666666667       2.7787604246689383E-6
0.015733333333333335      5.1637919114000405E-6
0.0158                    1.0149125252858292E-5
0.015866666666666668      2.0081490964168388E-5
0.015933333333333334      3.8285571711391895E-5
0.016                     6.934686428973113E-5
0.016066666666666667      1.1966534293605946E-4
0.016133333333333333      1.9817570732398465E-4
0.0162                    3.168310835132037E-4
0.01626666666666667       4.903685290959071E-4
0.016333333333333335      7.349283339201727E-4
0.0164                    0.0010652368390848014
0.016466666666666668      0.0014905483906411312
0.016533333333333334      0.0020099548855796456
0.0166                    0.002607925350523808
0.016666666666666666      0.0032513004791160875
0.016733333333333333      0.003889058600179851
0.016800000000000002      0.0044556474524804135
0.01686666666666667       0.004878134212710641
0.016933333333333335      0.005086661612784321
0.017                     0.0050260813864455986
0.017066666666666667      0.004666589581492272
0.017133333333333334      0.0040110505863346834
0.0172                    0.003096932481805032
0.017266666666666666      0.001992361609485339
0.017333333333333333      7.869612018112093E-4
0.017400000000000002      -4.2061592896722926E-4
0.01746666666666667       -0.0015360539916648784
0.017533333333333335      -0.002481120522134006
0.0176                    -0.0032019174805927005
0.017666666666666667      -0.0036725829757580705
0.017733333333333334      -0.003894484940577637
0.0178                    -0.0038916881259700112
0.017866666666666666      -0.003704011059281501
0.017933333333333336      -0.003379385495050387
0.018000000000000002      -0.0029668067687783728
0.01806666666666667       -0.002510874934325164
0.018133333333333335      -0.0020482661096717825
0.0182                    -0.0016061472124420106
0.018266666666666667      -0.0012019883407364514
0.018333333333333333      -8.443194727244025E-4
0.0184                    -5.341692092108796E-4
0.018466666666666666      -2.6674569976008086E-4
0.018533333333333336      -3.340689867896313E-5
0.018600000000000002      1.7624540818029667E-4
0.018666666666666668      3.7225504506337035E-4
0.018733333333333334      5.6238288578408E-4
0.0188                    7.506604147651656E-4
0.018866666666666667      9.367773732678456E-4
0.018933333333333333      0.0011165458920665762
0.019                     0.0012834260970438745
0.01906666666666667       0.0014308044126003304
0.019133333333333336      0.0015544767428020184
0.019200000000000002      0.0016546497671780262
0.019266666666666668      0.0017368553513237698
0.019333333333333334      0.0018114909074607897
0.0194                    0.0018918470490131188
0.019466666666666667      0.0019910136788067493
0.019533333333333333      0.0021183744961903853
0.0196                    0.0022763147929006004
0.01966666666666667       0.002457962974651971
0.019733333333333335      0.0026465368414805694
0.0198                    0.002816384224305776
0.019866666666666668      0.0029356552139771256
0.019933333333333334      0.002970171838321469
0.02                      0.002887873381206935
0.020066666666666667      0.00266309031708674
0.020133333333333333      0.0022802141346884046
0.020200000000000003      0.0017362949702973392
0.02026666666666667       0.001042354814919897
0.020333333333333335      2.2333855304168537E-4
0.0204                    -6.833436808929863E-4
0.020466666666666668      -0.0016305449111810462
0.020533333333333334      -0.002565116071226922
0.0206                    -0.0034321999410167336
0.020666666666666667      -0.004179656505584717
0.020733333333333333      -0.004762232578782873
0.020800000000000003      -0.005145108073272489
0.02086666666666667       -0.005306643687865951
0.020933333333333335      -0.0052401699041101065
0.021                     -0.004954661623659459
0.021066666666666668      -0.0044741043185984545
0.021133333333333334      -0.0038354644573039627
0.0212                    -0.0030852208146825433
0.021266666666666666      -0.0022745544979856772
0.021333333333333336      -0.0014537490787915885
0.021400000000000002      -6.666217523161322E-4
0.02146666666666667       5.409496886634517E-5
0.021533333333333335      6.894572156439112E-4
0.0216                    0.0012345107917843218
0.021666666666666667      0.001695856753609736
0.021733333333333334      0.002087169337425042
0.0218                    0.002423669444397092
0.021866666666666666      0.0027167734012685037
0.021933333333333336      0.0029702336760237813
0.022000000000000002      0.0031785371353511105
0.02206666666666667       0.00332785972436382
0.022133333333333335      0.0033992267933420158
0.0222                    0.003373050861145285
0.022266666666666667      0.003233952722935514
0.022333333333333334      0.0029747508550909433
0.0224                    0.002598833292722702
0.022466666666666666      0.002120514432052997
0.022533333333333336      0.0015633968392979693
0.022600000000000002      9.572895704133606E-4
0.02266666666666667       3.3445055040911854E-4
0.022733333333333335      -2.741397765930742E-4
0.0228                    -8.41782309263098E-4
0.022866666666666667      -0.0013478404672985728
0.022933333333333333      -0.0017783384643156421
0.023                     -0.002125436535359106
0.02306666666666667       -0.0023861819116229362
0.023133333333333336      -0.0025609029478139496
0.023200000000000002      -0.0026515347840772433
0.023266666666666668      -0.002660080441273749
0.023333333333333334      -0.002587483507919718
0.0234                    -0.002432997751219029
0.023466666666666667      -0.0021942333339459515
0.023533333333333333      -0.0018679438561031764
0.0236                    -0.0014514343929477036
0.02366666666666667       -9.444382290398194E-4
0.023733333333333335      -3.511357565664432E-4
0.0238                    3.1801987973846166E-4
0.023866666666666668      0.0010451173610900614
0.023933333333333334      0.0018045580892992969
0.024                     0.00256393594794314
0.024066666666666667      0.0032861860341985116
0.024133333333333333      0.00393288373015821
0.024200000000000003      0.004468256903981621
0.02426666666666667       0.004863364600830458
0.024333333333333335      0.005099661119112914
0.0244                    0.005171239460733804
0.024466666666666668      0.0050851074259050865
0.024533333333333334      0.004859430143948306
0.0246                    0.004520066907968034
0.024666666666666667      0.004095880611037666
0.024733333333333333      0.0036139247557994995
0.024800000000000003      0.003095364610833878
0.02486666666666667       0.00255278621757911
0.024933333333333335      0.0019895613976669583
0.025                     0.0014013728835958648
0.025066666666666668      7.796029941263524E-4
0.025133333333333334      1.1613225896408862E-4
0.0252                    -5.912184027362277E-4
0.025266666666666666      -0.0013337614681487057
0.025333333333333336      -0.00208842324685644
0.025400000000000002      -0.0028166131709109654
0.02546666666666667       -0.0034660191740840673
0.025533333333333335      -0.003975549077784473
0.0256                    -0.004282941216264258
0.025666666666666667      -0.004334233828227629
0.025733333333333334      -0.004093641436404802
0.0258                    -0.0035520442020656033
0.025866666666666666      -0.002732585607604547
0.025933333333333336      -0.0016918112894266167
0.026000000000000002      -5.156847844111987E-4
0.02606666666666667       6.893998916811225E-4
0.026133333333333335      0.0018096666899509728
0.0262                    0.0027391753074797716
0.026266666666666667      0.003394774616357278
0.026333333333333334      0.0037280561148443007
0.0264                    0.0037320252423259344
0.02646666666666667       0.0034408958374776625
0.026533333333333336      0.002922771562060172
0.026600000000000002      0.002266376490958712
0.02666666666666667       0.0015644011754457924
0.026733333333333335      8.96841380216012E-4
0.0268                    3.1780711618590766E-4
0.026866666666666667      -1.5155709446513686E-4
0.026933333333333333      -5.226984715343199E-4
0.027                     -8.321686817163771E-4
0.02706666666666667       -0.0011291091002269902
0.027133333333333336      -0.001460650422483344
0.027200000000000002      -0.0018585346776738086
0.027266666666666668      -0.00232978669968857
0.027333333333333334      -0.002853123820386827
0.0274                    -0.0033815032696690073
0.027466666666666667      -0.003849832362241366
0.027533333333333333      -0.004186189479448579
0.027600000000000003      -0.004324252124537121
0.02766666666666667       -0.004214891952208497
0.027733333333333336      -0.0038353023436767135
0.027800000000000002      -0.003194395992481573
0.027866666666666668      -0.002333946716548367
0.027933333333333334      -0.001325249730143696
0.028                     -2.6156734251840555E-4
0.028066666666666667      7.529712906530635E-4
0.028133333333333333      0.0016169113911349666
0.028200000000000003      0.002245768745937808
0.02826666666666667       0.00258494417225434
0.028333333333333335      0.002619000500999391
0.0284                    0.0023753217061642895
0.028466666666666668      0.001920994646339254
0.028533333333333334      0.0013529899350198155
0.0286                    7.830708531070162E-4
0.028666666666666667      3.2003695245789873E-4
0.028733333333333336      5.261356752519292E-5
0.028800000000000003      3.5978572999407735E-5
0.02886666666666667       2.8427385206503635E-4
0.028933333333333335      7.699800851035186E-4
0.029                     0.0014296361742625859
0.029066666666666668      0.0021743559680709786
0.029133333333333334      0.0029029339996420526
0.0292                    0.003515330333770676
0.029266666666666667      0.003924932098016143
0.029333333333333336      0.004068571714345704
0.029400000000000003      0.0039135342336852445
0.02946666666666667       0.0034615159119394693
0.029533333333333335      0.0027490368917245755
0.0296                    0.001844036382284354
0.029666666666666668      8.386980811006983E-4
0.029733333333333334      -1.6150037977653958E-4
0.0298                    -0.001051381780681285
0.029866666666666666      -0.001740368077827787
0.029933333333333336      -0.0021653249753977766
0.030000000000000002      -0.0022993230959400535
0.03006666666666667       -0.0021543074399232864
0.030133333333333335      -0.001777059975376522
0.0302                    -0.0012393145536241884
0.030266666666666667      -6.240786381319843E-4
0.030333333333333334      -1.1293368546913369E-5
0.0304                    5.342921649571507E-4
0.03046666666666667       9.707274677401239E-4
0.030533333333333336      0.0012811294979077172
0.030600000000000002      0.0014712709922936153
0.03066666666666667       0.0015638882971622727
0.030733333333333335      0.001591948003889146
0.0308                    0.0015924698884852908
0.030866666666666667      0.00160178867041726
0.030933333333333334      0.0016523111368190837
0.031                     0.0017700599802827294
0.03106666666666667       0.0019721953113648024
0.031133333333333336      0.0022640233033929358
0.031200000000000002      0.0026360181985761633
0.031266666666666665      0.003061773953959346
0.03133333333333334       0.0034983209545978093
0.031400000000000004      0.003890217525291849
0.03146666666666667       0.0041774552611803465
0.03153333333333334       0.004306523002345453
0.0316                    0.004242515339600769
0.03166666666666667       0.0039792219388552685
0.031733333333333336      0.0035444264173169026
0.0318                    0.0029982442396100273
0.03186666666666667       0.002423722519200634
0.031933333333333334      0.0019111614462665536
0.032                     0.0015392141914079812
0.03206666666666667       0.0013568471185863018
0.03213333333333333       0.0013704629011706195
0.0322                    0.0015394416510720146
0.032266666666666666      0.0017815926853059368
0.03233333333333333       0.0019877536793832073
0.0324                    0.002042695414274931
0.03246666666666667       0.0018480851960537786
0.03253333333333334       0.0013428014671345327
0.032600000000000004      5.164319696963172E-4
0.03266666666666667       -5.865746960890564E-4
0.032733333333333337      -0.0018727491260506213
0.0328                    -0.003214045978066596
0.03286666666666667       -0.004467878702350638
0.032933333333333335      -0.005499013763090426
0.033                     -0.006199377610094168
0.03306666666666667       -0.00650280091742223
0.033133333333333334      -0.006392876384779811
0.0332                    -0.005903099875219844
0.03326666666666667       -0.005110144636339762
0.03333333333333333       -0.004121669758619232
0.0334                    -0.0030606498052789407
0.033466666666666665      -0.0020486019043759866
0.03353333333333333       -0.0011898348510096018
0.033600000000000005      -5.58752727969973E-4
0.03366666666666667       -1.917082210473548E-4
0.03373333333333334       -8.435946934200329E-5
0.033800000000000004      -1.947681673548439E-4
0.03386666666666667       -4.5159059994727033E-4
0.033933333333333336      -7.661786353723569E-4
0.034                     -0.001046733380380002
0.03406666666666667       -0.0012124009292826734
0.034133333333333335      -0.0012052025889385152
0.0342                    -9.980070806870406E-4
0.03426666666666667       -5.976377843498168E-4
0.034333333333333334      -4.294304463573172E-5
0.0344                    6.018225976731628E-4
0.034466666666666666      0.0012567648452452638
0.03453333333333333       0.0018377267723818395
0.0346                    0.0022677534831349144
0.034666666666666665      0.0024869995382191105
0.03473333333333334       0.002460116139528426
0.034800000000000005      0.0021805657730014486
0.03486666666666667       0.0016714669129049237
0.03493333333333334       9.83341149879958E-4
0.035                     1.888552095889199E-4
0.03506666666666667       -6.249298193407329E-4
0.035133333333333336      -0.001366083965298127
0.0352                    -0.001948368275241757
0.03526666666666667       -0.0023017322263595734
0.035333333333333335      -0.0023814757375723934
0.0354                    -0.002174777994779023
0.03546666666666667       -0.0017032928299158812
0.03553333333333333       -0.0010209835547191853
0.0356                    -2.0708673929964967E-4
0.035666666666666666      6.450106130531902E-4
0.03573333333333333       0.0014413748973641884
0.0358                    0.0021013592115857386
0.03586666666666667       0.002569070170548829
0.03593333333333334       0.0028203311799602075
0.036000000000000004      0.0028637776532295075
0.03606666666666667       0.0027359500209885564
0.03613333333333334       0.0024917384355582976
0.0362                    0.002192147996869277
0.03626666666666667       0.0018922763146375391
0.036333333333333336      0.0016319872070611877
0.0364                    0.0014309810305183585
0.03646666666666667       0.001288940569131889
0.036533333333333334      0.0011902211329222403
0.0366                    0.001111346535088325
0.03666666666666667       0.0010292256219227884
0.03673333333333333       9.280804317148235E-4
0.0368                    8.035875851584768E-4
0.036866666666666666      6.635256312702867E-4
0.03693333333333333       5.251577796033499E-4
0.037000000000000005      4.1040653278204536E-4
0.03706666666666667       3.4016013986812055E-4
0.03713333333333334       3.2911803546911955E-4
0.037200000000000004      3.8243811021939934E-4
0.03726666666666667       4.946839114629918E-4
0.037333333333333336      6.511408348821781E-4
0.0374                    8.311459228438748E-4
0.03746666666666667       0.0010124860617162829
0.037533333333333335      0.0011758811253292317
0.0376                    0.0013087550548582592
0.03766666666666667       0.0014073930320922625
0.037733333333333334      0.0014770024360834875
0.0378                    0.0015296414335766299
0.037866666666666667      0.0015802459569055247
0.03793333333333333       0.001641481051179157
0.038                     0.0017185828129930253
0.038066666666666665      0.001805238801435652
0.03813333333333334       0.0018816548293795097
0.038200000000000005      0.0019156936746598644
0.03826666666666667       0.0018671035861850462
0.03833333333333334       0.0016944793645631182
0.038400000000000004      0.0013638611893508244
0.03846666666666667       8.573984325101429E-4
0.038533333333333336      1.803969068780796E-4
0.0386                    -6.348358583636582E-4
0.03866666666666667       -0.0015295238593931902
0.038733333333333335      -0.002423696071756157
0.0388                    -0.003225895480930128
0.03886666666666667       -0.0038459999063475566
0.038933333333333334      -0.004209202925928615
0.039                     -0.0042687042573974895
0.039066666666666666      -0.004014722262085838
0.03913333333333333       -0.0034778476269407706
0.0392                    -0.0027258141622455282
0.03926666666666667       -0.001853842854457484
0.03933333333333334       -9.701533549973235E-4
0.039400000000000004      -1.7932570534123297E-4
0.03946666666666667       4.335221614879131E-4
0.03953333333333334       8.147294310302557E-4
0.0396                    9.480505514974622E-4
0.03966666666666667       8.537016242784871E-4
0.039733333333333336      5.811243318021297E-4
0.0398                    1.9727090230761934E-4
0.03986666666666667       -2.2667866737306633E-4
0.039933333333333335      -6.273710221814161E-4
0.04                      -9.578679958146743E-4
0.04006666666666667       -0.0011913027423857288
0.04013333333333333       -0.0013197016722353344
0.0402                    -0.0013490797295658426
0.040266666666666666      -0.0012926885233768685
0.04033333333333333       -0.0011646061267873104
0.040400000000000005      -9.753205522429198E-4
0.04046666666666667       -7.304306332529945E-4
0.04053333333333334       -4.3236650658813727E-4
0.040600000000000004      -8.415735051543868E-5
0.04066666666666667       3.0609521755567675E-4
0.04073333333333334       7.217274581886489E-4
0.0408                    0.0011362721508538182
0.04086666666666667       0.001514949153219773
0.040933333333333335      0.0018188083353875713
0.041                     0.002010698271491988
0.04106666666666667       0.0020616056651554322
0.041133333333333334      0.00195613216121935
0.0412                    0.0016958917999132113
0.04126666666666667       0.001300409759013829
0.04133333333333333       8.053299574054439E-4
0.0414                    2.5846800682219594E-4
0.041466666666666666      -2.8555937222501433E-4
0.04153333333333334       -7.71440486212007E-4
0.041600000000000005      -0.0011492841771211135
0.04166666666666667       -0.001380109593314542
0.04173333333333334       -0.0014402394087731161
0.041800000000000004      -0.0013241107067601247
0.04186666666666667       -0.0010450187784788961
0.041933333333333336      -6.334314054005187E-4
0.042                     -1.3296931997915229E-4
0.04206666666666667       4.055786332835189E-4
0.042133333333333335      9.313289033757014E-4
0.0422                    0.001400145934894681
0.04226666666666667       0.0017798723843456669
0.042333333333333334      0.0020529274849898434
0.0424                    0.002215604001486843
0.042466666666666666      0.0022744214881888843
0.04253333333333333       0.0022406915033405476
0.0426                    0.002124986399642446
0.04266666666666667       0.0019332552963698452
0.04273333333333334       0.001665881490969861
0.042800000000000005      0.0013200280531732874
0.04286666666666667       8.9468711997721E-4
0.04293333333333334       3.967475191033869E-4
0.043000000000000003      -1.5411996785339645E-4
0.04306666666666667       -7.236733667510139E-4
0.043133333333333336      -0.001265707605687732
0.0432                    -0.0017290867081927981
0.04326666666666667       -0.002067855643955144
0.043333333333333335      -0.0022520372982729564
0.0434                    -0.0022762254070998592
0.04346666666666667       -0.00216349377296865
0.043533333333333334      -0.001962988177018071
0.0436                    -0.0017412024158561094
0.043666666666666666      -0.0015685977255502207
0.04373333333333333       -0.0015043719322420657
0.0438                    -0.0015828813405030153
0.04386666666666667       -0.0018049491071988914
0.04393333333333334       -0.0021361959992315283
0.044000000000000004      -0.0025129558687860317
0.04406666666666667       -0.0028544557069174266
0.04413333333333334       -0.003078623558394611
0.0442                    -0.0031179756518792024
0.04426666666666667       -0.0029321323487568984
0.044333333333333336      -0.002514403704977171
0.0444                    -0.0018913988235660574
0.04446666666666667       -0.0011161588058298962
0.044533333333333334      -2.5680705254093147E-4
0.0446                    6.164103714664551E-4
0.04466666666666667       0.0014427613562226973
0.04473333333333333       0.0021789722906594925
0.0448                    0.002802109176462347
0.044866666666666666      0.0033074253746731715
0.04493333333333333       0.0037023234921930866
0.045000000000000005      0.003998482832685113
0.04506666666666667       0.00420438826338134
0.04513333333333334       0.004320187261328101
0.045200000000000004      0.004336142129349438
0.04526666666666667       0.004234860418364406
0.04533333333333334       0.003996516726064411
0.0454                    0.003605592688968913
0.04546666666666667       0.003057395203293047
0.045533333333333335      0.0023624910973012447
0.0456                    0.0015480243230492554
0.04566666666666667       6.555600028315729E-4
0.045733333333333334      -2.642195547444069E-4
0.0458                    -0.0011587502879344604
0.04586666666666667       -0.0019810991573401475
0.04593333333333333       -0.002696233314716003
0.046                     -0.003284613146785308
0.046066666666666665      -0.0037424711891534653
0.04613333333333334       -0.004078890472142534
0.046200000000000005      -0.004310418872840025
0.04626666666666667       -0.004454695513810624
0.04633333333333334       -0.004524516619064591
0.046400000000000004      -0.004523777402937412
0.04646666666666667       -0.004446138585494323
0.046533333333333336      -0.004276639676060189
0.0466                    -0.003995708443901755
0.04666666666666667       -0.003584682422859425
0.046733333333333335      -0.0030313582498241553
0.0468                    -0.002334522231566635
0.04686666666666667       -0.0015066257540390573
0.046933333333333334      -5.741490114649588E-4
0.047                     4.2407001125287604E-4
0.047066666666666666      0.0014400155315260317
0.04713333333333333       0.0024205940690907564
0.0472                    0.0033118193757466293
0.04726666666666667       0.004062796625393358
0.04733333333333334       0.004629276057874615
0.047400000000000005      0.004976749906993725
0.04746666666666667       0.0050833264408125115
0.04753333333333334       0.00494232382202013
0.0476                    0.0045642201915722
0.04766666666666667       0.003977686399593949
0.047733333333333336      0.003229036567394029
0.0478                    0.002379411291754381
0.04786666666666667       0.0014996002428233624
0.047933333333333335      6.626485106111927E-4
0.048                     -6.484105225271446E-5
0.04806666666666667       -6.31315226200968E-4
0.048133333333333334      -0.0010074701012027535
0.0482                    -0.001190371446269141
0.048266666666666666      -0.0012034748056480153
0.04833333333333333       -0.0010923406384377317
0.048400000000000006      -9.166275055825033E-4
0.04846666666666667       -7.396522269118577E-4
0.04853333333333334       -6.173649506474084E-4
0.048600000000000004      -5.886864911934193E-4
0.04866666666666667       -6.690155476628041E-4
0.04873333333333334       -8.480678000275723E-4
0.0488                    -0.0010923234777609732
0.04886666666666667       -0.0013517237702299926
0.048933333333333336      -0.001569429137320681
0.049                     -0.0016928846069442277
0.04906666666666667       -0.0016842987547120588
0.049133333333333334      -0.0015286588988436217
0.0492                    -0.001237803159958937
0.04926666666666667       -8.496984929396687E-4
0.04933333333333333       -4.228123553647576E-4
0.0494                    -2.638234573995845E-5
0.049466666666666666      2.7182966005057096E-4
0.04953333333333334       4.182198992401192E-4
0.049600000000000005      3.840140747012232E-4
0.04966666666666667       1.71753749865192E-4
0.04973333333333334       -1.8387886468024752E-4
0.049800000000000004      -6.21478017737073E-4
0.04986666666666667       -0.001063903973607177
0.049933333333333337      -0.0014328085870312696
0.05                      -0.0016639842440120199
0.05006666666666667       -0.0017204463153823533
0.050133333333333335      -0.0016003742189654572
0.0502                    -0.0013381441557695243
0.05026666666666667       -9.98012705663727E-4
0.050333333333333334      -6.616220767186446E-4
0.0504                    -4.118704911723564E-4
0.05046666666666667       -3.163886325306853E-4
0.05053333333333333       -4.140487382590602E-4
0.0506                    -7.071469180201265E-4
0.05066666666666667       -0.0011606797660616312
0.05073333333333334       -0.0017085340805351734
0.050800000000000005      -0.0022650820584121075
0.05086666666666667       -0.002739651753059165
0.05093333333333334       -0.003051086879250678
0.051000000000000004      -0.0031397975981235504
0.05106666666666667       -0.0029756615615703845
0.051133333333333336      -0.002560963557863777
0.0512                    -0.0019286886037496681
0.05126666666666667       -0.0011371125689369035
0.051333333333333335      -2.617347080641511E-4
0.0514                    6.140401819720864E-4
0.05146666666666667       0.001408347240860828
0.051533333333333334      0.0020496678665619006
0.0516                    0.0024842913474210286
0.051666666666666666      0.0026817647211084313
0.05173333333333333       0.0026378005277365446
0.051800000000000006      0.0023742463037540965
0.05186666666666667       0.0019359612594019961
0.05193333333333334       0.0013848496759733694
0.052000000000000005      7.918044787154279E-4
0.05206666666666667       2.2769950936146258E-4
0.05213333333333334       -2.4518199048047376E-4
0.0522                    -5.799529449590905E-4
0.05226666666666667       -7.491912190082737E-4
0.052333333333333336      -7.459284679498523E-4
0.0524                    -5.81727069485086E-4
0.05246666666666667       -2.8268688765820116E-4
0.052533333333333335      1.1556446605192669E-4
0.0526                    5.728871990206906E-4
0.05266666666666667       0.0010487962440079586
0.05273333333333333       0.0015054561927999284
0.0528                    0.0019095073379999535
0.052866666666666666      0.002233030200427906
0.05293333333333334       0.002454054478386586
0.053000000000000005      0.0025570614538578825
0.05306666666666667       0.0025334504263644867
0.05313333333333334       0.002382056533612988
0.053200000000000004      0.0021094144533642316
0.05326666666666667       0.0017295083380304277
0.05333333333333334       0.0012628809675912964
0.0534                    7.348864111753011E-4
0.05346666666666667       1.7342246891613214E-4
0.053533333333333336      -3.937127912649885E-4
0.0536                    -9.413723706860434E-4
0.05366666666666667       -0.0014491974566639824
0.053733333333333334      -0.0019030173743059013
0.0538                    -0.0022952598942951722
0.05386666666666667       -0.002624386244199493
0.05393333333333333       -0.002893471465954049
0.054                     -0.00310816753401675
0.05406666666666667       -0.0032744160535829988
0.05413333333333334       -0.0033963117536834693
0.054200000000000005      -0.0034744378009980374
0.05426666666666667       -0.0035050042523917828
0.05433333333333334       -0.0034799363612282004
0.054400000000000004      -0.003387882099063559
0.05446666666666667       -0.0032159606291150503
0.054533333333333336      -0.002952129283750599
0.0546                    -0.0025877030566334724
0.05466666666666667       -0.002119708065451546
0.054733333333333335      -0.0015528684280897405
0.0548                    -9.008124232588506E-4
0.05486666666666667       -1.8638197599846708E-4
0.054933333333333334      5.591038974340667E-4
0.055                     0.001297637148209932
0.05506666666666667       0.0019872622162272983
0.05513333333333333       0.002585563946261325
0.055200000000000006      0.0030535672875967894
0.05526666666666667       0.0033596854826266117
0.05533333333333334       0.0034831588114188476
0.055400000000000005      0.0034166214543140745
0.05546666666666667       0.00316752992909063
0.05553333333333334       0.0027581454593349586
0.055600000000000004      0.002224136355587027
0.05566666666666667       0.0016118827043101192
0.055733333333333336      9.746827973603187E-4
0.0558                    3.6817809979600673E-4
0.05586666666666667       -1.5461436255877317E-4
0.055933333333333335      -5.482470494991338E-4
0.056                     -7.793234491890127E-4
0.05606666666666667       -8.299968215975572E-4
0.056133333333333334      -7.000310843895105E-4
0.0562                    -4.0704514619640327E-4
0.056266666666666666      1.5319547773370625E-5
0.05633333333333334       5.212438012346287E-4
0.056400000000000006      0.0010581284507431767
0.05646666666666667       0.0015728521499444139
0.05653333333333334       0.0020179657519541
0.056600000000000004      0.0023568172261796212
0.05666666666666667       0.0025667762066322293
0.05673333333333334       0.002640185941180045
0.0568                    0.002583009688268331
0.05686666666666667       0.002411647731522945
0.056933333333333336      0.0021486929300325837
0.057                     0.001818630897270685
0.05706666666666667       0.001444223506206816
0.057133333333333335      0.0010442078981379216
0.0572                    6.324972306505184E-4
0.05726666666666667       2.1869932176989766E-4
0.05733333333333333       -1.9041154022984708E-4
0.0574                    -5.889330165122043E-4
0.05746666666666667       -9.6993052019653E-4
0.05753333333333334       -0.0013239813957956028
0.057600000000000005      -0.0016383796200071547
0.05766666666666667       -0.001897177537268197
0.05773333333333334       -0.002082145476544445
0.057800000000000004      -0.0021745663093910975
0.05786666666666667       -0.002157787771218202
0.05793333333333334       -0.0020203145792369137
0.058                     -0.001759049519684843
0.05806666666666667       -0.0013820202756588433
0.058133333333333335      -9.099253961308436E-4
0.0582                    -3.7581734994257055E-4
0.05826666666666667       1.7750659687656222E-4
0.058333333333333334      7.023022256114266E-4
0.0584                    0.0011523493290455504
0.05846666666666667       0.0014899840832433918
0.05853333333333333       0.0016922210713594475
0.058600000000000006      0.0017545761974443767
0.05866666666666667       0.0016916352218355644
0.05873333333333334       0.001534029883755879
0.058800000000000005      0.0013223288062197919
0.05886666666666667       0.0010992178682830524
0.05893333333333334       9.016952085816724E-4
0.059000000000000004      7.549646331674674E-4
0.05906666666666667       6.694000515959819E-4
0.059133333333333336      6.409991580188614E-4
0.0592                    6.54822559392249E-4
0.05926666666666667       6.902586081361568E-4
0.059333333333333335      7.264011338437823E-4
0.0594                    7.460874251343987E-4
0.05946666666666667       7.375684482130138E-4
0.059533333333333334      6.935865358999846E-4
0.0596                    6.086578492117537E-4
0.059666666666666666      4.758164948064157E-4
0.05973333333333333       2.843291281764819E-4
0.059800000000000006      1.9595564977366375E-5
0.05986666666666667       -3.3422488592226403E-4
0.05993333333333334       -7.892909713766792E-4
0.060000000000000005      -0.0013480632280168886
0.06006666666666667       -0.0019978759810328484
0.06013333333333334       -0.0027078545694662766
0.060200000000000004      -0.003429420345293527
0.06026666666666667       -0.004100910811261697
0.060333333333333336      -0.004655655642802065
0.0604                    -0.005032149672677571
0.06046666666666667       -0.005184340650554408
0.060533333333333335      -0.005089840132065795
0.0606                    -0.00475436061705378
0.06066666666666667       -0.004211314784532244
0.060733333333333334      -0.003516687302511524
0.0608                    -0.0027400395219129596
0.060866666666666666      -0.0019533152543854985
0.06093333333333334       -0.001219705403359099
0.061000000000000006      -5.84580924954604E-4
0.06106666666666667       -7.008726110639561E-5
0.06113333333333334       3.256790713004937E-4
0.061200000000000004      6.249480727340349E-4
0.06126666666666667       8.631079399492592E-4
0.06133333333333334       0.0010795641891573641
0.0614                    0.0013085378873669965
0.06146666666666667       0.00157175734850832
0.061533333333333336      0.001874179589900781
0.0616                    0.0022034139626405454
0.06166666666666667       0.002532701939344406
0.061733333333333335      0.002826376024379649
0.0618                    0.003046520657583394
0.06186666666666667       0.0031594403977082534
0.06193333333333333       0.003140656997195699
0.062                     0.0029778802682730284
0.06206666666666667       0.0026718340390785174
0.06213333333333334       0.002235353903167627
0.062200000000000005      0.0016914336804554544
0.06226666666666667       0.0010709505348297005
0.06233333333333334       4.1055394236040723E-4
0.062400000000000004      -2.491925141922283E-4
0.06246666666666667       -8.655167369976301E-4
0.06253333333333333       -0.001395396062765609
0.0626                    -0.0017981651895256205
0.06266666666666668       -0.0020387528294866734
0.06273333333333334       -0.0020913681100037966
0.06280000000000001       -0.0019431311361999674
0.06286666666666667       -0.001596740790939128
0.06293333333333334       -0.0010714751816439357
0.063                     -4.0209780193187965E-4
0.06306666666666667       3.643848705740477E-4
0.06313333333333333       0.0011737226265143943
0.0632                    0.001970289761877873
0.06326666666666667       0.002702785878103565
0.06333333333333334       0.003328807694329457
0.0634                    0.003817733345468613
0.06346666666666667       0.0041515948674218225
0.06353333333333333       0.0043242374773729934
0.0636                    0.004339538091285663
0.06366666666666666       0.004209055057303472
0.06373333333333334       0.003949990961700678
0.06380000000000001       0.003583706238053062
0.06386666666666667       0.003134714884006164
0.06393333333333334       0.0026298988589339638
0.064                     0.002097539635459808
0.06406666666666667       0.0015656547038815916
0.06413333333333333       0.001059679610824043
0.06420000000000001       5.997080429965122E-4
0.06426666666666667       1.9774917679817665E-4
0.06433333333333334       -1.4419606767742982E-4
0.0644                    -4.3444929311094296E-4
0.06446666666666667       -6.90076333491809E-4
0.06453333333333333       -9.334518743509597E-4
0.0646                    -0.0011873417533934116
0.06466666666666666       -0.0014695232490670276
0.06473333333333334       -0.0017879881409250877
0.0648                    -0.00213768923739818
0.06486666666666667       -0.002499629372984848
0.06493333333333334       -0.0028424478686329994
0.065                     -0.0031262751647525215
0.06506666666666668       -0.0033081951551139355
0.06513333333333333       -0.003348482053049586
0.06520000000000001       -0.003216622513718903
0.06526666666666667       -0.0028963230592622
0.06533333333333334       -0.002388986631889235
0.0654                    -0.0017151934232308784
0.06546666666666667       -9.140877889215269E-4
0.06553333333333333       -4.066632250628159E-5
0.0656                    8.388529002497143E-4
0.06566666666666666       0.0016532232614488087
0.06573333333333334       0.002333359147252684
0.0658                    0.0028198308586566286
0.06586666666666667       0.0030698043992742896
0.06593333333333333       0.0030623935268853197
0.066                     0.0028017030880701814
0.06606666666666668       0.002316943803717467
0.06613333333333334       0.0016594838605008342
0.06620000000000001       8.97163101895289E-4
0.06626666666666667       1.0661037760490386E-4
0.06633333333333334       -6.354064548345791E-4
0.0664                    -0.0012603868486952376
0.06646666666666667       -0.0017152078640223904
0.06653333333333333       -0.001967175551478497
0.0666                    -0.002006552436135032
0.06666666666666667       -0.00184646599650891
0.06673333333333334       -0.001520463826388798
0.0668                    -0.0010781529814597559
0.06686666666666667       -5.794677708763629E-4
0.06693333333333333       -8.815645262736574E-5
0.067                     3.349431605205278E-4
0.06706666666666666       6.38218736805191E-4
0.06713333333333334       7.846762574362484E-4
0.06720000000000001       7.558104672088203E-4
0.06726666666666667       5.535278813278472E-4
0.06733333333333334       1.998224562901833E-4
0.0674                    -2.6583523272579037E-4
0.06746666666666667       -7.912568028338931E-4
0.06753333333333333       -0.0013178168393840845
0.06760000000000001       -0.0017874278551475568
0.06766666666666667       -0.0021492234558205714
0.06773333333333334       -0.002365100472657518
0.0678                    -0.0024132662749087267
0.06786666666666667       -0.002289381894198331
0.06793333333333333       -0.002005387341010977
0.068                     -0.0015863841981627047
0.06806666666666666       -0.001066312691281465
0.06813333333333334       -4.8316867667546655E-4
0.0682                    1.252494161731606E-4
0.06826666666666667       7.246550945141776E-4
0.06833333333333334       0.0012862235995602202
0.0684                    0.0017872667098841207
0.06846666666666668       0.0022109721321612597
0.06853333333333333       0.002545577315190299
0.06860000000000001       0.0027834448582408104
0.06866666666666667       0.002920357044786215
0.06873333333333334       0.0029552669518373227
0.0688                    0.0028903707226907664
0.06886666666666667       0.002731231856159866
0.06893333333333333       0.002486772105013105
0.069                     0.0021689809985797515
0.06906666666666667       0.001792180822865868
0.06913333333333334       0.001372018945403397
0.0692                    9.243336813101037E-4
0.06926666666666667       4.6433956595137715E-4
0.06933333333333333       6.222521776066993E-6
0.0694                    -4.367402659475126E-4
0.06946666666666668       -8.516326567835429E-4
0.06953333333333334       -0.0012252462329342961
0.06960000000000001       -0.0015436608333733272
0.06966666666666667       -0.0017923732997256923
0.06973333333333334       -0.0019572209037671037
0.0698                    -0.0020260460865260525
0.06986666666666667       -0.0019907390338961372
0.06993333333333333       -0.0018493148487653923
0.07                      -0.0016073629482310605
0.07006666666666667       -0.0012785168047147718
0.07013333333333334       -8.837039534806867E-4
0.0702                    -4.4921054557727825E-4
0.07026666666666667       -3.91624437477075E-6
0.07033333333333333       4.237370554950427E-4
0.0704                    8.084634027909487E-4
0.07046666666666666       0.0011300721459768035
0.07053333333333334       0.0013744048880074513
0.07060000000000001       0.0015332960333167152
0.07066666666666667       0.00160393075467172
0.07073333333333334       0.0015880521863106299
0.0708                    0.0014913943225771866
0.07086666666666668       0.0013236248262480578
0.07093333333333333       0.0010987260400063612
0.07100000000000001       8.355054067744112E-4
0.07106666666666667       5.576500393958254E-4
0.07113333333333334       2.929227154130456E-4
0.0712                    7.109757048469464E-5
0.07126666666666667       -7.925896815405308E-5
0.07133333333333333       -1.3481550426645706E-4
0.0714                    -8.152067907345054E-5
0.07146666666666666       8.224614463291473E-5
0.07153333333333334       3.44290317364291E-4
0.0716                    6.794730090239847E-4
0.07166666666666667       0.0010528146945448084
0.07173333333333334       0.0014243962994607334
0.0718                    0.0017551131366582756
0.07186666666666668       0.002012239176441323
0.07193333333333334       0.00217363496565006
0.07200000000000001       0.0022298865316605024
0.07206666666666667       0.0021840971788730135
0.07213333333333334       0.0020494872958145356
0.0722                    0.0018454844036816874
0.07226666666666667       0.0015932547235438092
0.07233333333333333       0.0013116246184588156
0.0724                    0.0010142454888078976
0.07246666666666667       7.08540144842118E-4
0.07253333333333334       3.963701151819392E-4
0.0726                    7.624672203250658E-5
0.07266666666666667       -2.536246836164289E-4
0.07273333333333333       -5.922423892612146E-4
0.0728                    -9.334277340464971E-4
0.07286666666666668       -0.001264839893503284
0.07293333333333334       -0.0015685879784128206
0.07300000000000001       -0.001823415942701765
0.07306666666666667       -0.0020081768426197496
0.07313333333333334       -0.002105762271887877
0.0732                    -0.0021067664598707447
0.07326666666666667       -0.002012112632986497
0.07333333333333333       -0.0018339910099960186
0.0734                    -0.001594824224329469
0.07346666666666667       -0.001324279461352324
0.07353333333333334       -0.0010548011685552244
0.0736                    -8.164372173434293E-4
0.07366666666666667       -6.31938519125635E-4
0.07373333333333333       -5.130096423355016E-4
0.0738                    -4.5848565192004156E-4
0.07386666666666666       -4.5485454426274043E-4
0.07393333333333334       -4.7904025996103883E-4
0.07400000000000001       -5.030334604353728E-4
0.07406666666666667       -4.994601291731339E-4
0.07413333333333334       -4.4706651401198047E-4
0.0742                    -3.3517784587192267E-4
0.07426666666666668       -1.662198979333467E-4
0.07433333333333333       4.410806501585857E-5
0.07440000000000001       2.6915330487430424E-4
0.07446666666666667       4.7571999444202936E-4
0.07453333333333334       6.298367039893161E-4
0.0746                    7.02931876400147E-4
0.07466666666666667       6.774109497200698E-4
0.07473333333333333       5.505675693381239E-4
0.0748                    3.3616624238096517E-4
0.07486666666666666       6.334087282249872E-5
0.07493333333333334       -2.2722691805525258E-4
0.075                     -4.893282695609906E-4
0.07506666666666667       -6.785121063744141E-4
0.07513333333333334       -7.595648692751473E-4
0.0752                    -7.129715866705573E-4
0.07526666666666668       -5.391124260230837E-4
0.07533333333333334       -2.5952775798611E-4
0.07540000000000001       8.519245734946302E-5
0.07546666666666667       4.40633626898158E-4
0.07553333333333334       7.462156989442354E-4
0.0756                    9.441945294383913E-4
0.07566666666666667       9.885864723897116E-4
0.07573333333333333       8.526570057835091E-4
0.0758                    5.33798982029442E-4
0.07586666666666667       5.500689787202806E-5
0.07593333333333334       -5.373695986980404E-4
0.076                     -0.0011793155360712924
0.07606666666666667       -0.0017974581304852936
0.07613333333333333       -0.0023188489087095313
0.0762                    -0.0026807898909530854
0.07626666666666668       -0.0028392569775777783
0.07633333333333334       -0.002774694976820187
0.07640000000000001       -0.0024943062188950453
0.07646666666666667       -0.0020305418769236317
0.07653333333333334       -0.0014360555426471612
0.0766                    -7.760032895021141E-4
0.07666666666666667       -1.1887209356328559E-4
0.07673333333333333       4.7267127824439245E-4
0.07680000000000001       9.494781102561815E-4
0.07686666666666667       0.001281105892055414
0.07693333333333334       0.0014579093390652401
0.077                     0.0014899945077063007
0.07706666666666667       0.001403496325524016
0.07713333333333333       0.0012351233744993806
0.0772                    0.001026060082949698
0.07726666666666666       8.162360066886653E-4
0.07733333333333334       6.397828057577664E-4
0.07740000000000001       5.22090810012411E-4
0.07746666666666667       4.785548265896399E-4
0.07753333333333334       5.147158887914637E-4
0.0776                    6.273427385498178E-4
0.07766666666666668       8.0592063551938E-4
0.07773333333333333       0.0010342040861194785
0.07780000000000001       0.001291615851435133
0.07786666666666667       0.0015545068414543164
0.07793333333333334       0.0017974001397802072
0.078                     0.0019944207954474473
0.07806666666666667       0.002121101482771337
0.07813333333333333       0.0021565811369906773
0.0782                    0.0020859875102442775
0.07826666666666666       0.0019026367014951327
0.07833333333333334       0.001609593232966621
0.0784                    0.0012200431083329022
0.07846666666666667       7.563178104729476E-4
0.07853333333333334       2.4747672631003127E-4
0.0786                    -2.742382718927481E-4
0.07866666666666668       -7.773773845242845E-4
0.07873333333333334       -0.0012350340945307505
0.07880000000000001       -0.0016275746165774763
0.07886666666666667       -0.001943714392837137
0.07893333333333334       -0.002179891347292472
0.079                     -0.002338069131259214
0.07906666666666667       -0.0024226710983467374
0.07913333333333333       -0.0024374544895677404
0.0792                    -0.002383302103474059
0.07926666666666667       -0.0022575158139013433
0.07933333333333334       -0.002054863090796227
0.0794                    -0.001770176993555982
0.07946666666666667       -0.0014018016888506033
0.07953333333333333       -9.549383777828717E-4
0.0796                    -4.439376670316878E-4
0.07966666666666668       1.0716653229213662E-4
0.07973333333333334       6.661774876358157E-4
0.07980000000000001       0.0011960795646618035
0.07986666666666667       0.0016594929514791477
0.07993333333333334       0.0020233525746417317
0.08                      0.0022628418783741918
0.08006666666666667       0.0023639617720618844
0.08013333333333333       0.002324395590800453
0.08020000000000001       0.0021527893100441856
0.08026666666666667       0.0018669779846360061
0.08033333333333334       0.0014917704498987985
0.0804                    0.0010568907442079349
0.08046666666666667       5.953439553691583E-4
0.08053333333333333       1.422238611584445E-4
0.0806                    -2.664068332788619E-4
0.08066666666666666       -5.949440105310218E-4
0.08073333333333334       -8.10463595288721E-4
0.08080000000000001       -8.858872540506788E-4
0.08086666666666667       -8.037966591390697E-4
0.08093333333333334       -5.603205671914938E-4
0.081                     -1.6812916609606785E-4
0.08106666666666668       3.42356082083742E-4
0.08113333333333334       9.243823826016688E-4
0.08120000000000001       0.0015191698224622417
0.08126666666666667       0.002062770792029121
0.08133333333333334       0.0024945099351250315
0.0814                    0.0027657055338336663
0.08146666666666667       0.002846908946098252
0.08153333333333333       0.00273230786181309
0.0816                    0.0024403320540758696
0.08166666666666667       0.0020102006594904446
0.08173333333333334       0.001494949921669269
0.0818                    9.523479066873816E-4
0.08186666666666667       4.3536256205036557E-4
0.08193333333333334       -1.590700133585247E-5
0.082                     -3.7931617143013597E-4
0.08206666666666668       -6.520403046372601E-4
0.08213333333333334       -8.48063786344772E-4
0.08220000000000001       -9.926169507459483E-4
0.08226666666666667       -0.0011149961818856273
0.08233333333333334       -0.0012413532240316272
0.0824                    -0.0013890579099428248
0.08246666666666667       -0.0015636660232716663
0.08253333333333333       -0.0017588908773508263
0.0826                    -0.0019592090605080807
0.08266666666666667       -0.0021442396100610495
0.08273333333333334       -0.00229369302872907
0.0828                    -0.002391723799519241
0.08286666666666667       -0.0024297558490864253
0.08293333333333333       -0.0024074148915877395
0.083                     -0.0023317240305583587
0.08306666666666668       -0.0022149982184849
0.08313333333333334       -0.002072229674509303
0.08320000000000001       -0.0019186534971760755
0.08326666666666667       -0.0017680217861197889
0.08333333333333334       -0.0016316615775312212
0.0834                    -0.0015181911558928814
0.08346666666666668       -0.0014335565554740076
0.08353333333333333       -0.0013809555940414693
0.08360000000000001       -0.0013604636610993607
0.08366666666666667       -0.0013683706850067458
0.08373333333333334       -0.001396388556300239
0.0838                    -0.0014313028659671545
0.08386666666666667       -0.0014554154794578526
0.08393333333333333       -0.0014480657092380252
0.084                     -0.0013882483895444734
0.08406666666666666       -0.0012579875606620176
0.08413333333333334       -0.0010457195246338167
0.08420000000000001       -7.491059818262743E-4
0.08426666666666667       -3.763084334257821E-4
0.08433333333333334       5.4617175919702256E-5
0.0844                    5.181971646379679E-4
0.08446666666666668       9.85537946689874E-4
0.08453333333333334       0.0014290375508029354
0.08460000000000001       0.001826772789089856
0.08466666666666667       0.002165660918266936
0.08473333333333334       0.002442612175152383
0.0848                    0.002663524577986788
0.08486666666666667       0.002840332009575584
0.08493333333333333       0.0029868667373772373
0.085                     0.003114452077583833
0.08506666666666667       0.0032283922509205613
0.08513333333333334       0.0033261676170778546
0.0852                    0.003397753123532642
0.08526666666666667       0.003428109805099666
0.08533333333333334       0.003401048767211085
0.0854                    0.0033039177492768927
0.08546666666666668       0.0031316720626570964
0.08553333333333334       0.0028893827693536878
0.08560000000000001       0.002592624345032329
0.08566666666666667       0.002265355814332989
0.08573333333333334       0.0019356740204702046
0.0858                    0.0016303925182331693
0.08586666666666667       0.0013693780056200922
0.08593333333333333       0.0011610351502895355
0.08600000000000001       9.999685518612916E-4
0.08606666666666667       8.673443067395551E-4
0.08613333333333334       7.341568019579757E-4
0.0862                    5.666913083669814E-4
0.08626666666666667       3.3324003214312876E-4
0.08633333333333333       1.0734218965973706E-5
0.0864                    -4.100598162040115E-4
0.08646666666666666       -9.217246393249793E-4
0.08653333333333334       -0.0015003324793228371
0.08660000000000001       -0.0021085018736564302
0.08666666666666667       -0.002700689534487372
0.08673333333333334       -0.0032296946843747387
0.0868                    -0.0036531429187479343
0.08686666666666668       -0.003938944523476742
0.08693333333333333       -0.004068799824877219
0.08700000000000001       -0.0040394398383796215
0.08706666666666667       -0.003861719234423204
0.08713333333333334       -0.0035578472624448213
0.0872                    -0.003157554564743557
0.08726666666666667       -0.0026937977262687955
0.08733333333333333       -0.00219869397749955
0.0874                    -0.0017001225655390458
0.08746666666666666       -0.0012193632851862772
0.08753333333333334       -7.69932521507144E-4
0.0876                    -3.5757371039256793E-4
0.08766666666666667       1.8477538023117512E-5
0.08773333333333334       3.6325186903757805E-4
0.0878                    6.830581114627421E-4
0.08786666666666668       9.821939139245924E-4
0.08793333333333334       0.001259945295962759
0.08800000000000001       0.0015084927065551958
0.08806666666666667       0.001712323653257706
0.08813333333333334       0.0018495297302830625
0.0882                    0.0018950026503510096
0.08826666666666667       0.0018251162308098917
0.08833333333333333       0.0016231095174920154
0.0884                    0.0012841133337298577
0.08846666666666667       8.186561171896756E-4
0.08853333333333334       2.53722821732729E-4
0.0886                    -3.6903629899659956E-4
0.08866666666666667       -9.979073127562349E-4
0.08873333333333333       -0.0015778175332922149
0.0888                    -0.002057871537875723
0.08886666666666668       -0.002398423173210838
0.08893333333333334       -0.002576242423277687
0.08900000000000001       -0.002586840154518458
0.08906666666666667       -0.002443605356595733
0.08913333333333334       -0.0021739246387203984
0.0892                    -0.0018131286329166455
0.08926666666666667       -0.0013976304326206446
0.08933333333333333       -9.585842781234533E-4
0.08940000000000001       -5.173371887808157E-4
0.08946666666666667       -8.35378457188861E-5
0.08953333333333334       3.4385200309440154E-4
0.0896                    7.729865293103186E-4
0.08966666666666667       0.001213886171833358
0.08973333333333333       0.001672769393983551
0.0898                    0.0021472933638671584
0.08986666666666666       0.0026238326258449392
0.08993333333333334       0.003077456547709351
0.09000000000000001       0.0034747865283861756
0.09006666666666667       0.003779112043875185
0.09013333333333334       0.003956803628666835
0.0902                    0.0039836599872532215
0.09026666666666668       0.003849750247106633
0.09033333333333333       0.003561734698120166
0.09040000000000001       0.003142067464068532
0.09046666666666667       0.00262517239686779
0.09053333333333334       0.002051480876451189
0.0906                    0.0014605581739240072
0.09066666666666667       8.847708178853446E-4
0.09073333333333333       3.449944990941069E-4
0.0908                    -1.5069439210823137E-4
0.09086666666666667       -6.052380274261602E-4
0.09093333333333334       -0.001028063426598568
0.091                     -0.0014290168817917054
0.09106666666666667       -0.0018123025656677783
0.09113333333333334       -0.002171923639252782
0.0912                    -0.0024899354585531082
0.09126666666666668       -0.0027381472861055622
0.09133333333333334       -0.0028830647087571297
0.09140000000000001       -0.002893109498968856
0.09146666666666667       -0.002746632872996005
0.09153333333333334       -0.002438897711478851
0.0916                    -0.001986449732529846
0.09166666666666667       -0.0014276549706912854
0.09173333333333333       -8.189671736379916E-4
0.0918                    -2.2753119066526952E-4
0.09186666666666667       2.787504768507046E-4
0.09193333333333334       6.418684338727458E-4
0.092                     8.230624794536693E-4
0.09206666666666667       8.090950485149568E-4
0.09213333333333333       6.143437349237502E-4
0.0922                    2.782339923380112E-4
0.09226666666666668       -1.4145523693349045E-4
0.09233333333333334       -5.781198349061676E-4
0.09240000000000001       -9.669024994681505E-4
0.09246666666666667       -0.0012543707324022596
0.09253333333333334       -0.0014056045276282186
0.0926                    -0.001407599351792173
0.09266666666666667       -0.0012686290323141623
0.09273333333333333       -0.00101406582292508
0.09280000000000001       -6.79781509626826E-4
0.09286666666666667       -3.04583065867932E-4
0.09293333333333334       7.671042840229349E-5
0.093                     4.383503745140677E-4
0.09306666666666667       7.661110774444586E-4
0.09313333333333333       0.001056999571367421
0.0932                    0.0013166530883278358
0.09326666666666666       0.001555212805132297
0.09333333333333334       0.0017827448107048192
0.09340000000000001       0.0020051309521394696
0.09346666666666667       0.0022212106480517173
0.09353333333333334       0.0024215877056121826
0.0936                    0.0025891691488637166
0.09366666666666668       0.0027012967673892326
0.09373333333333334       0.0027330097086219625
0.09380000000000001       0.0026610420318320394
0.09386666666666667       0.0024679012554274364
0.09393333333333334       0.00214553784198043
0.094                     0.00169812979451804
0.09406666666666667       0.0011434833974238825
0.09413333333333333       5.126385976010087E-4
0.0942                    -1.5238500980723822E-4
0.09426666666666667       -8.026921052739701E-4
0.09433333333333334       -0.0013881222376684573
0.0944                    -0.00186360405694524
0.09446666666666667       -0.002195366774685681
0.09453333333333334       -0.00236585123506798
0.0946                    -0.002376515566456047
0.09466666666666668       -0.0022477058333937416
0.09473333333333334       -0.002015508711338043
0.09480000000000001       -0.0017259635285220363
0.09486666666666667       -0.0014274965241466734
0.09493333333333334       -0.0011629359267482703
0.095                     -9.625718865374273E-4
0.09506666666666667       -8.395085619254546E-4
0.09513333333333333       -7.882404791995544E-4
0.0952                    -7.866869802290404E-4
0.09526666666666667       -8.01293015353043E-4
0.09533333333333334       -7.94253806816414E-4
0.0954                    -7.314429121007296E-4
0.09546666666666667       -5.89456319258633E-4
0.09553333333333333       -3.60597964820706E-4
0.0956                    -5.490139053356626E-5
0.09566666666666668       3.011831788832999E-4
0.09573333333333334       6.68987901669673E-4
0.09580000000000001       0.0010039593696340241
0.09586666666666667       0.0012628638280809603
0.09593333333333334       0.0014105025805871594
0.096                     0.00142489964756268
0.09606666666666668       0.001300089558671144
0.09613333333333333       0.0010462841918607328
0.09620000000000001       6.875119103245776E-4
0.09626666666666667       2.5738513134208256E-4
0.09633333333333334       -2.0608062914106995E-4
0.0964                    -6.655829122544012E-4
0.09646666666666667       -0.0010887723712419922
0.09653333333333333       -0.001450941151812334
0.0966                    -0.001735963318920271
0.09666666666666666       -0.0019356142200360243
0.09673333333333334       -0.002047751691531051
0.09680000000000001       -0.0020740487485785375
0.09686666666666667       -0.0020179880401966247
0.09693333333333334       -0.0018836182637394152
0.097                     -0.0016755287016911263
0.09706666666666668       -0.0013998248720202935
0.09713333333333334       -0.0010657777205448258
0.09720000000000001       -6.875524916474453E-4
0.09726666666666667       -2.85196623405103E-4
0.09733333333333334       1.1563301780949E-4
0.0974                    4.8556312156671817E-4
0.09746666666666667       7.94942818836055E-4
0.09753333333333333       0.0010182962340133433
0.0976                    0.0011389565082605589
0.09766666666666667       0.0011528526401062581
0.09773333333333334       0.0010705329160290685
0.0978                    9.167526255954396E-4
0.09786666666666667       7.274328990289094E-4
0.09793333333333334       5.444586038885808E-4
0.098                     4.090663834093985E-4
0.09806666666666668       3.5497355301314116E-4
0.09813333333333334       4.0257664196277886E-4
0.09820000000000001       5.552427319344133E-4
0.09826666666666667       7.983973191585392E-4
0.09833333333333334       0.001101527876347642
0.0984                    0.0014227243584834716
0.09846666666666667       0.0017149516603570771
0.09853333333333333       0.0019330102262425828
0.09860000000000001       0.00203996420499276
0.09866666666666667       0.0020121174165979028
0.09873333333333334       0.0018419257777912373
0.0988                    0.0015385008776899088
0.09886666666666667       0.0011258247329599478
0.09893333333333333       6.391499879431318E-4
0.099                     1.2015832147550435E-4
0.09906666666666668       -3.8834741545460105E-4
0.09913333333333334       -8.474897503302517E-4
0.09920000000000001       -0.001226500682109459
0.09926666666666667       -0.0015054932922463524
0.09933333333333334       -0.0016765663379125974
0.0994                    -0.001743200510232286
0.09946666666666668       -0.0017180753321471539
0.09953333333333333       -0.0016197809229858897
0.09960000000000001       -0.001468950565057722
0.09966666666666667       -0.0012845215334726329
0.09973333333333334       -0.0010808064464733682
0.0998                    -8.658688060346652E-4
0.09986666666666667       -6.414961509025571E-4
0.09993333333333333       -4.047444870758971E-4
0.1                       -1.5068985124922957E-4
0.10006666666666666       1.24266571550503E-4
0.10013333333333334       4.1916565070013433E-4
0.10020000000000001       7.261864243032919E-4
0.10026666666666667       0.0010297957977110689
0.10033333333333334       0.00130756595171988
0.1004                    0.0015326742908324707
0.10046666666666668       0.0016776280615224757
0.10053333333333334       0.0017185873796486042
0.10060000000000001       0.001639534195419401
0.10066666666666667       0.0014354791915552182
0.10073333333333334       0.0011141415293836458
0.1008                    6.957187010398643E-4
0.10086666666666667       2.108197659254075E-4
0.10093333333333333       -3.032220649236644E-4
0.101                     -8.070360001345927E-4
0.10106666666666667       -0.0012641081014986742
0.10113333333333334       -0.0016451418209312992
0.1012                    -0.0019311295473016798
0.10126666666666667       -0.0021146891892633653
0.10133333333333334       -0.0021995322736488147
0.1014                    -0.0021982746389271183
0.10146666666666668       -0.002129118889570236
0.10153333333333334       -0.00201217408969321
0.10160000000000001       -0.0018661717609079046
0.10166666666666667       -0.0017061901903203266
0.10173333333333334       -0.001542820574038408
0.1018                    -0.0013826327631250024
0.10186666666666667       -0.0012296268092045052
0.10193333333333333       -0.0010869964290494945
0.10200000000000001       -9.58518114533614E-4
0.10206666666666667       -8.490516100375152E-4
0.10213333333333334       -7.639147171919996E-4
0.1022                    -7.072433628226546E-4
0.10226666666666667       -6.799128922549161E-4
0.10233333333333333       -6.77735208724202E-4
0.1024                    -6.906318700533699E-4
0.10246666666666668       -7.0327442583882E-4
0.10253333333333334       -6.972789494532415E-4
0.10260000000000001       -6.54623706147752E-4
0.10266666666666667       -5.615345091262662E-4
0.10273333333333334       -4.1187723135490984E-4
0.1028                    -2.0919833861460737E-4
0.10286666666666668       3.3206485816415187E-5
0.10293333333333334       2.9429953296626496E-4
0.10300000000000001       5.490386022508822E-4
0.10306666666666667       7.730113495860926E-4
0.10313333333333334       9.469414812470363E-4
0.1032                    0.0010600473879921165
0.10326666666666667       0.0011114691574634476
0.10333333333333333       0.001109521312173456
0.1034                    0.0010690411224707284
0.10346666666666667       0.0010074520568278704
0.10353333333333334       9.4053155308674E-4
0.10360000000000001       8.78962066384371E-4
0.10366666666666667       8.263558398043228E-4
0.10373333333333334       7.791936461051756E-4
0.1038                    7.286024734970521E-4
0.10386666666666668       6.634632591158152E-4
0.10393333333333334       5.740284581076015E-4
0.10400000000000001       4.5515400944912636E-4
0.10406666666666667       3.0845701191786E-4
0.10413333333333334       1.4282513637392026E-4
0.1042                    -2.6757381006477285E-5
0.10426666666666667       -1.817276219795034E-4
0.10433333333333333       -3.0325018186968833E-4
0.1044                    -3.7560024462767285E-4
0.10446666666666667       -3.889007467395541E-4
0.10453333333333334       -3.4072696077849037E-4
0.1046                    -2.364455722272396E-4
0.10466666666666667       -8.830427329733288E-5
0.10473333333333334       8.642026229856792E-5
0.1048                    2.6773436746390706E-4
0.10486666666666668       4.353325970111076E-4
0.10493333333333334       5.7072943309322E-4
0.10500000000000001       6.589452439749783E-4
0.10506666666666667       6.897019444626163E-4
0.10513333333333334       6.581949392883954E-4
0.1052                    5.654584912752563E-4
0.10526666666666668       4.1842879066032105E-4
0.10533333333333333       2.2961145044643084E-4
0.10540000000000001       1.6284403417640394E-5
0.10546666666666667       -2.0084413898240947E-4
0.10553333333333334       -3.9961699274664915E-4
0.1056                    -5.588999430818313E-4
0.10566666666666667       -6.61258501085368E-4
0.10573333333333333       -6.954771445386789E-4
0.1058                    -6.5842376683246E-4
0.10586666666666668       -5.55838987400586E-4
0.10593333333333334       -4.018258200217546E-4
0.10600000000000001       -2.169895418443378E-4
0.10606666666666667       -2.547794553141677E-5
0.10613333333333334       1.4858205262994906E-4
0.1062                    2.846189838072116E-4
0.10626666666666668       3.685734025731852E-4
0.10633333333333334       3.947137196188454E-4
0.10640000000000001       3.660795905902474E-4
0.10646666666666667       2.9354590779720723E-4
0.10653333333333334       1.9373593783133074E-4
0.1066                    8.6222671432717E-5
0.10666666666666667       -9.53943929909487E-6
0.10673333333333333       -7.703887604293411E-5
0.1068                    -1.0493166006530045E-4
0.10686666666666667       -8.841967428452337E-5
0.10693333333333334       -2.967613495870454E-5
0.10700000000000001       6.263501067719926E-5
0.10706666666666667       1.7466500668722964E-4
0.10713333333333334       2.893449484624646E-4
0.1072                    3.887285354060375E-4
0.10726666666666668       4.56473395884545E-4
0.10733333333333334       4.8017702118324286E-4
0.10740000000000001       4.5321057074364614E-4
0.10746666666666667       3.7582210841885006E-4
0.10753333333333334       2.55315605582754E-4
0.1076                    1.0523650218436325E-4
0.10766666666666667       -5.6387985916279085E-5
0.10773333333333333       -2.094736178564331E-4
0.1078                    -3.3462764192584223E-4
0.10786666666666667       -4.157869671788913E-4
0.10793333333333334       -4.423695566153831E-4
0.108                     -4.106322462162511E-4
0.10806666666666667       -3.2406411033166063E-4
0.10813333333333335       -1.928258498082868E-4
0.1082                    -3.2414150403135135E-5
0.10826666666666668       1.3821539323544135E-4
0.10833333333333334       2.987508209612729E-4
0.10840000000000001       4.2958679048090494E-4
0.10846666666666667       5.136350783604113E-4
0.10853333333333334       5.377560076092116E-4
0.1086                    4.937554437095638E-4
0.10866666666666668       3.789182969326661E-4
0.10873333333333333       1.9610344183588907E-4
0.10880000000000001       -4.653180142420096E-5
0.10886666666666667       -3.362034344304861E-4
0.10893333333333334       -6.565179527652534E-4
0.109                     -9.887912151911719E-4
0.10906666666666667       -0.0013135227967392314
0.10913333333333333       -0.0016119578292339363
0.1092                    -0.0018675710413266313
0.10926666666666668       -0.0020673025124283
0.10933333333333334       -0.002202431787736714
0.10940000000000001       -0.0022689896974373946
0.10946666666666667       -0.0022676596100526776
0.10953333333333334       -0.002203264654698697
0.1096                    -0.0020839064593680882
0.10966666666666668       -0.0019198951988734982
0.10973333333333334       -0.0017226410246538844
0.10980000000000001       -0.0015035763393494892
0.10986666666666667       -0.0012732716806402261
0.10993333333333334       -0.0010407792446626859
0.11                      -8.13172611577267E-4
0.11006666666666667       -5.953320624857125E-4
0.11013333333333333       -3.899434549649331E-4
0.1102                    -1.9770090015795589E-4
0.11026666666666667       -1.7653340447313026E-5
0.11033333333333334       1.5223974134476694E-4
0.11040000000000001       3.143906982255761E-4
0.11046666666666667       4.707407417961142E-4
0.11053333333333334       6.218705675564706E-4
0.1106                    7.662084985482084E-4
0.11066666666666668       8.995182552925227E-4
0.11073333333333334       0.001014804922636937
0.11080000000000001       0.0011028170331635258
0.11086666666666667       0.0011531062244268303
0.11093333333333334       0.0011556102756664834
0.111                     0.0011024878741326656
0.11106666666666667       9.8990308734673E-4
0.11113333333333333       8.194314829200845E-4
0.11120000000000001       5.986988967792554E-4
0.11126666666666667       3.4110662950710815E-4
0.11133333333333334       6.46850606823467E-5
0.1114                    -2.0982126311123878E-4
0.11146666666666667       -4.6132005544760347E-4
0.11153333333333335       -6.707694317976183E-4
0.1116                    -8.232665740334513E-4
0.11166666666666668       -9.095440989106216E-4
0.11173333333333334       -9.267645655199885E-4
0.11180000000000001       -8.78611484288492E-4
0.11186666666666667       -7.747579498258842E-4
0.11193333333333334       -6.298185881777582E-4
0.112                     -4.6192267010073095E-4
0.11206666666666668       -2.909677727571265E-4
0.11213333333333333       -1.3654125227317723E-4
0.11220000000000001       -1.5627984752923555E-5
0.11226666666666667       5.975072930265342E-5
0.11233333333333334       8.473131972343912E-5
0.1124                    6.320517637835687E-5
0.11246666666666667       8.390031563397884E-6
0.11253333333333333       -5.8013022102055736E-5
0.1126                    -1.08294245530322E-4
0.11266666666666668       -1.1271801816871049E-4
0.11273333333333334       -4.45553540141025E-5
0.11280000000000001       1.1461903109606784E-4
0.11286666666666667       3.703691208184782E-4
0.11293333333333334       7.125210302712566E-4
0.113                     0.0011147362053055656
0.11306666666666668       0.0015369001987644217
0.11313333333333334       0.001930134672544558
0.11320000000000001       0.0022436606232076883
0.11326666666666667       0.002432386517863382
0.11333333333333334       0.002463988007300279
0.1134                    0.0023241437209600754
0.11346666666666667       0.00201903039123863
0.11353333333333333       0.0015746582437052646
0.1136                    0.0010331765833226118
0.11366666666666667       4.468730396845124E-4
0.11373333333333334       -1.2909394585717974E-4
0.11380000000000001       -6.440805340058763E-4
0.11386666666666667       -0.001058188960252499
0.11393333333333334       -0.0013465468496592207
0.114                     -0.0015011624041521413
0.11406666666666668       -0.0015302862580442293
0.11413333333333334       -0.0014556451139717617
0.11420000000000001       -0.00130819394888187
0.11426666666666667       -0.001123185909818858
0.11433333333333334       -9.352520335762E-4
0.1144                    -7.742340650028465E-4
0.11446666666666667       -6.621185377959839E-4
0.11453333333333333       -6.113236251456493E-4
0.11460000000000001       -6.243588789154522E-4
0.11466666666666667       -6.946273841260171E-4
0.11473333333333334       -8.081743435468525E-4
0.1148                    -9.460240808865902E-4
0.11486666666666667       -0.0010867984012954614
0.11493333333333335       -0.0012093645213595169
0.115                     -0.0012951931725679474
0.11506666666666668       -0.0013302427727136421
0.11513333333333334       -0.0013062492732635953
0.11520000000000001       -0.001221252457154068
0.11526666666666667       -0.0010793746650134299
0.11533333333333334       -8.898546432398937E-4
0.1154                    -6.654726219659841E-4
0.11546666666666668       -4.2058466880751604E-4
0.11553333333333334       -1.690749043270691E-4
0.11560000000000001       7.750798646487637E-5
0.11566666666666667       3.11291832159358E-4
0.11573333333333334       5.287262240678749E-4
0.1158                    7.304541835434396E-4
0.11586666666666667       9.203757667406039E-4
0.11593333333333333       0.0011041503166779876
0.116                     0.0012874413673257964
0.11606666666666668       0.001474158917765387
0.11613333333333334       0.0016650729442269287
0.11620000000000001       0.0018570024932904
0.11626666666666667       0.002042694144289602
0.11633333333333334       0.002211357943121005
0.1164                    0.002349732454273511
0.11646666666666668       0.0024434592024507847
0.11653333333333334       0.002478534652089531
0.11660000000000001       0.0024427046089179135
0.11666666666666667       0.002326560164378448
0.11673333333333334       0.00212442862208594
0.1168                    0.0018349804396910424
0.11686666666666667       0.0014616456464864314
0.11693333333333333       0.0010128293493339284
0.117                     5.019226227886975E-4
0.11706666666666667       -5.2945760630378136E-5
0.11713333333333334       -6.294661169787022E-4
0.11720000000000001       -0.001202128975736824
0.11726666666666667       -0.0017436044131913645
0.11733333333333335       -0.0022265303520147095
0.1174                    -0.0026255365757440977
0.11746666666666668       -0.0029193446124819193
0.11753333333333334       -0.003092706108211794
0.11760000000000001       -0.0031379390169273724
0.11766666666666667       -0.003055943758226931
0.11773333333333334       -0.0028564926046370106
0.1178                    -0.0025578043317760935
0.11786666666666668       -0.0021854266206818547
0.11793333333333333       -0.0017704593112946234
0.11800000000000001       -0.0013472124542617662
0.11806666666666667       -9.504698576744307E-4
0.11813333333333334       -6.124494803688405E-4
0.1182                    -3.597394375405698E-4
0.11826666666666667       -2.1046999939823192E-4
0.11833333333333335       -1.720415834411556E-4
0.1184                    -2.3980770889796664E-4
0.11846666666666668       -3.970320235980167E-4
0.11853333333333334       -6.163563812151551E-4
0.11860000000000001       -8.627489944708279E-4
0.11866666666666667       -0.0010976985266262834
0.11873333333333334       -0.0012841788649728353
0.1188                    -0.0013916607448746536
0.11886666666666668       -0.0014003915447657082
0.11893333333333334       -0.0013042250701056962
0.11900000000000001       -0.0011114141141826456
0.11906666666666667       -8.431956441861323E-4
0.11913333333333334       -5.303671879863197E-4
0.1192                    -2.0836296806175432E-4
0.11926666666666667       8.827564504992388E-5
0.11933333333333333       3.3111746862149715E-4
0.1194                    5.018989269791001E-4
0.11946666666666667       5.947194347920066E-4
0.11953333333333334       6.160966506947509E-4
0.11960000000000001       5.829954726240513E-4
0.11966666666666667       5.192779962354424E-4
0.11973333333333334       4.513033160368319E-4
0.1198                    4.034649900859222E-4
0.11986666666666668       3.9445578559852123E-4
0.11993333333333334       4.348178124266931E-4
0.12000000000000001       5.260315136348998E-4
0.12006666666666667       6.611578229984099E-4
0.12013333333333334       8.26747479467568E-4
0.1202                    0.0010054973853667352
0.12026666666666667       0.0011791403310119429
0.12033333333333333       0.0013310735865326767
0.12040000000000001       0.001448361536445604
0.12046666666666667       0.0015228848258795385
0.12053333333333334       0.0015515988555059514
0.1206                    0.0015360311848450112
0.12066666666666667       0.0014812317994338546
0.12073333333333335       0.0013943919647400353
0.1208                    0.0012834455754438584
0.12086666666666668       0.0011558011967942796
0.12093333333333334       0.0010173656734299254
0.12100000000000001       8.719740938183597E-4
0.12106666666666667       7.212368390438231E-4
0.12113333333333334       5.648410111792724E-4
0.1212                    4.0125152074985885E-4
0.12126666666666668       2.2868203284980907E-4
0.12133333333333333       4.623280239519036E-5
0.12140000000000001       -1.449862591636536E-4
0.12146666666666667       -3.409909735306759E-4
0.12153333333333334       -5.345489189494401E-4
0.1216                    -7.154439332556318E-4
0.12166666666666667       -8.714612790341066E-4
0.12173333333333333       -9.89980958613821E-4
0.1218                    -0.0010600025786764243
0.12186666666666668       -0.001074286728081378
0.12193333333333334       -0.001031130827455358
0.12200000000000001       -9.354359036396173E-4
0.12206666666666667       -7.987713086715138E-4
0.12213333333333334       -6.382485735230148E-4
0.1222                    -4.743907576829026E-4
0.12226666666666668       -3.2829656794836586E-4
0.12233333333333334       -2.1856112355387523E-4
0.12240000000000001       -1.5855067944027152E-4
0.12246666666666667       -1.5453862314726316E-4
0.12253333333333334       -2.0502493002409628E-4
0.1226                    -3.0135865381453186E-4
0.12266666666666667       -4.295186861947348E-4
0.12273333333333333       -5.726257751865143E-4
0.1228                    -7.137055667540567E-4
0.12286666666666667       -8.381756355943667E-4
0.12293333333333334       -9.355334676167166E-4
0.12300000000000001       -0.0010000795803286812
0.12306666666666667       -0.001030604794240472
0.12313333333333334       -0.0010293089964596386
0.1232                    -0.0010003340695138004
0.12326666666666668       -9.482790245039558E-4
0.12333333333333334       -8.770654702940109E-4
0.12340000000000001       -7.893776372921737E-4
0.12346666666666667       -6.867117640054362E-4
0.12353333333333334       -5.698678776918149E-4
0.1236                    -4.3968779341825706E-4
0.12366666666666667       -2.9778565856924456E-4
0.12373333333333333       -1.4697508529273125E-4
0.12380000000000001       8.629085269521095E-6
0.12386666666666667       1.6385419439757243E-4
0.12393333333333334       3.1298271840734577E-4
0.124                     4.503029724053869E-4
0.12406666666666667       5.705419964876703E-4
0.12413333333333335       6.690689135046506E-4
0.1242                    7.418505477041683E-4
0.12426666666666668       7.85213625270196E-4
0.12433333333333334       7.955806769049642E-4
0.12440000000000001       7.692936051171273E-4
0.12446666666666667       7.027338724583387E-4
0.12453333333333334       5.927664460614324E-4
0.1246                    4.375168897571381E-4
0.12466666666666668       2.373138049733825E-4
0.12473333333333333       -4.31866160190772E-6
0.12480000000000001       -2.798734878359193E-4
0.12486666666666667       -5.775190074928105E-4
0.12493333333333334       -8.813461410516703E-4
0.125                     -0.0011722589684226973
0.12506666666666666       -0.0014295232672752304
0.12513333333333335       -0.0016327762277796865
0.1252                    -0.0017642525596205485
0.12526666666666667       -0.0018109345956790176
0.12533333333333335       -0.0017662669680165973
0.1254                    -0.0016311578907665205
0.12546666666666667       -0.0014140904902226546
0.12553333333333333       -0.0011302245600911026
0.12560000000000002       -7.996394918088547E-4
0.12566666666666668       -4.449653603263538E-4
0.12573333333333334       -8.877168147591875E-5
0.1258                    2.4889771620192647E-4
0.12586666666666668       5.52377023268491E-4
0.12593333333333334       8.114120256240395E-4
0.126                     0.0010212109191343188
0.12606666666666666       0.0011815334966575558
0.12613333333333335       0.0012951210162348368
0.1262                    0.0013658329791558738
0.12626666666666667       0.0013968745743940499
0.12633333333333335       0.0013895238358104093
0.1264                    0.0013426684679209509
0.12646666666666667       0.001253259622237899
0.12653333333333333       0.0011175337924875996
0.12660000000000002       9.327753028959374E-4
0.12666666666666668       6.991894386539406E-4
0.12673333333333334       4.214328695194457E-4
0.1268                    1.0946927266724579E-4
0.12686666666666668       -2.2157756823369044E-4
0.12693333333333334       -5.525895764797249E-4
0.127                     -8.624877664260566E-4
0.12706666666666666       -0.00113076138288968
0.12713333333333335       -0.0013400391061705623
0.1272                    -0.0014781786329959605
0.12726666666666667       -0.0015394693579186094
0.12733333333333333       -0.001524761530824683
0.1274                    -0.0014404998615976763
0.12746666666666667       -0.0012969794968905096
0.12753333333333333       -0.0011062525551427495
0.12760000000000002       -8.802167510359802E-4
0.12766666666666668       -6.293222435157408E-4
0.12773333333333334       -3.6220812894911927E-4
0.1278                    -8.626150156487712E-5
0.12786666666666668       1.9116507610306144E-4
0.12793333333333334       4.6136307884642685E-4
0.128                     7.132762482135811E-4
0.12806666666666666       9.333910473453051E-4
0.12813333333333335       0.0011067606656896796
0.1282                    0.001219122162596746
0.12826666666666667       0.0012597042633305218
0.12833333333333333       0.0012240528065541928
0.12840000000000001       0.0011161601498977027
0.12846666666666667       9.491578490600328E-4
0.12853333333333333       7.44237834376029E-4
0.12860000000000002       5.278212589804422E-4
0.12866666666666668       3.2736899183047086E-4
0.12873333333333334       1.6664253185312688E-4
0.1288                    6.138329775818752E-5
0.12886666666666668       1.635033930307891E-5
0.12893333333333334       2.437202825107803E-5
0.129                     6.767582751556556E-5
0.12906666666666666       1.2131659968872553E-4
0.12913333333333335       1.5801751512547278E-4
0.1292                    1.5345021529356015E-4
0.12926666666666667       9.095744297321124E-5
0.12933333333333333       -3.525016191732988E-5
0.12940000000000002       -2.1901952608128675E-4
0.12946666666666667       -4.4344580435956067E-4
0.12953333333333333       -6.840044516138732E-4
0.1296                    -9.130101455163888E-4
0.12966666666666668       -0.0011044716652990742
0.12973333333333334       -0.00123837719861926
0.1298                    -0.0013036572332070632
0.12986666666666669       -0.0012993201010183177
0.12993333333333335       -0.001233682909514755
0.13                      -0.0011220365678044882
0.13006666666666666       -9.832786957056007E-4
0.13013333333333335       -8.363109134899622E-4
0.1302                    -6.969174269629134E-4
0.13026666666666667       -5.756817250089212E-4
0.13033333333333333       -4.772296498148617E-4
0.13040000000000002       -4.008554308463565E-4
0.13046666666666668       -3.421612438449467E-4
0.13053333333333333       -2.9527379824271935E-4
0.1306                    -2.5504327707246625E-4
0.13066666666666668       -2.1871304224160585E-4
0.13073333333333334       -1.8677228813017294E-4
0.1308                    -1.6282883139369503E-4
0.1308666666666667        -1.5262354612456295E-4
0.13093333333333335       -1.6247135036709636E-4
0.131                     -1.9751139387319034E-4
0.13106666666666666       -2.6019896772182125E-4
0.13113333333333335       -3.492781873898242E-4
0.1312                    -4.5943056201477617E-4
0.13126666666666667       -5.816378900569609E-4
0.13133333333333333       -7.041311685249887E-4
0.13140000000000002       -8.137540928807787E-4
0.13146666666666668       -8.974823841444132E-4
0.13153333333333334       -9.439092986709015E-4
0.1316                    -9.445614705327898E-4
0.13166666666666668       -8.948693681635301E-4
0.13173333333333334       -7.947698071472008E-4
0.1318                    -6.489074757238003E-4
0.13186666666666666       -4.6639763538471675E-4
0.13193333333333335       -2.6019256620202214E-4
0.132                     -4.604964636779518E-5
0.13206666666666667       1.5886534674791616E-4
0.13213333333333335       3.3757914206944406E-4
0.1322                    4.749997844390402E-4
0.13226666666666667       5.595027813052928E-4
0.13233333333333333       5.841886026742445E-4
0.13240000000000002       5.476526196368716E-4
0.13246666666666668       4.54124019597657E-4
0.13253333333333334       3.129731935173781E-4
0.1326                    1.3767779058649796E-4
0.13266666666666668       -5.562479154005734E-5
0.13273333333333334       -2.497497321614488E-4
0.1328                    -4.280486953741109E-4
0.13286666666666666       -5.757727617905898E-4
0.13293333333333335       -6.811212621290575E-4
0.133                     -7.359513732477684E-4
0.13306666666666667       -7.361812247175046E-4
0.13313333333333335       -6.819748801221563E-4
0.1332                    -5.7771448998458E-4
0.13326666666666667       -4.3181175582999873E-4
0.13333333333333333       -2.56302881594324E-4
0.13340000000000002       -6.607012189554307E-5
0.13346666666666668       1.2228663002712312E-4
0.13353333333333334       2.9199123673606664E-4
0.1336                    4.279428407740356E-4
0.13366666666666668       5.186227525965395E-4
0.13373333333333334       5.57748481779444E-4
0.1338                    5.453148914966732E-4
0.13386666666666666       4.877050510417162E-4
0.13393333333333335       3.967302287822928E-4
0.134                     2.87649213780903E-4
0.13406666666666667       1.7649439608000895E-4
0.13413333333333333       7.718038349676965E-5
0.1342                    -9.90156791951826E-7
0.13426666666666667       -5.484680927607272E-5
0.13433333333333333       -8.755314642753957E-5
0.13440000000000002       -1.0737849482790229E-4
0.13446666666666668       -1.2519960595950994E-4
0.13453333333333334       -1.512988204591569E-4
0.1346                    -1.9217438966734335E-4
0.13466666666666668       -2.4810595443175936E-4
0.13473333333333334       -3.1209197318689394E-4
0.1348                    -3.7050275502472437E-4
0.13486666666666666       -4.054084314372052E-4
0.13493333333333335       -3.9816097705625E-4
0.135                     -3.335332982136275E-4
0.13506666666666667       -2.0355818824927238E-4
0.13513333333333333       -1.0241121592777993E-5
0.13520000000000001       2.3345063197087836E-4
0.13526666666666667       5.046121474482458E-4
0.13533333333333333       7.732973688028076E-4
0.13540000000000002       0.001006766492289237
0.13546666666666668       0.0011743396171368659
0.13553333333333334       0.001251959231343459
0.1356                    0.0012256509137593887
0.13566666666666669       0.0010933626802976835
0.13573333333333334       8.649006935725497E-4
0.1358                    5.601039632562209E-4
0.13586666666666666       2.0571962853533813E-4
0.13593333333333335       -1.6836565985365516E-4
0.136                     -5.328842089511454E-4
0.13606666666666667       -8.623155193742026E-4
0.13613333333333333       -0.0011369645680216226
0.13620000000000002       -0.0013438549464229834
0.13626666666666667       -0.0014765753982249987
0.13633333333333333       -0.0015343919406983662
0.1364                    -0.0015209563478658145
0.13646666666666668       -0.001443022110668773
0.13653333333333334       -0.0013094023981300945
0.1366                    -0.0011302692159502344
0.1366666666666667        -9.167499956674874E-4
0.13673333333333335       -6.806662845933301E-4
0.1368                    -4.3424208177549934E-4
0.13686666666666666       -1.896647246956656E-4
0.13693333333333335       4.152318847032305E-5
0.137                     2.491203591820191E-4
0.13706666666666667       4.2494079389143735E-4
0.13713333333333333       5.632363979450681E-4
0.13720000000000002       6.607284700624983E-4
0.13726666666666668       7.162147614342922E-4
0.13733333333333334       7.29808903997764E-4
0.1374                    7.020094199106097E-4
0.13746666666666668       6.328675213312222E-4
0.13753333333333334       5.215130063747479E-4
0.1376                    3.6625627729914743E-4
0.13766666666666666       1.653247176860036E-4
0.13773333333333335       -8.184026261336511E-5
0.1378                    -3.7293653374283827E-4
0.13786666666666667       -7.011614030819725E-4
0.13793333333333335       -0.0010539527707309885
0.138                     -0.0014124757991257038
0.13806666666666667       -0.001752162304579873
0.13813333333333333       -0.002044397014701231
0.13820000000000002       -0.0022592523706738243
0.13826666666666668       -0.0023689800026741896
0.13833333333333334       -0.002351834396408363
0.1384                    -0.0021955940914763646
0.13846666666666668       -0.0019002169349484823
0.13853333333333334       -0.0014791306827894666
0.1386                    -9.587846950373867E-4
0.13866666666666666       -3.764147867596793E-4
0.13873333333333335       2.2377430220579052E-4
0.1388                    7.955095259769058E-4
0.13886666666666667       0.001295750256924128
0.13893333333333335       0.0016895571871745315
0.139                     0.001953782704235478
0.13906666666666667       0.0020790451248599725
0.13913333333333333       0.0020697156856344504
0.13920000000000002       0.001942036170724102
0.13926666666666668       0.0017207382691346786
0.13933333333333334       0.001434922858607024
0.1394                    0.0011138855850070038
0.13946666666666668       7.836531625467945E-4
0.13953333333333334       4.647153638705442E-4
0.1396                    1.711591063543562E-4
0.13966666666666666       -8.891133587564E-5
0.13973333333333335       -3.120289250298149E-4
0.1398                    -4.976188806308942E-4
0.13986666666666667       -6.463801228991625E-4
0.13993333333333333       -7.591643000275574E-4
0.14                      -8.365559254095635E-4
0.14006666666666667       -8.790678085378287E-4
0.14013333333333333       -8.877580482724377E-4
0.14020000000000002       -8.649231749586761E-4
0.14026666666666668       -8.145161687438799E-4
0.14033333333333334       -7.421600960449061E-4
0.1404                    -6.547106869137762E-4
0.14046666666666668       -5.594741034490818E-4
0.14053333333333334       -4.633755796186795E-4
0.1406                    -3.723260795761069E-4
0.14066666666666666       -2.90932595486414E-4
0.14073333333333335       -2.2261009408711376E-4
0.1408                    -1.6998525362313646E-4
0.14086666666666667       -1.353642569897189E-4
0.14093333333333333       -1.2099155025101609E-4
0.14100000000000001       -1.2891335328194233E-4
0.14106666666666667       -1.604247055101124E-4
0.14113333333333333       -2.1518677716482096E-4
0.14120000000000002       -2.902855406070805E-4
0.14126666666666668       -3.796078645708886E-4
0.14133333333333334       -4.7382961069657045E-4
0.1414                    -5.611933275676248E-4
0.14146666666666668       -6.290400183801962E-4
0.14153333333333334       -6.658633990975267E-4
0.1416                    -6.63398444885388E-4
0.14166666666666666       -6.182890131392262E-4
0.14173333333333335       -5.328795496924696E-4
0.1418                    -4.1487355801192194E-4
0.14186666666666667       -2.758629747073759E-4
0.14193333333333333       -1.2901958821616555E-4
0.14200000000000002       1.3540112790492899E-5
0.14206666666666667       1.430881179244766E-4
0.14213333333333333       2.5576007531278515E-4
0.1422                    3.528092757650566E-4
0.14226666666666668       4.3955151605504483E-4
0.14233333333333334       5.23242242210968E-4
0.1424                    6.103884555738081E-4
0.14246666666666669       7.041825262025337E-4
0.14253333333333335       8.027099670884622E-4
0.1426                    8.984178950248116E-4
0.14266666666666666       9.790697579526088E-4
0.14273333333333335       0.0010300319938158448
0.1428                    0.0010373918498358266
0.14286666666666667       9.9126042120836E-4
0.14293333333333333       8.884658666581593E-4
0.14300000000000002       7.339814434420656E-4
0.14306666666666668       5.407405419232832E-4
0.14313333333333333       3.2775574734180486E-4
0.1432                    1.169473606833807E-4
0.14326666666666668       -7.069761837060058E-5
0.14333333333333334       -2.188573079448278E-4
0.1434                    -3.187019041929902E-4
0.1434666666666667        -3.702099519697103E-4
0.14353333333333335       -3.8172066111159933E-4
0.1436                    -3.6778733853928065E-4
0.14366666666666666       -3.4581317264713687E-4
0.14373333333333335       -3.321625964335081E-4
0.1438                    -3.3851831606377595E-4
0.14386666666666667       -3.692696455717933E-4
0.14393333333333333       -4.204542333768173E-4
0.14400000000000002       -4.8044884434520185E-4
0.14406666666666668       -5.322785238439047E-4
0.14413333333333334       -5.570779348173263E-4
0.1442                    -5.380317637569864E-4
0.14426666666666668       -4.640668260187588E-4
0.14433333333333334       -3.3258497767912394E-4
0.1444                    -1.5072790649190375E-4
0.14446666666666666       6.501102755216631E-5
0.14453333333333335       2.908123503650793E-4
0.1446                    4.988239802928133E-4
0.14466666666666667       6.61136503119699E-4
0.14473333333333335       7.538171220486137E-4
0.1448                    7.603304402437061E-4
0.14486666666666667       6.738044056956741E-4
0.14493333333333333       4.978815956168215E-4
0.14500000000000002       2.4599766303171316E-4
0.14506666666666668       -6.0671610216641894E-5
0.14513333333333334       -3.962407155830244E-4
0.1452                    -7.33609171055088E-4
0.14526666666666668       -0.0010478421410715039
0.14533333333333334       -0.0013189410462721505
0.1454                    -0.0015336131380701606
0.14546666666666666       -0.001685848475476219
0.14553333333333335       -0.0017763920054263012
0.1456                    -0.0018112351747483692
0.14566666666666667       -0.0017995520187965171
0.14573333333333335       -0.0017515130986628885
0.1458                    -0.0016763813063417647
0.14586666666666667       -0.0015812246975573626
0.14593333333333333       -0.0014704061587425795
0.14600000000000002       -0.001345847627486695
0.14606666666666668       -0.0012079077158969912
0.14613333333333334       -0.0010565774123692377
0.1462                    -8.926414355466312E-4
0.14626666666666668       -7.185137338555334E-4
0.14633333333333334       -5.384866936682639E-4
0.1464                    -3.583374332678928E-4
0.14646666666666666       -1.8437283473428005E-4
0.14653333333333335       -2.212115751634968E-5
0.1466                    1.250095433947122E-4
0.14666666666666667       2.567601040937006E-4
0.14673333333333333       3.764600366015326E-4
0.1468                    4.906729789747095E-4
0.14686666666666667       6.080901022704148E-4
0.14693333333333333       7.377918836110356E-4
0.14700000000000002       8.87143838388676E-4
0.14706666666666668       0.0010597720816308124
0.14713333333333334       0.001253982370888645
0.1472                    0.0014619460615160112
0.14726666666666668       0.0016699023068543863
0.14733333333333334       0.0018594192700799215
0.1474                    0.002009582716378976
0.14746666666666666       0.0020997994261878457
0.14753333333333335       0.002112826078452847
0.1476                    0.0020375166575170374
0.14766666666666667       0.0018708439681425014
0.14773333333333333       0.0016188885466280308
0.14780000000000001       0.001296539536931298
0.14786666666666667       9.259864216966724E-4
0.14793333333333333       5.341579248620706E-4
0.14800000000000002       1.495013983168809E-4
0.14806666666666668       -2.014290995165621E-4
0.14813333333333334       -4.970194396181879E-4
0.1482                    -7.228817478541962E-4
0.14826666666666669       -8.730273455677724E-4
0.14833333333333334       -9.497644443234259E-4
0.1484                    -9.624385142656552E-4
0.14846666666666666       -9.252655489200896E-4
0.14853333333333335       -8.546736551745033E-4
0.1486                    -7.6660755968822E-4
0.14866666666666667       -6.742804411756383E-4
0.14873333333333333       -5.866995938545601E-4
0.14880000000000002       -5.081539592621001E-4
0.14886666666666667       -4.386664381441237E-4
0.14893333333333333       -3.7525258349805057E-4
0.149                     -3.136463413036174E-4
0.14906666666666668       -2.500952277015048E-4
0.14913333333333334       -1.8287366269346833E-4
0.1492                    -1.1323215221636929E-4
0.1492666666666667        -4.558931587697853E-5
0.14933333333333335       1.3030966246415948E-5
0.1494                    5.420501458336896E-5
0.14946666666666666       6.972302005372264E-5
0.14953333333333335       5.323020890169904E-5
0.1496                    1.6151824430659618E-6
0.14966666666666667       -8.409621097433211E-5
0.14973333333333333       -1.9856192309155384E-4
0.14980000000000002       -3.3265481364320624E-4
0.14986666666666668       -4.746378875676204E-4
0.14993333333333334       -6.117489987941967E-4
0.15                      -7.319310309619389E-4
0.15006666666666668       -8.254468372218649E-4
0.15013333333333334       -8.860696054233068E-4
0.1502                    -9.116707316769117E-4
0.1502666666666667        -9.041298974559388E-4
0.15033333333333335       -8.685920091176575E-4
0.1504                    -8.122191515708851E-4
0.15046666666666667       -7.426378433592618E-4
0.15053333333333335       -6.663822939365425E-4
0.1506                    -5.876215079545298E-4
0.15066666666666667       -5.073586256581951E-4
0.15073333333333333       -4.233094924447042E-4
0.15080000000000002       -3.304815658008341E-4
0.15086666666666668       -2.2239488316699862E-4
0.15093333333333334       -9.276957379452969E-5
0.151                     6.260724529221826E-5
0.15106666666666668       2.4413866115289486E-4
0.15113333333333334       4.4717993031636894E-4
0.1512                    6.615822097625245E-4
0.15126666666666666       8.721776565917852E-4
0.15133333333333335       0.0010602616027674892
0.1514                    0.0012059136484326286
0.15146666666666667       0.0012908362709409134
0.15153333333333335       0.0013012527488172054
0.1516                    0.0012303623741238632
0.15166666666666667       0.0010798790767280893
0.15173333333333333       8.602972057732669E-4
0.15180000000000002       5.897936935070902E-4
0.15186666666666668       2.9186466814611447E-4
0.15193333333333334       -7.900598864745748E-6
0.152                     -2.8533473430963403E-4
0.15206666666666668       -5.208966163495047E-4
0.15213333333333334       -7.0196286436509E-4
0.1522                    -8.238114718220789E-4
0.15226666666666666       -8.891620673239231E-4
0.15233333333333335       -9.064513697839258E-4
0.1524                    -8.87266534846276E-4
0.15246666666666667       -8.435267981522801E-4
0.15253333333333335       -7.850214420944791E-4
0.1526                    -7.178007455712014E-4
0.15266666666666667       -6.437593891116029E-4
0.15273333333333333       -5.613563407678157E-4
0.15280000000000002       -4.672265746524896E-4
0.15286666666666668       -3.5823411863847553E-4
0.15293333333333334       -2.3341313896129247E-4
0.153                     -9.533060239680876E-5
0.15306666666666668       4.949012509314343E-5
0.15313333333333334       1.911403047746386E-4
0.1532                    3.1775629428342324E-4
0.15326666666666666       4.175120464589616E-4
0.15333333333333335       4.806633924917233E-4
0.1534                    5.012824999126183E-4
0.15346666666666667       4.783277016196569E-4
0.15353333333333333       4.158378076019951E-4
0.15360000000000001       3.222927625756711E-4
0.15366666666666667       2.0930615706178784E-4
0.15373333333333333       8.988368757524189E-5
0.15380000000000002       -2.3406123215285007E-5
0.15386666666666668       -1.200515884689098E-4
0.15393333333333334       -1.9281950980340216E-4
0.154                     -2.3838535707909614E-4
0.15406666666666669       -2.5738960804036736E-4
0.15413333333333334       -2.5389633612410927E-4
0.1542                    -2.3440223594661802E-4
0.15426666666666666       -2.0656195093496618E-4
0.15433333333333335       -1.7783992040098053E-4
0.1544                    -1.5428926549661398E-4
0.15446666666666667       -1.3966022644043815E-4
0.15453333333333333       -1.3497685590250924E-4
0.15460000000000002       -1.386920537863096E-4
0.15466666666666667       -1.473482453465377E-4
0.15473333333333333       -1.566503216798248E-4
0.15480000000000002       -1.6274043181593615E-4
0.15486666666666668       -1.633639701388099E-4
0.15493333333333334       -1.5863849892577326E-4
0.155                     -1.5123885466230357E-4
0.15506666666666669       -1.4590308538489893E-4
0.15513333333333335       -1.4835212244758046E-4
0.1552                    -1.6384469794998452E-4
0.15526666666666666       -1.9570513210386377E-4
0.15533333333333335       -2.4418010368456385E-4
0.1554                    -3.059307901739058E-4
0.15546666666666667       -3.7430792740038174E-4
0.15553333333333333       -4.4037144504148853E-4
0.15560000000000002       -4.944259814113717E-4
0.15566666666666668       -5.277307698799467E-4
0.15573333333333333       -5.340039947027849E-4
0.1558                    -5.103745603595268E-4
0.15586666666666668       -4.5760374368083745E-4
0.15593333333333334       -3.7957774475216866E-4
0.156                     -2.8228933859447187E-4
0.1560666666666667        -1.7259214920076457E-4
0.15613333333333335       -5.706413437358356E-5
0.1562                    5.872745912876617E-5
0.15626666666666666       1.7042644586498764E-4
0.15633333333333335       2.7459632308984345E-4
0.1564                    3.6811616419899195E-4
0.15646666666666667       4.4756042850415474E-4
0.15653333333333333       5.088317398489876E-4
0.15660000000000002       5.472138688095253E-4
0.15666666666666668       5.579123045952821E-4
0.15673333333333334       5.369629996659404E-4
0.1568                    4.8224727718413555E-4
0.15686666666666668       3.9434858163903385E-4
0.15693333333333334       2.7698350525249475E-4
0.157                     1.368527102220634E-4
0.1570666666666667        -1.703730533170697E-5
0.15713333333333335       -1.7443277002629744E-4
0.1572                    -3.2503119093069637E-4
0.15726666666666667       -4.595153547019105E-4
0.15733333333333335       -5.702312839937142E-4
0.1574                    -6.514088070782071E-4
0.15746666666666667       -6.990151675629684E-4
0.15753333333333333       -7.103992340324277E-4
0.15760000000000002       -6.83978980470618E-4
0.15766666666666668       -6.192052361174402E-4
0.15773333333333334       -5.168433364650065E-4
0.1578                    -3.795435451055792E-4
0.15786666666666668       -2.1250549418089742E-4
0.15793333333333334       -2.3901847436553138E-5
0.158                     1.751787620543672E-4
0.15806666666666666       3.714670588537543E-4
0.15813333333333335       5.509251337075098E-4
0.1582                    7.006312741644003E-4
0.15826666666666667       8.107498711483045E-4
0.15833333333333335       8.761564412535253E-4
0.1584                    8.97270910420709E-4
0.15846666666666667       8.798535378776829E-4
0.15853333333333333       8.337737420912493E-4
0.15860000000000002       7.709303383969448E-4
0.15866666666666668       7.028117701834576E-4
0.15873333333333334       6.382348629730669E-4
0.1588                    5.817303317598999E-4
0.15886666666666668       5.329261316960169E-4
0.15893333333333334       4.870113572740758E-4
0.159                     4.3609483691398054E-4
0.15906666666666666       3.7108757136262614E-4
0.15913333333333335       2.836296004137363E-4
0.1592                    1.6762564601694146E-4
0.15926666666666667       2.0123792472242522E-5
0.15933333333333335       -1.5853893670613289E-4
0.15940000000000001       -3.6517323381055826E-4
0.15946666666666667       -5.944602202031423E-4
0.15953333333333333       -8.396132484036075E-4
0.15960000000000002       -0.0010927874563177202
0.15966666666666668       -0.001345087070314383
0.15973333333333334       -0.0015862929497168145
0.1598                    -0.0018045971836810086
0.15986666666666668       -0.001986612332984805
0.15993333333333334       -0.002117937039160593
0.16                      -0.0021843952020968904
0.16006666666666666       -0.002173804053613408
0.16013333333333335       -0.002078001461499794
0.1602                    -0.0018946914933621883
0.16026666666666667       -0.00162859121337533
0.16033333333333333       -0.001291574333498085
0.16040000000000001       -9.016916420395402E-4
0.16046666666666667       -4.812033320459622E-4
0.16053333333333333       -5.396646470630499E-5
0.16060000000000002       3.572633921232244E-4
0.16066666666666668       7.331090005622668E-4
0.16073333333333334       0.0010589679480868983
0.1608                    0.0013253436085175383
0.16086666666666669       0.0015272192381830378
0.16093333333333334       0.0016627646876837719
0.161                     0.0017318112077191472
0.16106666666666666       0.0017346608960493045
0.16113333333333335       0.0016715717396106231
0.1612                    0.0015431013783778656
0.16126666666666667       0.0013512223535640674
0.16133333333333333       0.0011008543766696346
0.16140000000000002       8.013920980209315E-4
0.16146666666666668       4.676147813866423E-4
0.16153333333333333       1.1962604747333735E-4
0.16160000000000002       -2.1841869271487337E-4
0.16166666666666668       -5.207137516911396E-4
0.16173333333333334       -7.630372869739817E-4
0.1618                    -9.262213742741468E-4
0.1618666666666667        -9.99231918037615E-4
0.16193333333333335       -9.812397977591238E-4
0.162                     -8.822306223340671E-4
0.16206666666666666       -7.219370957252315E-4
0.16213333333333335       -5.272081682712517E-4
0.1622                    -3.282172983745113E-4
0.16226666666666667       -1.5412081715608522E-4
0.16233333333333333       -2.8888227461720868E-5
0.16240000000000002       3.200697036928344E-5
0.16246666666666668       2.3459801757946265E-5
0.16253333333333334       -4.907555772991729E-5
0.1626                    -1.710749142644504E-4
0.16266666666666668       -3.218105398859321E-4
0.16273333333333334       -4.780410963576287E-4
0.1628                    -6.178452220576054E-4
0.1628666666666667        -7.239646987396885E-4
0.16293333333333335       -7.860987547742711E-4
0.163                     -8.018213054376909E-4
0.16306666666666667       -7.760838594880294E-4
0.16313333333333335       -7.194901805963706E-4
0.1632                    -6.457760887728496E-4
0.16326666666666667       -5.690093385055661E-4
0.16333333333333333       -5.010373583486812E-4
0.16340000000000002       -4.496181711808524E-4
0.16346666666666668       -4.1748140277129346E-4
0.16353333333333334       -4.0240479707294566E-4
0.1636                    -3.9819581566420806E-4
0.16366666666666668       -3.962922571438619E-4
0.16373333333333334       -3.8765642437448895E-4
0.1638                    -3.6458947976246816E-4
0.1638666666666667        -3.2216790846591306E-4
0.16393333333333335       -2.5910939439199865E-4
0.164                     -1.7796341655246744E-4
0.16406666666666667       -8.46295022876637E-5
0.16413333333333335       1.2638558349532411E-5
0.1642                    1.0462470990288152E-4
0.16426666666666667       1.8264815629332918E-4
0.16433333333333333       2.3998218503865328E-4
0.16440000000000002       2.72950411520221E-4
0.16446666666666668       2.8152456004384226E-4
0.16453333333333334       2.6934340051163667E-4
0.1646                    2.431259437633509E-4
0.16466666666666668       2.115483068998649E-4
0.16473333333333334       1.8377932958008552E-4
0.1648                    1.6790188899242574E-4
0.16486666666666666       1.6951940183802932E-4
0.16493333333333335       1.9078630496303296E-4
0.165                     2.3004245568617162E-4
0.16506666666666667       2.8214914676606315E-4
0.16513333333333335       3.394454225516793E-4
0.1652                    3.931394127324562E-4
0.16526666666666667       4.348794464021921E-4
0.16533333333333333       4.5818295223977077E-4
0.16540000000000002       4.594163791890341E-4
0.16546666666666668       4.381779660682448E-4
0.16553333333333334       3.9701982247854835E-4
0.1656                    3.4056782367935574E-4
0.16566666666666668       2.7428010071162134E-4
0.16573333333333334       2.0312508554938674E-4
0.1658                    1.304654605601999E-4
0.16586666666666666       5.738371096826582E-5
0.16593333333333335       -1.7384886219092155E-5
0.166                     -9.690389428711077E-5
0.16606666666666667       -1.8500584436961537E-4
0.16613333333333336       -2.8499608610714364E-4
0.16620000000000001       -3.9835402408657086E-4
0.16626666666666667       -5.237440372266891E-4
0.16633333333333333       -6.565536525820128E-4
0.16640000000000002       -7.890733673279597E-4
0.16646666666666668       -9.113430199001662E-4
0.16653333333333334       -0.0010125279765237462
0.1666                    -0.0010825989990156484
0.16666666666666669       -0.0011140146472660656
0.16673333333333334       -0.0011031223746778612
0.1668                    -0.0010509615372443063
0.16686666666666666       -9.633526364764707E-4
0.16693333333333335       -8.5019531913779E-4
0.167                     -7.240550529042429E-4
0.16706666666666667       -5.98329952812161E-4
0.16713333333333333       -4.852599363816394E-4
0.16720000000000002       -3.941557317210192E-4
0.16726666666666667       -3.301378072302958E-4
0.16733333333333333       -2.936363453045487E-4
0.16740000000000002       -2.80678036770868E-4
0.16746666666666668       -2.838967061093585E-4
0.16753333333333334       -2.94049646155062E-4
0.1676                    -3.0175448310646146E-4
0.16766666666666669       -2.990703863112933E-4
0.16773333333333335       -2.8068739497526127E-4
0.1678                    -2.445568633530374E-4
0.16786666666666666       -1.9188862246334213E-4
0.16793333333333335       -1.266176232919944E-4
0.168                     -5.4520131842847105E-5
0.16806666666666667       1.7745921633666642E-5
0.16813333333333333       8.351450279323295E-5
0.16820000000000002       1.367554154553958E-4
0.16826666666666668       1.7242027189984745E-4
0.16833333333333333       1.8656398473963645E-4
0.16840000000000002       1.7632902216229752E-4
0.16846666666666668       1.3994217376669187E-4
0.16853333333333334       7.68196395339063E-5
0.1686                    -1.2193337252855711E-5
0.1686666666666667        -1.245128924810243E-4
0.16873333333333335       -2.555384747789834E-4
0.1688                    -3.985823171784763E-4
0.16886666666666666       -5.451273093719713E-4
0.16893333333333335       -6.854655406310816E-4
0.169                     -8.096590463537723E-4
0.16906666666666667       -9.086811465253545E-4
0.16913333333333333       -9.755297399930317E-4
0.16920000000000002       -0.0010060555227524178
0.16926666666666668       -9.993139061738145E-4
0.16933333333333334       -9.57369979005307E-4
0.1694                    -8.84566456079483E-4
0.16946666666666668       -7.864858436567539E-4
0.16953333333333334       -6.688053677366538E-4
0.1696                    -5.363876804370772E-4
0.1696666666666667        -3.928107206857848E-4
0.16973333333333335       -2.4045338134535334E-4
0.1698                    -8.11228416172195E-5
0.16986666666666667       8.298108084338968E-5
0.16993333333333335       2.4826241927009755E-4
0.17                      4.089996086391197E-4
0.17006666666666667       5.571549911771647E-4
0.17013333333333333       6.828876318071376E-4
0.17020000000000002       7.757348516447978E-4
0.17026666666666668       8.26216376894577E-4
0.17033333333333334       8.275926176627928E-4
0.1704                    7.773453385611488E-4
0.17046666666666668       6.780570256523788E-4
0.17053333333333334       5.374380932401189E-4
0.1706                    3.674667042849416E-4
0.1706666666666667        1.8277432139835912E-4
0.17073333333333335       -1.4308468804942231E-6
0.1708                    -1.7150184099922296E-4
0.17086666666666667       -3.171582846500149E-4
0.17093333333333335       -4.3262893847316843E-4
0.171                     -5.169691523240709E-4
0.17106666666666667       -5.735395058185201E-4
0.17113333333333333       -6.087764949453148E-4
0.17120000000000002       -6.305252688682892E-4
0.17126666666666668       -6.462811831046234E-4
0.17133333333333334       -6.61652318244292E-4
0.1714                    -6.793123902752995E-4
0.17146666666666668       -6.985962549647825E-4
0.17153333333333334       -7.15785839764232E-4
0.1716                    -7.249999537386677E-4
0.17166666666666666       -7.195232769432055E-4
0.17173333333333335       -6.933409762992101E-4
0.1718                    -6.42629274145954E-4
0.17186666666666667       -5.669296528636055E-4
0.17193333333333335       -4.698293063980104E-4
0.17200000000000001       -3.5897075907665897E-4
0.17206666666666667       -2.4532637326046824E-4
0.17213333333333333       -1.418421320109205E-4
0.17220000000000002       -6.160734400592366E-5
0.17226666666666668       -1.5796212540987095E-5
0.17233333333333334       -1.1735094837852324E-5
0.1724                    -5.1426269320390125E-5
0.17246666666666668       -1.3080195044908166E-4
0.17253333333333334       -2.399561900264499E-4
0.1726                    -3.643408351556652E-4
0.17266666666666666       -4.8676901364656675E-4
0.17273333333333335       -5.899720206137069E-4
0.1728                    -6.592525539665737E-4
0.17286666666666667       -6.847582619891248E-4
0.17293333333333333       -6.630031540143219E-4
0.17300000000000001       -5.973490214356306E-4
0.17306666666666667       -4.973429101730951E-4
0.17313333333333333       -3.7707721375309944E-4
0.17320000000000002       -2.5285483041608876E-4
0.17326666666666668       -1.4058505158490416E-4
0.17333333333333334       -5.339247681232259E-5
0.1734                    1.4497332861452638E-7
0.17346666666666669       1.6889598513940103E-5
0.17353333333333334       -9.121304587593915E-7
0.1736                    -4.654954417756848E-5
0.17366666666666666       -1.1035161581028005E-4
0.17373333333333335       -1.8145052705552769E-4
0.1738                    -2.494623516792093E-4
0.17386666666666667       -3.058235954747281E-4
0.17393333333333333       -3.4459839331578803E-4
0.17400000000000002       -3.6275485895616424E-4
0.17406666666666668       -3.599666418846358E-4
0.17413333333333333       -3.3810037712100893E-4
0.17420000000000002       -3.005888839569789E-4
0.17426666666666668       -2.5183416437357664E-4
0.17433333333333334       -1.9672428143993866E-4
0.1744                    -1.402993412656625E-4
0.1744666666666667        -8.751999451884658E-5
0.17453333333333335       -4.3081722899594064E-5
0.1746                    -1.1198741751947853E-5
0.17466666666666666       4.695354484531673E-6
0.17473333333333335       2.3014306148897395E-6
0.1748                    -1.9171138195484986E-5
0.17486666666666667       -5.871714149014388E-5
0.17493333333333333       -1.1343143672671762E-4
0.17500000000000002       -1.7865091848017818E-4
0.17506666666666668       -2.483864359832792E-4
0.17513333333333334       -3.1602159751028836E-4
0.1752                    -3.7518343147398394E-4
0.17526666666666668       -4.2065508420240474E-4
0.17533333333333334       -4.4918520672416145E-4
0.1754                    -4.600560787366703E-4
0.1754666666666667        -4.552774930330501E-4
0.17553333333333335       -4.393835485891693E-4
0.1756                    -4.188406085383824E-4
0.17566666666666667       -4.0112500375306064E-4
0.17573333333333335       -3.935900432142344E-4
0.1758                    -4.023080109618604E-4
0.17586666666666667       -4.310484298250892E-4
0.17593333333333333       -4.8053773934952915E-4
0.17600000000000002       -5.481562693603337E-4
0.17606666666666668       -6.280989618971944E-4
0.17613333333333334       -7.120082340076227E-4
0.1762                    -7.900455278683115E-4
0.17626666666666668       -8.522212288384749E-4
0.17633333333333334       -8.897998222065243E-4
0.1764                    -8.965917831202122E-4
0.1764666666666667        -8.699282559312203E-4
0.17653333333333335       -8.111282156526365E-4
0.1766                    -7.254051663701168E-4
0.17666666666666667       -6.211803649255836E-4
0.17673333333333335       -5.08917379193008E-4
0.1768                    -3.996338531247933E-4
0.17686666666666667       -3.0332675272471863E-4
0.17693333333333333       -2.2754780035360125E-4
0.17700000000000002       -1.763598232752305E-4
0.17706666666666668       -1.4984904555603862E-4
0.17713333333333334       -1.442713645784269E-4
0.1772                    -1.5280835214070976E-4
0.17726666666666668       -1.668072773926807E-4
0.17733333333333334       -1.7729461714307865E-4
0.1774                    -1.7651339162098756E-4
0.17746666666666666       -1.5921215923630043E-4
0.17753333333333335       -1.2350314996596856E-4
0.1776                    -7.1165456161411E-5
0.17766666666666667       -7.3197423427535324E-6
0.17773333333333335       6.045620549147396E-5
0.1778                    1.2338051403110674E-4
0.17786666666666667       1.7290752756790343E-4
0.17793333333333333       2.0210294777908447E-4
0.17800000000000002       2.066904238414612E-4
0.17806666666666668       1.8564797937870026E-4
0.17813333333333334       1.4122901484370232E-4
0.1782                    7.842314020804642E-5
0.17826666666666668       4.0254641052425694E-6
0.17833333333333334       -7.454031484402629E-5
0.1784                    -1.5045376626817003E-4
0.17846666666666666       -2.184976745576767E-4
0.17853333333333335       -2.756725959691473E-4
0.1786                    -3.213418994247067E-4
0.17866666666666667       -3.5688750689256597E-4
0.17873333333333336       -3.849727403245528E-4
0.17880000000000001       -4.08580476439304E-4
0.17886666666666667       -4.3003135413693434E-4
0.17893333333333333       -4.5022149094041777E-4
0.17900000000000002       -4.68207757380283E-4
0.17906666666666668       -4.812330086927184E-4
0.17913333333333334       -4.85199805222113E-4
0.1792                    -4.7550975233951414E-4
0.17926666666666669       -4.481072881555354E-4
0.17933333333333334       -4.0052573339463294E-4
0.1794                    -3.327054503394968E-4
0.17946666666666666       -2.4743449069898236E-4
0.17953333333333335       -1.5033977780893275E-4
0.1796                    -4.936002534867097E-5
0.17966666666666667       4.6201948035476634E-5
0.17973333333333333       1.2691078220748088E-4
0.17980000000000002       1.8451583243652502E-4
0.17986666666666667       2.1313068216179752E-4
0.17993333333333333       2.1009296059756625E-4
0.18000000000000002       1.7632367565635252E-4
0.18006666666666668       1.1612548736262728E-4
0.18013333333333334       3.6444759230521014E-5
0.1802                    -5.429170116919768E-5
0.1802666666666667        -1.4757508258546957E-4
0.18033333333333335       -2.362187819513069E-4
0.1804                    -3.1549829608676106E-4
0.18046666666666666       -3.83838602415794E-4
0.18053333333333335       -4.428674305514009E-4
0.1806                    -4.968512618109922E-4
0.18066666666666667       -5.515875898047605E-4
0.18073333333333333       -6.12928428877653E-4
0.18080000000000002       -6.852354695597155E-4
0.18086666666666668       -7.700713256120005E-4
0.18093333333333333       -8.654085792262446E-4
0.18100000000000002       -9.655034598174759E-4
0.18106666666666668       -0.0010615231215276501
0.18113333333333334       -0.0011428068921139295
0.1812                    -0.0011985324619507248
0.1812666666666667        -0.0012195003642277284
0.18133333333333335       -0.0011996950647285716
0.1814                    -0.0011372827522625978
0.18146666666666667       -0.0010348742891272361
0.18153333333333335       -8.990373039110141E-4
0.1816                    -7.391440951985053E-4
0.18166666666666667       -5.65808139402758E-4
0.18173333333333333       -3.8925333303103054E-4
0.18180000000000002       -2.1794095664517954E-4
0.18186666666666668       -5.774549324335319E-5
0.18193333333333334       8.818375135888346E-5
0.182                     2.1890290174104103E-4
0.18206666666666668       3.346567497250031E-4
0.18213333333333334       4.3566095965533435E-4
0.1822                    5.210382435259155E-4
0.1822666666666667        5.882162632505325E-4
0.18233333333333335       6.32976591904563E-4
0.1824                    6.502022972034121E-4
0.18246666666666667       6.351687453306196E-4
0.18253333333333335       5.850818203973838E-4
0.1826                    5.004870869346302E-4
0.18266666666666667       3.8613153976091945E-4
0.18273333333333333       2.5101310562935066E-4
0.18280000000000002       1.0749202556326054E-4
0.18286666666666668       -3.0434324468263764E-5
0.18293333333333334       -1.4940434564116666E-4
0.183                     -2.3907511918382212E-4
0.18306666666666668       -2.9407222675879234E-4
0.18313333333333334       -3.1511312011968005E-4
0.1832                    -3.0898240881718016E-4
0.1832666666666667        -2.873208074809306E-4
0.18333333333333335       -2.644255741457032E-4
0.1834                    -2.544589554996823E-4
0.18346666666666667       -2.6859518600924116E-4
0.18353333333333335       -3.1267873286692935E-4
0.1836                    -3.858522474977442E-4
0.18366666666666667       -4.8042477547741413E-4
0.18373333333333333       -5.830162501131946E-4
0.18380000000000002       -6.767575554973023E-4
0.18386666666666668       -7.441443264145743E-4
0.18393333333333334       -7.700274820143187E-4
0.184                     -7.44227991989729E-4
0.18406666666666668       -6.633082944476469E-4
0.18413333333333334       -5.312744311099364E-4
0.1842                    -3.5911845440172E-4
0.18426666666666666       -1.633176712361587E-4
0.18433333333333335       3.64192730392626E-5
0.1844                    2.19760254284748E-4
0.18446666666666667       3.683419054141268E-4
0.18453333333333335       4.6796509228773755E-4
0.18460000000000001       5.100885173305869E-4
0.18466666666666667       4.925213897050443E-4
0.18473333333333333       4.1923108404840934E-4
0.18480000000000002       2.9939266757785595E-4
0.18486666666666668       1.4585145452821797E-4
0.18493333333333334       -2.671257971087473E-5
0.185                     -2.036737496382557E-4
0.18506666666666668       -3.720970919609747E-4
0.18513333333333334       -5.219034183855084E-4
0.1852                    -6.46446008679711E-4
0.18526666666666666       -7.424435858741741E-4
0.18533333333333335       -8.093616475393487E-4
0.1854                    -8.484264941547405E-4
0.18546666666666667       -8.615271601063961E-4
0.18553333333333336       -8.502329556821761E-4
0.18560000000000001       -8.152022703804753E-4
0.18566666666666667       -7.561137291221795E-4
0.18573333333333333       -6.721290278206156E-4
0.18580000000000002       -5.627842223144729E-4
0.18586666666666668       -4.290815056513318E-4
0.18593333333333334       -2.7450654041868717E-4
0.186                     -1.0564881284319031E-4
0.18606666666666669       6.778006189217031E-5
0.18613333333333335       2.3361289640888572E-4
0.1862                    3.7853311964268374E-4
0.18626666666666666       4.898015653121878E-4
0.18633333333333335       5.570770828688347E-4
0.1864                    5.739826883655041E-4
0.18646666666666667       5.390982312912291E-4
0.18653333333333333       4.5615059207193553E-4
0.18660000000000002       3.333771164761856E-4
0.18666666666666668       1.8218574074456808E-4
0.18673333333333333       1.539136734539747E-5
0.18680000000000002       -1.5461635947841307E-4
0.18686666666666668       -3.1741503335069865E-4
0.18693333333333334       -4.655180395771326E-4
0.187                     -5.946473551871763E-4
0.1870666666666667        -7.033221958078105E-4
0.18713333333333335       -7.919542337979444E-4
0.1872                    -8.617068974258887E-4
0.18726666666666666       -9.134798919231715E-4
0.18733333333333335       -9.471823921723461E-4
0.1874                    -9.615308875006369E-4
0.18746666666666667       -9.543466889722781E-4
0.18753333333333333       -9.231919988947498E-4
0.18760000000000002       -8.662121386309577E-4
0.18766666666666668       -7.828919174657626E-4
0.18773333333333334       -6.745343800337815E-4
0.18780000000000002       -5.443673977755349E-4
0.18786666666666668       -3.9725557011975485E-4
0.18793333333333334       -2.391376421490515E-4
0.188                     -7.637634685538201E-5
0.1880666666666667        8.481055655548434E-5
0.18813333333333335       2.3871950278672475E-4
0.1882                    3.8024569089016455E-4
0.18826666666666667       5.047185907394371E-4
0.18833333333333335       6.076277006121182E-4
0.1884                    6.844090054404329E-4
0.18846666666666667       7.304499687796289E-4
0.18853333333333333       7.413945885756137E-4
0.18860000000000002       7.137743470428342E-4
0.18866666666666668       6.458414771424776E-4
0.18873333333333334       5.384436385198073E-4
0.1888                    3.9570014632772654E-4
0.18886666666666668       2.2529121104691347E-4
0.18893333333333334       3.8185256264775745E-5
0.189                     -1.5221101057250053E-4
0.1890666666666667        -3.313826018711552E-4
0.18913333333333335       -4.8531576678876513E-4
0.1892                    -6.021650280507112E-4
0.18926666666666667       -6.736873950682242E-4
0.18933333333333335       -6.962083597582849E-4
0.1894                    -6.709759843281724E-4
0.18946666666666667       -6.038619215938855E-4
0.18953333333333333       -5.044590295504101E-4
0.18960000000000002       -3.8475607289001346E-4
0.18966666666666668       -2.5760678346903825E-4
0.18973333333333334       -1.3520860772008416E-4
0.1898                    -2.780590321807806E-5
0.18986666666666668       5.7234361851111637E-5
0.18993333333333334       1.1590226858970709E-4
0.19                      1.4757194334048438E-4
0.1900666666666667        1.5462833901189944E-4
0.19013333333333335       1.4178291696060276E-4
0.1902                    1.1519213810309088E-4
0.19026666666666667       8.150769281201063E-5
0.19033333333333335       4.698916679692707E-5
0.1904                    1.6753397713645502E-5
0.19046666666666667       -5.775642049146973E-6
0.19053333333333333       -1.9126896817893307E-5
0.19060000000000002       -2.3765927422077357E-5
0.19066666666666668       -2.1805944594565193E-5
0.19073333333333334       -1.6463922003657163E-5
0.1908                    -1.1362458859697325E-5
0.19086666666666668       -9.763169063345147E-6
0.19093333333333334       -1.3841609209273218E-5
0.191                     -2.4171474830258035E-5
0.19106666666666666       -3.945617820797699E-5
0.19113333333333335       -5.6599256409258055E-5
0.1912                    -7.113479362239804E-5
0.19126666666666667       -7.793535074928178E-5
0.19133333333333336       -7.209676352266048E-5
0.19140000000000001       -4.984494543433271E-5
0.19146666666666667       -9.309214585135261E-6
0.19153333333333333       4.897484805868857E-5
0.19160000000000002       1.2191764372718438E-4
0.19166666666666668       2.041335458422757E-4
0.19173333333333334       2.885203893211755E-4
0.1918                    3.6706770796709776E-4
0.19186666666666669       4.317776038078591E-4
0.19193333333333334       4.755263679809022E-4
0.192                     4.927704205990515E-4
0.19206666666666666       4.799818045946515E-4
0.19213333333333335       4.3582931737711823E-4
0.1922                    3.6110373250928455E-4
0.19226666666666667       2.5845608615782106E-4
0.19233333333333336       1.3202353809240523E-4
0.19240000000000002       -1.3003264732767375E-5
0.19246666666666667       -1.7078766739525073E-4
0.19253333333333333       -3.352280420420522E-4
0.19260000000000002       -5.00279412583702E-4
0.19266666666666668       -6.602325302083045E-4
0.19273333333333334       -8.099334213925017E-4
0.1928                    -9.449449426028877E-4
0.1928666666666667        -0.0010616410502486608
0.19293333333333335       -0.001157210192600773
0.193                     -0.001229574480517344
0.19306666666666666       -0.001277211445002732
0.19313333333333335       -0.001298929405906661
0.1932                    -0.0012936437904665415
0.19326666666666667       -0.0012601978854614902
0.19333333333333333       -0.001197321038820188
0.19340000000000002       -0.0011037616747092795
0.19346666666666668       -9.786657862026584E-4
0.19353333333333333       -8.220884721429849E-4
0.19360000000000002       -6.356217358684676E-4
0.19366666666666668       -4.2302495752334255E-4
0.19373333333333334       -1.9066945506810126E-4
0.1938                    5.226109963339034E-5
0.1938666666666667        2.93991467597979E-4
0.19393333333333335       5.207987877921286E-4
0.194                     7.180631642272188E-4
0.19406666666666667       8.716496257958087E-4
0.19413333333333335       9.694636233193291E-4
0.1942                    0.0010029730302366343
0.19426666666666667       9.684835465370932E-4
0.19433333333333333       8.679804185786369E-4
0.19440000000000002       7.093866588547826E-4
0.19446666666666668       5.061607305172154E-4
0.19453333333333334       2.762251745232127E-4
0.19460000000000002       4.0365904252129545E-5
0.19466666666666668       -1.797784729701975E-4
0.19473333333333334       -3.6387970480559903E-4
0.1948                    -4.949621268844402E-4
0.1948666666666667        -5.6112929914062E-4
0.19493333333333335       -5.567192062947222E-4
0.195                     -4.827519389271567E-4
0.19506666666666667       -3.466628007696603E-4
0.19513333333333335       -1.613684197019955E-4
0.1952                    5.622597960940436E-5
0.19526666666666667       2.8705143036363137E-4
0.19533333333333333       5.117958300450647E-4
0.19540000000000002       7.127038631799885E-4
0.19546666666666668       8.750417142767798E-4
0.19553333333333334       9.881036451340399E-4
0.1956                    0.0010457133017057045
0.19566666666666668       0.0010462253756651824
0.19573333333333334       9.921217887577686E-4
0.1958                    8.893147883513434E-4
0.1958666666666667        7.463037856558168E-4
0.19593333333333335       5.732615404254334E-4
0.196                     3.8112820104949856E-4
0.19606666666666667       1.808259489321658E-4
0.19613333333333335       -1.7416936068250582E-5
0.1962                    -2.046129203253341E-4
0.19626666666666667       -3.734412841202522E-4
0.19633333333333333       -5.185155975844034E-4
0.19640000000000002       -6.364666200666265E-4
0.19646666666666668       -7.258577864955772E-4
0.19653333333333334       -7.869211708153175E-4
0.1966                    -8.211462091739205E-4
0.19666666666666668       -8.307794262443415E-4
0.19673333333333334       -8.182900650850074E-4
0.1968                    -7.859637923750349E-4
0.1968666666666667        -7.356696957933971E-4
0.19693333333333335       -6.688431154047562E-4
0.197                     -5.867119867947291E-4
0.19706666666666667       -4.906814137939364E-4
0.19713333333333335       -3.827689519808204E-4
0.19720000000000001       -2.659629826666787E-4
0.19726666666666667       -1.4436740854183552E-4
0.19733333333333333       -2.3033636270239107E-5
0.19740000000000002       9.250117628570561E-5
0.19746666666666668       1.9691959327742964E-4
0.19753333333333334       2.859392671697688E-4
0.1976                    3.5703983369537377E-4
0.19766666666666668       4.099156913897869E-4
0.19773333333333334       4.465343319514597E-4
0.1978                    4.7074763940393245E-4
0.19786666666666666       4.874794579915364E-4
0.19793333333333335       5.01638611736284E-4
0.198                     5.16979187853973E-4
0.19806666666666667       5.351281010503458E-4
0.19813333333333336       5.549988788764247E-4
0.19820000000000002       5.727442701093175E-4
0.19826666666666667       5.8225042514757E-4
0.19833333333333333       5.761463967659934E-4
0.19840000000000002       5.471274330788715E-4
0.19846666666666668       4.893423161278902E-4
0.19853333333333334       3.9961652443955904E-4
0.1986                    2.7825546831908554E-4
0.19866666666666669       1.2929335538170895E-4
0.19873333333333335       -3.984207862892866E-5
0.1988                    -2.192109366825951E-4
0.19886666666666666       -3.9760627392256123E-4
0.19893333333333335       -5.639319583265619E-4
0.199                     -7.084765503267673E-4
0.19906666666666667       -8.238646207080984E-4
0.19913333333333336       -9.055379275444218E-4
0.19920000000000002       -9.517337841151112E-4
0.19926666666666668       -9.630529437510467E-4
0.19933333333333333       -9.417380391493101E-4
0.19940000000000002       -8.908605800983919E-4
0.19946666666666668       -8.136587434405969E-4
0.19953333333333334       -7.131796922873367E-4
0.1996                    -5.922776842701503E-4
0.1996666666666667        -4.539611188440838E-4
0.19973333333333335       -3.019502367930148E-4
0.1998                    -1.4125836407236582E-4
0.19986666666666666       2.143371222535445E-5
0.19993333333333335       1.777748667254028E-4
0.2                       3.1819568407213825E-4
0                         6.786706138796275E-89
6.666666666666667E-5      -2.4649648428895265E-40
1.3333333333333334E-4     -7.722626571004993E-33
2.0E-4                    -5.381708289866611E-29
2.666666666666667E-4      -7.914459439480397E-28
3.333333333333334E-4      3.914227835201763E-26
4.0E-4                    -5.630768716920019E-25
4.6666666666666666E-4     5.813614745125356E-24
5.333333333333334E-4      -6.236086722555737E-23
6.000000000000001E-4      6.417032784959754E-22
6.666666666666668E-4      -5.38635383016174E-21
7.333333333333333E-4      3.5163503359902443E-20
8.0E-4                    -1.776640955797025E-19
8.666666666666667E-4      6.866358704677021E-19
9.333333333333333E-4      -1.9306785131865024E-18
0.001                     3.2362521565736284E-18
0.0010666666666666667     1.1749637419941023E-18
0.0011333333333333334     -2.7847307710582656E-17
0.0012000000000000001     9.470251357742481E-17
0.0012666666666666668     -1.57595956138186E-16
0.0013333333333333335     -1.3804289716415473E-17
0.0014                    8.286462796274521E-16
0.0014666666666666667     -2.261244252440722E-15
0.0015333333333333334     2.5001899373728894E-15
0.0016                    2.3270592937594635E-15
0.0016666666666666668     -1.342039341257347E-14
0.0017333333333333335     1.980655560838981E-14
0.0018000000000000002     1.1339937663186189E-15
0.0018666666666666666     -5.250595760528107E-14
0.0019333333333333333     7.668998811830152E-14
0.002                     9.175935185551108E-15
0.0020666666666666667     -1.6591516551236975E-13
0.0021333333333333334     1.6862432047171734E-13
0.0022                    1.1609277286086307E-13
0.002266666666666667      -3.672247664187172E-13
0.0023333333333333335     1.0859771573921549E-13
0.0024000000000000002     4.0221236576342907E-13
0.002466666666666667      -2.595305637836789E-13
0.0025333333333333336     -4.2076896474718107E-13
0.0026000000000000003     1.131591255098305E-13
0.002666666666666667      9.995019849375506E-13
0.0027333333333333333     1.993929195718631E-13
0.0028                    -3.01754319440004E-12
0.0028666666666666667     -3.5233987546227963E-13
0.0029333333333333334     8.65183621693972E-12
0.003                     -1.8407484730040266E-12
0.0030666666666666668     -2.093292776697137E-11
0.0031333333333333335     1.398825275321516E-11
0.0032                    3.550838208590032E-11
0.003266666666666667      -4.384386361078451E-11
0.0033333333333333335     -3.0009467625557035E-11
0.0034000000000000002     7.774125809247023E-11
0.003466666666666667      -3.167748802317663E-11
0.0035333333333333336     -6.059838407008161E-11
0.0036000000000000003     1.846318937080598E-10
0.003666666666666667      -1.007742982277717E-10
0.0037333333333333333     -4.723881477626215E-10
0.0038                    5.269353259685447E-10
0.0038666666666666667     9.896687235747634E-10
0.003933333333333334      -1.3702693077433108E-9
0.004                     -1.9216149878585287E-9
0.004066666666666667      2.7942517402465787E-9
0.0041333333333333335     3.5929664187771814E-9
0.004200000000000001      -4.859476039513585E-9
0.004266666666666667      -6.648936525286933E-9
0.004333333333333333      7.281004013379381E-9
0.0044                    1.2458353869904982E-8
0.0044666666666666665     -8.860378960443647E-9
0.004533333333333334      -2.3477165015469623E-8
0.0046                    5.9545406426122E-9
0.004666666666666667      4.247021945769947E-8
0.004733333333333333      1.0614969123241733E-8
0.0048000000000000004     -6.788521389466952E-8
0.004866666666666667      -5.8147224778738226E-8
0.004933333333333334      8.128165819042668E-8
0.005                     1.5347977172935478E-7
0.005066666666666667      -3.080640136150674E-8
0.0051333333333333335     -2.7599547372311957E-7
0.005200000000000001      -1.5986997763224494E-7
0.005266666666666667      3.033013117240776E-7
0.005333333333333334      4.976641659454756E-7
0.0054                    1.1311938070007378E-8
0.0054666666666666665     -6.687344453236112E-7
0.005533333333333334      -6.695056085765244E-7
0.0056                    2.160151242837682E-7
0.005666666666666667      1.3341066103468906E-6
0.005733333333333333      1.9145633088485815E-6
0.0058000000000000005     1.8490387280787862E-6
0.005866666666666667      2.155055476772163E-6
0.005933333333333334      5.19657137724258E-6
0.006                     1.4299453456400311E-5
0.006066666666666667      3.2759156406078006E-5
0.0061333333333333335     6.366662021789058E-5
0.006200000000000001      1.1207128941000873E-4
0.006266666666666667      1.8863662542291704E-4
0.006333333333333334      3.117795612734671E-4
0.0064                    5.063057514444854E-4
0.006466666666666667      7.996789085714576E-4
0.006533333333333334      0.0012184767043576217
0.0066                    0.0017859969610491623
0.006666666666666667      0.00251951243262738
0.006733333333333333      0.0034251823358667586
0.0068000000000000005     0.004490465910818715
0.006866666666666667      0.0056762593046117285
0.006933333333333334      0.00691255393366401
0.007                     0.00810111969566116
0.007066666666666667      0.009127020477675475
0.0071333333333333335     0.009877283018655501
0.007200000000000001      0.010261535214690061
0.007266666666666667      0.010228259918781428
0.007333333333333334      0.009772145153524784
0.0074                    0.008931041408616763
0.007466666666666667      0.007774120196700096
0.007533333333333334      0.006384775436554964
0.0076                    0.004842142914780057
0.007666666666666667      0.003205665172292636
0.007733333333333333      0.0015074188525501925
0.0078000000000000005     -2.4498126003891224E-4
0.007866666666666668      -0.0020554895476939585
0.007933333333333334      -0.003921345968802388
0.008                     -0.005815669141996365
0.008066666666666666      -0.00767725919230053
0.008133333333333334      -0.009410604583815886
0.0082                    -0.010896387259260966
0.008266666666666667      -0.012010193035866205
0.008333333333333333      -0.01264488256464784
0.008400000000000001      -0.01273166209172744
0.008466666666666667      -0.012254957790271593
0.008533333333333334      -0.01125721214339137
0.0086                    -0.00983310154137703
0.008666666666666666      -0.008115345218147222
0.008733333333333334      -0.006255408605703941
0.0088                    -0.004403291502967477
0.008866666666666667      -0.002690098678263334
0.008933333333333333      -0.0012158801411994952
0.009000000000000001      -4.342749539668729E-5
0.009066666666666667      8.021215214214933E-4
0.009133333333333334      0.0013287425882971059
0.0092                    0.001569764433392825
0.009266666666666668      0.0015746339967545981
0.009333333333333334      0.001400196709885047
0.0094                    0.0011040723990075863
0.009466666666666667      7.401062981583751E-4
0.009533333333333335      3.555993361470218E-4
0.009600000000000001      -1.0135468139301679E-5
0.009666666666666667      -3.262729184755769E-4
0.009733333333333333      -5.70242503622117E-4
0.0098                    -7.269571360666305E-4
0.009866666666666668      -7.87961876575047E-4
0.009933333333333334      -7.507152644953189E-4
0.01                      -6.178831480121097E-4
0.010066666666666666      -3.9654349473913986E-4
0.010133333333333334      -9.733280211758724E-5
0.0102                    2.664286808934636E-4
0.010266666666666667      6.795236370705355E-4
0.010333333333333333      0.001125413136413464
0.010400000000000001      0.0015864984329360037
0.010466666666666668      0.0020440388202237394
0.010533333333333334      0.002478021143290859
0.0106                    0.0028673437101623188
0.010666666666666668      0.0031906077190517234
0.010733333333333334      0.003427418002572197
0.0108                    0.003560190527843168
0.010866666666666667      0.003576288760926288
0.010933333333333333      0.0034703412272322634
0.011000000000000001      0.0032463301994049777
0.011066666666666667      0.0029188886983320117
0.011133333333333334      0.0025132633029268337
0.0112                    0.002063685043070179
0.011266666666666668      0.0016105775766146297
0.011333333333333334      0.001197138550476386
0.0114                    8.65794962289958E-4
0.011466666666666667      6.551922146732418E-4
0.011533333333333335      5.979390407446773E-4
0.011600000000000001      7.188165058883338E-4
0.011666666666666667      0.0010332479858054565
0.011733333333333333      0.0015456666722177314
0.0118                    0.0022472072070321212
0.011866666666666668      0.0031126182024868634
0.011933333333333334      0.004097117899129024
0.012                     0.005134883748653989
0.012066666666666667      0.0061410909805160304
0.012133333333333335      0.007018622387057314
0.0122                    0.007669007781749735
0.012266666666666667      0.008006087611787595
0.012333333333333333      0.007970173449183885
0.012400000000000001      0.007540244483747161
0.012466666666666668      0.006740971557939282
0.012533333333333334      0.005642471333535818
0.0126                    0.004351556587677736
0.012666666666666668      0.0029950963888460626
0.012733333333333334      0.0016992429557901164
0.0128                    5.694589747760735E-4
0.012866666666666667      -3.239235766858863E-4
0.012933333333333333      -9.513917611911892E-4
0.013000000000000001      -0.0013209323201758356
0.013066666666666667      -0.0014678959492952204
0.013133333333333334      -0.0014418476762679906
0.0132                    -0.0012946693325200332
0.013266666666666668      -0.001073061739309476
0.013333333333333334      -8.166579019206649E-4
0.0134                    -5.611694337298666E-4
0.013466666666666667      -3.444028250389521E-4
0.013533333333333335      -2.120079902502209E-4
0.013600000000000001      -2.1995030077120596E-4
0.013666666666666667      -4.312339632843553E-4
0.013733333333333334      -9.061399972639407E-4
0.013800000000000002      -0.0016874565133968228
0.013866666666666668      -0.002784336764866916
0.013933333333333334      -0.004159737342538742
0.014                     -0.0057259873630335694
0.014066666666666667      -0.007351133542565199
0.014133333333333335      -0.008875406741236266
0.0142                    -0.010134602825228985
0.014266666666666667      -0.010985546064778017
0.014333333333333333      -0.011327985387582045
0.014400000000000001      -0.011119246626129517
0.014466666666666668      -0.010379145745761119
0.014533333333333334      -0.009184276649298577
0.0146                    -0.007652406437465778
0.014666666666666668      -0.005919992834186325
0.014733333333333334      -0.004117995840855516
0.0148                    -0.002350376802496612
0.014866666666666667      -6.802944385876451E-4
0.014933333333333333      8.729691975391826E-4
0.015000000000000001      0.0023267370326301227
0.015066666666666667      0.0037196297825385746
0.015133333333333334      0.005091397181296578
0.0152                    0.006461935332761361
0.015266666666666668      0.007813598548706908
0.015333333333333334      0.009080541642526021
0.0154                    0.01014860518849813
0.015466666666666667      0.01086793553370696
0.015533333333333335      0.011077815774255075
0.015600000000000001      0.010639430346110692
0.01566666666666667       0.009469886561139272
0.015733333333333335      0.007569446676195814
0.0158                    0.0050344747992662284
0.015866666666666668      0.002052131932801925
0.015933333333333334      -0.0011230391056205218
0.016                     -0.004205710899371367
0.016066666666666667      -0.006921839022722382
0.016133333333333333      -0.009046780912635418
0.0162                    -0.010431407950818539
0.01626666666666667       -0.011012068555618707
0.016333333333333335      -0.010804051175140418
0.0164                    -0.009882673083876189
0.016466666666666668      -0.008358580382684102
0.016533333333333334      -0.006354932941926213
0.0166                    -0.003992061847104476
0.016666666666666666      -0.0013819588751245576
0.016733333333333333      0.0013678455635761986
0.016800000000000002      0.004145341405931573
0.01686666666666667       0.006825345048967462
0.016933333333333335      0.009266132775407571
0.017                     0.011314488410090025
0.017066666666666667      0.012819440784649206
0.017133333333333334      0.01365192481674827
0.0172                    0.013725606473879172
0.017266666666666666      0.013013383266157828
0.017333333333333333      0.011555239594040008
0.017400000000000002      0.009455555261900792
0.01746666666666667       0.006870685575100092
0.017533333333333335      0.003989709362101097
0.0176                    0.0010123028590057334
0.017666666666666667      -0.0018720541534443887
0.017733333333333334      -0.004500378621742129
0.0178                    -0.0067464300753692025
0.017866666666666666      -0.008524439584177274
0.017933333333333336      -0.009786855859252123
0.018000000000000002      -0.010517876451978317
0.01806666666666667       -0.010724742717754383
0.018133333333333335      -0.01042844201079928
0.0182                    -0.009655798821208568
0.018266666666666667      -0.008434610190586401
0.018333333333333333      -0.006793525213232407
0.0184                    -0.0047678055707365274
0.018466666666666666      -0.0024096655139986137
0.018533333333333336      1.989057356975256E-4
0.018600000000000002      0.002935532113322272
0.018666666666666668      0.005634267957737813
0.018733333333333334      0.008093615958037285
0.0188                    0.010097104554566054
0.018866666666666667      0.011443919502198696
0.018933333333333333      0.011983330361545086
0.019                     0.011645545430767994
0.01906666666666667       0.010461646203811351
0.019133333333333336      0.008567502543043632
0.019200000000000002      0.006190108386083291
0.019266666666666668      0.003617843335422759
0.019333333333333334      0.001159359400984473
0.0194                    -9.018362437088328E-4
0.019466666666666667      -0.0023494114776929985
0.019533333333333333      -0.003065344161139085
0.0196                    -0.003044758690521121
0.01966666666666667       -0.002392380131193652
0.019733333333333335      -0.0013018995165251768
0.0198                    -2.2522433003867007E-5
0.019866666666666668      0.0011809332018646484
0.019933333333333334      0.0020680312210550676
0.02                      0.0024568774701597598
0.020066666666666667      0.0022480123174878266
0.020133333333333333      0.0014355179423896165
0.020200000000000003      1.0480817386101421E-4
0.02026666666666667       -0.0015819242824083911
0.020333333333333335      -0.0034098153790602316
0.0204                    -0.005141357944991726
0.020466666666666668      -0.006548211945650669
0.020533333333333334      -0.007440619242305939
0.0206                    -0.007690700272528024
0.020666666666666667      -0.0072470096011574454
0.020733333333333333      -0.006139080577458327
0.020800000000000003      -0.004471993324561761
0.02086666666666667       -0.0024122993569247997
0.020933333333333335      -1.6736676312015898E-4
0.021                     0.002039015176706016
0.021066666666666668      0.0039918944956018375
0.021133333333333334      0.005508220772473858
0.0212                    0.006455066363112285
0.021266666666666666      0.006761351188358206
0.021333333333333336      0.006421970543809808
0.021400000000000002      0.005494659444173941
0.02146666666666667       0.004090210494513695
0.021533333333333335      0.0023572055103543857
0.0216                    4.632761567616119E-4
0.021666666666666667      -0.0014249204362456044
0.021733333333333334      -0.0031602771755737755
0.0218                    -0.004629579641354771
0.021866666666666666      -0.005761324231011363
0.021933333333333336      -0.006526139564812183
0.022000000000000002      -0.006930515062637054
0.02206666666666667       -0.00700589672375757
0.022133333333333335      -0.006796150307099407
0.0222                    -0.006346489213263759
0.022266666666666667      -0.005696147751922791
0.022333333333333334      -0.00487627751695422
0.0224                    -0.003912887159878245
0.022466666666666666      -0.002833028153802913
0.022533333333333336      -0.0016716624601170993
0.022600000000000002      -4.7641040873713797E-4
0.02266666666666667       6.917009461456194E-4
0.022733333333333335      0.0017620206120997095
0.0228                    0.0026617388939484954
0.022866666666666667      0.0033248815004928755
0.022933333333333333      0.0037007505665175044
0.023                     0.003760442639199587
0.02306666666666667       0.003500317196505001
0.023133333333333336      0.002942277933470905
0.023200000000000002      0.00213155927709662
0.023266666666666668      0.0011326004437600763
0.023333333333333334      2.3731665053744057E-5
0.0234                    -0.001108487794856326
0.023466666666666667      -0.002174870388653989
0.023533333333333333      -0.003089475230528758
0.0236                    -0.003775818067459533
0.02366666666666667       -0.00417368860843663
0.023733333333333335      -0.004246109827923087
0.0238                    -0.003985399075855429
0.023866666666666668      -0.0034168390109418677
0.023933333333333334      -0.0025983585599953164
0.024                     -0.0016151930724915403
0.024066666666666667      -5.695832503708797E-4
0.024133333333333333      4.334839770588307E-4
0.024200000000000003      0.001302229858433398
0.02426666666666667       0.001972931029740721
0.024333333333333335      0.002420733387295443
0.0244                    0.002664048045587081
0.024466666666666668      0.002761143447759633
0.024533333333333334      0.0027988652537505212
0.0246                    0.0028753192432654593
0.024666666666666667      0.003079310184917771
0.024733333333333333      0.003470445839831462
0.024800000000000003      0.0040639482725125095
0.02486666666666667       0.004823701886030344
0.024933333333333335      0.005665526546251316
0.025                     0.006470665120734618
0.025066666666666668      0.007106940190379436
0.025133333333333334      0.007453593658283353
0.0252                    0.007424557939744913
0.025266666666666666      0.0069852616602125075
0.025333333333333336      0.006159530504821585
0.025400000000000002      0.005025314865633845
0.02546666666666667       0.0037003187641787985
0.025533333333333335      0.0023207818605722142
0.0256                    0.001017437056781581
0.025666666666666667      -1.0679363521586089E-4
0.025733333333333334      -9.932201982547457E-4
0.0258                    -0.0016352966194972396
0.025866666666666666      -0.002076827186661271
0.025933333333333336      -0.0024010145123331593
0.026000000000000002      -0.002712574124766084
0.02606666666666667       -0.003116100847434539
0.026133333333333335      -0.0036942528184646596
0.0262                    -0.004489582443896394
0.026266666666666667      -0.005493087980609674
0.026333333333333334      -0.006641722552908154
0.0264                    -0.007825570360112648
0.02646666666666667       -0.008903664608414356
0.026533333333333336      -0.009726110630883621
0.026600000000000002      -0.010158631019294262
0.02666666666666667       -0.010105067720780006
0.026733333333333335      -0.009523640744961225
0.0268                    -0.008433594153477596
0.026866666666666667      -0.006911077124711413
0.026933333333333333      -0.00507520972034679
0.027                     -0.0030675750189962294
0.02706666666666667       -0.0010298272827640176
0.027133333333333336      9.159303422515782E-4
0.027200000000000002      0.002680122673224944
0.027266666666666668      0.004209911128362784
0.027333333333333334      0.005485213970622191
0.0274                    0.00650818760578449
0.027466666666666667      0.00728942546993494
0.027533333333333333      0.007834822799150761
0.027600000000000003      0.008136369144687286
0.02766666666666667       0.008169622948536506
0.027733333333333336      0.007898906532388467
0.027800000000000002      0.007288989145308733
0.027866666666666668      0.006320556392893195
0.027933333333333334      0.00500478629524318
0.028                     0.0033928521264057895
0.028066666666666667      0.0015770922047802461
0.028133333333333333      -3.1712397377794754E-4
0.028200000000000003      -0.0021470725679626833
0.02826666666666667       -0.0037726611884024283
0.028333333333333335      -0.005076246730123575
0.0284                    -0.005978347626156532
0.028466666666666668      -0.006446568975941493
0.028533333333333334      -0.006496379044480049
0.0286                    -0.006184490576673012
0.028666666666666667      -0.005596805184793014
0.028733333333333336      -0.004833466982325682
0.028800000000000003      -0.0039939147850068715
0.02886666666666667       -0.003164405182290536
0.028933333333333335      -0.0024094333997569405
0.029                     -0.0017676734356567836
0.029066666666666668      -0.0012522087244388575
0.029133333333333334      -8.539962694227983E-4
0.0292                    -5.476082061739782E-4
0.029266666666666667      -2.981585432560399E-4
0.029333333333333336      -6.842695046753551E-5
0.029400000000000003      1.743633933633996E-4
0.02946666666666667       4.5261862844479496E-4
0.029533333333333335      7.739461322601598E-4
0.0296                    0.0011287958253748142
0.029666666666666668      0.0014906949677074759
0.029733333333333334      0.001819521864840331
0.0298                    0.002067843174490218
0.029866666666666666      0.002189305485584415
0.029933333333333336      0.002147875932188561
0.030000000000000002      0.0019260471319564832
0.03006666666666667       0.0015301813523714931
0.030133333333333335      9.91912081819744E-4
0.0302                    3.649345811796732E-4
0.030266666666666667      -2.822485794940105E-4
0.030333333333333334      -8.765995757690129E-4
0.0304                    -0.0013521064807159395
0.03046666666666667       -0.001660618008687519
0.030533333333333336      -0.0017802178089578564
0.030600000000000002      -0.001719637236629541
0.03066666666666667       -0.0015178144004983972
0.030733333333333335      -0.001238360839824264
0.0308                    -9.596178446932194E-4
0.030866666666666667      -7.616518996655941E-4
0.030933333333333334      -7.122019686413786E-4
0.031                     -8.539544270696262E-4
0.03106666666666667       -0.0011954198215300073
0.031133333333333336      -0.0017070707802374202
0.031200000000000002      -0.0023235869593918324
0.031266666666666665      -0.002951833974713316
0.03133333333333334       -0.0034835294533807496
0.031400000000000004      -0.003810813220647665
0.03146666666666667       -0.0038425144023047043
0.03153333333333334       -0.0035191385630661477
0.0316                    -0.002824558294378221
0.03166666666666667       -0.0017924513085745275
0.031733333333333336      -5.062218853988899E-4
0.0318                    9.082826973798757E-4
0.03186666666666667       0.0022968918246288714
0.031933333333333334      0.0034966498273066604
0.032                     0.0043581760345170134
0.03206666666666667       0.004767700098454952
0.03213333333333333       0.004665098475435605
0.0322                    0.00405479442829696
0.032266666666666666      0.0030072296056180047
0.03233333333333333       0.0016502601748260742
0.0324                    1.5141873938353875E-4
0.03246666666666667       -0.0013059139197978836
0.03253333333333334       -0.0025485521719719353
0.032600000000000004      -0.0034371614456176758
0.03266666666666667       -0.0038834943418176128
0.032733333333333337      -0.0038587300536724236
0.0328                    -0.0033923151920764493
0.03286666666666667       -0.0025622953499595705
0.032933333333333335      -0.001479951602120239
0.033                     -2.7212770118449734E-4
0.03306666666666667       9.358523798604998E-4
0.033133333333333334      0.0020341227422110164
0.0332                    0.002937843521627096
0.03326666666666667       0.0035918929005185
0.03333333333333333       0.003971258196263359
0.0334                    0.004078019302911484
0.033466666666666665      0.003936151776892634
0.03353333333333333       0.0035855090603805506
0.033600000000000005      0.0030760055210871193
0.03366666666666667       0.00246283496156908
0.03373333333333334       0.0018025973292354208
0.033800000000000004      0.0011499371119918157
0.03386666666666667       5.543909725159979E-4
0.033933333333333336      5.696383106204362E-5
0.034                     -3.13212911490924E-4
0.03406666666666667       -5.41374985074911E-4
0.034133333333333335      -6.279983365227684E-4
0.0342                    -5.876881254013055E-4
0.03426666666666667       -4.462109970448252E-4
0.034333333333333334      -2.3630582290934404E-4
0.0344                    6.907275405865254E-6
0.034466666666666666      2.501537522990615E-4
0.03453333333333333       4.653332636315519E-4
0.0346                    6.31509082338128E-4
0.034666666666666665      7.354304364595849E-4
0.03473333333333334       7.710201092637503E-4
0.034800000000000005      7.381317868398933E-4
0.03486666666666667       6.411779188336089E-4
0.03493333333333334       4.8806622978120757E-4
0.035                     2.893815287209761E-4
0.03506666666666667       5.784107829990373E-5
0.035133333333333336      -1.9238807950527047E-4
0.0352                    -4.4671745294740854E-4
0.03526666666666667       -6.914874202965831E-4
0.035333333333333335      -9.154244079791868E-4
0.0354                    -0.0011108346292390844
0.03546666666666667       -0.001274386877552248
0.03553333333333333       -0.0014072288803827877
0.0356                    -0.0015144573139528243
0.035666666666666666      -0.0016042357937504465
0.03573333333333333       -0.0016866385838231789
0.0358                    -0.0017724988283589482
0.03586666666666667       -0.0018723941399142719
0.03593333333333334       -0.0019957264527105368
0.036000000000000004      -0.002149783674842463
0.03606666666666667       -0.0023386566183314873
0.03613333333333334       -0.0025620087712573316
0.0362                    -0.0028138210137303057
0.03626666666666667       -0.0030817196865637717
0.036333333333333336      -0.0033471654885663437
0.0364                    -0.0035869138351140115
0.03646666666666667       -0.0037758425146771166
0.036533333333333334      -0.0038903885825465503
0.0366                    -0.003912046847220223
0.03666666666666667       -0.003830244513944938
0.03673333333333333       -0.0036438925442500757
0.0368                    -0.003361314105299803
0.036866666666666666      -0.0029990217433525966
0.03693333333333333       -0.0025796542356077293
0.037000000000000005      -0.0021296138875186443
0.03706666666666667       -0.0016770101591156651
0.03713333333333334       -0.0012499033294331569
0.037200000000000004      -8.745992224878416E-4
0.03726666666666667       -5.738931627442631E-4
0.037333333333333336      -3.648543889329841E-4
0.0374                    -2.5616941666857415E-4
0.03746666666666667       -2.4540532411685074E-4
0.037533333333333335      -3.166381144323028E-4
0.0376                    -4.3928571372257115E-4
0.03766666666666667       -5.689437228004233E-4
0.037733333333333334      -6.5078648353497E-4
0.0378                    -6.256420254850617E-4
0.037866666666666667      -4.381119461658482E-4
0.03793333333333333       -4.561066841163721E-5
0.038                     5.733563000551211E-4
0.038066666666666665      0.0014131585440526789
0.03813333333333334       0.00243857516369854
0.038200000000000005      0.0035864853192693912
0.03826666666666667       0.004771480372605415
0.03833333333333334       0.005894499795081524
0.038400000000000004      0.006853259347665768
0.03846666666666667       0.007553078735677095
0.038533333333333336      0.007916722804881059
0.0386                    0.007892290918299785
0.03866666666666667       0.007458606734871864
0.038733333333333335      0.006627656788063737
0.0388                    0.005444225443240542
0.03886666666666667       0.003983048990798684
0.038933333333333334      0.0023437212131774197
0.039                     6.438229421082025E-4
0.039066666666666666      -9.895115329597432E-4
0.03913333333333333       -0.0024295462062582374
0.0392                    -0.00356087267685395
0.03926666666666667       -0.0042906829442542335
0.03933333333333334       -0.004559420389481462
0.039400000000000004      -0.004349254125442643
0.03946666666666667       -0.003688845613326591
0.03953333333333334       -0.002653306582942605
0.0396                    -0.0013586851911476026
0.03966666666666667       4.895119085491524E-5
0.039733333333333336      0.0014087832219397218
0.0398                    0.002563346723596064
0.03986666666666667       0.003377458286614945
0.039933333333333335      0.003755453768042991
0.04                      0.0036543041575126923
0.04006666666666667       0.0030904952794886553
0.04013333333333333       0.0021389985206322027
0.0402                    9.240253913538674E-4
0.040266666666666666      -3.9756424666848034E-4
0.04033333333333333       -0.001658074302563014
0.040400000000000005      -0.0027028475529872454
0.04046666666666667       -0.003412400918582884
0.04053333333333334       -0.0037194336585413953
0.040600000000000004      -0.0036179126294043204
0.04066666666666667       -0.003162585709315653
0.04073333333333334       -0.002459025404487665
0.0408                    -0.0016456070185925525
0.04086666666666667       -8.70355279543079E-4
0.040933333333333335      -2.665187796362893E-4
0.041                     6.916794196653262E-5
0.04106666666666667       9.185221684814517E-5
0.041133333333333334      -1.8510375062200763E-4
0.0412                    -6.939673129146777E-4
0.04126666666666667       -0.0013259656261652708
0.04133333333333333       -0.0019517479724107454
0.0414                    -0.0024452245650956263
0.041466666666666666      -0.002706346603540274
0.04153333333333334       -0.0026786504582000468
0.041600000000000005      -0.002358417877425941
0.04166666666666667       -0.0017939010464872878
0.04173333333333334       -0.0010748913314623328
0.041800000000000004      -3.1477188727316947E-4
0.04186666666666667       3.715674359297666E-4
0.041933333333333336      8.897196071652266E-4
0.042                     0.0011834483817577935
0.04206666666666667       0.0012447551752512271
0.042133333333333335      0.001114464253008079
0.0422                    8.7342722242913E-4
0.04226666666666667       6.262378055208293E-4
0.042333333333333334      4.8086783611394756E-4
0.0424                    5.28253265656531E-4
0.042466666666666666      8.256628128807419E-4
0.04253333333333333       0.0013866789298705184
0.0426                    0.00217915778585638
0.04266666666666667       0.003131010103970766
0.04273333333333334       0.00414212395508702
0.042800000000000005      0.005099983545593345
0.04286666666666667       0.005896151997148991
0.04293333333333334       0.006440964813988943
0.043000000000000003      0.006674342520105151
0.04306666666666667       0.006571656128821464
0.043133333333333336      0.006144175126862068
0.0432                    0.0054347442033199165
0.04326666666666667       0.004509749302927118
0.043333333333333335      0.0034488085567807923
0.0434                    0.002334045094008056
0.04346666666666667       0.0012403398107450742
0.043533333333333334      2.2793200668484842E-4
0.0436                    -6.617687333625957E-4
0.043666666666666666      -0.0014071056637196587
0.04373333333333333       -0.0020039293807573044
0.0438                    -0.002460936988847187
0.04386666666666667       -0.002793733567859118
0.04393333333333334       -0.003018914972646878
0.044000000000000004      -0.003149326048934689
0.04406666666666667       -0.0031915193584819254
0.04413333333333334       -0.0031457646445442852
0.0442                    -0.003008440244369782
0.04426666666666667       -0.0027761064344443954
0.044333333333333336      -0.002450073961741649
0.0444                    -0.002040273330819148
0.04446666666666667       -0.001567562110722065
0.044533333333333334      -0.001063825464091049
0.0446                    -5.695281120447012E-4
0.04466666666666667       -1.2910198571402235E-4
0.04473333333333333       2.1522403123806433E-4
0.0448                    4.302251797456007E-4
0.044866666666666666      4.978929735863438E-4
0.04493333333333333       4.1977574717468356E-4
0.045000000000000005      2.1854907670506047E-4
0.04506666666666667       -6.382768543307286E-5
0.04513333333333334       -3.7123535786612116E-4
0.045200000000000004      -6.410750860455804E-4
0.04526666666666667       -8.133923625931717E-4
0.04533333333333334       -8.399444072543142E-4
0.0454                    -6.919007237928992E-4
0.04546666666666667       -3.6506129589934763E-4
0.045533333333333335      1.1807580281478862E-4
0.0456                    7.096763628606612E-4
0.04566666666666667       0.0013411789281795232
0.045733333333333334      0.001930695586802008
0.0458                    0.002392365668828671
0.04586666666666667       0.0026469543450870193
0.04593333333333333       0.002632498024747922
0.046                     0.0023136734246061398
0.046066666666666665      0.0016887835540378897
0.04613333333333334       7.931593348845267E-4
0.046200000000000005      -3.0185602260574413E-4
0.04626666666666667       -0.0014946252027025016
0.04633333333333334       -0.0026633864573131385
0.046400000000000004      -0.003679916674557787
0.04646666666666667       -0.004425013724427957
0.046533333333333336      -0.004803669477741306
0.0466                    -0.0047577835010507935
0.04666666666666667       -0.004274350358173251
0.046733333333333335      -0.0033877446011711773
0.0468                    -0.0021758019171941737
0.04686666666666667       -7.502382459978645E-4
0.046933333333333334      7.569297382500595E-4
0.047                     0.0022088635372571074
0.047066666666666666      0.0034791354913837635
0.04713333333333333       0.004464644867067154
0.0472                    0.0050948034757031845
0.04726666666666667       0.0053362292416680316
0.04733333333333334       0.005192819481285719
0.047400000000000005      0.004701922844665555
0.04746666666666667       0.003927514189854264
0.04753333333333334       0.0029514912480058577
0.0476                    0.001864428730466618
0.04766666666666667       7.566107222093985E-4
0.047733333333333336      -2.8975341634717404E-4
0.0478                    -0.0012065313863926209
0.04786666666666667       -0.0019437368162191259
0.047933333333333335      -0.0024715441977605224
0.048                     -0.002780294672657664
0.04806666666666667       -0.002878834377042949
0.048133333333333334      -0.002791295320583651
0.0482                    -0.0025527376072624554
0.048266666666666666      -0.0022041274306292716
0.04833333333333333       -0.0017870740266516805
0.048400000000000006      -0.0013390596185882504
0.04846666666666667       -8.897126289621855E-4
0.04853333333333334       -4.5859496682309185E-4
0.048600000000000004      -5.476489115188505E-5
0.04866666666666667       3.2196856269505446E-4
0.04873333333333334       6.785935010367001E-4
0.0488                    0.0010256400475135217
0.04886666666666667       0.0013736975155412578
0.048933333333333336      0.0017302586482121395
0.049                     0.002097234595566988
0.04906666666666667       0.0024694936314167883
0.049133333333333334      0.0028346368254950414
0.0492                    0.003174071119596752
0.04926666666666667       0.0034653429264345993
0.04933333333333333       0.003685436721962805
0.0494                    0.0038145737937436653
0.049466666666666666      0.0038397645918079293
0.04953333333333334       0.003757412455832729
0.049600000000000005      0.0035743667439629254
0.04966666666666667       0.0033069689077540087
0.04973333333333334       0.0029780750001709047
0.049800000000000004      0.002612699960501721
0.04986666666666667       0.002232998905058664
0.049933333333333337      0.0018538085099023122
0.05                      0.001479995647409501
0.05006666666666667       0.0011062855930784
0.050133333333333335      7.199207007383498E-4
0.0502                    3.0568711204418487E-4
0.05026666666666667       -1.47771745664963E-4
0.050333333333333334      -6.418727414431766E-4
0.0504                    -0.0011637503317055793
0.05046666666666667       -0.001684937124642042
0.05053333333333333       -0.0021636419696733356
0.0506                    -0.0025504039099010136
0.05066666666666667       -0.002796225518418046
0.05073333333333334       -0.0028615508658381607
0.050800000000000005      -0.002724426332861185
0.05086666666666667       -0.002386215993633064
0.05093333333333334       -0.0018736828978245074
0.051000000000000004      -0.001237147541430134
0.05106666666666667       -5.448771654090916E-4
0.051133333333333336      1.253986164766292E-4
0.0512                    6.96271082583385E-4
0.05126666666666667       0.0011002162310223167
0.051333333333333335      0.001287539100023703
0.0514                    0.001231450556168476
0.05146666666666667       9.297334495036361E-4
0.051533333333333334      4.0330866445751425E-4
0.0516                    -3.077850303200719E-4
0.051666666666666666      -0.0011500801237371678
0.05173333333333333       -0.0020628808370719734
0.051800000000000006      -0.0029840079727224433
0.05186666666666667       -0.003854524048690039
0.05193333333333334       -0.0046220270451158285
0.052000000000000005      -0.005242431321396277
0.05206666666666667       -0.005680577919030419
0.05213333333333334       -0.005910138707034863
0.0522                    -0.005913232847188528
0.05226666666666667       -0.00568012219782059
0.052333333333333336      -0.005209570374483099
0.0524                    -0.004509639550143709
0.05246666666666667       -0.0035988000185730364
0.052533333333333335      -0.0025071811217528125
0.0526                    -0.0012772701716480346
0.05266666666666667       3.645048925066546E-5
0.05273333333333333       0.0013692244582881148
0.0528                    0.002649308003198642
0.052866666666666666      0.00380284611422282
0.05293333333333334       0.004759834201719899
0.053000000000000005      0.00546064917356349
0.05306666666666667       0.005862450424151925
0.05313333333333334       0.005944429502750819
0.053200000000000004      0.005711314931082038
0.05326666666666667       0.005194406186302121
0.05333333333333334       0.0044497412521965225
0.0534                    0.0035534916857544044
0.05346666666666667       0.002594830316061584
0.053533333333333336      0.0016671282624324353
0.0536                    8.585546814944022E-4
0.05366666666666667       2.4321854960782324E-4
0.053733333333333334      -1.260596554157716E-4
0.0538                    -2.2248827623955607E-4
0.05386666666666667       -4.703249844449306E-5
0.05393333333333333       3.731086874792641E-4
0.054                     9.88773276241353E-4
0.05406666666666667       0.0017352219751606195
0.05413333333333334       0.002539670587374041
0.054200000000000005      0.0033287160331383348
0.05426666666666667       0.004034669854893134
0.05433333333333334       0.004600321515821493
0.054400000000000004      0.004981939716694446
0.05446666666666667       0.005150622938974545
0.054533333333333336      0.005092598103846495
0.0546                    0.004808954482611556
0.05466666666666667       0.0043151714265919645
0.054733333333333335      0.0036404469910149393
0.0548                    0.0028265146896816217
0.05486666666666667       0.0019255295136155416
0.054933333333333334      9.96698253752234E-4
0.055                     1.0147453772683205E-4
0.05506666666666667       -7.022184279496566E-4
0.05513333333333333       -0.0013660443678068428
0.055200000000000006      -0.001856547619144504
0.05526666666666667       -0.0021586077592264
0.05533333333333334       -0.002276424291686943
0.055400000000000005      -0.002231898448931483
0.05546666666666667       -0.0020605437994862977
0.05553333333333334       -0.0018058599626573806
0.055600000000000004      -0.0015131005784496665
0.05566666666666667       -0.0012234042783697636
0.055733333333333336      -9.691339375701948E-4
0.0558                    -7.708669380428126E-4
0.05586666666666667       -6.361865134050066E-4
0.055933333333333335      -5.601994052994996E-4
0.056                     -5.275540170259774E-4
0.05606666666666667       -5.156074296862173E-4
0.056133333333333334      -4.984389166705883E-4
0.0562                    -4.513582904250003E-4
0.056266666666666666      -3.554050680787231E-4
0.05633333333333334       -2.012860948945252E-4
0.056400000000000006      8.013003049329097E-6
0.05646666666666667       2.565561287785666E-4
0.05653333333333334       5.171333860534315E-4
0.056600000000000004      7.552208441596192E-4
0.05666666666666667       9.34704227032713E-4
0.05673333333333334       0.0010244025526425014
0.0568                    0.0010040349130017252
0.05686666666666667       8.683549441719571E-4
0.056933333333333336      6.285485175724786E-4
0.057                     3.104626745110951E-4
0.05706666666666667       -5.00109374395554E-5
0.057133333333333335      -4.1342625963107613E-4
0.0572                    -7.437523051451605E-4
0.05726666666666667       -0.0010143223424585392
0.05733333333333333       -0.001211493343222313
0.0574                    -0.001335407925160745
0.05746666666666667       -0.001397859385738579
0.05753333333333334       -0.0014179915619584231
0.057600000000000005      -0.0014170053182169795
0.05766666666666667       -0.0014130430555759142
0.05773333333333334       -0.001417359820781992
0.057800000000000004      -0.0014323796808289795
0.05786666666666667       -0.001451761479704426
0.05793333333333334       -0.0014621326341651953
0.058                     -0.0014459334645205392
0.05806666666666667       -0.0013847529144886022
0.058133333333333335      -0.00126257536556715
0.0582                    -0.0010686639490394066
0.05826666666666667       -7.998022998575694E-4
0.058333333333333334      -4.6177164767868817E-4
0.0584                    -6.973001039183983E-5
0.05846666666666667       3.525651454065854E-4
0.05853333333333333       7.74954904605133E-4
0.058600000000000006      0.0011644513310434727
0.05866666666666667       0.0014898148947395384
0.05873333333333334       0.0017265309131919192
0.058800000000000005      0.0018611083640000569
0.05886666666666667       0.0018937145538914662
0.05893333333333334       0.001838507059101875
0.059000000000000004      0.001721193552769434
0.05906666666666667       0.0015741863932747107
0.059133333333333336      0.0014303748030215502
0.0592                    0.001316760062204244
0.05926666666666667       0.0012494272579295705
0.059333333333333335      0.0012309055175417317
0.0594                    0.0012504143389658285
0.05946666666666667       0.0012867734185419977
0.059533333333333334      0.0013130620399561639
0.0596                    0.0013019234353963
0.059666666666666666      0.0012303054861079615
0.05973333333333333       0.0010827304795384407
0.059800000000000006      8.526502665168104E-4
0.05986666666666667       5.420823111377943E-4
0.05993333333333334       1.5996738287727706E-4
0.060000000000000005      -2.8004218116760835E-4
0.06006666666666667       -7.616995896499318E-4
0.06013333333333334       -0.0012676525287903273
0.060200000000000004      -0.0017802130762272729
0.06026666666666667       -0.002281473824181236
0.060333333333333336      -0.0027530242312842836
0.0604                    -0.0031756517620613943
0.06046666666666667       -0.0035293812487417688
0.060533333333333335      -0.0037940446770964907
0.0606                    -0.0039505614325977285
0.06066666666666667       -0.003982730532208314
0.060733333333333334      -0.0038792308366212705
0.0608                    -0.0036354781612037467
0.060866666666666666      -0.0032548344013496088
0.06093333333333334       -0.0027488065937247416
0.061000000000000006      -0.0021360537950665904
0.06106666666666667       -0.0014403153775044931
0.06113333333333334       -6.876924531892515E-4
0.061200000000000004      9.61122288852214E-5
0.06126666666666667       8.879391086968378E-4
0.06133333333333334       0.0016681812524508971
0.0614                    0.002420523508380239
0.06146666666666667       0.0031306696249745213
0.061533333333333336      0.003784538058635707
0.0616                    0.004366662299547058
0.06166666666666667       0.004859434225811408
0.061733333333333335      0.0052436996573725575
0.0618                    0.005500530053933079
0.06186666666666667       0.0056140054769527456
0.06193333333333333       0.005574299828507579
0.062                     0.005380304512352898
0.06206666666666667       0.005041134239246066
0.06213333333333334       0.004576057016562957
0.062200000000000005      0.004012641890977438
0.06226666666666667       0.003383540521519115
0.06233333333333334       0.002722408165797018
0.062400000000000004      0.0020598158186588148
0.06246666666666667       0.0014198963897517668
0.06253333333333333       8.184090928317836E-4
0.0626                    2.6249339750323165E-4
0.06266666666666668       -2.4785472543534026E-4
0.06273333333333334       -7.170727006338822E-4
0.06280000000000001       -0.0011506563168950379
0.06286666666666667       -0.001551848791468029
0.06293333333333334       -0.0019191676983609796
0.063                     -0.002245271336645461
0.06306666666666667       -0.0025173421734227585
0.06313333333333333       -0.00271905052403991
0.0632                    -0.0028335688134225514
0.06326666666666667       -0.002847142141455641
0.06333333333333334       -0.00275249164014195
0.0634                    -0.0025512601445930507
0.06346666666666667       -0.002255101938946889
0.06353333333333333       -0.0018851906598473971
0.0636                    -0.0014701541513204575
0.06366666666666666       -0.0010429093650040717
0.06373333333333334       -6.369211164732966E-4
0.06380000000000001       -2.825190212416393E-4
0.06386666666666667       -3.908735230049073E-6
0.06393333333333334       1.8277991106375476E-4
0.064                     2.7015034664565547E-4
0.06406666666666667       2.5907360003867106E-4
0.06413333333333333       1.5734373580646483E-4
0.06420000000000001       -2.217858463364588E-5
0.06426666666666667       -2.634936737684677E-4
0.06433333333333334       -5.491890971405575E-4
0.0644                    -8.618339958887261E-4
0.06446666666666667       -0.0011850318271451844
0.06453333333333333       -0.0015041846916294442
0.0646                    -0.0018070880099772834
0.06466666666666666       -0.0020841729576484514
0.06473333333333334       -0.002328381399050928
0.0648                    -0.0025345108274800274
0.06486666666666667       -0.002697798083178126
0.06493333333333334       -0.0028120565246074246
0.065                     -0.0028677535010501742
0.06506666666666668       -0.0028506281624476495
0.06513333333333333       -0.0027416702628565524
0.06520000000000001       -0.0025189765012608124
0.06526666666666667       -0.002161605668684038
0.06533333333333334       -0.0016550097498111427
0.0654                    -9.969743908956074E-4
0.06546666666666667       -2.0257219316240823E-4
0.06553333333333333       6.932134834082369E-4
0.0656                    0.0016364619458237519
0.06566666666666666       0.0025592760290377415
0.06573333333333334       0.0033882600613511526
0.0658                    0.004055144981696055
0.06586666666666667       0.004507492600868528
0.06593333333333333       0.00471740267955913
0.066                     0.004686298923423657
0.06606666666666668       0.004444631067319558
0.06613333333333334       0.004046647469154918
0.06620000000000001       0.003561137503801057
0.06626666666666667       0.003059979465503532
0.06633333333333334       0.0026067541912198067
0.0664                    0.0022474782935415325
0.06646666666666667       0.0020050422843688955
0.06653333333333333       0.0018780789060446506
0.0666                    0.001844086097732473
0.06666666666666667       0.0018656858592294157
0.06673333333333334       0.0018986075570305379
0.0668                    0.001899670478171454
0.06686666666666667       0.0018332646846269758
0.06693333333333333       0.001675429234567743
0.067                     0.0014151683247361619
0.06706666666666666       0.0010533577296882868
0.06713333333333334       6.000561675486657E-4
0.06720000000000001       7.134252770741177E-5
0.06726666666666667       -5.133764330261889E-4
0.06733333333333334       -0.001132877436108314
0.0674                    -0.0017642987524875654
0.06746666666666667       -0.0023822923047611346
0.06753333333333333       -0.0029578747120327675
0.06760000000000001       -0.003457728450974593
0.06766666666666667       -0.003844670682715682
0.06773333333333334       -0.00407962567316225
0.0678                    -0.004125074268533633
0.06786666666666667       -0.003949555729587491
0.06793333333333333       -0.0035325604526755903
0.068                     -0.0028690527766369856
0.06806666666666666       -0.0019727719482034445
0.06813333333333334       -8.7779499993373E-4
0.0682                    3.620298006213628E-4
0.06826666666666667       0.0016758852960685124
0.06833333333333334       0.0029808149601404485
0.0684                    0.004188189694944482
0.06846666666666668       0.005211206815706996
0.06853333333333333       0.005972589813889219
0.06860000000000001       0.006411708139169674
0.06866666666666667       0.006490365297605212
0.06873333333333334       0.0061965466727717565
0.0688                    0.005545715389486689
0.06886666666666667       0.00457947151377224
0.06893333333333333       0.003361768447435819
0.069                     0.0019731731780876336
0.06906666666666667       5.037034369217089E-4
0.06913333333333334       -9.548086247657641E-4
0.0692                    -0.002316164640853038
0.06926666666666667       -0.003506286911523113
0.06933333333333333       -0.004468129338839879
0.0694                    -0.005164833828950157
0.06946666666666668       -0.005580894380378036
0.06953333333333334       -0.00572129706135736
0.06960000000000001       -0.005609016113269787
0.06966666666666667       -0.005281197945945538
0.06973333333333334       -0.004784456418397335
0.0698                    -0.004169766916535222
0.06986666666666667       -0.0034876004971850375
0.06993333333333333       -0.0027838061706951032
0.07                      -0.0020964760333299637
0.07006666666666667       -0.0014542056955038928
0.07013333333333334       -8.756556109381983E-4
0.0702                    -3.7038540064643783E-4
0.07026666666666667       5.930883316278384E-5
0.07033333333333333       4.1597305188098777E-4
0.0704                    7.043154372905309E-4
0.07046666666666666       9.286336627645561E-4
0.07053333333333334       0.001090769861968091
0.07060000000000001       0.0011889587040059268
0.07066666666666667       0.0012176639731758488
0.07073333333333334       0.001168595568742603
0.0708                    0.0010328554243852312
0.07086666666666668       8.039068824683244E-4
0.07093333333333333       4.8079345232019056E-4
0.07100000000000001       7.112473227047854E-5
0.07106666666666667       -4.068889068618704E-4
0.07113333333333334       -9.239899585596644E-4
0.0712                    -0.0014413456486251492
0.07126666666666667       -0.0019139698930442906
0.07133333333333333       -0.0022957979504448865
0.0714                    -0.002545574500870246
0.07146666666666666       -0.002632690181669134
0.07153333333333334       -0.002541879514375558
0.0716                    -0.002275830188479561
0.07166666666666667       -0.0018552386318333447
0.07173333333333334       -0.0013161254598974036
0.0718                    -7.048795613137862E-4
0.07186666666666668       -7.189925767866393E-5
0.07193333333333334       5.351340917583841E-4
0.07200000000000001       0.0010770926422152955
0.07206666666666667       0.00152736534185421
0.07213333333333334       0.0018735051405831026
0.0722                    0.002116405888675497
0.07226666666666667       0.0022673749436552706
0.07233333333333333       0.0023440120902915415
0.0724                    0.0023657715198798822
0.07246666666666667       0.0023501161575460662
0.07253333333333334       0.0023099528894258235
0.0726                    0.0022525938514333507
0.07266666666666667       0.0021801555099395607
0.07273333333333333       0.0020910231307005654
0.0728                    0.0019818074607218686
0.07286666666666668       0.0018492141792264122
0.07293333333333334       0.0016914515290409327
0.07300000000000001       0.0015089375531085981
0.07306666666666667       0.0013044483807439415
0.07313333333333334       0.001082830847455905
0.0732                    8.5061516550083E-4
0.07326666666666667       6.157511066143903E-4
0.07333333333333333       3.8745285173018393E-4
0.0734                    1.7614805703767796E-4
0.07346666666666667       -6.661920954579339E-6
0.07353333333333334       -1.4883597144104823E-4
0.0736                    -2.3844045846579736E-4
0.07366666666666667       -2.650338473568599E-4
0.07373333333333333       -2.212637863032376E-4
0.0738                    -1.0462830015547714E-4
0.07386666666666666       8.097223690128887E-5
0.07393333333333334       3.241685973569894E-4
0.07400000000000001       6.059048240646148E-4
0.07406666666666667       9.003167685407859E-4
0.07413333333333334       0.0011767527052702813
0.0742                    0.0014028439853483667
0.07426666666666668       0.0015482324345682103
0.07433333333333333       0.0015884447224939673
0.07440000000000001       0.0015083322740303208
0.07446666666666667       0.0013044892872970265
0.07453333333333334       9.862443951603312E-4
0.0746                    5.750176049052522E-4
0.07466666666666667       1.0219174733860062E-4
0.07473333333333333       -3.942377157867528E-4
0.0748                    -8.737731169765958E-4
0.07486666666666666       -0.0012976528557304007
0.07493333333333334       -0.0016327587027962392
0.075                     -0.0018548258365346836
0.07506666666666667       -0.001950565644969734
0.07513333333333334       -0.0019186029631572848
0.0752                    -0.0017692363471724093
0.07526666666666668       -0.0015229900779489141
0.07533333333333334       -0.001208154874173208
0.07540000000000001       -8.575081032736657E-4
0.07546666666666667       -5.045651968640203E-4
0.07553333333333334       -1.7983687016217474E-4
0.0756                    9.253484957018649E-5
0.07566666666666667       2.971912438694674E-4
0.07573333333333333       4.286340990802273E-4
0.0758                    4.907644593353885E-4
0.07586666666666667       4.949354882298324E-4
0.07593333333333334       4.5688855775202124E-4
0.076                     3.9325118996202946E-4
0.07606666666666667       3.1831724313983263E-4
0.07613333333333333       2.4175628753325253E-4
0.0762                    1.677743723401083E-4
0.07626666666666668       9.576376424565051E-5
0.07633333333333334       2.2207143711756728E-5
0.07640000000000001       -5.673575763536908E-5
0.07646666666666667       -1.4273559813423513E-4
0.07653333333333334       -2.3356257588602605E-4
0.0766                    -3.225724817289469E-4
0.07666666666666667       -3.9960560724676517E-4
0.07673333333333333       -4.530887347825158E-4
0.07680000000000001       -4.7285252702959743E-4
0.07686666666666667       -4.5300043935780053E-4
0.07693333333333334       -3.9414345295741584E-4
0.077                     -3.043539651956123E-4
0.07706666666666667       -1.9860342637492486E-4
0.07713333333333333       -9.668614103037931E-5
0.0772                    -2.0014258412769622E-5
0.07726666666666666       1.2090031304978769E-5
0.07733333333333334       -1.4196953753316151E-5
0.07740000000000001       -1.0480209927594004E-4
0.07746666666666667       -2.5680590009030245E-4
0.07753333333333334       -4.5916996336577896E-4
0.0776                    -6.948482142224049E-4
0.07766666666666668       -9.437817766760978E-4
0.07773333333333333       -0.001186083370927148
0.07780000000000001       -0.0014047008007764816
0.07786666666666667       -0.001587054562360908
0.07793333333333334       -0.0017253762881199901
0.078                     -0.0018159629857669084
0.07806666666666667       -0.001857719079662974
0.07813333333333333       -0.001850458264995653
0.0782                    -0.001793677184300927
0.07826666666666666       -0.00168618589388923
0.07833333333333334       -0.0015265801473735617
0.0784                    -0.0013144942618405016
0.07846666666666667       -0.001052226539916144
0.07853333333333334       -7.461864174379465E-4
0.0786                    -4.076950225191048E-4
0.07866666666666668       -5.2805370684766865E-5
0.07873333333333334       2.988395963956673E-4
0.07880000000000001       6.259987690450194E-4
0.07886666666666667       9.082578919613018E-4
0.07893333333333334       0.0011285086735509909
0.079                     0.0012750073264424617
0.07906666666666667       0.001342778152320534
0.07913333333333333       0.0013341448771265836
0.0792                    0.001258408955226724
0.07926666666666667       0.0011307966734211033
0.07933333333333334       9.708091137536729E-4
0.0794                    8.001782295580667E-4
0.07946666666666667       6.406352600046936E-4
0.07953333333333333       5.115736029648151E-4
0.0796                    4.277862619626551E-4
0.07966666666666668       3.974581464157942E-4
0.07973333333333334       4.20603895550952E-4
0.07980000000000001       4.882783653626506E-4
0.07986666666666667       5.829009773711173E-4
0.07993333333333334       6.799288295531789E-4
0.08                      7.509626403379326E-4
0.08006666666666667       7.680395546440894E-4
0.08013333333333333       7.086105761118233E-4
0.08020000000000001       5.603208421514585E-4
0.08026666666666667       3.2470324479688244E-4
0.08033333333333334       1.8894281031232542E-5
0.0804                    -3.252744085889739E-4
0.08046666666666667       -6.648738008852189E-4
0.08053333333333333       -9.516954999596167E-4
0.0806                    -0.0011393773647096867
0.08066666666666666       -0.0011905056621449499
0.08073333333333334       -0.0010823739397052962
0.08080000000000001       -8.104042521713731E-4
0.08086666666666667       -3.8866527589002193E-4
0.08093333333333334       1.5242697666578288E-4
0.081                     7.705747131974652E-4
0.08106666666666668       0.0014171061786608053
0.08113333333333334       0.002042428688862576
0.08120000000000001       0.0026005012556337393
0.08126666666666667       0.0030517547857016325
0.08133333333333334       0.003364553916841172
0.0814                    0.0035155911106043137
0.08146666666666667       0.0034898661453133593
0.08153333333333333       0.0032808841027032873
0.0816                    0.0028913200456792344
0.08166666666666667       0.002334125734005983
0.08173333333333334       0.001633567892265721
0.0818                    8.255833683786198E-4
0.08186666666666667       -4.32250972852881E-5
0.08193333333333334       -9.183458460029215E-4
0.082                     -0.0017417573432724637
0.08206666666666668       -0.00245748557902586
0.08213333333333334       -0.0030175209528981494
0.08220000000000001       -0.0033870424197700163
0.08226666666666667       -0.0035480974833122813
0.08233333333333334       -0.0035010881524962876
0.0824                    -0.003263927879743278
0.08246666666666667       -0.0028692055314492723
0.08253333333333333       -0.002359928240856299
0.0826                    -0.0017846767172718851
0.08266666666666667       -0.0011929043013459216
0.08273333333333334       -6.309295400009993E-4
0.0828                    -1.3879177892634368E-4
0.08286666666666667       2.519979842383271E-4
0.08293333333333333       5.199794608275764E-4
0.083                     6.547197184632891E-4
0.08306666666666668       6.573697386416965E-4
0.08313333333333334       5.406303770052126E-4
0.08320000000000001       3.2786075182509824E-4
0.08326666666666667       5.1167978829023646E-5
0.08333333333333334       -2.5167457016113284E-4
0.0834                    -5.41328109997826E-4
0.08346666666666668       -7.815815871044134E-4
0.08353333333333333       -9.439422753460419E-4
0.08360000000000001       -0.0010112552733447116
0.08366666666666667       -9.796466732111115E-4
0.08373333333333334       -8.58331311834403E-4
0.0838                    -6.672359931354339E-4
0.08386666666666667       -4.3291130658382415E-4
0.08393333333333333       -1.8353386650023123E-4
0.084                     5.59658192986927E-5
0.08406666666666666       2.6766493101604283E-4
0.08413333333333334       4.4260782865771593E-4
0.08420000000000001       5.8073515090375E-4
0.08426666666666667       6.889629450877412E-4
0.08433333333333334       7.78044153076525E-4
0.0844                    8.590251359587106E-4
0.08446666666666668       9.401047248572398E-4
0.08453333333333334       0.001024486729875207
0.08460000000000001       0.0011095007783016907
0.08466666666666667       0.0011869495456966644
0.08473333333333334       0.0012444088307137673
0.0848                    0.0012669761468154879
0.08486666666666667       0.0012391563415384064
0.08493333333333333       0.0011465954057012613
0.085                     9.775559794014464E-4
0.08506666666666667       7.242308728074512E-4
0.08513333333333334       3.8389746175828174E-4
0.0852                    -4.005847572093797E-5
0.08526666666666667       -5.372907482804015E-4
0.08533333333333334       -0.001090043421404866
0.0854                    -0.001673333364753769
0.08546666666666668       -0.002256064639928249
0.08553333333333334       -0.0028031500271306587
0.08560000000000001       -0.003278541942843451
0.08566666666666667       -0.003648832288140861
0.08573333333333334       -0.0038868554312592517
0.0858                    -0.003974770249512333
0.08586666666666667       -0.0039060259990107557
0.08593333333333333       -0.0036859312363398764
0.08600000000000001       -0.003330847149929748
0.08606666666666667       -0.002866116898635832
0.08613333333333334       -0.002323258712959404
0.0862                    -0.001736899524425658
0.08626666666666667       -0.0011419306527106808
0.08633333333333333       -5.711698053906171E-4
0.0864                    -5.367891991716964E-5
0.08646666666666666       3.863020414988008E-4
0.08653333333333334       7.299958647658619E-4
0.08660000000000001       9.645692054898693E-4
0.08666666666666667       0.0010835402645170689
0.08673333333333334       0.0010871554303985948
0.0868                    9.826956307873703E-4
0.08686666666666668       7.844648946327373E-4
0.08693333333333333       5.132710704436669E-4
0.08700000000000001       1.9517782829307878E-4
0.08706666666666667       -1.4043516309287114E-4
0.08713333333333334       -4.6346309402276977E-4
0.0872                    -7.459651701188145E-4
0.08726666666666667       -9.649763859880085E-4
0.08733333333333333       -0.0011048559457636797
0.0874                    -0.001158761433683909
0.08746666666666666       -0.001129031535058927
0.08753333333333334       -0.001026500858223209
0.0876                    -8.68721972577847E-4
0.08766666666666667       -6.774652507514334E-4
0.08773333333333334       -4.7576854278584226E-4
0.0878                    -2.8483254405168386E-4
0.08786666666666668       -1.2121680517269009E-4
0.08793333333333334       5.3365019491244E-6
0.08800000000000001       9.326098930054848E-5
0.08806666666666667       1.4942369643204778E-4
0.08813333333333334       1.8822946451389446E-4
0.0882                    2.2963016537967353E-4
0.08826666666666667       2.962100686720358E-4
0.08833333333333333       4.0963336897010996E-4
0.0884                    5.868628303198001E-4
0.08846666666666667       8.366970846859309E-4
0.08853333333333334       0.0011571281535837513
0.0886                    0.001533947441762743
0.08866666666666667       0.0019410196915627099
0.08873333333333333       0.0023424022275811206
0.0888                    0.0026960483519360423
0.08886666666666668       0.0029588612781551024
0.08893333333333334       0.0030923274596436666
0.08900000000000001       0.0030679672132604397
0.08906666666666667       0.002871852645722146
0.08913333333333334       0.0025073696966641224
0.0892                    0.001995798567524896
0.08926666666666667       0.00137454613398474
0.08933333333333333       6.932387634431227E-4
0.08940000000000001       8.177190583051744E-6
0.08946666666666667       -6.241137564827043E-4
0.08953333333333334       -0.0011532525576722736
0.0896                    -0.0015404245619160624
0.08966666666666667       -0.0017621563837075462
0.08973333333333333       -0.0018119374155783309
0.0898                    -0.001699504370872791
0.08986666666666666       -0.0014480938149902683
0.08993333333333334       -0.0010902374947013764
0.09000000000000001       -6.627949747221115E-4
0.09006666666666667       -2.0216223380814955E-4
0.09013333333333334       2.596159711874162E-4
0.0902                    6.972448676466369E-4
0.09026666666666668       0.0010928109091205092
0.09033333333333333       0.0014347918152522582
0.09040000000000001       0.001715847783578703
0.09046666666666667       0.0019300759349089975
0.09053333333333334       0.0020705165896708
0.0906                    0.002127621197499908
0.09066666666666667       0.002089179488113866
0.09073333333333333       0.0019417997592916856
0.0908                    0.0016737333946646405
0.09086666666666667       0.0012784486394733763
0.09093333333333334       7.580902512507656E-4
0.091                     1.2602004958003253E-4
0.09106666666666667       -5.922578297591268E-4
0.09113333333333334       -0.0013601247337646782
0.0912                    -0.002132831383138322
0.09126666666666668       -0.0028620201986856186
0.09133333333333334       -0.0035010254852330456
0.09140000000000001       -0.004010131475157463
0.09146666666666667       -0.004360886290669441
0.09153333333333334       -0.004538857521345982
0.0916                    -0.004544477587422499
0.09166666666666667       -0.00439190289650399
0.09173333333333333       -0.004106293933895918
0.0918                    -0.0037200133531139446
0.09186666666666667       -0.003268575188345634
0.09193333333333334       -0.0027867557319740835
0.092                     -0.0023055943893268704
0.09206666666666667       -0.0018504711154561776
0.09213333333333333       -0.001440323051960709
0.0922                    -0.0010877395935284977
0.09226666666666668       -7.996862046778775E-4
0.09233333333333334       -5.784354445775255E-4
0.09240000000000001       -4.2234909219237475E-4
0.09246666666666667       -3.2641697236193495E-4
0.09253333333333334       -2.8254336211830383E-4
0.0926                    -2.797399904990856E-4
0.09266666666666667       -3.045328418151118E-4
0.09273333333333333       -3.418052757087236E-4
0.09280000000000001       -3.762121766787739E-4
0.09286666666666667       -3.94045211858331E-4
0.09293333333333334       -3.8522603035044786E-4
0.093                     -3.449699993675145E-4
0.09306666666666667       -2.745928907713208E-4
0.09313333333333333       -1.810830071917735E-4
0.0932                    -7.53059850047486E-5
0.09326666666666666       3.080322361571375E-5
0.09333333333333334       1.2753249533349075E-4
0.09340000000000001       2.1034988178423824E-4
0.09346666666666667       2.816147898556665E-4
0.09353333333333334       3.505202531904126E-4
0.0936                    4.3110814630591246E-4
0.09366666666666668       5.386299901426985E-4
0.09373333333333334       6.850749598995139E-4
0.09380000000000001       8.749122834370399E-4
0.09386666666666667       0.0011021471537577992
0.09393333333333334       0.0013495667103248148
0.094                     0.0015905019648086566
0.09406666666666667       0.0017929521720641507
0.09413333333333333       0.0019252121520157044
0.0942                    0.001961821627516586
0.09426666666666667       0.0018885832664986642
0.09433333333333334       0.0017054954973550944
0.0944                    0.0014269719876420612
0.09446666666666667       0.0010794193143598163
0.09453333333333334       6.966773496689991E-4
0.0946                    3.1434759931961225E-4
0.09466666666666668       -3.567185880316311E-5
0.09473333333333334       -3.294475072135146E-4
0.09480000000000001       -5.53345242783857E-4
0.09486666666666667       -7.041386539080682E-4
0.09493333333333334       -7.872354203405288E-4
0.095                     -8.137139599197186E-4
0.09506666666666667       -7.969631047811932E-4
0.09513333333333333       -7.497450592032132E-4
0.0952                    -6.822929314624232E-4
0.09526666666666667       -6.016422054157234E-4
0.09533333333333334       -5.120387627707365E-4
0.0954                    -4.1612413434240106E-4
0.09546666666666667       -3.16344085149467E-4
0.09553333333333333       -2.1611295288983878E-4
0.0956                    -1.2044180738694895E-4
0.09566666666666668       -3.5885279570580824E-5
0.09573333333333334       3.0078116091877182E-5
0.09580000000000001       6.998741782109179E-5
0.09586666666666667       7.739593414813635E-5
0.09593333333333334       4.766585138545798E-5
0.096                     -2.1607495035333704E-5
0.09606666666666668       -1.3056800805945676E-4
0.09613333333333333       -2.7739197741119336E-4
0.09620000000000001       -4.5873466968679655E-4
0.09626666666666667       -6.701286273220411E-4
0.09633333333333334       -9.062362503475294E-4
0.0964                    -0.0011608294175507931
0.09646666666666667       -0.0014265105620814632
0.09653333333333333       -0.0016943309232234382
0.0966                    -0.001953459510472245
0.09666666666666666       -0.002191151465432575
0.09673333333333334       -0.002393242688133166
0.09680000000000001       -0.0025452548512615836
0.09686666666666667       -0.0026340450142295314
0.09693333333333334       -0.0026497795748022888
0.097                     -0.002587797299314004
0.09706666666666668       -0.002449922917339091
0.09713333333333334       -0.002244811379708923
0.09720000000000001       -0.0019870333445186797
0.09726666666666667       -0.001694878267769057
0.09733333333333334       -0.0013872480261712694
0.0974                    -0.001080209711709848
0.09746666666666667       -7.84003587726217E-4
0.09753333333333333       -5.012407827262695E-4
0.0976                    -2.2686751673553282E-4
0.09766666666666667       4.9965196012635756E-5
0.09773333333333334       3.4239589429209725E-4
0.0978                    6.614752660075632E-4
0.09786666666666667       0.00101188719809915
0.09793333333333334       0.001388836584877796
0.098                     0.0017770125369469707
0.09806666666666668       0.002152028404032955
0.09813333333333334       0.002484178779503474
0.09820000000000001       0.0027438482054724144
0.09826666666666667       0.0029074177145957947
0.09833333333333334       0.002962363292821325
0.0984                    0.0029103840665461924
0.09846666666666667       0.0027677427368381848
0.09853333333333333       0.002562720194244041
0.09860000000000001       0.0023306334713617195
0.09866666666666667       0.0021073918144863387
0.09873333333333334       0.0019229731137434451
0.0988                    0.0017961042019753503
0.09886666666666667       0.0017313222812775236
0.09893333333333333       0.0017188816564157605
0.099                     0.0017374834995000409
0.09906666666666668       0.0017592289323846882
0.09913333333333334       0.001755722502891261
0.09920000000000001       0.00170402682852
0.09926666666666667       0.0015912830578879667
0.09933333333333334       0.0014171037070739728
0.0994                    0.0011933718879635518
0.09946666666666668       9.415382586527043E-4
0.09953333333333333       6.881185578934563E-4
0.09960000000000001       4.5927372859576006E-4
0.09966666666666667       2.755833847913891E-4
0.09973333333333334       1.4806204070247567E-4
0.0998                    7.615034225566959E-5
0.09986666666666667       4.792187330447351E-5
0.09993333333333333       4.246560596444534E-5
0.1                       3.395732549576603E-5
0.10006666666666666       -3.4972848302809763E-6
0.10013333333333334       -9.113945074764522E-5
0.10020000000000001       -2.418857223416966E-4
0.10026666666666667       -4.583056568383025E-4
0.10033333333333334       -7.325932204436798E-4
0.1004                    -0.0010484305452197217
0.10046666666666668       -0.001384232327556954
0.10053333333333334       -0.0017170372526519573
0.10060000000000001       -0.0020262811852332493
0.10066666666666667       -0.002296723147782569
0.10073333333333334       -0.0025200367672368884
0.1008                    -0.0026948917657136917
0.10086666666666667       -0.002825721247623173
0.10093333333333333       -0.00292047168701314
0.101                     -0.002988014773179132
0.10106666666666667       -0.003035750472918153
0.10113333333333334       -0.003067795500660745
0.1012                    -0.0030841425311966585
0.10126666666666667       -0.003080743490360104
0.10133333333333334       -0.003050469811289356
0.1014                    -0.0029846104667880214
0.10146666666666668       -0.002874536412911346
0.10153333333333334       -0.002713331666130286
0.10160000000000001       -0.0024971226140713463
0.10166666666666667       -0.0022259089433086608
0.10173333333333334       -0.0019039271059087836
0.1018                    -0.0015395705570251895
0.10186666666666667       -0.0011448643635958433
0.10193333333333333       -7.345244879476153E-4
0.10200000000000001       -3.2478855148208543E-4
0.10206666666666667       6.795992465833054E-5
0.10213333333333334       4.286536243923295E-4
0.1022                    7.448165874498395E-4
0.10226666666666667       0.0010075192549265921
0.10233333333333333       0.0012118995297127045
0.1024                    0.0013570449485156972
0.10246666666666668       0.0014453182767073696
0.10253333333333334       0.0014812777920339543
0.10260000000000001       0.0014703839775533057
0.10266666666666667       0.0014178985416387708
0.10273333333333334       0.0013282748270564927
0.1028                    0.0012051639317248303
0.10286666666666668       0.001052163836832803
0.10293333333333334       8.740473690872582E-4
0.10300000000000001       6.781567353755237E-4
0.10306666666666667       4.7542426014283236E-4
0.10313333333333334       2.8060734397373523E-4
0.1032                    1.1143314399165467E-4
0.10326666666666667       -1.3400920054734214E-5
0.10333333333333333       -7.705799418125442E-5
0.1034                    -6.773017650210439E-5
0.10346666666666667       1.858470351670316E-5
0.10353333333333334       1.763299526198982E-4
0.10360000000000001       3.9020258163173613E-4
0.10366666666666667       6.366509187500924E-4
0.10373333333333334       8.869665504719776E-4
0.1038                    0.001111499709972682
0.10386666666666668       0.0012842144664878456
0.10393333333333334       0.0013867565520251026
0.10400000000000001       0.0014113810925314634
0.10406666666666667       0.001362206311359142
0.10413333333333334       0.001254463756385331
0.1042                    0.0011119910766585516
0.10426666666666667       9.633342314583177E-4
0.10433333333333333       8.37097286981029E-4
0.1044                    7.572493497998669E-4
0.10446666666666667       7.39230196743917E-4
0.10453333333333334       7.87354184117598E-4
0.1046                    8.939380551545093E-4
0.10466666666666667       0.001040305955729519
0.10473333333333334       0.001199522136280743
0.1048                    0.0013404486951633142
0.10486666666666668       0.0014324957334723037
0.10493333333333334       0.0014503751344119126
0.10500000000000001       0.001378073885392111
0.10506666666666667       0.001211385833672606
0.10513333333333334       9.586048030401939E-4
0.1052                    6.39261337570273E-4
0.10526666666666668       2.811052623795919E-4
0.10533333333333333       -8.413690347179699E-5
0.10540000000000001       -4.254496810832419E-4
0.10546666666666667       -7.168349626366622E-4
0.10553333333333334       -9.404950497600322E-4
0.1056                    -0.0010883929387021523
0.10566666666666667       -0.001162010612181173
0.10573333333333333       -0.0011704874207050754
0.1058                    -0.001127752815731443
0.10586666666666668       -0.001049275801051408
0.10593333333333334       -9.491698449262633E-4
0.10600000000000001       -8.382238179015425E-4
0.10606666666666667       -7.231771574319842E-4
0.10613333333333334       -6.071501769698583E-4
0.1062                    -4.909134452016308E-4
0.10626666666666668       -3.744721571610381E-4
0.10633333333333334       -2.5841401321276166E-4
0.10640000000000001       -1.4462624956370124E-4
0.10646666666666667       -3.6229967428460876E-5
0.10653333333333334       6.316959941334343E-5
0.1066                    1.506290304510353E-4
0.10666666666666667       2.249502000407889E-4
0.10673333333333333       2.8731257883079635E-4
0.1068                    3.4121080646470474E-4
0.10686666666666667       3.9162765292880626E-4
0.10693333333333334       4.436466798114662E-4
0.10700000000000001       5.008783280992737E-4
0.10706666666666667       5.641043692146643E-4
0.10713333333333334       6.305190327111632E-4
0.1072                    6.937780148851183E-4
0.10726666666666668       7.44933175155893E-4
0.10733333333333334       7.740651355841412E-4
0.10740000000000001       7.722907533976608E-4
0.10746666666666667       7.337321137758688E-4
0.10753333333333334       6.570629260610216E-4
0.1076                    5.463151207480293E-4
0.10766666666666667       4.107398473514387E-4
0.10773333333333333       2.637803565728693E-4
0.1078                    1.2130687621090778E-4
0.10786666666666667       -5.97843339824936E-7
0.10793333333333334       -8.79147191881202E-5
0.108                     -1.3069002195082317E-4
0.10806666666666667       -1.244849590875674E-4
0.10813333333333335       -7.106690575780632E-5
0.1082                    2.1772071984462232E-5
0.10826666666666668       1.4113331697164822E-4
0.10833333333333334       2.7053785967067455E-4
0.10840000000000001       3.9186131191225006E-4
0.10846666666666667       4.8739392010387615E-4
0.10853333333333334       5.417533953172656E-4
0.1086                    5.434667713975963E-4
0.10866666666666668       4.8607737699057907E-4
0.10873333333333333       3.6869605761379574E-4
0.10880000000000001       1.9597895824028036E-4
0.10886666666666667       -2.2417762920667907E-5
0.10893333333333334       -2.728316388898887E-4
0.109                     -5.388960998971015E-4
0.10906666666666667       -8.029928789115869E-4
0.10913333333333333       -0.001047721450539449
0.1092                    -0.0012572370514345283
0.10926666666666668       -0.0014183173323265063
0.10933333333333334       -0.0015211082421816313
0.10940000000000001       -0.0015595076659407753
0.10946666666666667       -0.0015311711378252278
0.10953333333333334       -0.0014372981117608456
0.1096                    -0.001282206597702148
0.10966666666666668       -0.0010727988556027412
0.10973333333333334       -8.180317818187177E-4
0.10980000000000001       -5.284362571099057E-4
0.10986666666666667       -2.1567569806043495E-4
0.10993333333333334       1.0780149358862003E-4
0.11                      4.291298582057397E-4
0.11006666666666667       7.353345841133537E-4
0.11013333333333333       0.0010137368539849727
0.1102                    0.0012525028880470647
0.11026666666666667       0.0014412689354055775
0.11033333333333334       0.001571872634275888
0.11040000000000001       0.0016391312416929465
0.11046666666666667       0.0016415267690228154
0.11053333333333334       0.0015816041313183422
0.1106                    0.0014660018675315839
0.11066666666666668       0.0013050399272917556
0.11073333333333334       0.0011117956198107165
0.11080000000000001       9.007788231918731E-4
0.11086666666666667       6.86393661173777E-4
0.11093333333333334       4.814616471636467E-4
0.111                     2.960142312356486E-4
0.11106666666666667       1.3660640308024515E-4
0.11113333333333333       6.297179897256548E-6
0.11120000000000001       -9.472350267550111E-5
0.11126666666666667       -1.6802089521661398E-4
0.11133333333333334       -2.1560448490513055E-4
0.1114                    -2.3871749279071362E-4
0.11146666666666667       -2.3703164893399493E-4
0.11153333333333335       -2.0850850705755875E-4
0.1116                    -1.4994815193439045E-4
0.11166666666666668       -5.8113442019720614E-5
0.11173333333333334       6.879967566839278E-5
0.11180000000000001       2.297018391590637E-4
0.11186666666666667       4.195414154450051E-4
0.11193333333333334       6.289264845411078E-4
0.112                     8.4457429833352E-4
0.11206666666666668       0.0010505804944281967
0.11213333333333333       0.001230281809022507
0.11220000000000001       0.0013683539448091043
0.11226666666666667       0.00145271643011186
0.11233333333333334       0.0014758058107243134
0.1124                    0.0014350307129251843
0.11246666666666667       0.0013323037688118906
0.11253333333333333       0.0011728147465664034
0.1126                    9.63436943353512E-4
0.11266666666666668       7.112165868210678E-4
0.11273333333333334       4.2240847743904363E-4
0.11280000000000001       1.0235482225722919E-4
0.11286666666666667       -2.4370591283793776E-4
0.11293333333333334       -6.090958105722585E-4
0.113                     -9.838229609438432E-4
0.11306666666666668       -0.0013529791075807924
0.11313333333333334       -0.0016960180901850646
0.11320000000000001       -0.0019873383526618662
0.11326666666666667       -0.0021983769435722092
0.11333333333333334       -0.0023010953490693983
0.1134                    -0.002272370566900533
0.11346666666666667       -0.002098505080749209
0.11353333333333333       -0.001779058133251965
0.1136                    -0.00132910509665425
0.11366666666666667       -7.793448413184916E-4
0.11373333333333334       -1.737898508928573E-4
0.11380000000000001       4.3475972331809596E-4
0.11386666666666667       9.909160838175851E-4
0.11393333333333334       0.001443641484141923
0.114                     0.001752864985834234
0.11406666666666668       0.0018947604112327099
0.11413333333333334       0.0018647929850535898
0.11420000000000001       0.0016781040601647245
0.11426666666666667       0.0013672200058443616
0.11433333333333334       9.77412692289083E-4
0.1144                    5.605109282231962E-4
0.11446666666666667       1.681296243287552E-4
0.11453333333333333       -1.5470140351681033E-4
0.11460000000000001       -3.7457259559932235E-4
0.11466666666666667       -4.727999341692059E-4
0.11473333333333334       -4.462965018599509E-4
0.1148                    -3.062601519139627E-4
0.11486666666666667       -7.508473264841504E-5
0.11493333333333335       2.179136102383312E-4
0.115                     5.412133692656285E-4
0.11506666666666668       8.655236496661718E-4
0.11513333333333334       0.0011672609924482037
0.11520000000000001       0.0014306387926738423
0.11526666666666667       0.001648147469565559
0.11533333333333334       0.00181939779744985
0.1154                    0.0019487177397912512
0.11546666666666668       0.002042010990687861
0.11553333333333334       0.0021035196080517312
0.11560000000000001       0.002133223944558547
0.11566666666666667       0.002125461818650365
0.11573333333333334       0.002069139629244231
0.1158                    0.0019496396237697739
0.11586666666666667       0.0017520748616124575
0.11593333333333333       0.0014653353629490505
0.116                     0.0010860936062482114
0.11606666666666668       6.21891871560365E-4
0.11613333333333334       9.251692245015875E-5
0.11620000000000001       -4.7073076823905396E-4
0.11626666666666667       -0.001027972235953292
0.11633333333333334       -0.0015354637781946133
0.1164                    -0.0019513041658613544
0.11646666666666668       -0.0022411280078813434
0.11653333333333334       -0.002382734074042394
0.11660000000000001       -0.0023688584512386182
0.11666666666666667       -0.002207600511610508
0.11673333333333334       -0.001920514135585668
0.1168                    -0.0015388547550313748
0.11686666666666667       -0.0010988036072096573
0.11693333333333333       -6.366133076461175E-4
0.117                     -1.8460889539430637E-4
0.11706666666666667       2.3141244309954343E-4
0.11713333333333334       5.930828964875008E-4
0.11720000000000001       8.888150645921436E-4
0.11726666666666667       0.0011121486985267927
0.11733333333333335       0.0012597389062508368
0.1174                    0.001329694592501395
0.11746666666666668       0.0013206630425814253
0.11753333333333334       0.0012319283783794022
0.11760000000000001       0.001064375419026384
0.11766666666666667       8.219111366018367E-4
0.11773333333333334       5.128066068909203E-4
0.1178                    1.5048740001825185E-4
0.11786666666666668       -2.4661658132502524E-4
0.11793333333333333       -6.562341138935433E-4
0.11800000000000001       -0.0010542597827644874
0.11806666666666667       -0.0014172724555604733
0.11813333333333334       -0.0017250372687927806
0.1182                    -0.001962532029630473
0.11826666666666667       -0.0021211610068208897
0.11833333333333335       -0.0021989972133619282
0.1184                    -0.002200093218841805
0.11846666666666668       -0.0021331247945244494
0.11853333333333334       -0.002009660381680498
0.11860000000000001       -0.0018424396940435355
0.11866666666666667       -0.0016439036654236799
0.11873333333333334       -0.0014250853430264844
0.1188                    -0.0011949718643266421
0.11886666666666668       -9.602180776150468E-4
0.11893333333333334       -7.250633341475175E-4
0.11900000000000001       -4.914354313558971E-4
0.11906666666666667       -2.5922347692987666E-4
0.11913333333333334       -2.666053205757636E-5
0.1192                    2.0908163815665131E-4
0.11926666666666667       4.510166573499401E-4
0.11933333333333333       7.012438996193501E-4
0.1194                    9.597618907439307E-4
0.11946666666666667       0.001223417822844707
0.11953333333333334       0.0014852221356704831
0.11960000000000001       0.00173435683021895
0.11966666666666667       0.001956951222382486
0.11973333333333334       0.0021375837341810647
0.1198                    0.002261329495992798
0.11986666666666668       0.002315958137982167
0.11993333333333334       0.002293804776854813
0.12000000000000001       0.002192897551979583
0.12006666666666667       0.0020171271171420813
0.12013333333333334       0.001775417141079043
0.1202                    0.0014801621526623
0.12026666666666667       0.0011452843363468463
0.12033333333333333       7.845022281309447E-4
0.12040000000000001       4.1023793948205333E-4
0.12046666666666667       3.333462756507708E-5
0.12053333333333334       -3.363610594533384E-4
0.1206                    -6.888741761660919E-4
0.12066666666666667       -0.001012950437143445
0.12073333333333335       -0.0012953659707608705
0.1208                    -0.0015211177210753353
0.12086666666666668       -0.0016746451863302635
0.12093333333333334       -0.0017418784958023864
0.12100000000000001       -0.0017126981894342373
0.12106666666666667       -0.0015831676025230151
0.12113333333333334       -0.0013569357778088977
0.1212                    -0.0010453668969253509
0.12126666666666668       -6.663161307537499E-4
0.12133333333333333       -2.4180621795284634E-4
0.12140000000000001       2.0484309397243827E-4
0.12146666666666667       6.517433816602883E-4
0.12153333333333334       0.001080354075663938
0.1216                    0.001476186448529076
0.12166666666666667       0.0018282329860644846
0.12173333333333333       0.002127526247372421
0.1218                    0.00236540398775385
0.12186666666666668       0.0025322249051756584
0.12193333333333334       0.0026172153705444475
0.12200000000000001       0.0026096041994885756
0.12206666666666667       0.0025009817730348846
0.12213333333333334       0.002288339176000311
0.1222                    0.0019768479889115463
0.12226666666666668       0.001581560605420516
0.12233333333333334       0.001127385503003517
0.12240000000000001       6.469465241445085E-4
0.12246666666666667       1.7666172621270216E-4
0.12253333333333334       -2.482715174734879E-4
0.1226                    -5.99008391593368E-4
0.12266666666666667       -8.572320713518331E-4
0.12273333333333333       -0.0010174744753525234
0.1228                    -0.0010871347398138964
0.12286666666666667       -0.0010842467846277242
0.12293333333333334       -0.0010335258199260212
0.12300000000000001       -9.616015013307333E-4
0.12306666666666667       -8.924563366095894E-4
0.12313333333333334       -8.439251262014016E-4
0.1232                    -8.259135244700771E-4
0.12326666666666668       -8.404842340566504E-4
0.12333333333333334       -8.834917232609139E-4
0.12340000000000001       -9.472126279993412E-4
0.12346666666666667       -0.0010231717337424366
0.12353333333333334       -0.0011044065736664028
0.1236                    -0.001186697672192867
0.12366666666666667       -0.0012685336942712849
0.12373333333333333       -0.0013499387020531755
0.12380000000000001       -0.0014306548848533286
0.12386666666666667       -0.0015082612741165436
0.12393333333333334       -0.0015768093021156697
0.124                     -0.0016264683441617168
0.12406666666666667       -0.0016443820249360914
0.12413333333333335       -0.0016165918070608033
0.1242                    -0.0015306646550575702
0.12426666666666668       -0.0013785138905334931
0.12433333333333334       -0.0011586953321686732
0.12440000000000001       -8.777506322635767E-4
0.12446666666666667       -5.502986135140348E-4
0.12453333333333334       -1.9773838777417468E-4
0.1246                    1.5413490025541527E-4
0.12466666666666668       4.781791324673507E-4
0.12473333333333333       7.49148842609989E-4
0.12480000000000001       9.465930096876735E-4
0.12486666666666667       0.001056953163172763
0.12493333333333334       0.0010746751079120887
0.125                     0.0010022934965001275
0.12506666666666666       8.49554662216598E-4
0.12513333333333335       6.319049190586576E-4
0.1252                    3.685578502392253E-4
0.12526666666666667       8.047232796133569E-5
0.12533333333333335       -2.1152704497441076E-4
0.1254                    -4.883852290311971E-4
0.12546666666666667       -7.340733875305607E-4
0.12553333333333333       -9.364311453492309E-4
0.12560000000000002       -0.0010876129963435233
0.12566666666666668       -0.00118409184506163
0.12573333333333334       -0.0012262761055563504
0.1258                    -0.0012177704842402958
0.12586666666666668       -0.0011643755446689634
0.12593333333333334       -0.0010729611161738061
0.126                     -9.504114367211094E-4
0.12606666666666666       -8.028866499304199E-4
0.12613333333333335       -6.355199170334694E-4
0.1262                    -4.526642710865977E-4
0.12626666666666667       -2.5865723504326667E-4
0.12633333333333335       -5.885822107442298E-5
0.1264                    1.3931258749485444E-4
0.12646666666666667       3.2575834484305233E-4
0.12653333333333333       4.8784486492737557E-4
0.12660000000000002       6.114679720037832E-4
0.12666666666666668       6.830396036653278E-4
0.12673333333333334       6.920548308139237E-4
0.1268                    6.337411849437138E-4
0.12686666666666668       5.11200518723434E-4
0.12693333333333334       3.3638574621783424E-4
0.127                     1.295334250943807E-4
0.12706666666666666       -8.302828931706384E-5
0.12713333333333335       -2.724640776600259E-4
0.1272                    -4.118023039504456E-4
0.12726666666666667       -4.802552542129818E-4
0.12733333333333333       -4.666301168841668E-4
0.1274                    -3.711841272888705E-4
0.12746666666666667       -2.055082351524526E-4
0.12753333333333333       9.554923088636813E-6
0.12760000000000002       2.474833599990234E-4
0.12766666666666668       4.8043230176867487E-4
0.12773333333333334       6.834908227364605E-4
0.1278                    8.380133143733614E-4
0.12786666666666668       9.334690380805674E-4
0.12793333333333334       9.675496145903778E-4
0.128                     9.447175230329427E-4
0.12806666666666666       8.736767183738545E-4
0.12813333333333335       7.644434181901698E-4
0.1282                    6.257608429922794E-4
0.12826666666666667       4.634408631738132E-4
0.12833333333333333       2.7993409066067007E-4
0.12840000000000001       7.517708469934475E-5
0.12846666666666667       -1.5161411283770576E-4
0.12853333333333333       -3.9971605292521417E-4
0.12860000000000002       -6.648192446356496E-4
0.12866666666666668       -9.376301224200198E-4
0.12873333333333334       -0.0012035274412482977
0.1288                    -0.001443401390973192
0.12886666666666668       -0.0016355578017492706
0.12893333333333334       -0.0017583728364955347
0.129                     -0.0017932338075927244
0.12906666666666666       -0.001727335078892513
0.12913333333333335       -0.001555920050192911
0.1292                    -0.001283617878261094
0.12926666666666667       -9.248101918134266E-4
0.12933333333333333       -5.029102635140029E-4
0.12940000000000002       -4.8624792795565633E-5
0.12946666666666667       4.026107019923914E-4
0.12953333333333333       8.138348191725806E-4
0.1296                    0.0011501650487144406
0.12966666666666668       0.0013824585475958884
0.12973333333333334       0.0014906366525862652
0.1298                    0.0014662705585718728
0.12986666666666669       0.0013140139546102057
0.12993333333333335       0.0010515560413925694
0.13                      7.079610569724956E-4
0.13006666666666666       3.2044227835005865E-4
0.13013333333333335       -7.01095761122325E-5
0.1302                    -4.241967802115071E-4
0.13026666666666667       -7.086820125830575E-4
0.13033333333333333       -9.008470000340962E-4
0.13040000000000002       -9.908664819354622E-4
0.13046666666666668       -9.822625613126617E-4
0.13053333333333333       -8.90317946099318E-4
0.1306                    -7.387621601362928E-4
0.13066666666666668       -5.553715275779653E-4
0.13073333333333334       -3.6734685552521393E-4
0.1308                    -1.972926978711397E-4
0.1308666666666667        -6.0502596030486405E-5
0.13093333333333335       3.6056123253029685E-5
0.131                     9.30459973460529E-5
0.13106666666666666       1.1672932977000109E-4
0.13113333333333335       1.1618119998064895E-4
0.1312                    1.0045958165742028E-4
0.13126666666666667       7.640064555184486E-5
0.13133333333333333       4.743409814322008E-5
0.13140000000000002       1.3582804723018151E-5
0.13146666666666668       -2.753721974631146E-5
0.13153333333333334       -7.91074615755441E-5
0.1316                    -1.4339822519104928E-4
0.13166666666666668       -2.204494521720335E-4
0.13173333333333334       -3.0746741574078513E-4
0.1318                    -3.990544724869184E-4
0.13186666666666666       -4.88167143955182E-4
0.13193333333333335       -5.674765785582936E-4
0.132                     -6.307654145460289E-4
0.13206666666666667       -6.740112977030759E-4
0.13213333333333335       -6.958521665253032E-4
0.1322                    -6.974169944162265E-4
0.13226666666666667       -6.816136659696125E-4
0.13233333333333333       -6.52091926895082E-4
0.13240000000000002       -6.122603685630915E-4
0.13246666666666668       -5.646429647010966E-4
0.13253333333333334       -5.107743087976885E-4
0.1326                    -4.5165362154456E-4
0.13266666666666668       -3.886442741182131E-4
0.13273333333333334       -3.2449134092670505E-4
0.1328                    -2.641270828182594E-4
0.13286666666666666       -2.1492976408738358E-4
0.13293333333333335       -1.8619265756569803E-4
0.133                     -1.877501602463711E-4
0.13306666666666667       -2.2794771099982498E-4
0.13313333333333335       -3.113013954134658E-4
0.1332                    -4.363439388376159E-4
0.13326666666666667       -5.941934829864365E-4
0.13333333333333333       -7.68298419783465E-4
0.13340000000000002       -9.356319026734966E-4
0.13346666666666668       -0.0010693205851846589
0.13353333333333334       -0.0011424190866259427
0.1336                    -0.0011322790121014875
0.13366666666666668       -0.0010247394764939179
0.13373333333333334       -8.173647667997732E-4
0.1338                    -5.210393126337574E-4
0.13386666666666666       -1.5948106962381504E-4
0.13393333333333335       2.3334480479556636E-4
0.134                     6.176087302334893E-4
0.13406666666666667       9.531249189212059E-4
0.13413333333333333       0.0012050207766990822
0.1342                    0.0013485797233163165
0.13426666666666667       0.001372453286491621
0.13433333333333333       0.0012796484381676866
0.13440000000000002       0.0010861812356429605
0.13446666666666668       8.177070032196263E-4
0.13453333333333334       5.048410765504321E-4
0.1346                    1.7807458005755997E-4
0.13466666666666668       -1.3671274176046538E-4
0.13473333333333334       -4.2134762490884616E-4
0.1348                    -6.665988655116123E-4
0.13486666666666666       -8.714520103799609E-4
0.13493333333333335       -0.0010407725035642774
0.135                     -0.0011819857709969466
0.13506666666666667       -0.001301546563179447
0.13513333333333333       -0.001402039770395137
0.13520000000000001       -0.0014804806873703806
0.13526666666666667       -0.001528165209142921
0.13533333333333333       -0.0015320897039670784
0.13540000000000002       -0.0014776077049856002
0.13546666666666668       -0.0013517831953672262
0.13553333333333334       -0.0011468181082119162
0.1356                    -8.628337326137206E-4
0.13566666666666669       -5.094998722107938E-4
0.13573333333333334       -1.0618988688712797E-4
0.1358                    3.194748715031892E-4
0.13586666666666666       7.344753271004615E-4
0.13593333333333335       0.0011041944559950095
0.136                     0.0013966275459656923
0.13606666666666667       0.0015863294740064214
0.13613333333333333       0.0016575133508572786
0.13620000000000002       0.0016057727536043296
0.13626666666666667       0.001438214376461334
0.13633333333333333       0.0011720737361779006
0.1364                    8.320131343610298E-4
0.13646666666666668       4.4663263654981094E-4
0.13653333333333334       4.4834822731970176E-5
0.1366                    -3.4735216580044763E-4
0.1366666666666667        -7.090251288340929E-4
0.13673333333333335       -0.0010254386982593972
0.1368                    -0.0012878289965626139
0.13686666666666666       -0.0014922626432962716
0.13693333333333335       -0.0016379278878538082
0.137                     -0.0017253655868654067
0.13706666666666667       -0.0017551068852369029
0.13713333333333333       -0.001727027814083088
0.13720000000000002       -0.0016405110184748012
0.13726666666666668       -0.0014953728398093237
0.13733333333333334       -0.0012931702479433555
0.1374                    -0.0010385546976557146
0.13746666666666668       -7.402747108314473E-4
0.13753333333333334       -4.1147224412550434E-4
0.1376                    -6.91522517837047E-5
0.13766666666666666       2.671420370461419E-4
0.13773333333333335       5.772406248769795E-4
0.1378                    8.424777770414948E-4
0.13786666666666667       0.001047695588427954
0.13793333333333335       0.0011827411900202816
0.138                     0.0012432274928029913
0.13806666666666667       0.0012304803419213456
0.13813333333333333       0.0011507715770186712
0.13820000000000002       0.0010140163044875057
0.13826666666666668       8.322511633965545E-4
0.13833333333333334       6.18161320184859E-4
0.1384                    3.839501531239456E-4
0.13846666666666668       1.407028853114193E-4
0.13853333333333334       -1.0176763344833699E-4
0.1386                    -3.3466040846318577E-4
0.13866666666666666       -5.496875629223024E-4
0.13873333333333335       -7.386016637051048E-4
0.1388                    -8.929621499891465E-4
0.13886666666666667       -0.001004312259073441
0.13893333333333335       -0.0010648089720724295
0.139                     -0.001068270921957894
0.13906666666666667       -0.001011479829545491
0.13913333333333333       -8.954209893440398E-4
0.13920000000000002       -7.262295649315303E-4
0.13926666666666668       -5.155389931482765E-4
0.13933333333333334       -2.800339593355042E-4
0.1394                    -4.0175575822314195E-5
0.13946666666666668       1.817616822126393E-4
0.13953333333333334       3.6412216230438877E-4
0.1396                    4.883726942352951E-4
0.13966666666666666       5.412848908095979E-4
0.13973333333333335       5.164417245676025E-4
0.1398                    4.1481882978517277E-4
0.13986666666666667       2.4437433435545804E-4
0.13993333333333333       1.8784475427170168E-5
0.14                      -2.4443354945665656E-4
0.14006666666666667       -5.260485699042105E-4
0.14013333333333333       -8.07109582148349E-4
0.14020000000000002       -0.0010705167750039925
0.14026666666666668       -0.0013020127349031658
0.14033333333333334       -0.001490548190374214
0.1404                    -0.001628146744154107
0.14046666666666668       -0.0017094778282066376
0.14053333333333334       -0.0017313717667443247
0.1406                    -0.0016925038340000005
0.14066666666666666       -0.001593325228895992
0.14073333333333335       -0.0014362662018706591
0.1408                    -0.0012261229432904376
0.14086666666666667       -9.704717376735061E-4
0.14093333333333333       -6.79886479002352E-4
0.14100000000000001       -3.6785496027173044E-4
0.14106666666666667       -5.024535760010344E-5
0.14113333333333333       2.556262972155729E-4
0.14120000000000002       5.32240935941585E-4
0.14126666666666668       7.633275280778224E-4
0.14133333333333334       9.35277480703707E-4
0.1414                    0.001038346453032528
0.14146666666666668       0.001067491937786914
0.14153333333333334       0.001022760120507043
0.1416                    9.091768476467293E-4
0.14166666666666666       7.361845995406979E-4
0.14173333333333335       5.16695874886444E-4
0.1418                    2.6587567005593044E-4
0.14186666666666667       -1.976833389632662E-7
0.14193333333333333       -2.658347411152835E-4
0.14200000000000002       -5.168840647316896E-4
0.14206666666666667       -7.416333134572667E-4
0.14213333333333333       -9.313287334337544E-4
0.1422                    -0.0010803278643064774
0.14226666666666668       -0.0011858932154539686
0.14233333333333334       -0.0012476771774415213
0.1424                    -0.001267023590536645
0.14246666666666669       -0.001246229785745247
0.14253333333333335       -0.001187892679948933
0.1426                    -0.0010944708841494643
0.14266666666666666       -9.681049425405666E-4
0.14273333333333335       -8.107120229396969E-4
0.1428                    -6.243117386475205E-4
0.14286666666666667       -4.1144577419170394E-4
0.14293333333333333       -1.756266165802327E-4
0.14300000000000002       7.829393591516867E-5
0.14306666666666668       3.4394761314615607E-4
0.14313333333333333       6.1344863094676E-4
0.1432                    8.775261812843382E-4
0.14326666666666668       0.0011257974323458397
0.14333333333333334       0.0013470998293576906
0.1434                    0.0015298697354200368
0.1434666666666667        0.0016626220939752574
0.14353333333333335       0.0017345566302537918
0.1436                    0.001736324589448766
0.14366666666666666       0.0016609926645357448
0.14373333333333335       0.0015051390420502196
0.1438                    0.0012699254349662135
0.14386666666666667       9.619535681290122E-4
0.14393333333333333       5.936589239774129E-4
0.14400000000000002       1.8303412014994628E-4
0.14406666666666668       -2.4747615344285104E-4
0.14413333333333334       -6.72809110255912E-4
0.1442                    -0.0010676786903506862
0.14426666666666668       -0.001409195587397195
0.14433333333333334       -0.0016792661940249114
0.1444                    -0.0018663477698842494
0.14446666666666666       -0.001966228341468825
0.14453333333333335       -0.0019817583155460083
0.1446                    -0.0019215965159953786
0.14466666666666667       -0.0017982848221436143
0.14473333333333335       -0.0016260837034608882
0.1448                    -0.0014190459937358706
0.14486666666666667       -0.001189675920893653
0.14493333333333333       -9.484007000887337E-4
0.14500000000000002       -7.037957458613584E-4
0.14506666666666668       -4.6338861955938715E-4
0.14513333333333334       -2.3464040994160593E-4
0.1452                    -2.5707704130931817E-5
0.14526666666666668       1.5428534355193662E-4
0.14533333333333334       2.956608984207448E-4
0.1454                    3.89217799798084E-4
0.14546666666666666       4.2766888509504497E-4
0.14553333333333335       4.071344334918719E-4
0.1456                    3.2830814038439153E-4
0.14566666666666667       1.9699948069711143E-4
0.14573333333333335       2.387651462553406E-5
0.1458                    -1.765488598791238E-4
0.14586666666666667       -3.8750175959788833E-4
0.14593333333333333       -5.918110814841035E-4
0.14600000000000002       -7.73734507115128E-4
0.14606666666666668       -9.204528245251053E-4
0.14613333333333334       -0.0010230186431167217
0.1462                    -0.0010767283025555885
0.14626666666666668       -0.0010809993837028742
0.14633333333333334       -0.001038862334098667
0.1464                    -9.562551097657818E-4
0.14646666666666666       -8.412981741667653E-4
0.14653333333333335       -7.03637353860988E-4
0.1466                    -5.538891799425563E-4
0.14666666666666667       -4.0309872285713657E-4
0.14673333333333333       -2.6215667290111573E-4
0.1468                    -1.4112000924517188E-4
0.14686666666666667       -4.837834295848065E-5
0.14693333333333333       1.0235180962599046E-5
0.14700000000000002       3.225580418914499E-5
0.14706666666666668       1.912575554832491E-5
0.14713333333333334       -2.3706548185705664E-5
0.1472                    -8.730388239760384E-5
0.14726666666666668       -1.603642678953922E-4
0.14733333333333334       -2.3084076999041898E-4
0.1474                    -2.878323609295946E-4
0.14746666666666666       -3.233713594874224E-4
0.14753333333333335       -3.3373224701230915E-4
0.1476                    -3.199703261578599E-4
0.14766666666666667       -2.875210271807961E-4
0.14773333333333333       -2.4487261040261586E-4
0.14780000000000001       -2.0155329044567994E-4
0.14786666666666667       -1.658424298511818E-4
0.14793333333333333       -1.4269242987771018E-4
0.14800000000000002       -1.3233602882022611E-4
0.14806666666666668       -1.299430615080592E-4
0.14813333333333334       -1.264747524356398E-4
0.1482                    -1.1059775435849308E-4
0.14826666666666669       -7.132899442624945E-5
0.14833333333333334       -8.708569706728743E-7
0.1484                    1.0298796797332427E-4
0.14846666666666666       2.354003008804284E-4
0.14853333333333335       3.8432853314309166E-4
0.1486                    5.318423500284553E-4
0.14866666666666667       6.566778510414923E-4
0.14873333333333333       7.376305741043045E-4
0.14880000000000002       7.571675053511101E-4
0.14886666666666667       7.046328347104674E-4
0.14893333333333333       5.78456455304359E-4
0.149                     3.8692497316962824E-4
0.14906666666666668       1.4737335620268894E-4
0.14913333333333334       -1.1605557805383936E-4
0.1492                    -3.7577040180062444E-4
0.1492666666666667        -6.046400566657002E-4
0.14933333333333335       -7.798389907783041E-4
0.1494                    -8.860419822247842E-4
0.14946666666666666       -9.174769242795614E-4
0.14953333333333335       -8.785377229707172E-4
0.1496                    -7.829104590480431E-4
0.14966666666666667       -6.51341636862176E-4
0.14973333333333333       -5.08425320731476E-4
0.14980000000000002       -3.7887738905667973E-4
0.14986666666666668       -2.838429209077731E-4
0.14993333333333334       -2.3782107578321866E-4
0.15                      -2.466617420745584E-4
0.15006666666666668       -3.06907665127745E-4
0.15013333333333334       -4.0662731155932235E-4
0.1502                    -5.275966384663031E-4
0.1502666666666667        -6.484261516911479E-4
0.15033333333333335       -7.4817651273826E-4
0.1504                    -8.098490249652129E-4
0.15046666666666667       -8.231347489457291E-4
0.15053333333333335       -7.859505466722811E-4
0.1506                    -7.04532610073399E-4
0.15066666666666667       -5.920780352495897E-4
0.15073333333333333       -4.661870334530249E-4
0.15080000000000002       -3.456126074664868E-4
0.15086666666666668       -2.469141651930001E-4
0.15093333333333334       -1.8167295358860152E-4
0.151                     -1.547387767529402E-4
0.15106666666666668       -1.6379102845138946E-4
0.15113333333333334       -2.0029619078671274E-4
0.1512                    -2.5158553482749715E-4
0.15126666666666666       -3.035708785039158E-4
0.15133333333333335       -3.435706916766671E-4
0.1514                    -3.6266986101579206E-4
0.15146666666666667       -3.5715314487998304E-4
0.15153333333333335       -3.2881041093227954E-4
0.1516                    -2.841038009277187E-4
0.15166666666666667       -2.3243736415259683E-4
0.15173333333333333       -1.8395962587629372E-4
0.15180000000000002       -1.4739107315947948E-4
0.15186666666666668       -1.2832668345743936E-4
0.15193333333333334       -1.283273735540346E-4
0.152                     -1.449420563473653E-4
0.15206666666666668       -1.7262708906155938E-4
0.15213333333333334       -2.042467044352984E-4
0.1522                    -2.3282484023813877E-4
0.15226666666666666       -2.53156659220202E-4
0.15233333333333335       -2.629409696405324E-4
0.1524                    -2.632132370938332E-4
0.15246666666666667       -2.580299724985917E-4
0.15253333333333335       -2.5351625943305687E-4
0.1526                    -2.565153845353052E-4
0.15266666666666667       -2.7310431939370645E-4
0.15273333333333333       -3.0727960312595736E-4
0.15280000000000002       -3.600852416219333E-4
0.15286666666666668       -4.293002018060249E-4
0.15293333333333334       -5.097010557969603E-4
0.153                     -5.938385214764052E-4
0.15306666666666668       -6.731431550668696E-4
0.15313333333333334       -7.3913666822661E-4
0.1532                    -7.845371057136127E-4
0.15326666666666666       -8.040221224431521E-4
0.15333333333333335       -7.945823689134648E-4
0.1534                    -7.554413392566717E-4
0.15346666666666667       -6.875690999619949E-4
0.15353333333333333       -5.929821367877034E-4
0.15360000000000001       -4.74052685044276E-4
0.15366666666666667       -3.3297528884409426E-4
0.15373333333333333       -1.7157532140397682E-4
0.15380000000000002       8.440998866577645E-6
0.15386666666666668       2.0485246596553436E-4
0.15393333333333334       4.1405964069641556E-4
0.154                     6.301812335060766E-4
0.15406666666666669       8.444303082517133E-4
0.15413333333333334       0.001044974684751091
0.1542                    0.0012174546852922784
0.15426666666666666       0.001346208701411692
0.15433333333333335       0.0014160742732481314
0.1544                    0.001414510251309436
0.15446666666666667       0.0013336759248676782
0.15453333333333333       0.0011720559425437106
0.15460000000000002       9.353595624606197E-4
0.15466666666666667       6.36421719368977E-4
0.15473333333333333       2.9410120511714084E-4
0.15480000000000002       -6.867779386364139E-5
0.15486666666666668       -4.2747345511228417E-4
0.15493333333333334       -7.589853485114872E-4
0.155                     -0.001043416765661767
0.15506666666666669       -0.0012661934283991845
0.15513333333333335       -0.0014187767564390714
0.1552                    -0.0014985269069886552
0.15526666666666666       -0.0015077606524125887
0.15533333333333335       -0.0014523093794615795
0.1554                    -0.001339929554468164
0.15546666666666667       -0.0011789335851342632
0.15553333333333333       -9.773344141789353E-4
0.15560000000000002       -7.426113073821538E-4
0.15566666666666668       -4.820878071208986E-4
0.15573333333333333       -2.0367361923070767E-4
0.1558                    8.32611054088025E-5
0.15586666666666668       3.672529464193548E-4
0.15593333333333334       6.346171587490692E-4
0.156                     8.699420476869608E-4
0.1560666666666667        0.0010572572713359618
0.15613333333333335       0.001181669412359882
0.1562                    0.0012311856844462454
0.15626666666666666       0.001198391739028291
0.15633333333333335       0.0010816573854894019
0.1564                    8.856524095440713E-4
0.15646666666666667       6.210451090457634E-4
0.15653333333333333       3.03481427881007E-4
0.15660000000000002       -4.795348468178419E-5
0.15666666666666668       -4.1256321464271215E-4
0.15673333333333334       -7.698312648034727E-4
0.1568                    -0.0011009303136513783
0.15686666666666668       -0.0013898101796467716
0.15693333333333334       -0.0016237942260116912
0.157                     -0.001793752505014149
0.1570666666666667        -0.001894005408618026
0.15713333333333335       -0.0019220125127153902
0.1572                    -0.0018780566125105207
0.15726666666666667       -0.0017649751926700657
0.15733333333333335       -0.0015879513901801636
0.1574                    -0.0013543506099197727
0.15746666666666667       -0.0010735556313123268
0.15753333333333333       -7.567497221036599E-4
0.15760000000000002       -4.166258563950228E-4
0.15766666666666668       -6.700601471283546E-5
0.15773333333333334       2.775950852083042E-4
0.1578                    6.024075286964384E-4
0.15786666666666668       8.9288075776914E-4
0.15793333333333334       0.0011351698642381681
0.158                     0.001316673713378035
0.15806666666666666       0.0014266969519667327
0.15813333333333335       0.0014572000050415786
0.1582                    0.0014036856412601012
0.15826666666666667       0.0012661326640787034
0.15833333333333335       0.0010498046042182697
0.1584                    7.657432086909047E-4
0.15846666666666667       4.307412567029062E-4
0.15853333333333333       6.662315074488739E-5
0.15860000000000002       -3.012318047694862E-4
0.15866666666666668       -6.460628199140326E-4
0.15873333333333334       -9.424073191789481E-4
0.1588                    -0.0011688793848197048
0.15886666666666668       -0.001310681937656437
0.15893333333333334       -0.0013614361613200833
0.159                     -0.0013239302430660105
0.15906666666666666       -0.0012096221281143909
0.15913333333333335       -0.0010369568078133923
0.1592                    -8.286884694825858E-4
0.15926666666666667       -6.086169742047787E-4
0.15933333333333335       -3.983003709716006E-4
0.15940000000000001       -2.142881751821663E-4
0.15946666666666667       -6.629312897880135E-5
0.15953333333333333       4.336797442542425E-5
0.15960000000000002       1.1902360235511037E-4
0.15966666666666668       1.697882163660744E-4
0.15973333333333334       2.0695504589149586E-4
0.1598                    2.4116069387393788E-4
0.15986666666666668       2.7990291262260423E-4
0.15993333333333334       3.258460257291937E-4
0.16                      3.7623162027627515E-4
0.16006666666666666       4.234837867373314E-4
0.16013333333333335       4.5685889199376106E-4
0.1602                    4.647670743557123E-4
0.16026666666666667       4.373115583663233E-4
0.16033333333333333       3.6851422135861445E-4
0.16040000000000001       2.5779551651794463E-4
0.16046666666666667       1.104550761878132E-4
0.16053333333333333       -6.292856344841246E-5
0.16060000000000002       -2.480390383145557E-4
0.16066666666666668       -4.289182207475488E-4
0.16073333333333334       -5.902192340447352E-4
0.1608                    -7.191794440866663E-4
0.16086666666666669       -8.069275041074994E-4
0.16093333333333334       -8.489917381666601E-4
0.161                     -8.449935390112492E-4
0.16106666666666666       -7.977328563216501E-4
0.16113333333333335       -7.120120661476484E-4
0.1612                    -5.935301619152037E-4
0.16126666666666667       -4.4816364243160933E-4
0.16133333333333333       -2.8180560800067795E-4
0.16140000000000002       -1.007172291932735E-4
0.16146666666666668       8.779844099010987E-5
0.16153333333333333       2.746970388286102E-4
0.16160000000000002       4.488201341770876E-4
0.16166666666666668       5.971142740096324E-4
0.16173333333333334       7.055652789019335E-4
0.1618                    7.607968268880191E-4
0.1618666666666667        7.520910271873268E-4
0.16193333333333335       6.734339448694999E-4
0.162                     5.251878935198945E-4
0.16206666666666666       3.15007876801806E-4
0.16213333333333335       5.7751450255566924E-5
0.1622                    -2.2565665242906945E-4
0.16226666666666667       -5.102510778949811E-4
0.16233333333333333       -7.696737548730408E-4
0.16240000000000002       -9.789985644881828E-4
0.16246666666666668       -0.00111733674734401
0.16253333333333334       -0.0011699007322581916
0.1626                    -0.0011292733923675348
0.16266666666666668       -9.958022721828176E-4
0.16273333333333334       -7.77204458315212E-4
0.1628                    -4.8751560209963756E-4
0.1628666666666667        -1.4557689484298372E-4
0.16293333333333335       2.2671594286713607E-4
0.163                     6.062400710876458E-4
0.16306666666666667       9.70427204335395E-4
0.16313333333333335       0.0012988816463173581
0.1632                    0.001574733469169587
0.16326666666666667       0.0017856833874247968
0.16333333333333333       0.0019246323589378824
0.16340000000000002       0.001989809814124153
0.16346666666666668       0.0019843575562565373
0.16353333333333334       0.0019153987612718572
0.1636                    0.0017926295001346332
0.16366666666666668       0.0016266606667508872
0.16373333333333334       0.0014273900305852294
0.1638                    0.001202664293277149
0.1638666666666667        9.575201704417571E-4
0.16393333333333335       6.942290861983425E-4
0.164                     4.131485844622008E-4
0.16406666666666667       1.1421469109616458E-4
0.16413333333333335       -2.011690622356792E-4
0.1642                    -5.283679145997247E-4
0.16426666666666667       -8.582573836275304E-4
0.16433333333333333       -0.0011768852754567678
0.16440000000000002       -0.0014662690854703004
0.16446666666666668       -0.0017063067509577824
0.16453333333333334       -0.0018775146409797554
0.1646                    -0.0019641663037383785
0.16466666666666668       -0.0019572154762080084
0.16473333333333334       -0.001856425092018281
0.1648                    -0.0016712739150254773
0.16486666666666666       -0.0014203169490568913
0.16493333333333335       -0.0011291318895438542
0.165                     -8.271016659609114E-4
0.16506666666666667       -5.436007184191392E-4
0.16513333333333335       -3.0422128866820666E-4
0.1652                    -1.27664776720429E-4
0.16526666666666667       -2.37779118973637E-5
0.16533333333333333       6.99487326563445E-6
0.16540000000000002       -2.723666169073956E-5
0.16546666666666668       -1.1178154958403097E-4
0.16553333333333334       -2.2804678323714496E-4
0.1656                    -3.5635874239512935E-4
0.16566666666666668       -4.7845861767060484E-4
0.16573333333333334       -5.793079706983498E-4
0.1658                    -6.480192980514123E-4
0.16586666666666666       -6.779540742102724E-4
0.16593333333333335       -6.661748988195681E-4
0.166                     -6.125621148385108E-4
0.16606666666666667       -5.189139807883364E-4
0.16613333333333336       -3.8829233940654935E-4
0.16620000000000001       -2.2477637517462985E-4
0.16626666666666667       -3.360384037548029E-5
0.16633333333333333       1.784444371318946E-4
0.16640000000000002       4.0262042379114206E-4
0.16646666666666668       6.280005081162716E-4
0.16653333333333334       8.417028786005595E-4
0.1666                    0.0010296434674483652
0.16666666666666669       0.0011777954104428107
0.16673333333333334       0.00127379492802832
0.1668                    0.0013086473784194542
0.16686666666666666       0.0012781809066207362
0.16693333333333335       0.0011839783848979725
0.167                     0.0010335537237831606
0.16706666666666667       8.396696782885835E-4
0.16713333333333333       6.18862341910314E-4
0.16720000000000002       3.893915429496421E-4
0.16726666666666667       1.6895992135127576E-4
0.16733333333333333       -2.746017854895818E-5
0.16740000000000002       -1.8929424829995978E-4
0.16746666666666668       -3.1126969686458603E-4
0.16753333333333334       -3.9342874235724314E-4
0.1676                    -4.402838385431096E-4
0.16766666666666669       -4.593205152419754E-4
0.16773333333333335       -4.5912996798646276E-4
0.1678                    -4.475453349116903E-4
0.16786666666666666       -4.301392081498097E-4
0.16793333333333335       -4.093235586948979E-4
0.168                     -3.841896429478836E-4
0.16806666666666667       -3.5110738714977814E-4
0.16813333333333333       -3.048754778529446E-4
0.16820000000000002       -2.4019682538122512E-4
0.16826666666666668       -1.5319023581329163E-4
0.16833333333333333       -4.260938238495817E-5
0.16840000000000002       8.94326949492097E-5
0.16846666666666668       2.37334506751862E-4
0.16853333333333334       3.924796586104024E-4
0.1686                    5.441980320028961E-4
0.1686666666666667        6.810285782334036E-4
0.16873333333333335       7.920623040543153E-4
0.1688                    8.681576448277786E-4
0.16886666666666666       9.028672670515684E-4
0.16893333333333335       8.930098825098517E-4
0.169                     8.388334625543883E-4
0.16906666666666667       7.438272698961485E-4
0.16913333333333333       6.142657456131509E-4
0.16920000000000002       4.5855372221782233E-4
0.16926666666666668       2.8649586490176333E-4
0.16933333333333334       1.085350100206247E-4
0.1694                    -6.498040182542842E-5
0.16946666666666668       -2.2445246969045213E-4
0.16953333333333334       -3.615843105273178E-4
0.1696                    -4.698096431988793E-4
0.1696666666666667        -5.445872240950569E-4
0.16973333333333335       -5.835198300281683E-4
0.1698                    -5.863226296451802E-4
0.16986666666666667       -5.546416169426476E-4
0.16993333333333335       -4.917503818153188E-4
0.17                      -4.0219154190988495E-4
0.17006666666666667       -2.9140265989833727E-4
0.17013333333333333       -1.653603377725141E-4
0.17020000000000002       -3.0311565681656185E-5
0.17026666666666668       1.0742733530395736E-4
0.17033333333333334       2.4161186872963578E-4
0.1704                    3.6615437756364164E-4
0.17046666666666668       4.752074298896612E-4
0.17053333333333334       5.633047638604274E-4
0.1706                    6.255397591023491E-4
0.1706666666666667        6.578082527714566E-4
0.17073333333333335       6.571190651112164E-4
0.1708                    6.219026175900721E-4
0.17086666666666667       5.522797336407865E-4
0.17093333333333335       4.502373575143373E-4
0.171                     3.1966882166810904E-4
0.17106666666666667       1.6624182731343003E-4
0.17113333333333333       -2.9078746319573197E-6
0.17120000000000002       -1.796240187384403E-4
0.17126666666666668       -3.552725113247736E-4
0.17133333333333334       -5.213227145409641E-4
0.1714                    -6.698871483632291E-4
0.17146666666666668       -7.941558030254852E-4
0.17153333333333334       -8.886928150716883E-4
0.1716                    -9.495519424000612E-4
0.17166666666666666       -9.742550856362169E-4
0.17173333333333335       -9.61676817566443E-4
0.1718                    -9.11901966901496E-4
0.17186666666666667       -8.261422805774671E-4
0.17193333333333335       -7.067275784300783E-4
0.17200000000000001       -5.572412225704354E-4
0.17206666666666667       -3.827339499436605E-4
0.17213333333333333       -1.8993542415466017E-4
0.17220000000000002       1.2657437449748752E-5
0.17226666666666668       2.1495833285511113E-4
0.17233333333333334       4.058069607708603E-4
0.1724                    5.738599597512243E-4
0.17246666666666668       7.087734635346211E-4
0.17253333333333334       8.025254915432575E-4
0.1726                    8.506210288032889E-4
0.17266666666666666       8.529031317895994E-4
0.17273333333333335       8.13759527563189E-4
0.1728                    7.416035491937342E-4
0.17286666666666667       6.476309611641157E-4
0.17293333333333333       5.440664356753516E-4
0.17300000000000001       4.4220078696246044E-4
0.17306666666666667       3.505918486133361E-4
0.17313333333333333       2.738405377245866E-4
0.17320000000000002       2.1218616893747821E-4
0.17326666666666668       1.6200399953119742E-4
0.17333333333333334       1.1710377769374577E-4
0.1734                    7.054552602662276E-5
0.17346666666666669       1.6545083361471854E-5
0.17353333333333334       -4.796235449388266E-5
0.1736                    -1.2243761347445587E-4
0.17366666666666666       -2.0271763004040203E-4
0.17373333333333335       -2.818503931988604E-4
0.1738                    -3.5158633209693316E-4
0.17386666666666667       -4.041390034567135E-4
0.17393333333333333       -4.338333965279162E-4
0.17400000000000002       -4.382935171284211E-4
0.17406666666666668       -4.189209318540704E-4
0.17413333333333333       -3.806015301961452E-4
0.17420000000000002       -3.307670547376172E-4
0.17426666666666668       -2.780621233306682E-4
0.17433333333333334       -2.3089185057100482E-4
0.1744                    -1.9615104359288054E-4
0.1744666666666667        -1.7836708754587633E-4
0.17453333333333335       -1.79327543054779E-4
0.1746                    -1.9814935680747463E-4
0.17466666666666666       -2.3169192326559612E-4
0.17473333333333335       -2.7517426329163404E-4
0.1748                    -3.228187169252823E-4
0.17486666666666667       -3.6844670159133297E-4
0.17493333333333333       -4.059938913157496E-4
0.17500000000000002       -4.2996436464958464E-4
0.17506666666666668       -4.358567586258197E-4
0.17513333333333334       -4.20580227420522E-4
0.1752                    -3.8284547694134887E-4
0.17526666666666668       -3.234622966444406E-4
0.17533333333333334       -2.4542904485805105E-4
0.1754                    -1.5373358641786931E-4
0.1754666666666667        -5.480995255661235E-5
0.17553333333333335       4.4331503466729854E-5
0.1756                    1.371638919898452E-4
0.17566666666666667       2.186882226781633E-4
0.17573333333333335       2.862551616719709E-4
0.1758                    3.3995520453362796E-4
0.17586666666666667       3.824436269216956E-4
0.17593333333333333       4.182255204516248E-4
0.17600000000000002       4.5251726316144835E-4
0.17606666666666668       4.899554232207055E-4
0.17613333333333334       5.334430271222328E-4
0.1762                    5.83390806031485E-4
0.17626666666666668       6.375586739383065E-4
0.17633333333333334       6.915277313405218E-4
0.1764                    7.396652587116337E-4
0.1764666666666667        7.76344173713229E-4
0.17653333333333335       7.971095619723201E-4
0.1766                    7.994961253224084E-4
0.17666666666666667       7.832763882246441E-4
0.17673333333333335       7.501019661923727E-4
0.1768                    7.026437961030751E-4
0.17686666666666667       6.434766132420358E-4
0.17693333333333333       5.740255426364735E-4
0.17700000000000002       4.939052741974592E-4
0.17706666666666668       4.008762827232623E-4
0.17713333333333334       2.914593877414098E-4
0.1772                    1.621298355390676E-4
0.17726666666666668       1.0820531000577946E-5
0.17733333333333334       -1.6164786155478886E-4
0.1774                    -3.50560217227142E-4
0.17746666666666666       -5.470178752707747E-4
0.17753333333333335       -7.385052248047522E-4
0.1776                    -9.10254240107651E-4
0.17766666666666667       -0.0010471996725895084
0.17773333333333335       -0.0011361552751623094
0.1778                    -0.0011678107772380686
0.17786666666666667       -0.0011381914821238471
0.17793333333333333       -0.0010493165508915598
0.17800000000000002       -9.089626971847162E-4
0.17806666666666668       -7.296087636719816E-4
0.17813333333333334       -5.267994173874075E-4
0.1782                    -3.172179791503228E-4
0.17826666666666668       -1.1680968936371546E-4
0.17833333333333334       6.078634326583526E-5
0.1784                    2.0529456266488595E-4
0.17846666666666666       3.102822542692033E-4
0.17853333333333335       3.731451926376814E-4
0.1786                    3.947010901846135E-4
0.17866666666666667       3.7854406064770254E-4
0.17873333333333336       3.30353667287944E-4
0.17880000000000001       2.572538998300353E-4
0.17886666666666667       1.6726651385677262E-4
0.17893333333333333       6.887760733102019E-5
0.17900000000000002       -2.932247144389504E-5
0.17906666666666668       -1.1899530671563788E-4
0.17913333333333334       -1.924481677213827E-4
0.1792                    -2.4307955866858648E-4
0.17926666666666669       -2.658641561328505E-4
0.17933333333333334       -2.5782168981655E-4
0.1794                    -2.1839576276341596E-4
0.17946666666666666       -1.49668473078726E-4
0.17953333333333335       -5.6346238684804674E-5
0.1796                    5.452574273826591E-5
0.17966666666666667       1.7410012738904558E-4
0.17973333333333333       2.924891070086652E-4
0.17980000000000002       3.9965887397276954E-4
0.17986666666666667       4.863702063000976E-4
0.17993333333333333       5.450551913012392E-4
0.18000000000000002       5.705288897913236E-4
0.18006666666666668       5.604397626414609E-4
0.18013333333333334       5.154107773425774E-4
0.1802                    4.388561982733126E-4
0.1802666666666667        3.3648352389438794E-4
0.18033333333333335       2.1555986817335137E-4
0.1804                    8.405069428800534E-5
0.18046666666666666       -5.025401193191871E-5
0.18053333333333335       -1.8048555032762053E-4
0.1806                    -3.011973111335045E-4
0.18066666666666667       -4.0858266584109515E-4
0.18073333333333333       -5.00385336076411E-4
0.18080000000000002       -5.755447043786541E-4
0.18086666666666668       -6.337141071876081E-4
0.18093333333333333       -6.747777493169102E-4
0.18100000000000002       -6.984827968363578E-4
0.18106666666666668       -7.043309003795282E-4
0.18113333333333334       -6.917194069291537E-4
0.1812                    -6.603428292482232E-4
0.1812666666666667        -6.107320435918295E-4
0.18133333333333335       -5.447375520956344E-4
0.1814                    -4.6582291207204643E-4
0.18146666666666667       -3.7904021043616993E-4
0.18153333333333335       -2.9056553410975117E-4
0.1816                    -2.068985928557455E-4
0.18166666666666667       -1.338277008751622E-4
0.18173333333333333       -7.536909834016114E-5
0.18180000000000002       -3.2968446668327E-5
0.18186666666666668       -5.173551427945383E-6
0.18193333333333334       1.2093577284898715E-5
0.182                     2.464172813723473E-5
0.18206666666666668       3.8612724893027917E-5
0.18213333333333334       5.8860159837282626E-5
0.1822                    8.74401009171449E-5
0.1822666666666667        1.2255069808676266E-4
0.18233333333333335       1.5823168247991888E-4
0.1824                    1.8495837698887603E-4
0.18246666666666667       1.910978048377169E-4
0.18253333333333335       1.6502348052409405E-4
0.1826                    9.750968820299022E-5
0.18266666666666667       -1.605605600091694E-5
0.18273333333333333       -1.7407103643143692E-4
0.18280000000000002       -3.6810781770887284E-4
0.18286666666666668       -5.834366176993801E-4
0.18293333333333334       -8.006622419298554E-4
0.183                     -9.982239660950233E-4
0.18306666666666668       -0.0011553278801819454
0.18313333333333334       -0.0012548188052068537
0.1832                    -0.0012855033497684277
0.1832666666666667        -0.0012435201519670396
0.18333333333333335       -0.0011325698847380967
0.1834                    -9.630235055318245E-4
0.18346666666666667       -7.501089578279509E-4
0.18353333333333335       -5.11565724781786E-4
0.1836                    -2.6524612174118654E-4
0.18366666666666667       -2.7070100119229988E-5
0.18373333333333333       1.9032412707859365E-4
0.18380000000000002       3.78076174036743E-4
0.18386666666666668       5.307928614246731E-4
0.18393333333333334       6.456387233741295E-4
0.184                     7.211889964170181E-4
0.18406666666666668       7.56409334896419E-4
0.18413333333333334       7.500746779931852E-4
0.1842                    7.008257380221039E-4
0.18426666666666666       6.078677699686243E-4
0.18433333333333335       4.721256196857072E-4
0.1844                    2.975285785326448E-4
0.18446666666666667       9.20483670107877E-5
0.18453333333333335       -1.3188095908844846E-4
0.18460000000000001       -3.578028531942087E-4
0.18466666666666667       -5.665979898857096E-4
0.18473333333333333       -7.386211543164861E-4
0.18480000000000002       -8.562608339931243E-4
0.18486666666666668       -9.064685302571609E-4
0.18493333333333334       -8.827713318169117E-4
0.185                     -7.863662971291118E-4
0.18506666666666668       -6.260702032774973E-4
0.18513333333333334       -4.170879916413329E-4
0.1852                    -1.7881536265262045E-4
0.18526666666666666       6.791500793322205E-5
0.18533333333333335       3.0366262049378397E-4
0.1854                    5.127830865183988E-4
0.18546666666666667       6.850190044273264E-4
0.18553333333333336       8.160527817940769E-4
0.18560000000000001       9.070149233313993E-4
0.18566666666666667       9.63127204718498E-4
0.18573333333333333       9.91833763411985E-4
0.18580000000000002       0.0010008134547835933
0.18586666666666668       9.962683767438508E-4
0.18593333333333334       9.817889300533212E-4
0.186                     9.579260300737447E-4
0.18606666666666669       9.224864322907076E-4
0.18613333333333335       8.71393903463076E-4
0.1862                    7.999097288120538E-4
0.18626666666666666       7.039301674992132E-4
0.18633333333333335       5.81133633834095E-4
0.1864                    4.3178332382992195E-4
0.18646666666666667       2.591086768706401E-4
0.18653333333333333       6.921654522347335E-5
0.18660000000000002       -1.2940056890679093E-4
0.18666666666666668       -3.2667455917152646E-4
0.18673333333333333       -5.120012815146205E-4
0.18680000000000002       -6.753783023808724E-4
0.18686666666666668       -8.08505887667147E-4
0.18693333333333334       -9.057527260245899E-4
0.187                     -9.648486627086711E-4
0.1870666666666667        -9.87199202287369E-4
0.18713333333333335       -9.777540466389977E-4
0.1872                    -9.444089216860727E-4
0.18726666666666666       -8.969583521740368E-4
0.18733333333333335       -8.457569817367655E-4
0.1874                    -8.002582785243598E-4
0.18746666666666667       -7.676846983555991E-4
0.18753333333333333       -7.521010500987848E-4
0.18760000000000002       -7.540407263709662E-4
0.18766666666666668       -7.708344581680229E-4
0.18773333333333334       -7.975334032940177E-4
0.18780000000000002       -8.282743533177731E-4
0.18786666666666668       -8.57801261680344E-4
0.18793333333333334       -8.827334207196075E-4
0.188                     -9.023112786683039E-4
0.1880666666666667        -9.184194563064151E-4
0.18813333333333335       -9.348133641581696E-4
0.1882                    -9.5573914810442E-4
0.18826666666666667       -9.842893431106438E-4
0.18833333333333335       -0.00102086499100551
0.1884                    -0.0010621718560846953
0.18846666666666667       -0.0011010852669222425
0.18853333333333333       -0.001127438955546285
0.18860000000000002       -0.0011296525436381882
0.18866666666666668       -0.0010968694740977997
0.18873333333333334       -0.0010211294463190895
0.1888                    -8.991003448430162E-4
0.18886666666666668       -7.329930063301268E-4
0.18893333333333334       -5.304307135072752E-4
0.189                     -3.033473532503614E-4
0.1890666666666667        -6.614606368552464E-5
0.18913333333333335       1.6644153443988986E-4
0.1892                    3.8131697398896975E-4
0.18926666666666667       5.684227843840534E-4
0.18933333333333335       7.213395639645079E-4
0.1894                    8.370536513841496E-4
0.18946666666666667       9.151168834740439E-4
0.18953333333333333       9.565239015500993E-4
0.18960000000000002       9.627026917699438E-4
0.18966666666666668       9.34925413905428E-4
0.18973333333333334       8.743101430949396E-4
0.1898                    7.823890482541174E-4
0.18986666666666668       6.619930746427809E-4
0.18993333333333334       5.181023309258028E-4
0.19                      3.5832725496640284E-4
0.1900666666666667        1.9274877111176745E-4
0.19013333333333335       3.2995923342801135E-5
0.1902                    -1.0929724185888727E-4
0.19026666666666667       -2.2433010487405298E-4
0.19033333333333335       -3.0585187778342515E-4
0.1904                    -3.5232533544051246E-4
0.19046666666666667       -3.6719398765573994E-4
0.19053333333333333       -3.5812555758569104E-4
0.19060000000000002       -3.3537161093241034E-4
0.19066666666666668       -3.09569786902732E-4
0.19073333333333334       -2.8945751098665193E-4
0.1908                    -2.8004600608255714E-4
0.19086666666666668       -2.816750034421253E-4
0.19093333333333334       -2.901586905444184E-4
0.191                     -2.980214630952105E-4
0.19106666666666666       -2.9655301477760077E-4
0.19113333333333335       -2.7820561864735704E-4
0.1912                    -2.3880206572357565E-4
0.19126666666666667       -1.7904817538622481E-4
0.19133333333333336       -1.049863058142364E-4
0.19140000000000001       -2.7281312563550636E-5
0.19146666666666667       4.0536398955737234E-5
0.19153333333333333       8.452409971281527E-5
0.19160000000000002       9.296640116819895E-5
0.19166666666666668       5.86859087679141E-5
0.19173333333333334       -1.942324608815121E-5
0.1918                    -1.3593973227006456E-4
0.19186666666666669       -2.795950131257996E-4
0.19193333333333334       -4.3493904209194274E-4
0.192                     -5.846765528146464E-4
0.19206666666666666       -7.122257867684731E-4
0.19213333333333335       -8.040714400032392E-4
0.1922                    -8.515331540435839E-4
0.19226666666666667       -8.51685857364478E-4
0.19233333333333336       -8.073813514783978E-4
0.19240000000000002       -7.264297768975106E-4
0.19246666666666667       -6.201582907054287E-4
0.19253333333333333       -5.016399574322769E-4
0.19260000000000002       -3.838751402396995E-4
0.19266666666666668       -2.7820772867506515E-4
0.19273333333333334       -1.9317045986938936E-4
0.1928                    -1.338533212009889E-4
0.1928666666666667        -1.0181801889512617E-4
0.19293333333333335       -9.548710099457261E-5
0.193                     -1.1086598617391876E-4
0.19306666666666666       -1.4247900701145857E-4
0.19313333333333335       -1.8433171555023783E-4
0.1932                    -2.3076018987921998E-4
0.19326666666666667       -2.7709073149778234E-4
0.19333333333333333       -3.2001468263423216E-4
0.19340000000000002       -3.57672971753905E-4
0.19346666666666668       -3.894785734771106E-4
0.19353333333333333       -4.157342325645284E-4
0.19360000000000002       -4.371348119233377E-4
0.19366666666666668       -4.5425973971410154E-4
0.19373333333333334       -4.67148678860842E-4
0.1938                    -4.7505408404574083E-4
0.1938666666666667        -4.764298321858335E-4
0.19393333333333335       -4.691442244130975E-4
0.194                     -4.5090987763475056E-4
0.19406666666666667       -4.1984973358921707E-4
0.19413333333333335       -3.750927661223194E-4
0.1942                    -3.17290246200103E-4
0.19426666666666667       -2.489270465538049E-4
0.19433333333333333       -1.7436683209290585E-4
0.19440000000000002       -9.957994020973836E-5
0.19446666666666668       -3.1555787805141E-5
0.19453333333333334       2.2523702892403174E-5
0.19460000000000002       5.622900691658007E-5
0.19466666666666668       6.480449883383699E-5
0.19473333333333334       4.5924736696179025E-5
0.1948                    1.4342879115160308E-7
0.1948666666666667        -6.905647975285181E-5
0.19493333333333335       -1.555991816880683E-4
0.195                     -2.5152767641254916E-4
0.19506666666666667       -3.479523237239426E-4
0.19513333333333335       -4.360803823846464E-4
0.1952                    -5.081783769688067E-4
0.19526666666666667       -5.583197500807448E-4
0.19533333333333333       -5.828397227630306E-4
0.19540000000000002       -5.8046654269744E-4
0.19546666666666668       -5.521642877003894E-4
0.19553333333333334       -5.007865592443312E-4
0.1956                    -4.306323557662276E-4
0.19566666666666668       -3.469892376765179E-4
0.19573333333333334       -2.557540977319989E-4
0.1958                    -1.631192695080804E-4
0.1958666666666667        -7.527924054347051E-5
0.19593333333333335       1.8581493901155358E-6
0.196                     6.30070960771543E-5
0.19606666666666667       1.0391222951091969E-4
0.19613333333333335       1.2178461167003171E-4
0.1962                    1.1568531520494547E-4
0.19626666666666667       8.675640520568077E-5
0.19633333333333333       3.8193598671708824E-5
0.19640000000000002       -2.5089948534374495E-5
0.19646666666666668       -9.710896455754455E-5
0.19653333333333334       -1.7166356533729972E-4
0.1966                    -2.4325315294285805E-4
0.19666666666666668       -3.0787437124392734E-4
0.19673333333333334       -3.635215991660236E-4
0.1968                    -4.102555271506739E-4
0.1968666666666667        -4.498238043967061E-4
0.19693333333333335       -4.84913712940537E-4
0.197                     -5.181907103038751E-4
0.19706666666666667       -5.51340223934788E-4
0.19713333333333335       -5.843453959991726E-4
0.19720000000000001       -6.151521318735412E-4
0.19726666666666667       -6.397983099584683E-4
0.19733333333333333       -6.530071863940415E-4
0.19740000000000002       -6.491024463544958E-4
0.19746666666666668       -6.230575538491114E-4
0.19753333333333334       -5.714840058667156E-4
0.1976                    -4.933734196059119E-4
0.19766666666666668       -3.9048640890261874E-4
0.19773333333333334       -2.6733489693679777E-4
0.1978                    -1.307994098169729E-4
0.19786666666666666       1.0502104837192174E-5
0.19793333333333335       1.470080107817641E-4
0.198                     2.6904251717496663E-4
0.19806666666666667       3.675901534734294E-4
0.19813333333333336       4.349805307216369E-4
0.19820000000000002       4.6546074624459905E-4
0.19826666666666667       4.5564435780621494E-4
0.19833333333333333       4.0484372584614903E-4
0.19840000000000002       3.152461084447658E-4
0.19846666666666668       1.9190118809302265E-4
0.19853333333333334       4.248879835918511E-5
0.1986                    -1.231749786081939E-4
0.19866666666666669       -2.9392102889967366E-4
0.19873333333333335       -4.581995789731781E-4
0.1988                    -6.051925951256775E-4
0.19886666666666666       -7.258962320450407E-4
0.19893333333333335       -8.14008316060958E-4
0.199                     -8.665019032867769E-4
0.19906666666666667       -8.837620172506341E-4
0.19913333333333336       -8.69254415962272E-4
0.19920000000000002       -8.288115249552692E-4
0.19926666666666668       -7.696424279576883E-4
0.19933333333333333       -6.992440612521023E-4
0.19940000000000002       -6.244318232907412E-4
0.19946666666666668       -5.506076044044816E-4
0.19953333333333334       -4.814188600553629E-4
0.1996                    -4.1880172592265386E-4
0.1996666666666667        -3.6334220091633213E-4
0.19973333333333335       -3.1486062932974444E-4
0.1998                    -2.7305025231236447E-4
0.19986666666666666       -2.379968606804211E-4
0.19993333333333335       -2.1047827613074332E-4
0.2                       -1.9197170219670696E-4
0                         1.8884754873377802E-17
6.666666666666667E-5      -6.929917260693753E-10
1.3333333333333334E-4     1.4877699953704568E-9
2.0E-4                    -4.185586938551138E-9
2.666666666666667E-4      -5.058292352438139E-9
3.333333333333334E-4      2.4229737468390534E-8
4.0E-4                    -6.876121757696093E-8
4.6666666666666666E-4     1.7986945261105096E-8
5.333333333333334E-4      9.502131904281666E-8
6.000000000000001E-4      -1.1699313137317583E-8
6.666666666666668E-4      -1.3995792895262126E-7
7.333333333333333E-4      -1.0976591004780676E-7
8.0E-4                    3.577657187646213E-7
8.666666666666667E-4      5.220522282404058E-7
9.333333333333333E-4      -4.499153487071332E-8
0.001                     1.8345997957311012E-7
0.0010666666666666667     1.6247461235455572E-6
0.0011333333333333334     2.2585163311613806E-6
0.0012000000000000001     1.540429280133538E-6
0.0012666666666666668     2.108789545524865E-6
0.0013333333333333335     5.291690055285264E-6
0.0014                    8.247855938796947E-6
0.0014666666666666667     8.52603290419602E-6
0.0015333333333333334     8.290098877848477E-6
0.0016                    1.1265020308316958E-5
0.0016666666666666668     1.9386046980279066E-5
0.0017333333333333335     3.704911623409717E-5
0.0018000000000000002     7.713531782168779E-5
0.0018666666666666666     1.603066207443202E-4
0.0019333333333333333     3.1314487646990827E-4
0.002                     5.756388634056621E-4
0.0020666666666666667     0.0010133425426569643
0.0021333333333333334     0.001718511069027176
0.0022                    0.0027963556765046513
0.002266666666666667      0.0043495889320703494
0.0023333333333333335     0.006470846843772701
0.0024000000000000002     0.00923401622899941
0.002466666666666667      0.012667970997946603
0.0025333333333333336     0.016710993833839893
0.0026000000000000003     0.021165168045886924
0.002666666666666667      0.0256762803266091
0.0027333333333333333     0.029753589470471655
0.0028                    0.03282565463866506
0.0028666666666666667     0.03431829956493208
0.0029333333333333334     0.03374178202024528
0.003                     0.030780341808817217
0.0030666666666666668     0.025374792782323703
0.0031333333333333335     0.017779029174042598
0.0032                    0.008563976784768914
0.003266666666666667      -0.0014475802579129653
0.0033333333333333335     -0.011307476720373546
0.0034000000000000002     -0.020097528717347553
0.003466666666666667      -0.027073099477482692
0.0035333333333333336     -0.03176344385636704
0.0036000000000000003     -0.03401329780795744
0.003666666666666667      -0.03396658739075065
0.0037333333333333333     -0.032003138081303666
0.0038                    -0.028646704807345356
0.0038666666666666667     -0.024466659541108778
0.003933333333333334      -0.019992624276450703
0.004                     -0.015655489339094077
0.004066666666666667      -0.0117583301450525
0.0041333333333333335     -0.008473043296752232
0.004200000000000001      -0.005856405211878675
0.004266666666666667      -0.0038783397342610575
0.004333333333333333      -0.0024550957272627535
0.0044                    -0.0014798521525725462
0.0044666666666666665     -8.451738987267688E-4
0.004533333333333334      -4.555223096726233E-4
0.0046                    -2.3213040263466903E-4
0.004666666666666667      -1.1395447118697407E-4
0.004733333333333333      -5.7044880447522755E-5
0.0048000000000000004     -3.261843364400984E-5
0.004866666666666667      -2.377706690432603E-5
0.004933333333333334      -2.143290159040139E-5
0.005                     -2.0824733174963865E-5
0.005066666666666667      -1.9510736606775953E-5
0.0051333333333333335     -1.6578989516347075E-5
0.005200000000000001      -1.2238834735730673E-5
0.005266666666666667      -7.3238368837483665E-6
0.005333333333333334      -2.7345093194242075E-6
0.0054                    9.723122299679477E-7
0.0054666666666666665     3.701142822316277E-6
0.005533333333333334      5.622314631636982E-6
0.0056                    6.7828438464597895E-6
0.005666666666666667      6.842991699380312E-6
0.005733333333333333      5.261324284942605E-6
0.0058000000000000005     1.9072121089726477E-6
0.005866666666666667      -2.3786284259078424E-6
0.005933333333333334      -5.857954477050953E-6
0.006                     -6.7223847151711065E-6
0.006066666666666667      -4.150166818460223E-6
0.0061333333333333335     1.2025341179975974E-6
0.006200000000000001      7.755112822646231E-6
0.006266666666666667      1.4454398491839779E-5
0.006333333333333334      2.247566771984566E-5
0.0064                    3.6449188168522345E-5
0.006466666666666667      6.48870829016752E-5
0.006533333333333334      1.2010531281703152E-4
0.0066                    2.1842654262270247E-4
0.006666666666666667      3.8138679831588106E-4
0.006733333333333333      6.379784982917565E-4
0.0068000000000000005     0.0010268983044495275
0.006866666666666667      0.001596877259934055
0.006933333333333334      0.0024029307782516946
0.007                     0.00349708047828504
0.007066666666666667      0.004914001162563052
0.0071333333333333335     0.006654089083895087
0.007200000000000001      0.008668185477810246
0.007266666666666667      0.010848367719777994
0.007333333333333334      0.013028224896905678
0.0074                    0.01499410459239568
0.007466666666666667      0.01650660125804799
0.007533333333333334      0.017330196486519917
0.0076                    0.017267752305737565
0.007666666666666667      0.016194346760000502
0.007733333333333333      0.014083787266697203
0.0078000000000000005     0.01102128844442112
0.007866666666666668      0.007198026403784752
0.007933333333333334      0.002887964805787696
0.008                     -0.0015883853068641783
0.008066666666666666      -0.005905351900894727
0.008133333333333334      -0.009770221409520932
0.0082                    -0.012951805821752973
0.008266666666666667      -0.015297131446589316
0.008333333333333333      -0.01673679891973734
0.008400000000000001      -0.017280984137739454
0.008466666666666667      -0.017008366794990643
0.008533333333333334      -0.016049742798453996
0.0086                    -0.014568638854793139
0.008666666666666666      -0.01274108437688223
0.008733333333333334      -0.010736707331878799
0.0088                    -0.008702989002423627
0.008866666666666667      -0.00675396213773638
0.008933333333333333      -0.004964355296189231
0.009000000000000001      -0.003369367016213281
0.009066666666666667      -0.0019700795486902022
0.009133333333333334      -7.434785023048923E-4
0.0092                    3.448414346881428E-4
0.009266666666666668      0.0013282054278533906
0.009333333333333334      0.002229805861134082
0.0094                    0.003059151823565896
0.009466666666666667      0.0038144164968148936
0.009533333333333335      0.004489372900154974
0.009600000000000001      0.005082178295456937
0.009666666666666667      0.005603132619788604
0.009733333333333333      0.006078965529533369
0.0098                    0.006552067934535444
0.009866666666666668      0.007074186062839415
0.009933333333333334      0.007695112061420721
0.01                      0.00844830640458635
0.010066666666666666      0.009336516460669892
0.010133333333333334      0.010321075129987938
0.0102                    0.011317923498739089
0.010266666666666667      0.012202281238777297
0.010333333333333333      0.012822188104369811
0.010400000000000001      0.013018873619980045
0.010466666666666668      0.012650450392227088
0.010533333333333334      0.011614854580589704
0.0106                    0.009868115752137132
0.010666666666666668      0.007434929770949695
0.010733333333333334      0.004409913239734513
0.0108                    9.494807236478663E-4
0.010866666666666667      -0.0027446905483624767
0.010933333333333333      -0.006448189029470086
0.011000000000000001      -0.009938818968034216
0.011066666666666667      -0.01301978837831744
0.011133333333333334      -0.015537204154367958
0.0112                    -0.017389311056051935
0.011266666666666668      -0.018527268299034665
0.011333333333333334      -0.018949330784380436
0.0114                    -0.018691532047731534
0.011466666666666667      -0.017817642140601362
0.011533333333333335      -0.016410747210362127
0.011600000000000001      -0.014567478160773004
0.011666666666666667      -0.012394695875367947
0.011733333333333333      -0.010007888610873903
0.0118                    -0.007529706594401172
0.011866666666666668      -0.005087001964316836
0.011933333333333334      -0.002805299666111491
0.012                     -8.004127012100076E-4
0.012066666666666667      8.318595812722505E-4
0.012133333333333335      0.0020259255002851462
0.0122                    0.0027542122905807836
0.012266666666666667      0.003030990408400872
0.012333333333333333      0.0029114821809343994
0.012400000000000001      0.0024865234570045558
0.012466666666666668      0.0018734823430090078
0.012533333333333334      0.001204112910532526
0.0126                    6.097523582866418E-4
0.012666666666666668      2.0470748053672425E-4
0.012733333333333334      6.955946424471128E-5
0.0128                    2.3700194235841258E-4
0.012866666666666667      6.838315831763406E-4
0.012933333333333333      0.0013322881589244522
0.013000000000000001      0.002062341190009777
0.013066666666666667      0.002733900727305029
0.013133333333333334      0.003215239607795541
0.0132                    0.003411591726554824
0.013266666666666668      0.0032870438215988024
0.013333333333333334      0.002873824518506548
0.0134                    0.0022658341871907134
0.013466666666666667      0.0015971135747219836
0.013533333333333335      0.0010099900745054974
0.013600000000000001      6.20687471902264E-4
0.013666666666666667      4.910467333892095E-4
0.013733333333333334      6.136095419476208E-4
0.013800000000000002      9.137801742846412E-4
0.013866666666666668      0.0012683973639338677
0.013933333333333334      0.0015359166094900242
0.014                     0.0015906258070442294
0.014066666666666667      0.0013527677635595734
0.014133333333333335      8.077637820471344E-4
0.0142                    1.0910320546437301E-5
0.014266666666666667      -9.226928814314306E-4
0.014333333333333333      -0.0018400779642563845
0.014400000000000001      -0.0025790546871056514
0.014466666666666668      -0.0029976699401491453
0.014533333333333334      -0.0029989515730578986
0.0146                    -0.00254682226971324
0.014666666666666668      -0.0016709230840206146
0.014733333333333334      -4.5998202040209424E-4
0.0148                    9.545907149523764E-4
0.014866666666666667      0.0024215817601153894
0.014933333333333333      0.0037950250137198183
0.015000000000000001      0.004956719083046275
0.015066666666666667      0.005832051342752363
0.015133333333333334      0.006396428715171558
0.0152                    0.006671547922970993
0.015266666666666668      0.006713058317213186
0.015333333333333334      0.006592962824340377
0.0154                    0.0063811071782505936
0.015466666666666667      0.006129877824735429
0.015533333333333335      0.005865005343886358
0.015600000000000001      0.005583549084674034
0.01566666666666667       0.005258364004216024
0.015733333333333335      0.004846923768387309
0.0158                    0.0043020074289026
0.015866666666666668      0.0035821542093929437
0.015933333333333334      0.002660628782385694
0.016                     0.0015324111071614815
0.016066666666666667      2.1906056536278941E-4
0.016133333333333333      -0.0012286943009322776
0.0162                    -0.0027312861223305973
0.01626666666666667       -0.00418438551215721
0.016333333333333335      -0.005467425416489797
0.0164                    -0.0064564001846260256
0.016466666666666668      -0.007039566441173
0.016533333333333334      -0.007133432065269777
0.0166                    -0.006695925939961204
0.016666666666666666      -0.0057338234203468475
0.016733333333333333      -0.004302828988459494
0.016800000000000002      -0.0025003973278217018
0.01686666666666667       -4.5319125664328944E-4
0.016933333333333335      0.0016977454319463245
0.017                     0.0038108398522516446
0.017066666666666667      0.0057545144643102375
0.017133333333333334      0.007413478069273489
0.0172                    0.008691605845732349
0.017266666666666666      0.00951319856436125
0.017333333333333333      0.009824971069714852
0.017400000000000002      0.00960008188017777
0.01746666666666667       0.008844187250360847
0.017533333333333335      0.007601840205357543
0.0176                    0.0059604756035176775
0.017666666666666667      0.004049079808672624
0.017733333333333334      0.002029605887530904
0.0178                    8.109528222835943E-5
0.017866666666666666      -0.0016214837586241107
0.017933333333333336      -0.002929850373350616
0.018000000000000002      -0.0037418672831596007
0.01806666666666667       -0.004013723045188401
0.018133333333333335      -0.0037623652606271207
0.0182                    -0.0030581586844553904
0.018266666666666667      -0.0020098062148982926
0.018333333333333333      -7.455405055744837E-4
0.0184                    6.049590010661635E-4
0.018466666666666666      0.001924100747731115
0.018533333333333336      0.003113135354526873
0.018600000000000002      0.004092244531161019
0.018666666666666668      0.0047960989676149824
0.018733333333333334      0.005168209218287042
0.0188                    0.0051575798840661135
0.018866666666666667      0.0047200726777581236
0.018933333333333333      0.0038248957051629467
0.019                     0.0024645476286033435
0.01906666666666667       6.650127553647113E-4
0.019133333333333336      -0.001507570484786162
0.019200000000000002      -0.003946636046748608
0.019266666666666668      -0.006512508112271982
0.019333333333333334      -0.009046238514461688
0.0194                    -0.01138714122186814
0.019466666666666667      -0.013390147626133901
0.019533333333333333      -0.014939388326768364
0.0196                    -0.015955766064247916
0.01966666666666667       -0.016397993878594468
0.019733333333333335      -0.01625844111133899
0.0198                    -0.015556177290688668
0.019866666666666668      -0.014329691716868962
0.019933333333333334      -0.012631508721304792
0.02                      -0.010525730438530445
0.020066666666666667      -0.00808860857172736
0.020133333333333333      -0.005410692421719432
0.020200000000000003      -0.0025989405860725257
0.02026666666666667       2.2307328803045835E-4
0.020333333333333335      0.00291827049139621
0.0204                    0.005343205378656941
0.020466666666666668      0.0073589164697166
0.020533333333333334      0.008844316571152635
0.0206                    0.00971019986484732
0.020666666666666667      0.009911553435293692
0.020733333333333333      0.009455974313563533
0.020800000000000003      0.00840650066467268
0.02086666666666667       0.006877973093651235
0.020933333333333335      0.005027055174910596
0.021                     0.003036792456571545
0.021066666666666668      0.0010976217537453136
0.021133333333333334      -6.129810249798795E-4
0.0212                    -0.0019496947061270475
0.021266666666666666      -0.0028151133114338984
0.021333333333333336      -0.00317000354906278
0.021400000000000002      -0.0030366157713745323
0.02146666666666667       -0.0024943863141483496
0.021533333333333335      -0.0016681805968151561
0.0216                    -7.103301925651199E-4
0.021666666666666667      2.2130692897397728E-4
0.021733333333333334      9.861255862883159E-4
0.0218                    0.0014808150715128119
0.021866666666666666      0.0016533783512256508
0.021933333333333336      0.0015086852945387363
0.022000000000000002      0.0011046827733350386
0.02206666666666667       5.400354420999067E-4
0.022133333333333335      -6.444193916520016E-5
0.0222                    -5.870097936297364E-4
0.022266666666666667      -9.249646391253917E-4
0.022333333333333334      -0.0010099287194732043
0.0224                    -8.16094734805769E-4
0.022466666666666666      -3.6058329559247236E-4
0.022533333333333336      3.033316105367187E-4
0.022600000000000002      0.0010979625388115113
0.02266666666666667       0.0019349713111296296
0.022733333333333335      0.002728140206142728
0.0228                    0.0034029196831397712
0.022866666666666667      0.003901815299676465
0.022933333333333333      0.004185909322196884
0.023                     0.0042338517128622955
0.02306666666666667       0.004040117957629263
0.023133333333333336      0.003614064838205065
0.023200000000000002      0.0029804484053914037
0.023266666666666668      0.0021810385099213037
0.023333333333333334      0.0012759532089278633
0.0234                    3.42993413401668E-4
0.023466666666666667      -5.265614173757576E-4
0.023533333333333333      -0.0012362803099676967
0.0236                    -0.0016964117073387439
0.02366666666666667       -0.0018373732288767184
0.023733333333333335      -0.0016221690041545247
0.0238                    -0.0010548205547300832
0.023866666666666668      -1.8245543560624342E-4
0.023933333333333334      9.099964642830726E-4
0.024                     0.0021118307860368596
0.024066666666666667      0.003303045323783798
0.024133333333333333      0.004371927818283439
0.024200000000000003      0.005230205582587847
0.02426666666666667       0.005822869217289346
0.024333333333333335      0.00613120011985302
0.0244                    0.006169260895278837
0.024466666666666668      0.005975551021817539
0.024533333333333334      0.005602357526575881
0.0246                    0.005105413762586457
0.024666666666666667      0.00453574481486742
0.024733333333333333      0.003934615166924361
0.024800000000000003      0.0033313761315574603
0.02486666666666667       0.0027433239572149304
0.024933333333333335      0.0021765016302067253
0.025                     0.001626612838923133
0.025066666666666668      0.0010798833848509406
0.025133333333333334      5.143023424482505E-4
0.0252                    -9.788325969241537E-5
0.025266666666666666      -7.857850453417217E-4
0.025333333333333336      -0.0015734821375060295
0.025400000000000002      -0.0024723162558594985
0.02546666666666667       -0.0034733490070461164
0.025533333333333335      -0.004542020398990384
0.0256                    -0.005616970293756042
0.025666666666666667      -0.006614270004709917
0.025733333333333334      -0.007437240881180125
0.0258                    -0.007990589598193765
0.025866666666666666      -0.008196441124060325
0.025933333333333336      -0.008009127440995403
0.026000000000000002      -0.007425638863683811
0.02606666666666667       -0.00648916805429118
0.026133333333333335      -0.005284748256339559
0.0262                    -0.0039275535049715215
0.026266666666666667      -0.0025460022152401507
0.026333333333333334      -0.001262910876123767
0.0264                    -1.7830016382244413E-4
0.02646666666666667       6.429946879507042E-4
0.026533333333333336      0.0011769852675830147
0.026600000000000002      0.0014390316417640342
0.02666666666666667       0.0014762270605258112
0.026733333333333335      0.0013558706351821975
0.0268                    0.0011526488233357668
0.026866666666666667      9.370226159392458E-4
0.026933333333333333      7.665857098930117E-4
0.027                     6.812283286957869E-4
0.02706666666666667       7.019590515743145E-4
0.027133333333333336      8.325442280952953E-4
0.027200000000000002      0.0010627019032004423
0.027266666666666668      0.0013716656997400736
0.027333333333333334      0.0017312719054254039
0.0274                    0.0021082814782857895
0.027466666666666667      0.002466162550263107
0.027533333333333333      0.002766882535070181
0.027600000000000003      0.002973287698945829
0.02766666666666667       0.0030523730591604753
0.027733333333333336      0.0029792587073253734
0.027800000000000002      0.0027412061213648747
0.027866666666666668      0.002340637521618711
0.027933333333333334      0.0017962103925778397
0.028                     0.0011413080168754927
0.028066666666666667      4.199745713516937E-4
0.028133333333333333      -3.1897572102934646E-4
0.028200000000000003      -0.0010283847243824442
0.02826666666666667       -0.0016683111316524446
0.028333333333333335      -0.0022095228279275553
0.0284                    -0.002634422030366425
0.028466666666666668      -0.002935573358887008
0.028533333333333334      -0.003112629272176751
0.0286                    -0.0031688300077803433
0.028666666666666667      -0.003108289957578693
0.028733333333333336      -0.002934807404277048
0.028800000000000003      -0.0026523414999246597
0.02886666666666667       -0.002266784414782056
0.028933333333333335      -0.0017882416099642537
0.029                     -0.001232880841208888
0.029066666666666668      -6.236031975796712E-4
0.029133333333333334      1.0756407065619973E-5
0.0292                    6.375517945603601E-4
0.029266666666666667      0.001223214211807187
0.029333333333333336      0.0017361838004684874
0.029400000000000003      0.0021493003919853698
0.02946666666666667       0.00244127050973475
0.029533333333333335      0.0025971890344018383
0.0296                    0.002608511455556644
0.029666666666666668      0.0024728948150628378
0.029733333333333334      0.0021942960780246983
0.0298                    0.0017834801900400116
0.029866666666666666      0.0012587269510342075
0.029933333333333336      6.462219483052778E-4
0.030000000000000002      -2.043136490215151E-5
0.03006666666666667       -7.021142976425056E-4
0.030133333333333335      -0.0013576941356794642
0.0302                    -0.0019488768427566225
0.030266666666666667      -0.0024456397347551373
0.030333333333333334      -0.0028311530061598334
0.0304                    -0.0031049921277112196
0.03046666666666667       -0.0032835760586229818
0.030533333333333336      -0.0033973121816026314
0.030600000000000002      -0.0034845470716910703
0.03066666666666667       -0.00358310534751841
0.030733333333333335      -0.003720928615491305
0.0308                    -0.003907557302487216
0.030866666666666667      -0.004128310347108969
0.030933333333333334      -0.004342620976136199
0.031                     -0.004487321080107774
0.03106666666666667       -0.004484752509077745
0.031133333333333336      -0.004254790022969246
0.031200000000000002      -0.00372908084786364
0.031266666666666665      -0.0028652822033369114
0.03133333333333334       -0.001658919803698414
0.031400000000000004      -1.507150193447159E-4
0.03146666666666667       0.0015721984049637935
0.03153333333333334       0.003381917818582484
0.0316                    0.005122079613751599
0.03166666666666667       0.006625528896360525
0.031733333333333336      0.007735124157209482
0.0318                    0.008324868378362485
0.03186666666666667       0.008318252695192183
0.031933333333333334      0.007701042806729674
0.032                     0.00652633053583226
0.03206666666666667       0.004910750946562205
0.03213333333333333       0.003022065494276051
0.0322                    0.001059605661014627
0.032266666666666666      -7.699482479698157E-4
0.03233333333333333       -0.002278182788618973
0.0324                    -0.0033183791508365956
0.03246666666666667       -0.0038034316967241466
0.03253333333333334       -0.0037156732703026918
0.032600000000000004      -0.0031071471166796982
0.03266666666666667       -0.00209026356294219
0.032733333333333337      -8.202525496017188E-4
0.0328                    5.27908021467738E-4
0.03286666666666667       0.0017844486449445998
0.032933333333333335      0.002807757002301514
0.033                     0.00350177227353145
0.03306666666666667       0.0038253001403063536
0.033133333333333334      0.0037921723976199117
0.0332                    0.003462786669842899
0.03326666666666667       0.0029290870380853967
0.03333333333333333       0.002295986898908658
0.0334                    0.0016627434566284397
0.033466666666666665      0.0011075660461626416
0.03353333333333333       6.778022424051804E-4
0.033600000000000005      3.8690292733787983E-4
0.03366666666666667       2.1806054350495953E-4
0.03373333333333334       1.331528898975065E-4
0.033800000000000004      8.489747479854629E-5
0.03386666666666667       2.9550130834975127E-5
0.033933333333333336      -6.226987332930927E-5
0.034                     -1.9869277457473783E-4
0.03406666666666667       -3.6493809810573494E-4
0.034133333333333335      -5.272192034421354E-4
0.0342                    -6.415546085918321E-4
0.03426666666666667       -6.658617203356697E-4
0.034333333333333334      -5.729321887234358E-4
0.0344                    -3.6147237083891274E-4
0.034466666666666666      -6.25588861648144E-5
0.03453333333333333       2.605068402772303E-4
0.0346                    5.197626503234329E-4
0.034666666666666665      6.168439202675862E-4
0.03473333333333334       4.616581811985399E-4
0.034800000000000005      -8.0203354043211E-6
0.03486666666666667       -8.100740274780298E-4
0.03493333333333334       -0.0019084509403910488
0.035                     -0.0032130336871237625
0.03506666666666667       -0.004589842981658876
0.035133333333333336      -0.005880250262894801
0.0352                    -0.0069258441716166476
0.03526666666666667       -0.007594320341013372
0.035333333333333335      -0.007801241756949041
0.0354                    -0.007523307011329702
0.03546666666666667       -0.006800611702991384
0.03553333333333333       -0.005727481080352196
0.0356                    -0.004434057727589139
0.035666666666666666      -0.003062646503427199
0.03573333333333333       -0.0017438862206680433
0.0358                    -5.774696390809759E-4
0.03586666666666667       3.789944478609998E-4
0.03593333333333334       0.0011113975155499897
0.036000000000000004      0.0016416883237460361
0.03606666666666667       0.0020142548310104758
0.03613333333333334       0.0022801238810643554
0.0362                    0.0024829975445754826
0.03626666666666667       0.002650331439716475
0.036333333333333336      0.0027909937780350447
0.0364                    0.002899258547196431
0.03646666666666667       0.002963200502563268
0.036533333333333334      0.0029745816552479354
0.0366                    0.0029371463211386333
0.03666666666666667       0.0028709452516133232
0.03673333333333333       0.002811548358295113
0.0368                    0.0028043793780463083
0.036866666666666666      0.002895737931664501
0.03693333333333333       0.003122758569328913
0.037000000000000005      0.0035046727280132473
0.03706666666666667       0.0040372380587671486
0.03713333333333334       0.004691518593712577
0.037200000000000004      0.0054170344789911595
0.03726666666666667       0.0061485083341332415
0.037333333333333336      0.006814787147699722
0.0374                    0.007348301986764584
0.03746666666666667       0.007693501189351082
0.037533333333333335      0.007812986516260676
0.0376                    0.007690602131853146
0.03766666666666667       0.007331289783386248
0.037733333333333334      0.00675789566178407
0.0378                    0.006005750586544829
0.037866666666666667      0.005116043895083878
0.03793333333333333       0.0041292540928614995
0.038                     0.003079824914623584
0.038066666666666665      0.0019929502866164383
0.03813333333333334       8.840258607441294E-4
0.038200000000000005      -2.392236352274527E-4
0.03826666666666667       -0.0013724976368913694
0.03833333333333334       -0.0025096431906734195
0.038400000000000004      -0.0036375993180886973
0.03846666666666667       -0.0047328755691913625
0.038533333333333336      -0.00576048469104405
0.0386                    -0.00667580494856728
0.03866666666666667       -0.007429153492142048
0.038733333333333335      -0.007972251856699586
0.0388                    -0.008265226913083876
0.03886666666666667       -0.008282833000911134
0.038933333333333334      -0.008018581096881203
0.039                     -0.007486020913347602
0.039066666666666666      -0.006717157999186644
0.03913333333333333       -0.005758544330352119
0.0392                    -0.004666081513278186
0.03926666666666667       -0.0034998275971572313
0.03933333333333334       -0.0023198804618524654
0.039400000000000004      -0.0011838677705132536
0.03946666666666667       -1.460573116349097E-4
0.03953333333333334       7.426156080327927E-4
0.0396                    0.001434660520836977
0.03966666666666667       0.001887319892245744
0.039733333333333336      0.002065734118722113
0.0398                    0.0019480172611240829
0.03986666666666667       0.0015314512545176382
0.039933333333333335      8.383559096338493E-4
0.04                      -8.017179123141568E-5
0.04006666666666667       -0.0011443260134131248
0.04013333333333333       -0.0022505485103465617
0.0402                    -0.003281459544918367
0.040266666666666666      -0.0041196958793859395
0.04033333333333333       -0.004663585552147457
0.040400000000000005      -0.004841976399932589
0.04046666666666667       -0.004625419953039714
0.04053333333333334       -0.004031487108607378
0.040600000000000004      -0.0031230209777796908
0.04066666666666667       -0.001999440087404634
0.04073333333333334       -7.824219043998581E-4
0.0408                    4.0157504866199017E-4
0.04086666666666667       0.00143902945897675
0.040933333333333335      0.002244407344343407
0.041                     0.002770235071823533
0.04106666666666667       0.0030107920922871146
0.041133333333333334      0.0029992121271789074
0.0412                    0.0027989204889828606
0.04126666666666667       0.0024912045753028777
0.04133333333333333       0.0021612891744423124
0.0414                    0.0018853040902675794
0.041466666666666666      0.0017202592072343187
0.04153333333333334       0.0016983626618249609
0.041600000000000005      0.0018260999973530748
0.04166666666666667       0.002087554303995733
0.04173333333333334       0.002450662523707641
0.041800000000000004      0.002874702788955931
0.04186666666666667       0.0033172813460363875
0.041933333333333336      0.003739515851650919
0.042                     0.0041088971276102325
0.04206666666666667       0.004399886255019477
0.042133333333333335      0.004593072442470917
0.0422                    0.004673782968893647
0.04226666666666667       0.004631029924244753
0.042333333333333334      0.004457360998328243
0.0424                    0.0041494622460699505
0.042466666666666666      0.0037090856432249503
0.04253333333333333       0.0031437196053697596
0.0426                    0.002466571583811726
0.04266666666666667       0.0016958073371954794
0.04273333333333334       8.533427337949563E-4
0.042800000000000005      -3.629890654467886E-5
0.04286666666666667       -9.465166222071275E-4
0.04293333333333334       -0.001848367487712364
0.043000000000000003      -0.0027097939663300557
0.04306666666666667       -0.0034950312276903006
0.043133333333333336      -0.004165064892731607
0.0432                    -0.004679896852134594
0.04326666666666667       -0.005002707958088389
0.043333333333333335      -0.005105419067798981
0.0434                    -0.0049744517475898775
0.04346666666666667       -0.004615155264868268
0.043533333333333334      -0.00405341069147523
0.0436                    -0.0033335837069898844
0.043666666666666666      -0.002512907451351306
0.04373333333333333       -0.001653289597015828
0.0438                    -8.123676608582693E-4
0.04386666666666667       -3.579579406017985E-5
0.04393333333333334       6.475044761568175E-4
0.044000000000000004      0.0012260997734431709
0.04406666666666667       0.0017028726329694369
0.04413333333333334       0.0020889146752389415
0.0442                    0.0023962004841970547
0.04426666666666667       0.0026309934494617793
0.044333333333333336      0.002789789902245892
0.0444                    0.0028588169869700713
0.04446666666666667       0.002817253099887499
0.044533333333333334      0.0026434657712733106
0.0446                    0.0023228375856498523
0.04466666666666667       0.0018553446986645991
0.04473333333333333       0.0012611297009113645
0.0448                    5.826791020808741E-4
0.044866666666666666      -1.1714859354989514E-4
0.04493333333333333       -7.611989796194914E-4
0.045000000000000005      -0.0012674385964471316
0.04506666666666667       -0.0015603496909274586
0.04513333333333334       -0.0015825190431704478
0.045200000000000004      -0.001304571920107784
0.04526666666666667       -7.31789195145081E-4
0.04533333333333334       9.378432261136001E-5
0.0454                    0.0010963254296387146
0.04546666666666667       0.0021741195398915026
0.045533333333333335      0.0032113390874915887
0.0456                    0.004092067779440965
0.04566666666666667       0.004714515858462879
0.045733333333333334      0.005003284430131316
0.0458                    0.004917875481104212
0.04586666666666667       0.004456204545151975
0.04593333333333333       0.0036528287289131966
0.046                     0.0025724847385260674
0.046066666666666665      0.0013003706449775823
0.04613333333333334       -6.897608762658695E-5
0.046200000000000005      -0.0014422455902344414
0.04626666666666667       -0.0027358129321198377
0.04633333333333334       -0.0038811807919825825
0.046400000000000004      -0.004827231185377708
0.04646666666666667       -0.005539856385439634
0.046533333333333336      -0.00600000549041267
0.0466                    -0.006201286750313427
0.04666666666666667       -0.006148114517730262
0.046733333333333335      -0.005854852314639304
0.0468                    -0.00534592372631388
0.04686666666666667       -0.004656339413486421
0.046933333333333334      -0.003831719622082476
0.047                     -0.0029268759618779378
0.047066666666666666      -0.0020024545790095416
0.04713333333333333       -0.001119489976969947
0.0472                    -3.3254257037437405E-4
0.04726666666666667       3.1741029046575666E-4
0.04733333333333334       8.088446276295662E-4
0.047400000000000005      0.0011428986368368246
0.04746666666666667       0.0013428760118715996
0.04753333333333334       0.0014497011559017534
0.0476                    0.0015138282241033657
0.04766666666666667       0.0015849691200336175
0.047733333333333336      0.0017015642785866345
0.0478                    0.0018821269415119396
0.04786666666666667       0.0021203201363927554
0.047933333333333335      0.0023849802507486728
0.048                     0.0026253199903294444
0.04806666666666667       0.00278046219110755
0.048133333333333334      0.002791478539750512
0.0482                    0.002613529355065631
0.048266666666666666      0.0022256136539259125
0.04833333333333333       0.0016358995635528117
0.048400000000000006      8.815307768860034E-4
0.04846666666666667       2.3015071371495237E-5
0.04853333333333334       -8.655444253236055E-4
0.048600000000000004      -0.001708217231290681
0.04866666666666667       -0.002438496848169182
0.04873333333333334       -0.0030077567207627
0.0488                    -0.0033893861026237054
0.04886666666666667       -0.003578210058289447
0.048933333333333336      -0.0035860108328051865
0.049                     -0.0034348612617967384
0.04906666666666667       -0.003150379759192999
0.049133333333333334      -0.002756800502538681
0.0492                    -0.0022749959358147214
0.04926666666666667       -0.001723479591808947
0.04933333333333333       -0.0011214095284231007
0.0494                    -4.919389393762685E-4
0.049466666666666666      1.35834539833013E-4
0.04953333333333334       7.275845231820963E-4
0.049600000000000005      0.0012474482937250286
0.04966666666666667       0.0016639190684405289
0.04973333333333334       0.001956343397198777
0.049800000000000004      0.0021200837550817858
0.04986666666666667       0.002168693405110389
0.049933333333333337      0.0021322371072268914
0.05                      0.0020519167467552635
0.05006666666666667       0.0019722303134455743
0.050133333333333335      0.001932514931208321
0.0502                    0.0019598862730033162
0.05026666666666667       0.0020650846417993307
0.050333333333333334      0.0022419181851936238
0.0504                    0.0024701106012798846
0.05046666666666667       0.002720548987521657
0.05053333333333333       0.002961532653508974
0.0506                    0.00316467131986948
0.05066666666666667       0.0033094115455501844
0.05073333333333334       0.0033856534282676876
0.050800000000000005      0.0033943586251033203
0.05086666666666667       0.003346412567355271
0.05093333333333334       0.0032599994696543683
0.051000000000000004      0.0031567915076656
0.05106666666666667       0.003057314041403255
0.051133333333333336      0.002975945735150682
0.0512                    0.0029163030890880953
0.05126666666666667       0.0028679304107624504
0.051333333333333335      0.002805320978430765
0.0514                    0.0026900906398493263
0.05146666666666667       0.0024765342490614523
0.051533333333333334      0.0021199638140387833
0.0516                    0.0015863680081175907
0.051666666666666666      8.613974849660215E-4
0.05173333333333333       -4.352860074366826E-5
0.051800000000000006      -0.0010896366688289813
0.05186666666666667       -0.002214411082344928
0.05193333333333334       -0.003339821065310389
0.052000000000000005      -0.004383459354617766
0.05206666666666667       -0.005270167486742139
0.05213333333333334       -0.005941686237097851
0.0522                    -0.006362548131229622
0.05226666666666667       -0.006521401610890669
0.052333333333333336      -0.006428175173433763
0.0524                    -0.006108533907016473
0.05246666666666667       -0.005597456491419247
0.052533333333333335      -0.004933657457253763
0.0526                    -0.004155991066779409
0.05266666666666667       -0.0033021136187016964
0.05273333333333333       -0.002408875942429794
0.0528                    -0.0015133285030190433
0.052866666666666666      -6.532138338245985E-4
0.05293333333333334       1.3388312422486166E-4
0.053000000000000005      8.129938089820955E-4
0.05306666666666667       0.0013553936816086726
0.05313333333333334       0.0017425041629134544
0.053200000000000004      0.001968924712855369
0.05326666666666667       0.0020436107588466257
0.05333333333333334       0.0019886597541959156
0.0534                    0.0018358003289904445
0.05346666666666667       0.0016212287217578186
0.053533333333333336      0.0013798784472913081
0.0536                    0.001140325380090092
0.05366666666666667       9.214214514940977E-4
0.053733333333333334      7.312988704403064E-4
0.0538                    5.687952018758682E-4
0.05386666666666667       4.268467632105708E-4
0.05393333333333333       2.968863996751941E-4
0.054                     1.7310089570595933E-4
0.05406666666666667       5.55011763156343E-5
0.05413333333333334       -4.890731689905729E-5
0.054200000000000005      -1.271147062392888E-4
0.05426666666666667       -1.629620182939106E-4
0.05433333333333334       -1.412025484179528E-4
0.054400000000000004      -5.177750702906832E-5
0.05446666666666667       1.0662853514580625E-4
0.054533333333333336      3.245834606267246E-4
0.0546                    5.818987410748377E-4
0.05466666666666667       8.496796321456454E-4
0.054733333333333335      0.0010941153866172368
0.0548                    0.0012813458036232208
0.05486666666666667       0.0013825617082017874
0.054933333333333334      0.0013784660342415528
0.055                     0.0012623605767398008
0.05506666666666667       0.0010413190383198006
0.05513333333333333       7.35217148238527E-4
0.055200000000000006      3.737764782272279E-4
0.05526666666666667       -7.8933453003012E-6
0.05533333333333334       -3.7447315948416617E-4
0.055400000000000005      -6.954031248044755E-4
0.05546666666666667       -9.486855415161699E-4
0.05553333333333334       -0.0011227621913089284
0.055600000000000004      -0.0012160790169478527
0.05566666666666667       -0.0012345027311572007
0.055733333333333336      -0.0011872314249298402
0.0558                    -0.0010822751854513107
0.05586666666666667       -9.228023471743134E-4
0.055933333333333335      -7.055264390406332E-4
0.056                     -4.2181772836816624E-4
0.05606666666666667       -6.149433246654162E-5
0.056133333333333334      3.8146560109453276E-4
0.0562                    9.027291317969295E-4
0.056266666666666666      0.0014826350629196636
0.05633333333333334       0.002084052423015237
0.056400000000000006      0.002654100976152612
0.05646666666666667       0.0031299079169652294
0.05653333333333334       0.0034475752202394816
0.056600000000000004      0.0035526887264235745
0.05666666666666667       0.0034103181595647974
0.05673333333333334       0.0030124111965830836
0.0568                    0.002381026894519372
0.05686666666666667       0.0015667319322736667
0.056933333333333336      6.424682318798401E-4
0.057                     -3.06000155563067E-4
0.05706666666666667       -0.001191199287339779
0.057133333333333335      -0.0019347067822569183
0.0572                    -0.0024758691766432355
0.05726666666666667       -0.0027773225197701584
0.05733333333333333       -0.0028269151807762682
0.0574                    -0.00263632254375677
0.05746666666666667       -0.002237110199140651
0.05753333333333334       -0.0016752653339478587
0.057600000000000005      -0.0010052097454068382
0.05766666666666667       -2.841468740371056E-4
0.05773333333333334       4.3271182117418254E-4
0.057800000000000004      0.001095801541980888
0.05786666666666667       0.0016637016129347362
0.05793333333333334       0.0021046323319231825
0.058                     0.0023971714628195123
0.05806666666666667       0.0025304130977019668
0.058133333333333335      0.0025037903854224297
0.0582                    0.002326650619839451
0.05826666666666667       0.0020176724564017995
0.058333333333333334      0.0016040373136222894
0.0584                    0.0011202104173467628
0.05846666666666667       6.060893501853571E-4
0.05853333333333333       1.0442108084264753E-4
0.058600000000000006      -3.4259967183710875E-4
0.05866666666666667       -6.973742835855644E-4
0.05873333333333334       -9.311070129375107E-4
0.058800000000000005      -0.0010275352895925088
0.05886666666666667       -9.854389021971396E-4
0.05893333333333334       -8.19282787103605E-4
0.059000000000000004      -5.575828659597651E-4
0.05906666666666667       -2.390326907126499E-4
0.059133333333333336      9.308922796792878E-5
0.0592                    3.973734481925411E-4
0.05926666666666667       6.404629093594849E-4
0.059333333333333335      8.019039918768353E-4
0.0594                    8.768573627873723E-4
0.05946666666666667       8.763023568982524E-4
0.059533333333333334      8.248040934891573E-4
0.0596                    7.562856273060399E-4
0.059666666666666666      7.084888576563182E-4
0.05973333333333333       7.169221145366984E-4
0.059800000000000006      8.090543248856973E-4
0.05986666666666667       9.994457484156425E-4
0.05993333333333334       0.0012864057332210774
0.060000000000000005      0.0016507077671121806
0.06006666666666667       0.0020567328818807645
0.06013333333333334       0.0024562171726886716
0.060200000000000004      0.0027944164300736573
0.06026666666666667       0.0030180813295633663
0.060333333333333336      0.003084136630474989
0.0604                    0.0029675925034098327
0.06046666666666667       0.0026671084758293417
0.060533333333333335      0.002206874404302133
0.0606                    0.0016340820501292391
0.06066666666666667       0.0010121308878296986
0.060733333333333334      4.106509752870938E-4
0.0608                    -1.0581365677353443E-4
0.060866666666666666      -4.882528883172198E-4
0.06093333333333334       -7.106758192613985E-4
0.061000000000000006      -7.731795423231753E-4
0.06106666666666667       -7.001049068224216E-4
0.06113333333333334       -5.338252865060764E-4
0.061200000000000004      -3.2563928159236495E-4
0.06126666666666667       -1.2578961260650037E-4
0.06133333333333334       2.5350264329355438E-5
0.0614                    1.032825395798552E-4
0.06146666666666667       1.0168058335174075E-4
0.061533333333333336      3.092925868283402E-5
0.0616                    -8.62927225690718E-5
0.06166666666666667       -2.2117684888403998E-4
0.061733333333333335      -3.453004464972765E-4
0.0618                    -4.362368147537512E-4
0.06186666666666667       -4.813891604758933E-4
0.06193333333333333       -4.7967132871105743E-4
0.062                     -4.4112323874807255E-4
0.06206666666666667       -3.848536008652965E-4
0.06213333333333334       -3.358961995607907E-4
0.062200000000000005      -3.21513742944392E-4
0.06226666666666667       -3.6737782751775484E-4
0.06233333333333334       -4.939473999132003E-4
0.062400000000000004      -7.132205480177488E-4
0.06246666666666667       -0.0010260367416776717
0.06253333333333333       -0.0014201719895936549
0.0626                    -0.0018695698111384576
0.06266666666666668       -0.002335088310896286
0.06273333333333334       -0.0027671544563158284
0.06280000000000001       -0.0031104630657604764
0.06286666666666667       -0.0033105367412125425
0.06293333333333334       -0.0033215220485414776
0.063                     -0.0031141479100499836
0.06306666666666667       -0.002682560289810811
0.06313333333333333       -0.0020486093126237392
0.0632                    -0.0012624284302416658
0.06326666666666667       -3.9871094798270095E-4
0.06333333333333334       4.51239917310886E-4
0.0634                    0.0011908021531001265
0.06346666666666667       0.0017311250183930887
0.06353333333333333       0.0020040163944941014
0.0636                    0.0019725664127950688
0.06366666666666666       0.0016376605490222573
0.06373333333333334       0.0010392129895210797
0.06380000000000001       2.516863387427292E-4
0.06386666666666667       -6.255083384790591E-4
0.06393333333333334       -0.001481367927876168
0.064                     -0.0022083999439408736
0.06406666666666667       -0.0027171389748608427
0.06413333333333333       -0.0029478560318239033
0.06420000000000001       -0.0028777231595345904
0.06426666666666667       -0.002522411024464028
0.06433333333333334       -0.001932053972268477
0.0644                    -0.0011824600722840323
0.06446666666666667       -3.631796155657087E-4
0.06453333333333333       4.355282341878462E-4
0.0646                    0.0011346703644708864
0.06466666666666666       0.0016756463197192975
0.06473333333333334       0.0020253653347026557
0.0648                    0.002177058045552777
0.06486666666666667       0.0021472388678895576
0.06493333333333334       0.0019699631583145155
0.065                     0.0016898083766656263
0.06506666666666668       0.001354987342243216
0.06513333333333333       0.0010117153412595923
0.06520000000000001       7.004549656163103E-4
0.06526666666666667       4.540142617770471E-4
0.06533333333333334       2.971211194692713E-4
0.0654                    2.468222815618253E-4
0.06546666666666667       3.1305169042233124E-4
0.06553333333333333       4.988891003969393E-4
0.0656                    8.003286306380429E-4
0.06566666666666666       0.0012057036718553199
0.06573333333333334       0.0016951569164770522
0.0658                    0.002240650572015771
0.06586666666666667       0.0028069437997016522
0.06593333333333333       0.0033537590310775806
0.066                     0.0038390800057511243
0.06606666666666668       0.0042232475077201214
0.06613333333333334       0.004473278864419886
0.06620000000000001       0.004566749491329704
0.06626666666666667       0.0044945241949920145
0.06633333333333334       0.004261782675582383
0.0664                    0.003887127702390509
0.06646666666666667       0.0033998270934846786
0.06653333333333333       0.0028356211093653527
0.0666                    0.0022317402846445994
0.06666666666666667       0.0016220759675239346
0.06673333333333334       0.0010333351632912777
0.0668                    4.8280713235726585E-4
0.06686666666666667       -2.1895348871631985E-5
0.06693333333333333       -4.811959661310539E-4
0.067                     -9.004819023955081E-4
0.06706666666666666       -0.0012864024112267153
0.06713333333333334       -0.0016433945690680826
0.06720000000000001       -0.0019712040666490793
0.06726666666666667       -0.0022638749796897173
0.06733333333333334       -0.0025103460398635696
0.0674                    -0.002696448105520436
0.06746666666666667       -0.0028077414026483893
0.06753333333333333       -0.0028325984520571573
0.06760000000000001       -0.0027649729496001135
0.06766666666666667       -0.0026064272138423155
0.06773333333333334       -0.0023671730970298605
0.0678                    -0.0020660261548722963
0.06786666666666667       -0.001729329112484785
0.06793333333333333       -0.001388904347550124
0.068                     -0.0010791733303839074
0.06806666666666666       -8.335771001709093E-4
0.06813333333333334       -6.805748583116968E-4
0.0682                    -6.396207733944591E-4
0.06826666666666667       -7.176603768519793E-4
0.06833333333333334       -9.067947082387817E-4
0.0684                    -0.0011837465239555708
0.06846666666666668       -0.0015116302030427115
0.06853333333333333       -0.001844086206152237
0.06860000000000001       -0.0021314055775292218
0.06866666666666667       -0.0023277661114531967
0.06873333333333334       -0.002398344796217446
0.0688                    -0.0023249220103025436
0.06886666666666667       -0.002108813720821802
0.06893333333333333       -0.001770414341340906
0.069                     -0.001345339701012043
0.06906666666666667       -8.778749324847013E-4
0.06913333333333334       -4.1306073918739075E-4
0.0692                    1.0927945313606917E-5
0.06926666666666667       3.6851085522877317E-4
0.06933333333333333       6.493560795206577E-4
0.0694                    8.574627136113122E-4
0.06946666666666668       0.001007002273191964
0.06953333333333334       0.0011160303339628236
0.06960000000000001       0.0011996145310279513
0.06966666666666667       0.0012640872363200678
0.06973333333333334       0.0013038880382997117
0.0698                    0.0013018650268869741
0.06986666666666667       0.0012331176091850335
0.06993333333333333       0.0010715693143928157
0.07                      7.978775829542428E-4
0.07006666666666667       4.068649473733135E-4
0.07013333333333334       -8.729851073699793E-5
0.0702                    -6.495321867987515E-4
0.07026666666666667       -0.0012265483466243105
0.07033333333333333       -0.0017535727071974958
0.0704                    -0.002163995207021279
0.07046666666666666       -0.002400188656922962
0.07053333333333334       -0.0024234322980711503
0.07060000000000001       -0.0022209804239017622
0.07066666666666667       -0.0018088207538572273
0.07073333333333334       -0.0012295443614545678
0.0708                    -5.456670104259891E-4
0.07086666666666668       1.7028281321732473E-4
0.07093333333333333       8.469584198402506E-4
0.07100000000000001       0.001424509986203962
0.07106666666666667       0.001862081457927291
0.07113333333333334       0.002141206217597106
0.0712                    0.002264718084396528
0.07126666666666667       0.00225184515251645
0.07133333333333333       0.0021309084175819798
0.0714                    0.0019315353087482176
0.07146666666666666       0.0016782681216552322
0.07153333333333334       0.0013869638496544212
0.0716                    0.0010646598945770944
0.07166666666666667       7.125972957250529E-4
0.07173333333333334       3.3133610226546546E-4
0.0718                    -7.367479169520913E-5
0.07186666666666668       -4.877549550396258E-4
0.07193333333333334       -8.852060792768108E-4
0.07200000000000001       -0.0012307674707179622
0.07206666666666667       -0.00148412974834043
0.07213333333333334       -0.0016066139380979752
0.0722                    -0.0015685514621769211
0.07226666666666667       -0.001355790940579027
0.07233333333333333       -9.739470135952745E-4
0.0724                    -4.4949599915915836E-4
0.07246666666666667       1.725124753387978E-4
0.07253333333333334       8.337122167826497E-4
0.0726                    0.0014697574661113322
0.07266666666666667       0.0020185880130156875
0.07273333333333333       0.0024283863604068756
0.0728                    0.0026641375568163183
0.07286666666666668       0.0027119580107474966
0.07293333333333334       0.0025806300275559935
0.07300000000000001       0.0023000974490839455
0.07306666666666667       0.0019170536667973334
0.07313333333333334       0.0014880315159514015
0.0732                    0.0010708132342967605
0.07326666666666667       7.153423814868023E-4
0.07333333333333333       4.5550163382098883E-4
0.0734                    3.031795599131979E-4
0.07346666666666667       2.458881904853374E-4
0.07353333333333334       2.486855259381367E-4
0.0736                    2.604349397837982E-4
0.07366666666666667       2.235612539932064E-4
0.07373333333333333       8.567279780891103E-5
0.0738                    -1.8908947095042108E-4
0.07386666666666666       -6.112748752847048E-4
0.07393333333333334       -0.0011618045308361097
0.07400000000000001       -0.001793208611031462
0.07406666666666667       -0.0024363704890544924
0.07413333333333334       -0.0030115759249643554
0.0742                    -0.003441731512014355
0.07426666666666668       -0.003665140439157507
0.07433333333333333       -0.0036453506909310818
0.07440000000000001       -0.0033761982922442257
0.07446666666666667       -0.002881256098459874
0.07453333333333334       -0.0022080577494177434
0.0746                    -0.001418580617090421
0.07466666666666667       -5.781186752886112E-4
0.07473333333333333       2.550235959850918E-4
0.0748                    0.0010370044349526455
0.07486666666666666       0.0017418063320552132
0.07493333333333334       0.002360187728689717
0.075                     0.002894910052418709
0.07506666666666667       0.0033537059872677283
0.07513333333333334       0.0037418787833303213
0.0752                    0.00405637189812426
0.07526666666666668       0.00428272462782583
0.07533333333333334       0.004395636097927179
0.07540000000000001       0.004363057885452041
0.07546666666666667       0.0041529430309310555
0.07553333333333334       0.0037412451347336173
0.0756                    0.0031195245600039406
0.07566666666666667       0.0023005695464754744
0.07573333333333333       0.0013208156659467413
0.0758                    2.3896737833898173E-4
0.07586666666666667       -8.691898027401683E-4
0.07593333333333334       -0.0019190979115332343
0.076                     -0.002827649744826236
0.07606666666666667       -0.0035237379987458034
0.07613333333333333       -0.003957532271410206
0.0762                    -0.004107028545279588
0.07626666666666668       -0.003980786747498704
0.07633333333333334       -0.0036163956226248828
0.07640000000000001       -0.0030747782937916262
0.07646666666666667       -0.002431160321326128
0.07653333333333334       -0.0017640739055683038
0.0766                    -0.0011441554608089583
0.07666666666666667       -6.245512236741238E-4
0.07673333333333333       -2.3452319302513008E-4
0.07680000000000001       2.2617859802461904E-5
0.07686666666666667       1.6695753168148383E-4
0.07693333333333334       2.3528181762750522E-4
0.077                     2.7155778350009186E-4
0.07706666666666667       3.1646869216014504E-4
0.07713333333333333       3.9808521043076847E-4
0.0772                    5.254908319329843E-4
0.07726666666666666       6.866212851101798E-4
0.07733333333333334       8.506866413102086E-4
0.07740000000000001       9.745905367058835E-4
0.07746666666666667       0.0010120034899695643
0.07753333333333334       9.23215230743933E-4
0.0776                    6.838017226462918E-4
0.07766666666666668       2.904395920008287E-4
0.07773333333333333       -2.371555300279788E-4
0.07780000000000001       -8.583599161024072E-4
0.07786666666666667       -0.001517282607632556
0.07793333333333334       -0.0021507431686456713
0.078                     -0.002697081903793982
0.07806666666666667       -0.003104278169173215
0.07813333333333333       -0.00333613611292094
0.0782                    -0.0033757924268554363
0.07826666666666666       -0.0032263065222650766
0.07833333333333334       -0.002908607537392527
0.0784                    -0.0024574269773438573
0.07846666666666667       -0.0019160811914064521
0.07853333333333334       -0.001330971867511315
0.0786                    -7.465394197164902E-4
0.07866666666666668       -2.012335919841593E-4
0.07873333333333334       2.751370848272926E-4
0.07880000000000001       6.626507155098287E-4
0.07886666666666667       9.512025613470801E-4
0.07893333333333334       0.0011394298843307687
0.079                     0.0012329570350370236
0.07906666666666667       0.0012423700993947154
0.07913333333333333       0.0011812781615714943
0.0792                    0.0010647549518450563
0.07926666666666667       9.082856413442641E-4
0.07933333333333334       7.272360921238682E-4
0.0794                    5.367275755686154E-4
0.07946666666666667       3.5169649345334625E-4
0.07953333333333333       1.868610135196443E-4
0.0796                    5.634304566878469E-5
0.07966666666666668       -2.7205238224731907E-5
0.07973333333333334       -5.394765810251549E-5
0.07980000000000001       -1.8498142233218904E-5
0.07986666666666667       7.850730480640787E-5
0.07993333333333334       2.2934656954021196E-4
0.08                      4.1907679405994713E-4
0.08006666666666667       6.266410179835345E-4
0.08013333333333333       8.272585587941908E-4
0.08020000000000001       9.95865640496569E-4
0.08026666666666667       0.0011110809739745622
0.08033333333333334       0.0011589647952600249
0.0804                    0.001135806311919753
0.08046666666666667       0.0010492344652967794
0.08053333333333333       9.172499121632427E-4
0.0806                    7.652488171256014E-4
0.08066666666666666       6.214728346094489E-4
0.08073333333333334       5.11775046886344E-4
0.08080000000000001       4.5473870808824103E-4
0.08086666666666667       4.582172987284139E-4
0.08093333333333334       5.18101809055744E-4
0.081                     6.195969617692754E-4
0.08106666666666668       7.407579687424004E-4
0.08113333333333334       8.575012055059363E-4
0.08120000000000001       9.489571467773723E-4
0.08126666666666667       0.0010018972555241948
0.08133333333333334       0.0010131985951115244
0.0814                    9.897367521521769E-4
0.08146666666666667       9.457284592956837E-4
0.08153333333333333       8.98162298004276E-4
0.0816                    8.614149410277605E-4
0.08166666666666667       8.423701032630301E-4
0.08173333333333334       8.37236998320025E-4
0.0818                    8.309139978207115E-4
0.08186666666666667       7.991410862554663E-4
0.08193333333333334       7.130449812393636E-4
0.082                     5.451732982432336E-4
0.08206666666666668       2.757777937014387E-4
0.08213333333333334       -1.0192901325873609E-4
0.08220000000000001       -5.785924045734907E-4
0.08226666666666667       -0.001128242862510628
0.08233333333333334       -0.0017106507688627712
0.0824                    -0.0022760750725865364
0.08246666666666667       -0.002771601455086576
0.08253333333333333       -0.0031480447838215958
0.0826                    -0.003366323104793472
0.08266666666666667       -0.0034023536552142885
0.08273333333333334       -0.003249822724943182
0.0828                    -0.0029205220884510447
0.08286666666666667       -0.0024423176905007233
0.08293333333333333       -0.0018551984893357648
0.083                     -0.0012060319630628718
0.08306666666666668       -5.428588150867394E-4
0.08313333333333334       9.041722790113584E-5
0.08320000000000001       6.582380010513589E-4
0.08326666666666667       0.0011359810928947159
0.08333333333333334       0.0015107292523940227
0.0834                    0.0017803039227146655
0.08346666666666668       0.0019509361424882496
0.08353333333333333       0.002034093868652625
0.08360000000000001       0.002043132113093244
0.08366666666666667       0.0019903696374967694
0.08373333333333334       0.0018850261362136475
0.0838                    0.0017323177141536558
0.08386666666666667       0.0015337428776547313
0.08393333333333333       0.001288397774000519
0.084                     9.94977942484963E-4
0.08406666666666666       6.540226167999208E-4
0.08413333333333334       2.699176792313145E-4
0.08420000000000001       -1.4775836409951034E-4
0.08426666666666667       -5.838904450813841E-4
0.08433333333333334       -0.0010186194662570155
0.0844                    -0.0014292145746627025
0.08446666666666668       -0.0017927722198822136
0.08453333333333334       -0.0020892818408486035
0.08460000000000001       -0.0023045126581564546
0.08466666666666667       -0.002432125495813255
0.08473333333333334       -0.002474529078296785
0.0848                    -0.0024422010922405335
0.08486666666666667       -0.002351506239002837
0.08493333333333333       -0.0022213683114387095
0.085                     -0.00206940493912303
0.08506666666666667       -0.0019083294194258218
0.08513333333333334       -0.0017434046894777566
0.0852                    -0.0015715759779725755
0.08526666666666667       -0.0013825496966351888
0.08533333333333334       -0.0011616865896420287
0.0854                    -8.941317625742938E-4
0.08546666666666668       -5.693147353927738E-4
0.08553333333333334       -1.8484874713716896E-4
0.08560000000000001       2.5103666225082373E-4
0.08566666666666667       7.191031036200002E-4
0.08573333333333334       0.0011909155457812761
0.0858                    0.0016325212117018445
0.08586666666666667       0.002009273036882015
0.08593333333333333       0.0022908527503854464
0.08600000000000001       0.002455563484025853
0.08606666666666667       0.0024931379011832178
0.08613333333333334       0.0024056197476706336
0.0862                    0.002206328574434987
0.08626666666666667       0.001917227528922792
0.08633333333333333       0.0015653109751708274
0.0864                    0.0011786789857848947
0.08646666666666666       7.829033150171329E-4
0.08653333333333334       3.981745103374124E-4
0.08660000000000001       3.752227682493228E-5
0.08666666666666667       -2.938075002540635E-4
0.08673333333333334       -5.978569991254647E-4
0.0868                    -8.824483541372631E-4
0.08686666666666668       -0.0011588011776828872
0.08693333333333333       -0.0014384914954592074
0.08700000000000001       -0.001730097083574427
0.08706666666666667       -0.0020359380619733463
0.08713333333333334       -0.0023494468685904784
0.0872                    -0.0026537524619405822
0.08726666666666667       -0.0029219811050487416
0.08733333333333333       -0.0031195374904200435
0.0874                    -0.00320833850751764
0.08746666666666666       -0.00315248963722427
0.08753333333333334       -0.002924572451904948
0.0876                    -0.0025114021846093237
0.08766666666666667       -0.0019181287913982356
0.08773333333333334       -0.0011697709435663586
0.0878                    -3.0971495912776196E-4
0.08786666666666668       6.047256756573915E-4
0.08793333333333334       0.0015089869515837304
0.08800000000000001       0.002339041159887399
0.08806666666666667       0.003038949516069676
0.08813333333333334       0.003566932199256761
0.0882                    0.0038990146962792744
0.08826666666666667       0.004029846800092075
0.08833333333333333       0.003970823342180145
0.0884                    0.003746141105823751
0.08846666666666667       0.0033877388258198543
0.08853333333333334       0.002930103410367987
0.0886                    0.002405863720923662
0.08866666666666667       0.0018427938547184958
0.08873333333333333       0.0012624550519311534
0.0888                    6.80373900520083E-4
0.08886666666666668       1.0736080886480137E-4
0.08893333333333334       -4.4856470880664086E-4
0.08900000000000001       -9.801948347428282E-4
0.08906666666666667       -0.0014795630288842534
0.08913333333333334       -0.0019370817504490592
0.0892                    -0.0023414952863406923
0.08926666666666667       -0.0026805573392526378
0.08933333333333333       -0.0029422511912084053
0.08940000000000001       -0.003116269995059286
0.08946666666666667       -0.0031954719285879818
0.08953333333333334       -0.0031771283746430917
0.0896                    -0.0030637834071447806
0.08966666666666667       -0.0028636185369188233
0.08973333333333333       -0.002590328296979091
0.0898                    -0.002262492639212204
0.08986666666666666       -0.0019025376947995807
0.08993333333333334       -0.0015352966729551554
0.09000000000000001       -0.0011862166367271648
0.09006666666666667       -8.792861023851271E-4
0.09013333333333334       -6.347943916417924E-4
0.0902                    -4.6707980072824284E-4
0.09026666666666668       -3.824784611684403E-4
0.09033333333333333       -3.7776653334731236E-4
0.09040000000000001       -4.3944665334752893E-4
0.09046666666666667       -5.441725848608517E-4
0.09053333333333334       -6.605177602198507E-4
0.0906                    -7.520836474473722E-4
0.09066666666666667       -7.817261108097487E-4
0.09073333333333333       -7.16438951453061E-4
0.0908                    -5.321918142726645E-4
0.09086666666666667       -2.1793653286295006E-4
0.09093333333333334       2.2195691209552556E-4
0.091                     7.673653183571462E-4
0.09106666666666667       0.0013843474028232907
0.09113333333333334       0.002029168203340045
0.0912                    0.0026537693587930073
0.09126666666666668       0.0032117895150024977
0.09133333333333334       0.003664100101949381
0.09140000000000001       0.0039828787142011735
0.09146666666666667       0.004153555159323982
0.09153333333333334       0.004174414855827179
0.0916                    0.004054130038379559
0.09166666666666667       0.0038078557117842138
0.09173333333333333       0.0034528728907129596
0.0918                    0.003004825599158981
0.09186666666666667       0.0024754093111758785
0.09193333333333334       0.0018719876035382704
0.092                     0.0011991619082566882
0.09206666666666667       4.6185900178638155E-4
0.09213333333333333       -3.3090829362793434E-4
0.0922                    -0.0011626415154231446
0.09226666666666668       -0.00200727057277358
0.09233333333333334       -0.0028290326673803584
0.09240000000000001       -0.0035846043777252945
0.09246666666666667       -0.0042272397383515325
0.09253333333333334       -0.004712178970554045
0.0926                    -0.005002395349687764
0.09266666666666667       -0.0050736240144552925
0.09273333333333333       -0.004917779671294349
0.09280000000000001       -0.004544153077793973
0.09286666666666667       -0.003978327897909496
0.09293333333333334       -0.003259101491754076
0.093                     -0.002434126941287624
0.09306666666666667       -0.0015550405743332313
0.09313333333333333       -6.729498501434657E-4
0.0932                    1.6512619185959912E-4
0.09326666666666666       9.185770842512804E-4
0.09333333333333334       0.001554301374458841
0.09340000000000001       0.0020468760381585787
0.09346666666666667       0.0023782915169639246
0.09353333333333334       0.002537735621444881
0.0936                    0.0025217667903884183
0.09366666666666668       0.002334984917459743
0.09373333333333334       0.0019910357950720936
0.09380000000000001       0.0015135694286852544
0.09386666666666667       9.36601878493093E-4
0.09393333333333334       3.03779828495213E-4
0.094                     -3.3380287433309216E-4
0.09406666666666667       -9.213525835158569E-4
0.09413333333333333       -0.0014054439130372234
0.0942                    -0.0017397947376593947
0.09426666666666667       -0.00189094795080434
0.09433333333333334       -0.0018429318276633108
0.0944                    -0.0016000583460221865
0.09446666666666667       -0.0011872451660955058
0.09453333333333334       -6.476452669760745E-4
0.0946                    -3.779197886290467E-5
0.09466666666666668       5.791047608779211E-4
0.09473333333333334       0.00114075792953372
0.09480000000000001       0.0015932155157705502
0.09486666666666667       0.0018970078505974794
0.09493333333333334       0.002031193148078663
0.095                     0.001994804262981883
0.09506666666666667       0.0018056370276359043
0.09513333333333333       0.0014967230714059301
0.0952                    0.0011111796026982898
0.09526666666666667       6.963234295004181E-4
0.09533333333333334       2.9795936799408603E-4
0.0954                    -4.436941419986131E-5
0.09546666666666667       -3.0065018966394873E-4
0.09553333333333333       -4.5197485035584705E-4
0.0956                    -4.90578034909309E-4
0.09566666666666668       -4.1871981894863505E-4
0.09573333333333334       -2.469488905002695E-4
0.09580000000000001       7.737549930807032E-6
0.09586666666666667       3.2346630697637537E-4
0.09593333333333334       6.746389075747824E-4
0.096                     0.0010327795004871274
0.09606666666666668       0.0013673989659374846
0.09613333333333333       0.0016472741055102752
0.09620000000000001       0.001842453019760017
0.09626666666666667       0.0019270644573095655
0.09633333333333334       0.001882677964333977
0.0964                    0.0017016967966420843
0.09646666666666667       0.0013900096860847303
0.09653333333333333       9.681499962295805E-4
0.0966                    4.7038751030673405E-4
0.09666666666666666       -5.845505916113326E-5
0.09673333333333334       -5.681302718585357E-4
0.09680000000000001       -0.0010093209608125367
0.09686666666666667       -0.001340177350877119
0.09693333333333334       -0.0015318944767516638
0.097                     -0.0015723607419723912
0.09706666666666668       -0.0014672853160716062
0.09713333333333334       -0.0012387231191886322
0.09720000000000001       -9.214050618798605E-4
0.09726666666666667       -5.57628007040226E-4
0.09733333333333334       -1.9167639350468698E-4
0.0974                    1.3530691649066276E-4
0.09746666666666667       3.893354223691858E-4
0.09753333333333333       5.461340499875535E-4
0.0976                    5.922387333287458E-4
0.09766666666666667       5.249534213882205E-4
0.09773333333333334       3.5155422665411606E-4
0.0978                    8.814410206728742E-5
0.09786666666666667       -2.4157648087046779E-4
0.09793333333333334       -6.075761921238155E-4
0.098                     -9.748974449134298E-4
0.09806666666666668       -0.0013054201096695448
0.09813333333333334       -0.0015602300866573518
0.09820000000000001       -0.0017026757247679467
0.09826666666666667       -0.0017019996178402965
0.09833333333333334       -0.0015372110730303185
0.0984                    -0.001200692420492747
0.09846666666666667       -7.009025783710447E-4
0.09853333333333333       -6.358530530243498E-5
0.09860000000000001       6.689558815976072E-4
0.09866666666666667       0.0014407043636310846
0.09873333333333334       0.0021867279179527293
0.0988                    0.002839491328424109
0.09886666666666667       0.003335936801574592
0.09893333333333333       0.0036244921086888227
0.099                     0.003671091473993978
0.09906666666666668       0.0034634049599325018
0.09913333333333334       0.0030126953248067628
0.09920000000000001       0.0023529975774831007
0.09926666666666667       0.0015376560207057213
0.09933333333333334       6.335863727144897E-4
0.0994                    -2.8608621297670264E-4
0.09946666666666668       -0.0011501036808892553
0.09953333333333333       -0.0018968155200127512
0.09960000000000001       -0.0024805517750792205
0.09966666666666667       -0.0028757817926816642
0.09973333333333334       -0.003078469740492957
0.0998                    -0.0031044268481699483
0.09986666666666667       -0.0029849669746389346
0.09993333333333333       -0.0027606148588737206
0.1                       -0.002473956098713513
0.10006666666666666       -0.0021628342884858803
0.10013333333333334       -0.0018550765484438411
0.10020000000000001       -0.0015655879438522138
0.10026666666666667       -0.001296241593081504
0.10033333333333334       -0.0010384040069766343
0.1004                    -7.774337510844427E-4
0.10046666666666668       -4.981342094002425E-4
0.10053333333333334       -1.8999902334014361E-4
0.10060000000000001       1.4878171870285375E-4
0.10066666666666667       5.093237528594077E-4
0.10073333333333334       8.723104921435672E-4
0.1008                    0.0012103470424855395
0.10086666666666667       0.00149184962668057
0.10093333333333333       0.0016856897397831614
0.101                     0.001765768264054454
0.10106666666666667       0.0017148653652319418
0.10113333333333334       0.0015273087317057485
0.1012                    0.0012102508293797395
0.10126666666666667       7.835559372324497E-4
0.10133333333333334       2.784460505478949E-4
0.1014                    -2.649095778386774E-4
0.10146666666666668       -8.006649274778153E-4
0.10153333333333334       -0.0012812434371361242
0.10160000000000001       -0.0016617153555021755
0.10166666666666667       -0.0019043167371169797
0.10173333333333334       -0.0019826855734988514
0.1018                    -0.0018852684962829308
0.10186666666666667       -0.0016173668846022338
0.10193333333333333       -0.0012013636171884304
0.10200000000000001       -6.748542738413173E-4
0.10206666666666667       -8.67722384490272E-5
0.10213333333333334       5.080539797615659E-4
0.1022                    0.0010551482971225465
0.10226666666666667       0.001506489938557414
0.10233333333333333       0.0018255062168464065
0.1024                    0.0019902184430975467
0.10246666666666668       0.0019941492355428636
0.10253333333333334       0.0018450679324035133
0.10260000000000001       0.0015620857177834427
0.10266666666666667       0.0011718589313594358
0.10273333333333334       7.048091501928866E-4
0.1028                    1.9214720149258403E-4
0.10286666666666668       -3.358692379801402E-4
0.10293333333333334       -8.50380870230895E-4
0.10300000000000001       -0.0013234261714387685
0.10306666666666667       -0.0017271886213815638
0.10313333333333334       -0.002033718562285815
0.1032                    -0.0022157204221002758
0.10326666666666667       -0.002248721230509026
0.10333333333333333       -0.0021144487046902733
0.1034                    -0.0018048308806360833
0.10346666666666667       -0.0013257073629314878
0.10353333333333334       -6.992237592515137E-4
0.10360000000000001       3.5906891298509564E-5
0.10366666666666667       8.26729490654543E-4
0.10373333333333334       0.001610934069114072
0.1038                    0.0023236607833366308
0.10386666666666668       0.0029051891012516406
0.10393333333333334       0.0033082079358531962
0.10400000000000001       0.003503392932803503
0.10406666666666667       0.003482396065789674
0.10413333333333334       0.0032577430829405785
0.1042                    0.002859770877486361
0.10426666666666667       0.0023312693062637535
0.10433333333333333       0.0017208625130089267
0.1044                    0.0010763454982744797
0.10446666666666667       4.3912322975562086E-4
0.10453333333333334       -1.5940775795440594E-4
0.1046                    -6.991366286196613E-4
0.10466666666666667       -0.0011702454108412244
0.10473333333333334       -0.0015704641950183681
0.1048                    -0.001901365301039602
0.10486666666666668       -0.002164624656351017
0.10493333333333334       -0.0023591078601644506
0.10500000000000001       -0.0024794098072951393
0.10506666666666667       -0.002516103908419609
0.10513333333333334       -0.002457621623761952
0.1052                    -0.002293303168179201
0.10526666666666668       -0.0020169172951552483
0.10533333333333333       -0.0016298160979723825
0.10540000000000001       -0.0011430079300355697
0.10546666666666667       -5.775877486615043E-4
0.10553333333333334       3.666481412827652E-5
0.1056                    6.643495809320095E-4
0.10566666666666667       0.00126862054873657
0.10573333333333333       0.0018157004004543914
0.1058                    0.0022788855130784214
0.10586666666666668       0.0026412488077767193
0.10593333333333334       0.002896537014748901
0.10600000000000001       0.0030481088490757558
0.10606666666666667       0.0031062174987580094
0.10613333333333334       0.003084255174534129
0.1062                    0.0029947950138843487
0.10626666666666668       0.0028463324664958884
0.10633333333333334       0.0026414450341170387
0.10640000000000001       0.0023767766459578915
0.10646666666666667       0.002044851426035166
0.10653333333333334       0.0016373003766472851
0.1066                    0.0011487747708867704
0.10666666666666667       5.806336703244597E-4
0.10673333333333333       -5.6411684324432765E-5
0.1068                    -7.413624303548463E-4
0.10686666666666667       -0.0014440066546999983
0.10693333333333334       -0.002127847700778927
0.10700000000000001       -0.0027543740829319824
0.10706666666666667       -0.0032878739875741303
0.10713333333333334       -0.0036998968820885886
0.1072                    -0.0039725716425372025
0.10726666666666668       -0.004100176156498492
0.10733333333333334       -0.004088759838071253
0.10740000000000001       -0.00395401958043554
0.10746666666666667       -0.00371793528652883
0.10753333333333334       -0.003404937742743641
0.1076                    -0.0030383745158490327
0.10766666666666667       -0.0026379707851447165
0.10773333333333333       -0.002218710699318243
0.1078                    -0.0017911932248223042
0.10786666666666667       -0.0013632030084928764
0.10793333333333334       -9.419584322521197E-4
0.108                     -5.363192529849974E-4
0.10806666666666667       -1.5833624066934662E-4
0.10813333333333335       1.7642613186451072E-4
0.1082                    4.49971498580583E-4
0.10826666666666668       6.442644600091236E-4
0.10833333333333334       7.445082342850842E-4
0.10840000000000001       7.426224661425554E-4
0.10846666666666667       6.401591630752332E-4
0.10853333333333334       4.499526320224894E-4
0.1086                    1.9599765073508022E-4
0.10866666666666668       -8.861615970090496E-5
0.10873333333333333       -3.6552053123679277E-4
0.10880000000000001       -5.960705581985946E-4
0.10886666666666667       -7.467335110829611E-4
0.10893333333333334       -7.939309206059468E-4
0.109                     -7.274896987447781E-4
0.10906666666666667       -5.520579444627012E-4
0.10913333333333333       -2.862169312720653E-4
0.1092                    4.057551034618104E-5
0.10926666666666668       3.926979510911873E-4
0.10933333333333334       7.339246928625341E-4
0.10940000000000001       0.0010328659513366542
0.10946666666666667       0.0012673809791782073
0.10953333333333334       0.0014272366450833423
0.1096                    0.0015146170959009656
0.10966666666666668       0.001542457117466256
0.10973333333333334       0.0015310010307335428
0.10980000000000001       0.001503252303726705
0.10986666666666667       0.0014801445982552
0.10993333333333334       0.0014762923445752157
0.11                      0.0014970538073352405
0.11006666666666667       0.001537369327187272
0.11013333333333333       0.001582541419858379
0.1102                    0.001610738383273461
0.11026666666666667       0.0015967963180238648
0.11033333333333334       0.0015166473375367267
0.11040000000000001       0.001351617675806795
0.11046666666666667       0.0010919517205495919
0.11053333333333334       7.390274653776682E-4
0.1106                    3.0597791503948556E-4
0.11066666666666668       -1.833226041136576E-4
0.11073333333333334       -6.966661728386368E-4
0.11080000000000001       -0.0011968884084905898
0.11086666666666667       -0.0016457227715623698
0.11093333333333334       -0.0020076046182241824
0.111                     -0.0022529601950996687
0.11106666666666667       -0.0023606247434924755
0.11113333333333333       -0.002319277563531484
0.11120000000000001       -0.0021278817106836607
0.11126666666666667       -0.0017952673203710998
0.11133333333333334       -0.001339098983277966
0.1114                    -7.844513269706763E-4
0.11146666666666667       -1.621947896118009E-4
0.11153333333333335       4.926481726995137E-4
0.1116                    0.0011425556024603014
0.11166666666666668       0.0017491667573007622
0.11173333333333334       0.0022750418533438017
0.11180000000000001       0.002685567073058337
0.11186666666666667       0.002951045204619212
0.11193333333333334       0.003048894935221012
0.112                     0.0029658432634148213
0.11206666666666668       0.0026998704665207435
0.11213333333333333       0.0022616064275747965
0.11220000000000001       0.0016748338821344078
0.11226666666666667       9.758316653980208E-4
0.11233333333333334       2.113577330809286E-4
0.1124                    -5.647441700732868E-4
0.11246666666666667       -0.0012960880579027747
0.11253333333333333       -0.0019290712371002883
0.1126                    -0.0024183476426904754
0.11266666666666668       -0.0027317209751345217
0.11273333333333334       -0.002853738601386015
0.11280000000000001       -0.0027873611875942777
0.11286666666666667       -0.0025533496352311757
0.11293333333333334       -0.0021873512637934516
0.113                     -0.0017350523641133414
0.11306666666666668       -0.0012461158580013684
0.11313333333333334       -7.678217890705648E-4
0.11320000000000001       -3.3940097117530447E-4
0.11326666666666667       1.2039251406089748E-5
0.11333333333333334       2.7340818529150316E-4
0.1134                    4.4515327421582436E-4
0.11346666666666667       5.386528625552144E-4
0.11353333333333333       5.721035829213049E-4
0.1136                    5.657612533208781E-4
0.11366666666666667       5.374950643662098E-4
0.11373333333333334       4.994329751103318E-4
0.11380000000000001       4.562813971590783E-4
0.11386666666666667       4.055013580779944E-4
0.11393333333333334       3.391708232811652E-4
0.114                     2.470214624606472E-4
0.11406666666666668       1.1995353153387043E-4
0.11413333333333334       -4.6715921111431957E-5
0.11420000000000001       -2.509502332291699E-4
0.11426666666666667       -4.830774300249426E-4
0.11433333333333334       -7.264561988579642E-4
0.1144                    -9.595832005808396E-4
0.11446666666666667       -0.0011592465452849865
0.11453333333333333       -0.001304139191883483
0.11460000000000001       -0.0013782792874345823
0.11466666666666667       -0.0013735973708597676
0.11473333333333334       -0.0012912276309050088
0.1148                    -0.0011412774412227528
0.11486666666666667       -9.411177992920525E-4
0.11493333333333335       -7.125018226880846E-4
0.115                     -4.7805866883468946E-4
0.11506666666666668       -2.5779774971722096E-4
0.11513333333333334       -6.625795010352573E-5
0.11520000000000001       8.920689749304853E-5
0.11526666666666667       2.0870107670946579E-4
0.11533333333333334       2.9863023935052175E-4
0.1154                    3.6937602791502807E-4
0.11546666666666668       4.322793330564829E-4
0.11553333333333334       4.965448429824651E-4
0.11560000000000001       5.666886905341276E-4
0.11566666666666667       6.410341926052102E-4
0.11573333333333334       7.115796366373875E-4
0.1158                    7.652902318763413E-4
0.11586666666666667       7.866347420661311E-4
0.11593333333333333       7.609132049505465E-4
0.116                     6.777770613553002E-4
0.11606666666666668       5.342791929641473E-4
0.11613333333333334       3.3681842822781097E-4
0.11620000000000001       1.0152833471823086E-4
0.11626666666666667       -1.4711967898100345E-4
0.11633333333333334       -3.7939926655131524E-4
0.1164                    -5.646848730975762E-4
0.11646666666666668       -6.763993463079844E-4
0.11653333333333334       -6.966970935796521E-4
0.11660000000000001       -6.20008072084082E-4
0.11666666666666667       -4.546980022236572E-4
0.11673333333333334       -2.2241817870443417E-4
0.1168                    4.487665592023402E-5
0.11686666666666667       3.098138643378791E-4
0.11693333333333333       5.355773724399374E-4
0.117                     6.918923214210995E-4
0.11706666666666667       7.599017886345141E-4
0.11713333333333334       7.350108706824747E-4
0.11720000000000001       6.271579893239375E-4
0.11726666666666667       4.5848696650604585E-4
0.11733333333333335       2.589162857995169E-4
0.1174                    6.052877945096825E-5
0.11746666666666668       -1.0805858463364918E-4
0.11753333333333334       -2.2624779324230206E-4
0.11760000000000001       -2.841045986445221E-4
0.11766666666666667       -2.8271204999847597E-4
0.11773333333333334       -2.3239608396709497E-4
0.1178                    -1.494157053717312E-4
0.11786666666666668       -5.2012179691830916E-5
0.11793333333333333       4.3244888404712726E-5
0.11800000000000001       1.2403552344559493E-4
0.11806666666666667       1.8337469529277378E-4
0.11813333333333334       2.1922287591483576E-4
0.1182                    2.330269687393281E-4
0.11826666666666667       2.2782845397679402E-4
0.11833333333333335       2.0662038306389668E-4
0.1184                    1.7148009127205505E-4
0.11846666666666668       1.2370471553627534E-4
0.11853333333333334       6.482427644576611E-5
0.11860000000000001       -1.9359982275091128E-6
0.11866666666666667       -7.034223641052707E-5
0.11873333333333334       -1.305770890342371E-4
0.1188                    -1.6978976418613456E-4
0.11886666666666668       -1.7385100103898106E-4
0.11893333333333334       -1.3005239660352733E-4
0.11900000000000001       -3.0200707280008414E-5
0.11906666666666667       1.266032296760906E-4
0.11913333333333334       3.3218816887321215E-4
0.1192                    5.690509341158238E-4
0.11926666666666667       8.118165881439511E-4
0.11933333333333333       0.0010302645179243492
0.1194                    0.0011934555701113173
0.11946666666666667       0.00127427073311992
0.11953333333333334       0.0012535956214248603
0.11960000000000001       0.0011234319536015391
0.11966666666666667       8.884566923370585E-4
0.11973333333333334       5.6579259814628E-4
0.1198                    1.8307091184916708E-4
0.11986666666666668       -2.2489533460299884E-4
0.11993333333333334       -6.202871591085568E-4
0.12000000000000001       -9.666808473411947E-4
0.12006666666666667       -0.001233080618216523
0.12013333333333334       -0.0013970712648837694
0.1202                    -0.0014467542101296463
0.12026666666666667       -0.0013813122641295195
0.12033333333333333       -0.001210270428730707
0.12040000000000001       -9.516730434760186E-4
0.12046666666666667       -6.295265276483926E-4
0.12053333333333334       -2.7094116636102887E-4
0.1206                    9.662182830132745E-5
0.12066666666666667       4.476362934968036E-4
0.12073333333333335       7.600931192947817E-4
0.1208                    0.0010163005811461648
0.12086666666666668       0.001202969579026103
0.12093333333333334       0.0013107995826950563
0.12100000000000001       0.0013338581484276801
0.12106666666666667       0.0012690287549048662
0.12113333333333334       0.0011157726195441292
0.1212                    8.763054855600265E-4
0.12126666666666668       5.561699571054694E-4
0.12133333333333333       1.6502068371794713E-4
0.12140000000000001       -2.826400117815605E-4
0.12146666666666667       -7.670912205607497E-4
0.12153333333333334       -0.0012636750013500983
0.1216                    -0.0017438653158023953
0.12166666666666667       -0.002177160357989903
0.12173333333333333       -0.002533611051538693
0.1218                    -0.002786683475798262
0.12186666666666668       -0.0029160622341026154
0.12193333333333334       -0.0029099370752062115
0.12200000000000001       -0.002766378889126437
0.12206666666666667       -0.0024935800548908965
0.12213333333333334       -0.00210884609259665
0.1222                    -0.0016365003705556904
0.12226666666666668       -0.001105022117761629
0.12233333333333334       -5.43862660249163E-4
0.12240000000000001       1.949758079332144E-5
0.12246666666666667       5.61754368910832E-4
0.12253333333333334       0.0010649145988281816
0.1226                    0.0015162212200396294
0.12266666666666667       0.0019069986176743572
0.12273333333333333       0.002230785387967314
0.1228                    0.0024813084081480546
0.12286666666666667       0.0026509083857360694
0.12293333333333334       0.0027299229238581446
0.12300000000000001       0.002707320822602404
0.12306666666666667       0.00257256835798866
0.12313333333333334       0.00231838073315365
0.1232                    0.001943781294227977
0.12326666666666668       0.0014567280470925783
0.12333333333333334       8.756070892559364E-4
0.12340000000000001       2.2911880140392377E-4
0.12346666666666667       -4.4559023288976666E-4
0.12353333333333334       -0.0011063337525618927
0.1236                    -0.0017102741902428015
0.12366666666666667       -0.0022185364588429885
0.12373333333333333       -0.002600233702521239
0.12380000000000001       -0.0028352550247551073
0.12386666666666667       -0.002915436601532357
0.12393333333333334       -0.002844081085640937
0.124                     -0.0026341346757752554
0.12406666666666667       -0.0023055328388831447
0.12413333333333335       -0.0018823541384855552
0.1242                    -0.0013903366010968707
0.12426666666666668       -8.551305134980274E-4
0.12433333333333334       -3.013813194619226E-4
0.12440000000000001       2.474571208170216E-4
0.12446666666666667       7.68912596478393E-4
0.12453333333333334       0.0012412811047397554
0.1246                    0.0016437697756503309
0.12466666666666668       0.0019572304902664784
0.12473333333333333       0.002165503367515547
0.12480000000000001       0.002257197430091245
0.12486666666666667       0.0022275934045735213
0.12493333333333334       0.0020802266829247984
0.125                     0.0018277607700188778
0.12506666666666666       0.0014918431489994483
0.12513333333333335       0.0011017780676151492
0.1252                    6.92049995580289E-4
0.12526666666666667       2.9895804306891355E-4
0.12533333333333335       -4.3270006118843446E-5
0.1254                    -3.063660832205122E-4
0.12546666666666667       -4.7138162647440495E-4
0.12553333333333333       -5.310111695767514E-4
0.12560000000000002       -4.905029938007439E-4
0.12566666666666668       -3.669641966033461E-4
0.12573333333333334       -1.8708680831228515E-4
0.1258                    1.6461574034565237E-5
0.12586666666666668       2.094986235273869E-4
0.12593333333333334       3.6101842748134265E-4
0.126                     4.474049783311784E-4
0.12606666666666666       4.5552658515849283E-4
0.12613333333333335       3.8420325082760034E-4
0.1262                    2.437941210311172E-4
0.12626666666666667       5.3970073882477874E-5
0.12633333333333335       -1.5994015744321847E-4
0.1264                    -3.7138339290062765E-4
0.12646666666666667       -5.570071080001071E-4
0.12653333333333333       -7.002885540714487E-4
0.12660000000000002       -7.937145003649805E-4
0.12666666666666668       -8.391666488023475E-4
0.12673333333333334       -8.464806014671922E-4
0.1268                    -8.305524201464973E-4
0.12686666666666668       -8.076181776622045E-4
0.12693333333333334       -7.915124089257526E-4
0.127                     -7.906891239274826E-4
0.12706666666666666       -8.06589748078425E-4
0.12713333333333335       -8.336534561489575E-4
0.1272                    -8.608810582830172E-4
0.12726666666666667       -8.745378561018567E-4
0.12733333333333333       -8.61354438321931E-4
0.1274                    -8.114861203856501E-4
0.12746666666666667       -7.205946375116972E-4
0.12753333333333333       -5.906521629575374E-4
0.12760000000000002       -4.293715870257334E-4
0.12766666666666668       -2.4850520484116193E-4
0.12773333333333334       -6.146862616723022E-5
0.1278                    1.1912274177510491E-4
0.12786666666666668       2.8344908371634247E-4
0.12793333333333334       4.256140091456473E-4
0.128                     5.437348507777122E-4
0.12806666666666666       6.390928922753249E-4
0.12813333333333335       7.146452990127727E-4
0.1282                    7.73312893995483E-4
0.12826666666666667       8.164815642105948E-4
0.12833333333333333       8.430662024433591E-4
0.12840000000000001       8.493324774982673E-4
0.12846666666666667       8.29481434526055E-4
0.12853333333333333       7.768483067463551E-4
0.12860000000000002       6.854809221944638E-4
0.12866666666666668       5.517730585000079E-4
0.12873333333333334       3.758642383867742E-4
0.1288                    1.625823455729655E-4
0.12886666666666668       -7.824470178872748E-5
0.12893333333333334       -3.321694821352139E-4
0.129                     -5.811797933087551E-4
0.12906666666666666       -8.053315458320347E-4
0.12913333333333335       -9.84806031088478E-4
0.1292                    -0.0011021757756160305
0.12926666666666667       -0.0011446131019121303
0.12933333333333333       -0.0011057583157837922
0.12940000000000002       -9.869486488501675E-4
0.12946666666666667       -7.975941116455942E-4
0.12953333333333333       -5.545548899265539E-4
0.1296                    -2.805164980860094E-4
0.12966666666666668       -1.5382184577512658E-6
0.12973333333333334       2.559226314977942E-4
0.1298                    4.6807427965437194E-4
0.12986666666666669       6.164768378117255E-4
0.12993333333333335       6.899260021912466E-4
0.13                      6.852401981762211E-4
0.13006666666666666       6.068645099211219E-4
0.13013333333333335       4.6542801490951594E-4
0.1302                    2.756095283465194E-4
0.13026666666666667       5.376949505781728E-5
0.13033333333333333       -1.8415327420890599E-4
0.13040000000000002       -4.2407887147939097E-4
0.13046666666666668       -6.543638924735465E-4
0.13053333333333333       -8.6555522076586E-4
0.1306                    -0.0010495990281924605
0.13066666666666668       -0.0011989093909505755
0.13073333333333334       -0.0013057654598794346
0.1308                    -0.001362367662035727
0.1308666666666667        -0.0013616905905239815
0.13093333333333335       -0.0012990056254368807
0.131                     -0.0011736829973025514
0.13106666666666666       -9.907200707987482E-4
0.13113333333333335       -7.614511331277234E-4
0.1312                    -5.030430693295784E-4
0.13126666666666667       -2.3664319295286474E-4
0.13133333333333333       1.5559248216691533E-5
0.13140000000000002       2.338400570027131E-4
0.13146666666666668       4.0426337156012384E-4
0.13153333333333334       5.21050177797276E-4
0.1316                    5.87426034534084E-4
0.13166666666666668       6.146817634414349E-4
0.13173333333333334       6.196031089140368E-4
0.1318                    6.208011078082823E-4
0.13186666666666666       6.347374042629131E-4
0.13193333333333335       6.722967768187768E-4
0.132                     7.366284470273447E-4
0.13206666666666667       8.226737034939495E-4
0.13213333333333335       9.184120592960555E-4
0.1322                    0.0010074834488997503
0.13226666666666667       0.001072554466580706
0.13233333333333333       0.0010987096798739263
0.13240000000000002       0.0010761865165217646
0.13246666666666668       0.0010020048336757878
0.13253333333333334       8.802972463724602E-4
0.1326                    7.214182114694268E-4
0.13266666666666668       5.401477828854695E-4
0.13273333333333334       3.534076739535002E-4
0.1328                    1.7787286196835342E-4
0.13286666666666666       2.7792463032686338E-5
0.13293333333333335       -8.678128961037143E-5
0.133                     -1.6121682087292093E-4
0.13306666666666667       -1.9693152041457194E-4
0.13313333333333335       -2.0138457693974487E-4
0.1332                    -1.8738297928523804E-4
0.13326666666666667       -1.7164742400512168E-4
0.13333333333333333       -1.7265205730966827E-4
0.13340000000000002       -2.0787494057523354E-4
0.13346666666666668       -2.9075822385493666E-4
0.13353333333333334       -4.278542328393087E-4
0.1336                    -6.166938110254705E-4
0.13366666666666668       -8.449141065024637E-4
0.13373333333333334       -0.0010910376232849167
0.1338                    -0.0013269888544787786
0.13386666666666666       -0.0015221025553598469
0.13393333333333335       -0.0016479981797082083
0.134                     -0.0016834506324292825
0.13406666666666667       -0.0016183250700123608
0.13413333333333333       -0.0014557714623931264
0.1342                    -0.001212186533458797
0.13426666666666667       -9.148836418587182E-4
0.13433333333333333       -5.979039082636259E-4
0.13440000000000002       -2.96749929215626E-4
0.13446666666666668       -4.303852795471496E-5
0.13453333333333334       1.3993213984317E-4
0.1346                    2.3994721985738055E-4
0.13466666666666668       2.566017356002703E-4
0.13473333333333334       2.000621087583047E-4
0.1348                    8.829994008660176E-5
0.13486666666666666       -5.651162739793245E-5
0.13493333333333335       -2.1164674035389913E-4
0.135                     -3.5685747362939376E-4
0.13506666666666667       -4.7634138900320977E-4
0.13513333333333333       -5.595126588429723E-4
0.13520000000000001       -6.007293455435761E-4
0.13526666666666667       -5.98352138435335E-4
0.13533333333333333       -5.535477206909231E-4
0.13540000000000002       -4.692387457388187E-4
0.13546666666666668       -3.494614627145763E-4
0.13553333333333334       -1.9920406443166676E-4
0.1356                    -2.4639778400471923E-5
0.13566666666666669       1.66457193180187E-4
0.13573333333333334       3.6436366956747545E-4
0.1358                    5.573502504765722E-4
0.13586666666666666       7.320631702896208E-4
0.13593333333333335       8.743702325903412E-4
0.136                     9.706046818921875E-4
0.13606666666666667       0.0010090727591887116
0.13613333333333333       9.81588743992948E-4
0.13620000000000002       8.848271224581238E-4
0.13626666666666667       7.212634726394233E-4
0.13633333333333333       4.995183501575541E-4
0.1364                    2.339959802546738E-4
0.13646666666666668       -5.622263168853741E-5
0.13653333333333334       -3.4914984696245355E-4
0.1366                    -6.221465113672561E-4
0.1366666666666667        -8.543886818058256E-4
0.13673333333333335       -0.0010291851400065102
0.1368                    -0.0011357927620078304
0.13686666666666666       -0.0011704311764333397
0.13693333333333335       -0.0011363111677513058
0.137                     -0.0010426616395956703
0.13706666666666667       -9.029460551183936E-4
0.13713333333333333       -7.326140060156051E-4
0.13720000000000002       -5.468386474863759E-4
0.13726666666666668       -3.5868649034195453E-4
0.13733333333333334       -1.7805776483978015E-4
0.1374                    -1.153857519398121E-5
0.13746666666666668       1.3691555510117066E-4
0.13753333333333334       2.6476597953920385E-4
0.1376                    3.695870213310367E-4
0.13766666666666666       4.481217547436245E-4
0.13773333333333335       4.960625488560513E-4
0.1378                    5.086861087225511E-4
0.13786666666666667       4.822298703532267E-4
0.13793333333333335       4.15640974616898E-4
0.138                     3.1217444172528176E-4
0.13806666666666667       1.8030054395369789E-4
0.13813333333333333       3.35108609793419E-5
0.13820000000000002       -1.1114059088868088E-4
0.13826666666666668       -2.3560330009786412E-4
0.13833333333333334       -3.24043827796621E-4
0.1384                    -3.6604280986856405E-4
0.13846666666666668       -3.590445319007683E-4
0.13853333333333334       -3.09458322590217E-4
0.1386                    -2.3207213442739367E-4
0.13866666666666666       -1.4780252942208405E-4
0.13873333333333335       -8.01580743947333E-5
0.1388                    -5.108145082236407E-5
0.13886666666666667       -7.697296626117487E-5
0.13893333333333335       -1.6567005617876672E-4
0.139                     -3.1494446115435233E-4
0.13906666666666667       -5.127741304542204E-4
0.13913333333333333       -7.39284437648686E-4
0.13920000000000002       -9.699404534850535E-4
0.13926666666666668       -0.0011793641689499573
0.13933333333333334       -0.0013450720954486834
0.1394                    -0.0014505055109371565
0.13946666666666668       -0.0014868934480806015
0.13953333333333334       -0.0014537739916704595
0.1396                    -0.0013582334462885878
0.13966666666666666       -0.0012131515541113913
0.13973333333333335       -0.0010348486581018993
0.1398                    -8.405867909979341E-4
0.13986666666666667       -6.463346612041018E-4
0.13993333333333333       -4.6508053284404535E-4
0.14                      -3.058657073000047E-4
0.14006666666666667       -1.7354532194856025E-4
0.14013333333333333       -6.918542541305738E-5
0.14020000000000002       9.098405509381043E-6
0.14026666666666668       6.510237049691828E-5
0.14033333333333334       1.0351399734125672E-4
0.1404                    1.2910398514317682E-4
0.14046666666666668       1.4626600880416975E-4
0.14053333333333334       1.5894442445382346E-4
0.1406                    1.70889675376072E-4
0.14066666666666666       1.8607765170080325E-4
0.14073333333333335       2.090743135860456E-4
0.1408                    2.4511738541020477E-4
0.14086666666666667       2.9972998942996915E-4
0.14093333333333333       3.77789132471662E-4
0.14100000000000001       4.8211908454374807E-4
0.14106666666666667       6.118397369781243E-4
0.14113333333333333       7.608513800992764E-4
0.14120000000000002       9.169004915747792E-4
0.14126666666666668       0.0010616380064415612
0.14133333333333334       0.0011719508079944976
0.1414                    0.0012226134172773787
0.14146666666666668       0.0011900057143066078
0.14153333333333334       0.0010563620016910136
0.1416                    8.138221206276544E-4
0.14166666666666666       4.674622552036973E-4
0.14173333333333335       3.6600503433094496E-5
0.1418                    -4.4607676682062447E-4
0.14186666666666667       -9.376716001757554E-4
0.14193333333333333       -0.0013901751247301166
0.14200000000000002       -0.0017567742740668888
0.14206666666666667       -0.001998378529346415
0.14213333333333333       -0.002089294422018741
0.1422                    -0.0020210650067643394
0.14226666666666668       -0.0018038052367046475
0.14233333333333334       -0.0014648011586229717
0.1424                    -0.0010445915956682126
0.14246666666666669       -5.912157960535426E-4
0.14253333333333335       -1.5359979728860447E-4
0.1426                    2.2484296122066944E-4
0.14266666666666666       5.113923762110062E-4
0.14273333333333335       6.872449885122478E-4
0.1428                    7.484028776941289E-4
0.14286666666666667       7.043064563601677E-4
0.14293333333333333       5.746516898008329E-4
0.14300000000000002       3.8512583185885366E-4
0.14306666666666668       1.6289519044221376E-4
0.14313333333333333       -6.73727132120154E-5
0.1432                    -2.8634817759406626E-4
0.14326666666666668       -4.8143663505990323E-4
0.14333333333333334       -6.467236193462408E-4
0.1434                    -7.81744928514984E-4
0.1434666666666667        -8.89545346061433E-4
0.14353333333333335       -9.745396257910345E-4
0.1436                    -0.0010406447774065392
0.14366666666666666       -0.0010900301609321364
0.14373333333333335       -0.0011226142482233367
0.1438                    -0.001136273894059871
0.14386666666666667       -0.0011275778399846917
0.14393333333333333       -0.001092785320776914
0.14400000000000002       -0.0010288520674553833
0.14406666666666668       -9.342378221585282E-4
0.14413333333333334       -8.094239663997931E-4
0.1442                    -6.571406224143825E-4
0.14426666666666668       -4.823528672984269E-4
0.14433333333333334       -2.9209344938863063E-4
0.1444                    -9.520773125716781E-5
0.14446666666666666       9.797566677402111E-5
0.14453333333333335       2.7608908151575766E-4
0.1446                    4.2734495530437144E-4
0.14466666666666667       5.403877855444859E-4
0.14473333333333335       6.053663258041654E-4
0.1448                    6.151476471651611E-4
0.14486666666666667       5.664848078075531E-4
0.14493333333333333       4.6090564969095534E-4
0.14500000000000002       3.0506313279537214E-4
0.14506666666666668       1.1034124560995087E-4
0.14513333333333334       -1.0834601432309562E-4
0.1452                    -3.3443985220011594E-4
0.14526666666666668       -5.520492455356621E-4
0.14533333333333334       -7.482580840587616E-4
0.1454                    -9.149724896165676E-4
0.14546666666666666       -0.001049880907105814
0.14553333333333335       -0.0011562607833184302
0.1456                    -0.0012415999870946898
0.14566666666666667       -0.0013152481780187891
0.14573333333333335       -0.001385550031305424
0.1458                    -0.0014570479272931283
0.14586666666666667       -0.0015283752540459058
0.14593333333333333       -0.0015913288849073329
0.14600000000000002       -0.0016314292941907687
0.14606666666666668       -0.0016299467866442033
0.14613333333333334       -0.0015671081450169108
0.1462                    -0.001425946073140949
0.14626666666666668       -0.0011960954372105853
0.14633333333333334       -8.768316952877545E-4
0.1464                    -4.7879339087687967E-4
0.14646666666666666       -2.3979374191185326E-5
0.14653333333333335       4.560688227814223E-4
0.1466                    9.236998739652336E-4
0.14666666666666667       0.0013397113445015357
0.14673333333333333       0.0016683851634817465
0.1468                    0.0018822716499146605
0.14686666666666667       0.0019659868142168435
0.14693333333333333       0.0019184286232172912
0.14700000000000002       0.0017530462854275747
0.14706666666666668       0.0014960913935543171
0.14713333333333334       0.0011830594698299787
0.1472                    8.538369667283925E-4
0.14726666666666668       5.472591209192095E-4
0.14733333333333334       2.9589948930411737E-4
0.1474                    1.2189963646440969E-4
0.14746666666666666       3.447611827920946E-5
0.14753333333333335       2.9479746574777175E-5
0.1476                    9.103148762993185E-5
0.14766666666666667       1.9491491132482357E-4
0.14773333333333333       3.1309473394815413E-4
0.14780000000000001       4.185145932881694E-4
0.14786666666666667       4.893127417225125E-4
0.14793333333333333       5.117109332266929E-4
0.14800000000000002       4.8111962054723075E-4
0.14806666666666668       4.0137519889477905E-4
0.14813333333333334       2.823982130004359E-4
0.1482                    1.3690140726144558E-4
0.14826666666666669       -2.30364142095953E-5
0.14833333333333334       -1.8873756822098848E-4
0.1484                    -3.564101092966406E-4
0.14846666666666666       -5.270601562058021E-4
0.14853333333333335       -7.049048581393436E-4
0.1486                    -8.947406063920685E-4
0.14866666666666667       -0.001098977618052491
0.14873333333333333       -0.0013151143295025186
0.14880000000000002       -0.0015343529978833561
0.14886666666666667       -0.0017417586682963052
0.14893333333333333       -0.0019180122555033968
0.149                     -0.002042431176440524
0.14906666666666668       -0.002096629684924015
0.14913333333333334       -0.0020680928220307188
0.1492                    -0.001952873039824356
0.1492666666666667        -0.0017568571700914098
0.14933333333333335       -0.0014953623800205865
0.1494                    -0.0011911029370302068
0.14946666666666666       -8.709303531629432E-4
0.14953333333333335       -5.619483729658116E-4
0.1496                    -2.876839384303561E-4
0.14966666666666667       -6.497876074718085E-5
0.14973333333333333       9.792195747390253E-5
0.14980000000000002       2.0180947415480787E-4
0.14986666666666668       2.5548076207217364E-4
0.14993333333333334       2.7346297117349295E-4
0.15                      2.729349445352065E-4
0.15006666666666668       2.703668007078315E-4
0.15013333333333334       2.7845207140282066E-4
0.1502                    3.038264029393239E-4
0.1502666666666667        3.4595621920224015E-4
0.15033333333333335       3.973796057315277E-4
0.1504                    4.4526223583878685E-4
0.15046666666666667       4.7400326833927205E-4
0.15053333333333335       4.684262353943528E-4
0.1506                    4.169770129789997E-4
0.15066666666666667       3.1430344720969776E-4
0.15073333333333333       1.627058674265364E-4
0.15080000000000002       -2.7844254183102294E-5
0.15086666666666668       -2.411613630621495E-4
0.15093333333333334       -4.574969248746389E-4
0.151                     -6.568713891153623E-4
0.15106666666666668       -8.223954812690083E-4
0.15113333333333334       -9.42880886473826E-4
0.1512                    -0.001014195681948747
0.15126666666666666       -0.0010390915974442447
0.15133333333333335       -0.0010255907545797527
0.1514                    -9.843408957489633E-4
0.15146666666666667       -9.255905086839837E-4
0.15153333333333335       -8.565298942682732E-4
0.1516                    -7.796516167997782E-4
0.15166666666666667       -6.925293564563617E-4
0.15173333333333333       -5.890774690280003E-4
0.15180000000000002       -4.6197966418861015E-4
0.15186666666666668       -3.0568272839965563E-4
0.15193333333333334       -1.1921169893217403E-4
0.152                     9.191761455440431E-5
0.15206666666666668       3.152109171164089E-4
0.15213333333333334       5.323200062516012E-4
0.1522                    7.216110388981178E-4
0.15226666666666666       8.616740129322612E-4
0.15233333333333335       9.350710107745337E-4
0.1524                    9.315303614130244E-4
0.15246666666666667       8.499387456270467E-4
0.15253333333333335       6.98736182779872E-4
0.1526                    4.946427018564593E-4
0.15266666666666667       2.600070864510988E-4
0.15273333333333333       1.932266975858606E-5
0.15280000000000002       -2.0441018101077395E-4
0.15286666666666668       -3.9276318213004354E-4
0.15293333333333334       -5.338524518135403E-4
0.153                     -6.229342252481729E-4
0.15306666666666668       -6.616304599447176E-4
0.15313333333333334       -6.560842968091103E-4
0.1532                    -6.145527586340904E-4
0.15326666666666666       -5.450334013273407E-4
0.15333333333333335       -4.5347502912461223E-4
0.1534                    -3.4296600538904646E-4
0.15346666666666667       -2.1403863606142944E-4
0.15353333333333333       -6.59473509066239E-5
0.15360000000000001       1.0144739072919557E-4
0.15366666666666667       2.8569730368742196E-4
0.15373333333333333       4.802309849765152E-4
0.15380000000000002       6.737056537531316E-4
0.15386666666666668       8.504992251151375E-4
0.15393333333333334       9.92342272573816E-4
0.154                     0.0010808272095995822
0.15406666666666669       0.0011003278320588703
0.15413333333333334       0.00104078182734416
0.1542                    8.997707066425521E-4
0.15426666666666666       6.834812229499221E-4
0.15433333333333335       4.063485560306747E-4
0.1544                    8.940718154397994E-5
0.15446666666666667       -2.4236476539434603E-4
0.15453333333333333       -5.632491915353707E-4
0.15460000000000002       -8.500106445613451E-4
0.15466666666666667       -0.0010846067660687758
0.15473333333333333       -0.0012559803809771048
0.15480000000000002       -0.001360709367353203
0.15486666666666668       -0.0014025010126975498
0.15493333333333334       -0.0013907052011096052
0.155                     -0.0013381847529672086
0.15506666666666669       -0.001258940901607275
0.15513333333333335       -0.0011658933695538767
0.1552                    -0.0010691542494376855
0.15526666666666666       -9.750036240023162E-4
0.15533333333333335       -8.856541410620723E-4
0.1554                    -7.997323097827445E-4
0.15546666666666667       -7.132975692262075E-4
0.15553333333333333       -6.211777633455183E-4
0.15560000000000002       -5.183524273369196E-4
0.15566666666666668       -4.0115664991649937E-4
0.15573333333333333       -2.681371645719212E-4
0.1558                    -1.2046150030593187E-4
0.15586666666666668       3.811142159650317E-5
0.15593333333333334       2.016568593847166E-4
0.156                     3.628092131943309E-4
0.1560666666666667        5.136554328990835E-4
0.15613333333333335       6.46668199416516E-4
0.1562                    7.555635716666334E-4
0.15626666666666666       8.359969818099801E-4
0.15633333333333335       8.860165232493143E-4
0.1564                    9.062135795829818E-4
0.15646666666666667       8.995431042941553E-4
0.15653333333333333       8.708251407369971E-4
0.15660000000000002       8.259486182526286E-4
0.15666666666666668       7.708645259429302E-4
0.15673333333333334       7.104893572561975E-4
0.1568                    6.477019258974386E-4
0.15686666666666668       5.826146121502721E-4
0.15693333333333334       5.12306742686113E-4
0.157                     4.3115155754743943E-4
0.1570666666666667        3.3177998661163395E-4
0.15713333333333335       2.065952020140165E-4
0.1572                    4.9622218284639516E-5
0.15726666666666667       -1.4161734829290902E-4
0.15733333333333335       -3.645663902196767E-4
0.1574                    -6.10786654371103E-4
0.15746666666666667       -8.660651801619679E-4
0.15753333333333333       -0.0011115667085895048
0.15760000000000002       -0.0013259367884269782
0.15766666666666668       -0.0014880853705108166
0.15773333333333334       -0.0015802235700123543
0.1578                    -0.0015906500962695905
0.15786666666666668       -0.0015158243103152408
0.15793333333333334       -0.0013613544495975865
0.158                     -0.0011417066520412586
0.15806666666666666       -8.786591684578785E-4
0.15813333333333335       -5.987195015352752E-4
0.1582                    -3.298822755043927E-4
0.15826666666666667       -9.819799717141518E-5
0.15833333333333335       7.535995337093475E-5
0.1584                    1.7731676702429204E-4
0.15846666666666667       2.0309821203617112E-4
0.15853333333333333       1.5727348623581096E-4
0.15860000000000002       5.265283068313558E-5
0.15866666666666668       -9.159250423960791E-5
0.15873333333333334       -2.5251184030951535E-4
0.1588                    -4.0630974815160576E-4
0.15886666666666668       -5.312502492285733E-4
0.15893333333333334       -6.101620965637267E-4
0.159                     -6.322527811529913E-4
0.15906666666666666       -5.940214801479929E-4
0.15913333333333335       -4.991868024392586E-4
0.1592                    -3.5768028569041884E-4
0.15926666666666667       -1.83895218339915E-4
0.15933333333333335       5.537638839671561E-6
0.15940000000000001       1.94080218664437E-4
0.15946666666666667       3.673670726129785E-4
0.15953333333333333       5.147167311016736E-4
0.15960000000000002       6.29873520145858E-4
0.15966666666666668       7.10905429774097E-4
0.15973333333333334       7.593775454941871E-4
0.1598                    7.790158207561555E-4
0.15986666666666668       7.741963698728276E-4
0.15993333333333334       7.486117163872612E-4
0.16                      7.044045217168916E-4
0.16006666666666666       6.419421551981941E-4
0.16013333333333335       5.602488423132204E-4
0.1602                    4.5796477934345603E-4
0.16026666666666667       3.345635538737822E-4
0.16033333333333333       1.915096056888745E-4
0.16040000000000001       3.305324578052801E-5
0.16046666666666667       -1.3356813204674317E-4
0.16053333333333333       -2.985875513071993E-4
0.16060000000000002       -4.507634148467332E-4
0.16066666666666668       -5.788307898910716E-4
0.16073333333333334       -6.730559419208605E-4
0.1608                    -7.265997056882563E-4
0.16086666666666669       -7.364357547235809E-4
0.16093333333333334       -7.036709638279197E-4
0.161                     -6.332452009831156E-4
0.16106666666666666       -5.33110329083034E-4
0.16113333333333335       -4.1306634583244365E-4
0.1612                    -2.8346800536382943E-4
0.16126666666666667       -1.5402207593849328E-4
0.16133333333333333       -3.283779408645515E-5
0.16140000000000002       7.417457098719234E-5
0.16146666666666668       1.635331651154307E-4
0.16153333333333333       2.340722296919142E-4
0.16160000000000002       2.865498692179764E-4
0.16166666666666668       3.230401104831669E-4
0.16173333333333334       3.462002465052398E-4
0.1618                    3.584863848768042E-4
0.1618666666666667        3.6140259388568144E-4
0.16193333333333335       3.548788933715384E-4
0.162                     3.3688182468592586E-4
0.16206666666666666       3.033759993351331E-4
0.16213333333333335       2.487143143038598E-4
0.1622                    1.664929524330156E-4
0.16226666666666667       5.082471904773096E-5
0.16233333333333333       -1.0212046098396453E-4
0.16240000000000002       -2.925511247927456E-4
0.16246666666666668       -5.157662256221686E-4
0.16253333333333334       -7.614418302962024E-4
0.1626                    -0.001013744285696053
0.16266666666666668       -0.0012523926229083113
0.16273333333333334       -0.0014546136413368263
0.1628                    -0.0015977661948584551
0.1628666666666667        -0.0016622616385575384
0.16293333333333335       -0.0016342992021236569
0.163                     -0.0015079711738508195
0.16306666666666667       -0.0012863564895399446
0.16313333333333335       -9.814071423274332E-4
0.1632                    -6.126345916917282E-4
0.16326666666666667       -2.0484001288423315E-4
0.16333333333333333       2.147424955702653E-4
0.16340000000000002       6.194048099652198E-4
0.16346666666666668       9.855564691991145E-4
0.16353333333333334       0.001294591389263847
0.1636                    0.0015338262601289898
0.16366666666666668       0.0016965159780478903
0.16373333333333334       0.0017811061822742755
0.1638                    0.0017900193717131124
0.1638666666666667        0.0017283110022877476
0.16393333333333335       0.001602518031307097
0.164                     0.0014199044505533362
0.16406666666666667       0.00118817640551632
0.16413333333333335       9.156190852601347E-4
0.1642                    6.114710808365739E-4
0.16426666666666667       2.8631873595129164E-4
0.16433333333333333       -4.7706275641498274E-5
0.16440000000000002       -3.7708562844532674E-4
0.16446666666666668       -6.874963915574231E-4
0.16453333333333334       -9.647573772651542E-4
0.1646                    -0.0011960062713894462
0.16466666666666668       -0.0013709048175119928
0.16473333333333334       -0.0014826873541876142
0.1648                    -0.0015288445366812603
0.16486666666666666       -0.0015113569056016526
0.16493333333333335       -0.0014364367982904827
0.165                     -0.0013138172715636237
0.16506666666666667       -0.0011557159429815198
0.16513333333333335       -9.755883511388674E-4
0.1652                    -7.868368037244571E-4
0.16526666666666667       -6.016074496853564E-4
0.16533333333333333       -4.297889515458207E-4
0.16540000000000002       -2.783228036215795E-4
0.16546666666666668       -1.5086858339990222E-4
0.16553333333333334       -4.785645556434507E-5
0.1656                    3.307548622290467E-5
0.16566666666666668       9.629642019198012E-5
0.16573333333333334       1.4713828100606667E-4
0.1658                    1.9072178786570606E-4
0.16586666666666666       2.3081762109151377E-4
0.16593333333333335       2.689097912350137E-4
0.166                     3.0364157698516337E-4
0.16606666666666667       3.3078134064063694E-4
0.16613333333333336       3.437618787367163E-4
0.16620000000000001       3.347613642940165E-4
0.16626666666666667       2.9619272390846163E-4
0.16633333333333333       2.2236894957521663E-4
0.16640000000000002       1.1107326671273245E-4
0.16646666666666668       -3.524816994675873E-5
0.16653333333333334       -2.089296285703313E-4
0.1666                    -3.973185479740746E-4
0.16666666666666669       -5.838292106221031E-4
0.16673333333333334       -7.49702363724022E-4
0.1668                    -8.762362246800746E-4
0.16686666666666666       -9.471728491397309E-4
0.16693333333333335       -9.508948299169008E-4
0.167                     -8.820948590125356E-4
0.16706666666666667       -7.426649847600077E-4
0.16713333333333333       -5.416856625483238E-4
0.16720000000000002       -2.9451353163624717E-4
0.16726666666666667       -2.1114722990489534E-5
0.16733333333333333       2.561120667711033E-4
0.16740000000000002       5.147114716237411E-4
0.16746666666666668       7.34432808323098E-4
0.16753333333333334       8.990812680817076E-4
0.1676                    9.977594225866987E-4
0.16766666666666669       0.001025399292952248
0.16773333333333335       9.825977259814473E-4
0.1678                    8.748660662344524E-4
0.16786666666666666       7.114812864788941E-4
0.16793333333333335       5.041651810253305E-4
0.168                     2.6581597402192917E-4
0.16806666666666667       9.473123395307758E-6
0.16813333333333333       -2.5238666577414345E-4
0.16820000000000002       -5.081886109629912E-4
0.16826666666666668       -7.473040501021647E-4
0.16833333333333333       -9.599238172605899E-4
0.16840000000000002       -0.0011369181322931712
0.16846666666666668       -0.0012698288025733615
0.16853333333333334       -0.0013511128698675229
0.1686                    -0.0013746408221777529
0.1686666666666667        -0.0013364095731438802
0.16873333333333335       -0.0012353191850706935
0.1688                    -0.0010738308275384562
0.16886666666666666       -8.582987419296322E-4
0.16893333333333335       -5.988421429979748E-4
0.169                     -3.086976014726263E-4
0.16906666666666667       -3.1020618008272135E-6
0.16913333333333333       3.02137182318672E-4
0.16920000000000002       5.92142842443926E-4
0.16926666666666668       8.542666889427762E-4
0.16933333333333334       0.0010789605231756078
0.1694                    0.0012600527095076228
0.16946666666666668       0.0013944397422684623
0.16953333333333334       0.001481303313214864
0.1696                    0.00152109340914259
0.1696666666666667        0.0015145531090508615
0.16973333333333335       0.0014620749570894986
0.1698                    0.001363577341960211
0.16986666666666667       0.0012189662333444826
0.16993333333333335       0.0010290749279582606
0.17                      7.968350941415078E-4
0.17006666666666667       5.283536489254662E-4
0.17013333333333333       2.335804638278205E-4
0.17020000000000002       -7.3697991735701E-5
0.17026666666666668       -3.766575703463916E-4
0.17033333333333334       -6.569657499702382E-4
0.1704                    -8.968110632849857E-4
0.17046666666666668       -0.001081089410165857
0.17053333333333334       -0.0011993515488159443
0.1706                    -0.0012471686308604798
0.1706666666666667        -0.0012266610823904297
0.17073333333333335       -0.001146103409285258
0.1708                    -0.0010186911718587258
0.17086666666666667       -8.607052877778187E-4
0.17093333333333335       -6.893940423781585E-4
0.171                     -5.209000851859205E-4
0.17106666666666667       -3.685354084674535E-4
0.17113333333333333       -2.4162410461160886E-4
0.17120000000000002       -1.4500321568838062E-4
0.17126666666666668       -7.915750263366921E-5
0.17133333333333334       -4.088951358685992E-5
0.1714                    -2.437040758910117E-5
0.17146666666666668       -2.2385938986449914E-5
0.17153333333333334       -2.760226321437848E-5
0.1716                    -3.370460132958088E-5
0.17166666666666666       -3.6279687654834065E-5
0.17173333333333335       -3.3353598869975316E-5
0.1718                    -2.552948784081569E-5
0.17186666666666667       -1.57074734699693E-5
0.17193333333333335       -8.416252521824056E-6
0.17200000000000001       -8.818602643551838E-6
0.17206666666666667       -2.1533491397868985E-5
0.17213333333333333       -4.9457511262776924E-5
0.17220000000000002       -9.280039687707488E-5
0.17226666666666668       -1.485251372547022E-4
0.17233333333333334       -2.1034749702916348E-4
0.1724                    -2.693572220908079E-4
0.17246666666666668       -3.152137973562016E-4
0.17253333333333334       -3.377504077174568E-4
0.1726                    -3.287297856461789E-4
0.17266666666666666       -2.8345039962524813E-4
0.17273333333333335       -2.0190915165585466E-4
0.1728                    -8.928944303728971E-5
0.17286666666666667       4.432771493156906E-5
0.17293333333333333       1.8501946137153676E-4
0.17300000000000001       3.16688725433778E-4
0.17306666666666667       4.230966265562789E-4
0.17313333333333333       4.899662204219826E-4
0.17320000000000002       5.06859364187611E-4
0.17326666666666668       4.685837567584323E-4
0.17333333333333334       3.759716585461449E-4
0.1734                    2.3595162669412924E-4
0.17346666666666669       6.0925118434949704E-5
0.17353333333333334       -1.324743518905182E-4
0.1736                    -3.2510676724736446E-4
0.17366666666666666       -4.973640160252606E-4
0.17373333333333335       -6.313285786226126E-4
0.1738                    -7.128466490290261E-4
0.17386666666666667       -7.332874270754733E-4
0.17393333333333333       -6.907674812412422E-4
0.17400000000000002       -5.906416918151081E-4
0.17406666666666668       -4.451448652876674E-4
0.17413333333333333       -2.7213272655249706E-4
0.17420000000000002       -9.300725884843685E-5
0.17426666666666668       6.994071262462446E-5
0.17433333333333334       1.9644465075024136E-4
0.1744                    2.710104745347053E-4
0.1744666666666667        2.8506185948832093E-4
0.17453333333333335       2.3811844273170988E-4
0.1746                    1.3778468902663523E-4
0.17466666666666666       -1.4894256641997005E-6
0.17473333333333335       -1.6070216900386318E-4
0.1748                    -3.192763480391088E-4
0.17486666666666667       -4.5822935291133556E-4
0.17493333333333333       -5.630004369387669E-4
0.17500000000000002       -6.25460475151028E-4
0.17506666666666668       -6.447693283137466E-4
0.17513333333333334       -6.269613368203864E-4
0.1752                    -5.833671249482515E-4
0.17526666666666668       -5.281899440368372E-4
0.17533333333333334       -4.756901606534874E-4
0.1754                    -4.3749421560538134E-4
0.1754666666666667        -4.2050567572005093E-4
0.17553333333333335       -4.2576269645776065E-4
0.1756                    -4.4841245003876144E-4
0.17566666666666667       -4.7874951269477606E-4
0.17573333333333335       -5.040782437260662E-4
0.1758                    -5.110434805309134E-4
0.17586666666666667       -4.8799210552325737E-4
0.17593333333333333       -4.269494934955479E-4
0.17600000000000002       -3.248961449051941E-4
0.17606666666666668       -1.8416785366883102E-4
0.17613333333333334       -1.1976702685347225E-5
0.1762                    1.8080812151310965E-4
0.17626666666666668       3.813548745321376E-4
0.17633333333333334       5.767190471358065E-4
0.1764                    7.555203566360953E-4
0.1764666666666667        9.091918078151398E-4
0.17653333333333335       0.0010326334782543459
0.1766                    0.001124214830010065
0.17666666666666667       0.0011852151489750082
0.17673333333333335       0.0012188478846967752
0.1768                    0.0012290872650087944
0.17686666666666667       0.0012195374874863774
0.17693333333333333       0.0011925319808402232
0.17700000000000002       0.0011486383612334197
0.17706666666666668       0.0010866262392872678
0.17713333333333334       0.001003885134455881
0.1772                    8.972167124738917E-4
0.17726666666666668       7.63852777059323E-4
0.17733333333333334       6.025063048582524E-4
0.1774                    4.142728929374633E-4
0.17746666666666666       2.0320351021447486E-4
0.17753333333333335       -2.3586808213492233E-5
0.1776                    -2.563224942215519E-4
0.17766666666666667       -4.8344624104044797E-4
0.17773333333333335       -6.928606432796057E-4
0.1778                    -8.733367368612173E-4
0.17786666666666667       -0.001015869971264952
0.17793333333333333       -0.0011147360159416816
0.17800000000000002       -0.0011680649934403067
0.17806666666666668       -0.0011778322597300367
0.17813333333333334       -0.0011492682346475444
0.1782                    -0.0010898062651644328
0.17826666666666668       -0.001007785856407801
0.17833333333333334       -9.111856260070843E-4
0.1784                    -8.066292315821297E-4
0.17846666666666666       -6.988622397849602E-4
0.17853333333333335       -5.907923768972978E-4
0.1786                    -4.8403879502854707E-4
0.17866666666666667       -3.798152122596678E-4
0.17873333333333336       -2.7989660260833006E-4
0.17880000000000001       -1.8738213943184488E-4
0.17886666666666667       -1.0702617640033302E-4
0.17893333333333333       -4.499277741030847E-5
0.17900000000000002       -8.038776967708394E-6
0.17906666666666668       -2.2559158711236693E-6
0.17913333333333334       -3.16429476957378E-5
0.1792                    -9.681310673061364E-5
0.17926666666666669       -1.9412777952051592E-4
0.17933333333333334       -3.1548152765026316E-4
0.1794                    -4.488310348408829E-4
0.17946666666666666       -5.794171052652278E-4
0.17953333333333335       -6.914952246006578E-4
0.1796                    -7.702983774444354E-4
0.17966666666666667       -8.03909102354997E-4
0.17973333333333333       -7.847503106209583E-4
0.17980000000000002       -7.104748864159254E-4
0.17986666666666667       -5.84164950331407E-4
0.17993333333333333       -4.1384770052640567E-4
0.18000000000000002       -2.1145729416665354E-4
0.18006666666666668       8.561915724466691E-6
0.18013333333333334       2.307693097723781E-4
0.1802                    4.401565155213965E-4
0.1802666666666667        6.233314364050914E-4
0.18033333333333335       7.693583528245134E-4
0.1804                    8.702384012784543E-4
0.18046666666666666       9.210700663970783E-4
0.18053333333333335       9.199721285507881E-4
0.1806                    8.678673932861004E-4
0.18066666666666667       7.682097597613133E-4
0.18073333333333333       6.267019177487652E-4
0.18080000000000002       4.5103593791801747E-4
0.18086666666666668       2.506335476937238E-4
0.18093333333333333       3.634524507236035E-5
0.18100000000000002       -1.7993499568547122E-4
0.18106666666666668       -3.857808031690573E-4
0.18113333333333334       -5.688755585911817E-4
0.1812                    -7.177664811024442E-4
0.1812666666666667        -8.226821872605276E-4
0.18133333333333335       -8.763327101145738E-4
0.1814                    -8.745974752985473E-4
0.18146666666666667       -8.170139044523239E-4
0.18153333333333335       -7.069959870672651E-4
0.1816                    -5.517433185429711E-4
0.18166666666666667       -3.6182992127058763E-4
0.18173333333333333       -1.5049145492542136E-4
0.18180000000000002       6.732980520090288E-5
0.18186666666666668       2.7609866499135805E-4
0.18193333333333334       4.608619191068491E-4
0.182                     6.083885423972138E-4
0.18206666666666668       7.081818579795904E-4
0.18213333333333334       7.532721314679033E-4
0.1822                    7.407137517085565E-4
0.1822666666666667        6.717389790407781E-4
0.18233333333333335       5.515451651133065E-4
0.1824                    3.887282811254928E-4
0.18246666666666667       1.9442553457338363E-4
0.18253333333333335       -1.875559883046663E-5
0.1826                    -2.378973232615473E-4
0.18266666666666667       -4.508791919631351E-4
0.18273333333333333       -6.47292347691421E-4
0.18280000000000002       -8.190516361667376E-4
0.18286666666666668       -9.606416590811152E-4
0.18293333333333334       -0.0010689893388189375
0.183                     -0.0011430139628438546
0.18306666666666668       -0.0011829726655767964
0.18313333333333334       -0.0011897582194900938
0.1832                    -0.0011643082086396004
0.1832666666666667        -0.001107257724340473
0.18333333333333335       -0.0010189244889521173
0.1834                    -8.996228217646214E-4
0.18346666666666667       -7.502563218752455E-4
0.18353333333333335       -5.730408842542342E-4
0.1836                    -3.7218914595931504E-4
0.18366666666666667       -1.5438727963815575E-4
0.18373333333333333       7.109951522059937E-5
0.18380000000000002       2.927749852200837E-4
0.18386666666666668       4.977109212112347E-4
0.18393333333333334       6.727068643418274E-4
0.184                     8.05652592264648E-4
0.18406666666666668       8.868796534703246E-4
0.18413333333333334       9.102842533528539E-4
0.1842                    8.740338068621765E-4
0.18426666666666666       7.807519453178559E-4
0.18433333333333335       6.371567370868954E-4
0.1844                    4.5323054135743793E-4
0.18446666666666667       2.4106687747657167E-4
0.18453333333333335       1.3600071383734744E-5
0.18460000000000001       -2.165788303370521E-4
0.18466666666666667       -4.3814327260146717E-4
0.18473333333333333       -6.415808207488485E-4
0.18480000000000002       -8.193467531652589E-4
0.18486666666666668       -9.656838187116332E-4
0.18493333333333334       -0.0010762304342019238
0.185                     -0.001147560529976285
0.18506666666666668       -0.0011768122494686395
0.18513333333333334       -0.0011615183736596788
0.1852                    -0.001099699264159426
0.18526666666666666       -9.902204619720578E-4
0.18533333333333335       -8.333381306978741E-4
0.1854                    -6.313366590932544E-4
0.18546666666666667       -3.8911947090777436E-4
0.18553333333333336       -1.1463524424470961E-4
0.18560000000000001       1.8097680159761303E-4
0.18566666666666667       4.836043860580373E-4
0.18573333333333333       7.767758298931378E-4
0.18580000000000002       0.001042660853792248
0.18586666666666668       0.001263407025752323
0.18593333333333334       0.0014227072492108814
0.186                     0.0015074442988926811
0.18606666666666669       0.0015092423169075378
0.18613333333333335       0.0014256987571051078
0.1862                    0.0012611127001166875
0.18626666666666666       0.0010265375437614108
0.18633333333333335       7.390658678819559E-4
0.1864                    4.203590475039424E-4
0.18646666666666667       9.455209770489353E-5
0.18653333333333333       -2.1424029234497408E-4
0.18660000000000002       -4.844809113170153E-4
0.18666666666666668       -6.994724057481758E-4
0.18673333333333333       -8.489868695115936E-4
0.18680000000000002       -9.300225543224119E-4
0.18686666666666668       -9.465770687841411E-4
0.18693333333333334       -9.084952013966228E-4
0.187                     -8.296115390424218E-4
0.1870666666666667        -7.255162199726328E-4
0.18713333333333335       -6.113282787347478E-4
0.1872                    -4.998495673394895E-4
0.18726666666666666       -4.003798894700594E-4
0.18733333333333335       -3.1833928369451314E-4
0.1874                    -2.5565871172667746E-4
0.18746666666666667       -2.1177034068387004E-4
0.18753333333333333       -1.849061045504641E-4
0.18760000000000002       -1.7337642618388472E-4
0.18766666666666668       -1.7651085623323788E-4
0.18773333333333334       -1.9504825000434984E-4
0.18780000000000002       -2.3088763295423374E-4
0.18786666666666668       -2.862692480058676E-4
0.18793333333333334       -3.6259600996605253E-4
0.188                     -4.591834856130715E-4
0.1880666666666667        -5.722558562410995E-4
0.18813333333333335       -6.944734902520265E-4
0.1882                    -8.151784464384296E-4
0.18826666666666667       -9.213820428288143E-4
0.18833333333333335       -9.993754834535398E-4
0.1884                    -0.0010366895211128785
0.18846666666666667       -0.0010240611778239586
0.18853333333333333       -9.570426877222157E-4
0.18860000000000002       -8.36938654954013E-4
0.18866666666666668       -6.708748010818713E-4
0.18873333333333334       -4.709894773051409E-4
0.1888                    -2.528918271959161E-4
0.18886666666666668       -3.3670997449267544E-5
0.18893333333333334       1.7018749245575497E-4
0.189                     3.446137904705081E-4
0.1890666666666667        4.792163786727802E-4
0.18913333333333335       5.678509499245722E-4
0.1892                    6.085109551869598E-4
0.18926666666666667       6.027007246822384E-4
0.18933333333333335       5.545263660938612E-4
0.1894                    4.6978688208452823E-4
0.18946666666666667       3.5527633528025556E-4
0.18953333333333333       2.1840955586022965E-4
0.18960000000000002       6.713595043298222E-5
0.18966666666666668       -8.99937289692129E-5
0.18973333333333334       -2.4381505500059575E-4
0.1898                    -3.847790025507233E-4
0.18986666666666668       -5.035467682838706E-4
0.18993333333333334       -5.919420239349295E-4
0.19                      -6.441042392647692E-4
0.1900666666666667        -6.575784396513232E-4
0.19013333333333335       -6.340275493650031E-4
0.1902                    -5.792998833515282E-4
0.19026666666666667       -5.027133312458838E-4
0.19033333333333335       -4.155943263737884E-4
0.1904                    -3.2930942896720287E-4
0.19046666666666667       -2.5318384099851495E-4
0.19053333333333333       -1.9276833440276926E-4
0.19060000000000002       -1.4888020242714056E-4
0.19066666666666668       -1.1769036557650127E-4
0.19073333333333334       -9.190580983288652E-5
0.1908                    -6.283339202387392E-5
0.19086666666666668       -2.2900229737388148E-5
0.19093333333333334       3.1935082201276336E-5
0.191                     1.004532267480889E-4
0.19106666666666666       1.7557860701344907E-4
0.19113333333333335       2.45135160054945E-4
0.1912                    2.9388090271303166E-4
0.19126666666666667       3.0645372316939756E-4
0.19133333333333336       2.7064521522593817E-4
0.19140000000000001       1.8032085478937785E-4
0.19146666666666667       3.736978682614529E-5
0.19153333333333333       -1.4775916289571405E-4
0.19160000000000002       -3.570904310825946E-4
0.19166666666666668       -5.675607493945531E-4
0.19173333333333334       -7.544161884912423E-4
0.1918                    -8.949331282305398E-4
0.19186666666666669       -9.717750446205693E-4
0.19193333333333334       -9.753817097849346E-4
0.192                     -9.049962287203275E-4
0.19206666666666666       -7.682302114387442E-4
0.19213333333333335       -5.7933823388469E-4
0.1922                    -3.56627103298836E-4
0.19226666666666667       -1.1953612010984216E-4
0.19233333333333336       1.1403361999587755E-4
0.19240000000000002       3.2968827144941315E-4
0.19246666666666667       5.17543833536495E-4
0.19253333333333333       6.722193627086069E-4
0.19260000000000002       7.919972517161763E-4
0.19266666666666668       8.774756445615951E-4
0.19273333333333334       9.300907737010025E-4
0.1928                    9.508731350901403E-4
0.1928666666666667        9.397031161435214E-4
0.19293333333333335       8.951763759666521E-4
0.193                     8.150338440568053E-4
0.19306666666666666       6.970017732653235E-4
0.19313333333333335       5.398195831470989E-4
0.1932                    3.4421733809202645E-4
0.19326666666666667       1.1365378044761848E-4
0.19333333333333333       -1.4531424520620412E-4
0.19340000000000002       -4.230566576422591E-4
0.19346666666666668       -7.07268322003074E-4
0.19353333333333333       -9.83662427253356E-4
0.19360000000000002       -0.0012368847798955227
0.19366666666666668       -0.0014515593481649245
0.19373333333333334       -0.0016134136863651552
0.1938                    -0.0017104254345343048
0.1938666666666667        -0.0017339341533702932
0.19393333333333335       -0.0016796306257934443
0.194                     -0.0015483282207112228
0.19406666666666667       -0.0013463917005408024
0.19413333333333335       -0.0010856966047348188
0.1942                    -7.830472251433614E-4
0.19426666666666667       -4.5901800435136205E-4
0.19433333333333333       -1.362972538377757E-4
0.19440000000000002       1.623165506836293E-4
0.19446666666666668       4.160342099826916E-4
0.19453333333333334       6.08031906137642E-4
0.19460000000000002       7.269832609121554E-4
0.19466666666666668       7.679719461261161E-4
0.19473333333333334       7.326839445990377E-4
0.1948                    6.288809506388913E-4
0.1948666666666667        4.692878792411648E-4
0.19493333333333335       2.7007618544822823E-4
0.195                     4.918450576951727E-5
0.19506666666666667       -1.753119696721634E-4
0.19513333333333335       -3.866200817615858E-4
0.1952                    -5.703277087637357E-4
0.19526666666666667       -7.151599815447948E-4
0.19533333333333333       -8.134194421083001E-4
0.19540000000000002       -8.611560416673976E-4
0.19546666666666668       -8.581132465873712E-4
0.19553333333333334       -8.07485672079825E-4
0.1956                    -7.154963199614681E-4
0.19566666666666668       -5.907741849244173E-4
0.19573333333333334       -4.435430756919751E-4
0.1958                    -2.8465917525214275E-4
0.1958666666666667        -1.2456941554514093E-4
0.19593333333333335       2.7681096915849967E-5
0.196                     1.6524392932686687E-4
0.19606666666666667       2.8393083318535773E-4
0.19613333333333335       3.822405435909916E-4
0.1962                    4.609269152362166E-4
0.19626666666666667       5.221797327976674E-4
0.19633333333333333       5.685650165625182E-4
0.19640000000000002       6.019398923464385E-4
0.19646666666666668       6.225729178238128E-4
0.19653333333333334       6.286714633461088E-4
0.1966                    6.164322736107611E-4
0.19666666666666668       5.806340424377206E-4
0.19673333333333334       5.156770203029737E-4
0.1968                    4.1688386409077793E-4
0.1968666666666667        2.818213033606298E-4
0.19693333333333335       1.1138681916885874E-4
0.197                     -8.954843958365802E-5
0.19706666666666667       -3.120741031515146E-4
0.19713333333333335       -5.437936363575448E-4
0.19720000000000001       -7.699403130183262E-4
0.19726666666666667       -9.748959169623309E-4
0.19733333333333333       -0.0011439106144410158
0.19740000000000002       -0.0012647910875135235
0.19746666666666668       -0.0013293275468251003
0.19753333333333334       -0.0013342624172634845
0.1976                    -0.0012816745147574693
0.19766666666666668       -0.0011787185295751052
0.19773333333333334       -0.001036751183814236
0.1978                    -8.699464046263269E-4
0.19786666666666666       -6.935968537748392E-4
0.19793333333333335       -5.22325501411355E-4
0.198                     -3.6846203563202707E-4
0.19806666666666667       -2.4082659157491953E-4
0.19813333333333336       -1.440723385063133E-4
0.19820000000000002       -7.868396460253281E-5
0.19826666666666667       -4.1594817568173834E-5
0.19833333333333333       -2.727774764415309E-5
0.19840000000000002       -2.9079939070340644E-5
0.19846666666666668       -4.0540131846812854E-5
0.19853333333333334       -5.6433355504330916E-5
0.1986                    -7.335853687046827E-5
0.19866666666666669       -8.980188093638779E-5
0.19873333333333335       -1.0572557636935796E-4
0.1988                    -1.2183674750433837E-4
0.19886666666666666       -1.3876702022181625E-4
0.19893333333333335       -1.5640780787050195E-4
0.199                     -1.7359116308008588E-4
0.19906666666666667       -1.8819185424945317E-4
0.19913333333333336       -1.976146294120034E-4
0.19920000000000002       -1.995255848409475E-4
0.19926666666666668       -1.9259943967751627E-4
0.19933333333333333       -1.7705623447130035E-4
0.19940000000000002       -1.547935103839596E-4
0.19946666666666668       -1.2904837785754356E-4
0.19953333333333334       -1.0364274255282779E-4
0.1996                    -8.199276739365556E-5
0.1996666666666667        -6.613639964468478E-5
0.19973333333333335       -5.604806743316918E-5
0.1998                    -4.945635347602158E-5
0.19986666666666666       -4.226182656046669E-5
0.19993333333333335       -2.950311045424314E-5
0.2                       -6.686362199153397E-6
