% Model:              office_space_acoustics_63.mph
% Version:            COMSOL 6.4.0.293
% Date:               Jul 23 2026, 08:05
% Dimension:          1
% Nodes:              14026
% Expressions:        1
% Description:        脉冲响应
% 时间 (s)                  Value
0                         -4.821637332766436E-16
6.666666666666667E-5      -1.540976823474457E-5
1.3333333333333334E-4     -2.444462321254142E-5
2.0E-4                    -2.8063139496776894E-5
2.666666666666667E-4      -2.8781811585959022E-5
3.333333333333334E-4      -3.0801624600846825E-5
4.0E-4                    -3.972447816998336E-5
4.6666666666666666E-4     -6.175545639164887E-5
5.333333333333334E-4      -1.0242308489004845E-4
6.000000000000001E-4      -1.6503008063434473E-4
6.666666666666668E-4      -2.4921915721029054E-4
7.333333333333333E-4      -3.5013478972285037E-4
8.0E-4                    -4.5862241883203893E-4
8.666666666666667E-4      -5.627040899263172E-4
9.333333333333333E-4      -6.50228688033986E-4
0.001                     -7.121966645427218E-4
0.0010666666666666667     -7.459248219356895E-4
0.0011333333333333334     -7.570739330391836E-4
0.0012000000000000001     -7.597007690145422E-4
0.0012666666666666668     -7.739298029711435E-4
0.0013333333333333335     -8.214856375255819E-4
0.0014                    -9.200170107773553E-4
0.0014666666666666667     -0.0010776656818282833
0.0015333333333333334     -0.0012894966742788764
0.0016                    -0.001537102929313678
0.0016666666666666668     -0.001791951042106351
0.0017333333333333335     -0.002022010911923924
0.0018000000000000002     -0.0022001857370286516
0.0018666666666666666     -0.0023123428272815248
0.0019333333333333333     -0.002362597820470879
0.002                     -0.002374038584506361
0.0020666666666666667     -0.002384205960426715
0.0021333333333333334     -0.002436098605194585
0.0022                    -0.002566835103978303
0.002266666666666667      -0.0027969739023756854
0.0023333333333333335     -0.003123561370572971
0.0024000000000000002     -0.003519164729327294
0.002466666666666667      -0.003937617064221256
0.0025333333333333336     -0.004325345507102675
0.0026000000000000003     -0.004635485421771612
0.002666666666666667      -0.004841002696775008
0.0027333333333333333     -0.004943088486668114
0.0028                    -0.00497221229337434
0.0028666666666666667     -0.0049811577984136554
0.0029333333333333334     -0.005031598892895565
0.003                     -0.005177664552007377
0.0030666666666666668     -0.005450929381982358
0.0031333333333333335     -0.005851035585712516
0.0032                    -0.0063447272725923815
0.003266666666666667      -0.006873824794430156
0.0033333333333333335     -0.007370194444115172
0.0034000000000000002     -0.007773768114072598
0.003466666666666667      -0.008048720244414087
0.0035333333333333336     -0.008193317579851998
0.0036000000000000003     -0.008240640792060218
0.003666666666666667      -0.00824988004137325
0.0037333333333333333     -0.008290522124974749
0.0038                    -0.008423726610668807
0.0038666666666666667     -0.008685967787706639
0.003933333333333334      -0.009079382874973169
0.004                     -0.009571403127261374
0.004066666666666667      -0.010103682497748947
0.0041333333333333335     -0.010607794963933425
0.004200000000000001      -0.011023352224552143
0.004266666666666667      -0.011313599271317056
0.004333333333333333      -0.01147433123580596
0.0044                    -0.011533901628156125
0.0044666666666666665     -0.01154459339083077
0.004533333333333334      -0.011567976413921646
0.0046                    -0.011658416859474573
0.004666666666666667      -0.011849231379563866
0.004733333333333333      -0.012145055018125697
0.0048000000000000004     -0.012522133335939316
0.004866666666666667      -0.012936019572078593
0.004933333333333334      -0.013334191843947095
0.005                     -0.013669932132140065
0.005066666666666667      -0.013913708712490223
0.0051333333333333335     -0.01405924138157044
0.005200000000000001      -0.014123076089460755
0.005266666666666667      -0.014138340142123052
0.005333333333333334      -0.014144855675568637
0.0054                    -0.014178560495769179
0.0054666666666666665     -0.014263070926865216
0.005533333333333334      -0.014405340241715709
0.0056                    -0.014596046509558092
0.005666666666666667      -0.014814004391501
0.005733333333333333      -0.01503291503869235
0.0058000000000000005     -0.015228379046941059
0.005866666666666667      -0.015383333622517498
0.005933333333333334      -0.015490784870423274
0.006                     -0.015553618187228564
0.006066666666666667      -0.015582090047115187
0.0061333333333333335     -0.015590109441239751
0.006200000000000001      -0.015591513773203322
0.006266666666666667      -0.01559727957384308
0.006333333333333334      -0.015614133528116542
0.0064                    -0.015644531584326358
0.006466666666666667      -0.015687609877463954
0.006533333333333334      -0.015740560179485677
0.0066                    -0.01579993546241168
0.006666666666666667      -0.01586257273029987
0.006733333333333333      -0.01592603187795591
0.0068000000000000005     -0.015988612131715804
0.006866666666666667      -0.016049089059758166
0.006933333333333334      -0.016106329736240446
0.007                     -0.01615893128054218
0.007066666666666667      -0.01620502255619376
0.0071333333333333335     -0.016242374072215723
0.007200000000000001      -0.01626894674328704
0.007266666666666667      -0.016283930865202252
0.007333333333333334      -0.0162891559119157
0.0074                    -0.016290512839810208
0.007466666666666667      -0.016298806979050985
0.007533333333333334      -0.016329374002072534
0.0076                    -0.016399956316301006
0.007666666666666667      -0.016526794021903723
0.007733333333333333      -0.016719558238277886
0.0078000000000000005     -0.016976447767667432
0.007866666666666668      -0.017281209399990883
0.007933333333333334      -0.01760376925502819
0.008                     -0.017905442296927834
0.008066666666666666      -0.01814839472310405
0.008133333333333334      -0.01830748184585084
0.0082                    -0.018381264728508456
0.008266666666666667      -0.0183984538754148
0.008333333333333333      -0.018416619397766083
0.008400000000000001      -0.01851180128641521
0.008466666666666667      -0.018760295261351624
0.008533333333333334      -0.019216660685194776
0.0086                    -0.01989400349456622
0.008666666666666666      -0.020753033094701452
0.008733333333333334      -0.021704853493094787
0.0088                    -0.0226290648384941
0.008866666666666667      -0.023404273673127217
0.008933333333333333      -0.0239437756380386
0.009000000000000001      -0.02422639902535922
0.009066666666666667      -0.02431243789910843
0.009133333333333334      -0.024337707505637
0.0092                    -0.024484481945799837
0.009266666666666668      -0.024934942608346188
0.009333333333333334      -0.025818756168170573
0.0094                    -0.02716957754892162
0.009466666666666667      -0.028904388000667254
0.009533333333333335      -0.030834461982289722
0.009600000000000001      -0.032708428637362154
0.009666666666666667      -0.0342784103187054
0.009733333333333333      -0.03537226920125752
0.0098                    -0.03595122175357387
0.009866666666666668      -0.036134231466235726
0.009933333333333334      -0.036178704756526986
0.01                      -0.03641913503400469
0.010066666666666666      -0.037177988647916556
0.010133333333333334      -0.03867245009640326
0.0102                    -0.04094369264464035
0.010266666666666667      -0.04383092864753319
0.010333333333333333      -0.04700142405542303
0.010400000000000001      -0.05003248360386369
0.010466666666666668      -0.052525958214243856
0.010533333333333334      -0.05422451881945979
0.0106                    -0.05509571211205992
0.010666666666666668      -0.05535666259170495
0.010733333333333334      -0.05542807368660829
0.0108                    -0.0558265281077293
0.010866666666666667      -0.057022766394360894
0.010933333333333333      -0.059304860137131696
0.011000000000000001      -0.0626856424657283
0.011066666666666667      -0.0668832215320298
0.011133333333333334      -0.07138444577380042
0.0112                    -0.07557832868055069
0.011266666666666668      -0.07892543789651027
0.011333333333333334      -0.0811162499592682
0.0114                    -0.0821714053260498
0.011466666666666667      -0.08245122279872871
0.011533333333333335      -0.08256736452309796
0.011600000000000001      -0.08321842235139142
0.011666666666666667      -0.08499420057488452
0.011733333333333333      -0.08820358701492557
0.0118                    -0.09277558602919332
0.011866666666666668      -0.09826419088291212
0.011933333333333334      -0.10396013871003253
0.012                     -0.10908275618320074
0.012066666666666667      -0.11300060991184623
0.012133333333333335      -0.11541806244051162
0.0122                    -0.11647134849802404
0.012266666666666667      -0.11670237053836119
0.012333333333333333      -0.11691422614968447
0.012400000000000001      -0.11794790059488262
0.012466666666666668      -0.12044307314718046
0.012533333333333334      -0.12465087645012024
0.0126                    -0.13035241994245422
0.012666666666666668      -0.13690856037300647
0.012733333333333334      -0.143430893043012
0.0128                    -0.14902952692064203
0.012866666666666667      -0.15306887015072373
0.012933333333333333      -0.15535666893609945
0.013000000000000001      -0.15620820069718144
0.013066666666666667      -0.15636357437998166
0.013133333333333334      -0.15678029884915656
0.0132                    -0.15836070756224857
0.013266666666666668      -0.16169253222472685
0.013333333333333334      -0.1668764989019061
0.0134                    -0.17349033522025065
0.013466666666666667      -0.18070141788624677
0.013533333333333335      -0.1874993977631968
0.013600000000000001      -0.192985135968107
0.013666666666666667      -0.1966330551770554
0.013733333333333334      -0.19844838288927458
0.013800000000000002      -0.19897018332545816
0.013866666666666668      -0.19911751528386312
0.013933333333333334      -0.19992391085947653
0.014                     -0.20223834457243325
0.014066666666666667      -0.20647925137912806
0.014133333333333335      -0.21251161734163168
0.0142                    -0.21968232598427476
0.014266666666666667      -0.22700530814777406
0.014333333333333333      -0.23344579726777934
0.014400000000000001      -0.2382226941399514
0.014466666666666668      -0.24103956434803514
0.014533333333333334      -0.24217357419168123
0.0146                    -0.24239414052379063
0.014666666666666668      -0.24273566043350472
0.014733333333333334      -0.24419307132047569
0.0148                    -0.24743063700956094
0.014866666666666667      -0.25258833412070725
0.014933333333333333      -0.259240910162627
0.015000000000000001      -0.26652153291688063
0.015066666666666667      -0.27337572512991193
0.015133333333333334      -0.2788730001781854
0.0152                    -0.2824841678624908
0.015266666666666668      -0.2842397967739862
0.015333333333333334      -0.2847203303697045
0.0154                    -0.2848806620906072
0.015466666666666667      -0.2857634836117348
0.015533333333333335      -0.2881886646603737
0.015600000000000001      -0.29251083764808583
0.01566666666666667       -0.29851539626772544
0.015733333333333335      -0.3054826931460413
0.0158                    -0.3124024201065941
0.015866666666666668      -0.318276481773174
0.015933333333333334      -0.3224206643250277
0.016                     -0.32467292605177084
0.016066666666666667      -0.32544294421203634
0.016133333333333333      -0.3255868929886758
0.0162                    -0.3261466460650687
0.01626666666666667       -0.3280342158536264
0.016333333333333335      -0.33175704381344717
0.0164                    -0.33726544533686903
0.016466666666666668      -0.3439668397795457
0.016533333333333334      -0.3509033175502413
0.0166                    -0.3570415344813159
0.016666666666666666      -0.36158901093743856
0.016733333333333333      -0.3642398727811555
0.016800000000000002      -0.36527225985197165
0.01686666666666667       -0.36546539887395707
0.016933333333333335      -0.365861783626909
0.017                     -0.36744859372640076
0.017066666666666667      -0.3708560997143093
0.017133333333333334      -0.37616376783465866
0.0172                    -0.3828719542154848
0.017266666666666666      -0.39004901912741313
0.017333333333333333      -0.39661261166884954
0.017400000000000002      -0.4016624855182093
0.01746666666666667       -0.40476304210943786
0.017533333333333335      -0.4060857237370131
0.0176                    -0.40636379366147674
0.017666666666666667      -0.406671829499631
0.017733333333333334      -0.4080981267862799
0.0178                    -0.41141076994467407
0.017866666666666666      -0.4168184557397122
0.017933333333333336      -0.4238981504211304
0.018000000000000002      -0.4317134344730793
0.01806666666666667       -0.4390923821285115
0.018133333333333335      -0.44498523824550096
0.0182                    -0.4487938505653382
0.018266666666666667      -0.45056846221131763
0.018333333333333333      -0.451006074626626
0.0184                    -0.4512473064958381
0.018466666666666666      -0.45253328356809674
0.018533333333333336      -0.4558274972921986
0.018600000000000002      -0.46151676519163487
0.018666666666666668      -0.4692810110104362
0.018733333333333334      -0.4781732933191605
0.0188                    -0.48689210711742265
0.018866666666666667      -0.49417095511699705
0.018933333333333333      -0.4991704616207133
0.019                     -0.501750677987906
0.01906666666666667       -0.5025335200557417
0.019133333333333336      -0.5027303738973833
0.019200000000000002      -0.5037852305269536
0.019266666666666668      -0.5069415365232709
0.019333333333333334      -0.5128625361054024
0.0194                    -0.5214174164347182
0.019466666666666667      -0.5316983650893996
0.019533333333333333      -0.5422701437305073
0.0196                    -0.5515875903586825
0.01966666666666667       -0.5584628000847935
0.019733333333333335      -0.5624401748849245
0.0198                    -0.5639579969472306
0.019866666666666668      -0.5642390375260917
0.019933333333333334      -0.5649392497960162
0.02                      -0.5676602145650647
0.020066666666666667      -0.573470749868852
0.020133333333333333      -0.5825772159066457
0.020200000000000003      -0.5942386903400659
0.02026666666666667       -0.6069571782889961
0.020333333333333335      -0.6188984924877089
0.0204                    -0.6284308040942844
0.020466666666666668      -0.6346237628603291
0.020533333333333334      -0.6375516131505011
0.0206                    -0.6382980296578361
0.020666666666666667      -0.6386543199076422
0.020733333333333333      -0.6406009365749292
0.020800000000000003      -0.6457275183194247
0.02086666666666667       -0.6547598988713209
0.020933333333333335      -0.6673280224465629
0.021                     -0.6820431640294009
0.021066666666666668      -0.6968725191470402
0.021133333333333334      -0.709717456118104
0.0212                    -0.7190353934441517
0.021266666666666666      -0.7243179816200158
0.021333333333333336      -0.7262704567542748
0.021400000000000002      -0.7266275028300553
0.02146666666666667       -0.7276583110527679
0.021533333333333335      -0.7315107818900861
0.0216                    -0.7395874694440784
0.021666666666666667      -0.7521285616782879
0.021733333333333334      -0.7681168251625923
0.0218                    -0.7855367281786602
0.021866666666666666      -0.8019293013002042
0.021933333333333336      -0.815098924500522
0.022000000000000002      -0.8237700281637552
0.02206666666666667       -0.8279892755934894
0.022133333333333335      -0.8291383114161468
0.0222                    -0.8295462849522173
0.022266666666666667      -0.8318208440193975
0.022333333333333334      -0.8380990145239692
0.0224                    -0.8494317470619988
0.022466666666666666      -0.8654687192135678
0.022533333333333336      -0.8845289278797553
0.022600000000000002      -0.9040475722117864
0.02266666666666667       -0.9212920880181007
0.022733333333333335      -0.9341555004325501
0.0228                    -0.9417924658191067
0.022866666666666667      -0.9448936453412343
0.022933333333333333      -0.9455028967957791
0.023                     -0.9464316036251481
0.02306666666666667       -0.9504518396777483
0.023133333333333336      -0.9595066901461768
0.023200000000000002      -0.9741552610002769
0.023266666666666668      -0.9933971427248878
0.023333333333333334      -1.0149252082632736
0.0234                    -1.035752183036461
0.023466666666666667      -1.0530549744498312
0.023533333333333333      -1.06500240618902
0.0236                    -1.0713130280366154
0.02366666666666667       -1.07335861831146
0.023733333333333335      -1.07377409613334
0.0238                    -1.0756974056003774
0.023866666666666668      -1.081873584418859
0.023933333333333334      -1.093880256171051
0.024                     -1.1116796955702803
0.024066666666666667      -1.133610588854523
0.024133333333333333      -1.1568270610888318
0.024200000000000003      -1.1780836405426145
0.02426666666666667       -1.1946634168341888
0.024333333333333335      -1.2051820345959017
0.0244                    -1.2100134136252085
0.024466666666666668      -1.2111930189118905
0.024533333333333334      -1.2118272771708853
0.0246                    -1.2151981130935996
0.024666666666666667      -1.2238332525746818
0.024733333333333333      -1.2387999926058886
0.024800000000000003      -1.2594021428051962
0.02486666666666667       -1.2833551091795734
0.024933333333333335      -1.307402679833123
0.025                     -1.32822728992011
0.025066666666666668      -1.3434093940430474
0.025133333333333334      -1.3521492610904453
0.0252                    -1.3555165753326859
0.025266666666666666      -1.3561413894062666
0.025333333333333336      -1.3574472287868524
0.025400000000000002      -1.3626696070274291
0.02546666666666667       -1.3739482084383527
0.025533333333333335      -1.3917345803470167
0.0256                    -1.4146604359214807
0.025666666666666667      -1.4398996979127214
0.025733333333333334      -1.4639426736833276
0.0258                    -1.4835891315616263
0.025866666666666666      -1.496882923073104
0.025933333333333336      -1.503699218492154
0.026000000000000002      -1.5057891891914577
0.02606666666666667       -1.5062652099103089
0.026133333333333335      -1.5086957842440076
0.0262                    -1.5160914187455212
0.026266666666666667      -1.5300688192812737
0.026333333333333334      -1.550406975230414
0.0264                    -1.5751003463944682
0.02646666666666667       -1.6008989736816877
0.026533333333333336      -1.6242091751660968
0.026600000000000002      -1.6421211690173299
0.02666666666666667       -1.6532655086230434
0.026733333333333335      -1.65822579535511
0.0268                    -1.65936843172802
0.026866666666666667      -1.6601460244539177
0.026933333333333333      -1.6641009768731896
0.027                     -1.6738699170308484
0.02706666666666667       -1.6904598598088705
0.027133333333333336      -1.712973567617043
0.027200000000000002      -1.7388474744309304
0.027266666666666668      -1.7645490697376998
0.027333333333333334      -1.786565178167066
0.0274                    -1.8024148409038296
0.027466666666666667      -1.8113828644137862
0.027533333333333333      -1.8147354316523365
0.027600000000000003      -1.8153446359837129
0.02766666666666667       -1.8168477511624106
0.027733333333333336      -1.8226090357800475
0.027800000000000002      -1.8347863901667205
0.027866666666666668      -1.8537461356944913
0.027933333333333334      -1.8779638191260537
0.028                     -1.9044332254321525
0.028066666666666667      -1.9294898405882526
0.028133333333333333      -1.9498431633182092
0.028200000000000003      -1.9635299011389493
0.02826666666666667       -1.970494159953569
0.028333333333333335      -1.9726034707407365
0.0284                    -1.97309575195683
0.028466666666666668      -1.9756406518942815
0.028533333333333334      -1.9833061850213167
0.0286                    -1.9977200117015113
0.028666666666666667      -2.018634677586104
0.028733333333333336      -2.0439952860098782
0.028800000000000003      -2.07049342749184
0.02886666666666667       -2.09447746939507
0.028933333333333335      -2.112984866934215
0.029                     -2.124600182001305
0.029066666666666668      -2.129869398435675
0.029133333333333334      -2.131133997951445
0.0292                    -2.131842074377988
0.029266666666666667      -2.1355610385294304
0.029333333333333336      -2.1449884951497644
0.029400000000000003      -2.161227330863574
0.02946666666666667       -2.183498372168489
0.029533333333333335      -2.2093525124849007
0.0296                    -2.2353326025156326
0.029666666666666668      -2.257926265005747
0.029733333333333334      -2.274557869584047
0.0298                    -2.2843291880132335
0.029866666666666666      -2.288274525552409
0.029933333333333336      -2.2890481109804868
0.030000000000000002      -2.2901502332197614
0.03006666666666667       -2.2949390250341675
0.030133333333333335      -2.3057153155814576
0.0302                    -2.3231173231229096
0.030266666666666667      -2.345963951835301
0.030333333333333334      -2.371576925890029
0.0304                    -2.3965054353304343
0.03046666666666667       -2.4174755321533565
0.030533333333333336      -2.432308624310299
0.030600000000000002      -2.4405376372304626
0.03066666666666667       -2.443527320255684
0.030733333333333335      -2.444063387518284
0.0308                    -2.445548612529578
0.030866666666666667      -2.451056550669642
0.030933333333333334      -2.4625097986037874
0.031                     -2.4801880357095154
0.03106666666666667       -2.5026737500175384
0.031133333333333336      -2.527240776791885
0.031200000000000002      -2.5505916943806883
0.031266666666666665      -2.5697597585015286
0.03133333333333334       -2.582930147989658
0.031400000000000004      -2.5899386992391005
0.03146666666666667       -2.5922951627904305
0.03153333333333334       -2.592729827790414
0.0316                    -2.594413820585047
0.03166666666666667       -2.600090876988282
0.031733333333333336      -2.6113590380795437
0.0318                    -2.628276388935873
0.03186666666666667       -2.6493731667826914
0.031933333333333334      -2.6720581812904163
0.032                     -2.6933186179990525
0.03206666666666667       -2.7105358039174074
0.03213333333333333       -2.7221953445511575
0.0322                    -2.728286190158859
0.032266666666666666      -2.7302714589510497
0.03233333333333333       -2.7306487173231444
0.0324                    -2.7322436412319973
0.03246666666666667       -2.7374483131340472
0.03253333333333334       -2.7476090018462984
0.032600000000000004      -2.762708405817611
0.03266666666666667       -2.7814052657960215
0.032733333333333337      -2.8014109042501314
0.0328                    -2.820106070448672
0.03286666666666667       -2.8352402121883586
0.032933333333333335      -2.8455254366958407
0.033                     -2.8509587649245542
0.03306666666666667       -2.852783887845016
0.033133333333333334      -2.8531143413321676
0.0332                    -2.8543404023455174
0.03326666666666667       -2.8584943502299924
0.03333333333333333       -2.8667422961119104
0.0334                    -2.8791210368547104
0.033466666666666665      -2.8945696852938574
0.03353333333333333       -2.911235994039113
0.033600000000000005      -2.9269753519292534
0.03366666666666667       -2.9399138816192556
0.03373333333333334       -2.948927597725003
0.033800000000000004      -2.9539093251819093
0.03386666666666667       -2.955755271613885
0.033933333333333336      -2.9560863262186166
0.034                     -2.956794815070257
0.03406666666666667       -2.9595488003980606
0.034133333333333335      -2.9653840985764917
0.0342                    -2.974478387663634
0.03426666666666667       -2.98614934205716
0.034333333333333334      -2.99906430692729
0.0344                    -3.0116015733253882
0.034466666666666666      -3.022269318891614
0.03453333333333333       -3.0300749300154313
0.0346                    -3.034751016688149
0.034666666666666665      -3.0367847063724245
0.03473333333333334       -3.0372528417053646
0.034800000000000005      -3.0375187658453657
0.03486666666666667       -3.0388789160586587
0.03493333333333334       -3.0422516372660646
0.035                     -3.0479801839147362
0.03506666666666667       -3.055787209486444
0.035133333333333336      -3.06487989419114
0.0352                    -3.0741710415661627
0.03526666666666667       -3.0825572134118575
0.035333333333333335      -3.089184339125484
0.0354                    -3.0936370293670294
0.03546666666666667       -3.0960096182499877
0.03553333333333333       -3.096849328912473
0.0356                    -3.0969952946367094
0.035666666666666666      -3.0973614028085295
0.03573333333333333       -3.0987198778398866
0.0358                    -3.1015359360184735
0.03586666666666667       -3.105886228000627
0.03593333333333334       -3.111471418583945
0.036000000000000004      -3.1177117141329647
0.03606666666666667       -3.123897360390186
0.03613333333333334       -3.129356569566193
0.0362                    -3.133602315361072
0.03626666666666667       -3.1364269245799328
0.036333333333333336      -3.137927547755577
0.0364                    -3.1384627521530266
0.03646666666666667       -3.1385561069829695
0.036533333333333334      -3.1387728462471554
0.0366                    -3.139598607328634
0.03666666666666667       -3.141345306476515
0.03673333333333333       -3.144100573587181
0.0368                    -3.147726562246529
0.036866666666666666      -3.151903786157297
0.03693333333333333       -3.1562075952672646
0.037000000000000005      -3.1601999733234445
0.03706666666666667       -3.1635179370130513
0.03713333333333334       -3.1659418861339494
0.037200000000000004      -3.167432226183115
0.03726666666666667       -3.168129383109355
0.037333333333333336      -3.1683195294144144
0.0374                    -3.168374497623189
0.03746666666666667       -3.1686783860330032
0.037533333333333335      -3.1695547809080313
0.0376                    -3.171207459996211
0.03766666666666667       -3.1736844528220725
0.037733333333333334      -3.1768711127014013
0.0378                    -3.1805130574705216
0.037866666666666667      -3.184265013614136
0.03793333333333333       -3.1877572647579355
0.038                     -3.1906681173099387
0.038066666666666665      -3.1927891607438545
0.03813333333333334       -3.194070651131231
0.038200000000000005      -3.1946373212783326
0.03826666666666667       -3.1947700513555946
0.03833333333333334       -3.194855285172577
0.038400000000000004      -3.195310600416705
0.03846666666666667       -3.196500091959801
0.038533333333333336      -3.1986561040838355
0.0386                    -3.2018237056240686
0.03866666666666667       -3.2058410006200444
0.038733333333333335      -3.210362222508432
0.0388                    -3.2149223269968146
0.03886666666666667       -3.2190327271743686
0.038933333333333334      -3.222289684557164
0.039                     -3.2244718094954603
0.039066666666666666      -3.2256030644573013
0.03913333333333333       -3.225963533736232
0.0392                    -3.2260412800453357
0.03926666666666667       -3.226432368799718
0.03933333333333334       -3.2277090974609672
0.039400000000000004      -3.230285268883505
0.03946666666666667       -3.2343098124020013
0.03953333333333334       -3.239615558436552
0.0396                    -3.245739242832699
0.03966666666666667       -3.2520135967150225
0.039733333333333336      -3.257715301317913
0.0398                    -3.2622372346286292
0.03986666666666667       -3.265244039683306
0.039933333333333335      -3.2667703725637915
0.04                      -3.26723278080729
0.04006666666666667       -3.267346918536572
0.04013333333333333       -3.267966135372764
0.0402                    -3.2698783251976424
0.040266666666666666      -3.273609540131655
0.04033333333333333       -3.2792826694909722
0.040400000000000005      -3.286568053946675
0.04046666666666667       -3.2947428899719453
0.04053333333333334       -3.3028513317651917
0.040600000000000004      -3.309931869846066
0.04066666666666667       -3.3152586056066107
0.04073333333333334       -3.3185347926140873
0.0408                    -3.31998513393978
0.04086666666666667       -3.320317720747774
0.040933333333333335      -3.320560860908921
0.041                     -3.3218137804056243
0.04106666666666667       -3.3249730033746117
0.041133333333333334      -3.3305023934720275
0.0412                    -3.3383043573682203
0.04126666666666667       -3.347726419479077
0.04133333333333333       -3.357706422901136
0.0414                    -3.3670264126852767
0.041466666666666666      -3.374616163692626
0.04153333333333334       -3.379830068135427
0.041600000000000005      -3.382623002898991
0.04166666666666667       -3.3835746179595017
0.04173333333333334       -3.383751943201532
0.041800000000000004      -3.384444665595614
0.04186666666666667       -3.3868414080457585
0.041933333333333336      -3.3917292528797613
0.042                     -3.3992910647554453
0.04206666666666667       -3.4090505890306995
0.042133333333333335      -3.419980703997503
0.0422                    -3.430752085647826
0.04226666666666667       -3.440064390870421
0.042333333333333334      -3.4469777505433354
0.0424                    -3.451157440042871
0.042466666666666666      -3.4529642547823665
0.04253333333333333       -3.4533642907820234
0.0426                    -3.4536820542185853
0.04266666666666667       -3.455263269226645
0.04273333333333334       -3.459135390887412
0.042800000000000005      -3.4657507715262175
0.04286666666666667       -3.4748741516965644
0.04293333333333334       -3.4856407435501047
0.043000000000000003      -3.4967713263779925
0.04306666666666667       -3.5068931563654338
0.043133333333333336      -3.514887377223573
0.0432                    -3.5201732788403675
0.04326666666666667       -3.5228534258650424
0.043333333333333335      -3.523680539702487
0.0434                    -3.523856653755975
0.04346666666666667       -3.5247209480454305
0.043533333333333334      -3.5274100771221786
0.0436                    -3.53257742467403
0.043666666666666666      -3.540238506133069
0.04373333333333333       -3.549776752302355
0.0438                    -3.560105564011025
0.04386666666666667       -3.569945830125438
0.04393333333333334       -3.57814961928282
0.044000000000000004      -3.583987530408087
0.04406666666666667       -3.5873249935260603
0.04413333333333334       -3.58864216526779
0.0442                    -3.5888953763378275
0.04426666666666667       -3.5892614549180997
0.044333333333333336      -3.590835659259926
0.0444                    -3.594361692939407
0.04446666666666667       -3.6000591059169835
0.044533333333333334      -3.607585887055113
0.0446                    -3.6161403380812733
0.04466666666666667       -3.6246734649555963
0.04473333333333333       -3.6321571304948423
0.0448                    -3.6378396678804674
0.044866666666666666      -3.641423973184951
0.04493333333333333       -3.6431240434960293
0.045000000000000005      -3.6435894460400737
0.04506666666666667       -3.6437230943333807
0.04513333333333334       -3.6444446728052977
0.045200000000000004      -3.6464626366495674
0.04526666666666667       -3.650110853946775
0.04533333333333334       -3.6552859390127863
0.0454                    -3.6614947687057064
0.04546666666666667       -3.6679950058566946
0.045533333333333335      -3.673990019546146
0.0456                    -3.6788276953146415
0.04566666666666667       -3.6821532055443558
0.045733333333333334      -3.683979249497203
0.0458                    -3.6846602749363155
0.04586666666666667       -3.6847830905514876
0.04593333333333333       -3.6850072967019853
0.046                     -3.6858993058965828
0.046066666666666665      -3.6878016070561452
0.04613333333333334       -3.6907665136962104
0.046200000000000005      -3.6945654172496285
0.04626666666666667       -3.6987655077384756
0.04633333333333334       -3.702850314739361
0.046400000000000004      -3.706351429096473
0.04646666666666667       -3.7089581579698354
0.046533333333333336      -3.710579591322769
0.0466                    -3.7113474357388405
0.04666666666666667       -3.7115640235223077
0.046733333333333335      -3.7116135420782985
0.0468                    -3.7118621394609512
0.04686666666666667       -3.7125726867403355
0.046933333333333334      -3.713853506213706
0.047                     -3.71564985097832
0.047066666666666666      -3.7177754932256746
0.04713333333333333       -3.719972302131953
0.0472                    -3.721980188806566
0.04726666666666667       -3.723599181203967
0.04733333333333334       -3.7247293758779283
0.047400000000000005      -3.7253816886048154
0.04746666666666667       -3.7256605310856994
0.04753333333333334       -3.725726485524879
0.0476                    -3.72575100549235
0.04766666666666667       -3.725875456416614
0.047733333333333336      -3.726183863805952
0.0478                    -3.726693829087122
0.04786666666666667       -3.7273647950173765
0.047933333333333335      -3.728118624822443
0.048                     -3.7288652252994696
0.04806666666666667       -3.7295259599219444
0.048133333333333334      -3.7300495001840455
0.0482                    -3.730417737540492
0.048266666666666666      -3.7306424360469856
0.04833333333333333       -3.730755586320382
0.048400000000000006      -3.7307974260169727
0.04846666666666667       -3.730805780970403
0.04853333333333334       -3.730809113133901
0.048600000000000004      -3.730824015185525
0.04866666666666667       -3.7308564458038114
0.04873333333333334       -3.730905150074349
0.0488                    -3.73096557615447
0.04886666666666667       -3.731033038590115
0.048933333333333336      -3.7311045819441557
0.049                     -3.7311796325119486
0.04906666666666667       -3.7312598621356967
0.049133333333333334      -3.7313486747189932
0.0492                    -3.7314504827659887
0.04926666666666667       -3.73156968448729
0.04933333333333333       -3.7317091842076855
0.0494                    -3.73186850874232
0.049466666666666666      -3.7320419867147923
0.04953333333333334       -3.732217864445957
0.049600000000000005      -3.7323793682338477
0.04966666666666667       -3.732508394490013
0.04973333333333334       -3.732591695619447
0.049800000000000004      -3.7326283295581457
0.04986666666666667       -3.732636134950138
0.049933333333333337      -3.7326545255040915
0.05                      -3.7327413074791123
0.05006666666666667       -3.7329625982510617
0.050133333333333335      -3.7333770070013172
0.0502                    -3.734017467374375
0.05026666666666667       -3.734875759087406
0.050333333333333334      -3.735895148437903
0.0504                    -3.73697532602188
0.05046666666666667       -3.73799098444531
0.05053333333333333       -3.7388215310890427
0.0506                    -3.7393855729381125
0.05066666666666667       -3.7396711439105035
0.05073333333333334       -3.7397522222026436
0.050800000000000005      -3.7397844284754163
0.05086666666666667       -3.739977628607294
0.05093333333333334       -3.7405493881356477
0.051000000000000004      -3.741669186966416
0.05106666666666667       -3.7434072688646918
0.051133333333333336      -3.7457026507809115
0.0512                    -3.7483616028195144
0.05126666666666667       -3.7510912121641433
0.051333333333333335      -3.7535637681758587
0.0514                    -3.755498723077455
0.05146666666666667       -3.756742377718616
0.051533333333333334      -3.7573234953698122
0.0516                    -3.757467032763877
0.051666666666666666      -3.757557687756892
0.05173333333333333       -3.758057767664737
0.051800000000000006      -3.759396543691488
0.05186666666666667       -3.76185725765896
0.05193333333333334       -3.7654907775412068
0.052000000000000005      -3.7700806227966877
0.05206666666666667       -3.7751733342530662
0.05213333333333334       -3.780172898943683
0.0522                    -3.784481233936225
0.05226666666666667       -3.7876525822772935
0.052333333333333336      -3.7895223783110596
0.0524                    -3.7902739806295465
0.05246666666666667       -3.7904202610463167
0.052533333333333335      -3.7906983665842757
0.0526                    -3.7918990891411077
0.05266666666666667       -3.794670519201569
0.05273333333333333       -3.799344133803455
0.0528                    -3.805828357299163
0.052866666666666666      -3.813600888586417
0.05293333333333334       -3.821809376377911
0.053000000000000005      -3.8294641114053345
0.05306666666666667       -3.835681347592359
0.05313333333333334       -3.8399181332624623
0.053200000000000004      -3.842135752744072
0.05326666666666667       -3.842842872500017
0.05333333333333334       -3.8429992311118886
0.0534                    -3.843797819685866
0.05346666666666667       -3.8463764309071906
0.053533333333333336      -3.8515286643735087
0.0536                    -3.859485937316993
0.05366666666666667       -3.8698271244257842
0.053733333333333334      -3.881545230325144
0.0538                    -3.8932655804680034
0.05386666666666667       -3.9035726227534315
0.05393333333333333       -3.9113700753526226
0.054                     -3.9161819673188587
0.05406666666666667       -3.9183094457686
0.05413333333333334       -3.918792471186438
0.054200000000000005      -3.919177976241665
0.05426666666666667       -3.9211493728754183
0.05433333333333334       -3.9261090223249653
0.054400000000000004      -3.9348162502352855
0.05446666666666667       -3.947169756256284
0.054533333333333336      -3.962191633507109
0.0546                    -3.978227485530406
0.05466666666666667       -3.9933284358614776
0.054733333333333335      -4.005732714603595
0.0548                    -4.014328674341153
0.05486666666666667       -4.018973006567267
0.054933333333333334      -4.020568311609939
0.055                     -4.020868703701927
0.05506666666666667       -4.022059354564809
0.05513333333333333       -4.026217712138923
0.055200000000000006      -4.034791545504542
0.05526666666666667       -4.048219989100941
0.05533333333333334       -4.0657886552443365
0.055400000000000005      -4.085760266881144
0.05546666666666667       -4.105764680218312
0.05553333333333334       -4.1233708402915825
0.055600000000000004      -4.136707901031997
0.05566666666666667       -4.144972518528727
0.055733333333333336      -4.148674934847751
0.0558                    -4.149543857642955
0.05586666666666667       -4.150109279885284
0.055933333333333335      -4.1530749173994685
0.056                     -4.160644186728815
0.05606666666666667       -4.173965280219164
0.056133333333333334      -4.192824120823843
0.0562                    -4.215657662676244
0.056266666666666666      -4.2398954849935215
0.05633333333333334       -4.262567720448408
0.056400000000000006      -4.2810469294758695
0.05646666666666667       -4.293738202350829
0.05653333333333334       -4.300523688104246
0.056600000000000004      -4.302824620409027
0.05666666666666667       -4.303255054454784
0.05673333333333334       -4.304963992033143
0.0568                    -4.310846596937874
0.05686666666666667       -4.322825753488911
0.056933333333333336      -4.341371358360522
0.057                     -4.365362499751047
0.05706666666666667       -4.392326883387095
0.057133333333333335      -4.419017489308474
0.0572                    -4.442208364426451
0.05726666666666667       -4.459521009831505
0.05733333333333333       -4.470058985071223
0.0574                    -4.474662413645378
0.05746666666666667       -4.475700655739582
0.05753333333333334       -4.476463036789517
0.057600000000000005      -4.480323758567714
0.05766666666666667       -4.489904860246568
0.05773333333333334       -4.506438636937856
0.057800000000000004      -4.529466798751526
0.05786666666666667       -4.55693730634743
0.05793333333333334       -4.585683029609358
0.058                     -4.6121875801804855
0.05806666666666667       -4.633466412916086
0.058133333333333335      -4.64783822771966
0.0582                    -4.655367841464938
0.05826666666666667       -4.657846387418965
0.058333333333333334      -4.658315413175841
0.0584                    -4.660279206394392
0.05846666666666667       -4.666827482673676
0.05853333333333333       -4.679889996319682
0.058600000000000006      -4.6997878228517065
0.05866666666666667       -4.725168044052627
0.05873333333333334       -4.753330488655803
0.058800000000000005      -4.780879574170202
0.05886666666666667       -4.8045599361799
0.05893333333333334       -4.822074123382535
0.059000000000000004      -4.832663461646584
0.05906666666666667       -4.837285610297971
0.059133333333333336      -4.83833963081519
0.0592                    -4.839027224358653
0.05926666666666667       -4.842538687350719
0.059333333333333335      -4.851280166659092
0.0594                    -4.866321984430638
0.05946666666666667       -4.887177533496532
0.059533333333333334      -4.9119463928628635
0.0596                    -4.937784460983476
0.059666666666666666      -4.961597825545564
0.05973333333333333       -4.980800293050341
0.059800000000000006      -4.993944929343544
0.05986666666666667       -5.001060836386364
0.05993333333333334       -5.003605243613297
0.060000000000000005      -5.004054560703663
0.06006666666666667       -5.005260911112291
0.06013333333333334       -5.009753589886353
0.060200000000000004      -5.019157783754103
0.06026666666666667       -5.033853615195376
0.060333333333333336      -5.052933494254899
0.0604                    -5.074452287596039
0.06046666666666667       -5.095908279051348
0.060533333333333335      -5.114845060393013
0.0606                    -5.129432852026169
0.06066666666666667       -5.138886203787728
0.060733333333333334      -5.143613921568968
0.0608                    -5.145070592516433
0.060866666666666666      -5.145362541834403
0.06093333333333334       -5.146723256494374
0.061000000000000006      -5.150994751563621
0.06106666666666667       -5.1592330404358675
0.06113333333333334       -5.17151331970134
0.061200000000000004      -5.186960908720143
0.06126666666666667       -5.203987887518887
0.06133333333333334       -5.220676715689495
0.0614                    -5.2352235116770665
0.06146666666666667       -5.24634036837469
0.061533333333333336      -5.253524695079843
0.0616                    -5.257136403959427
0.06166666666666667       -5.258273654258624
0.061733333333333335      -5.258489107906512
0.0618                    -5.259424399004839
0.06186666666666667       -5.262451449299323
0.06193333333333333       -5.26839687547772
0.062                     -5.277398872793637
0.06206666666666667       -5.288914468464187
0.06213333333333334       -5.30186552649011
0.062200000000000005      -5.31488743503084
0.06226666666666667       -5.326626745043042
0.06233333333333334       -5.336025463252189
0.062400000000000004      -5.342533009701792
0.06246666666666667       -5.346203180026113
0.06253333333333333       -5.347660055561441
0.0626                    -5.3479467813938095
0.06266666666666668       -5.348295968744741
0.06273333333333334       -5.349873842509138
0.06280000000000001       -5.353550472037759
0.06286666666666667       -5.359738162137784
0.06293333333333334       -5.368323973160111
0.063                     -5.37870447410457
0.06306666666666667       -5.3899136362617615
0.06313333333333333       -5.4008194643770775
0.0632                    -5.410352744788063
0.06326666666666667       -5.417724170953965
0.06333333333333334       -5.4225865621363205
0.0634                    -5.42510846283918
0.06346666666666667       -5.425943144065731
0.06353333333333333       -5.426098995220066
0.0636                    -5.426737837814246
0.06366666666666666       -5.42894174467572
0.06373333333333334       -5.433493969728733
0.06380000000000001       -5.440715927133455
0.06386666666666667       -5.450391874534393
0.06393333333333334       -5.461798254997229
0.064                     -5.47383703896627
0.06406666666666667       -5.48525311563885
0.06413333333333333       -5.494897008098487
0.06420000000000001       -5.501979973458145
0.06426666666666667       -5.506264173223082
0.06433333333333334       -5.508140150233034
0.0644                    -5.508567248776261
0.06446666666666667       -5.508884313045334
0.06453333333333333       -5.510528834192315
0.0646                    -5.514724052423032
0.06466666666666666       -5.522200838229654
0.06473333333333334       -5.533014758352826
0.0648                    -5.5465015521523595
0.06486666666666667       -5.561389311556855
0.06493333333333334       -5.576055160706867
0.065                     -5.58888112248405
0.06506666666666668       -5.598634303798159
0.06513333333333333       -5.604780329682557
0.06520000000000001       -5.607645869067475
0.06526666666666667       -5.6083792983123395
0.06533333333333334       -5.608710074374491
0.0654                    -5.610560349363847
0.06546666666666667       -5.61559948270482
0.06553333333333333       -5.624844290434098
0.0656                    -5.638396343936394
0.06566666666666666       -5.65537930998916
0.06573333333333334       -5.674100562028224
0.0658                    -5.692415619698528
0.06586666666666667       -5.708225285192302
0.06593333333333333       -5.719993018925321
0.066                     -5.727149967837118
0.06606666666666668       -5.730272283252579
0.06613333333333334       -5.730972375904335
0.06620000000000001       -5.731525550996437
0.06626666666666667       -5.734326564874639
0.06633333333333334       -5.741311953550749
0.0664                    -5.753485724935274
0.06646666666666667       -5.770656811234799
0.06653333333333333       -5.791450330777083
0.0666                    -5.813600117343558
0.06666666666666667       -5.834470428388258
0.06673333333333334       -5.85169540949646
0.0668                    -5.86378036143561
0.06686666666666667       -5.870501249707112
0.06693333333333333       -5.8729837764373585
0.067                     -5.873433197543275
0.06706666666666666       -5.8745881047303765
0.06713333333333334       -5.879045638421348
0.06720000000000001       -5.888629182605753
0.06726666666666667       -5.903946133883428
0.06733333333333334       -5.924232144658166
0.0674                    -5.947516766244161
0.06746666666666667       -5.971080886762063
0.06753333333333333       -5.9921110618845095
0.06760000000000001       -6.008398577155209
0.06766666666666667       -6.018902364276773
0.06773333333333334       -6.024017455690888
0.0678                    -6.025469669002926
0.06786666666666667       -6.025867848991674
0.06793333333333333       -6.028042954407856
0.068                     -6.034352242714629
0.06806666666666666       -6.046118817596341
0.06813333333333334       -6.063329176490015
0.0682                    -6.084647660515932
0.06826666666666667       -6.107741063761093
0.06833333333333334       -6.1298430869086165
0.0684                    -6.148430770094929
0.06846666666666668       -6.161846799539012
0.06853333333333333       -6.169703103941985
0.06860000000000001       -6.1729549880569685
0.06866666666666667       -6.1736298274080434
0.06873333333333334       -6.1742948140589835
0.0688                    -6.177415225709893
0.06886666666666667       -6.184768667461316
0.06893333333333333       -6.19704887202083
0.069                     -6.213736542034126
0.06906666666666667       -6.233253387097738
0.06913333333333334       -6.253357929135371
0.0692                    -6.271691209515314
0.06926666666666667       -6.286343568012111
0.06933333333333333       -6.296302540351018
0.0694                    -6.301668271658203
0.06946666666666668       -6.303585697866556
0.06953333333333334       -6.303922801988733
0.06960000000000001       -6.304791951111048
0.06966666666666667       -6.3080436711010766
0.06973333333333334       -6.31485447383216
0.0698                    -6.325494080086616
0.06986666666666667       -6.339309346328554
0.06993333333333333       -6.354914761817502
0.07                      -6.370538501779704
0.07006666666666667       -6.384442180337729
0.07013333333333334       -6.395316666277599
0.0702                    -6.402561841021991
0.07026666666666667       -6.406387599939119
0.07033333333333333       -6.407720666576415
0.0704                    -6.407952280683494
0.07046666666666666       -6.408598891389557
0.07053333333333334       -6.410961393918038
0.07060000000000001       -6.415858340105346
0.07066666666666667       -6.423482883831636
0.07073333333333334       -6.433401860282036
0.0708                    -6.444685683293372
0.07086666666666668       -6.4561336423252875
0.07093333333333333       -6.466542884865221
0.07100000000000001       -6.474962908275232
0.07106666666666667       -6.480882551531003
0.07113333333333334       -6.484313227949469
0.0712                    -6.485757041706403
0.07126666666666667       -6.486074903505918
0.07133333333333333       -6.486290473786692
0.0714                    -6.4873757444154485
0.07146666666666666       -6.49006247744812
0.07153333333333334       -6.49471330938418
0.0716                    -6.501271399592343
0.07166666666666667       -6.509291858745925
0.07173333333333334       -6.518044229244634
0.0718                    -6.526664222943128
0.07186666666666668       -6.534325541682354
0.07193333333333334       -6.540399774675328
0.07200000000000001       -6.544574886793501
0.07206666666666667       -6.5469107969255695
0.07213333333333334       -6.547822808374914
0.0722                    -6.54799766732957
0.07226666666666667       -6.5482596437288745
0.07233333333333333       -6.549412598462495
0.0724                    -6.552087220026374
0.07246666666666667       -6.556620666598273
0.07253333333333334       -6.562989860369762
0.0726                    -6.570810949666932
0.07266666666666667       -6.579406990105829
0.07273333333333333       -6.587934498184017
0.0728                    -6.595548279492895
0.07286666666666668       -6.6015746584612875
0.07293333333333334       -6.605658464196891
0.07300000000000001       -6.607851263173438
0.07306666666666667       -6.608618348806839
0.07313333333333334       -6.608758426677684
0.0732                    -6.609248936156973
0.07326666666666667       -6.611046674085166
0.07333333333333333       -6.6148838281886295
0.0734                    -6.621101757350413
0.07346666666666667       -6.629559000870879
0.07353333333333334       -6.639637333521846
0.0736                    -6.6503517938947345
0.07366666666666667       -6.660549419858195
0.07373333333333333       -6.669160000839924
0.0738                    -6.675445403687101
0.07386666666666666       -6.679187961961592
0.07393333333333334       -6.680767616799813
0.07400000000000001       -6.681101920096447
0.07406666666666667       -6.681456587477439
0.07413333333333334       -6.683166946149131
0.0742                    -6.687332815349457
0.07426666666666668       -6.694556020342155
0.07433333333333333       -6.704781110891735
0.07440000000000001       -6.7172793162712265
0.07446666666666667       -6.730787181740859
0.07453333333333334       -6.743778238822004
0.0746                    -6.754813128425219
0.07466666666666667       -6.762888330294414
0.07473333333333333       -6.767695601966446
0.0748                    -6.769720494419525
0.07486666666666666       -6.770147781166259
0.07493333333333334       -6.770592895172911
0.075                     -6.772724364138566
0.07506666666666667       -6.777868531025739
0.07513333333333334       -6.786689479630722
0.0752                    -6.799017852040789
0.07526666666666668       -6.813869633345938
0.07533333333333334       -6.8296563915409125
0.07540000000000001       -6.844546570591719
0.07546666666666667       -6.856899120335068
0.07553333333333334       -6.8656656506058535
0.0756                    -6.870656868533115
0.07566666666666667       -6.872599584583322
0.07573333333333333       -6.87296612498586
0.0758                    -6.873620296063013
0.07586666666666667       -6.876371328779549
0.07593333333333334       -6.882545714655889
0.076                     -6.892676027941543
0.07606666666666667       -6.906374629726236
0.07613333333333333       -6.922418987542489
0.0762                    -6.939031264837893
0.07626666666666668       -6.954292470240599
0.07633333333333334       -6.966597129758421
0.07640000000000001       -6.97503815993536
0.07646666666666667       -6.979623359737469
0.07653333333333334       -6.981266831715449
0.0766                    -6.9815595981607
0.07666666666666667       -6.982382683188683
0.07673333333333333       -6.985462981745023
0.07680000000000001       -6.99197854561983
0.07686666666666667       -7.002299774716336
0.07693333333333334       -7.0159175201263935
0.077                     -7.031568475630511
0.07706666666666667       -7.047528469625972
0.07713333333333333       -7.062009217184477
0.0772                    -7.0735691242516285
0.07726666666666666       -7.081441652197242
0.07733333333333334       -7.085701962554687
0.07740000000000001       -7.08723302474208
0.07746666666666667       -7.087504753080728
0.07753333333333334       -7.088226571968153
0.0776                    -7.090960376868231
0.07766666666666668       -7.0967821719159545
0.07773333333333333       -7.10606163750677
0.07780000000000001       -7.118398950778502
0.07786666666666667       -7.1327254862492895
0.07793333333333334       -7.147544143936794
0.078                     -7.161258546826879
0.07806666666666667       -7.17252149242912
0.07813333333333333       -7.18052677436183
0.0782                    -7.185179258868093
0.07826666666666666       -7.1871059584585115
0.07833333333333334       -7.18750909763347
0.0784                    -7.187899243700395
0.07846666666666667       -7.189771430625304
0.07853333333333334       -7.194294452826026
0.0786                    -7.20207476077535
0.07866666666666668       -7.213037494967019
0.07873333333333334       -7.226444104845099
0.07880000000000001       -7.241042315642473
0.07886666666666667       -7.255321460595621
0.07893333333333334       -7.26782590289048
0.079                     -7.277464752034392
0.07906666666666667       -7.283752315483095
0.07913333333333333       -7.286924827664861
0.0792                    -7.287904769793929
0.07926666666666667       -7.288118423551952
0.07933333333333334       -7.289205195161474
0.0794                    -7.29267952269549
0.07946666666666667       -7.299613554364866
0.07953333333333333       -7.31040257266889
0.0796                    -7.324659616916761
0.07966666666666668       -7.341264672125142
0.07973333333333334       -7.358568669639266
0.07980000000000001       -7.3747238391246475
0.07986666666666667       -7.3880820654532
0.07993333333333334       -7.39757859893932
0.08                      -7.4030099474572655
0.08006666666666667       -7.405130523910958
0.08013333333333333       -7.405532707982779
0.08020000000000001       -7.4063283312962565
0.08026666666666667       -7.409698649644495
0.08033333333333334       -7.417409938231964
0.0804                    -7.430397974071905
0.08046666666666667       -7.448511006578683
0.08053333333333333       -7.470474233436272
0.0806                    -7.494102781157784
0.08066666666666666       -7.516744178656496
0.08073333333333334       -7.535876250668238
0.08080000000000001       -7.549732302380704
0.08086666666666667       -7.557793721752466
0.08093333333333334       -7.5610038806768625
0.081                     -7.561623863172295
0.08106666666666668       -7.562750176251187
0.08113333333333334       -7.567608347505939
0.08120000000000001       -7.578790537084142
0.08126666666666667       -7.597610713729354
0.08133333333333334       -7.62372089408729
0.0814                    -7.655084485087106
0.08146666666666667       -7.688344562506781
0.08153333333333333       -7.719550299922489
0.0816                    -7.745110782541747
0.08166666666666667       -7.762751443682372
0.08173333333333334       -7.772200374708566
0.0818                    -7.775376778339361
0.08186666666666667       -7.775996381150559
0.08193333333333334       -7.778691706664013
0.082                     -7.787884833732315
0.08206666666666668       -7.806696395782804
0.08213333333333334       -7.836138112380846
0.08220000000000001       -7.8747625076366425
0.08226666666666667       -7.918865545705174
0.08233333333333334       -7.96325264197582
0.0824                    -8.00246221781786
0.08246666666666667       -8.032190641719799
0.08253333333333333       -8.050530915671523
0.0826                    -8.058620312878226
0.08266666666666667       -8.060451010943847
0.08273333333333334       -8.061882007418905
0.0828                    -8.06915415181917
0.08286666666666667       -8.0873268280635
0.08293333333333333       -8.119012811357596
0.083                     -8.16366881674389
0.08306666666666668       -8.217584874196431
0.08313333333333334       -8.274621212357493
0.08320000000000001       -8.327622416627399
0.08326666666666667       -8.370253810970956
0.08333333333333334       -8.398790903226791
0.0834                    -8.413284686406591
0.08346666666666668       -8.417664396936624
0.08353333333333333       -8.418714902480394
0.08360000000000001       -8.424276475650887
0.08366666666666667       -8.441230445504889
0.08373333333333334       -8.473793616486134
0.0838                    -8.522465720816717
0.08386666666666667       -8.583805594378259
0.08393333333333333       -8.651102504614387
0.084                     -8.715900095764567
0.08406666666666666       -8.770137149109415
0.08413333333333334       -8.808395126683603
0.08420000000000001       -8.829541985861725
0.08426666666666667       -8.837152637020957
0.08433333333333334       -8.838522818798006
0.0844                    -8.842641832656376
0.08446666666666668       -8.857814937826436
0.08453333333333334       -8.889598297886932
0.08460000000000001       -8.93947191468974
0.08466666666666667       -9.004445604354478
0.08473333333333334       -9.07766068148605
0.0848                    -9.149951539816968
0.08486666666666667       -9.212148215599667
0.08493333333333333       -9.257602460389233
0.085                     -9.28415884126382
0.08506666666666667       -9.294833546900147
0.08513333333333334       -9.296919050467755
0.0852                    -9.29986823840974
0.08526666666666667       -9.312722379831776
0.08533333333333334       -9.34184183412451
0.0854                    -9.389424570980255
0.08546666666666668       -9.453017631339568
0.08553333333333334       -9.526066441870856
0.08560000000000001       -9.59944855440732
0.08566666666666667       -9.663771564264511
0.08573333333333334       -9.711931002005079
0.0858                    -9.74116041456819
0.08586666666666667       -9.753825568478842
0.08593333333333333       -9.756648092608625
0.08600000000000001       -9.75867897327895
0.08606666666666667       -9.768775314543795
0.08613333333333334       -9.793351479399895
0.0862                    -9.834906384428596
0.08626666666666667       -9.891533302183875
0.08633333333333333       -9.957435494277417
0.0864                    -10.02436000648176
0.08646666666666666       -10.083710113680107
0.08653333333333334       -10.12886195144816
0.08660000000000001       -10.157006780086263
0.08666666666666667       -10.169878096133171
0.08673333333333334       -10.173100088471651
0.0868                    -10.17443419390801
0.08686666666666668       -10.181575300263034
0.08693333333333333       -10.200178635915274
0.08700000000000001       -10.232575496427717
0.08706666666666667       -10.277369579295064
0.08713333333333334       -10.329917711616254
0.0872                    -10.383573459398974
0.08726666666666667       -10.43143812934671
0.08733333333333333       -10.468201428903575
0.0874                    -10.491545886028565
0.08746666666666666       -10.502663549333334
0.08753333333333334       -10.50572890711174
0.0876                    -10.50655572491811
0.08766666666666667       -10.510925326840457
0.08773333333333334       -10.523097711290584
0.0878                    -10.544861262722527
0.08786666666666668       -10.575273262207732
0.08793333333333334       -10.61107750016035
0.08800000000000001       -10.647663535257179
0.08806666666666667       -10.680328706197644
0.08813333333333334       -10.705519717415285
0.0882                    -10.721710478293573
0.08826666666666667       -10.729666782304339
0.08833333333333333       -10.732048652914195
0.0884                    -10.732523330991565
0.08846666666666667       -10.734700504725247
0.08853333333333334       -10.741207891995451
0.0886                    -10.7531298268173
0.08866666666666667       -10.769899587786567
0.08873333333333333       -10.789616598747928
0.0888                    -10.80966892826879
0.08886666666666668       -10.827481320518126
0.08893333333333334       -10.841185916897773
0.08900000000000001       -10.85003986501598
0.08906666666666667       -10.854494131820596
0.08913333333333334       -10.855928843491476
0.0892                    -10.856170188492689
0.08926666666666667       -10.856954500809842
0.08933333333333333       -10.859495004404744
0.08940000000000001       -10.864251860669158
0.08946666666666667       -10.87093442426345
0.08953333333333334       -10.8786994891236
0.0896                    -10.886464349181251
0.08966666666666667       -10.89323475375483
0.08973333333333333       -10.898356726388442
0.0898                    -10.901634042789595
0.08986666666666666       -10.903299567260227
0.08993333333333334       -10.903873273823015
0.09000000000000001       -10.903968119291887
0.09006666666666667       -10.90410969023154
0.09013333333333334       -10.904619021691929
0.0902                    -10.90557946907859
0.09026666666666668       -10.906879247607112
0.09033333333333333       -10.908300246186673
0.09040000000000001       -10.909615711203482
0.09046666666666667       -10.910664514061363
0.09053333333333334       -10.911384175513613
0.0906                    -10.911802397950039
0.09066666666666667       -10.912001083141845
0.09073333333333333       -10.912073245620997
0.0908                    -10.91209088031842
0.09086666666666667       -10.912093118170095
0.09093333333333334       -10.912093351086067
0.091                     -10.912095962846902
0.09106666666666667       -10.912110776576892
0.09113333333333334       -10.912156686544458
0.0912                    -10.912253088477062
0.09126666666666668       -10.912405115038538
0.09133333333333334       -10.912592850536205
0.09140000000000001       -10.912773672667441
0.09146666666666667       -10.912900964296991
0.09153333333333334       -10.912954116504688
0.0916                    -10.91296764332852
0.09166666666666667       -10.913044715630907
0.09173333333333333       -10.91334418154857
0.0918                    -10.914039356672502
0.09186666666666667       -10.915258381291995
0.09193333333333334       -10.917025395611965
0.092                     -10.919225251635183
0.09206666666666667       -10.921609921856497
0.09213333333333333       -10.923852800996507
0.0922                    -10.925640987234967
0.09226666666666668       -10.926780512910955
0.09233333333333334       -10.927280947664158
0.09240000000000001       -10.927387870543745
0.09246666666666667       -10.927545046596927
0.09253333333333334       -10.928289199253754
0.0926                    -10.93010234616267
0.09266666666666667       -10.933262464679483
0.09273333333333333       -10.93773755339562
0.09280000000000001       -10.943159288330923
0.09286666666666667       -10.948892320324969
0.09293333333333334       -10.954188542196286
0.093                     -10.958389185114072
0.09306666666666667       -10.961119318687338
0.09313333333333333       -10.96241628473946
0.0932                    -10.962748915087975
0.09326666666666666       -10.962914752336108
0.09333333333333334       -10.963838450899615
0.09340000000000001       -10.966324238701882
0.09346666666666667       -10.970829619190255
0.09353333333333334       -10.97732307281747
0.0936                    -10.985267625149097
0.09366666666666668       -10.993740323689876
0.09373333333333334       -11.001661918684412
0.09380000000000001       -11.008079458592865
0.09386666666666667       -11.012425955963412
0.09393333333333334       -11.014683283274952
0.094                     -11.015399212138243
0.09406666666666667       -11.015550770941488
0.09413333333333333       -11.016290412168763
0.0942                    -11.018644066173625
0.09426666666666667       -11.023241625685497
0.09433333333333334       -11.030149727334823
0.0944                    -11.0388492595504
0.09446666666666667       -11.048363641942604
0.09453333333333334       -11.057506336857596
0.0946                    -11.065184889134725
0.09466666666666668       -11.070681929546613
0.09473333333333334       -11.073837549476615
0.09480000000000001       -11.075083663423928
0.09486666666666667       -11.075322714485566
0.09493333333333334       -11.075686825317792
0.095                     -11.077244809617886
0.09506666666666667       -11.080734600700834
0.09513333333333333       -11.086387388184525
0.0952                    -11.093883208511638
0.09526666666666667       -11.102444160987844
0.09533333333333334       -11.111038330823078
0.0954                    -11.118641247543222
0.09546666666666667       -11.12448795277972
0.09553333333333333       -11.128251747899238
0.0956                    -11.130106003240094
0.09566666666666668       -11.130657940195272
0.09573333333333334       -11.130778046927425
0.09580000000000001       -11.131374800450335
0.09586666666666667       -11.13317450022157
0.09593333333333334       -11.136559400349704
0.096                     -11.141498331596507
0.09606666666666668       -11.147579242248316
0.09613333333333333       -11.154128801614744
0.09620000000000001       -11.160385229829984
0.09626666666666667       -11.165680269726186
0.09633333333333334       -11.169586666280033
0.0964                    -11.171998535710635
0.09646666666666667       -11.173130709351618
0.09653333333333333       -11.173444221166617
0.0966                    -11.173522518885015
0.09666666666666666       -11.173932193413876
0.09673333333333334       -11.175101595901111
0.09680000000000001       -11.177242301037392
0.09686666666666667       -11.180325489016393
0.09693333333333334       -11.184111767141584
0.097                     -11.188221774913226
0.09706666666666668       -11.192227992796077
0.09713333333333334       -11.195746249715013
0.09720000000000001       -11.19850823303233
0.09726666666666667       -11.200402696770485
0.09733333333333334       -11.201481223149505
0.0974                    -11.201932254495858
0.09746666666666667       -11.20203291596007
0.09753333333333333       -11.202090909362008
0.0976                    -11.202388447134275
0.09766666666666667       -11.203137570943746
0.09773333333333334       -11.204452405300847
0.0978                    -11.20634003570784
0.09786666666666667       -11.208708550795713
0.09793333333333334       -11.211388704792409
0.098                     -11.21416463466092
0.09806666666666668       -11.216808872623742
0.09813333333333334       -11.2191172150024
0.09820000000000001       -11.220939561118312
0.09826666666666667       -11.222203443966869
0.09833333333333334       -11.222927588743637
0.0984                    -11.223223520641445
0.09846666666666667       -11.223284130211495
0.09853333333333333       -11.223359322202025
0.09860000000000001       -11.22372047828203
0.09866666666666667       -11.22461737947714
0.09873333333333334       -11.226233220862596
0.0988                    -11.228645010513938
0.09886666666666667       -11.23179746447882
0.09893333333333333       -11.235497952079099
0.099                     -11.239437686478437
0.09906666666666668       -11.243240068833025
0.09913333333333334       -11.246531261034638
0.09920000000000001       -11.2490217134775
0.09926666666666667       -11.250582146125275
0.09933333333333334       -11.251295260352638
0.0994                    -11.251466738180913
0.09946666666666668       -11.251586249008387
0.09953333333333333       -11.252240097593509
0.09960000000000001       -11.253989340526733
0.09966666666666667       -11.257237603699114
0.09973333333333334       -11.262118697731935
0.0998                    -11.268433653104516
0.09986666666666667       -11.275659340204868
0.09993333333333333       -11.283036921877681
0.1                       -11.28972985319371
0.10006666666666666       -11.295021520880997
0.10013333333333334       -11.298507124767713
0.10020000000000001       -11.300228875986075
0.10026666666666667       -11.30071208746099
0.10033333333333334       -11.30088196606109
0.1004                    -11.301871304230865
0.10046666666666668       -11.304758861029597
0.10053333333333334       -11.31029849731086
0.10060000000000001       -11.318705167436738
0.10066666666666667       -11.32955497173429
0.10073333333333334       -11.341834595989733
0.1008                    -11.354143617351525
0.10086666666666667       -11.365015612707177
0.10093333333333333       -11.373288021910096
0.101                     -11.37842723116334
0.10106666666666667       -11.380715877304029
0.10113333333333334       -11.38123934453895
0.1012                    -11.381661384262111
0.10126666666666667       -11.383837386998048
0.10133333333333334       -11.389358345002067
0.1014                    -11.39913679481186
0.10146666666666668       -11.41313713395537
0.10153333333333334       -11.430322897066409
0.10160000000000001       -11.448849480860417
0.10166666666666667       -11.466476849794008
0.10173333333333334       -11.481118797949295
0.1018                    -11.491396371701697
0.10186666666666667       -11.49704326119193
0.10193333333333333       -11.499037692417684
0.10200000000000001       -11.499408190955174
0.10206666666666667       -11.500755318260808
0.10213333333333334       -11.505611792569908
0.1022                    -11.515802540119235
0.10226666666666667       -11.53195998375934
0.10233333333333333       -11.553311361010687
0.1024                    -11.577799014460533
0.10246666666666668       -11.602528050686818
0.10253333333333334       -11.62446015857211
0.10260000000000001       -11.641196842142849
0.10266666666666667       -11.651645016133074
0.10273333333333334       -11.656365593244338
0.1028                    -11.65748664169406
0.10286666666666668       -11.658193620637014
0.10293333333333334       -11.661935860797502
0.10300000000000001       -11.671560660337041
0.10306666666666667       -11.688588959354615
0.10313333333333334       -11.712799073517466
0.1032                    -11.742215924559709
0.10326666666666667       -11.773526670297027
0.10333333333333333       -11.80285744097998
0.1034                    -11.826749782488502
0.10346666666666667       -11.843091706983484
0.10353333333333334       -11.85173241519465
0.10360000000000001       -11.85458009976719
0.10366666666666667       -11.85513909501815
0.10373333333333334       -11.857620085034657
0.1038                    -11.865875614557746
0.10386666666666668       -11.882435516105103
0.10393333333333334       -11.907863310366364
0.10400000000000001       -11.940570124421154
0.10406666666666667       -11.977135565255669
0.10413333333333334       -12.013093842445786
0.1042                    -12.044036776100091
0.10426666666666667       -12.066774373722005
0.10433333333333333       -12.080227766632817
0.1044                    -12.085769868894204
0.10446666666666667       -12.086892075659744
0.10453333333333334       -12.088296909709332
0.1046                    -12.094690186488918
0.10466666666666667       -12.109602459651548
0.10473333333333334       -12.134518111127704
0.1048                    -12.16849037861926
0.10486666666666668       -12.208319998406193
0.10493333333333334       -12.249280586492148
0.10500000000000001       -12.286265909128385
0.10506666666666667       -12.315108417318312
0.10513333333333334       -12.333717138719347
0.1052                    -12.342682214896932
0.10526666666666668       -12.345139026339208
0.10533333333333333       -12.345931553072056
0.10540000000000001       -12.350341281278023
0.10546666666666667       -12.362749923284577
0.10553333333333334       -12.38556819968738
0.1056                    -12.418652585202821
0.10566666666666667       -12.459315723477038
0.10573333333333333       -12.502935953402044
0.1058                    -12.544066860417198
0.10586666666666668       -12.577820431151608
0.10593333333333334       -12.601174587637477
0.10600000000000001       -12.613814733299026
0.10606666666666667       -12.618229215575639
0.10613333333333334       -12.619023624547028
0.1062                    -12.62168202561066
0.10626666666666668       -12.631153733831999
0.10633333333333334       -12.650637724032958
0.10640000000000001       -12.68082783759693
0.10646666666666667       -12.71975279858504
0.10653333333333334       -12.763236002275049
0.1066                    -12.805898641993991
0.10666666666666667       -12.842510041627271
0.10673333333333333       -12.869361828188365
0.1068                    -12.88527384387908
0.10686666666666667       -12.891908660068781
0.10693333333333334       -12.89328945807743
0.10700000000000001       -12.894687927642064
0.10706666666666667       -12.901236719635767
0.10713333333333334       -12.916652247212316
0.1072                    -12.942361354645213
0.10726666666666668       -12.977192575496817
0.10733333333333334       -13.017675102530673
0.10740000000000001       -13.058887590670878
0.10746666666666667       -13.095690236475868
0.10753333333333334       -13.124055888688357
0.1076                    -13.142137775236515
0.10766666666666667       -13.150745900658105
0.10773333333333333       -13.153079589256937
0.1078                    -13.15381430740947
0.10786666666666667       -13.15784266025265
0.10793333333333334       -13.169035269424613
0.108                     -13.189324126702749
0.10806666666666667       -13.218288591298482
0.10813333333333335       -13.25330413737644
0.1082                    -13.290212313612649
0.10826666666666668       -13.324372176245918
0.10833333333333334       -13.351852841213333
0.10840000000000001       -13.370455081864094
0.10846666666666667       -13.38026372752418
0.10853333333333334       -13.38356324571613
0.1086                    -13.384156636403349
0.10866666666666668       -13.386316121489525
0.10873333333333333       -13.393679779010188
0.10880000000000001       -13.408377874758667
0.10886666666666667       -13.43057362534777
0.10893333333333334       -13.458491347191481
0.109                     -13.48890612295077
0.10906666666666667       -13.517980613584191
0.10913333333333333       -13.542252863579368
0.1092                    -13.559522580825767
0.10926666666666668       -13.569389732296447
0.10933333333333334       -13.573292219416405
0.10940000000000001       -13.574046145736284
0.10946666666666667       -13.57504654184607
0.10953333333333334       -13.57937234151276
0.1096                    -13.58903480326643
0.10966666666666668       -13.604538966295504
0.10973333333333334       -13.624834864249525
0.10980000000000001       -13.647646507954395
0.10986666666666667       -13.670089441951397
0.10993333333333334       -13.689423773799028
0.11                      -13.703750453234981
0.11006666666666667       -13.71246518236677
0.11013333333333333       -13.716349550563656
0.1102                    -13.717288402623844
0.11026666666666667       -13.717714627289757
0.11033333333333334       -13.719953003595343
0.11040000000000001       -13.7256431154411
0.11046666666666667       -13.73537817798167
0.11053333333333334       -13.748628062613443
0.1106                    -13.763943469100168
0.11066666666666668       -13.779375901007409
0.11073333333333334       -13.793001022835805
0.11080000000000001       -13.80340901928893
0.11086666666666667       -13.810034613762976
0.11093333333333334       -13.813245184500538
0.111                     -13.814177030738243
0.11106666666666667       -13.81438269207468
0.11113333333333333       -13.815400225366481
0.11120000000000001       -13.818364908078438
0.11126666666666667       -13.823758557434049
0.11133333333333334       -13.831345943495059
0.1114                    -13.8402971038514
0.11146666666666667       -13.849449933702452
0.11153333333333335       -13.857636543020082
0.1116                    -13.863985080638157
0.11166666666666668       -13.868119503910112
0.11173333333333334       -13.870211574671385
0.11180000000000001       -13.870883344382698
0.11186666666666667       -13.871000379947816
0.11193333333333334       -13.87142250411882
0.112                     -13.872783132117943
0.11206666666666668       -13.875352254704831
0.11213333333333333       -13.879009575609357
0.11220000000000001       -13.88332270346531
0.11226666666666667       -13.887698668782289
0.11233333333333334       -13.891561013322635
0.1124                    -13.89450231672268
0.11246666666666667       -13.896373272807157
0.11253333333333333       -13.897290720965142
0.1126                    -13.897571694242604
0.11266666666666668       -13.897620858178431
0.11273333333333334       -13.897808826657732
0.11280000000000001       -13.898376811570543
0.11286666666666667       -13.8993910507301
0.11293333333333334       -13.900753287174927
0.113                     -13.902256763996547
0.11306666666666668       -13.90366538124196
0.11313333333333334       -13.904789606605227
0.11320000000000001       -13.905536877247936
0.11326666666666667       -13.905924652908832
0.11333333333333334       -13.906057265608943
0.1134                    -13.90607894959626
0.11346666666666667       -13.906121492930188
0.11353333333333333       -13.906264393005072
0.1136                    -13.906519089027675
0.11366666666666667       -13.906839418173016
0.11373333333333334       -13.907151264511308
0.11380000000000001       -13.907388430431638
0.11386666666666667       -13.907520791710741
0.11393333333333334       -13.907564802319559
0.114                     -13.907573720131625
0.11406666666666668       -13.907612781831066
0.11413333333333334       -13.907730122579633
0.11420000000000001       -13.907935581742848
0.11426666666666667       -13.908196283178532
0.11433333333333334       -13.908451277115363
0.1144                    -13.908639987132503
0.11446666666666667       -13.908733464406591
0.11453333333333333       -13.908755673524029
0.11460000000000001       -13.908785035645527
0.11466666666666667       -13.908933357075375
0.11473333333333334       -13.909307739743914
0.1148                    -13.909968104726524
0.11486666666666667       -13.910895948819421
0.11493333333333335       -13.911987580681135
0.115                     -13.913077778348047
0.11506666666666668       -13.913989665099804
0.11513333333333334       -13.91459681105178
0.11520000000000001       -13.914877527079312
0.11526666666666667       -13.914941518456406
0.11533333333333334       -13.91501610467914
0.1154                    -13.915391335763537
0.11546666666666668       -13.916336865514456
0.11553333333333334       -13.918014006075905
0.11560000000000001       -13.92041041433442
0.11566666666666667       -13.923320689193195
0.11573333333333334       -13.926384443756943
0.1158                    -13.929176944049646
0.11586666666666667       -13.931330562608137
0.11593333333333333       -13.932653199851373
0.116                     -13.933206965355163
0.11606666666666668       -13.933318913623607
0.11613333333333334       -13.933513924979966
0.11620000000000001       -13.934382692264027
0.11626666666666667       -13.936418131203606
0.11633333333333334       -13.939865087790988
0.1164                    -13.94462754115866
0.11646666666666668       -13.950264592890324
0.11653333333333334       -13.956084230396215
0.11660000000000001       -13.961317075474769
0.11666666666666667       -13.965327622316508
0.11673333333333334       -13.967805225095688
0.1168                    -13.968877578858036
0.11686666666666667       -13.969107775454948
0.11693333333333333       -13.969367982364568
0.117                     -13.970618563265983
0.11706666666666667       -13.973649601449992
0.11713333333333334       -13.978854053100813
0.11720000000000001       -13.986095595102714
0.11726666666666667       -13.994712036455867
0.11733333333333335       -14.00366204312947
0.1174                    -14.011785417974066
0.11746666666666668       -14.018113480290133
0.11753333333333334       -14.022146041674258
0.11760000000000001       -14.024013986568356
0.11766666666666667       -14.024474529194894
0.11773333333333334       -14.024733001543567
0.1178                    -14.026135249210537
0.11786666666666668       -14.029811615572532
0.11793333333333333       -14.03636663476834
0.11800000000000001       -14.045696838520595
0.11806666666666667       -14.056988030382932
0.11813333333333334       -14.068900521214132
0.1182                    -14.079903700679031
0.11826666666666667       -14.088678908000283
0.11833333333333335       -14.094483653857345
0.1184                    -14.09737272212545
0.11846666666666668       -14.098207336550592
0.11853333333333334       -14.098443807148882
0.11860000000000001       -14.099757317257094
0.11866666666666667       -14.103602345859974
0.11873333333333334       -14.11082567810173
0.1188                    -14.121431468532396
0.11886666666666668       -14.13455933780382
0.11893333333333334       -14.148686112424835
0.11900000000000001       -14.162007805198545
0.11906666666666667       -14.172909625821717
0.11913333333333334       -14.180400776950425
0.1192                    -14.184391589644482
0.11926666666666667       -14.185730014979693
0.11933333333333333       -14.185983600485617
0.1194                    -14.187027754605152
0.11946666666666667       -14.190554346444348
0.11953333333333334       -14.197631026984814
0.11960000000000001       -14.208422332761117
0.11966666666666667       -14.222140370732877
0.11973333333333334       -14.237238205840503
0.1198                    -14.251801989621377
0.11986666666666668       -14.264046669816992
0.11993333333333334       -14.272786735494007
0.12000000000000001       -14.277752198797698
0.12006666666666667       -14.279658826179332
0.12013333333333334       -14.280012367328972
0.1202                    -14.2807046768391
0.12026666666666667       -14.283516526128768
0.12033333333333333       -14.289660417809094
0.12040000000000001       -14.299477643498351
0.12046666666666667       -14.312359861596246
0.12053333333333334       -14.32691063826132
0.1206                    -14.341306589656428
0.12066666666666667       -14.353768812629482
0.12073333333333335       -14.36302338233717
0.1208                    -14.368627161916534
0.12086666666666668       -14.371069278288564
0.12093333333333334       -14.37162279936446
0.12100000000000001       -14.371993884828743
0.12106666666666667       -14.373870639100081
0.12113333333333334       -14.378494085467752
0.1212                    -14.386358382074562
0.12126666666666668       -14.397107838622901
0.12133333333333333       -14.409648246157436
0.12140000000000001       -14.422439918598723
0.12146666666666667       -14.433897219729122
0.12153333333333334       -14.442792182522936
0.1216                    -14.448556948969099
0.12166666666666667       -14.451406232659057
0.12173333333333333       -14.452251935543908
0.1218                    -14.452441327603001
0.12186666666666668       -14.453397272482224
0.12193333333333334       -14.456259287716154
0.12200000000000001       -14.46161532990807
0.12206666666666667       -14.469383889593594
0.12213333333333334       -14.47886569701922
0.1222                    -14.48894385738429
0.12226666666666668       -14.498377609826388
0.12233333333333334       -14.506113971120909
0.12240000000000001       -14.511538484876947
0.12246666666666667       -14.51460365336235
0.12253333333333334       -14.515808004817252
0.1226                    -14.51604006132168
0.12266666666666667       -14.516336441245645
0.12273333333333333       -14.517621495498215
0.1228                    -14.520493928516686
0.12286666666666667       -14.525107605706182
0.12293333333333334       -14.5311667303097
0.12300000000000001       -14.538027348303446
0.12306666666666667       -14.544873515337038
0.12313333333333334       -14.550921486469502
0.1232                    -14.555601603285615
0.12326666666666668       -14.558675948741788
0.12333333333333334       -14.560268320029115
0.12340000000000001       -14.560806571807374
0.12346666666666667       -14.560899104830781
0.12353333333333334       -14.561181210801166
0.1236                    -14.562170180042365
0.12366666666666667       -14.564161298664427
0.12373333333333333       -14.567183537095659
0.12380000000000001       -14.571018168005246
0.12386666666666667       -14.575269502235953
0.12393333333333334       -14.57946698557506
0.124                     -14.583173448110248
0.12406666666666667       -14.586075633184471
0.12413333333333335       -14.588039468553472
0.1242                    -14.58912208043709
0.12426666666666668       -14.589542819032971
0.12433333333333334       -14.589624067206808
0.12440000000000001       -14.58971756103229
0.12446666666666667       -14.590132758155347
0.12453333333333334       -14.59108101066912
0.1246                    -14.592644246731748
0.12466666666666668       -14.594771046342029
0.12473333333333333       -14.59729767407725
0.12480000000000001       -14.599987622568714
0.12486666666666667       -14.602580899521051
0.12493333333333334       -14.604843691108794
0.125                     -14.606609956907784
0.12506666666666666       -14.607808606272368
0.12513333333333335       -14.608472729861655
0.1252                    -14.60873043202225
0.12526666666666667       -14.608779676056724
0.12533333333333335       -14.608851850834206
0.1254                    -14.60917025978809
0.12546666666666667       -14.609910322150746
0.12553333333333333       -14.6111679650988
0.12560000000000002       -14.612941538162685
0.12566666666666668       -14.615130692273691
0.12573333333333334       -14.617553165702217
0.1258                    -14.61997751566322
0.12586666666666668       -14.622166866350494
0.12593333333333334       -14.623926205544427
0.126                     -14.62514425216355
0.12606666666666666       -14.62582099867069
0.12613333333333335       -14.626074024582156
0.1262                    -14.626120467375607
0.12626666666666667       -14.626236503950187
0.12633333333333335       -14.626701309267565
0.1264                    -14.627736529631925
0.12646666666666667       -14.629454294088099
0.12653333333333333       -14.631826045623452
0.12660000000000002       -14.63468090045318
0.12666666666666668       -14.637736314981126
0.12673333333333334       -14.640656592873931
0.1268                    -14.643127713061437
0.12686666666666668       -14.644931881210724
0.12693333333333334       -14.646003733554632
0.127                     -14.646453174751075
0.12706666666666666       -14.646547124127434
0.12713333333333335       -14.646652347199057
0.1272                    -14.647151490319883
0.12726666666666667       -14.648351717572815
0.12733333333333333       -14.650407997237238
0.1274                    -14.653280367962097
0.12746666666666667       -14.656736999136612
0.12753333333333333       -14.660404165057361
0.12760000000000002       -14.663852718416795
0.12766666666666668       -14.666700990082331
0.12773333333333334       -14.668708874015365
0.1278                    -14.669838992116883
0.12786666666666668       -14.670268511202813
0.12793333333333334       -14.670347645154436
0.128                     -14.670514714058182
0.12806666666666666       -14.67118891357676
0.12813333333333335       -14.672667581270048
0.1282                    -14.675053429534529
0.12826666666666667       -14.678229582153492
0.12833333333333333       -14.681888393104261
0.12840000000000001       -14.685606810334823
0.12846666666666667       -14.688949547899375
0.12853333333333333       -14.691574338039011
0.12860000000000002       -14.693312980773605
0.12866666666666668       -14.69420820240817
0.12873333333333334       -14.694497946601066
0.1288                    -14.694552424992127
0.12886666666666668       -14.694781134792365
0.12893333333333334       -14.695533877867497
0.129                     -14.697020087932607
0.12906666666666666       -14.699264972168088
0.12913333333333335       -14.70211108704886
0.1292                    -14.70526268889772
0.12926666666666667       -14.70836022027153
0.12933333333333333       -14.711065818169182
0.12940000000000002       -14.71313912293484
0.12946666666666667       -14.714486158372901
0.12953333333333333       -14.71517159873915
0.1296                    -14.715394209520088
0.12966666666666668       -14.715434041796907
0.12973333333333334       -14.715585824842584
0.1298                    -14.71609473575347
0.12986666666666669       -14.717108420587142
0.12993333333333335       -14.7186539425465
0.13                      -14.72064190247475
0.13006666666666666       -14.722893953724805
0.13013333333333335       -14.725185555661076
0.1302                    -14.727293744625804
0.13026666666666667       -14.729040026083151
0.13033333333333333       -14.730320776937136
0.13040000000000002       -14.731121009853727
0.13046666666666668       -14.731511069199772
0.13053333333333333       -14.731628973096925
0.1306                    -14.731653147672379
0.13066666666666668       -14.731771054952588
0.13073333333333334       -14.732148874276053
0.1308                    -14.732906348079508
0.1308666666666667        -14.734099579374291
0.13093333333333335       -14.735713307361438
0.131                     -14.737663156459671
0.13106666666666666       -14.739807546065794
0.13113333333333335       -14.741968236181071
0.1312                    -14.74395770413391
0.13126666666666667       -14.745610594267749
0.13133333333333333       -14.746815387507276
0.13140000000000002       -14.74754141295011
0.13146666666666668       -14.747855743027213
0.13153333333333334       -14.747924823490932
0.1316                    -14.74799725665245
0.13166666666666668       -14.748367097645183
0.13173333333333334       -14.749321075008968
0.1318                    -14.751077628692235
0.13186666666666666       -14.753729555329066
0.13193333333333335       -14.757204188334821
0.132                     -14.761254326096616
0.13206666666666667       -14.76548883187778
0.13213333333333335       -14.769443948302248
0.1322                    -14.772685935341869
0.13226666666666667       -14.77492493392507
0.13233333333333333       -14.77611225200377
0.13240000000000002       -14.776491935274073
0.13246666666666668       -14.7765845812267
0.13253333333333334       -14.77709636851211
0.1326                    -14.77876581203121
0.13266666666666668       -14.782179567113538
0.13273333333333334       -14.787601396571809
0.1328                    -14.79486138303616
0.13286666666666666       -14.803343901750113
0.13293333333333335       -14.812093052799167
0.133                     -14.820025613874812
0.13306666666666667       -14.826209464205052
0.13313333333333335       -14.830138630412488
0.1332                    -14.831925252363533
0.13326666666666667       -14.832341824447902
0.13333333333333333       -14.832683884076163
0.13340000000000002       -14.83447357787449
0.13346666666666668       -14.839071824497985
0.13353333333333334       -14.847296477424937
0.1336                    -14.859148911857822
0.13366666666666668       -14.873732229643124
0.13373333333333334       -14.889404596910758
0.1338                    -14.904155677668417
0.13386666666666666       -14.91613034075215
0.13393333333333335       -14.924167220638315
0.134                     -14.928193366834918
0.13406666666666667       -14.929340330156435
0.13413333333333333       -14.929722770663936
0.1342                    -14.931922855100591
0.13426666666666667       -14.938312900788988
0.13433333333333333       -14.950394696404462
0.13440000000000002       -14.968330111710657
0.13446666666666668       -14.990795413405603
0.13453333333333334       -15.015224115496641
0.1346                    -15.038415694148494
0.13466666666666668       -15.057385488923789
0.13473333333333334       -15.070236100722141
0.1348                    -15.076785143477956
0.13486666666666666       -15.078729812363772
0.13493333333333335       -15.079267336881726
0.135                     -15.082267809167734
0.13506666666666667       -15.091233414286641
0.13513333333333333       -15.108327163720714
0.13520000000000001       -15.133720950279033
0.13526666666666667       -15.165433600813127
0.13533333333333333       -15.199730696310539
0.13540000000000002       -15.23203919846351
0.13546666666666668       -15.258186771380661
0.13553333333333334       -15.275636417460989
0.1356                    -15.284324468300305
0.13566666666666669       -15.286796247679913
0.13573333333333334       -15.287564351783978
0.1358                    -15.291884113482787
0.13586666666666666       -15.304316643195978
0.13593333333333335       -15.32747382944692
0.136                     -15.361252650625076
0.13606666666666667       -15.402742468303812
0.13613333333333333       -15.446863341306042
0.13620000000000002       -15.48764799983401
0.13626666666666667       -15.519894281314638
0.13633333333333333       -15.5407306285412
0.1364                    -15.550571443507108
0.13646666666666668       -15.553096541507257
0.13653333333333334       -15.554237901120691
0.1366                    -15.560514947543236
0.1366666666666667        -15.577239747491284
0.13673333333333335       -15.607075560778565
0.1368                    -15.649276033477427
0.13686666666666666       -15.699769883861256
0.13693333333333335       -15.752114056948079
0.137                     -15.799169330669155
0.13706666666666667       -15.835123381480914
0.13713333333333333       -15.857269101327354
0.13720000000000002       -15.866910222268729
0.13726666666666668       -15.869031878136958
0.13733333333333334       -15.87084605620159
0.1374                    -15.879728689361698
0.13746666666666668       -15.901195604366439
0.13753333333333334       -15.937436689056746
0.1376                    -15.986708675583456
0.13766666666666666       -16.04370406442635
0.13773333333333335       -16.100863895108407
0.1378                    -16.15040756630836
0.13786666666666667       -16.186588559066283
0.13793333333333335       -16.207470736911038
0.138                     -16.21556662678405
0.13806666666666667       -16.217075484076215
0.13813333333333333       -16.22001412222196
0.13820000000000002       -16.23191201828491
0.13826666666666668       -16.257771462514853
0.13833333333333334       -16.298777788021443
0.1384                    -16.351992882767327
0.13846666666666668       -16.411081552032144
0.13853333333333334       -16.467961307073267
0.1386                    -16.515045687940642
0.13866666666666666       -16.54748255422082
0.13873333333333335       -16.564642042223802
0.1388                    -16.570287138260515
0.13886666666666667       -16.571361015031183
0.13893333333333335       -16.575868146899047
0.139                     -16.59059014933469
0.13906666666666667       -16.61928947488003
0.13913333333333333       -16.661789275883944
0.13920000000000002       -16.714071081844367
0.13926666666666668       -16.769355544566572
0.13933333333333334       -16.81995789887178
0.1394                    -16.859483229698384
0.13946666666666668       -16.88471689855543
0.13953333333333334       -16.896554610204085
0.1396                    -16.899625758344087
0.13966666666666666       -16.900775470576722
0.13973333333333335       -16.906985738970654
0.1398                    -16.923420237171445
0.13986666666666667       -16.95210790734243
0.13993333333333333       -16.991520983386092
0.14                      -17.03708568291649
0.14006666666666667       -17.082493208609225
0.14013333333333333       -17.121502875712604
0.14020000000000002       -17.14975022942979
0.14026666666666668       -17.165992386321555
0.14033333333333334       -17.17236325776302
0.1404                    -17.1735697734356
0.14046666666666668       -17.17535821784115
0.14053333333333334       -17.1828007087845
0.1406                    -17.19892163424442
0.14066666666666666       -17.22399426103897
0.14073333333333335       -17.255620717860182
0.1408                    -17.289526894658227
0.14086666666666667       -17.320850656373576
0.14093333333333333       -17.345569092007715
0.14100000000000001       -17.361640393293772
0.14106666666666667       -17.369499499560707
0.14113333333333333       -17.3717639945573
0.14120000000000002       -17.372293193913443
0.14126666666666668       -17.374956673350237
0.14133333333333334       -17.382518265239003
0.1414                    -17.395944468303192
0.14146666666666668       -17.41428201326029
0.14153333333333334       -17.43508584605275
0.1416                    -17.455243210253727
0.14166666666666666       -17.471941095520528
0.14173333333333335       -17.483483598175514
0.1418                    -17.489711561212268
0.14186666666666667       -17.49191284629835
0.14193333333333333       -17.492290969584896
0.14200000000000002       -17.493204533373515
0.14206666666666667       -17.496441697210106
0.14213333333333333       -17.502748199387973
0.1422                    -17.511721758851515
0.14226666666666668       -17.522065528950186
0.14233333333333334       -17.532090647567596
0.1424                    -17.540292684173465
0.14246666666666669       -17.545813995048025
0.14253333333333335       -17.548650893052237
0.1426                    -17.5495590643101
0.14266666666666666       -17.549718047100388
0.14273333333333335       -17.550293132230447
0.1428                    -17.552053364111995
0.14286666666666667       -17.55516752834977
0.14293333333333333       -17.55922748996634
0.14300000000000002       -17.563468105238524
0.14306666666666668       -17.567089833864145
0.14313333333333333       -17.569561828507887
0.1432                    -17.57079799897747
0.14326666666666668       -17.57115122342179
0.14333333333333334       -17.571241650085497
0.1434                    -17.57169605231614
0.1434666666666667        -17.572903413301347
0.14353333333333335       -17.574879211500917
0.1436                    -17.57728528954377
0.14366666666666666       -17.57959196987899
0.14373333333333335       -17.581315469788365
0.1438                    -17.582235266172486
0.14386666666666667       -17.582503717175584
0.14393333333333333       -17.582602179904946
0.14400000000000002       -17.58315834386931
0.14406666666666668       -17.584694560069984
0.14413333333333334       -17.587405146453104
0.1442                    -17.59105208045783
0.14426666666666668       -17.59502695939957
0.14433333333333334       -17.59856676434595
0.1444                    -17.601051639027464
0.14446666666666666       -17.60227573988051
0.14453333333333335       -17.602583593793174
0.1446                    -17.602807842335665
0.14466666666666667       -17.604015566071002
0.14473333333333335       -17.607142242031287
0.1448                    -17.61263737786806
0.14486666666666667       -17.620248760214373
0.14493333333333333       -17.629033305727603
0.14500000000000002       -17.637613041368645
0.14506666666666668       -17.64461270101256
0.14513333333333334       -17.64914448537064
0.1452                    -17.651172872761425
0.14526666666666668       -17.651618356258673
0.14533333333333334       -17.652141901402846
0.1454                    -17.65466206572992
0.14546666666666666       -17.660750206939692
0.14553333333333335       -17.67109254835308
0.1456                    -17.685192409006827
0.14566666666666667       -17.701422395132134
0.14573333333333335       -17.717441111074233
0.1458                    -17.730878968232396
0.14586666666666667       -17.740097971800427
0.14593333333333333       -17.744778880330383
0.14600000000000002       -17.74612196107592
0.14606666666666668       -17.74656846959729
0.14613333333333334       -17.7491140202004
0.1462                    -17.756421294066044
0.14626666666666668       -17.769997374598915
0.14633333333333334       -17.78967571566069
0.1464                    -17.813560667334976
0.14646666666666666       -17.838479140360693
0.14653333333333335       -17.860851543079356
0.1466                    -17.877758066928603
0.14666666666666667       -17.88787825513729
0.14673333333333333       -17.89198215604398
0.1468                    -17.892782821205437
0.14686666666666667       -17.894180731308587
0.14693333333333333       -17.9001383171208
0.14700000000000002       -17.913526632787015
0.14706666666666668       -17.935268102704597
0.14713333333333334       -17.96400243145801
0.1472                    -17.996375810265008
0.14726666666666668       -18.027912998767167
0.14733333333333334       -18.05427594453716
0.1474                    -18.072564579339353
0.14746666666666666       -18.08224505803649
0.14753333333333335       -18.085373711250874
0.1476                    -18.086022426344755
0.14766666666666667       -18.089096625596135
0.14773333333333333       -18.09892813519703
0.14780000000000001       -18.118053602104702
0.14786666666666667       -18.14649215674073
0.14793333333333333       -18.181692569078827
0.14800000000000002       -18.219174490523418
0.14806666666666668       -18.253736160756517
0.14813333333333334       -18.280935374472577
0.1482                    -18.298415527540072
0.14826666666666669       -18.306636967714272
0.14833333333333334       -18.308748911696576
0.1484                    -18.30964548735829
0.14846666666666666       -18.314534656810764
0.14853333333333335       -18.32747368009518
0.1486                    -18.350272617018536
0.14866666666666667       -18.382019916591116
0.14873333333333333       -18.419324814617884
0.14880000000000002       -18.457224173440764
0.14886666666666667       -18.49055003478653
0.14893333333333333       -18.515402709545473
0.149                     -18.530286082912454
0.14906666666666668       -18.536525516552523
0.14913333333333334       -18.53782588254604
0.1492                    -18.539137395021264
0.1492666666666667        -18.545220392438036
0.14933333333333335       -18.55934512087752
0.1494                    -18.58245903153396
0.14946666666666666       -18.612993774123588
0.14953333333333335       -18.647331251995865
0.1496                    -18.68081118913797
0.14966666666666667       -18.7090307105375
0.14973333333333333       -18.72907982806694
0.14980000000000002       -18.74033739616547
0.14986666666666668       -18.744573368867087
0.14993333333333334       -18.745340898788616
0.15                      -18.746886526493675
0.15006666666666668       -18.752941340173408
0.15013333333333334       -18.765741940504867
0.1502                    -18.785514980655424
0.1502666666666667        -18.810515255624228
0.15033333333333335       -18.837576162937374
0.1504                    -18.86301918508797
0.15046666666666667       -18.883678613089554
0.15053333333333335       -18.897753568522255
0.1506                    -18.90523821792855
0.15066666666666667       -18.907813053474698
0.15073333333333333       -18.90826061896731
0.15080000000000002       -18.909618163911247
0.15086666666666668       -18.914336775627273
0.15093333333333334       -18.923676929199264
0.151                     -18.937473384540972
0.15106666666666668       -18.954292859066534
0.15113333333333334       -18.971911991006266
0.1512                    -18.987970917716833
0.15126666666666666       -19.000618216793285
0.15133333333333335       -19.008969217638136
0.1514                    -19.01325892438492
0.15146666666666667       -19.014669146033615
0.15153333333333335       -19.014911072195606
0.1516                    -19.01571009776864
0.15166666666666667       -19.0183491703756
0.15173333333333333       -19.02338737969331
0.15180000000000002       -19.030605387615477
0.15186666666666668       -19.039162516454756
0.15193333333333334       -19.047897866791693
0.152                     -19.05567840006939
0.15206666666666668       -19.0616947244064
0.15213333333333334       -19.065630013154383
0.1522                    -19.06767171484679
0.15226666666666666       -19.068385031411523
0.15233333333333335       -19.068504923733588
0.1524                    -19.06871829635382
0.15246666666666667       -19.069498585508057
0.15253333333333335       -19.07102869215543
0.1526                    -19.073216488604743
0.15266666666666667       -19.075780358677452
0.15273333333333333       -19.078366968846222
0.15280000000000002       -19.080661824155555
0.15286666666666668       -19.082463239977493
0.15293333333333334       -19.083707241405506
0.153                     -19.084448263144
0.15306666666666668       -19.0848127459614
0.15313333333333334       -19.08494678158949
0.1532                    -19.08497517926851
0.15326666666666666       -19.084980752639826
0.15333333333333335       -19.08500337638717
0.1534                    -19.085051902848804
0.15346666666666667       -19.08512001809647
0.15353333333333333       -19.085199142432472
0.15360000000000001       -19.08528560963839
0.15366666666666667       -19.085383187421037
0.15373333333333333       -19.085503746961354
0.15380000000000002       -19.08566810486099
0.15386666666666668       -19.085906691739964
0.15393333333333334       -19.08625751059056
0.154                     -19.086758483881944
0.15406666666666669       -19.087433426069804
0.15413333333333334       -19.088274810388185
0.1542                    -19.089230370917047
0.15426666666666666       -19.090202178858323
0.15433333333333335       -19.091064600756138
0.1544                    -19.09170142430262
0.15446666666666667       -19.092054156505185
0.15453333333333333       -19.092166171014476
0.15460000000000002       -19.092204412776145
0.15466666666666667       -19.09244402848978
0.15473333333333333       -19.093211518905978
0.15480000000000002       -19.0947960769977
0.15486666666666668       -19.09735209123547
0.15493333333333334       -19.10082349488289
0.155                     -19.104919267757566
0.15506666666666669       -19.10915800918262
0.15513333333333335       -19.11298014007459
0.1552                    -19.11590386565604
0.15526666666666666       -19.117682530728956
0.15533333333333335       -19.11841367114835
0.1554                    -19.118558545345845
0.15546666666666667       -19.11885451917948
0.15553333333333333       -19.12013465269871
0.15560000000000002       -19.123098839953666
0.15566666666666668       -19.12809917025551
0.15573333333333333       -19.135003245631793
0.1558                    -19.143182506382026
0.15586666666666668       -19.151641677962758
0.15593333333333334       -19.159266649266865
0.156                     -19.165130588162555
0.1560666666666667        -19.168773390801125
0.15613333333333335       -19.170368502880685
0.1562                    -19.170718328105945
0.15626666666666666       -19.17106846701491
0.15633333333333335       -19.17278556674368
0.1564                    -19.17698481599307
0.15646666666666667       -19.184208733859958
0.15653333333333333       -19.19424679809673
0.15660000000000002       -19.20615114351285
0.15666666666666668       -19.218455219214842
0.15673333333333334       -19.229548777046055
0.1568                    -19.23811502724241
0.15686666666666668       -19.243508817187184
0.15693333333333334       -19.24596207986786
0.157                     -19.246548500758344
0.1570666666666667        -19.246910680107653
0.15713333333333335       -19.24882433299677
0.1572                    -19.253719955918932
0.15726666666666667       -19.26229074767008
0.15733333333333335       -19.274289851065046
0.1574                    -19.288571817861612
0.15746666666666667       -19.303374069774918
0.15753333333333333       -19.316773437831003
0.15760000000000002       -19.32720183181871
0.15766666666666668       -19.333879389304666
0.15773333333333334       -19.337038072063077
0.1578                    -19.337866411179572
0.15786666666666668       -19.33818980975171
0.15793333333333334       -19.33997929547899
0.158                     -19.344826786484855
0.15806666666666666       -19.353526316665224
0.15813333333333335       -19.36586605174468
0.1582                    -19.380680832857383
0.15826666666666667       -19.396152588489347
0.15833333333333335       -19.410285488712333
0.1584                    -19.42143441800821
0.15846666666666667       -19.428743681796504
0.15853333333333333       -19.432371417448934
0.15860000000000002       -19.433435233772045
0.15866666666666668       -19.433698014260465
0.15873333333333334       -19.435088568065954
0.1588                    -19.439193107753972
0.15886666666666668       -19.44685151923018
0.15893333333333334       -19.457956056584262
0.159                     -19.47149563302014
0.15906666666666666       -19.485829824090604
0.15913333333333335       -19.49912214284173
0.1592                    -19.509820970377465
0.15926666666666667       -19.517060227281263
0.15933333333333335       -19.52087054330284
0.15940000000000001       -19.522145082136998
0.15946666666666667       -19.522376437492944
0.15953333333333333       -19.523246159424197
0.15960000000000002       -19.52618412847392
0.15966666666666668       -19.53201347193058
0.15973333333333334       -19.540765278286486
0.1598                    -19.551700016294056
0.15986666666666668       -19.563521885000807
0.15993333333333334       -19.574727155669017
0.16                      -19.583995394188932
0.16006666666666666       -19.590521241134656
0.16013333333333335       -19.5942002006793
0.1602                    -19.5956232565144
0.16026666666666667       -19.595890194054107
0.16033333333333333       -19.596301605619228
0.16040000000000001       -19.598018292922593
0.16046666666666667       -19.601777649540693
0.16053333333333333       -19.607733905531926
0.16060000000000002       -19.615453020706695
0.16066666666666668       -19.62405386167063
0.16073333333333334       -19.632453047364994
0.1608                    -19.639647569998765
0.16086666666666669       -19.644961965295813
0.16093333333333334       -19.64819818443493
0.161                     -19.64965446241736
0.16106666666666666       -19.65001647641165
0.16113333333333335       -19.650158281511008
0.1612                    -19.650911425580965
0.16126666666666667       -19.65286340998319
0.16133333333333333       -19.656233080875708
0.16140000000000002       -19.660846801929107
0.16146666666666668       -19.66621265275353
0.16153333333333333       -19.671666622615792
0.16160000000000002       -19.676549371560416
0.16166666666666668       -19.680367500041914
0.16173333333333334       -19.68290025460719
0.1618                    -19.684229300939986
0.1618666666666667        -19.684690849023085
0.16193333333333335       -19.68476962732964
0.162                     -19.68496725697158
0.16206666666666666       -19.68568051997793
0.16213333333333335       -19.687118373094908
0.1622                    -19.689273506110496
0.16226666666666667       -19.691949035660322
0.16233333333333333       -19.694827511683204
0.16240000000000002       -19.697560667755972
0.16246666666666668       -19.699855765542658
0.16253333333333334       -19.70153798386145
0.1626                    -19.702576649525675
0.16266666666666668       -19.70307362915038
0.16273333333333334       -19.70322189368913
0.1628                    -19.7032486139325
0.1628666666666667        -19.703358872990826
0.16293333333333335       -19.703693416157055
0.163                     -19.70430821843999
0.16306666666666667       -19.705177009518163
0.16313333333333335       -19.706212124292456
0.1632                    -19.70729544369176
0.16326666666666667       -19.70831027454565
0.16333333333333333       -19.70916654438461
0.16340000000000002       -19.709814831457205
0.16346666666666668       -19.71024840232983
0.16353333333333334       -19.710495533106865
0.1636                    -19.710606230353534
0.16366666666666668       -19.710637820547404
0.16373333333333334       -19.71064298684726
0.1638                    -19.710662244680634
0.1638666666666667        -19.710721179169184
0.16393333333333335       -19.7108315005078
0.164                     -19.710994342820786
0.16406666666666667       -19.711204216946907
0.16413333333333335       -19.711452429764837
0.1642                    -19.711729344007125
0.16426666666666667       -19.71202536228887
0.16433333333333333       -19.71233087290267
0.16440000000000002       -19.712635592698312
0.16446666666666668       -19.712927838751785
0.16453333333333334       -19.713194300329558
0.1646                    -19.713420856925143
0.16466666666666668       -19.713594834737208
0.16473333333333334       -19.713708743284872
0.1648                    -19.713764977207727
0.16486666666666666       -19.713780311972016
0.16493333333333335       -19.713788492521196
0.165                     -19.71383909667415
0.16506666666666667       -19.71399138202996
0.16513333333333335       -19.714303048123742
0.1652                    -19.71481555320841
0.16526666666666667       -19.715539347975096
0.16533333333333333       -19.716443509308537
0.16540000000000002       -19.717454201521452
0.16546666666666668       -19.71846484740499
0.16553333333333334       -19.719357980813655
0.1656                    -19.72003510401819
0.16566666666666668       -19.720447526200086
0.16573333333333334       -19.720619300977276
0.1658                    -19.7206539539373
0.16586666666666666       -19.720719999352067
0.16593333333333335       -19.72101571801242
0.166                     -19.72171992153404
0.16606666666666667       -19.722940634025964
0.16613333333333336       -19.72467605365328
0.16620000000000001       -19.726800718059916
0.16626666666666667       -19.729084376580985
0.16633333333333333       -19.73124266743876
0.16640000000000002       -19.733009316345314
0.16646666666666668       -19.734211867427682
0.16653333333333334       -19.734829565703095
0.1666                    -19.735014659858717
0.16666666666666669       -19.735067075230027
0.16673333333333334       -19.735365066043236
0.1668                    -19.736267507924893
0.16686666666666666       -19.73801300412857
0.16693333333333335       -19.740643972394533
0.167                     -19.743979169090494
0.16706666666666667       -19.747646498382124
0.16713333333333333       -19.751172003358775
0.16720000000000002       -19.754104537990443
0.16726666666666667       -19.756143382634423
0.16733333333333333       -19.757232229147956
0.16740000000000002       -19.757589839660046
0.16746666666666668       -19.757664276511466
0.16753333333333334       -19.75801935955525
0.1676                    -19.75918226783713
0.16766666666666669       -19.76149369638152
0.16773333333333335       -19.765003017024153
0.1678                    -19.76944018919643
0.16786666666666666       -19.774276372179735
0.16793333333333335       -19.778860991993387
0.168                     -19.782600413131753
0.16806666666666667       -19.785128852602384
0.16813333333333333       -19.786421155690718
0.16820000000000002       -19.78681150135188
0.16826666666666668       -19.78690873845527
0.16833333333333333       -19.787429742908408
0.16840000000000002       -19.788996998787635
0.16846666666666668       -19.79195784581015
0.16853333333333334       -19.796277618880186
0.1686                    -19.801539199841855
0.1686666666666667        -19.807052560990424
0.16873333333333335       -19.812046758145357
0.1688                    -19.815891536578633
0.16886666666666666       -19.818284092583628
0.16893333333333335       -19.819343868370368
0.169                     -19.819584180042444
0.16906666666666667       -19.81976655270384
0.16913333333333333       -19.8206796058336
0.16920000000000002       -19.82290729144094
0.16926666666666668       -19.826654523027837
0.16933333333333334       -19.831681838175964
0.1694                    -19.83737002475584
0.16946666666666668       -19.842898665247677
0.16953333333333334       -19.847488600440478
0.1696                    -19.850636975739203
0.1696666666666667        -19.852272690563623
0.16973333333333335       -19.852782309711255
0.1698                    -19.85289614661761
0.16986666666666667       -19.8534682137608
0.16993333333333335       -19.85521691265614
0.17                      -19.858505131479497
0.17006666666666667       -19.86322639083134
0.17013333333333333       -19.86883259193598
0.17020000000000002       -19.87449763212964
0.17026666666666668       -19.879370259937307
0.17033333333333334       -19.88284028068437
0.1704                    -19.884734652716908
0.17046666666666668       -19.885379150089545
0.17053333333333334       -19.88550296786442
0.1706                    -19.886014248233533
0.1706666666666667        -19.887716173621065
0.17073333333333335       -19.891052073953997
0.1708                    -19.895959174467354
0.17086666666666667       -19.901878342081865
0.17093333333333335       -19.90792101793883
0.171                     -19.913146401294924
0.17106666666666667       -19.916865017401488
0.17113333333333333       -19.918871648229
0.17120000000000002       -19.919528767688924
0.17126666666666668       -19.91966802664715
0.17133333333333334       -19.9203368102668
0.1714                    -19.92246805438424
0.17146666666666668       -19.92657681163495
0.17153333333333334       -19.93257981871261
0.1716                    -19.939798654899366
0.17166666666666666       -19.947153452751323
0.17173333333333335       -19.95349581443306
0.1718                    -19.95798201192082
0.17186666666666667       -19.960366985678238
0.17193333333333335       -19.96111765678648
0.17200000000000001       -19.961299185421414
0.17206666666666667       -19.962262113315713
0.17213333333333333       -19.965224414782146
0.17220000000000002       -19.97087724862228
0.17226666666666668       -19.979137770496592
0.17233333333333334       -19.989131654096497
0.1724                    -19.999423862572133
0.17246666666666668       -20.00844289653174
0.17253333333333334       -20.014978550921768
0.1726                    -20.018597623261805
0.17266666666666666       -20.01983529087914
0.17273333333333335       -20.020085711428575
0.1728                    -20.021213139436796
0.17286666666666667       -20.024996985673233
0.17293333333333333       -20.03257712646615
0.17300000000000001       -20.044066237587543
0.17306666666666667       -20.058451007223983
0.17313333333333333       -20.07382877079649
0.17320000000000002       -20.087934608924805
0.17326666666666668       -20.098822560310502
0.17333333333333334       -20.105499136381045
0.1734                    -20.108299857635966
0.17346666666666669       -20.10886835175267
0.17353333333333334       -20.10972538337391
0.1736                    -20.113550875518683
0.17366666666666666       -20.122390949739334
0.17373333333333335       -20.137019027898454
0.1738                    -20.15663477694938
0.17386666666666667       -20.179000694731798
0.17393333333333333       -20.20100985747956
0.17400000000000002       -20.219559518272163
0.17406666666666668       -20.23249502695559
0.17413333333333333       -20.23933059871684
0.17420000000000002       -20.241494563873104
0.17426666666666668       -20.241993810264084
0.17433333333333334       -20.244588670419947
0.1744                    -20.252726624070636
0.1744666666666667        -20.26854198493591
0.17453333333333335       -20.29219224179302
0.1746                    -20.321710345420794
0.17466666666666666       -20.35343799138957
0.17473333333333335       -20.382972927435965
0.1748                    -20.40641424372257
0.17486666666666667       -20.421557303950443
0.17493333333333333       -20.428648081351263
0.17500000000000002       -20.430417861703486
0.17506666666666668       -20.431362902073957
0.17513333333333334       -20.436495303303076
0.1752                    -20.449945394174076
0.17526666666666668       -20.473799689596976
0.17533333333333334       -20.507461167826662
0.1754                    -20.54769084109655
0.1754666666666667        -20.589358399504466
0.17553333333333335       -20.626777067786502
0.1756                    -20.655314455187813
0.17566666666666667       -20.67281308264098
0.17573333333333335       -20.68033552261976
0.1758                    -20.681946036218456
0.17586666666666667       -20.68358839703805
0.17593333333333333       -20.691433787337296
0.17600000000000002       -20.71019974431213
0.17606666666666668       -20.74187502985644
0.17613333333333334       -20.78513060478562
0.1762                    -20.835547102967325
0.17626666666666668       -20.88665434516736
0.17633333333333334       -20.93161123821806
0.1764                    -20.96513682571761
0.1764666666666667        -20.985118592676674
0.17653333333333335       -20.993330234227436
0.1766                    -20.994974169567584
0.17666666666666667       -20.997207546935947
0.17673333333333335       -21.007160528789615
0.1768                    -21.030042857310505
0.17686666666666667       -21.067799148895393
0.17693333333333333       -21.118572127410292
0.17700000000000002       -21.177073455479025
0.17706666666666668       -21.23583296031463
0.17713333333333334       -21.287124505586075
0.1772                    -21.325125051005532
0.17726666666666668       -21.34765813816764
0.17733333333333334       -21.356896860767986
0.1774                    -21.358747497290196
0.17746666666666666       -21.36114585610915
0.17753333333333335       -21.371868804928656
0.1776                    -21.396516407761368
0.17766666666666667       -21.43713278901329
0.17773333333333335       -21.491700616339692
0.1778                    -21.554580403383646
0.17786666666666667       -21.61784677105581
0.17793333333333333       -21.673308609895333
0.17800000000000002       -21.714756446677264
0.17806666666666668       -21.73976928246098
0.17813333333333334       -21.750439411159803
0.1782                    -21.75273571642321
0.17826666666666668       -21.754756271503418
0.17833333333333334       -21.764498668229457
0.1784                    -21.787819482171248
0.17846666666666666       -21.827048950623396
0.17853333333333335       -21.880479335027108
0.1786                    -21.94277721941412
0.17866666666666667       -22.006258469544207
0.17873333333333336       -22.06281939305179
0.17880000000000001       -22.106100611720997
0.17886666666666667       -22.133265104585735
0.17893333333333333       -22.14578401254755
0.17900000000000002       -22.148943053178506
0.17906666666666668       -22.15027158769208
0.17913333333333334       -22.157465066670294
0.1792                    -22.176436500650812
0.17926666666666669       -22.209952991884784
0.17933333333333334       -22.257074674485594
0.1794                    -22.313440627609474
0.17946666666666666       -22.372336594906493
0.17953333333333335       -22.426360635059865
0.1796                    -22.46933436828487
0.17966666666666667       -22.497948779371086
0.17973333333333333       -22.512623341917276
0.17980000000000002       -22.51728788097877
0.17986666666666667       -22.51818834323246
0.17993333333333333       -22.52215226766522
0.18000000000000002       -22.534856252515855
0.18006666666666668       -22.55952429567752
0.18013333333333334       -22.59628626405092
0.1802                    -22.642257314712793
0.1802666666666667        -22.692287385904464
0.18033333333333335       -22.74023419350371
0.1804                    -22.78049703057421
0.18046666666666666       -22.809435210455643
0.18053333333333335       -22.8262666047722
0.1806                    -22.833171269428245
0.18066666666666667       -22.834589155207063
0.18073333333333333       -22.835970776245023
0.18080000000000002       -22.84237939911371
0.18086666666666668       -22.85731474233701
0.18093333333333333       -22.881997000203743
0.18100000000000002       -22.915206775457957
0.18106666666666668       -22.953667160971293
0.18113333333333334       -22.992872128670513
0.1812                    -23.02818727260657
0.1812666666666667        -23.055974292149518
0.18133333333333335       -23.074454776988734
0.1814                    -23.084077936077875
0.18146666666666667       -23.08730012600844
0.18153333333333335       -23.0878684845173
0.1816                    -23.089841735388084
0.18166666666666667       -23.096622876952683
0.18173333333333333       -23.110228059500795
0.18180000000000002       -23.130921773416716
0.18186666666666668       -23.157255800883092
0.18193333333333334       -23.18647562971207
0.182                     -23.215198412380147
0.18206666666666668       -23.24021491672774
0.18213333333333334       -23.259232552598817
0.1822                    -23.27137894685083
0.1822666666666667        -23.277342109551267
0.18233333333333335       -23.279124779252307
0.1824                    -23.27949975246296
0.18246666666666667       -23.281326239168635
0.18253333333333335       -23.286902250667872
0.1826                    -23.29749319236543
0.18266666666666667       -23.313117941189198
0.18273333333333333       -23.332613542524566
0.18280000000000002       -23.353948089148282
0.18286666666666668       -23.374708639017314
0.18293333333333334       -23.39265748075487
0.183                     -23.406232268484473
0.18306666666666668       -23.414874280815763
0.18313333333333334       -23.419109937273426
0.1832                    -23.42037550288392
0.1832666666666667        -23.42064213505254
0.18333333333333335       -23.421944486413086
0.1834                    -23.4259283889255
0.18346666666666667       -23.43351476915626
0.18353333333333335       -23.444740705571967
0.1836                    -23.45879742006114
0.18366666666666667       -23.474246575638674
0.18373333333333333       -23.489363480910832
0.18380000000000002       -23.502531126505808
0.18386666666666668       -23.512597199617836
0.18393333333333334       -23.51911322040283
0.184                     -23.522402941447034
0.18406666666666668       -23.52345045070727
0.18413333333333334       -23.52364391168446
0.1842                    -23.524443975308547
0.18426666666666666       -23.52705774174019
0.18433333333333335       -23.532189813109724
0.1844                    -23.53991814035094
0.18446666666666667       -23.54971234474831
0.18453333333333335       -23.56058237809265
0.18460000000000001       -23.57131980843921
0.18466666666666667       -23.58077588882614
0.18473333333333333       -23.588113383997854
0.18480000000000002       -23.59297585337536
0.18486666666666668       -23.59553876499175
0.18493333333333334       -23.596436763627203
0.185                     -23.59659201018756
0.18506666666666668       -23.59699064635305
0.18513333333333334       -23.598462504899796
0.1852                    -23.60151290400774
0.18526666666666666       -23.60623871699162
0.18533333333333335       -23.61233951504603
0.1854                    -23.61921350723928
0.18546666666666667       -23.6261109906053
0.18553333333333336       -23.632307703668868
0.18560000000000001       -23.637258572830547
0.18566666666666667       -23.640699288530808
0.18573333333333333       -23.642677408944103
0.18580000000000002       -23.643512580602074
0.18586666666666668       -23.643702077310024
0.18593333333333334       -23.64379878960987
0.186                     -23.644291751981577
0.18606666666666669       -23.645514653377933
0.18613333333333335       -23.64759797545812
0.1862                    -23.65046870264174
0.18626666666666666       -23.653890917011093
0.18633333333333335       -23.657533095022366
0.1864                    -23.661044576283395
0.18646666666666667       -23.66412451673044
0.18653333333333333       -23.666570878237213
0.18660000000000002       -23.668303231877598
0.18666666666666668       -23.66935966051186
0.18673333333333333       -23.669873280263808
0.18680000000000002       -23.670036853963005
0.18686666666666668       -23.670064404713614
0.18693333333333334       -23.67015712546133
0.187                     -23.67047811994956
0.1870666666666667        -23.671137570987568
0.18713333333333335       -23.67218756385465
0.1872                    -23.673624386899633
0.18726666666666666       -23.675395725684144
0.18733333333333335       -23.677410545530662
0.1874                    -23.679550279006392
0.18746666666666667       -23.681680841963484
0.18753333333333333       -23.683665688267787
0.18760000000000002       -23.68538035847319
0.18766666666666668       -23.68672866397422
0.18773333333333334       -23.68765978299873
0.18780000000000002       -23.68818428888146
0.18786666666666668       -23.688385815988326
0.18793333333333334       -23.688424171651615
0.188                     -23.688525751250552
0.1880666666666667        -23.68895852311242
0.18813333333333335       -23.68999173343676
0.1882                    -23.691844506979983
0.18826666666666667       -23.69463187860154
0.18833333333333335       -23.698320309446256
0.1884                    -23.702706111974535
0.18846666666666667       -23.70742830847298
0.18853333333333333       -23.712021715957178
0.18860000000000002       -23.716006876649352
0.18866666666666668       -23.719002484041525
0.18873333333333334       -23.720836081850273
0.1888                    -23.721623582014292
0.18886666666666668       -23.721790529142467
0.18893333333333334       -23.72201897730239
0.189                     -23.723121391839953
0.1890666666666667        -23.72586269404801
0.18913333333333335       -23.730768046304185
0.1892                    -23.737962737094133
0.18926666666666667       -23.747089012314046
0.18933333333333335       -23.757332293149098
0.1894                    -23.767566915102215
0.18946666666666667       -23.77660220565451
0.18953333333333333       -23.783479126505902
0.18960000000000002       -23.787744743912288
0.18966666666666668       -23.789626405100442
0.18973333333333334       -23.790045843781638
0.1898                    -23.790453008732282
0.18986666666666668       -23.792508372325308
0.18993333333333334       -23.79768488838941
0.19                      -23.806884338716365
0.1900666666666667        -23.820163397508875
0.19013333333333335       -23.83664488336876
0.1902                    -23.85465380574712
0.19026666666666667       -23.87206956659261
0.19033333333333335       -23.886830035658022
0.1904                    -23.897471474140758
0.19046666666666667       -23.90355940571713
0.19053333333333333       -23.905878589130424
0.19060000000000002       -23.90631028973913
0.19066666666666668       -23.907414192429883
0.19073333333333334       -23.911816815492163
0.1908                    -23.921558421359915
0.19086666666666668       -23.937556327526007
0.19093333333333334       -23.959313467079625
0.191                     -23.98495163084522
0.19106666666666666       -24.011586680843514
0.19113333333333335       -24.035988853611112
0.1912                    -24.055390401272714
0.19126666666666667       -24.068237072770717
0.19133333333333336       -24.074664788146848
0.19140000000000001       -24.07654421184042
0.19146666666666667       -24.07706257154578
0.19153333333333333       -24.079952866387423
0.19160000000000002       -24.088576309608186
0.19166666666666668       -24.105086271067062
0.19173333333333334       -24.129864482306292
0.1918                    -24.16135471659088
0.19186666666666669       -24.196346169084716
0.19193333333333334       -24.230677498751415
0.192                     -24.26023528883976
0.19206666666666666       -24.28201873230406
0.19213333333333335       -24.29497859751521
0.1922                    -24.300367019858378
0.19226666666666667       -24.301472621993273
0.19233333333333336       -24.302811975194828
0.19240000000000002       -24.309011417497963
0.19246666666666667       -24.32367677671153
0.19253333333333333       -24.34851413155105
0.19260000000000002       -24.382881220846055
0.19266666666666668       -24.423861400266524
0.19273333333333334       -24.46686942334153
0.1928                    -24.506702342348103
0.1928666666666667        -24.538828388546218
0.19293333333333335       -24.560592226295178
0.193                     -24.571978178709738
0.19306666666666666       -24.57567508490491
0.19313333333333335       -24.576409913375088
0.1932                    -24.57975677076397
0.19326666666666667       -24.590766730393728
0.19333333333333333       -24.61276230287008
0.19340000000000002       -24.646547250171075
0.19346666666666668       -24.690172368862346
0.19353333333333333       -24.73930742103804
0.19360000000000002       -24.78818355146676
0.19366666666666668       -24.83095595785512
0.19373333333333334       -24.86319246431517
0.1938                    -24.883082303824516
0.1938666666666667        -24.891978004040492
0.19393333333333335       -24.894076938061946
0.194                     -24.895342927091075
0.19406666666666667       -24.902008116510288
0.19413333333333335       -24.9190720047199
0.1942                    -24.949140259438273
0.19426666666666667       -24.99181308382341
0.19433333333333333       -25.04371925543684
0.19440000000000002       -25.099208388320392
0.19446666666666668       -25.15161961558502
0.19453333333333334       -25.194903133268266
0.19460000000000002       -25.22520724418736
0.19466666666666668       -25.241958610933168
0.19473333333333334       -25.248065480306018
0.1948                    -25.249163548548292
0.1948666666666667        -25.25215780166738
0.19493333333333335       -25.26351094024493
0.195                     -25.287722414978404
0.19506666666666667       -25.326305664357065
0.19513333333333335       -25.37742232024421
0.1952                    -25.43622952249851
0.19526666666666667       -25.495916514442406
0.19533333333333333       -25.549289857163604
0.19540000000000002       -25.590590092489002
0.19546666666666668       -25.61705440998642
0.19553333333333334       -25.629717798273614
0.1956                    -25.63316015329267
0.19566666666666668       -25.63428354905416
0.19573333333333334       -25.640531903871366
0.1958                    -25.658077252670154
0.1958666666666667        -25.69039860187424
0.19593333333333335       -25.737501135920304
0.196                     -25.795880628392553
0.19606666666666667       -25.859249697500655
0.19613333333333335       -25.919950834713372
0.1962                    -25.970824605626856
0.19626666666666667       -26.00709610705728
0.19633333333333333       -26.0277123308998
0.19640000000000002       -26.03565990736428
0.19646666666666668       -26.03713952771279
0.19653333333333334       -26.039892653641683
0.1966                    -26.051227030906603
0.19666666666666668       -26.076274963356948
0.19673333333333334       -26.116839883153414
0.1968                    -26.170998959133986
0.1968666666666667        -26.23350859005972
0.19693333333333335       -26.296973846172694
0.197                     -26.3536155899899
0.19706666666666667       -26.397270776785607
0.19713333333333335       -26.425074834448093
0.19720000000000001       -26.438264433579725
0.19726666666666667       -26.44180391236647
0.19733333333333333       -26.442975243108382
0.19740000000000002       -26.44942668096325
0.19746666666666668       -26.46726840098383
0.19753333333333334       -26.499664390616758
0.1976                    -26.546158210790814
0.19766666666666668       -26.6028087516421
0.19773333333333334       -26.663109470976522
0.1978                    -26.71955444028078
0.19786666666666666       -26.765546117891297
0.19793333333333335       -26.797155377152496
0.198                     -26.814181370729102
0.19806666666666667       -26.82013960531501
0.19813333333333336       -26.82119183152754
0.19820000000000002       -26.82441068032256
0.19826666666666667       -26.835939171624304
0.19833333333333333       -26.859528009698984
0.19840000000000002       -26.895736024480485
0.19846666666666668       -26.941895383372042
0.19853333333333334       -26.992815904194476
0.1986                    -27.042093664559566
0.19866666666666669       -27.083753940621076
0.19873333333333335       -27.11381732031349
0.1988                    -27.131325440523927
0.19886666666666666       -27.138493772615373
0.19893333333333335       -27.139957972321206
0.199                     -27.14139942144623
0.19906666666666667       -27.148007344206952
0.19913333333333336       -27.163206770808838
0.19920000000000002       -27.18792880004714
0.19926666666666668       -27.22052873477933
0.19933333333333333       -27.257321511907527
0.19940000000000002       -27.29359485984203
0.19946666666666668       -27.324858875188276
0.19953333333333334       -27.34801042672695
0.1996                    -27.362084308145825
0.1996666666666667        -27.36837452183626
0.19973333333333335       -27.369916828378052
0.1998                    -27.37053521676564
0.19986666666666666       -27.3737712992465
0.19993333333333335       -27.382002689858457
0.2                       -27.39595329206114
0.20006666666666667       -27.41466864315944
0.20013333333333333       -27.43591427853264
0.20020000000000002       -27.456865826905666
0.20026666666666668       -27.47489835797763
0.20033333333333334       -27.488260629310922
0.2004                    -27.496454358658966
0.20046666666666668       -27.500231527006612
0.20053333333333334       -27.50124562605635
0.2006                    -27.50149678844555
0.20066666666666666       -27.502756091618185
0.20073333333333335       -27.506133039060238
0.2008                    -27.511883654675554
0.20086666666666667       -27.51947586747207
0.20093333333333332       -27.527858214532316
0.201                     -27.535831109701792
0.20106666666666667       -27.54240395337125
0.20113333333333333       -27.547038325770643
0.2012                    -27.549722314739302
0.20126666666666668       -27.550879181607144
0.20133333333333334       -27.55116472421424
0.2014                    -27.551234532252494
0.20146666666666668       -27.551558490018913
0.20153333333333334       -27.552331425865315
0.2016                    -27.55348938093473
0.20166666666666666       -27.554805149243975
0.20173333333333335       -27.556015303925854
0.2018                    -27.55692868251589
0.20186666666666667       -27.557481597543205
0.20193333333333333       -27.55773057048772
0.202                     -27.557798765044307
0.20206666666666667       -27.557807955800723
0.20213333333333333       -27.55782877980652
0.2022                    -27.557869347624777
0.20226666666666668       -27.55790240509457
0.20233333333333334       -27.557912839414303
0.2024                    -27.557938040590425
0.20246666666666668       -27.558077184322237
0.20253333333333334       -27.558460305763607
0.2026                    -27.559187778900387
0.20266666666666666       -27.56026701075591
0.20273333333333335       -27.561578579123758
0.2028                    -27.5628956028749
0.20286666666666667       -27.56396010935982
0.20293333333333333       -27.564595558961695
0.203                     -27.564815065427553
0.20306666666666667       -27.564879005213584
0.20313333333333333       -27.565267949800727
0.2032                    -27.56656449139454
0.20326666666666668       -27.569271295702528
0.20333333333333334       -27.57362038682748
0.2034                    -27.579439947617214
0.20346666666666668       -27.586134823253285
0.20353333333333334       -27.592806674794513
0.2036                    -27.598496270377066
0.20366666666666666       -27.60248568099865
0.20373333333333335       -27.60456755830322
0.2038                    -27.60518649370965
0.20386666666666667       -27.60538951150339
0.20393333333333333       -27.606580807311254
0.20400000000000001       -27.61013956583576
0.20406666666666667       -27.617006413278766
0.20413333333333333       -27.627359445137756
0.2042                    -27.640482521075846
0.20426666666666668       -27.654882480059815
0.20433333333333334       -27.668647051674764
0.2044                    -27.679963419166658
0.20446666666666666       -27.687656980042348
0.20453333333333334       -27.691585020333
0.2046                    -27.69274983532466
0.20466666666666666       -27.693078190619662
0.20473333333333335       -27.694919824637726
0.2048                    -27.70040511600666
0.20486666666666667       -27.710841055283343
0.20493333333333333       -27.726310690528706
0.20500000000000002       -27.74558833181015
0.20506666666666667       -27.766407542027103
0.20513333333333333       -27.78603218819752
0.2052                    -27.801993814309714
0.20526666666666668       -27.81279345881031
0.20533333333333334       -27.81835450881252
0.2054                    -27.82007650742187
0.20546666666666666       -27.820464532676805
0.20553333333333335       -27.82244501744114
0.2056                    -27.828570015095863
0.20566666666666666       -27.84033004943566
0.20573333333333332       -27.857751185928873
0.2058                    -27.879373514981015
0.20586666666666667       -27.902618362380398
0.20593333333333333       -27.924460121388684
0.20600000000000002       -27.9422349598595
0.20606666666666668       -27.954364943807978
0.20613333333333334       -27.960783294503674
0.2062                    -27.962930137874416
0.20626666666666668       -27.963325039436427
0.20633333333333334       -27.964856143313988
0.2064                    -27.970001024457115
0.20646666666666666       -27.98019232243754
0.20653333333333335       -27.995480942195897
0.2066                    -28.014563983775194
0.20666666666666667       -28.035157041247025
0.20673333333333332       -28.054611416336105
0.2068                    -28.070614812172394
0.20686666666666667       -28.081785790558598
0.20693333333333333       -28.087996698981716
0.20700000000000002       -28.090340308752406
0.20706666666666668       -28.09076705330236
0.20713333333333334       -28.09151813479348
0.2072                    -28.09452760037594
0.20726666666666668       -28.100954436442866
0.20733333333333334       -28.110950927876374
0.2074                    -28.12370215663448
0.20746666666666666       -28.137703601816494
0.20753333333333335       -28.151190317529576
0.2076                    -28.162599268037297
0.20766666666666667       -28.170943162757712
0.20773333333333333       -28.176003456521226
0.2078                    -28.17830615110152
0.20786666666666667       -28.178908787660557
0.20793333333333333       -28.179077665727537
0.20800000000000002       -28.179954670933892
0.20806666666666668       -28.18230102492994
0.20813333333333334       -28.186370947423907
0.2082                    -28.191926422463105
0.20826666666666668       -28.198367499493685
0.20833333333333334       -28.20492841923684
0.2084                    -28.21088148042704
0.20846666666666666       -28.21569764672209
0.20853333333333335       -28.219131959967044
0.2086                    -28.22122656436896
0.20866666666666667       -28.222246892864995
0.20873333333333333       -28.22258089899588
0.2088                    -28.222634282962623
0.20886666666666667       -28.222747832164874
0.20893333333333333       -28.223150604175512
0.209                     -28.223949787706083
0.20906666666666668       -28.22514855918968
0.20913333333333334       -28.226678869285227
0.2092                    -28.228436561532064
0.20926666666666666       -28.23030991166108
0.20933333333333334       -28.232197502328855
0.2094                    -28.234015580650155
0.20946666666666666       -28.235697754481826
0.20953333333333335       -28.237190979086293
0.2096                    -28.238451710778023
0.20966666666666667       -28.239445381914283
0.20973333333333333       -28.24015124851503
0.20980000000000001       -28.240573128966098
0.20986666666666667       -28.24075445306686
0.20993333333333333       -28.240793507848295
0.21                      -28.240852449640617
0.21006666666666668       -28.24115265569741
0.21013333333333334       -28.241950456510082
0.2102                    -28.243491785262993
0.21026666666666666       -28.245951266144104
0.21033333333333334       -28.24936896340736
0.2104                    -28.253603781748147
0.21046666666666666       -28.258323594761894
0.21053333333333335       -28.263046670656262
0.2106                    -28.267236696111336
0.21066666666666667       -28.270436901737828
0.21073333333333333       -28.27241216323742
0.21080000000000002       -28.27325768008725
0.21086666666666667       -28.273434401858243
0.21093333333333333       -28.27370681151198
0.211                     -28.274984824878885
0.21106666666666668       -28.278100770494213
0.21113333333333334       -28.283575538943616
0.2112                    -28.291437891291938
0.21126666666666666       -28.301154295860247
0.21133333333333335       -28.311703920587654
0.2114                    -28.32179793085576
0.21146666666666666       -28.330200670705864
0.21153333333333335       -28.336073347643335
0.2116                    -28.339242108686555
0.21166666666666667       -28.340303180209784
0.21173333333333333       -28.340519535179084
0.21180000000000002       -28.34152415751792
0.21186666666666668       -28.344903083157014
0.21193333333333333       -28.351767417779996
0.212                     -28.36242848629736
0.21206666666666668       -28.376266491513885
0.21213333333333334       -28.39183839344232
0.2122                    -28.40721333248198
0.21226666666666666       -28.420462669321797
0.21233333333333335       -28.430180205805144
0.2124                    -28.43588540408735
0.21246666666666666       -28.43818476484927
0.21253333333333335       -28.438634244912357
0.2126                    -28.43933651117341
0.21266666666666667       -28.442385976118967
0.21273333333333333       -28.44931415666263
0.21280000000000002       -28.46068094117825
0.21286666666666668       -28.475914894812604
0.21293333333333334       -28.49344405129574
0.213                     -28.511089886205152
0.21306666666666668       -28.52663047684183
0.21313333333333334       -28.538387232476317
0.2132                    -28.545671997699916
0.21326666666666666       -28.54896350146172
0.21333333333333335       -28.549761359594076
0.2134                    -28.550165008243916
0.21346666666666667       -28.552305131369174
0.21353333333333332       -28.557788423932994
0.2136                    -28.56729948347732
0.21366666666666667       -28.580452131031286
0.21373333333333333       -28.595916648565165
0.2138                    -28.61178358065393
0.21386666666666668       -28.626068167889365
0.21393333333333334       -28.637222402288693
0.214                     -28.644516872620542
0.21406666666666668       -28.648190167229156
0.21413333333333334       -28.64933302461063
0.2142                    -28.649554058357197
0.21426666666666666       -28.650533980206866
0.21433333333333335       -28.65359627693296
0.2144                    -28.65940356588763
0.21446666666666667       -28.667844064073286
0.21453333333333333       -28.67811902939923
0.2146                    -28.688992955059945
0.21466666666666667       -28.699132180534516
0.21473333333333333       -28.70744044543016
0.2148                    -28.71330592333028
0.21486666666666668       -28.716703084574064
0.21493333333333334       -28.718136575467348
0.215                     -28.718458999977923
0.21506666666666668       -28.71862532059687
0.21513333333333334       -28.71945512490933
0.2152                    -28.721461112990188
0.21526666666666666       -28.72477578214432
0.21533333333333335       -28.729178520069567
0.2154                    -28.73420046608327
0.21546666666666667       -28.739269511766395
0.21553333333333333       -28.743854407036757
0.2156                    -28.747574124025444
0.21566666666666667       -28.75025315046173
0.21573333333333333       -28.751920424286773
0.2158                    -28.75276413392468
0.21586666666666668       -28.753062925985326
0.21593333333333334       -28.75311501982342
0.216                     -28.753181700750233
0.21606666666666668       -28.7534535850236
0.21613333333333334       -28.75404004423983
0.2162                    -28.754976474000703
0.21626666666666666       -28.756241572736286
0.21633333333333335       -28.75777713649416
0.2164                    -28.759505037059235
0.21646666666666667       -28.761338848440886
0.21653333333333333       -28.76319010822119
0.21660000000000001       -28.764970976820855
0.21666666666666667       -28.766595992370835
0.21673333333333333       -28.76798577887677
0.2168                    -28.76907499247895
0.21686666666666668       -28.76982545170769
0.21693333333333334       -28.770243306430775
0.217                     -28.770396529186296
0.21706666666666669       -28.77042664023569
0.21713333333333334       -28.770547422305373
0.2172                    -28.77102447041452
0.21726666666666666       -28.772133298194174
0.21733333333333332       -28.774100002966062
0.2174                    -28.777035727793635
0.21746666666666667       -28.780882093241956
0.21753333333333333       -28.785386943447165
0.21760000000000002       -28.79012626192248
0.21766666666666667       -28.794578390795714
0.21773333333333333       -28.798242106005326
0.2178                    -28.800774222020564
0.21786666666666668       -28.80211046199754
0.21793333333333334       -28.802530679061547
0.218                     -28.802639252518333
0.2180666666666667        -28.803252460260317
0.21813333333333335       -28.80521120793678
0.2182                    -28.80916157157688
0.21826666666666666       -28.815359770243315
0.21833333333333332       -28.823558075163326
0.2184                    -28.83301301635873
0.21846666666666667       -28.842629267331674
0.21853333333333333       -28.85121664930812
0.21860000000000002       -28.857801859817684
0.21866666666666668       -28.861911891303386
0.21873333333333334       -28.86374383838043
0.2188                    -28.86416132002386
0.21886666666666668       -28.864505637697295
0.21893333333333334       -28.866264322510794
0.219                     -28.870682133202756
0.21906666666666666       -28.878417104939427
0.21913333333333335       -28.889334363143313
0.2192                    -28.902498196446306
0.21926666666666667       -28.91637596830574
0.21933333333333332       -28.9292138061389
0.2194                    -28.939493832078433
0.21946666666666667       -28.946350411600438
0.21953333333333333       -28.949823839273733
0.21960000000000002       -28.950870954880187
0.21966666666666668       -28.951123305401445
0.21973333333333334       -28.952459167747588
0.2198                    -28.956508280539246
0.21986666666666668       -28.964222203980277
0.21993333333333334       -28.975620697354536
0.22                      -28.9897775995847
0.22006666666666666       -29.005051364546365
0.22013333333333335       -29.01950557809196
0.2202                    -29.031413496815325
0.22026666666666667       -29.03971156826033
0.22033333333333333       -29.044274297700277
0.2204                    -29.045931600786552
0.22046666666666667       -29.04622682978031
0.22053333333333333       -29.04699084250836
0.22060000000000002       -29.049856427193475
0.22066666666666668       -29.05584464190081
0.22073333333333334       -29.065125202354647
0.2208                    -29.077002231819343
0.22086666666666668       -29.090119589078057
0.22093333333333334       -29.102827424301346
0.221                     -29.11361232535903
0.22106666666666666       -29.121476787658654
0.22113333333333335       -29.126167601470936
0.2212                    -29.128196891912353
0.22126666666666667       -29.12866123290495
0.22133333333333333       -29.128921848758694
0.2214                    -29.130242567283755
0.22146666666666667       -29.133483599963732
0.22153333333333333       -29.13892340487085
0.22160000000000002       -29.146240348949263
0.22166666666666668       -29.15464341893921
0.22173333333333334       -29.163106262264446
0.2218                    -29.170637540308757
0.22186666666666666       -29.176516742311097
0.22193333333333334       -29.180439032364617
0.222                     -29.182541531314786
0.22206666666666666       -29.18331790442729
0.22213333333333335       -29.183457268834566
0.2222                    -29.183658661410142
0.22226666666666667       -29.184470868583674
0.22233333333333333       -29.186192643497343
0.22240000000000001       -29.1888470597925
0.22246666666666667       -29.19222305733683
0.22253333333333333       -29.195962272061337
0.22260000000000002       -29.199662514776954
0.22266666666666668       -29.202970823110206
0.22273333333333334       -29.205646961661728
0.2228                    -29.207589420754605
0.22286666666666666       -29.208826823743866
0.22293333333333334       -29.209485312352676
0.223                     -29.209745514965064
0.22306666666666666       -29.20980137622117
0.22313333333333335       -29.209828961176573
0.2232                    -29.20996832408165
0.22326666666666667       -29.210317312525106
0.22333333333333333       -29.210933662447694
0.22340000000000002       -29.211841031194346
0.22346666666666667       -29.213035278119733
0.22353333333333333       -29.21448871588186
0.2236                    -29.216151694693764
0.22366666666666668       -29.217952418199125
0.22373333333333334       -29.21979713168973
0.2238                    -29.221573581244655
0.22386666666666666       -29.223160640729585
0.22393333333333335       -29.224445931567615
0.224                     -29.22535096600951
0.22406666666666666       -29.225860086865843
0.22413333333333335       -29.226046078193946
0.2242                    -29.2260830768068
0.22426666666666667       -29.226237695024402
0.22433333333333333       -29.226832926183796
0.22440000000000002       -29.22818624670359
0.22446666666666668       -29.230531894253232
0.22453333333333333       -29.233945147773134
0.2246                    -29.238290794686254
0.22466666666666668       -29.24321656244374
0.22473333333333334       -29.248204068534612
0.2248                    -29.252675588825614
0.22486666666666666       -29.256137625639877
0.22493333333333335       -29.25832684545179
0.225                     -29.25931628646973
0.22506666666666666       -29.259544318949718
0.22513333333333335       -29.259746418637235
0.2252                    -29.260796190871027
0.22526666666666667       -29.263489353870916
0.22533333333333333       -29.26832408918905
0.22540000000000002       -29.275337402741414
0.22546666666666668       -29.284047939564836
0.22553333333333334       -29.29353251773123
0.2256                    -29.302630517653196
0.22566666666666668       -29.310233791061087
0.22573333333333334       -29.315589489532496
0.2258                    -29.318530279696805
0.22586666666666666       -29.319559066913964
0.22593333333333335       -29.319753284892517
0.226                     -29.3205058201128
0.22606666666666667       -29.323167883476728
0.22613333333333335       -29.328687805143883
0.2262                    -29.337341792581164
0.22626666666666667       -29.348630366827635
0.22633333333333333       -29.361374555126464
0.2264                    -29.373996955060015
0.22646666666666668       -29.38492322026375
0.22653333333333334       -29.393000899280022
0.2266                    -29.397818814037066
0.22666666666666668       -29.399831552519508
0.22673333333333334       -29.400248157251912
0.2268                    -29.40071422771137
0.22686666666666666       -29.40287681833148
0.22693333333333335       -29.40795152514052
0.227                     -29.416405364407986
0.22706666666666667       -29.42783490793801
0.22713333333333335       -29.441069086084532
0.2272                    -29.454471139350083
0.22726666666666667       -29.466363738389894
0.22733333333333333       -29.4754659755742
0.2274                    -29.4812229558582
0.22746666666666668       -29.48393596191675
0.22753333333333334       -29.48465909676816
0.2276                    -29.48489783227783
0.22766666666666668       -29.48620066353525
0.22773333333333334       -29.489758835698815
0.2278                    -29.496117723031816
0.22786666666666666       -29.505066452008137
0.22793333333333335       -29.515723679036093
0.228                     -29.52678892590541
0.22806666666666667       -29.53688941187835
0.22813333333333333       -29.544929651518792
0.22820000000000001       -29.550351925392953
0.22826666666666667       -29.553242274784
0.22833333333333333       -29.554262502819626
0.2284                    -29.554438920814256
0.22846666666666668       -29.554876102494383
0.22853333333333334       -29.55647749354858
0.2286                    -29.559743496542236
0.22866666666666668       -29.564689216536518
0.22873333333333334       -29.57088916841261
0.2288                    -29.57762437743357
0.22886666666666666       -29.584085004547077
0.22893333333333335       -29.589572714712332
0.229                     -29.593652650505078
0.22906666666666667       -29.596223014964472
0.22913333333333333       -29.597495354593942
0.22920000000000001       -29.59790290701457
0.22926666666666667       -29.597970661553635
0.22933333333333333       -29.598185259185943
0.2294                    -29.598896169931294
0.22946666666666668       -29.60026580194063
0.22953333333333334       -29.602270632103362
0.2296                    -29.604742650072758
0.22966666666666669       -29.607433065150683
0.22973333333333334       -29.61007898350019
0.2298                    -29.612457582919042
0.22986666666666666       -29.614419088058042
0.22993333333333332       -29.615897136775395
0.23                      -29.61690086456731
0.23006666666666667       -29.61749606035663
0.23013333333333333       -29.61778297541005
0.23020000000000002       -29.617876554695115
0.23026666666666668       -29.61789213782819
0.23033333333333333       -29.617937071862343
0.2304                    -29.61810682093723
0.23046666666666668       -29.6184832417994
0.23053333333333334       -29.619132622714353
0.2306                    -29.62010166876562
0.2306666666666667        -29.62141070707102
0.23073333333333335       -29.62304486041794
0.2308                    -29.62494560132641
0.23086666666666666       -29.62700656431715
0.23093333333333332       -29.629078169538147
0.231                     -29.63098484520944
0.23106666666666667       -29.6325560178554
0.23113333333333333       -29.633667735929315
0.23120000000000002       -29.63428676723411
0.23126666666666668       -29.634504938440706
0.23133333333333334       -29.634550284551736
0.2314                    -29.63476465126358
0.23146666666666668       -29.63554488496651
0.23153333333333334       -29.637255178726537
0.2316                    -29.6401287034834
0.2316666666666667        -29.644184000374608
0.23173333333333335       -29.6491828648387
0.2318                    -29.65465002639062
0.23186666666666667       -29.65996107484228
0.23193333333333332       -29.664486256145462
0.232                     -29.667758654179895
0.23206666666666667       -29.6696221235662
0.23213333333333333       -29.670313031220267
0.23220000000000002       -29.670443210096646
0.23226666666666668       -29.670877127611632
0.23233333333333334       -29.67252670238257
0.2324                    -29.67611289948019
0.23246666666666665       -29.68195637273476
0.23253333333333334       -29.68985639258991
0.2326                    -29.699098725787103
0.2326666666666667        -29.708602587487206
0.23273333333333335       -29.717180041530998
0.2328                    -29.723846581248083
0.23286666666666667       -29.72809968687876
0.23293333333333333       -29.730082930846674
0.233                     -29.730580628477867
0.23306666666666667       -29.73083559580685
0.23313333333333333       -29.73223449701201
0.23320000000000002       -29.735943780146673
0.23326666666666668       -29.74259297728581
0.23333333333333334       -29.752089780212252
0.2334                    -29.763618623590702
0.23346666666666666       -29.775829738185223
0.23353333333333334       -29.787177159436023
0.2336                    -29.79632171203397
0.2336666666666667        -29.802490697716856
0.23373333333333335       -29.80569138010533
0.2338                    -29.80671391440263
0.23386666666666667       -29.806920896051228
0.23393333333333333       -29.80788362422507
0.234                     -29.810967240816343
0.23406666666666667       -29.81697631899096
0.23413333333333333       -29.825951176473783
0.23420000000000002       -29.83716362565678
0.23426666666666668       -29.849310728538256
0.23433333333333334       -29.860856154763
0.2344                    -29.8704301562583
0.23446666666666666       -29.877181157227835
0.23453333333333334       -29.88098304927994
0.2346                    -29.882443083765885
0.23466666666666666       -29.88271414024387
0.23473333333333335       -29.88317154771054
0.2348                    -29.885049084803583
0.23486666666666667       -29.889132387595374
0.23493333333333333       -29.895584451307123
0.23500000000000001       -29.903938358136738
0.23506666666666667       -29.91324870747267
0.23513333333333333       -29.922354898025645
0.23520000000000002       -29.93018366427971
0.23526666666666668       -29.936010883251527
0.23533333333333334       -29.93961654402636
0.2354                    -29.94129907463144
0.23546666666666666       -29.941756254489285
0.23553333333333334       -29.941876184815488
0.2356                    -29.942501866422017
0.23566666666666666       -29.94423249363531
0.23573333333333335       -29.94730697211603
0.2358                    -29.95158836999788
0.23586666666666667       -29.956640577536
0.23593333333333333       -29.961867027099885
0.23600000000000002       -29.96666994004957
0.23606666666666667       -29.970588688138044
0.23613333333333333       -29.973386382050876
0.23620000000000002       -29.97507110248488
0.23626666666666668       -29.97585687538555
0.23633333333333334       -29.976084074570892
0.2364                    -29.976125763893506
0.23646666666666666       -29.976304902733695
0.23653333333333335       -29.97683943535133
0.2366                    -29.977821658646118
0.23666666666666666       -29.9792284690797
0.23673333333333335       -29.980952559757213
0.2368                    -29.98284227937392
0.23686666666666667       -29.98473921734682
0.23693333333333333       -29.98650630244516
0.237                     -29.98804366072076
0.23706666666666668       -29.989293275402478
0.23713333333333333       -29.99023581004336
0.23720000000000002       -29.990883642424755
0.23726666666666668       -29.99127356077232
0.23733333333333334       -29.991461264656472
0.2374                    -29.991518313503608
0.23746666666666666       -29.991530819014574
0.23753333333333335       -29.991598165460324
0.2376                    -29.991829489752043
0.23766666666666666       -29.992335721088324
0.23773333333333335       -29.993215851215957
0.2378                    -29.994537863784352
0.23786666666666667       -29.996317202324356
0.23793333333333333       -29.998498216120847
0.238                     -30.000945755905537
0.23806666666666668       -30.00345395138055
0.23813333333333334       -30.00577643558441
0.23820000000000002       -30.00767686678899
0.23826666666666668       -30.0089915620128
0.23833333333333334       -30.00968944886651
0.2384                    -30.009910951055126
0.23846666666666666       -30.009969044408816
0.23853333333333335       -30.010303319868154
0.2386                    -30.011390159349155
0.23866666666666667       -30.013625866810216
0.23873333333333335       -30.017210686370674
0.2388                    -30.02206636653336
0.23886666666666667       -30.027816026629303
0.23893333333333333       -30.033842280475724
0.239                     -30.039419840563685
0.23906666666666668       -30.043896471537735
0.23913333333333334       -30.04687752027369
0.2392                    -30.048361292601015
0.23926666666666668       -30.048780179846947
0.23933333333333334       -30.048925564106433
0.2394                    -30.049766942603856
0.23946666666666666       -30.0522071858107
0.23953333333333335       -30.05683647577498
0.2396                    -30.06375145571655
0.23966666666666667       -30.07249281245494
0.23973333333333335       -30.0821270758798
0.2398                    -30.091462246617994
0.23986666666666667       -30.09934932253501
0.23993333333333333       -30.10499260158746
0.24                      -30.108181474390904
0.24006666666666668       -30.10937246200799
0.24013333333333334       -30.10959072803189
0.2402                    -30.11017277949072
0.24026666666666668       -30.112418434582754
0.24033333333333334       -30.117245338155744
0.2404                    -30.124937682319278
0.24046666666666666       -30.13505586841398
0.24053333333333335       -30.14653371682753
0.2406                    -30.15794316337071
0.24066666666666667       -30.167862010786287
0.24073333333333335       -30.175248695087312
0.24080000000000001       -30.179720459419684
0.24086666666666667       -30.1816547072929
0.24093333333333333       -30.182083648987263
0.241                     -30.18241334819023
0.24106666666666668       -30.1840482035957
0.24113333333333334       -30.18802464635812
0.2412                    -30.194749662643364
0.24126666666666668       -30.20390771795875
0.24133333333333334       -30.21455507991194
0.2414                    -30.225373864612006
0.24146666666666666       -30.23501822957984
0.24153333333333332       -30.242460709332953
0.2416                    -30.247245775052576
0.24166666666666667       -30.249583613485566
0.24173333333333336       -30.250263890183987
0.24180000000000001       -30.25042163487353
0.24186666666666667       -30.251227258676
0.24193333333333333       -30.25358791930706
0.242                     -30.257936525933964
0.24206666666666668       -30.264155003876233
0.24213333333333334       -30.27164077454106
0.2422                    -30.279489463398278
0.24226666666666669       -30.286739970984943
0.24233333333333335       -30.292615538026624
0.2424                    -30.29669927278387
0.24246666666666666       -30.299003839222976
0.24253333333333332       -30.29992655404191
0.2426                    -30.300113034199377
0.24266666666666667       -30.300274747299664
0.24273333333333336       -30.301012495490895
0.24280000000000002       -30.302689241494054
0.24286666666666668       -30.30537683841522
0.24293333333333333       -30.30887911975558
0.243                     -30.312814661385183
0.24306666666666668       -30.31673047919099
0.24313333333333334       -30.32021474415623
0.2432                    -30.322981813570596
0.2432666666666667        -30.32491407703802
0.24333333333333335       -30.32605855190956
0.2434                    -30.326587835896923
0.24346666666666666       -30.32674195246235
0.24353333333333332       -30.326768729306387
0.2436                    -30.32687654201554
0.24366666666666667       -30.327206747573126
0.24373333333333333       -30.32782642094153
0.24380000000000002       -30.328736999748113
0.24386666666666668       -30.329892025504584
0.24393333333333334       -30.33121723600649
0.244                     -30.332628033712993
0.24406666666666668       -30.334041816141394
0.24413333333333334       -30.33538493690555
0.2442                    -30.3365956545159
0.2442666666666667        -30.33762517612162
0.24433333333333335       -30.338438914953127
0.2444                    -30.33901952855956
0.24446666666666667       -30.339372331935856
0.24453333333333332       -30.33953239754993
0.2446                    -30.339571238573264
0.24466666666666667       -30.339599758982292
0.24473333333333333       -30.33976364815844
0.24480000000000002       -30.340228128336587
0.24486666666666668       -30.341151231489086
0.24493333333333334       -30.34264839705481
0.245                     -30.3447553315089
0.24506666666666668       -30.347399424344182
0.24513333333333334       -30.350391064750426
0.2452                    -30.353443767850983
0.2452666666666667        -30.356225779802344
0.24533333333333335       -30.358436740059748
0.2454                    -30.359893352351474
0.24546666666666667       -30.36060110692034
0.24553333333333333       -30.360788081826712
0.2456                    -30.360883473800282
0.24566666666666667       -30.361436999791938
0.24573333333333333       -30.362992266917388
0.24580000000000002       -30.365942654779758
0.24586666666666668       -30.370407360866743
0.24593333333333334       -30.376164830036323
0.246                     -30.3826699536952
0.24606666666666666       -30.389161709929915
0.24613333333333334       -30.39484319485065
0.2462                    -30.399092393943093
0.2462666666666667        -30.40164713340379
0.24633333333333335       -30.40270817140049
0.2464                    -30.402922868602506
0.24646666666666667       -30.40324420244966
0.24653333333333333       -30.404696062606664
0.2466                    -30.408104067992493
0.24666666666666667       -30.413863127722806
0.24673333333333333       -30.421806024290344
0.24680000000000002       -30.431213884770443
0.24686666666666668       -30.44097479271202
0.24693333333333334       -30.449857836512543
0.247                     -30.45683533597701
0.24706666666666666       -30.461366303591934
0.24713333333333334       -30.463558584514885
0.2472                    -30.464158088817772
0.24726666666666666       -30.4643629875299
0.24733333333333335       -30.465511990739977
0.2474                    -30.468731372749875
0.24746666666666667       -30.474635177731844
0.24753333333333333       -30.483157157718964
0.24760000000000001       -30.493558539943287
0.24766666666666667       -30.504611747012966
0.24773333333333333       -30.514915447624848
0.24780000000000002       -30.523260033782865
0.24786666666666668       -30.52894510721819
0.24793333333333334       -30.53196025813369
0.248                     -30.532978098151283
0.24806666666666666       -30.533163477267845
0.24813333333333334       -30.533856040842284
0.2482                    -30.536216566430845
0.24826666666666666       -30.540932111652467
0.24833333333333335       -30.548053599660495
0.2484                    -30.557001718688483
0.24846666666666667       -30.5667336871314
0.24853333333333333       -30.57602368553316
0.24860000000000002       -30.583781530366984
0.24866666666666667       -30.58932466045503
0.24873333333333333       -30.592532111858564
0.24880000000000002       -30.593843726336168
0.24886666666666668       -30.594113045155016
0.24893333333333334       -30.594362989691746
0.249                     -30.59551639686548
0.24906666666666666       -30.59817347186612
0.24913333333333335       -30.60248864686724
0.2492                    -30.6081687586477
0.24926666666666666       -30.61458218446322
0.24933333333333335       -30.620942121223322
0.2494                    -30.626511792075803
0.24946666666666667       -30.630777950760034
0.24953333333333333       -30.633551624529304
0.24960000000000002       -30.63497786105621
0.24966666666666668       -30.63546228778822
0.24973333333333333       -30.6355434946369
0.24980000000000002       -30.63575068922762
0.24986666666666668       -30.636484109716683
0.24993333333333334       -30.637943933652938
0.25                      -30.640116967950416
0.25006666666666666       -30.642814540162384
0.2501333333333333        -30.645743683555157
0.2502                    -30.64858889165397
0.2502666666666667        -30.651083430556078
0.25033333333333335       -30.653055856278545
0.2504                    -30.654446388120256
0.25046666666666667       -30.65529630454695
0.25053333333333333       -30.655719329834202
0.2506                    -30.655866049464237
0.25066666666666665       -30.655891039718192
0.25073333333333336       -30.655928888260714
0.2508                    -30.65608120229763
0.2508666666666667        -30.656413354553788
0.25093333333333334       -30.656957794398153
0.251                     -30.65772030284702
0.25106666666666666       -30.658686214119456
0.2511333333333333        -30.65982483438761
0.2512                    -30.661091613587
0.2512666666666667        -30.662428797191264
0.25133333333333335       -30.66376616553283
0.2514                    -30.665023950935453
0.25146666666666667       -30.6661199494646
0.25153333333333333       -30.66698202629487
0.2516                    -30.667565563540016
0.25166666666666665       -30.667873106467553
0.25173333333333336       -30.667971108140076
0.2518                    -30.667997163626758
0.2518666666666667        -30.668151429318897
0.25193333333333334       -30.668668646012506
0.252                     -30.669772181641065
0.25206666666666666       -30.671617721329717
0.2521333333333333        -30.67423985754093
0.2522                    -30.67751780517609
0.2522666666666667        -30.68117508460396
0.25233333333333335       -30.684821560035566
0.2524                    -30.688035427213116
0.2524666666666667        -30.69047000570616
0.25253333333333333       -30.6919592804215
0.2526                    -30.69259124615646
0.25266666666666665       -30.692722269559365
0.25273333333333337       -30.692919164286568
0.2528                    -30.69383531308961
0.2528666666666667        -30.696047249656004
0.25293333333333334       -30.69989246275288
0.253                     -30.70535331523879
0.25306666666666666       -30.71202418343088
0.2531333333333333        -30.719180306228008
0.2532                    -30.72594087807042
0.2532666666666667        -30.73149135717125
0.25333333333333335       -30.735308447634665
0.2534                    -30.737323762610913
0.2534666666666667        -30.73797389089931
0.25353333333333333       -30.738114181905765
0.2536                    -30.7388124155085
0.25366666666666665       -30.74107389084969
0.25373333333333337       -30.745570161659362
0.2538                    -30.752444367344005
0.2538666666666667        -30.761247950137438
0.25393333333333334       -30.77103159169896
0.254                     -30.780574203415064
0.25406666666666666       -30.788695778474874
0.2541333333333333        -30.794572577539526
0.2542                    -30.797966487792962
0.2542666666666667        -30.799300290061407
0.25433333333333336       -30.79955353518281
0.2544                    -30.800006142085323
0.2544666666666667        -30.80190052299948
0.25453333333333333       -30.806114117918263
0.2546                    -30.812928632039732
0.25466666666666665       -30.821954915781493
0.25473333333333337       -30.832232275501156
0.2548                    -30.842477170908186
0.2548666666666667        -30.85141742026988
0.25493333333333335       -30.858123380406887
0.255                     -30.862245748506282
0.25506666666666666       -30.86409448063201
0.2551333333333333        -30.864539258007756
0.2552                    -30.864763975862566
0.2552666666666667        -30.865947869812167
0.25533333333333336       -30.868961801325852
0.2554                    -30.87415800172294
0.2554666666666667        -30.881302016113263
0.25553333333333333       -30.889656906928376
0.2556                    -30.89819149673682
0.25566666666666665       -30.90585436631602
0.25573333333333337       -30.911840010351824
0.2558                    -30.915777536145296
0.2558666666666667        -30.917795680708373
0.25593333333333335       -30.918454345077695
0.256                     -30.91857059776619
0.25606666666666666       -30.9189938859766
0.2561333333333333        -30.920393563701566
0.2562                    -30.923111721433795
0.25626666666666664       -30.927111484431016
0.25633333333333336       -30.932023532175876
0.2564                    -30.937268950528534
0.2564666666666667        -30.942219969905203
0.25653333333333334       -30.946354665569356
0.2566                    -30.94936780865494
0.25666666666666665       -30.95121547709074
0.25673333333333337       -30.952090913548474
0.25680000000000003       -30.95234736858434
0.2568666666666667        -30.952395118756165
0.25693333333333335       -30.952602088653673
0.257                     -30.953221418353042
0.25706666666666667       -30.95435819409744
0.2571333333333333        -30.95597548198115
0.2572                    -30.957930199399843
0.25726666666666664       -30.960024198732082
0.25733333333333336       -30.962055584549006
0.2574                    -30.963858774193746
0.2574666666666667        -30.965327369933643
0.25753333333333334       -30.96641958335844
0.2576                    -30.967150181561372
0.25766666666666665       -30.96757493067502
0.25773333333333337       -30.96777336291946
0.25780000000000003       -30.967834071533822
0.2578666666666667        -30.967844551913053
0.25793333333333335       -30.9678856267773
0.258                     -30.96802915146112
0.25806666666666667       -30.968337089052103
0.2581333333333333        -30.968860069124275
0.2582                    -30.9696340511452
0.25826666666666664       -30.970674603115008
0.25833333333333336       -30.97196950033514
0.2584                    -30.973471695424614
0.2584666666666667        -30.97509588492695
0.25853333333333334       -30.97672240238122
0.2586                    -30.97821146790072
0.25866666666666666       -30.979428602611687
0.25873333333333337       -30.9802784490767
0.25880000000000003       -30.980740154826393
0.2588666666666667        -30.98089426346549
0.25893333333333335       -30.980930264638022
0.259                     -30.98112667330372
0.25906666666666667       -30.981801788629852
0.2591333333333333        -30.983241859796614
0.2592                    -30.985621916189075
0.25926666666666665       -30.9889402413666
0.25933333333333336       -30.992988032994468
0.2594                    -30.99736997508397
0.2594666666666667        -31.001579658987183
0.25953333333333334       -31.005118302412065
0.2596                    -31.00763007068516
0.25966666666666666       -31.009017546410686
0.2597333333333333        -31.009500974017886
0.25980000000000003       -31.00959662477417
0.2598666666666667        -31.010010705813965
0.25993333333333335       -31.011469648442276
0.26                      -31.01452781235562
0.26006666666666667       -31.01940345375054
0.2601333333333333        -31.025890291503387
0.2602                    -31.033375674655698
0.26026666666666665       -31.04097040390343
0.26033333333333336       -31.04772502938132
0.2604                    -31.052880292772485
0.2604666666666667        -31.056083893713197
0.26053333333333334       -31.057509138517382
0.2606                    -31.057835127593833
0.26066666666666666       -31.058086857034194
0.2607333333333333        -31.059374418219292
0.26080000000000003       -31.062599917964025
0.2608666666666667        -31.06821031453193
0.26093333333333335       -31.07606291929929
0.261                     -31.08544228225275
0.26106666666666667       -31.095229422923772
0.26113333333333333       -31.104184597966412
0.2612                    -31.111271883823036
0.26126666666666665       -31.11593766524102
0.26133333333333336       -31.118263527574914
0.2614                    -31.11894780610718
0.2614666666666667        -31.11911966797561
0.26153333333333334       -31.120038187809836
0.2616                    -31.1227600491619
0.26166666666666666       -31.127864916596927
0.2617333333333333        -31.1353087914634
0.26180000000000003       -31.144440738340812
0.2618666666666667        -31.154176701672363
0.26193333333333335       -31.163284442447747
0.262                     -31.170704286857145
0.26206666666666667       -31.175819535197814
0.26213333333333333       -31.178603405613714
0.2622                    -31.17960468682776
0.26226666666666665       -31.17978134424537
0.26233333333333336       -31.18023419856693
0.2624                    -31.181917448120835
0.2624666666666667        -31.18540335004681
0.26253333333333334       -31.190758020173902
0.2626                    -31.197552661396294
0.26266666666666666       -31.20499906157111
0.2627333333333334        -31.21216789912243
0.26280000000000003       -31.218229496055866
0.2628666666666667        -31.222653546991154
0.26293333333333335       -31.225318272008412
0.263                     -31.226506811499206
0.26306666666666667       -31.22680110571884
0.26313333333333333       -31.22691058800489
0.2632                    -31.227486733080667
0.26326666666666665       -31.228972284660404
0.2633333333333333        -31.231518878371244
0.2634                    -31.23498506878454
0.2634666666666667        -31.239005163114193
0.26353333333333334       -31.24310301258066
0.2636                    -31.246817136982166
0.26366666666666666       -31.24980512694148
0.2637333333333333        -31.251904812252768
0.26380000000000003       -31.25314387636324
0.2638666666666667        -31.253704017363436
0.26393333333333335       -31.253856297876908
0.264                     -31.25388856375549
0.26406666666666667       -31.25404364717168
0.26413333333333333       -31.254480393259403
0.2642                    -31.255261210115
0.26426666666666665       -31.256362518243023
0.2643333333333333        -31.257699902130422
0.2644                    -31.25915847227406
0.2644666666666667        -31.26062041669786
0.26453333333333334       -31.261984812534337
0.2646                    -31.26317819221014
0.26466666666666666       -31.264157094554037
0.2647333333333333        -31.264905356942613
0.26480000000000004       -31.2654292076567
0.2648666666666667        -31.265752627446048
0.26493333333333335       -31.265914401918028
0.265                     -31.265967138066753
0.2650666666666667        -31.265977480282153
0.26513333333333333       -31.266025950762725
0.2652                    -31.26620437854917
0.26526666666666665       -31.26660895495409
0.2653333333333333        -31.267327764950082
0.2654                    -31.268423278955943
0.2654666666666667        -31.26991254873198
0.26553333333333334       -31.271750162941633
0.2656                    -31.27382050480053
0.26566666666666666       -31.27594557927533
0.2657333333333333        -31.277912017719203
0.26580000000000004       -31.279515898930605
0.2658666666666667        -31.280617758379634
0.26593333333333335       -31.2811944676284
0.266                     -31.28137181652758
0.2660666666666667        -31.281423449790807
0.26613333333333333       -31.281728815131697
0.2662                    -31.28269368345255
0.26626666666666665       -31.284648714087236
0.2663333333333333        -31.287750847198623
0.2664                    -31.29191581315081
0.2664666666666667        -31.296805897104285
0.26653333333333334       -31.30188527463238
0.2666                    -31.306537767221833
0.26666666666666666       -31.310222793418912
0.2667333333333333        -31.312630185106993
0.26680000000000004       -31.31378913910309
0.2668666666666667        -31.314094518164175
0.26693333333333336       -31.314234319188028
0.267                     -31.315029796307535
0.2670666666666667        -31.31722585769092
0.26713333333333333       -31.321285817630887
0.2672                    -31.32724666709826
0.26726666666666665       -31.334678283735386
0.2673333333333333        -31.34276533771761
0.2674                    -31.350499153336916
0.2674666666666667        -31.356935374571314
0.26753333333333335       -31.361450499523684
0.2676                    -31.363924704596524
0.26766666666666666       -31.36479464716793
0.2677333333333333        -31.364955324288005
0.26780000000000004       -31.36553368536711
0.2678666666666667        -31.36759389616482
0.26793333333333336       -31.371853245701338
0.268                     -31.3784844450679
0.2680666666666667        -31.387057442213
0.26813333333333333       -31.39663866654509
0.2682                    -31.40602562500179
0.26826666666666665       -31.41405829287002
0.2683333333333333        -31.419924986165153
0.2684                    -31.4233780537911
0.2684666666666667        -31.424797737387152
0.26853333333333335       -31.4250858517762
0.2686                    -31.42542052352479
0.26866666666666666       -31.426942053725547
0.2687333333333333        -31.43045609995143
0.26880000000000004       -31.43623146208832
0.2688666666666667        -31.44394161395124
0.26893333333333336       -31.452760985457697
0.269                     -31.461587909903272
0.2690666666666667        -31.46933417087643
0.26913333333333334       -31.475203693913848
0.2692                    -31.47888594578196
0.26926666666666665       -31.48061406387263
0.2693333333333333        -31.481077217649116
0.2694                    -31.48121839045426
0.2694666666666667        -31.481978804991343
0.26953333333333335       -31.484059985314698
0.2696                    -31.487763545417693
0.26966666666666667       -31.492943352827396
0.2697333333333333        -31.499073418111468
0.26980000000000004       -31.50540575885898
0.2698666666666667        -31.511171813227875
0.26993333333333336       -31.515772985275806
0.27                      -31.51891233276777
0.2700666666666667        -31.52063844892301
0.27013333333333334       -31.521298527759953
0.2702                    -31.52142231656716
0.27026666666666666       -31.521574697109948
0.2703333333333333        -31.522218141194585
0.2704                    -31.5236180352686
0.2704666666666667        -31.525808138550072
0.27053333333333335       -31.528615779131798
0.2706                    -31.531731678439833
0.27066666666666667       -31.534800685539285
0.2707333333333333        -31.53750835505109
0.27080000000000004       -31.539643475691648
0.2708666666666667        -31.541126074568304
0.27093333333333336       -31.542000943859524
0.271                     -31.542405301804056
0.2710666666666667        -31.54252376909977
0.27113333333333334       -31.542543925551353
0.2712                    -31.542622276617838
0.27126666666666666       -31.542865318737178
0.2713333333333333        -31.54332542415389
0.2714                    -31.54400780083744
0.2714666666666667        -31.54488333857679
0.27153333333333335       -31.545902508226007
0.2716                    -31.547006969586885
0.27166666666666667       -31.548137396779637
0.2717333333333333        -31.54923765134495
0.27180000000000004       -31.55025651592061
0.2718666666666667        -31.55114869348371
0.27193333333333336       -31.551876755908303
0.272                     -31.552415271707233
0.2720666666666667        -31.552757493876953
0.27213333333333334       -31.552923792569636
0.2722                    -31.55296964229864
0.27226666666666666       -31.55298978926155
0.2723333333333333        -31.553114770048552
0.2724                    -31.55349676144769
0.2724666666666667        -31.55428407142552
0.27253333333333335       -31.555587175908386
0.2726                    -31.5574432023153
0.27266666666666667       -31.559788836871768
0.2727333333333333        -31.562452370860427
0.2728                    -31.565172977421767
0.2728666666666667        -31.567649178270223
0.27293333333333336       -31.569609875908874
0.273                     -31.57089256010389
0.2730666666666667        -31.571507359861744
0.27313333333333334       -31.5716652927324
0.2732                    -31.571755721201058
0.27326666666666666       -31.572270704738017
0.2733333333333333        -31.57368936481141
0.2734                    -31.57634899534704
0.2734666666666667        -31.580337150435366
0.27353333333333335       -31.58543759613549
0.2736                    -31.59115228663998
0.27366666666666667       -31.59680313047491
0.27373333333333333       -31.601695102810723
0.2738                    -31.605301963783994
0.2738666666666667        -31.60742411241157
0.27393333333333336       -31.60827039362095
0.274                     -31.608433452726608
0.2740666666666667        -31.608757259033688
0.27413333333333334       -31.610126758996664
0.2742                    -31.613233268324205
0.27426666666666666       -31.618378172453827
0.2743333333333333        -31.6253697825626
0.2744                    -31.633546158049903
0.2744666666666667        -31.641925339313126
0.27453333333333335       -31.649450324659494
0.2746                    -31.655267400645254
0.27466666666666667       -31.658962074265045
0.27473333333333333       -31.660683840224586
0.2748                    -31.661120062893822
0.2748666666666667        -31.661322361794163
0.27493333333333336       -31.66243171831645
0.275                     -31.66537688953275
0.2750666666666667        -31.67062684856972
0.27513333333333334       -31.678062360441164
0.2752                    -31.68700057566238
0.27526666666666666       -31.696367706492875
0.2753333333333333        -31.704976595339218
0.2754                    -31.71183680048653
0.2754666666666667        -31.716413313003585
0.27553333333333335       -31.71876206864898
0.2756                    -31.719504882244536
0.27566666666666667       -31.719653130167934
0.27573333333333333       -31.720332599502168
0.2758                    -31.722487259121092
0.2758666666666667        -31.726641047680392
0.27593333333333336       -31.73277682980679
0.276                     -31.74035855800351
0.2760666666666667        -31.748485582704813
0.27613333333333334       -31.756135127920516
0.2762                    -31.762427234027495
0.27626666666666666       -31.766841648537586
0.2763333333333333        -31.769330680299145
0.2764                    -31.770302671978964
0.2764666666666667        -31.770488115245733
0.27653333333333335       -31.770732269594003
0.2766                    -31.771774654388434
0.27666666666666667       -31.774073592011547
0.27673333333333333       -31.777716361728096
0.2768                    -31.78242960265031
0.2768666666666667        -31.787678057660038
0.27693333333333336       -31.792818849690544
0.277                     -31.797267482348488
0.2770666666666667        -31.800632643279272
0.27713333333333334       -31.802788900134956
0.2772                    -31.803875743917615
0.27726666666666666       -31.80423215161764
0.2773333333333333        -31.80429167951037
0.2774                    -31.80446992220874
0.2774666666666667        -31.805073275602652
0.27753333333333335       -31.80624777730566
0.2776                    -31.807973512373337
0.2776666666666667        -31.810097816413936
0.27773333333333333       -31.81239226499551
0.2778                    -31.814615540030466
0.2778666666666667        -31.81656643508271
0.27793333333333337       -31.818116980549014
0.278                     -31.819222741937967
0.2780666666666667        -31.81991359163435
0.27813333333333334       -31.82027214506565
0.2782                    -31.820408062119153
0.27826666666666666       -31.820434997274614
0.2783333333333333        -31.820454202980848
0.2784                    -31.82054582862095
0.27846666666666664       -31.82076669004923
0.27853333333333335       -31.821152100187785
0.2786                    -31.821719191137632
0.2786666666666667        -31.82246970843643
0.27873333333333333       -31.823391163140062
0.2788                    -31.824456228502097
0.2788666666666667        -31.825621221240496
0.27893333333333337       -31.826825308723432
0.279                     -31.827992574522828
0.2790666666666667        -31.82903901104218
0.27913333333333334       -31.829885635118526
0.2792                    -31.830477145403314
0.27926666666666666       -31.83080310357348
0.2793333333333333        -31.830916190673108
0.2794                    -31.830940641067492
0.27946666666666664       -31.831064457472692
0.27953333333333336       -31.83151198934847
0.2796                    -31.832498639297462
0.2796666666666667        -31.83417566546882
0.27973333333333333       -31.836578419390587
0.2798                    -31.839593891640945
0.2798666666666667        -31.84296159954811
0.27993333333333337       -31.846315150839924
0.28                      -31.849261197301573
0.2800666666666667        -31.85148042993418
0.28013333333333335       -31.85282541121273
0.2802                    -31.85338623374646
0.28026666666666666       -31.853499796632754
0.2803333333333333        -31.85369178342473
0.2804                    -31.854558954323124
0.28046666666666664       -31.856617692466077
0.28053333333333336       -31.860157221708345
0.2806                    -31.865138597236637
0.2806666666666667        -31.8711721809942
0.28073333333333333       -31.877588204425656
0.2808                    -31.883590800819665
0.2808666666666667        -31.888461159126365
0.28093333333333337       -31.891757280022098
0.281                     -31.893453104695585
0.2810666666666667        -31.893972360154784
0.28113333333333335       -31.894100297558495
0.2812                    -31.894791376150376
0.28126666666666666       -31.896921556022868
0.2813333333333333        -31.901050684915138
0.2814                    -31.907259251193768
0.28146666666666664       -31.915105823666114
0.28153333333333336       -31.92372164462479
0.2816                    -31.93202357899842
0.2816666666666667        -31.938993625059055
0.28173333333333334       -31.943951257872953
0.2818                    -31.946742238778164
0.28186666666666665       -31.94778796928956
0.28193333333333337       -31.947978604525456
0.28200000000000003       -31.948438500407317
0.2820666666666667        -31.950228788389786
0.28213333333333335       -31.954067817915075
0.2822                    -31.960143086973154
0.28226666666666667       -31.968062626216312
0.2823333333333333        -31.97695756858642
0.2824                    -31.98570916788735
0.28246666666666664       -31.993240929295503
0.28253333333333336       -31.99879787901169
0.2826                    -32.00213701476952
0.2826666666666667        -32.003577395114405
0.28273333333333334       -32.00389892776934
0.2828                    -32.00412248735554
0.28286666666666666       -32.00523590437444
0.28293333333333337       -32.007941292843675
0.28300000000000003       -32.012488315130156
0.2830666666666667        -32.01863134171754
0.28313333333333335       -32.02571479611687
0.2832                    -32.03285860554629
0.28326666666666667       -32.039191527942194
0.2833333333333333        -32.04406962837146
0.2834                    -32.04722338838934
0.28346666666666664       -32.04879872792518
0.28353333333333336       -32.04928829863444
0.2836                    -32.04937986268912
0.2836666666666667        -32.04976883809871
0.28373333333333334       -32.05098692540269
0.2838                    -32.05328873606331
0.28386666666666666       -32.05661858120767
0.28393333333333337       -32.06065678163315
0.28400000000000003       -32.06492510679199
0.2840666666666667        -32.068918542322386
0.28413333333333335       -32.072227694403736
0.2842                    -32.07462264124074
0.28426666666666667       -32.076082481508365
0.2843333333333333        -32.076770920201696
0.2844                    -32.0769721329999
0.28446666666666665       -32.07700912421037
0.28453333333333336       -32.077167431190084
0.2846                    -32.07764142723576
0.2846666666666667        -32.07851141758229
0.28473333333333334       -32.07975041838075
0.2848                    -32.08125251563483
0.28486666666666666       -32.08287135615177
0.28493333333333337       -32.08445767036482
0.28500000000000003       -32.08588780832651
0.2850666666666667        -32.08707960160425
0.28513333333333335       -32.087995961720466
0.2852                    -32.08863943644053
0.28526666666666667       -32.089042062505634
0.2853333333333333        -32.08925448071006
0.2854                    -32.08933699258989
0.28546666666666665       -32.089353682146
0.28553333333333336       -32.089369380387474
0.2856                    -32.08944834328208
0.2856666666666667        -32.089653077147695
0.28573333333333334       -32.09004173887902
0.2858                    -32.09066294633067
0.28586666666666666       -32.09154767710109
0.2859333333333334        -32.09269918687283
0.28600000000000003       -32.09408335353243
0.2860666666666667        -32.09562313172688
0.28613333333333335       -32.097201287341626
0.2862                    -32.09867469114209
0.28626666666666667       -32.09990090542983
0.28633333333333333       -32.10077388747444
0.2864                    -32.10126133349739
0.28646666666666665       -32.101432997765514
0.2865333333333333        -32.10146881051714
0.2866                    -32.101638780319206
0.2866666666666667        -32.10225336104618
0.28673333333333334       -32.10359172556118
0.2868                    -32.10582374962009
0.28686666666666666       -32.10894672674116
0.2869333333333334        -32.11275772320324
0.28700000000000003       -32.11687608987069
0.2870666666666667        -32.12081866411963
0.28713333333333335       -32.12411509817663
0.2872                    -32.12643658797787
0.28726666666666667       -32.12770283821475
0.28733333333333333       -32.12813334524518
0.2874                    -32.128221263438235
0.28746666666666665       -32.12862863054263
0.2875333333333333        -32.130024619044896
0.2876                    -32.13290667562969
0.2876666666666667        -32.137452352990444
0.28773333333333334       -32.14344492423842
0.2878                    -32.15029935172327
0.28786666666666666       -32.15719024637297
0.2879333333333334        -32.16325546718386
0.28800000000000003       -32.16782502488136
0.2880666666666667        -32.17061272355506
0.28813333333333335       -32.1718134240608
0.2882                    -32.17207265254435
0.28826666666666667       -32.1723311554956
0.28833333333333333       -32.17358334611752
0.2884                    -32.1766136058976
0.28846666666666665       -32.1817810416966
0.2885333333333333        -32.18891100278046
0.2886                    -32.19732476117493
0.2886666666666667        -32.20600380773598
0.28873333333333334       -32.213849655284605
0.2888                    -32.21997219389059
0.28886666666666666       -32.22392809570572
0.2889333333333334        -32.22584148173951
0.28900000000000003       -32.22637126777183
0.2890666666666667        -32.226533910839976
0.28913333333333335       -32.22743177761091
0.2892                    -32.22996246492576
0.28926666666666667       -32.23458673024584
0.28933333333333333       -32.241214192741616
0.2894                    -32.24923382919065
0.28946666666666665       -32.2576790570622
0.2895333333333333        -32.26548294716966
0.2896                    -32.27175544788304
0.2896666666666667        -32.27600815257204
0.28973333333333334       -32.278266597600506
0.2898                    -32.27904252407656
0.28986666666666666       -32.27917908372304
0.2899333333333333        -32.279617123866494
0.29000000000000004       -32.28114939093209
0.2900666666666667        -32.28422767879656
0.29013333333333335       -32.28886887345033
0.2902                    -32.29467701039768
0.2902666666666667        -32.30096807240421
0.29033333333333333       -32.30695929918887
0.2904                    -32.31197056038182
0.29046666666666665       -32.31558509579717
0.2905333333333333        -32.31773078110984
0.2906                    -32.31866709615639
0.2906666666666667        -32.31888972155062
0.29073333333333334       -32.31898580650862
0.2908                    -32.319482499842
0.29086666666666666       -32.32072791279827
0.2909333333333333        -32.32283020974373
0.29100000000000004       -32.32566232019198
0.2910666666666667        -32.32892233621599
0.29113333333333336       -32.33222721946295
0.2912                    -32.33521231503788
0.2912666666666667        -32.33761166831997
0.29133333333333333       -32.339302695527046
0.2914                    -32.340310358924725
0.29146666666666665       -32.34077706180404
0.2915333333333333        -32.340911986149
0.2916                    -32.34093602318323
0.2916666666666667        -32.341036076028246
0.29173333333333334       -32.3413370275912
0.2918                    -32.34189331223706
0.29186666666666666       -32.34269677550322
0.2919333333333333        -32.3436945081782
0.29200000000000004       -32.34480980866763
0.2920666666666667        -32.345960813323195
0.29213333333333336       -32.34707370052516
0.2922                    -32.348089780364816
0.2922666666666667        -32.34896756991483
0.29233333333333333       -32.34968186168065
0.2924                    -32.350221893799834
0.29246666666666665       -32.350590272405036
0.2925333333333333        -32.3508035328453
0.2926                    -32.35089432747301
0.2926666666666667        -32.35091429698681
0.29273333333333335       -32.350935842002656
0.2928                    -32.35105047921894
0.29286666666666666       -32.351361549964935
0.2929333333333333        -32.35197003078454
0.29300000000000004       -32.35295414779445
0.2930666666666667        -32.35434611438804
0.29313333333333336       -32.3561118706316
0.2932                    -32.35814119483034
0.2932666666666667        -32.36025500189615
0.29333333333333333       -32.362233485783534
0.2934                    -32.363863245859534
0.29346666666666665       -32.36499487786206
0.2935333333333333        -32.365596755093954
0.2936                    -32.365788194566136
0.2936666666666667        -32.36583762551407
0.29373333333333335       -32.36611903729168
0.2938                    -32.36703130788019
0.29386666666666666       -32.36889690523754
0.2939333333333333        -32.371865259615
0.29400000000000004       -32.37584878127936
0.2940666666666667        -32.38051448103305
0.29413333333333336       -32.38534177240127
0.2942                    -32.38973961248841
0.2942666666666667        -32.393197844708354
0.29433333333333334       -32.395433884141966
0.2944                    -32.396492039467454
0.29446666666666665       -32.39676179568291
0.2945333333333333        -32.396902048924126
0.29460000000000003       -32.39768482483102
0.2946666666666667        -32.39979615367568
0.29473333333333335       -32.40364605129861
0.2948                    -32.409239919142465
0.29486666666666667       -32.41615014261662
0.2949333333333333        -32.42360237738826
0.29500000000000004       -32.43066115615229
0.2950666666666667        -32.43647082839058
0.29513333333333336       -32.440488456557304
0.2952                    -32.442642543015396
0.2952666666666667        -32.44336879871121
0.29533333333333334       -32.44350799794942
0.2954                    -32.444090774006106
0.29546666666666666       -32.44606678736853
0.2955333333333333        -32.450051039068136
0.2956                    -32.456155014685216
0.2956666666666667        -32.463947952382846
0.29573333333333335       -32.47256032863562
0.2958                    -32.48090513198058
0.29586666666666667       -32.48796056913092
0.2959333333333333        -32.493038860668506
0.29600000000000004       -32.49596684338489
0.2960666666666667        -32.49712742765678
0.29613333333333336       -32.49735079112666
0.2962                    -32.497687608810516
0.2962666666666667        -32.49912903539235
0.29633333333333334       -32.5023499731226
0.2964                    -32.50754208716283
0.29646666666666666       -32.51437655552125
0.2965333333333333        -32.522102004842985
0.2966                    -32.529748744963754
0.2966666666666667        -32.53638365712059
0.29673333333333335       -32.541347357845304
0.2968                    -32.54441083398865
0.29686666666666667       -32.54581227055002
0.2969333333333333        -32.54616968108135
0.29700000000000004       -32.54629994009635
0.2970666666666667        -32.54699862306547
0.29713333333333336       -32.54884123432392
0.2972                    -32.552055294922134
0.2972666666666667        -32.55648991988301
0.29733333333333334       -32.56168246351118
0.2974                    -32.56699751217975
0.29746666666666666       -32.571797266191396
0.2975333333333333        -32.57559748594058
0.2976                    -32.57817048974081
0.2976666666666667        -32.579573870657974
0.29773333333333335       -32.58010536020457
0.2978                    -32.580203886112685
0.29786666666666667       -32.5803286783282
0.29793333333333333       -32.58084972846066
0.29800000000000004       -32.581975123005556
0.2980666666666667        -32.58372747529484
0.29813333333333336       -32.585967434273314
0.2982                    -32.58845092402966
0.2982666666666667        -32.590900727827155
0.29833333333333334       -32.593072902325375
0.2984                    -32.5948033480692
0.29846666666666666       -32.59602758541171
0.2985333333333333        -32.59677482721064
0.2986                    -32.597143541070686
0.2986666666666667        -32.59726854877108
0.29873333333333335       -32.597289233156474
0.2988                    -32.597325547751645
0.29886666666666667       -32.59746468268605
0.29893333333333333       -32.59775777765124
0.299                     -32.59822384174316
0.2990666666666667        -32.59885727382736
0.29913333333333336       -32.599635806558254
0.2992                    -32.60052680470649
0.2992666666666667        -32.601491123572885
0.29933333333333334       -32.602484833223194
0.2994                    -32.60345989138952
0.29946666666666666       -32.60436527255088
0.2995333333333333        -32.605150113648584
0.2996                    -32.6057700504842
0.2996666666666667        -32.60619701247478
0.29973333333333335       -32.606431338604764
0.2998                    -32.60651342316939
0.29986666666666667       -32.60653071622254
0.29993333333333333       -32.60661547573538
0.3                       -32.6069297942887
0.3000666666666667        -32.60763730070984
0.30013333333333336       -32.60886513327314
0.3002                    -32.61066421038281
0.3002666666666667        -32.61297898613404
0.30033333333333334       -32.61563829490866
0.3004                    -32.618375625763306
0.30046666666666666       -32.62088028632607
0.3005333333333333        -32.622871738842626
0.3006                    -32.62418041850997
0.3006666666666667        -32.62481269952828
0.30073333333333335       -32.624978072166805
0.3008                    -32.62506413390243
0.30086666666666667       -32.62555836361975
0.30093333333333333       -32.62693126157376
0.301                     -32.62950862004955
0.3010666666666667        -32.63336726480956
0.30113333333333336       -32.63828616105386
0.3012                    -32.64377316280759
0.3012666666666667        -32.649168974057595
0.30133333333333334       -32.65380816883437
0.3014                    -32.657198114303156
0.30146666666666666       -32.65916668136616
0.3015333333333333        -32.65993352616276
0.3016                    -32.66007822913261
0.3016666666666667        -32.66040700733121
0.30173333333333335       -32.66174925037094
0.3018                    -32.66473639738959
0.30186666666666667       -32.66962246657989
0.30193333333333333       -32.67619648723773
0.302                     -32.683814853947865
0.3020666666666667        -32.69155133046942
0.30213333333333336       -32.698430647542445
0.3022                    -32.70368617386204
0.3022666666666667        -32.70697112169782
0.30233333333333334       -32.70846185541565
0.3024                    -32.70882065397646
0.30246666666666666       -32.70902551354257
0.3025333333333333        -32.71011294382218
0.3026                    -32.71290375173902
0.3026666666666667        -32.71778517618987
0.30273333333333335       -32.72460647536487
0.3028                    -32.732715121576426
0.3028666666666667        -32.741124764858
0.30293333333333333       -32.74877187962765
0.303                     -32.7547934198348
0.3030666666666667        -32.75875027426511
0.30313333333333337       -32.76073507853881
0.3032                    -32.761335671066185
0.3032666666666667        -32.76146727163079
0.30333333333333334       -32.76212332999587
0.3034                    -32.76411519795297
0.30346666666666666       -32.76786969521539
0.3035333333333333        -32.773334219310065
0.3036                    -32.78000870374618
0.3036666666666667        -32.78709076805892
0.30373333333333336       -32.79369224378171
0.3038                    -32.79906810784942
0.3038666666666667        -32.80279719069888
0.30393333333333333       -32.804869000854865
0.304                     -32.80565876604187
0.3040666666666667        -32.8058047422736
0.30413333333333337       -32.80602771974585
0.3042                    -32.806944834635395
0.3042666666666667        -32.808926156533715
0.30433333333333334       -32.812026303499884
0.3044                    -32.816000780322995
0.30446666666666666       -32.82039442711374
0.3045333333333333        -32.82467260804655
0.3046                    -32.82835795817881
0.30466666666666664       -32.831137838510855
0.30473333333333336       -32.8329188613806
0.3048                    -32.83382130031844
0.3048666666666667        -32.834122803943224
0.30493333333333333       -32.83417275767026
0.305                     -32.834303002482876
0.3050666666666667        -32.83475732301828
0.30513333333333337       -32.83565342581702
0.3052                    -32.83698046561987
0.3052666666666667        -32.83862580588258
0.30533333333333335       -32.840418827284104
0.3054                    -32.84217803617881
0.30546666666666666       -32.843749986633114
0.3055333333333333        -32.84503321207303
0.3056                    -32.84598568618932
0.30566666666666664       -32.8466187061039
0.30573333333333336       -32.84698254433746
0.3058                    -32.84714957320359
0.3058666666666667        -32.847199317352185
0.30593333333333333       -32.84720786837896
0.306                     -32.84724210399082
0.3060666666666667        -32.84735771722442
0.30613333333333337       -32.847599352086704
0.3062                    -32.84800107172462
0.3062666666666667        -32.84858576200014
0.30633333333333335       -32.849362734806334
0.3064                    -32.85032365018678
0.30646666666666667       -32.8514378504513
0.3065333333333333        -32.85264914054715
0.3066                    -32.853876665557856
0.30666666666666664       -32.85502243763337
0.30673333333333336       -32.85598691478
0.3068                    -32.85669177003567
0.3068666666666667        -32.85710600500952
0.30693333333333334       -32.85726873700057
0.307                     -32.85730049397483
0.3070666666666667        -32.85739573704753
0.30713333333333337       -32.85779304058074
0.30720000000000003       -32.85872538643809
0.3072666666666667        -32.86035988792272
0.30733333333333335       -32.86274185129949
0.3074                    -32.865760309106264
0.30746666666666667       -32.869149580669024
0.3075333333333333        -32.872533784727686
0.3076                    -32.87550980455884
0.30766666666666664       -32.877751756147106
0.30773333333333336       -32.879110357237565
0.3078                    -32.87967755553569
0.3078666666666667        -32.87979265016382
0.30793333333333334       -32.879980396434604
0.308                     -32.88083055450364
0.30806666666666666       -32.882846375230756
0.30813333333333337       -32.886301042257955
0.30820000000000003       -32.89114249003675
0.3082666666666667        -32.89697744898513
0.30833333333333335       -32.90314679741867
0.3084                    -32.90888023764712
0.30846666666666667       -32.91349467060867
0.3085333333333333        -32.91658429402787
0.3086                    -32.918147729991226
0.30866666666666664       -32.91861141424911
0.30873333333333336       -32.91873634220398
0.3088                    -32.91942869371507
0.3088666666666667        -32.9215030407192
0.30893333333333334       -32.925461127283214
0.309                     -32.93134614638721
0.30906666666666666       -32.9387137659412
0.30913333333333337       -32.94673186666404
0.30920000000000003       -32.954387545362756
0.3092666666666667        -32.96074990717928
0.30933333333333335       -32.96521871882596
0.3094                    -32.96768921362517
0.30946666666666667       -32.96858468771327
0.3095333333333333        -32.968745887382255
0.3096                    -32.96920758480982
0.30966666666666665       -32.97092435361668
0.30973333333333336       -32.97451994523363
0.3098                    -32.98012600894396
0.3098666666666667        -32.987350792584216
0.30993333333333334       -32.9953844671238
0.31                      -33.00321275303011
0.31006666666666666       -33.009882208957904
0.31013333333333337       -33.01474607743616
0.31020000000000003       -33.01762424194082
0.3102666666666667        -33.01883501514472
0.31033333333333335       -33.019093570708556
0.3104                    -33.01930980450684
0.31046666666666667       -33.020344819408386
0.31053333333333333       -33.022792695805904
0.3106                    -33.02684272829095
0.31066666666666665       -33.03225255039305
0.31073333333333336       -33.038432424594994
0.3108                    -33.04461293784698
0.3108666666666667        -33.05004855341226
0.31093333333333334       -33.05420239273904
0.311                     -33.05686518280356
0.31106666666666666       -33.05818160946242
0.3111333333333334        -33.058584299401026
0.31120000000000003       -33.05866080117525
0.3112666666666667        -33.058994619213955
0.31133333333333335       -33.06002382109763
0.3114                    -33.06195103760457
0.31146666666666667       -33.06472135202767
0.31153333333333333       -33.068065389966016
0.3116                    -33.071588964755804
0.31166666666666665       -33.07488135582099
0.31173333333333336       -33.077613166544026
0.3118                    -33.07960114062891
0.3118666666666667        -33.080828847681985
0.31193333333333334       -33.08142507772197
0.312                     -33.0816123086073
0.31206666666666666       -33.08164307884388
0.3121333333333334        -33.081741789695016
0.31220000000000003       -33.082064544358644
0.3122666666666667        -33.08268243214925
0.31233333333333335       -33.08358667224157
0.3124                    -33.084709101185894
0.31246666666666667       -33.08594945396089
0.31253333333333333       -33.08720157367152
0.3126                    -33.08837320126965
0.31266666666666665       -33.08939716840501
0.31273333333333336       -33.090234594533186
0.3128                    -33.09087243279206
0.3128666666666667        -33.09131826967045
0.31293333333333334       -33.09159490165291
0.313                     -33.09173630552049
0.31306666666666666       -33.09178557556643
0.3131333333333334        -33.09179446450505
0.31320000000000003       -33.09182344098466
0.3132666666666667        -33.09194071845902
0.31333333333333335       -33.09221860619857
0.3134                    -33.09272592652726
0.31346666666666667       -33.09351625512361
0.31353333333333333       -33.09461333824336
0.3136                    -33.09599691062475
0.31366666666666665       -33.09759367647673
0.3137333333333333        -33.099278660585234
0.3138                    -33.10089083655193
0.3138666666666667        -33.10226368449055
0.31393333333333334       -33.10326661348353
0.314                     -33.10384825542714
0.31406666666666666       -33.10406925175819
0.3141333333333334        -33.10411200805134
0.31420000000000003       -33.10425890434105
0.3142666666666667        -33.10483820852493
0.31433333333333335       -33.106146603627536
0.3144                    -33.10836600936953
0.31446666666666667       -33.111497361982664
0.31453333333333333       -33.11533311186261
0.3146                    -33.11948272473414
0.31466666666666665       -33.12345247871218
0.3147333333333333        -33.12676515999704
0.3148                    -33.12909115708791
0.3148666666666667        -33.130354761003986
0.31493333333333334       -33.13078193416326
0.315                     -33.130869219110835
0.31506666666666666       -33.13127470106626
0.3151333333333334        -33.13265473751289
0.31520000000000004       -33.13548744936493
0.3152666666666667        -33.13993049790062
0.31533333333333335       -33.145754528524776
0.3154                    -33.152376165063046
0.3154666666666667        -33.15898932753413
0.31553333333333333       -33.164766475265935
0.3156                    -33.169079125841364
0.31566666666666665       -33.171676978946294
0.3157333333333333        -33.17277230731046
0.3158                    -33.173000810474925
0.3158666666666667        -33.17326506000386
0.31593333333333334       -33.17450070096205
0.316                     -33.17742779057781
0.31606666666666666       -33.18235395726232
0.3161333333333334        -33.18908253377883
0.31620000000000004       -33.19695200833473
0.3162666666666667        -33.20499959984242
0.31633333333333336       -33.21220881444122
0.3164                    -33.2177764000035
0.3164666666666667        -33.22132585328638
0.31653333333333333       -33.22300720370295
0.3166                    -33.223454356856735
0.31666666666666665       -33.223612391890015
0.3167333333333333        -33.22448414896646
0.3168                    -33.22686639584634
0.3168666666666667        -33.23114579040296
0.31693333333333334       -33.237206137718495
0.317                     -33.244467965234456
0.31706666666666666       -33.252047251054066
0.3171333333333333        -33.258989825946244
0.31720000000000004       -33.26451844198277
0.3172666666666667        -33.2682263394631
0.31733333333333336       -33.27016650184999
0.3174                    -33.27081608500224
0.3174666666666667        -33.27093138288498
0.31753333333333333       -33.271338403168755
0.3176                    -33.272718647821826
0.31766666666666665       -33.27544621372006
0.3177333333333333        -33.27951419430927
0.3178                    -33.2845623884795
0.3178666666666667        -33.28999183090944
0.31793333333333335       -33.295130818511616
0.318                     -33.29940637642972
0.31806666666666666       -33.302476774443775
0.3181333333333333        -33.30429412240304
0.31820000000000004       -33.30508721103487
0.3182666666666667        -33.30527706853922
0.31833333333333336       -33.305354381647085
0.3184                    -33.30575455424575
0.3184666666666667        -33.30676211738269
0.31853333333333333       -33.30846424749986
0.3186                    -33.31075786312179
0.31866666666666665       -33.313400716494016
0.3187333333333333        -33.31608743636495
0.31880000000000003       -33.318528261992284
0.3188666666666667        -33.32051112502309
0.31893333333333335       -33.32193514961166
0.319                     -33.322812921065506
0.31906666666666667       -33.32324719437231
0.3191333333333333        -33.32339292687699
0.31920000000000004       -33.3234167522623
0.3192666666666667        -33.32346375708959
0.31933333333333336       -33.323637114519315
0.3194                    -33.32399148797792
0.3194666666666667        -33.32453752244049
0.31953333333333334       -33.32525289639954
0.3196                    -33.32609530781855
0.31966666666666665       -33.327013902687675
0.3197333333333333        -33.32795732061135
0.31980000000000003       -33.32887811065693
0.3198666666666667        -33.32973439556437
0.31993333333333335       -33.330490232947916
0.32                      -33.33111620807408
0.32006666666666667       -33.33159150355675
0.3201333333333333        -33.33190809210435
0.32020000000000004       -33.33207681734331
0.3202666666666667        -33.33213403919429
0.32033333333333336       -33.33214644125909
0.3204                    -33.332210916003234
0.3204666666666667        -33.33244662651027
0.32053333333333334       -33.33297773765415
0.3206                    -33.33390790880497
0.32066666666666666       -33.33529093817033
0.3207333333333333        -33.33710496832006
0.32080000000000003       -33.339239191490734
0.3208666666666667        -33.34150097641458
0.32093333333333335       -33.34364731384694
0.321                     -33.34543792720237
0.32106666666666667       -33.34669986136693
0.3211333333333333        -33.347387206842384
0.32120000000000004       -33.34761734642924
0.3212666666666667        -33.347668424288834
0.32133333333333336       -33.347931636279625
0.3214                    -33.348824414300104
0.3214666666666667        -33.35068310534018
0.32153333333333334       -33.353662448805196
0.3216                    -33.357671040068496
0.32166666666666666       -33.36236575644138
0.3217333333333333        -33.36721454701533
0.3218                    -33.371618762261626
0.3218666666666667        -33.37506778461805
0.32193333333333335       -33.37728566073481
0.322                     -33.37832686585128
0.32206666666666667       -33.37858880868985
0.3221333333333333        -33.37873038845179
0.32220000000000004       -33.37951262015038
0.3222666666666667        -33.381600675960705
0.32233333333333336       -33.38537947625744
0.3224                    -33.39083368523737
0.3224666666666667        -33.3975281656664
0.32253333333333334       -33.40470016724957
0.3226                    -33.411445185728574
0.32266666666666666       -33.41695136170913
0.3227333333333333        -33.42072017349171
0.3228                    -33.42271070696984
0.3228666666666667        -33.42336345192136
0.32293333333333335       -33.42349307209836
0.323                     -33.42407739484597
0.32306666666666667       -33.425999509413714
0.32313333333333333       -33.42981243562712
0.32320000000000004       -33.43558898571589
0.3232666666666667        -33.44289667402436
0.32333333333333336       -33.45090533510681
0.3234                    -33.458600840441306
0.3234666666666667        -33.46504958298995
0.32353333333333334       -33.46964287458977
0.3236                    -33.472254009624166
0.32366666666666666       -33.47326448173236
0.3237333333333333        -33.473453416827205
0.3238                    -33.47378350684209
0.3238666666666667        -33.47514464477824
0.32393333333333335       -33.478125103521904
0.324                     -33.48286899688793
0.32406666666666667       -33.489053325153066
0.32413333333333333       -33.49598596776755
0.32420000000000004       -33.50279524417532
0.3242666666666667        -33.50865888620133
0.32433333333333336       -33.513010982555144
0.3244                    -33.515672753652915
0.3244666666666667        -33.51687559179416
0.32453333333333334       -33.517176087415706
0.3246                    -33.51729273359281
0.32466666666666666       -33.51791325637064
0.3247333333333333        -33.51952514486762
0.3248                    -33.52231083379928
0.3248666666666667        -33.5261282683218
0.32493333333333335       -33.53057394470688
0.325                     -33.535105061557495
0.32506666666666667       -33.539184627527185
0.32513333333333333       -33.542410743477895
0.32520000000000004       -33.544598909700724
0.3252666666666667        -33.545801538632155
0.32533333333333336       -33.54626709537474
0.3254                    -33.54635690301131
0.3254666666666667        -33.54644632828777
0.32553333333333334       -33.546837195295154
0.3256                    -33.547701159057944
0.32566666666666666       -33.54906265014905
0.3257333333333333        -33.55081862165073
0.3258                    -33.5527837367795
0.32586666666666664       -33.55474552797082
0.32593333333333335       -33.55651465541925
0.326                     -33.5579596591009
0.32606666666666667       -33.55902170568499
0.32613333333333333       -33.559710768985994
0.32620000000000005       -33.5600888596038
0.3262666666666667        -33.5602475797913
0.32633333333333336       -33.56028658151325
0.3264                    -33.56029727501992
0.3264666666666667        -33.56035343769542
0.32653333333333334       -33.56050810467826
0.3266                    -33.56079477086711
0.32666666666666666       -33.56123055200432
0.3267333333333333        -33.561819300210004
0.3268                    -33.56255341208658
0.32686666666666664       -33.56341393432431
0.32693333333333335       -33.564369410937005
0.327                     -33.56537465057513
0.32706666666666667       -33.56637112718523
0.32713333333333333       -33.56729088809972
0.32720000000000005       -33.56806540096756
0.3272666666666667        -33.56863956144999
0.32733333333333337       -33.56898917691403
0.3274                    -33.56913806012492
0.3274666666666667        -33.56916916661326
0.32753333333333334       -33.56922387227204
0.3276                    -33.5694851735825
0.32766666666666666       -33.57014437763463
0.3277333333333333        -33.5713560221904
0.3278                    -33.573190908309584
0.32786666666666664       -33.57560047524396
0.32793333333333335       -33.57840572614491
0.328                     -33.58131969022389
0.3280666666666667        -33.58400431314313
0.32813333333333333       -33.58615238670331
0.32820000000000005       -33.5875755245807
0.3282666666666667        -33.5882736377792
0.32833333333333337       -33.58846260579036
0.3284                    -33.588545725081396
0.3284666666666667        -33.589029255782854
0.32853333333333334       -33.59039889005922
0.3286                    -33.592987226996925
0.32866666666666666       -33.59686817751813
0.3287333333333333        -33.60181051098282
0.3288                    -33.607309784421915
0.32886666666666664       -33.61269817850821
0.32893333333333336       -33.61730972515605
0.329                     -33.62065993858892
0.3290666666666667        -33.622590179547544
0.32913333333333333       -33.6233325975526
0.32920000000000005       -33.62347132890596
0.3292666666666667        -33.62380451804234
0.32933333333333337       -33.625140620924135
0.3294                    -33.62808220210643
0.3294666666666667        -33.632855405641756
0.32953333333333334       -33.63923268630177
0.3296                    -33.64657337298379
0.32966666666666666       -33.653976572181634
0.3297333333333333        -33.66051045541966
0.3298                    -33.6654587285081
0.32986666666666664       -33.668516587677885
0.32993333333333336       -33.66987945711874
0.33                      -33.670196910234495
0.3300666666666667        -33.67040285362952
0.33013333333333333       -33.67146852039687
0.33020000000000005       -33.6741457382397
0.3302666666666667        -33.67876903344151
0.33033333333333337       -33.6851680031605
0.3304                    -33.692712049150664
0.3304666666666667        -33.70047548689528
0.33053333333333335       -33.70747975041076
0.3306                    -33.712948286437616
0.33066666666666666       -33.71650519090741
0.3307333333333333        -33.71826369042953
0.3308                    -33.718782039541864
0.33086666666666664       -33.7189026171342
0.33093333333333336       -33.71952232469019
0.331                     -33.72135880263131
0.3310666666666667        -33.724774050018624
0.33113333333333334       -33.729697957315956
0.33120000000000005       -33.73566603050364
0.3312666666666667        -33.741955887395484
0.33133333333333337       -33.74778273029384
0.33140000000000003       -33.752500375533785
0.3314666666666667        -33.75575501635667
0.33153333333333335       -33.75755389447246
0.3316                    -33.75823628594554
0.33166666666666667       -33.75836182497616
0.3317333333333333        -33.758552504275755
0.3318                    -33.759333693964344
0.33186666666666664       -33.761014978503084
0.3319333333333333        -33.76363670988862
0.332                     -33.76698847025135
0.3320666666666667        -33.770686838877644
0.33213333333333334       -33.77428643705633
0.33220000000000005       -33.77739281544668
0.3322666666666667        -33.7797489208546
0.33233333333333337       -33.781277063837216
0.33240000000000003       -33.782072123719814
0.3324666666666667        -33.782354932838714
0.33253333333333335       -33.78240367541239
0.3326                    -33.78248378135308
0.33266666666666667       -33.782793473534305
0.3327333333333333        -33.78343488129809
0.3328                    -33.78441225575093
0.33286666666666664       -33.78565182930856
0.3329333333333333        -33.78703382263045
0.333                     -33.788426425170606
0.3330666666666667        -33.78971366327927
0.33313333333333334       -33.79081270209926
0.33320000000000005       -33.79167993635897
0.3332666666666667        -33.792308122801785
0.33333333333333337       -33.79271824892519
0.33340000000000003       -33.79294985210761
0.3334666666666667        -33.793052542233646
0.33353333333333335       -33.793080122536956
0.3336                    -33.793087431704556
0.33366666666666667       -33.79312911024816
0.3337333333333333        -33.79325898803871
0.3338                    -33.79352866074978
0.33386666666666664       -33.79398404166419
0.3339333333333333        -33.79465926104547
0.334                     -33.79556825574744
0.3340666666666667        -33.79669565667903
0.33413333333333334       -33.79798985241094
0.3342                    -33.79936189637559
0.3342666666666667        -33.80069367591028
0.33433333333333337       -33.80185708337028
0.33440000000000003       -33.80274286035836
0.3344666666666667        -33.80329395970426
0.33453333333333335       -33.80353487443329
0.3346                    -33.80358685029342
0.33466666666666667       -33.80366037807107
0.3347333333333333        -33.80402116764985
0.3348                    -33.8049330916646
0.33486666666666665       -33.80658944660898
0.3349333333333333        -33.809049869127016
0.335                     -33.812202125152155
0.3350666666666667        -33.81576442124433
0.33513333333333334       -33.81933491625948
0.3352                    -33.82248238776262
0.3352666666666667        -33.82485869824595
0.33533333333333337       -33.82630393764637
0.33540000000000003       -33.826912805237285
0.3354666666666667        -33.82703804280614
0.33553333333333335       -33.82722253392829
0.3356                    -33.82807179360731
0.33566666666666667       -33.83009690418767
0.33573333333333333       -33.83356884968555
0.3358                    -33.83842530962998
0.33586666666666665       -33.84425991984359
0.3359333333333333        -33.85040404403749
0.336                     -33.856086521025254
0.3360666666666667        -33.86063357861322
0.33613333333333334       -33.86365597809952
0.3362                    -33.865169459371536
0.3362666666666667        -33.86561007784085
0.3363333333333334        -33.865734667919085
0.33640000000000003       -33.866429676729865
0.3364666666666667        -33.86847831142238
0.33653333333333335       -33.872348250683515
0.3366                    -33.878057318937465
0.33666666666666667       -33.88515478489999
0.33673333333333333       -33.89282660779615
0.3368                    -33.90010061706678
0.33686666666666665       -33.906099663988236
0.3369333333333333        -33.910274967291954
0.337                     -33.912554411232556
0.3370666666666667        -33.91336287974809
0.33713333333333334       -33.913508090421075
0.3372                    -33.91396410258347
0.3372666666666667        -33.915612937514226
0.3373333333333334        -33.919014359824914
0.33740000000000003       -33.92426381412093
0.3374666666666667        -33.93097358939383
0.33753333333333335       -33.93837987835988
0.3376                    -33.945546128086484
0.33766666666666667       -33.95160811780678
0.33773333333333333       -33.95599496175065
0.3378                    -33.958566857457946
0.33786666666666665       -33.95963425080475
0.3379333333333333        -33.959857396768754
0.338                     -33.96005896133766
0.3380666666666667        -33.961004537719774
0.33813333333333334       -33.96321081692245
0.3382                    -33.966829260105975
0.3382666666666667        -33.97162991975272
0.3383333333333334        -33.97708281493652
0.33840000000000003       -33.982509793153824
0.3384666666666667        -33.98726352537744
0.33853333333333335       -33.99088578195552
0.3386                    -33.99320545815619
0.33866666666666667       -33.99435557271859
0.33873333333333333       -33.99471193498437
0.3388                    -33.99477705784467
0.33886666666666665       -33.995045070950496
0.3389333333333333        -33.99588421296039
0.339                     -33.99746428475573
0.3390666666666667        -33.99974132579284
0.33913333333333334       -34.002495687939884
0.3392                    -34.00540687256664
0.3392666666666667        -34.0081416729073
0.3393333333333334        -34.010432212913145
0.33940000000000003       -34.01212650559802
0.3394666666666667        -34.01320382401692
0.33953333333333335       -34.013757375627975
0.3396                    -34.01395458353104
0.3396666666666667        -34.013988899067904
0.33973333333333333       -34.01403625229723
0.3398                    -34.01422513147216
0.33986666666666665       -34.01462375885811
0.3399333333333333        -34.015242769264475
0.33999999999999997       -34.01604847818981
0.3400666666666667        -34.016980697607956
0.34013333333333334       -34.017969821013516
0.3402                    -34.01894979825271
0.3402666666666667        -34.01986579238312
0.3403333333333334        -34.02067708092818
0.34040000000000004       -34.021356796868844
0.3404666666666667        -34.02189039230499
0.34053333333333335       -34.02227444055633
0.3406                    -34.0225168009315
0.3406666666666667        -34.02263841903832
0.34073333333333333       -34.02267621343902
0.3408                    -34.02268568960365
0.34086666666666665       -34.022741286184385
0.3409333333333333        -34.02293226389561
0.34099999999999997       -34.02335249245899
0.3410666666666667        -34.02408394643618
0.34113333333333334       -34.02517595402
0.3412                    -34.02662472680277
0.3412666666666667        -34.02835957474228
0.3413333333333334        -34.03024252391092
0.34140000000000004       -34.03208610560158
0.3414666666666667        -34.03368979361408
0.34153333333333336       -34.03488971151375
0.3416                    -34.03561043401161
0.3416666666666667        -34.03590405714743
0.34173333333333333       -34.03596207369341
0.3418                    -34.03609078636907
0.34186666666666665       -34.03665024589314
0.3419333333333333        -34.037967665417625
0.34199999999999997       -34.04024569382899
0.3420666666666667        -34.04349072345017
0.34213333333333334       -34.047484542670276
0.3422                    -34.051813751213984
0.34226666666666666       -34.055956908571346
0.3423333333333334        -34.05941263359298
0.34240000000000004       -34.06183743949431
0.3424666666666667        -34.06315495610216
0.34253333333333336       -34.06360197237747
0.3426                    -34.063691794785804
0.3426666666666667        -34.064098020844405
0.34273333333333333       -34.065485161680634
0.3428                    -34.06832934845811
0.34286666666666665       -34.072777611988755
0.3429333333333333        -34.078586498928075
0.34299999999999997       -34.08516193304926
0.3430666666666667        -34.09169641196655
0.34313333333333335       -34.09737265422753
0.3432                    -34.10158168641986
0.34326666666666666       -34.10409511542953
0.3433333333333334        -34.10514048484806
0.34340000000000004       -34.10535425733196
0.3434666666666667        -34.10562175827047
0.34353333333333336       -34.10684606348673
0.3436                    -34.109707932172505
0.3436666666666667        -34.11448115001924
0.34373333333333334       -34.120952770181596
0.3438                    -34.12847061504412
0.34386666666666665       -34.136107693175276
0.3439333333333333        -34.14290214040054
0.344                     -34.148109489124515
0.3440666666666667        -34.15139842782234
0.34413333333333335       -34.152935348798856
0.3442                    -34.153334213070984
0.34426666666666667       -34.15348707429538
0.3443333333333334        -34.154324129891734
0.34440000000000004       -34.15656990024416
0.3444666666666667        -34.16056010264947
0.34453333333333336       -34.16616477441724
0.3446                    -34.1728339701177
0.3446666666666667        -34.17975061002275
0.34473333333333334       -34.1860479452438
0.3448                    -34.19103288794904
0.34486666666666665       -34.194355728396204
0.3449333333333333        -34.19608262993031
0.345                     -34.1966556752596
0.3450666666666667        -34.196757299429855
0.34513333333333335       -34.19712135988331
0.3452                    -34.198344404412225
0.34526666666666667       -34.20074603625362
0.3453333333333334        -34.20431005514159
0.34540000000000004       -34.20871455359494
0.3454666666666667        -34.21343596896973
0.34553333333333336       -34.217894669196525
0.3456                    -34.22160166402136
0.3456666666666667        -34.224268981520986
0.34573333333333334       -34.22585893896974
0.3458                    -34.22656601576976
0.34586666666666666       -34.22674359303093
0.3459333333333333        -34.22680096831722
0.346                     -34.227100520993055
0.3460666666666667        -34.22788060564057
0.34613333333333335       -34.22921929741729
0.3462                    -34.23104141629363
0.34626666666666667       -34.23316007007749
0.3463333333333334        -34.235336899125556
0.34640000000000004       -34.237343369101374
0.3464666666666667        -34.239008431971584
0.34653333333333336       -34.24024407094286
0.3466                    -34.24104744821393
0.3466666666666667        -34.24148443663226
0.34673333333333334       -34.24166278677143
0.3468                    -34.2417036521539
0.34686666666666666       -34.241718244301836
0.3469333333333333        -34.24179318498243
0.347                     -34.241984910179475
0.3470666666666667        -34.24232116105636
0.34713333333333335       -34.24280654006956
0.3472                    -34.24342919559868
0.34726666666666667       -34.24416651686988
0.3473333333333334        -34.2449888106427
0.34740000000000004       -34.245860949562164
0.3474666666666667        -34.24674276187102
0.34753333333333336       -34.24758942996236
0.3476                    -34.248353362335145
0.3476666666666667        -34.24898883420617
0.34773333333333334       -34.24946005344735
0.3478                    -34.24975215531428
0.34786666666666666       -34.249883102004134
0.3479333333333333        -34.24991296515107
0.348                     -34.24994621966946
0.3480666666666667        -34.250123112759326
0.34813333333333335       -34.25059825716467
0.3482                    -34.25150816258987
0.34826666666666667       -34.252933655914795
0.3483333333333334        -34.25486674153828
0.34840000000000004       -34.25719296734033
0.3484666666666667        -34.25969867377759
0.34853333333333336       -34.26210729544835
0.3486                    -34.26414095312819
0.3486666666666667        -34.265594875945744
0.34873333333333334       -34.26640548774673
0.3488                    -34.266691037332194
0.34886666666666666       -34.26674811962568
0.3489333333333333        -34.266997982451876
0.349                     -34.26789056749946
0.34906666666666664       -34.269787720184475
0.34913333333333335       -34.272855730249276
0.3492                    -34.276998374972955
0.34926666666666667       -34.28185397448408
0.3493333333333334        -34.28686482466742
0.34940000000000004       -34.291407914843845
0.3494666666666667        -34.29495689299675
0.34953333333333336       -34.297232557067716
0.3496                    -34.29829780617263
0.3496666666666667        -34.29856515724471
0.34973333333333334       -34.29870817188211
0.3498                    -34.29949560779778
0.34986666666666666       -34.3015901356639
0.3499333333333333        -34.30536502551445
0.35                      -34.31078927689345
0.35006666666666664       -34.31741536367946
0.35013333333333335       -34.324478099171046
0.3502                    -34.33108381020142
0.35026666666666667       -34.33644294426547
0.3503333333333334        -34.340083897867785
0.35040000000000004       -34.3419873842785
0.3504666666666667        -34.34260075849265
0.35053333333333336       -34.34272540281784
0.3506                    -34.343306849032366
0.3506666666666667        -34.34518478451097
0.35073333333333334       -34.348870373817896
0.3508                    -34.35440983888614
0.35086666666666666       -34.36136988583435
0.3509333333333333        -34.368948967157394
0.351                     -34.3761858092268
0.35106666666666664       -34.38221047459725
0.35113333333333335       -34.38647049947778
0.3512                    -34.38887031140807
0.35126666666666667       -34.38978620532583
0.35133333333333333       -34.38995497217205
0.35140000000000005       -34.390270206164544
0.3514666666666667        -34.39154468940631
0.35153333333333336       -34.39430336506051
0.3516                    -34.398659464993436
0.3516666666666667        -34.40430177092332
0.35173333333333334       -34.41059122374698
0.3518                    -34.41673738475468
0.35186666666666666       -34.42200577268235
0.3519333333333333        -34.425900546195145
0.352                     -34.42827547228706
0.35206666666666664       -34.42934763617215
0.35213333333333335       -34.429616490197056
0.3522                    -34.42971667557471
0.3522666666666667        -34.430248700555914
0.35233333333333333       -34.43163329309014
0.35240000000000005       -34.43402432889259
0.3524666666666667        -34.437296466649755
0.35253333333333337       -34.441102984518565
0.3526                    -34.44498213086117
0.3526666666666667        -34.4484803226884
0.35273333333333334       -34.451259527096305
0.3528                    -34.45316371446749
0.35286666666666666       -34.454232735973875
0.3529333333333333        -34.454667115861504
0.353                     -34.45475955919723
0.35306666666666664       -34.45481524297664
0.35313333333333335       -34.45508226011958
0.3532                    -34.45570728687015
0.3532666666666667        -34.456722429445186
0.35333333333333333       -34.45806030762315
0.35340000000000005       -34.459588083142634
0.3534666666666667        -34.461148487629806
0.35353333333333337       -34.46259687130046
0.3536                    -34.46382685018272
0.3536666666666667        -34.464781752024095
0.35373333333333334       -34.46545324820282
0.3538                    -34.46587126697344
0.35386666666666666       -34.46609014912762
0.3539333333333333        -34.46617530726958
0.354                     -34.466193050059516
0.35406666666666664       -34.46620446188525
0.35413333333333336       -34.46626282036447
0.3542                    -34.466413221538275
0.3542666666666667        -34.46669284356335
0.35433333333333333       -34.4671304704128
0.35440000000000005       -34.46774438134581
0.3544666666666667        -34.46853841720311
0.35453333333333337       -34.469496916770716
0.3546                    -34.47058016938067
0.3546666666666667        -34.47172281057563
0.35473333333333334       -34.47283782430085
0.3548                    -34.47382812704602
0.35486666666666666       -34.47460590902867
0.3549333333333333        -34.47511720090311
0.355                     -34.47536621104971
0.35506666666666664       -34.475431900527056
0.35513333333333336       -34.475469136089025
0.3552                    -34.47568927702758
0.3552666666666667        -34.476320081057594
0.35533333333333333       -34.47755126441405
0.35540000000000005       -34.47947807828204
0.3554666666666667        -34.482058794595
0.35553333333333337       -34.48510136717274
0.3556                    -34.48828906471926
0.3556666666666667        -34.491245226027424
0.35573333333333335       -34.49362558661717
0.3558                    -34.49521617537972
0.35586666666666666       -34.49600927799876
0.3559333333333333        -34.49623222057153
0.356                     -34.49631430753695
0.35606666666666664       -34.49679378725195
0.35613333333333336       -34.498184479666875
0.3562                    -34.50083524698438
0.3562666666666667        -34.5048205947264
0.35633333333333334       -34.509895541796084
0.35640000000000005       -34.515533277721794
0.3564666666666667        -34.521043038162006
0.35653333333333337       -34.52574288965519
0.35660000000000003       -34.5291438420137
0.3566666666666667        -34.531094124161775
0.35673333333333335       -34.53183965592261
0.3568                    -34.53197824079563
0.35686666666666667       -34.53231486516073
0.3569333333333333        -34.53365425832847
0.357                     -34.53658547441464
0.35706666666666664       -34.541316528279495
0.35713333333333336       -34.547604892015194
0.3572                    -34.55480559330936
0.3572666666666667        -34.56202844399002
0.35733333333333334       -34.56836632895279
0.35740000000000005       -34.573134979508644
0.3574666666666667        -34.57605829518058
0.35753333333333337       -34.57734600776324
0.35760000000000003       -34.577640144302755
0.3576666666666667        -34.57784443886469
0.35773333333333335       -34.57888412922066
0.3578                    -34.58146196785911
0.35786666666666667       -34.5858753918293
0.3579333333333333        -34.59194177868744
0.358                     -34.59904973336278
0.35806666666666664       -34.60632179195595
0.3581333333333333        -34.61284507860021
0.3582                    -34.61790818962119
0.3582666666666667        -34.62118046223335
0.35833333333333334       -34.62278580156591
0.35840000000000005       -34.62325358431974
0.3584666666666667        -34.6233644045533
0.35853333333333337       -34.62393705156841
0.35860000000000003       -34.6256164819509
0.3586666666666667        -34.628718173907444
0.35873333333333335       -34.63316554709272
0.3588                    -34.638530764755785
0.35886666666666667       -34.64416237912588
0.3589333333333333        -34.649362135206495
0.359                     -34.65356251263485
0.35906666666666665       -34.65645884493268
0.3591333333333333        -34.6580645547908
0.3592                    -34.65868088615116
0.3592666666666667        -34.658796396582595
0.35933333333333334       -34.658949047739114
0.35940000000000005       -34.65959027721424
0.3594666666666667        -34.660985382469505
0.35953333333333337       -34.66317098788023
0.35960000000000003       -34.665973252399546
0.3596666666666667        -34.66907474545987
0.35973333333333335       -34.67210728857112
0.3598                    -34.674744498236336
0.35986666666666667       -34.67677134588554
0.3599333333333333        -34.67811705433826
0.36                      -34.678849037595455
0.36006666666666665       -34.67913590619733
0.3601333333333333        -34.67919404433401
0.3602                    -34.67923369776811
0.3602666666666667        -34.679417411939504
0.36033333333333334       -34.679837812576295
0.3604                    -34.6805153483419
0.3604666666666667        -34.681411587742986
0.3605333333333334        -34.68245102509813
0.36060000000000003       -34.683544218303005
0.3606666666666667        -34.68460683634584
0.36073333333333335       -34.68557184510403
0.3608                    -34.686394625596236
0.36086666666666667       -34.68705262306188
0.36093333333333333       -34.68754191885405
0.361                     -34.687873024902494
0.36106666666666665       -34.68806755016912
0.3611333333333333        -34.688156520599904
0.3612                    -34.6881802805757
0.3612666666666667        -34.688189174267904
0.36133333333333334       -34.68824365628373
0.3614                    -34.68841220322746
0.3614666666666667        -34.68876554896526
0.3615333333333334        -34.68936651357183
0.36160000000000003       -34.690256086627336
0.3616666666666667        -34.69143825442742
0.36173333333333335       -34.69286781678724
0.3618                    -34.69444639241888
0.36186666666666667       -34.69603124308123
0.36193333333333333       -34.69745906092975
0.362                     -34.69858267889274
0.36206666666666665       -34.699313744813274
0.3621333333333333        -34.69966032045468
0.3622                    -34.69974686298005
0.3622666666666667        -34.69980635769009
0.36233333333333334       -34.70014061080208
0.3624                    -34.7010535904234
0.3624666666666667        -34.702771789749704
0.3625333333333334        -34.705372028622115
0.36260000000000003       -34.70873852606874
0.3626666666666667        -34.712566273153605
0.36273333333333335       -34.71641711132419
0.3628                    -34.71982058309393
0.36286666666666667       -34.72239720008762
0.36293333333333333       -34.72397176764284
0.363                     -34.72464288273167
0.36306666666666665       -34.724783600648735
0.3631333333333333        -34.72496599792049
0.3632                    -34.725823993274865
0.3632666666666667        -34.72788768835065
0.36333333333333334       -34.73143284507314
0.3634                    -34.73638784773638
0.3634666666666667        -34.74232774643617
0.3635333333333334        -34.74856353385882
0.36360000000000003       -34.75430938398108
0.3636666666666667        -34.75888735338759
0.36373333333333335       -34.761914891833364
0.3638                    -34.76342115603157
0.36386666666666667       -34.76385538499889
0.36393333333333333       -34.763980385998906
0.364                     -34.7646772446477
0.36406666666666665       -34.76671301223028
0.3641333333333333        -34.77053369795776
0.3642                    -34.77613828760015
0.3642666666666667        -34.78306856501489
0.36433333333333334       -34.79051986395189
0.3644                    -34.797546263399106
0.3644666666666667        -34.80330746117402
0.3645333333333334        -34.80729095779583
0.36460000000000004       -34.809447734555896
0.3646666666666667        -34.81020288459418
0.36473333333333335       -34.810338379843735
0.3648                    -34.810781768314826
0.3648666666666667        -34.81236013593852
0.36493333333333333       -34.815585941248614
0.365                     -34.82053003492654
0.36506666666666665       -34.82681234437823
0.3651333333333333        -34.833709624993105
0.3652                    -34.840349718835185
0.3652666666666667        -34.845939659779475
0.36533333333333334       -34.84996639532413
0.3654                    -34.85231702362262
0.3654666666666667        -34.853288845270754
0.3655333333333334        -34.8534913664271
0.36560000000000004       -34.85367242003783
0.3656666666666667        -34.85451937092151
0.36573333333333335       -34.85648918561316
0.3658                    -34.859709060382976
0.3658666666666667        -34.863967574587335
0.36593333333333333       -34.86879170689691
0.366                     -34.87358370636705
0.36606666666666665       -34.87777847958428
0.3661333333333333        -34.880979658134095
0.3662                    -34.88304116232455
0.3662666666666667        -34.88407819688931
0.36633333333333334       -34.88441191884568
0.3664                    -34.88446928274655
0.3664666666666667        -34.88466893603029
0.3665333333333334        -34.885323714429745
0.36660000000000004       -34.88658177219164
0.3666666666666667        -34.88841534578045
0.36673333333333336       -34.890652826036735
0.3668                    -34.89303969222982
0.3668666666666667        -34.895308992249625
0.36693333333333333       -34.89724285634008
0.367                     -34.89871194121506
0.36706666666666665       -34.89968758397935
0.3671333333333333        -34.900229269862336
0.36719999999999997       -34.900455634111836
0.3672666666666667        -34.90050947745419
0.36733333333333335       -34.900526244937346
0.3674                    -34.900612142388
0.3674666666666667        -34.90083401878253
0.3675333333333334        -34.90121966283979
0.36760000000000004       -34.901765059599526
0.3676666666666667        -34.90244460391632
0.36773333333333336       -34.90322094167834
0.3678                    -34.90405242600839
0.3678666666666667        -34.90489756994687
0.36793333333333333       -34.90571697444182
0.368                     -34.906473869146254
0.36806666666666665       -34.9071346455589
0.3681333333333333        -34.90767065755654
0.36819999999999997       -34.908062146766056
0.3682666666666667        -34.90830441247462
0.36833333333333335       -34.90841531599958
0.3684                    -34.90844205306852
0.3684666666666667        -34.90846419886948
0.3685333333333334        -34.9085898114027
0.36860000000000004       -34.90894230127753
0.3686666666666667        -34.90963798429406
0.36873333333333336       -34.91075739696601
0.3688                    -34.91231673910967
0.3688666666666667        -34.914248044850616
0.36893333333333334       -34.91639672420732
0.369                     -34.91854225718393
0.36906666666666665       -34.92044218273391
0.3691333333333333        -34.92189225526264
0.3692                    -34.92278880971151
0.3692666666666667        -34.92317546465988
0.36933333333333335       -34.92325734480041
0.3694                    -34.92337269894118
0.36946666666666667       -34.923922889438735
0.3695333333333334        -34.92527426665089
0.36960000000000004       -34.927655648441196
0.3696666666666667        -34.93107966716548
0.36973333333333336       -34.9353132243114
0.3698                    -34.939911708649035
0.3698666666666667        -34.944315440713176
0.36993333333333334       -34.94798873033719
0.37                      -34.95056699506759
0.37006666666666665       -34.951970785140155
0.3701333333333333        -34.952450816146296
0.3702                    -34.95254512751489
0.3702666666666667        -34.95295381137174
0.37033333333333335       -34.954360931068685
0.3704                    -34.95724973139075
0.37046666666666667       -34.96176122039766
0.3705333333333334        -34.96763676313545
0.37060000000000004       -34.974264902774685
0.3706666666666667        -34.9808258403333
0.37073333333333336       -34.98649994256316
0.3708                    -34.9906863820454
0.3708666666666667        -34.99317136431519
0.37093333333333334       -34.994196356662236
0.371                     -34.994403681343904
0.37106666666666666       -34.994671856927305
0.3711333333333333        -34.99588474739289
0.3712                    -34.998696928346234
0.3712666666666667        -35.00335806024578
0.37133333333333335       -35.009642811551615
0.3714                    -35.01690528169731
0.37146666666666667       -35.02424474757462
0.3715333333333334        -35.03074008800387
0.37160000000000004       -35.0356906808709
0.3716666666666667        -35.03879816865988
0.37173333333333336       -35.04023897332291
0.3718                    -35.04060842325088
0.3718666666666667        -35.04075426781407
0.37193333333333334       -35.04154803874727
0.372                     -35.04365775557791
0.37206666666666666       -35.04738178487935
0.3721333333333333        -35.05258441454253
0.3722                    -35.05874558438704
0.3722666666666667        -35.06510763369994
0.37233333333333335       -35.07087762182021
0.3724                    -35.075430370661024
0.37246666666666667       -35.07845858139326
0.3725333333333334        -35.08003244285971
0.37260000000000004       -35.08055767234767
0.3726666666666667        -35.08064962857266
0.37273333333333336       -35.0809629243243
0.3728                    -35.08202468112101
0.3728666666666667        -35.0841140901556
0.37293333333333334       -35.08721470651797
0.373                     -35.091044712287065
0.37306666666666666       -35.09515018276664
0.3731333333333333        -35.09903192327744
0.3732                    -35.10227067658957
0.3732666666666667        -35.104619267324885
0.37333333333333335       -35.10604198852786
0.3734                    -35.106697495476084
0.37346666666666667       -35.106876753435195
0.3735333333333334        -35.10691781472542
0.37360000000000004       -35.10712204228105
0.3736666666666667        -35.10769214523155
0.37373333333333336       -35.10870344088917
0.3738                    -35.11010941409357
0.3738666666666667        -35.11177393664142
0.37393333333333334       -35.11351740758314
0.374                     -35.11516321314534
0.37406666666666666       -35.11657368688048
0.3741333333333333        -35.117669721598766
0.3742                    -35.11843356030619
0.3742666666666667        -35.118898518321814
0.37433333333333335       -35.11913156110376
0.3744                    -35.119214688282355
0.37446666666666667       -35.11922952406918
0.3745333333333334        -35.11924727778391
0.37460000000000004       -35.11932415167727
0.3746666666666667        -35.119500862613336
0.37473333333333336       -35.11980435607938
0.3748                    -35.120249884356866
0.3748666666666667        -35.12084213575022
0.37493333333333334       -35.12157480963307
0.375                     -35.12242879932844
0.37506666666666666       -35.12336990223433
0.3751333333333333        -35.124347633829686
0.3752                    -35.125297099215345
0.37526666666666664       -35.126145712503074
0.37533333333333335       -35.12682561811181
0.3754                    -35.12729092293881
0.37546666666666667       -35.127536602201964
0.3755333333333334        -35.12761387460577
0.37560000000000004       -35.12763585418626
0.3756666666666667        -35.12776817625231
0.37573333333333336       -35.12820238196376
0.3758                    -35.12911469414504
0.3758666666666667        -35.13061821547174
0.37593333333333334       -35.132720825279605
0.376                     -35.135302444110536
0.37606666666666666       -35.13812273976116
0.3761333333333333        -35.14086365811238
0.3762                    -35.143201563435596
0.37626666666666664       -35.144893705652024
0.37633333333333335       -35.145856414716015
0.3764                    -35.146210894700175
0.37646666666666667       -35.146278377327555
0.3765333333333334        -35.14651893151976
0.37660000000000005       -35.14742416296606
0.3766666666666667        -35.14938865219734
0.37673333333333336       -35.15259373109539
0.3768                    -35.15693719054083
0.3768666666666667        -35.16203317229551
0.37693333333333334       -35.167289530146164
0.377                     -35.17204901130405
0.37706666666666666       -35.17576094120635
0.3771333333333333        -35.17813768967045
0.3772                    -35.17925012142442
0.37726666666666664       -35.17953029485472
0.37733333333333335       -35.179674744939696
0.3774                    -35.18047022314843
0.3774666666666667        -35.18258670174289
0.37753333333333333       -35.18639286793847
0.37760000000000005       -35.191844703164875
0.3776666666666667        -35.198479800920914
0.37773333333333337       -35.2055233389406
0.3778                    -35.2120821034537
0.3778666666666667        -35.21737765988293
0.37793333333333334       -35.22095598347475
0.378                     -35.22281425937882
0.37806666666666666       -35.223407123705535
0.3781333333333333        -35.22352870989087
0.3782                    -35.22410256342675
0.37826666666666664       -35.22593714999148
0.37833333333333335       -35.22951293326146
0.3784                    -35.23485695681903
0.3784666666666667        -35.24153687533085
0.37853333333333333       -35.24877522434732
0.37860000000000005       -35.25565363205554
0.3786666666666667        -35.261352749392984
0.37873333333333337       -35.26536335715545
0.3788                    -35.26761149708872
0.3788666666666667        -35.26846476221651
0.37893333333333334       -35.26862112331844
0.379                     -35.26891476389146
0.37906666666666666       -35.27009476221311
0.3791333333333333        -35.27263646278455
0.3792                    -35.27663279135893
0.37926666666666664       -35.281789017015235
0.37933333333333336       -35.28751670408064
0.3794                    -35.29309761434636
0.3794666666666667        -35.297871712745724
0.37953333333333333       -35.30139911117042
0.37960000000000005       -35.303555017901516
0.3796666666666667        -35.3045370741739
0.37973333333333337       -35.30478969380212
0.3798                    -35.304872256979756
0.3798666666666667        -35.30531066426268
0.37993333333333335       -35.30647206127985
0.38                      -35.308492032922764
0.38006666666666666       -35.31126669916279
0.3801333333333333        -35.314504261718234
0.3802                    -35.317816262772745
0.38026666666666664       -35.32082117747207
0.38033333333333336       -35.323233138487154
0.3804                    -35.324915771528424
0.3804666666666667        -35.325892717064406
0.38053333333333333       -35.32631876356321
0.38060000000000005       -35.3264250415511
0.3806666666666667        -35.32645610589806
0.38073333333333337       -35.326615554135905
0.3808                    -35.32703143859872
0.3808666666666667        -35.32774546968981
0.38093333333333335       -35.32872326540454
0.381                     -35.32987838964041
0.38106666666666666       -35.33110133975617
0.3811333333333333        -35.33228572259846
0.3812                    -35.333346654451994
0.38126666666666664       -35.3342297355609
0.38133333333333336       -35.334911736878624
0.3814                    -35.33539577816993
0.3814666666666667        -35.335704165793345
0.38153333333333334       -35.33587148921558
0.38160000000000005       -35.335939520525336
0.3816666666666667        -35.33595435338215
0.38173333333333337       -35.33596532147683
0.38180000000000003       -35.33602464332611
0.3818666666666667        -35.33618645172425
0.38193333333333335       -35.33650389187943
0.382                     -35.337023372011146
0.38206666666666667       -35.33777589046081
0.3821333333333333        -35.3387666104799
0.3822                    -35.339965270020144
0.38226666666666664       -35.341301132121465
0.38233333333333336       -35.3426664070391
0.3824                    -35.34393090728334
0.3824666666666667        -35.34496799190142
0.38253333333333334       -35.34568805330894
0.38260000000000005       -35.346071945669
0.3826666666666667        -35.346194279247484
0.38273333333333337       -35.3462267517077
0.38280000000000003       -35.34641532887824
0.3828666666666667        -35.34703169598591
0.38293333333333335       -35.34830738892787
0.383                     -35.3503660358605
0.38306666666666667       -35.353172789095936
0.3831333333333333        -35.35651859068007
0.3832                    -35.36004992237411
0.38326666666666664       -35.36334321160835
0.38333333333333336       -35.366009719823936
0.3834                    -35.36780532971351
0.3834666666666667        -35.36871423548999
0.38353333333333334       -35.36897900616096
0.38360000000000005       -35.36906206916025
0.3836666666666667        -35.36954231058486
0.38373333333333337       -35.37096972130279
0.38380000000000003       -35.37371490886638
0.3838666666666667        -35.377854583782565
0.38393333333333335       -35.38312736588491
0.384                     -35.38897777522612
0.38406666666666667       -35.39468360547663
0.3841333333333333        -35.399538252781866
0.3842                    -35.40304137069862
0.38426666666666665       -35.40504470233739
0.3843333333333333        -35.40580890647813
0.3844                    -35.40595054856809
0.3844666666666667        -35.406289515873844
0.38453333333333334       -35.407635993534946
0.38460000000000005       -35.4105737381821
0.3846666666666667        -35.41529799012394
0.38473333333333337       -35.42155244888563
0.38480000000000003       -35.428684505304105
0.3848666666666667        -35.43580740546751
0.38493333333333335       -35.44202909642906
0.385                     -35.446687517352125
0.38506666666666667       -35.44952766969957
0.3851333333333333        -35.450770162557134
0.3852                    -35.45105120712502
0.38526666666666665       -35.4512509819351
0.3853333333333333        -35.45225873486321
0.3854                    -35.454739174218965
0.3854666666666667        -35.45896203759818
0.38553333333333334       -35.46473787983336
0.38560000000000005       -35.47147443584261
0.3856666666666667        -35.478336720633536
0.3857333333333334        -35.484467370048726
0.38580000000000003       -35.48920798063771
0.3858666666666667        -35.492262134852695
0.38593333333333335       -35.49375751212136
0.386                     -35.49419369704972
0.38606666666666667       -35.49429486995333
0.38613333333333333       -35.49481197857741
0.3862                    -35.496329798835305
0.38626666666666665       -35.499128791091316
0.3863333333333333        -35.503133429124695
0.3864                    -35.50795410287154
0.3864666666666667        -35.513005463179596
0.38653333333333334       -35.51766581231476
0.3866                    -35.521433846532624
0.3866666666666667        -35.5240425362701
0.3867333333333334        -35.525504063139614
0.38680000000000003       -35.52608024195847
0.3868666666666667        -35.52619338425119
0.38693333333333335       -35.526306945535026
0.387                     -35.52680989271054
0.38706666666666667       -35.52793346711824
0.38713333333333333       -35.52971685444367
0.3872                    -35.53202359049965
0.38726666666666665       -35.534597552423584
0.3873333333333333        -35.53713912987297
0.3874                    -35.53938002560947
0.3874666666666667        -35.54113880080151
0.38753333333333334       -35.54234701292139
0.3876                    -35.54304494828354
0.3876666666666667        -35.543353794661684
0.3877333333333334        -35.54343565825355
0.38780000000000003       -35.543453428826574
0.3878666666666667        -35.543539779598056
0.38793333333333335       -35.54378005889357
0.388                     -35.54420918978666
0.38806666666666667       -35.54481925934715
0.38813333333333333       -35.54557287592009
0.3882                    -35.546417525665404
0.38826666666666665       -35.547297506530555
0.3883333333333333        -35.548161820138255
0.3884                    -35.54896802551666
0.3884666666666667        -35.549683138595164
0.38853333333333334       -35.55028312119012
0.3886                    -35.55075245665089
0.3886666666666667        -35.55108492265336
0.3887333333333334        -35.55128606425904
0.38880000000000003       -35.551377101555545
0.3888666666666667        -35.55139913978977
0.38893333333333335       -35.551415741914774
0.389                     -35.551511459811586
0.38906666666666667       -35.55178415486796
0.38913333333333333       -35.55233013467791
0.3892                    -35.55322327279221
0.38926666666666665       -35.55449193652019
0.3893333333333333        -35.55609990926759
0.3894                    -35.557938554082135
0.3894666666666667        -35.559836365178306
0.38953333333333334       -35.56158845975887
0.3896                    -35.56300295796157
0.3896666666666667        -35.56395496518383
0.3897333333333334        -35.56443403575089
0.38980000000000004       -35.56456963130114
0.3898666666666667        -35.56462249313848
0.38993333333333335       -35.564937857290396
0.39                      -35.56586720818184
0.3900666666666667        -35.567675736043384
0.39013333333333333       -35.570459539904135
0.3902                    -35.57409740545488
0.39026666666666665       -35.57825570057207
0.3903333333333333        -35.58245239153259
0.3904                    -35.58617000596775
0.3904666666666667        -35.58899169173247
0.39053333333333334       -35.59072425466801
0.3906                    -35.59147144470367
0.3906666666666667        -35.59163150655155
0.3907333333333334        -35.59181295790442
0.39080000000000004       -35.592685951344166
0.3908666666666667        -35.59480615336562
0.39093333333333335       -35.59845786010429
0.391                     -35.60356029824137
0.3910666666666667        -35.609666445574774
0.39113333333333333       -35.616060612472346
0.3912                    -35.62193460271671
0.39126666666666665       -35.626598959303976
0.3913333333333333        -35.62967253635283
0.3914                    -35.631195923729535
0.3914666666666667        -35.63163335406733
0.39153333333333334       -35.631758837312674
0.3916                    -35.63245559509906
0.3916666666666667        -35.634482620684025
0.3917333333333334        -35.638271131849855
0.39180000000000004       -35.64380534225187
0.3918666666666667        -35.65061977910843
0.39193333333333336       -35.657915325005995
0.392                     -35.66476513637384
0.3920666666666667        -35.67035679617479
0.39213333333333333       -35.674205447736
0.3922                    -35.676279025527286
0.39226666666666665       -35.67700083904776
0.3923333333333333        -35.67712993132803
0.3924                    -35.6775544108986
0.3924666666666667        -35.679056106017846
0.39253333333333335       -35.68211010962376
0.3926                    -35.686770405261065
0.3926666666666667        -35.69266805259598
0.3927333333333334        -35.699118582600185
0.39280000000000004       -35.70530742207721
0.3928666666666667        -35.710502632549236
0.39293333333333336       -35.714237973443105
0.393                     -35.71641858239299
0.3930666666666667        -35.71732434903923
0.39313333333333333       -35.71751554882126
0.3932                    -35.717672080229505
0.39326666666666665       -35.718413500513144
0.3933333333333333        -35.720148215424075
0.39339999999999997       -35.722988107308794
0.3934666666666667        -35.72674465198973
0.39353333333333335       -35.73100041496511
0.3936                    -35.735231317777135
0.3936666666666667        -35.738944292922675
0.3937333333333334        -35.74179401318518
0.39380000000000004       -35.743651028505994
0.3938666666666667        -35.744609048688375
0.39393333333333336       -35.7449364823784
0.394                     -35.744991455297765
0.3940666666666667        -35.74512659417833
0.39413333333333334       -35.745608761932736
0.3942                    -35.74657123785495
0.39426666666666665       -35.74800480046311
0.3943333333333333        -35.749783350893935
0.3944                    -35.75171190852968
0.3944666666666667        -35.75358149365559
0.39453333333333335       -35.75521664227266
0.3946                    -35.75650594446403
0.3946666666666667        -35.75741220199623
0.3947333333333334        -35.7579645842477
0.39480000000000004       -35.75823901798458
0.3948666666666667        -35.75833432844334
0.39493333333333336       -35.75835061498453
0.395                     -35.75837388599945
0.3950666666666667        -35.758468183438964
0.39513333333333334       -35.758674180858065
0.3952                    -35.75901199290432
0.39526666666666666       -35.759485698545376
0.3953333333333333        -35.760087569522014
0.3954                    -35.7608008341214
0.3954666666666667        -35.76160069331366
0.39553333333333335       -35.76245407908273
0.3956                    -35.76331924243868
0.39566666666666667       -35.76414663253863
0.3957333333333334        -35.764882572681074
0.39580000000000004       -35.76547679694589
0.3958666666666667        -35.76589386960528
0.39593333333333336       -35.766126937389416
0.396                     -35.76621051713461
0.3960666666666667        -35.766227723362654
0.39613333333333334       -35.766307214394224
0.3962                    -35.766606707960975
0.39626666666666666       -35.767283215699685
0.3963333333333333        -35.76845453176256
0.3964                    -35.7701607491298
0.3964666666666667        -35.77233715218899
0.39653333333333335       -35.77480941932841
0.3966                    -35.77731801587
0.39666666666666667       -35.77957136864781
0.3967333333333334        -35.78131848629197
0.39680000000000004       -35.78242370555099
0.3968666666666667        -35.782922118037604
0.39693333333333336       -35.783036184978336
0.397                     -35.78314255520954
0.3970666666666667        -35.783691358505905
0.39713333333333334       -35.78509455896909
0.3972                    -35.787610968521776
0.39726666666666666       -35.79125968991014
0.3973333333333333        -35.79578936367107
0.3974                    -35.8007180798268
0.3974666666666667        -35.80544066638253
0.39753333333333335       -35.80938051700998
0.3976                    -35.81214761362369
0.39766666666666667       -35.813658377027004
0.3977333333333334        -35.81417987133034
0.39780000000000004       -35.814280092870476
0.3978666666666667        -35.81469234842447
0.39793333333333336       -35.81612688263304
0.398                     -35.819079102924874
0.3980666666666667        -35.82368638145201
0.39813333333333334       -35.82967414379348
0.3982                    -35.836409836414525
0.39826666666666666       -35.84305549828277
0.3983333333333333        -35.84878240574524
0.3984                    -35.85299175773042
0.3984666666666667        -35.85548025119749
0.39853333333333335       -35.856502161401174
0.3986                    -35.856707873050716
0.39866666666666667       -35.85697420224698
0.3987333333333334        -35.85817272508312
0.39880000000000004       -35.8609390573331
0.3988666666666667        -35.86550461730583
0.39893333333333336       -35.871634814678536
0.399                     -35.87868952146268
0.3990666666666667        -35.88579006288343
0.39913333333333334       -35.89204893740215
0.3992                    -35.896800955966725
0.39926666666666666       -35.89977309330395
0.3993333333333333        -35.901146984756885
0.3994                    -35.90149869160401
0.3994666666666667        -35.90163552426648
0.39953333333333335       -35.90237785485945
0.3996                    -35.90434652149282
0.39966666666666667       -35.907811332049356
0.3997333333333334        -35.9126368092376
0.39980000000000004       -35.91833430698088
0.3998666666666667        -35.92420210299362
0.39993333333333336       -35.92951334476151
0.4                       -35.93370078618511
0.4000666666666667        -35.9364900036628
0.40013333333333334       -35.93794876598415
0.4002                    -35.938444869382586
0.40026666666666666       -35.93853034381622
0.4003333333333333        -35.93878853475826
0.4004                    -35.939687122673234
0.4004666666666667        -35.941474144670394
0.40053333333333335       -35.9441389336386
0.4006                    -35.94744093491128
0.40066666666666667       -35.95099191501871
0.4007333333333334        -35.954365220957165
0.40080000000000005       -35.95720178864505
0.4008666666666667        -35.95928682181877
0.40093333333333336       -35.96058168217451
0.401                     -35.96120908740627
0.4010666666666667        -35.961402087221806
0.40113333333333334       -35.96143507518238
0.4012                    -35.961556715049724
0.40126666666666666       -35.9619406661764
0.4013333333333333        -35.96266252799584
0.4014                    -35.96370322432403
0.4014666666666667        -35.96497248230207
0.40153333333333335       -35.96634253455769
0.4016                    -35.96768196260748
0.40166666666666667       -35.96888202242239
0.4017333333333334        -35.969871593136276
0.40180000000000005       -35.97062070437822
0.4018666666666667        -35.97113537587457
0.40193333333333336       -35.971447755571326
0.402                     -35.97160536121632
0.4020666666666667        -35.97166210607456
0.40213333333333334       -35.97167233662853
0.4022                    -35.971687824448765
0.40226666666666666       -35.971756792996544
0.4023333333333333        -35.97192365971462
0.4024                    -35.97222815754069
0.40246666666666664       -35.972702791568175
0.40253333333333335       -35.97336816229393
0.4026                    -35.97422654125926
0.4026666666666667        -35.97525513828016
0.4027333333333334        -35.976401514097034
0.40280000000000005       -35.97758416616767
0.4028666666666667        -35.9787009908427
0.40293333333333337       -35.979646793387495
0.403                     -35.98033834374529
0.4030666666666667        -35.980742239380604
0.40313333333333334       -35.980898079355576
0.4032                    -35.98092839845057
0.40326666666666666       -35.98102839916014
0.4033333333333333        -35.981432946055854
0.4034                    -35.98236473608773
0.40346666666666664       -35.98397431277488
0.40353333333333335       -35.98628749804171
0.4036                    -35.989176936203826
0.4036666666666667        -35.992370683225744
0.4037333333333334        -35.99550231189526
0.40380000000000005       -35.99819548818973
0.4038666666666667        -36.00016438707979
0.40393333333333337       -36.00130337804061
0.404                     -36.00173845768869
0.4040666666666667        -36.00182048493008
0.40413333333333334       -36.00205510680805
0.4042                    -36.00298231753772
0.40426666666666666       -36.00503441889876
0.4043333333333333        -36.00840985103913
0.4044                    -36.01299915966792
0.40446666666666664       -36.01838813934551
0.40453333333333336       -36.02394421308877
0.4046                    -36.02896955889702
0.4046666666666667        -36.032884024604435
0.40473333333333333       -36.035388747338374
0.40480000000000005       -36.036562679584705
0.4048666666666667        -36.0368603381172
0.40493333333333337       -36.0370061832072
0.405                     -36.03781078340869
0.4050666666666667        -36.03995682529641
0.40513333333333335       -36.04381228128156
0.4052                    -36.04932165251691
0.40526666666666666       -36.05600654619302
0.4053333333333333        -36.0630789628219
0.4054                    -36.06964087659257
0.40546666666666664       -36.07491906717988
0.40553333333333336       -36.07847184641956
0.4056                    -36.08030951274241
0.4056666666666667        -36.08089337009052
0.40573333333333333       -36.08101270558257
0.40580000000000005       -36.08157407572166
0.4058666666666667        -36.08336126798848
0.40593333333333337       -36.08683067091846
0.406                     -36.091995288011105
0.4060666666666667        -36.09842604728059
0.40613333333333335       -36.10536832996436
0.4062                    -36.11194194694357
0.40626666666666666       -36.117370931740446
0.4063333333333333        -36.121181367330124
0.4064                    -36.12331431582912
0.40646666666666664       -36.12412526063422
0.40653333333333336       -36.12427416751373
0.4066                    -36.124540757640354
0.4066666666666667        -36.12561827769318
0.40673333333333334       -36.12794125567118
0.40680000000000005       -36.13158970080671
0.4068666666666667        -36.13628936323921
0.40693333333333337       -36.14150186313471
0.40700000000000003       -36.14657607333493
0.4070666666666667        -36.15091810793179
0.40713333333333335       -36.1541348097108
0.4072                    -36.15611528736808
0.40726666666666667       -36.157034021269936
0.4073333333333333        -36.15728151627674
0.4074                    -36.15734747839141
0.40746666666666664       -36.15769159395395
0.40753333333333336       -36.15863622192335
0.4076                    -36.16030538463043
0.4076666666666667        -36.16261947168791
0.40773333333333334       -36.16533977378806
0.40780000000000005       -36.16814526807716
0.4078666666666667        -36.170718397992864
0.40793333333333337       -36.172817578184755
0.40800000000000003       -36.17432074269152
0.4080666666666667        -36.17523400809434
0.40813333333333335       -36.175669362550536
0.4082                    -36.17580245595327
0.40826666666666667       -36.175824469911426
0.4083333333333333        -36.17590064749662
0.4084                    -36.17614362541302
0.40846666666666664       -36.17660414137925
0.40853333333333336       -36.1772767946889
0.4086                    -36.17811549759372
0.4086666666666667        -36.17905242311161
0.40873333333333334       -36.18001526349828
0.40880000000000005       -36.18093966811892
0.4088666666666667        -36.18177595800251
0.40893333333333337       -36.18249095471977
0.40900000000000003       -36.18306670422304
0.4090666666666667        -36.18349804782265
0.40913333333333335       -36.18379061948072
0.4092                    -36.18396019443195
0.40926666666666667       -36.18403356671691
0.4093333333333333        -36.1840503882223
0.4094                    -36.18406472576629
0.40946666666666665       -36.18414460617953
0.40953333333333336       -36.18436773014374
0.4096                    -36.18481208110327
0.4096666666666667        -36.1855414652604
0.40973333333333334       -36.18658796110999
0.40980000000000005       -36.18793535873089
0.4098666666666667        -36.18950917313203
0.40993333333333337       -36.191178894775746
0.41000000000000003       -36.19277621417974
0.4100666666666667        -36.19412901761586
0.41013333333333335       -36.19510576098483
0.4102                    -36.195659879839354
0.41026666666666667       -36.195861039507655
0.4103333333333333        -36.1959008490868
0.4104                    -36.1960657532812
0.41046666666666665       -36.19667833970655
0.4105333333333333        -36.19801806130832
0.4106                    -36.20024044943675
0.4106666666666667        -36.20331754790337
0.41073333333333334       -36.20701982005226
0.41080000000000005       -36.21095099289788
0.4108666666666667        -36.214633746239876
0.4109333333333334        -36.21762899905575
0.41100000000000003       -36.21965912453116
0.4110666666666667        -36.220700187676684
0.41113333333333335       -36.22101318661081
0.4112                    -36.221099129790424
0.41126666666666667       -36.221583783785135
0.41133333333333333       -36.22305875396905
0.4114                    -36.22591976872077
0.41146666666666665       -36.230246370788144
0.4115333333333333        -36.23575866461093
0.4116                    -36.241868264944074
0.4116666666666667        -36.24781622711467
0.41173333333333334       -36.25286615647231
0.41180000000000005       -36.256502540104535
0.4118666666666667        -36.25857892345533
0.4119333333333334        -36.25937138192656
0.41200000000000003       -36.2595180790227
0.4120666666666667        -36.259858136596456
0.41213333333333335       -36.26121210324296
0.4122                    -36.264162921791275
0.41226666666666667       -36.26889621836053
0.41233333333333333       -36.275143098972215
0.4124                    -36.28224221190683
0.41246666666666665       -36.289306977803925
0.4125333333333333        -36.29545558397295
0.4126                    -36.300042787062615
0.4126666666666667        -36.30282995634018
0.41273333333333334       -36.30404568375039
0.4128                    -36.30432014153576
0.4128666666666667        -36.30451262915265
0.4129333333333334        -36.30548150002937
0.41300000000000003       -36.307859819502106
0.4130666666666667        -36.31189582257059
0.41313333333333335       -36.31739766741224
0.4132                    -36.32379363366505
0.41326666666666667       -36.330289057304775
0.41333333333333333       -36.33607670667078
0.4134                    -36.34054385307243
0.41346666666666665       -36.343420974741036
0.4135333333333333        -36.34483419631241
0.4136                    -36.34525155491819
0.4136666666666667        -36.34534321584755
0.41373333333333334       -36.34579826249012
0.4138                    -36.34714927256443
0.4138666666666667        -36.349649532256166
0.4139333333333334        -36.35323012743648
0.41400000000000003       -36.35754137501565
0.4140666666666667        -36.36206132835635
0.41413333333333335       -36.36623845795527
0.4142                    -36.36962939742969
0.41426666666666667       -36.37199698299714
0.41433333333333333       -36.37334715628682
0.4144                    -36.37390149916754
0.41446666666666665       -36.374019619982356
0.4145333333333333        -36.37409722402736
0.4146                    -36.37446873491722
0.4146666666666667        -36.375338108666455
0.41473333333333334       -36.37675076634459
0.4148                    -36.37860719635715
0.4148666666666667        -36.38070828413958
0.4149333333333334        -36.38281619645725
0.41500000000000004       -36.38471356507751
0.4150666666666667        -36.386247221200875
0.41513333333333335       -36.38734915677159
0.4152                    -36.38803451263889
0.4152666666666667        -36.38838213962021
0.41533333333333333       -36.388506320305815
0.4154                    -36.38852830274048
0.41546666666666665       -36.38855405765566
0.4155333333333333        -36.38866133880095
0.4156                    -36.388895932440505
0.4156666666666667        -36.389274781975026
0.41573333333333334       -36.38979277835565
0.4158                    -36.390430246970915
0.4158666666666667        -36.39115909354437
0.4159333333333334        -36.39194671518784
0.41600000000000004       -36.39275779178211
0.4160666666666667        -36.393554788976736
0.41613333333333336       -36.394298405169515
0.4162                    -36.394949294316945
0.4162666666666667        -36.395472167566176
0.41633333333333333       -36.39584275335962
0.4164                    -36.396057053981316
0.41646666666666665       -36.39614100931815
0.4165333333333333        -36.396157424872754
0.4166                    -36.396206381760635
0.4166666666666667        -36.39641586752427
0.41673333333333334       -36.39692134074559
0.4168                    -36.397836178454995
0.4168666666666667        -36.39921869471506
0.4169333333333334        -36.40104446828297
0.41700000000000004       -36.40319378127016
0.4170666666666667        -36.40546209142654
0.41713333333333336       -36.407596440573855
0.4172                    -36.40935337958003
0.4172666666666667        -36.41056624467473
0.41733333333333333       -36.41120399143152
0.4174                    -36.41140270826839
0.41746666666666665       -36.41145571965624
0.4175333333333333        -36.41175830662905
0.4176                    -36.41271599665277
0.4176666666666667        -36.41463733701335
0.41773333333333335       -36.41763930635789
0.4178                    -36.421593475552605
0.4178666666666667        -36.42613300767425
0.4179333333333334        -36.43072590056501
0.41800000000000004       -36.43480169315063
0.4180666666666667        -36.437901849185145
0.41813333333333336       -36.439813540791896
0.4182                    -36.440646998750225
0.4182666666666667        -36.440829439124286
0.41833333333333333       -36.441010966110674
0.4184                    -36.441903147773814
0.41846666666666665       -36.44409123124867
0.4185333333333333        -36.44787008645212
0.4186                    -36.45314955062352
0.4186666666666667        -36.45945823652679
0.41873333333333335       -36.46605003127981
0.4188                    -36.47209003619382
0.4188666666666667        -36.4768732765615
0.4189333333333334        -36.48001714053886
0.41900000000000004       -36.48157246367632
0.4190666666666667        -36.48201917499965
0.41913333333333336       -36.48214492755475
0.4192                    -36.48283878550876
0.4192666666666667        -36.48485594980112
0.41933333333333334       -36.48861683981137
0.4194                    -36.49409378936798
0.41946666666666665       -36.50081518046668
0.4195333333333333        -36.50798639504406
0.4196                    -36.51469651273501
0.4196666666666667        -36.52015630763554
0.41973333333333335       -36.52390335750384
0.4198                    -36.52591811080741
0.4198666666666667        -36.5266196378748
0.4199333333333334        -36.52674437083861
0.42000000000000004       -36.527144175876
0.4200666666666667        -36.52856104688188
0.42013333333333336       -36.53143908029003
0.4202                    -36.535821096131265
0.4202666666666667        -36.54135277769359
0.42033333333333334       -36.54738864532055
0.4204                    -36.55316840742135
0.42046666666666666       -36.558015077745885
0.4205333333333333        -36.561501982181696
0.4206                    -36.563545916898285
0.4206666666666667        -36.56440570184317
0.42073333333333335       -36.56459254596912
0.4208                    -36.56472240274319
0.4208666666666667        -36.565353742136956
0.4209333333333334        -36.56685398814089
0.42100000000000004       -36.56932601935854
0.4210666666666667        -36.572607453096715
0.42113333333333336       -36.576335670156496
0.4212                    -36.58005567726967
0.4212666666666667        -36.583339370651274
0.42133333333333334       -36.58588503631548
0.4214                    -36.58757429160711
0.42146666666666666       -36.58847729976444
0.4215333333333333        -36.58881172031972
0.4216                    -36.58887218973092
0.4216666666666667        -36.58895228871544
0.42173333333333335       -36.58927936593874
0.4218                    -36.58997582675513
0.42186666666666667       -36.5910513767569
0.4219333333333334        -36.59242215818205
0.42200000000000004       -36.59394689592641
0.4220666666666667        -36.595468061792445
0.42213333333333336       -36.59684746718129
0.4222                    -36.59798950262425
0.4222666666666667        -36.59884991579006
0.42233333333333334       -36.59943208936044
0.4224                    -36.59977526973616
0.42246666666666666       -36.5999398219473
0.4225333333333333        -36.59999368736579
0.4226                    -36.60000250202776
0.4226666666666667        -36.60002403071153
0.42273333333333335       -36.60010620363897
0.4228                    -36.600287313837875
0.42286666666666667       -36.60059679109616
0.4229333333333334        -36.60105524062718
0.42300000000000004       -36.60167296077452
0.4230666666666667        -36.60244684511398
0.42313333333333336       -36.60335638097374
0.4232                    -36.60436028428101
0.4232666666666667        -36.60539594831587
0.42333333333333334       -36.60638400861538
0.4234                    -36.60723961329127
0.42346666666666666       -36.60789029491298
0.4235333333333333        -36.608297885269685
0.4236                    -36.60847934896411
0.4236666666666667        -36.60851970552798
0.42373333333333335       -36.608570340373525
0.4238                    -36.60882854125723
0.42386666666666667       -36.60949884556702
0.4239333333333334        -36.610742677385765
0.42400000000000004       -36.612628068418125
0.4240666666666667        -36.615094102044466
0.42413333333333336       -36.61794362866886
0.4242                    -36.620872255175506
0.4242666666666667        -36.62353237872629
0.42433333333333334       -36.62562023341862
0.4244                    -36.62696469936154
0.42446666666666666       -36.62759236591427
0.4245333333333333        -36.627746431337215
0.4246                    -36.62784766085933
0.4246666666666667        -36.62840132853732
0.42473333333333335       -36.629870310416145
0.4248                    -36.63254629720343
0.42486666666666667       -36.63645472450763
0.4249333333333334        -36.641323022349205
0.42500000000000004       -36.6466271279096
0.4250666666666667        -36.651710944314274
0.42513333333333336       -36.65595232354243
0.4252                    -36.658933081137114
0.4252666666666667        -36.66056520245201
0.42533333333333334       -36.66113409915651
0.4254                    -36.661241359445405
0.42546666666666666       -36.661657799393545
0.4255333333333333        -36.66312380107817
0.4256                    -36.666149762035126
0.4256666666666667        -36.670870658924045
0.42573333333333335       -36.67699552637287
0.4258                    -36.68386877445321
0.42586666666666667       -36.690631289375936
0.4259333333333334        -36.696441802188
0.42600000000000005       -36.70070026902955
0.4260666666666667        -36.70321141777148
0.42613333333333336       -36.70424118176642
0.4262                    -36.704448459584455
0.4262666666666667        -36.70471042439734
0.42633333333333334       -36.70588972042684
0.4264                    -36.708607045629186
0.42646666666666666       -36.713079477178916
0.4265333333333333        -36.71906602624241
0.4266                    -36.72593337855671
0.4266666666666667        -36.73282368954812
0.42673333333333335       -36.7388796837971
0.4268                    -36.743466722192885
0.42686666666666667       -36.74633192720347
0.4269333333333334        -36.74765806299267
0.42700000000000005       -36.748000149155374
0.4270666666666667        -36.74812623134972
0.42713333333333336       -36.748809492073335
0.4272                    -36.75062941711622
0.4272666666666667        -36.75383344769052
0.42733333333333334       -36.758291218334634
0.4274                    -36.76354764726511
0.42746666666666666       -36.76895564826199
0.4275333333333333        -36.773849936315074
0.4276                    -36.77771466362424
0.4276666666666667        -36.78030160386835
0.42773333333333335       -36.781671256636656
0.4278                    -36.78215193097636
0.4278666666666667        -36.78223452112418
0.4279333333333334        -36.7824364165575
0.42800000000000005       -36.78317273360177
0.4280666666666667        -36.784666793898346
0.42813333333333337       -36.78691782859183
0.4282                    -36.78972713561352
0.4282666666666667        -36.79276905709296
0.42833333333333334       -36.795683610779975
0.4284                    -36.79816511111399
0.42846666666666666       -36.80002549838856
0.4285333333333333        -36.801220471025076
0.4286                    -36.801837783999446
0.42866666666666664       -36.80205686109155
0.42873333333333336       -36.80209461212073
0.4288                    -36.802153072878994
0.4288666666666667        -36.80238090499465
0.4289333333333334        -36.80285477220616
0.42900000000000005       -36.80358034153434
0.4290666666666667        -36.804507915582874
0.42913333333333337       -36.805555412159876
0.4292                    -36.80663158516926
0.4292666666666667        -36.80765434531093
0.42933333333333334       -36.80856177668632
0.4294                    -36.80931598849174
0.42946666666666666       -36.809901648572975
0.4295333333333333        -36.81032171223912
0.4296                    -36.81059264936901
0.42966666666666664       -36.81074074047413
0.42973333333333336       -36.8108001119186
0.4298                    -36.810812345251634
0.4298666666666667        -36.81082682667575
0.4299333333333334        -36.810900539797395
0.43000000000000005       -36.81109581369983
0.4300666666666667        -36.81147474581404
0.43013333333333337       -36.81208976132417
0.4302                    -36.812971074564025
0.4302666666666667        -36.8141134780978
0.43033333333333335       -36.81546642031674
0.4304                    -36.8169320708488
0.43046666666666666       -36.81837537306328
0.4305333333333333        -36.81964762574965
0.4306                    -36.82062118698083
0.43066666666666664       -36.82122840564073
0.43073333333333336       -36.82149434641314
0.4308                    -36.82155186198242
0.4308666666666667        -36.82163013725594
0.43093333333333333       -36.822013959639335
0.43100000000000005       -36.82297933755973
0.4310666666666667        -36.82471936678801
0.43113333333333337       -36.827279783830114
0.4312                    -36.83052430357477
0.4312666666666667        -36.83414463247129
0.43133333333333335       -36.83771953066966
0.4314                    -36.840813642201425
0.43146666666666667       -36.84309359228263
0.4315333333333333        -36.84443032070509
0.4316                    -36.84495641780985
0.43166666666666664       -36.845056777510905
0.43173333333333336       -36.845288298528665
0.4318                    -36.84624472400876
0.4318666666666667        -36.84839977038403
0.43193333333333334       -36.85197022072786
0.43200000000000005       -36.85683805697329
0.4320666666666667        -36.862557395741646
0.43213333333333337       -36.868450859189224
0.43220000000000003       -36.873775772604134
0.4322666666666667        -36.87791930241756
0.43233333333333335       -36.88056986139862
0.4324                    -36.881814869325396
0.43246666666666667       -36.882133266247344
0.4325333333333333        -36.88228040206885
0.4326                    -36.88309393355673
0.43266666666666664       -36.88527220660735
0.43273333333333336       -36.889184620652486
0.4328                    -36.89476524118335
0.4328666666666667        -36.90151951524504
0.43293333333333334       -36.90864491208401
0.43300000000000005       -36.915236258200466
0.4330666666666667        -36.920522597423
0.43313333333333337       -36.924071539448214
0.43320000000000003       -36.925903996328465
0.4332666666666667        -36.92648659313222
0.43333333333333335       -36.92660402152732
0.4334                    -36.927147824389166
0.43346666666666667       -36.92888053180448
0.4335333333333333        -36.93223864628509
0.4336                    -36.93722512720331
0.43366666666666664       -36.943416939985156
0.43373333333333336       -36.95008299669004
0.4338                    -36.95637951547968
0.4338666666666667        -36.96156995220245
0.43393333333333334       -36.965210495151915
0.43400000000000005       -36.967252200719734
0.4340666666666667        -36.96803505222607
0.43413333333333337       -36.968180321798215
0.43420000000000003       -36.96841560349113
0.4342666666666667        -36.96938313063214
0.43433333333333335       -36.97148264581731
0.4344                    -36.974786821897034
0.43446666666666667       -36.979045413508416
0.4345333333333333        -36.983770480334975
0.4346                    -36.9883750472613
0.43466666666666665       -36.99232587770021
0.43473333333333336       -36.995270120138436
0.4348                    -36.99710537882868
0.4348666666666667        -36.997980242199475
0.43493333333333334       -36.998232075231186
0.43500000000000005       -36.99828492298907
0.4350666666666667        -36.99853827373989
0.43513333333333337       -36.999275884670276
0.43520000000000003       -37.000614694887254
0.4352666666666667        -37.00250077936907
0.43533333333333335       -37.004746442013634
0.4354                    -37.00709318116241
0.43546666666666667       -37.00928121357911
0.43553333333333333       -37.011107739543135
0.4356                    -37.01246196442725
0.43566666666666665       -37.013332859927715
0.43573333333333336       -37.01379324440616
0.4358                    -37.01396894612338
0.4358666666666667        -37.01400359104742
0.43593333333333334       -37.01402813906941
0.43600000000000005       -37.014140805460315
0.4360666666666667        -37.01439893526618
0.4361333333333334        -37.0148210377678
0.43620000000000003       -37.01539527571365
0.4362666666666667        -37.01609034690289
0.43633333333333335       -37.016865514667174
0.4364                    -37.01767793713961
0.43646666666666667       -37.01848684942957
0.43653333333333333       -37.0192552090968
0.4366                    -37.019950003805455
0.43666666666666665       -37.020542584907325
0.43673333333333336       -37.02101022215521
0.4368                    -37.02133962388679
0.4368666666666667        -37.02153244115372
0.43693333333333334       -37.0216118089718
0.43700000000000006       -37.02162793326477
0.4370666666666667        -37.02165993899503
0.4371333333333334        -37.02181109457314
0.43720000000000003       -37.02219550082435
0.4372666666666667        -37.02291647978238
0.43733333333333335       -37.02403987129176
0.4374                    -37.025568430158444
0.43746666666666667       -37.02742541078189
0.43753333333333333       -37.02945517678787
0.4376                    -37.031445683691885
0.43766666666666665       -37.0331721651048
0.4377333333333333        -37.034454493536224
0.4378                    -37.03521450213546
0.4378666666666667        -37.03551636994624
0.43793333333333334       -37.03557480102646
0.43800000000000006       -37.03572261478285
0.4380666666666667        -37.036340144685354
0.4381333333333334        -37.037760591023456
0.43820000000000003       -37.040174624699056
0.4382666666666667        -37.04356104275501
0.43833333333333335       -37.04766649954133
0.4384                    -37.05204648437831
0.43846666666666667       -37.05616386593997
0.43853333333333333       -37.05952423107691
0.4386                    -37.06181380360422
0.43866666666666665       -37.06300078420265
0.4387333333333333        -37.063367486578244
0.4388                    -37.06345803349801
0.4388666666666667        -37.063949933733376
0.43893333333333334       -37.06548034667263
0.439                     -37.06847228386634
0.4390666666666667        -37.07300820385858
0.4391333333333334        -37.07878793343218
0.43920000000000003       -37.08518719643814
0.4392666666666667        -37.09140690686647
0.43933333333333335       -37.09667783840501
0.4394                    -37.10046721738146
0.43946666666666667       -37.102629539941866
0.43953333333333333       -37.103456693543166
0.4396                    -37.10360986584565
0.43966666666666665       -37.103949534740636
0.4397333333333333        -37.105309059793655
0.4398                    -37.10827298239903
0.4398666666666667        -37.11301934481923
0.43993333333333334       -37.11926797547357
0.44                      -37.126349089446016
0.4400666666666667        -37.13337539930898
0.4401333333333334        -37.13947327336203
0.44020000000000004       -37.14401134647824
0.4402666666666667        -37.146764126417125
0.44033333333333335       -37.14796545592563
0.4404                    -37.1482380206455
0.4404666666666667        -37.14842062437013
0.44053333333333333       -37.14934304842576
0.4406                    -37.1516105599241
0.44066666666666665       -37.155454375194815
0.4407333333333333        -37.16068422223718
0.4408                    -37.16675123851553
0.4408666666666667        -37.172900960358525
0.44093333333333334       -37.178373594354056
0.441                     -37.18259744421766
0.4410666666666667        -37.18532456612735
0.4411333333333334        -37.1866750971945
0.44120000000000004       -37.18708334033544
0.4412666666666667        -37.187166227610874
0.44133333333333336       -37.18755457791187
0.4414                    -37.18873420065669
0.4414666666666667        -37.19093692006996
0.44153333333333333       -37.19410475676837
0.4416                    -37.19792957654779
0.44166666666666665       -37.201951217948476
0.4417333333333333        -37.20568390782309
0.4418                    -37.20873634894466
0.4418666666666667        -37.21089575079106
0.44193333333333334       -37.21215843105581
0.442                     -37.2127055225805
0.4420666666666667        -37.21283692401144
0.4421333333333334        -37.212885818309815
0.44220000000000004       -37.21313788117642
0.4422666666666667        -37.213774314126546
0.44233333333333336       -37.21484860697235
0.4424                    -37.21629674658965
0.4424666666666667        -37.21797233538644
0.44253333333333333       -37.21969355976018
0.4426                    -37.22128862718278
0.44266666666666665       -37.22262945389761
0.4427333333333333        -37.22364851639179
0.4428                    -37.224339096580884
0.4428666666666667        -37.22474315694481
0.44293333333333335       -37.22493296851379
0.443                     -37.224992380406455
0.4430666666666667        -37.22500189803671
0.4431333333333334        -37.225029439375234
0.44320000000000004       -37.225126584401245
0.4432666666666667        -37.22532881088361
0.44333333333333336       -37.22565772619424
0.4434                    -37.226123488010685
0.4434666666666667        -37.22672617935041
0.44353333333333333       -37.22745563048729
0.4436                    -37.228289929425536
0.44366666666666665       -37.22919356928348
0.4437333333333333        -37.23011676370477
0.44380000000000003       -37.23099775565004
0.4438666666666667        -37.231769714354854
0.44393333333333335       -37.23237285746527
0.444                     -37.232770742533305
0.4440666666666667        -37.23296756460014
0.4441333333333334        -37.233021438460646
0.44420000000000004       -37.23304788434219
0.4442666666666667        -37.233208796495795
0.44433333333333336       -37.23368529454021
0.4444                    -37.23463755012403
0.4444666666666667        -37.23615973879533
0.44453333333333334       -37.23824204872019
0.4446                    -37.24075259784301
0.44466666666666665       -37.24344917036092
0.4447333333333333        -37.24602390750313
0.44480000000000003       -37.24817475703943
0.4448666666666667        -37.24968805182754
0.44493333333333335       -37.250510157264486
0.445                     -37.25078549812704
0.4450666666666667        -37.25084475852678
0.4451333333333334        -37.25113962021139
0.44520000000000004       -37.25213573876333
0.4452666666666667        -37.254189183484556
0.44533333333333336       -37.25743905601321
0.4454                    -37.26174789641482
0.4454666666666667        -37.266711473989034
0.44553333333333334       -37.271742518816716
0.4456                    -37.27621263589073
0.44566666666666666       -37.279618274726595
0.4457333333333333        -37.28172598440622
0.4458                    -37.28265385653219
0.4458666666666667        -37.282861218428344
0.44593333333333335       -37.28304366533193
0.446                     -37.28395780703472
0.4460666666666667        -37.286221022019454
0.4461333333333334        -37.2901398351411
0.44620000000000004       -37.295614320422295
0.4462666666666667        -37.30214721670852
0.44633333333333336       -37.3089598205669
0.4464                    -37.31518819892094
0.4464666666666667        -37.32010977514022
0.44653333333333334       -37.3233389214736
0.4466                    -37.324935869512416
0.44666666666666666       -37.3253961731275
0.4467333333333333        -37.32552185235977
0.4468                    -37.32620928913057
0.4468666666666667        -37.32821198140318
0.44693333333333335       -37.331941983346425
0.447                     -37.337362108616105
0.4470666666666667        -37.34399635765881
0.4471333333333334        -37.35105526262539
0.44720000000000004       -37.35764301668135
0.4472666666666667        -37.362991302953915
0.44733333333333336       -37.36665679896706
0.4474                    -37.3686288895566
0.4474666666666667        -37.36931958702143
0.44753333333333334       -37.369441547474814
0.4476                    -37.36981137684583
0.44766666666666666       -37.371134270199065
0.4477333333333333        -37.373827718177104
0.4478                    -37.377927976959725
0.4478666666666667        -37.38309886300709
0.44793333333333335       -37.38873522424632
0.448                     -37.39412970762758
0.44806666666666667       -37.39865653519836
0.4481333333333334        -37.4019235046334
0.44820000000000004       -37.40385415261625
0.4482666666666667        -37.404683011072905
0.44833333333333336       -37.40487172550366
0.4484                    -37.40497471841321
0.4484666666666667        -37.40549399643956
0.44853333333333334       -37.40676145679759
0.4486                    -37.40887561133747
0.44866666666666666       -37.41170260740118
0.4487333333333333        -37.41493401327747
0.4488                    -37.41818044117422
0.4488666666666667        -37.42107350624732
0.44893333333333335       -37.42334978510193
0.449                     -37.424898299941106
0.44906666666666667       -37.42576486600707
0.4491333333333334        -37.42611870963075
0.44920000000000004       -37.426195641483595
0.4492666666666667        -37.42623567347243
0.44933333333333336       -37.42643113454581
0.4494                    -37.42689558238604
0.4494666666666667        -37.427656505598044
0.44953333333333334       -37.42866828934761
0.4496                    -37.42983776772634
0.44966666666666666       -37.431053482843005
0.4497333333333333        -37.43221114511461
0.4498                    -37.433230743959854
0.4498666666666667        -37.434064088348755
0.44993333333333335       -37.434694248422886
0.45                      -37.43512986020708
0.45006666666666667       -37.43539749431178
0.45013333333333333       -37.43553461001208
0.4502                    -37.43558450764706
0.4502666666666667        -37.43559358349035
0.45033333333333336       -37.43561033133926
0.4504                    -37.43568499819372
0.4504666666666667        -37.435868574548714
0.45053333333333334       -37.436209880677026
0.4506                    -37.436749947040774
0.45066666666666666       -37.43751373290327
0.4507333333333334        -37.43850043593354
0.45080000000000003       -37.439674973466936
0.4508666666666667        -37.4409642051487
0.45093333333333335       -37.442261551291296
0.451                     -37.44344238649043
0.45106666666666667       -37.44438986998083
0.45113333333333333       -37.445027192587695
0.4512                    -37.44534862837766
0.4512666666666667        -37.445439660525174
0.45133333333333336       -37.44547704579537
0.4514                    -37.445703537134456
0.4514666666666667        -37.446378564802345
0.45153333333333334       -37.44771385738882
0.4516                    -37.44980946598612
0.45166666666666666       -37.45260865898181
0.4517333333333334        -37.455888131142345
0.45180000000000003       -37.459292619317395
0.4518666666666667        -37.46241155302429
0.45193333333333335       -37.46488249589204
0.452                     -37.466495624161176
0.45206666666666667       -37.467269209722694
0.45213333333333333       -37.46747056244288
0.4522                    -37.46756998711475
0.4522666666666667        -37.46813373707324
0.45233333333333337       -37.469680237979034
0.4524                    -37.472536373590934
0.4524666666666667        -37.47673351443692
0.45253333333333334       -37.48197513330168
0.4526                    -37.48769085170816
0.45266666666666666       -37.49316926802054
0.4527333333333334        -37.497739222409876
0.45280000000000004       -37.500952566647456
0.4528666666666667        -37.50271695662838
0.45293333333333335       -37.50333786324938
0.453                     -37.50345312510552
0.4530666666666667        -37.50387390877351
0.45313333333333333       -37.50537312441257
0.4532                    -37.50847773094426
0.4532666666666667        -37.51332096573479
0.45333333333333337       -37.51959531109316
0.4534                    -37.526621345055545
0.4534666666666667        -37.53351755765416
0.45353333333333334       -37.53942860236096
0.4536                    -37.54375152261409
0.45366666666666666       -37.54629745855621
0.4537333333333333        -37.54734269297045
0.45380000000000004       -37.54755395188104
0.4538666666666667        -37.547808991670976
0.45393333333333336       -37.548962818315914
0.454                     -37.55162348631651
0.4540666666666667        -37.55599660647369
0.45413333333333333       -37.56183762832378
0.4542                    -37.56852208771256
0.4542666666666667        -37.57521353253138
0.45433333333333337       -37.58108365663987
0.4544                    -37.58552545901277
0.4544666666666667        -37.58830234749864
0.45453333333333334       -37.58959448393745
0.4546                    -37.58993338458037
0.45466666666666666       -37.59004746678134
0.4547333333333333        -37.590664697637386
0.45480000000000004       -37.59232707248766
0.4548666666666667        -37.595264378450096
0.45493333333333336       -37.59935557775909
0.455                     -37.60418159854864
0.4550666666666667        -37.609149864504666
0.45513333333333333       -37.61365392266751
0.4552                    -37.617224773001055
0.4552666666666667        -37.619635430332295
0.45533333333333337       -37.62093533837547
0.4554                    -37.621411918211706
0.4554666666666667        -37.62149636837898
0.45553333333333335       -37.6216439542508
0.4556                    -37.62222224828889
0.45566666666666666       -37.62343448293653
0.4557333333333333        -37.625292543800285
0.45580000000000004       -37.62763955997454
0.4558666666666667        -37.630209619250586
0.45593333333333336       -37.632704664198535
0.456                     -37.63486728244379
0.4560666666666667        -37.63653240135539
0.45613333333333334       -37.6376489506402
0.4562                    -37.6382716700447
0.4562666666666667        -37.63853073743638
0.45633333333333337       -37.638590945098166
0.45640000000000003       -37.63861225873129
0.4564666666666667        -37.638720535839155
0.45653333333333335       -37.638992524724884
0.4566                    -37.63945469557632
0.45666666666666667       -37.64009221761705
0.4567333333333333        -37.64086302838565
0.45680000000000004       -37.64171229365856
0.4568666666666667        -37.642584024798715
0.45693333333333336       -37.643428457245406
0.457                     -37.644205383356244
0.4570666666666667        -37.64488464125947
0.45713333333333334       -37.64544534217374
0.4572                    -37.645875306225264
0.4572666666666667        -37.646171746725706
0.45733333333333337       -37.6463436167396
0.45740000000000003       -37.64641526927014
0.4574666666666667        -37.646430248951354
0.45753333333333335       -37.64645328544587
0.4576                    -37.64656817679571
0.45766666666666667       -37.64686957070678
0.4577333333333333        -37.647447906865125
0.45780000000000004       -37.64836892166988
0.4578666666666667        -37.64965168603921
0.45793333333333336       -37.65125132986441
0.458                     -37.653053428529816
0.4580666666666667        -37.654885692002104
0.45813333333333334       -37.65654885576664
0.4582                    -37.65786309327102
0.45826666666666666       -37.65872028151273
0.45833333333333337       -37.65912806328925
0.45840000000000003       -37.65923082822682
0.4584666666666667        -37.6592966095786
0.45853333333333335       -37.659667115437365
0.4586                    -37.66067872056041
0.45866666666666667       -37.66257218726542
0.4587333333333333        -37.66541498935959
0.45880000000000004       -37.66906007942944
0.4588666666666667        -37.6731579919059
0.45893333333333336       -37.67722632177414
0.459                     -37.68076462392987
0.4590666666666667        -37.68338784000114
0.45913333333333334       -37.6849422939152
0.4592                    -37.68556904405983
0.45926666666666666       -37.68569118795382
0.45933333333333337       -37.68592199486853
0.45940000000000003       -37.6869135627341
0.4594666666666667        -37.689183972027486
0.45953333333333335       -37.692969093332366
0.4596                    -37.69814098752654
0.45966666666666667       -37.704219257347816
0.4597333333333333        -37.71047831094813
0.45980000000000004       -37.71612753746249
0.4598666666666667        -37.72051934511067
0.45993333333333336       -37.72332865663895
0.46                      -37.724651822133865
0.4600666666666667        -37.72499353602924
0.46013333333333334       -37.725141777144906
0.4602                    -37.7259630454095
0.46026666666666666       -37.728172878883
0.46033333333333337       -37.732143321288085
0.46040000000000003       -37.7377988792118
0.4604666666666667        -37.744629335387955
0.46053333333333335       -37.751817645654
0.4606                    -37.75845090158947
0.46066666666666667       -37.76375914726578
0.46073333333333333       -37.767317437651876
0.46080000000000004       -37.769155168927206
0.4608666666666667        -37.769742391325416
0.46093333333333336       -37.76985812197409
0.461                     -37.770379095158674
0.4610666666666667        -37.772048240707406
0.46113333333333334       -37.775285043763645
0.4612                    -37.78008585835548
0.46126666666666666       -37.78603678980566
0.4613333333333334        -37.792432118928765
0.46140000000000003       -37.798464389442074
0.4614666666666667        -37.803434351603634
0.46153333333333335       -37.806924637085075
0.4616                    -37.808892144966485
0.46166666666666667       -37.809657983759955
0.46173333333333333       -37.80980321473776
0.46180000000000004       -37.81000418391819
0.4618666666666667        -37.81085520126981
0.46193333333333336       -37.812725656457886
0.462                     -37.81568535349673
0.4620666666666667        -37.819511188738765
0.46213333333333334       -37.82376646683308
0.4622                    -37.827926543741434
0.46226666666666666       -37.831514936364286
0.4623333333333334        -37.83421438263405
0.46240000000000003       -37.83592699886356
0.4624666666666667        -37.83677355490356
0.46253333333333335       -37.83703904805406
0.4626                    -37.837085080888194
0.46266666666666667       -37.83725555183223
0.46273333333333333       -37.83780009970784
0.4628                    -37.83883144848354
0.4628666666666667        -37.840321621556996
0.46293333333333336       -37.84213143983771
0.463                     -37.84406043300764
0.4630666666666667        -37.84590157786379
0.46313333333333334       -37.84748702831236
0.4632                    -37.848715970168854
0.46326666666666666       -37.849562010896406
0.4633333333333334        -37.850063143802394
0.46340000000000003       -37.85030088692785
0.4634666666666667        -37.85037615457015
0.46353333333333335       -37.850388131835054
0.4636                    -37.8504198364063
0.46366666666666667       -37.85053125760284
0.46373333333333333       -37.850758806737915
0.4638                    -37.851118693904
0.4638666666666667        -37.85161172722991
0.46393333333333336       -37.852227598270325
0.464                     -37.852947589876344
0.4640666666666667        -37.853745527986845
0.46413333333333334       -37.85458754668399
0.4642                    -37.85543179516421
0.46426666666666666       -37.856229541535164
0.4643333333333334        -37.856929118169084
0.46440000000000003       -37.85748365731648
0.4644666666666667        -37.8578624868284
0.46453333333333335       -37.858064486614936
0.4646                    -37.858130022288904
0.4646666666666667        -37.85814690265874
0.46473333333333333       -37.85824585195667
0.4648                    -37.85858272151994
0.4648666666666667        -37.859308051300104
0.46493333333333337       -37.86052893334493
0.465                     -37.862272168069836
0.4650666666666667        -37.864459947729486
0.46513333333333334       -37.86690849697211
0.4652                    -37.86935570980401
0.46526666666666666       -37.871516373897094
0.4653333333333334        -37.87315476869714
0.46540000000000004       -37.87415688291591
0.4654666666666667        -37.87458106302903
0.46553333333333335       -37.87466860913882
0.4656                    -37.87480489496604
0.4656666666666667        -37.87543497492471
0.46573333333333333       -37.87695157192965
0.4658                    -37.879583549313786
0.4658666666666667        -37.88331612735474
0.46593333333333337       -37.88786874934731
0.466                     -37.89274331434119
0.4660666666666667        -37.897337150124024
0.46613333333333334       -37.901095972572506
0.4662                    -37.90366763297247
0.46626666666666666       -37.90501294557987
0.4663333333333334        -37.90543830680102
0.46640000000000004       -37.90553500106795
0.4664666666666667        -37.90603637613665
0.46653333333333336       -37.90762823656324
0.4666                    -37.91076235800911
0.4666666666666667        -37.915523913207466
0.46673333333333333       -37.92159093478837
0.4668                    -37.92830103793021
0.4668666666666667        -37.93481271981771
0.46693333333333337       -37.94032208679964
0.467                     -37.94427796371575
0.4670666666666667        -37.94653536491761
0.46713333333333334       -37.94740212132381
0.4672                    -37.94756296053607
0.46726666666666666       -37.94790050005889
0.4673333333333333        -37.949261934863586
0.46740000000000004       -37.9522346822771
0.4674666666666667        -37.956990689642026
0.46753333333333336       -37.963240034712754
0.4676                    -37.97030574224612
0.4676666666666667        -37.9773003746817
0.46773333333333333       -37.98335801831086
0.4678                    -37.98785959908304
0.4678666666666667        -37.99059029858304
0.46793333333333337       -37.99178646216615
0.468                     -37.99206105332586
0.4680666666666667        -37.99223140959614
0.46813333333333335       -37.993099484694525
0.4682                    -37.995245176911126
0.46826666666666666       -37.99888624971456
0.4683333333333333        -38.003837755134015
0.46840000000000004       -38.00957653749496
0.4684666666666667        -38.01538936978366
0.46853333333333336       -38.02056271414835
0.4686                    -38.02456278369994
0.4686666666666667        -38.02715907274012
0.46873333333333334       -38.02846186613688
0.4688                    -38.02886938116043
0.4688666666666667        -38.028945251862254
0.46893333333333337       -38.029264309582025
0.46900000000000003       -38.030269530633745
0.4690666666666667        -38.032175654777525
0.46913333333333335       -38.03493907626318
0.4692                    -38.03829459483362
0.46926666666666667       -38.041842689757736
0.4693333333333333        -38.045160025617584
0.46940000000000004       -38.04790298639419
0.4694666666666667        -38.04987919589556
0.46953333333333336       -38.05107319280404
0.4696                    -38.05162607542484
0.4696666666666667        -38.05178090303752
0.46973333333333334       -38.05181270716708
0.4698                    -38.05196280982295
0.4698666666666667        -38.05239256119038
0.46993333333333337       -38.053163876901365
0.47000000000000003       -38.05424581794207
0.4700666666666667        -38.05554019385108
0.47013333333333335       -38.056916054969776
0.4702                    -38.058243117125784
0.47026666666666667       -38.05941685319331
0.4703333333333333        -38.06037188892541
0.47040000000000004       -38.06108410192164
0.4704666666666667        -38.061564443885125
0.47053333333333336       -38.06184856935354
0.4706                    -38.06198601390122
0.4706666666666667        -38.06203144876286
0.47073333333333334       -38.06203906563531
0.4708                    -38.06205989140776
0.4708666666666667        -38.06214102699488
0.47093333333333337       -38.06232546154208
0.47100000000000003       -38.062651145489106
0.4710666666666667        -38.063148336043
0.47113333333333335       -38.06383483431362
0.4712                    -38.064709605631684
0.47126666666666667       -38.065746322643896
0.4713333333333333        -38.06688934288042
0.47140000000000004       -38.06805511980171
0.4714666666666667        -38.06914160205552
0.47153333333333336       -38.070046524321334
0.4716                    -38.07069275081945
0.4716666666666667        -38.07105562917533
0.47173333333333334       -38.07118471760011
0.4718                    -38.07121146670861
0.47186666666666666       -38.071336340790914
0.47193333333333337       -38.071793538643696
0.47200000000000003       -38.07279800000893
0.4720666666666667        -38.07448597970553
0.47213333333333335       -38.07686499001402
0.4722                    -38.07978949450575
0.47226666666666667       -38.082974419057734
0.4723333333333333        -38.08604967097406
0.47240000000000004       -38.088647232245194
0.4724666666666667        -38.09050111045115
0.47253333333333336       -38.09153321380607
0.4726                    -38.09189824554533
0.4726666666666667        -38.09196923075557
0.47273333333333334       -38.09226067441975
0.4728                    -38.09330433666343
0.47286666666666666       -38.09550774131048
0.47293333333333337       -38.09903311812874
0.47300000000000003       -38.10373205059422
0.4730666666666667        -38.10915883874423
0.47313333333333335       -38.11466599797181
0.4732                    -38.11956276926005
0.47326666666666667       -38.12329778530972
0.47333333333333333       -38.12561634158179
0.47340000000000004       -38.12664580681393
0.4734666666666667        -38.1268804043293
0.47353333333333336       -38.12706442841953
0.4736                    -38.128002285423946
0.4736666666666667        -38.13034522953184
0.47373333333333334       -38.134412024696175
0.4738                    -38.14009259549967
0.47386666666666666       -38.146862820368085
0.4739333333333334        -38.15391019751766
0.47400000000000003       -38.16034059538717
0.4740666666666667        -38.16541282311415
0.47413333333333335       -38.16873736619009
0.4742                    -38.17038308651576
0.47426666666666667       -38.170860535570235
0.47433333333333333       -38.170985759532215
0.47440000000000004       -38.17166262964376
0.4744666666666667        -38.17364382294465
0.47453333333333336       -38.1773346620182
0.4746                    -38.18269061704018
0.4746666666666667        -38.18923356020448
0.47473333333333334       -38.19618087677659
0.4748                    -38.202652427772236
0.47486666666666666       -38.20789986876121
0.4749333333333334        -38.21149664130274
0.47500000000000003       -38.213437899783344
0.4750666666666667        -38.21412550964917
0.47513333333333335       -38.214246312744564
0.4752                    -38.21458138284638
0.47526666666666667       -38.215800821441604
0.47533333333333333       -38.21829880693195
0.4754                    -38.222109011438846
0.4754666666666667        -38.22691688306137
0.47553333333333336       -38.232159531563575
0.4756                    -38.23718227202002
0.4756666666666667        -38.241408106767395
0.47573333333333334       -38.24447547976985
0.4758                    -38.24631068808701
0.47586666666666666       -38.247121151196595
0.4759333333333334        -38.247318214966796
0.47600000000000003       -38.24739636712198
0.4760666666666667        -38.247804560053694
0.47613333333333335       -38.2488432728437
0.4762                    -38.250610103546656
0.47626666666666667       -38.25300136182251
0.47633333333333333       -38.25576203114935
0.4764                    -38.25856537453939
0.4764666666666667        -38.26109858152177
0.47653333333333336       -38.26313263335725
0.4766                    -38.264561733690215
0.4766666666666667        -38.26540764143563
0.47673333333333334       -38.26579393889909
0.4768                    -38.26590199875036
0.47686666666666666       -38.26592276562054
0.4769333333333334        -38.26601658646426
0.47700000000000004       -38.26628860172423
0.4770666666666667        -38.26678159227073
0.47713333333333335       -38.26748343022599
0.4772                    -38.268343494518696
0.4772666666666667        -38.26929184026418
0.47733333333333333       -38.270256112433565
0.4774                    -38.271173338339544
0.4774666666666667        -38.27199595287688
0.47753333333333337       -38.27269307589381
0.4776                    -38.27324890628654
0.4776666666666667        -38.27366018351814
0.47773333333333334       -38.27393423849563
0.4778                    -38.27408847505337
0.47786666666666666       -38.27415136897131
0.4779333333333334        -38.27416433108452
0.47800000000000004       -38.27418312129059
0.4780666666666667        -38.27427704911554
0.47813333333333335       -38.27452416860759
0.4782                    -38.27500130376934
0.4782666666666667        -38.27576913355928
0.47833333333333333       -38.27685455565869
0.4784                    -38.278234624593026
0.4784666666666667        -38.27982774323552
0.47853333333333337       -38.281497658855336
0.4786                    -38.283073643944036
0.4786666666666667        -38.28438610032478
0.47873333333333334       -38.28531156855285
0.4788                    -38.28581631392
0.47886666666666666       -38.2859851588959
0.4789333333333334        -38.28602354345823
0.47900000000000004       -38.28622636689802
0.4790666666666667        -38.28691598570175
0.47913333333333336       -38.288361485533315
0.4792                    -38.29069905188443
0.4792666666666667        -38.2938762718466
0.47933333333333333       -38.29763995044869
0.4794                    -38.30157753730197
0.4794666666666667        -38.305208278673646
0.47953333333333337       -38.30810508588211
0.4796                    -38.31001627534766
0.4796666666666667        -38.31095217122778
0.47973333333333334       -38.31120772950768
0.4798                    -38.311308248594685
0.47986666666666666       -38.31188665533539
0.4799333333333333        -38.313521291404875
0.48000000000000004       -38.31657625713787
0.4800666666666667        -38.32108828702851
0.48013333333333336       -38.326734203452226
0.4802                    -38.33289346585242
0.4802666666666667        -38.33879551141667
0.48033333333333333       -38.34371729123082
0.4804                    -38.347179375878056
0.4804666666666667        -38.34908539376782
0.48053333333333337       -38.34976239688673
0.4806                    -38.34988656601766
0.4806666666666667        -38.3503114428024
0.48073333333333335       -38.35184400380014
0.4808                    -38.355028693903094
0.48086666666666666       -38.3599974253488
0.4809333333333333        -38.36642622771172
0.48100000000000004       -38.37361178066256
0.4810666666666667        -38.380649966898254
0.48113333333333336       -38.38667090714176
0.4812                    -38.39106790045333
0.4812666666666667        -38.3936572501611
0.48133333333333334       -38.39472407237317
0.4814                    -38.39494149579978
0.4814666666666667        -38.3951870042377
0.48153333333333337       -38.39630810890688
0.48160000000000003       -38.39890156588126
0.4816666666666667        -38.40316391555017
0.48173333333333335       -38.4088499714918
0.4818                    -38.415346792651825
0.48186666666666667       -38.421840916981694
0.4819333333333333        -38.42753294253321
0.48200000000000004       -38.43184166435147
0.4820666666666667        -38.43454361317552
0.48213333333333336       -38.43581278937699
0.4822                    -38.43615435794096
0.4822666666666667        -38.436255900771606
0.48233333333333334       -38.436801044918
0.4824                    -38.43829705348578
0.4824666666666667        -38.44095990473526
0.48253333333333337       -38.44468165748705
0.48260000000000003       -38.449081764829515
0.4826666666666667        -38.45362261291663
0.48273333333333335       -38.45775482218376
0.4828                    -38.46105286436175
0.48286666666666667       -38.46330715747984
0.4829333333333333        -38.46455311098309
0.48300000000000004       -38.46503616351618
0.4830666666666667        -38.4651289800812
0.48313333333333336       -38.465227720161124
0.4832                    -38.465656251866484
0.4832666666666667        -38.46660105170689
0.48333333333333334       -38.4680883018379
0.4834                    -38.47000227374464
0.4834666666666667        -38.472133932149994
0.48353333333333337       -38.47424303028788
0.48360000000000003       -38.476116502737774
0.4836666666666667        -38.47760997059492
0.48373333333333335       -38.47866586818324
0.4838                    -38.47930882099141
0.48386666666666667       -38.47962441849627
0.4839333333333333        -38.479730215648694
0.48400000000000004       -38.4797475179135
0.4840666666666667        -38.479780033354785
0.48413333333333336       -38.47990206423607
0.4842                    -38.4801557745335
0.4842666666666667        -38.48055500779607
0.48433333333333334       -38.481092388149214
0.4844                    -38.48174679632612
0.48446666666666666       -38.48248930659772
0.48453333333333337       -38.483286823659235
0.48460000000000003       -38.48410364464656
0.4846666666666667        -38.48490185332957
0.48473333333333335       -38.485641820330905
0.4848                    -38.486284147322934
0.48486666666666667       -38.48679412044177
0.4849333333333333        -38.48714905973664
0.48500000000000004       -38.48734785419359
0.4850666666666667        -38.487420613783904
0.48513333333333336       -38.48743514059998
0.4852                    -38.487496380835175
0.4852666666666667        -38.487735706224946
0.48533333333333334       -38.48828903822172
0.4854                    -38.48926621163087
0.48546666666666666       -38.49071774678587
0.4855333333333334        -38.492608120252825
0.48560000000000003       -38.49480539772334
0.4856666666666667        -38.497094818076924
0.48573333333333335       -38.49921850496594
0.4858                    -38.500935907801875
0.48586666666666667       -38.50209184412412
0.48593333333333333       -38.502673736341734
0.48600000000000004       -38.50283918902827
0.4860666666666667        -38.50290059551917
0.48613333333333336       -38.50326419910333
0.4862                    -38.50433420876356
0.4862666666666667        -38.506404296145654
0.48633333333333334       -38.509565363041666
0.4864                    -38.513657476420086
0.48646666666666666       -38.518284860038875
0.4865333333333334        -38.522897364846955
0.48660000000000003       -38.52692331659795
0.4866666666666667        -38.52992191622113
0.48673333333333335       -38.5317138450832
0.4868                    -38.53245064276113
0.48686666666666667       -38.53259779924198
0.48693333333333333       -38.53282992655052
0.48700000000000004       -38.53386179702089
0.4870666666666667        -38.536258476799944
0.48713333333333336       -38.54027543265828
0.4872                    -38.54577342136426
0.4872666666666667        -38.55223493750036
0.48733333333333334       -38.55888324173482
0.4874                    -38.564877306676685
0.48746666666666666       -38.569533261320025
0.4875333333333334        -38.572512104190906
0.48760000000000003       -38.57391955930639
0.4876666666666667        -38.574287005901226
0.48773333333333335       -38.57443609173315
0.4878                    -38.57526309386333
0.48786666666666667       -38.5775015546563
0.48793333333333333       -38.58152696372648
0.48800000000000004       -38.587255165350626
0.4880666666666667        -38.59416124818272
0.48813333333333336       -38.601414500276874
0.4882                    -38.608094672978964
0.4882666666666667        -38.61343243526599
0.48833333333333334       -38.617009000294324
0.4884                    -38.618860213236616
0.48846666666666666       -38.619457251805066
0.4885333333333334        -38.61957158538215
0.48860000000000003       -38.620064359413725
0.4886666666666667        -38.62165962710953
0.48873333333333335       -38.62476206585817
0.4888                    -38.62936462961863
0.48886666666666667       -38.635065907684776
0.48893333333333333       -38.641188046800494
0.489                     -38.64696076344528
0.4890666666666667        -38.6517209678335
0.48913333333333336       -38.65507491273855
0.4892                    -38.65698169014593
0.4892666666666667        -38.657740214473975
0.48933333333333334       -38.65788941938503
0.4894                    -38.658054518396895
0.48946666666666666       -38.658784027103316
0.4895333333333334        -38.660420459941896
0.48960000000000004       -38.6630344714811
0.4896666666666667        -38.66643285762087
0.48973333333333335       -38.67023105853592
0.4898                    -38.67396549688037
0.4898666666666667        -38.67721348097804
0.48993333333333333       -38.67968974418074
0.49                      -38.681297992607895
0.4900666666666667        -38.68212999810757
0.49013333333333337       -38.682419403272846
0.4902                    -38.68246823999837
0.4902666666666667        -38.682568545184154
0.49033333333333334       -38.6829390918539
0.4904                    -38.683689951486606
0.49046666666666666       -38.68481829204892
0.4905333333333334        -38.686230403800984
0.49060000000000004       -38.68777948770702
0.4906666666666667        -38.689307078184086
0.49073333333333335       -38.690677763387605
0.4908                    -38.69180091311537
0.4908666666666667        -38.692637848221054
0.49093333333333333       -38.693196842425984
0.491                     -38.69352063095241
0.4910666666666667        -38.693671510268615
0.49113333333333337       -38.69371805893066
0.4912                    -38.69372572447786
0.4912666666666667        -38.69375173331741
0.49133333333333334       -38.69384347477619
0.4914                    -38.69403885491386
0.49146666666666666       -38.69436703287788
0.4915333333333334        -38.694848264215125
0.49160000000000004       -38.69549212943597
0.4916666666666667        -38.6962941433452
0.49173333333333336       -38.69723157300299
0.4918                    -38.698260132133505
0.4918666666666667        -38.69931383384565
0.49193333333333333       -38.700310331024724
0.492                     -38.70116323164244
0.4920666666666667        -38.701801032374604
0.49213333333333337       -38.70218974285818
0.4922                    -38.702353690244486
0.4922666666666667        -38.702387413742514
0.49233333333333335       -38.702451956934524
0.4924                    -38.70275174824636
0.49246666666666666       -38.70349332360805
0.4925333333333334        -38.7048332012463
0.49260000000000004       -38.706827455114656
0.4926666666666667        -38.70939803874501
0.49273333333333336       -38.71232927769772
0.4928                    -38.715301787286116
0.4928666666666667        -38.71796132680652
0.49293333333333333       -38.72000907935077
0.493                     -38.72129084402467
0.4930666666666667        -38.721859050175986
0.49313333333333337       -38.72198559074964
0.4932                    -38.72211511769487
0.4932666666666667        -38.72276480259025
0.49333333333333335       -38.72439286337868
0.4934                    -38.72726937524564
0.49346666666666666       -38.73138546009096
0.4935333333333333        -38.73642970937042
0.49360000000000004       -38.741844898026315
0.4936666666666667        -38.7469570229737
0.49373333333333336       -38.7511474564103
0.4938                    -38.754023595024314
0.4938666666666667        -38.755539472355565
0.49393333333333334       -38.75602835898921
0.494                     -38.756132616707795
0.4940666666666667        -38.756645254075586
0.49413333333333337       -38.758303473974316
0.49420000000000003       -38.76158901781506
0.4942666666666667        -38.76658946984601
0.49433333333333335       -38.77295970231322
0.4944                    -38.779997402586034
0.49446666666666667       -38.78681693738504
0.4945333333333333        -38.792578487117424
0.49460000000000004       -38.79671175723955
0.4946666666666667        -38.799071977335245
0.49473333333333336       -38.799982827368666
0.4948                    -38.80015254876662
0.4948666666666667        -38.80048595715759
0.49493333333333334       -38.801844388807055
0.495                     -38.80481889578253
0.4950666666666667        -38.809576645771685
0.49513333333333337       -38.81581972227519
0.49520000000000003       -38.82286579118306
0.4952666666666667        -38.8298286338854
0.49533333333333335       -38.835850429658215
0.4954                    -38.84032346810419
0.49546666666666667       -38.843041460417055
0.4955333333333333        -38.844240412559216
0.49560000000000004       -38.84452085109485
0.4956666666666667        -38.84467693364992
0.49573333333333336       -38.84548270345528
0.4958                    -38.847494398564876
0.4958666666666667        -38.85091943936859
0.49593333333333334       -38.85558185963425
0.496                     -38.8609873402275
0.4960666666666667        -38.86646552715011
0.49613333333333337       -38.87134875470937
0.49620000000000003       -38.87513885950378
0.4962666666666667        -38.87761933517085
0.49633333333333335       -38.878887162819964
0.4964                    -38.87930215234137
0.49646666666666667       -38.87937420486934
0.4965333333333333        -38.879623739070055
0.49660000000000004       -38.88045393767967
0.4966666666666667        -38.88206592698878
0.49673333333333336       -38.884433191828684
0.4968                    -38.88733448643016
0.4968666666666667        -38.890429891596014
0.49693333333333334       -38.89335578230102
0.497                     -38.8958128126969
0.4970666666666667        -38.897626216248604
0.49713333333333337       -38.89876765647965
0.49720000000000003       -38.89933930610838
0.4972666666666667        -38.89953039109494
0.49733333333333335       -38.89956167376933
0.4974                    -38.89963348994202
0.49746666666666667       -38.899888903313496
0.4975333333333333        -38.90039728298479
0.49760000000000004       -38.90115735892265
0.4976666666666667        -38.90211427587745
0.49773333333333336       -38.90318316982904
0.4978                    -38.90427224253659
0.4978666666666667        -38.9053004534379
0.49793333333333334       -38.906207741669206
0.498                     -38.90695818363054
0.49806666666666666       -38.90753808856833
0.4981333333333334        -38.907951583320006
0.49820000000000003       -38.90821593969917
0.4982666666666667        -38.90835812184304
0.49833333333333335       -38.90841312071853
0.4984                    -38.90842381342568
0.49846666666666667       -38.90844142376281
0.49853333333333333       -38.90852520851471
0.49860000000000004       -38.908739830474175
0.4986666666666667        -38.90914914624768
0.49873333333333336       -38.90980597288201
0.4988                    -38.91073880839031
0.4988666666666667        -38.91193822056839
0.49893333333333334       -38.913347155068585
0.499                     -38.91486004069265
0.49906666666666666       -38.916334645616374
0.4991333333333334        -38.91761789166899
0.49920000000000003       -38.91858262113138
0.4992666666666667        -38.91916769595985
0.49933333333333335       -38.91941036950743
0.4994                    -38.91945921014103
0.49946666666666667       -38.9195589599201
0.49953333333333333       -38.92000539784422
0.49960000000000004       -38.921077034003325
0.4996666666666667        -38.92295880255457
0.49973333333333336       -38.92567814024555
0.4998                    -38.92907384152731
0.4998666666666667        -38.932812036053875
0.49993333333333334       -38.936452300896526
0.5                       -38.93955271389793
0.5000666666666667        -38.9417893732876
0.5001333333333333        -38.94305793945643
0.5002                    -38.94352567375286
0.5002666666666666        -38.94361337538888
0.5003333333333333        -38.94390520181759
0.5004                    -38.94500524180522
0.5004666666666666        -38.94737645971465
0.5005333333333333        -38.95120511922413
0.5006                    -38.95632975617944
0.5006666666666667        -38.96225898660147
0.5007333333333334        -38.968280113566564
0.5008                    -38.97363563609375
0.5008666666666667        -38.977723686481546
0.5009333333333333        -38.98026779018188
0.501                     -38.98140603945299
0.5010666666666667        -38.9816702312677
0.5011333333333334        -38.981856322891836
0.5012000000000001        -38.98281895147903
0.5012666666666667        -38.98524469792635
0.5013333333333334        -38.98946499483455
0.5014000000000001        -38.99535929520913
0.5014666666666667        -39.00237593156134
0.5015333333333334        -39.00966787875082
0.5016                    -39.01631018926798
0.5016666666666667        -39.021542506485346
0.5017333333333334        -39.024970795766244
0.5018                    -39.026671716219035
0.5018666666666667        -39.02716981977599
0.5019333333333333        -39.027294253397386
0.502                     -39.027955899018814
0.5020666666666667        -39.029906946899246
0.5021333333333333        -39.033547318183366
0.5022                    -39.03882733792996
0.5022666666666666        -39.045269350907546
0.5023333333333333        -39.05209989377434
0.5024                    -39.05845575605272
0.5024666666666666        -39.06360828417399
0.5025333333333333        -39.06714580302872
0.5025999999999999        -39.069066224758465
0.5026666666666667        -39.06975800496802
0.5027333333333334        -39.06987967534242
0.5028                    -39.07017587071076
0.5028666666666667        -39.07128263126293
0.5029333333333333        -39.07357354607822
0.503                     -39.07708332957555
0.5030666666666667        -39.08152249584383
0.5031333333333334        -39.08637259695148
0.5032000000000001        -39.09103186879693
0.5032666666666668        -39.09497037851226
0.5033333333333334        -39.09785415879626
0.5034000000000001        -39.0996089500579
0.5034666666666667        -39.10041263968203
0.5035333333333334        -39.100625575209115
0.5036                    -39.10068354147807
0.5036666666666667        -39.100985132825784
0.5037333333333334        -39.10180259271275
0.5038                    -39.10323511510263
0.5038666666666667        -39.10521006527666
0.5039333333333333        -39.10752473372979
0.504                     -39.109912269116826
0.5040666666666667        -39.11211200599597
0.5041333333333333        -39.11392654613307
0.5042                    -39.115254284202486
0.5042666666666666        -39.11609426859245
0.5043333333333333        -39.11652781867317
0.5044                    -39.11668620728043
0.5044666666666666        -39.11671509936472
0.5045333333333333        -39.11674466810771
0.5045999999999999        -39.11687061473853
0.5046666666666667        -39.117147215039346
0.5047333333333334        -39.11759026086283
0.5048                    -39.11818602780919
0.5048666666666667        -39.11890221372313
0.5049333333333333        -39.1196977266641
0.505                     -39.12052963723843
0.5050666666666667        -39.121356999306485
0.5051333333333334        -39.122142255929745
0.5052000000000001        -39.122851491151714
0.5052666666666668        -39.12345491839591
0.5053333333333334        -39.123928797038474
0.5054000000000001        -39.12425947672622
0.5054666666666667        -39.12444948346713
0.5055333333333334        -39.12452452821109
0.5056                    -39.12453922807159
0.5056666666666667        -39.12457855277344
0.5057333333333334        -39.124752013593344
0.5058                    -39.12517877616463
0.5058666666666667        -39.125964256999175
0.5059333333333333        -39.127171929676415
0.506                     -39.12879711952715
0.5060666666666667        -39.13075133981269
0.5061333333333333        -39.13286515487147
0.5062                    -39.13491410813939
0.5062666666666666        -39.13666626041593
0.5063333333333333        -39.13794269570049
0.5064                    -39.13867614108595
0.5064666666666666        -39.13895002395077
0.5065333333333333        -39.13900261891094
0.5065999999999999        -39.13918867635361
0.5066666666666667        -39.13990242792036
0.5067333333333334        -39.14147794698926
0.5068                    -39.1440918001271
0.5068666666666667        -39.14769573566936
0.5069333333333333        -39.152002349420925
0.507                     -39.15653469202475
0.5070666666666667        -39.16073399610862
0.5071333333333333        -39.16410214932344
0.5072000000000001        -39.166342355392636
0.5072666666666668        -39.167457531406974
0.5073333333333334        -39.16777415114733
0.5074000000000001        -39.16787832791469
0.5074666666666667        -39.16847563587115
0.5075333333333334        -39.17020883145891
0.5076                    -39.17348124904775
0.5076666666666667        -39.17833433008653
0.5077333333333334        -39.18441546175092
0.5078                    -39.191050056044496
0.5078666666666667        -39.19740456787687
0.5079333333333333        -39.202701271092636
0.508                     -39.20642822742669
0.5080666666666667        -39.20848536569281
0.5081333333333333        -39.20922275482218
0.5082                    -39.209356803952176
0.5082666666666666        -39.20978517144523
0.5083333333333333        -39.21135016057998
0.5084                    -39.21461444939335
0.5084666666666666        -39.219709039006474
0.5085333333333333        -39.226293813303485
0.5085999999999999        -39.23364187251189
0.5086666666666667        -39.24082675762604
0.5087333333333334        -39.246964048377635
0.5088                    -39.25144276234582
0.5088666666666667        -39.25408317247404
0.5089333333333333        -39.25517750499995
0.509                     -39.25540344439327
0.5090666666666667        -39.25563681360087
0.5091333333333333        -39.256717261964724
0.5092000000000001        -39.259231227764026
0.5092666666666668        -39.2633684451548
0.5093333333333334        -39.26888614857299
0.5094000000000001        -39.275185957923675
0.5094666666666667        -39.28147951865028
0.5095333333333334        -39.28699683368056
0.5096                    -39.29118114788441
0.5096666666666667        -39.293819278185524
0.5097333333333334        -39.29507559500045
0.5098                    -39.29542590145112
0.5098666666666667        -39.29551535232374
0.5099333333333333        -39.29598357734854
0.51                      -39.2973052858158
0.5100666666666667        -39.29968597589753
0.5101333333333333        -39.30303422290399
0.5102                    -39.307010421967526
0.5102666666666666        -39.31113257489417
0.5103333333333333        -39.3149071101992
0.5104                    -39.31794930887613
0.5104666666666666        -39.320063949943524
0.5105333333333333        -39.32127012840899
0.5105999999999999        -39.32177062763342
0.5106666666666666        -39.32188075609035
0.5107333333333334        -39.32194015108322
0.5108                    -39.32223199608421
0.5108666666666667        -39.322928306069855
0.5109333333333334        -39.32407018376186
0.511                     -39.32558161910749
0.5110666666666667        -39.32730734989341
0.5111333333333333        -39.3290611958849
0.5112000000000001        -39.33067143709198
0.5112666666666668        -39.332013367434634
0.5113333333333334        -39.33302450297433
0.5114000000000001        -39.33370324725065
0.5114666666666667        -39.33409565936107
0.5115333333333334        -39.334276611683165
0.5116                    -39.33433115921679
0.5116666666666667        -39.33434007455074
0.5117333333333334        -39.33437116564988
0.5118                    -39.33447598689115
0.5118666666666667        -39.334690321059476
0.5119333333333334        -39.33503641358525
0.512                     -39.335525183100586
0.5120666666666667        -39.3361572363493
0.5121333333333333        -39.33692226102687
0.5122                    -39.33779714081062
0.5122666666666666        -39.33874387061219
0.5123333333333333        -39.33970894878865
0.5124                    -39.34062619324883
0.5124666666666666        -39.34142460973603
0.5125333333333333        -39.342041830450746
0.5126                    -39.34244176709906
0.5126666666666666        -39.34263287202714
0.5127333333333334        -39.342681515831686
0.5128                    -39.34271437293575
0.5128666666666667        -39.342905079014464
0.5129333333333334        -39.34344395320758
0.513                     -39.344494649407416
0.5130666666666667        -39.34614686498469
0.5131333333333333        -39.34837794596753
0.5132000000000001        -39.35103676778855
0.5132666666666668        -39.35385970210129
0.5133333333333334        -39.356520975657226
0.5134000000000001        -39.358709778445096
0.5134666666666667        -39.360216766359635
0.5135333333333334        -39.36100641013904
0.5136000000000001        -39.36125179195483
0.5136666666666667        -39.36131607565414
0.5137333333333334        -39.361678595181154
0.5138                    -39.362819592957095
0.5138666666666667        -39.365091253493986
0.5139333333333334        -39.36860954793897
0.514                     -39.37319914562587
0.5140666666666667        -39.37841223631201
0.5141333333333333        -39.38362373759492
0.5142                    -39.38818412316184
0.5142666666666666        -39.39159254092498
0.5143333333333333        -39.393643000027026
0.5144                    -39.39449973213432
0.5144666666666666        -39.39467510507565
0.5145333333333333        -39.39491033156528
0.5146                    -39.395987376654176
0.5146666666666666        -39.398521002878425
0.5147333333333334        -39.40278678691084
0.5148                    -39.40863276954321
0.5148666666666667        -39.415501727791124
0.5149333333333334        -39.42256286447933
0.515                     -39.428922310077745
0.5150666666666667        -39.43385844616965
0.5151333333333333        -39.4370179180713
0.5152                    -39.43851618799796
0.5152666666666668        -39.43891207766141
0.5153333333333334        -39.4390617064093
0.5154000000000001        -39.439891821437364
0.5154666666666667        -39.44215461191021
0.5155333333333334        -39.44622978103579
0.5156000000000001        -39.45202554126486
0.5156666666666667        -39.459003545999096
0.5157333333333334        -39.4663206462663
0.5158                    -39.473050039695885
0.5158666666666667        -39.478422945733975
0.5159333333333334        -39.48202558081197
0.516                     -39.4838981318688
0.5160666666666667        -39.48451034645705
0.5161333333333333        -39.484623887774376
0.5162                    -39.485083112201345
0.5162666666666667        -39.48659355991169
0.5163333333333333        -39.48954708673781
0.5164                    -39.49393640922335
0.5164666666666666        -39.49937608960472
0.5165333333333333        -39.50521894306717
0.5166                    -39.51073311913256
0.5166666666666666        -39.51529100479123
0.5167333333333334        -39.51852006296059
0.5168                    -39.52037822277277
0.5168666666666667        -39.52113899795095
0.5169333333333334        -39.52129717245676
0.517                     -39.521426621260325
0.5170666666666667        -39.52203170106371
0.5171333333333333        -39.52343094678038
0.5172                    -39.525699025397984
0.5172666666666668        -39.52867498415678
0.5173333333333334        -39.532027152243984
0.5174000000000001        -39.53535196277687
0.5174666666666667        -39.53827810926034
0.5175333333333334        -39.54054953934935
0.5176000000000001        -39.54206952106324
0.5176666666666667        -39.54290040221912
0.5177333333333334        -39.54322588523582
0.5178                    -39.543291213267935
0.5178666666666667        -39.54333968465862
0.5179333333333334        -39.54356144760134
0.518                     -39.544064293828484
0.5180666666666667        -39.544868662790364
0.5181333333333333        -39.545922613305486
0.5182                    -39.54712862795145
0.5182666666666667        -39.54837324110403
0.5183333333333333        -39.54955214176275
0.5184                    -39.55058652377129
0.5184666666666666        -39.55142981205534
0.5185333333333333        -39.55206649857279
0.5186                    -39.55250617225388
0.5186666666666666        -39.552775933567965
0.5187333333333334        -39.552913619629216
0.5188                    -39.552963127299854
0.5188666666666667        -39.55297202053953
0.5189333333333334        -39.552990767519155
0.519                     -39.5530724305589
0.5190666666666667        -39.55327141768058
0.5191333333333333        -39.55364001490149
0.5192                    -39.55422192164767
0.5192666666666668        -39.555042964722695
0.5193333333333334        -39.5561004984161
0.5194000000000001        -39.55735441574673
0.5194666666666667        -39.55872368145875
0.5195333333333334        -39.560092243895014
0.5196000000000001        -39.56132663684711
0.5196666666666667        -39.562304518991674
0.5197333333333334        -39.56294940770397
0.5198                    -39.563263131107476
0.5198666666666667        -39.563345533961524
0.5199333333333334        -39.56339199208792
0.52                      -39.563663774219
0.5200666666666667        -39.56443351956277
0.5201333333333333        -39.56591622739146
0.5202                    -39.56820270730507
0.5202666666666667        -39.57121506776707
0.5203333333333333        -39.57470103187612
0.5204                    -39.578275529246326
0.5204666666666666        -39.58150558388278
0.5205333333333333        -39.584020999107736
0.5206                    -39.58562277892066
0.5206666666666666        -39.58635763668717
0.5207333333333333        -39.58653276150439
0.5208                    -39.586659704823845
0.5208666666666667        -39.58733598427696
0.5209333333333334        -39.589091850734576
0.521                     -39.592241807839734
0.5210666666666667        -39.59678219408453
0.5211333333333333        -39.60236667726148
0.5212                    -39.608372816388695
0.5212666666666668        -39.61404895183655
0.5213333333333334        -39.61870724837987
0.5214000000000001        -39.621912387439046
0.5214666666666667        -39.62361226180477
0.5215333333333334        -39.62416999673443
0.5216000000000001        -39.62428320307631
0.5216666666666667        -39.62480861378475
0.5217333333333334        -39.62653776222734
0.5218                    -39.629983664398914
0.5218666666666667        -39.63523606802476
0.5219333333333334        -39.6419253491882
0.522                     -39.64930747481728
0.5220666666666667        -39.65645099264636
0.5221333333333333        -39.662478907201326
0.5222                    -39.666801054501114
0.5222666666666667        -39.66927248342456
0.5223333333333333        -39.6702324724488
0.5224                    -39.67041255361477
0.5224666666666666        -39.67073960472686
0.5225333333333333        -39.67208927038695
0.5226                    -39.675056958978224
0.5226666666666666        -39.679806462356524
0.5227333333333333        -39.68603383402373
0.5228                    -39.69305350200739
0.5228666666666667        -39.6999821467388
0.5229333333333334        -39.70597068025559
0.523                     -39.71042198932191
0.5230666666666667        -39.713136194290406
0.5231333333333333        -39.71434600412879
0.5232                    -39.714636565839264
0.5232666666666668        -39.71477685127923
0.5233333333333334        -39.715512610481085
0.5234000000000001        -39.71737787632334
0.5234666666666667        -39.720572671565606
0.5235333333333334        -39.724933622837256
0.5236000000000001        -39.72999846304053
0.5236666666666667        -39.735141566792365
0.5237333333333334        -39.73974109375086
0.5238                    -39.743332632287874
0.5238666666666667        -39.745710661137124
0.5239333333333334        -39.746955752417996
0.524                     -39.747387163252064
0.5240666666666667        -39.74746056396175
0.5241333333333333        -39.747643209388094
0.5242                    -39.74830097552622
0.5242666666666667        -39.74962416553848
0.5243333333333333        -39.75160541255277
0.5244                    -39.754067980731584
0.5244666666666666        -39.75673039575571
0.5245333333333333        -39.75928633046267
0.5246                    -39.76147802103632
0.5246666666666666        -39.763146492532904
0.5247333333333333        -39.76425044991671
0.5248                    -39.76485501722051
0.5248666666666667        -39.765098886470035
0.5249333333333334        -39.765152130527724
0.525                     -39.76517659798737
0.5250666666666667        -39.765297383017504
0.5251333333333333        -39.76558901547466
0.5252                    -39.76607544881587
0.5252666666666667        -39.766739832050646
0.5253333333333334        -39.767538889828096
0.5254000000000001        -39.76841727053349
0.5254666666666667        -39.769318799596846
0.5255333333333334        -39.77019343597877
0.5256000000000001        -39.77100028093188
0.5256666666666667        -39.77170793408763
0.5257333333333334        -39.77229381760392
0.5258                    -39.772743939803306
0.5258666666666667        -39.77305411066835
0.5259333333333334        -39.77323295502284
0.526                     -39.773306244722335
0.5260666666666667        -39.77332116667389
0.5261333333333333        -39.77334835190684
0.5262                    -39.773479137786595
0.5262666666666667        -39.773815987333194
0.5263333333333333        -39.774455472492974
0.5264                    -39.77546563411186
0.5264666666666666        -39.776862315016054
0.5265333333333333        -39.77859130590299
0.5266                    -39.780523801542145
0.5266666666666666        -39.78247093478931
0.5267333333333333        -39.784218863830205
0.5268                    -39.78557975437241
0.5268666666666667        -39.78644765039797
0.5269333333333334        -39.786843852624905
0.527                     -39.78693607292715
0.5270666666666667        -39.787020359004245
0.5271333333333333        -39.78746399852211
0.5272                    -39.78861903030568
0.5272666666666667        -39.79072627532673
0.5273333333333334        -39.793835640515375
0.5274000000000001        -39.79776758037831
0.5274666666666668        -39.80213243446202
0.5275333333333334        -39.80641018140186
0.5276000000000001        -39.810076064640675
0.5276666666666667        -39.812742112440176
0.5277333333333334        -39.81427589981222
0.5278                    -39.81485997334518
0.5278666666666667        -39.81496911506727
0.5279333333333334        -39.81526483154154
0.528                     -39.81643049560955
0.5280666666666667        -39.81898893640312
0.5281333333333333        -39.82315144373199
0.5282                    -39.8287411828941
0.5282666666666667        -39.83521642023845
0.5283333333333333        -39.8417937111937
0.5284                    -39.847643942542184
0.5284666666666666        -39.852111717851784
0.5285333333333333        -39.8548981294596
0.5286                    -39.8561534833342
0.5286666666666666        -39.85645000944827
0.5287333333333333        -39.85663853989113
0.5287999999999999        -39.85762662695939
0.5288666666666667        -39.860137840682505
0.5289333333333334        -39.864516868754706
0.529                     -39.87063247356379
0.5290666666666667        -39.87790481191261
0.5291333333333333        -39.88545162260918
0.5292                    -39.89231649265372
0.5292666666666667        -39.897719268542964
0.5293333333333334        -39.90126063614637
0.5294000000000001        -39.90302405761457
0.5294666666666668        -39.90354691578326
0.5295333333333334        -39.903670381869894
0.5296000000000001        -39.90431177329419
0.5296666666666667        -39.906223110587334
0.5297333333333334        -39.90980031523708
0.5298                    -39.91499091641025
0.5298666666666667        -39.92132053610468
0.5299333333333334        -39.928027380955086
0.53                      -39.93426662879884
0.5300666666666667        -39.939329182861805
0.5301333333333333        -39.942816447702185
0.5302                    -39.94472608081387
0.5302666666666667        -39.945429788689566
0.5303333333333333        -39.94555515375517
0.5304                    -39.94580926955179
0.5304666666666666        -39.94679492006166
0.5305333333333333        -39.948867596876916
0.5306                    -39.952066484255326
0.5306666666666666        -39.956130474780124
0.5307333333333333        -39.96058774690569
0.5307999999999999        -39.96488987832684
0.5308666666666667        -39.96855262819351
0.5309333333333334        -39.971267039270074
0.531                     -39.97295550182704
0.5310666666666667        -39.973764390585224
0.5311333333333333        -39.974002577515144
0.5312                    -39.97404828330682
0.5312666666666667        -39.97425200588314
0.5313333333333334        -39.97486022181368
0.5314000000000001        -39.975975386764915
0.5314666666666668        -39.977556050976546
0.5315333333333334        -39.979450241418235
0.5316000000000001        -39.98144823556886
0.5316666666666667        -39.9833386191665
0.5317333333333334        -39.98495380362283
0.5318                    -39.986196570277386
0.5318666666666667        -39.98704569463673
0.5319333333333334        -39.98754430497775
0.532                     -39.98777798178808
0.5320666666666667        -39.98785027955632
0.5321333333333333        -39.987861817880216
0.5322                    -39.98789636336939
0.5322666666666667        -39.98801451412585
0.5323333333333333        -39.988253518352586
0.5324                    -39.988630751573965
0.5324666666666666        -39.989148355770055
0.5325333333333333        -39.989797170254974
0.5326                    -39.990558980321296
0.5326666666666666        -39.99140700394446
0.5327333333333333        -39.99230529938878
0.5327999999999999        -39.99320835813373
0.5328666666666667        -39.994062483214314
0.5329333333333334        -39.99481050600546
0.533                     -39.99540078946297
0.5330666666666667        -39.99580020972574
0.5331333333333333        -39.99600903857752
0.5332                    -39.99607382173517
0.5332666666666667        -39.9960931784104
0.5333333333333333        -39.9962116900025
0.5334000000000001        -39.99659916265597
0.5334666666666668        -39.997416409684334
0.5335333333333334        -39.99877345948207
0.5336000000000001        -40.000690333122144
0.5336666666666667        -40.00307264701405
0.5337333333333334        -40.00571300067564
0.5338                    -40.00832395144114
0.5338666666666667        -40.01060007014134
0.5339333333333334        -40.012297076624456
0.534                     -40.013308264418
0.5340666666666667        -40.01371536963194
0.5341333333333333        -40.01379474351779
0.5342                    -40.01397011314233
0.5342666666666667        -40.014717895367546
0.5343333333333333        -40.01644574080493
0.5344                    -40.01937519179069
0.5344666666666666        -40.02346169895124
0.5345333333333333        -40.028378498109525
0.5346                    -40.033576003205184
0.5346666666666666        -40.03840847211148
0.5347333333333333        -40.0422995377245
0.5347999999999999        -40.04490364241889
0.5348666666666667        -40.04621696534946
0.5349333333333334        -40.046601939097314
0.535                     -40.04671213211563
0.5350666666666667        -40.04733257726159
0.5351333333333333        -40.049175599994136
0.5352                    -40.05268613554857
0.5352666666666667        -40.05790968488903
0.5353333333333333        -40.06446113049415
0.5354000000000001        -40.07160747345607
0.5354666666666668        -40.07844782148606
0.5355333333333334        -40.08414649821518
0.5356000000000001        -40.08815749738997
0.5356666666666667        -40.09037724348501
0.5357333333333334        -40.09118031782923
0.5358                    -40.09132544944403
0.5358666666666667        -40.09175644087045
0.5359333333333334        -40.09335248449187
0.536                     -40.09669550640875
0.5360666666666667        -40.10191621102482
0.5361333333333334        -40.10865875952227
0.5362                    -40.116173018589535
0.5362666666666667        -40.123510396652534
0.5363333333333333        -40.129771798780645
0.5364                    -40.13434125294326
0.5364666666666666        -40.137041621993426
0.5365333333333333        -40.1381703510723
0.5366                    -40.138407712817994
0.5366666666666666        -40.13862642653085
0.5367333333333333        -40.139657928625226
0.5367999999999999        -40.142079397238575
0.5368666666666667        -40.14607614246741
0.5369333333333334        -40.15141101148831
0.537                     -40.15750335469914
0.5370666666666667        -40.163592159526154
0.5371333333333334        -40.16893743606409
0.5372                    -40.173005623347315
0.5372666666666667        -40.175591067860736
0.5373333333333333        -40.17684510016772
0.5374000000000001        -40.17721116487007
0.5374666666666668        -40.17729033944377
0.5375333333333334        -40.177678447952204
0.5376000000000001        -40.1788195808689
0.5376666666666667        -40.18091177898838
0.5377333333333334        -40.18388324745494
0.5378000000000001        -40.187437521053724
0.5378666666666667        -40.191148830808174
0.5379333333333334        -40.194578354330545
0.538                     -40.19737997744656
0.5380666666666667        -40.199370433678816
0.5381333333333334        -40.20055088997205
0.5382                    -40.20108131453581
0.5382666666666667        -40.20122102626747
0.5383333333333333        -40.20125548941854
0.5384                    -40.20142956847275
0.5384666666666666        -40.201902162629175
0.5385333333333333        -40.202728902262095
0.5386                    -40.203871263218225
0.5386666666666666        -40.20522430380872
0.5387333333333333        -40.20665242500123
0.5388                    -40.20802310382856
0.5388666666666666        -40.20923154823103
0.5389333333333334        -40.2102132874812
0.539                     -40.21094547614049
0.5390666666666667        -40.211440192848606
0.5391333333333334        -40.2117339119208
0.5392                    -40.211876840615204
0.5392666666666667        -40.2119245164907
0.5393333333333333        -40.21193256939163
0.5394000000000001        -40.211954322623555
0.5394666666666668        -40.212040135095066
0.5395333333333334        -40.21223706645051
0.5396000000000001        -40.21258749779272
0.5396666666666667        -40.213125706569095
0.5397333333333334        -40.213872075531675
0.5398000000000001        -40.21482560497142
0.5398666666666667        -40.21595657320516
0.5399333333333334        -40.21720224207614
0.54                      -40.218468957725136
0.5400666666666667        -40.21964336417733
0.5401333333333334        -40.22061346507997
0.5402                    -40.22129713254485
0.5402666666666667        -40.221672135777254
0.5403333333333333        -40.22179906502543
0.5404                    -40.22182796670273
0.5404666666666667        -40.221981956467374
0.5405333333333333        -40.22251649910843
0.5406                    -40.22366029171988
0.5406666666666666        -40.22555073196165
0.5407333333333333        -40.22818146527602
0.5408                    -40.23137956561978
0.5408666666666666        -40.23482462940103
0.5409333333333334        -40.2381120016916
0.541                     -40.240849623230346
0.5410666666666667        -40.242766040881165
0.5411333333333334        -40.24380000386184
0.5412                    -40.244143077984226
0.5412666666666667        -40.244216897963824
0.5413333333333333        -40.244583912453216
0.5414000000000001        -40.245809858293704
0.5414666666666668        -40.248311794492714
0.5415333333333334        -40.252232513166234
0.5416000000000001        -40.257378258921
0.5416666666666667        -40.263242488787824
0.5417333333333334        -40.26911682194276
0.5418000000000001        -40.27426617381678
0.5418666666666667        -40.27812459171983
0.5419333333333334        -40.28045814899812
0.542                     -40.2814462609733
0.5420666666666667        -40.281653332980355
0.5421333333333334        -40.28189329743849
0.5422                    -40.283020654014614
0.5422666666666667        -40.285703176963594
0.5423333333333333        -40.29023734799699
0.5424                    -40.296457018922595
0.5424666666666667        -40.30376229055848
0.5425333333333333        -40.31126486725094
0.5426                    -40.31801503272793
0.5426666666666666        -40.323251452983165
0.5427333333333333        -40.326605665832744
0.5428                    -40.32820313123183
0.5428666666666666        -40.328630979589086
0.5429333333333334        -40.328780876207475
0.543                     -40.32961109190439
0.5430666666666667        -40.33189347522856
0.5431333333333334        -40.33601302195318
0.5432                    -40.3418715476134
0.5432666666666667        -40.34891860351364
0.5433333333333333        -40.356299780749694
0.5434                    -40.36308235335512
0.5434666666666668        -40.36849780083738
0.5435333333333334        -40.372135964542785
0.5436000000000001        -40.37403908399309
0.5436666666666667        -40.37467281219472
0.5437333333333334        -40.374786726869914
0.5438000000000001        -40.37520724737138
0.5438666666666667        -40.37662186021538
0.5439333333333334        -40.37941168990173
0.544                     -40.383572461624205
0.5440666666666667        -40.38873825022076
0.5441333333333334        -40.39429536947829
0.5442                    -40.399551694774075
0.5442666666666667        -40.403914476911524
0.5443333333333333        -40.4070301044226
0.5444                    -40.408852158809935
0.5444666666666667        -40.40962571668737
0.5445333333333333        -40.40979949266167
0.5446                    -40.409895786384375
0.5446666666666666        -40.410376229022404
0.5447333333333333        -40.41153790733608
0.5448                    -40.4134622020494
0.5448666666666666        -40.41602232343774
0.5449333333333334        -40.418939965982474
0.545                     -40.421870529023934
0.5450666666666667        -40.42449204824262
0.5451333333333334        -40.4265755809557
0.5452                    -40.428022774884056
0.5452666666666667        -40.42886692330889
0.5453333333333333        -40.42924371252152
0.5454                    -40.42934441951587
0.5454666666666668        -40.429366228651034
0.5455333333333334        -40.429471942824094
0.5456000000000001        -40.42976624016233
0.5456666666666667        -40.43028982017316
0.5457333333333334        -40.43102806690362
0.5458000000000001        -40.431928253636386
0.5458666666666667        -40.43291897952709
0.5459333333333334        -40.433926929095335
0.546                     -40.43488829624603
0.5460666666666667        -40.43575444195734
0.5461333333333334        -40.4364929611494
0.5462                    -40.43708609942879
0.5462666666666667        -40.437528481333246
0.5463333333333333        -40.43782564311798
0.5464                    -40.43799415433498
0.5464666666666667        -40.43806331939695
0.5465333333333333        -40.43807765026257
0.5466                    -40.43809857699776
0.5466666666666666        -40.43820338345287
0.5467333333333333        -40.438479383718075
0.5468                    -40.43901215226587
0.5468666666666666        -40.43986827749744
0.5469333333333333        -40.44107538739921
0.547                     -40.44260447809699
0.5470666666666667        -40.44436097181613
0.5471333333333334        -40.44619055274406
0.5472                    -40.44790315530058
0.5472666666666667        -40.44931368796783
0.5473333333333333        -40.45029221559106
0.5474                    -40.450811185977585
0.5474666666666668        -40.45097492564432
0.5475333333333334        -40.45101860422011
0.5476000000000001        -40.45127048888146
0.5476666666666667        -40.452081261635165
0.5477333333333334        -40.45373475640168
0.5478000000000001        -40.456362435425405
0.5478666666666667        -40.45988648305134
0.5479333333333334        -40.46401206315154
0.548                     -40.46827830983518
0.5480666666666667        -40.47216208657052
0.5481333333333334        -40.47521223125118
0.5482                    -40.47717977952655
0.5482666666666667        -40.478106213762786
0.5483333333333333        -40.478339742031594
0.5484                    -40.47846788512226
0.5484666666666667        -40.479178216761426
0.5485333333333333        -40.48108070367479
0.5486                    -40.48453805364331
0.5486666666666666        -40.48955102244727
0.5487333333333333        -40.49573356909228
0.5488                    -40.502390837356536
0.5488666666666666        -40.50868596739782
0.5489333333333333        -40.51385602015579
0.549                     -40.51742008902362
0.5490666666666667        -40.519320489514456
0.5491333333333334        -40.519953611457176
0.5492                    -40.520077268462614
0.5492666666666667        -40.52061689514765
0.5493333333333333        -40.522422110621804
0.5494                    -40.52603907568755
0.5494666666666668        -40.53155966175578
0.5495333333333334        -40.53858826219951
0.5496000000000001        -40.54633689031704
0.5496666666666667        -40.55382597858955
0.5497333333333334        -40.56013947726412
0.5498000000000001        -40.56466609120313
0.5498666666666667        -40.56725999680131
0.5499333333333334        -40.56827578221793
0.55                      -40.56846824703435
0.5500666666666667        -40.56878656539372
0.5501333333333334        -40.57012130104035
0.5502                    -40.573073357897
0.5502666666666667        -40.577804865229126
0.5503333333333333        -40.5840079618411
0.5504                    -40.590995940154464
0.5504666666666667        -40.59788989795925
0.5505333333333333        -40.60384987219838
0.5506                    -40.608288319433484
0.5506666666666666        -40.611009442825676
0.5507333333333333        -40.61223959036446
0.5508                    -40.61254558925873
0.5508666666666666        -40.61266930538366
0.5509333333333333        -40.61332793323483
0.551                     -40.61503485743759
0.5510666666666667        -40.61798569285941
0.5511333333333334        -40.62203324666619
0.5512                    -40.62675045314265
0.5512666666666667        -40.63155821646841
0.5513333333333333        -40.635880495297876
0.5514                    -40.63928489794702
0.5514666666666667        -40.641574132306374
0.5515333333333334        -40.64280957634084
0.5516000000000001        -40.64326807079596
0.5516666666666667        -40.64335068838136
0.5517333333333334        -40.643472663329405
0.5518000000000001        -40.64396468376956
0.5518666666666667        -40.64500844443331
0.5519333333333334        -40.64661713474274
0.552                     -40.64865854651832
0.5520666666666667        -40.65090825647091
0.5521333333333334        -40.65311501502927
0.5522                    -40.65506058989993
0.5522666666666667        -40.65660094284106
0.5523333333333333        -40.6576827902325
0.5524                    -40.65833693648927
0.5524666666666667        -40.658655224017146
0.5525333333333333        -40.658760373277985
0.5526                    -40.65877737669808
0.5526666666666666        -40.65881236392435
0.5527333333333333        -40.658941303234045
0.5528                    -40.659207769286354
0.5528666666666666        -40.65962704607963
0.5529333333333333        -40.66019322555478
0.553                     -40.66088643060049
0.5530666666666667        -40.66167834459415
0.5531333333333334        -40.66253539943948
0.5532                    -40.66341995981692
0.5532666666666667        -40.66429052836441
0.5533333333333333        -40.665102375416595
0.5534                    -40.665810056705716
0.5534666666666667        -40.6663729533919
0.5535333333333334        -40.66676415842821
0.5536000000000001        -40.66698174036289
0.5536666666666668        -40.66705985582591
0.5537333333333334        -40.667075835486386
0.5538000000000001        -40.66714888557166
0.5538666666666667        -40.667427011196594
0.5539333333333334        -40.668061395015116
0.554                     -40.66917137662939
0.5540666666666667        -40.67080737047234
0.5541333333333334        -40.67292211872116
0.5542                    -40.67536119307103
0.5542666666666667        -40.67788072757584
0.5543333333333333        -40.68019401529908
0.5544                    -40.68204005123977
0.5544666666666667        -40.68325867824881
0.5545333333333333        -40.68385160502756
0.5546                    -40.684008764100625
0.5546666666666666        -40.68408633158321
0.5547333333333333        -40.684535079294044
0.5548                    -40.685792295353224
0.5548666666666666        -40.688162937273795
0.5549333333333333        -40.69172201938116
0.5549999999999999        -40.696268138134386
0.5550666666666667        -40.70134729893724
0.5551333333333334        -40.706348758807486
0.5552                    -40.71065430312335
0.5552666666666667        -40.713804617896656
0.5553333333333333        -40.715637087080566
0.5554                    -40.71635287507466
0.5554666666666667        -40.716488230152976
0.5555333333333334        -40.71679128227976
0.5556000000000001        -40.71803311181952
0.5556666666666668        -40.72080184935555
0.5557333333333334        -40.72533515559791
0.5558000000000001        -40.73143816024502
0.5558666666666667        -40.73851320203056
0.5559333333333334        -40.74569931717132
0.556                     -40.75208965865933
0.5560666666666667        -40.75697130419408
0.5561333333333334        -40.76002177538836
0.5562                    -40.761405176361336
0.5562666666666667        -40.76173761953122
0.5563333333333333        -40.76192892338695
0.5564                    -40.7629432110626
0.5564666666666667        -40.76554352189323
0.5565333333333333        -40.77008888546657
0.5566                    -40.7764372610076
0.5566666666666666        -40.783979727702125
0.5567333333333333        -40.79179751912474
0.5568                    -40.79890141377572
0.5568666666666666        -40.80449016547015
0.5569333333333333        -40.80815793168011
0.5569999999999999        -40.80999376363767
0.5570666666666667        -40.810546779582886
0.5571333333333334        -40.81066942015326
0.5572                    -40.811285333887774
0.5572666666666667        -40.81314718701585
0.5573333333333333        -40.8166487151798
0.5574                    -40.82173724548542
0.5574666666666667        -40.8279445258638
0.5575333333333334        -40.83452281382058
0.5576000000000001        -40.84064687910073
0.5576666666666668        -40.845626761752065
0.5577333333333334        -40.84907491441768
0.5578000000000001        -40.85098561694811
0.5578666666666667        -40.8517105075548
0.5579333333333334        -40.85184369735689
0.558                     -40.85205378459633
0.5580666666666667        -40.85291120914985
0.5581333333333334        -40.85475586946374
0.5582                    -40.857634751889044
0.5582666666666667        -40.86131827269844
0.5583333333333333        -40.8653832595548
0.5584                    -40.86933499361776
0.5584666666666667        -40.87273367236455
0.5585333333333333        -40.875293087401985
0.5586                    -40.876929944644935
0.5586666666666666        -40.87775760164617
0.5587333333333333        -40.87803331199085
0.5588                    -40.878078922224816
0.5588666666666666        -40.87819878854437
0.5589333333333333        -40.87861544993716
0.5589999999999999        -40.87943545270127
0.5590666666666667        -40.88064784753514
0.5591333333333334        -40.88214928710187
0.5592                    -40.88378435976118
0.5592666666666667        -40.885388514731254
0.5593333333333333        -40.88682316324529
0.5594                    -40.88799693614588
0.5594666666666667        -40.888871975563745
0.5595333333333333        -40.88945808104833
0.5596000000000001        -40.889799665567956
0.5596666666666668        -40.88996069109938
0.5597333333333334        -40.89001153729254
0.5598000000000001        -40.89001988760344
0.5598666666666667        -40.890045922509366
0.5599333333333334        -40.89014084242063
0.56                      -40.890347133892
0.5600666666666667        -40.8906989436862
0.5601333333333334        -40.89122126369699
0.5602                    -40.891927227763894
0.5602666666666667        -40.8928136220662
0.5603333333333333        -40.89385566338251
0.5604                    -40.89500305844766
0.5604666666666667        -40.896180023496946
0.5605333333333333        -40.89729190765297
0.5606                    -40.89823997044222
0.5606666666666666        -40.89894363109792
0.5607333333333333        -40.89936651507592
0.5608                    -40.899539745075984
0.5608666666666666        -40.89957433237597
0.5609333333333333        -40.899655283628924
0.5609999999999999        -40.90001361771759
0.5610666666666667        -40.90087840844714
0.5611333333333334        -40.90241777786594
0.5612                    -40.9046833838243
0.5612666666666667        -40.907575283927486
0.5613333333333334        -40.910841674096005
0.5614                    -40.91412062836193
0.5614666666666667        -40.91701982361242
0.5615333333333333        -40.9192180165818
0.5616000000000001        -40.92056248072958
0.5616666666666668        -40.92113344365003
0.5617333333333334        -40.92125207519409
0.5618000000000001        -40.92142230413888
0.5618666666666667        -40.92221517774907
0.5619333333333334        -40.92412214152144
0.562                     -40.92741504639635
0.5620666666666667        -40.93205228959849
0.5621333333333334        -40.937661372286385
0.5622                    -40.94361000615561
0.5622666666666667        -40.94915454349922
0.5623333333333334        -40.95363151124153
0.5624                    -40.95664206668876
0.5624666666666667        -40.9581763810514
0.5625333333333333        -40.95863821899763
0.5626                    -40.95875675852841
0.5626666666666666        -40.95940498215263
0.5627333333333333        -40.96137136392173
0.5628                    -40.965145659054784
0.5628666666666666        -40.970776902710924
0.5629333333333333        -40.977843815965386
0.563                     -40.98554950864699
0.5630666666666667        -40.99292002102639
0.5631333333333334        -40.9990571927358
0.5632                    -41.003378517228306
0.5632666666666667        -41.00577680489487
0.5633333333333334        -41.00665293540754
0.5634                    -41.00681081458789
0.5634666666666667        -41.007243434513924
0.5635333333333333        -41.00886945233419
0.5636000000000001        -41.01229183861976
0.5636666666666668        -41.0176420145456
0.5637333333333334        -41.02454880693329
0.5638000000000001        -41.032238774519165
0.5638666666666667        -41.03974072511803
0.5639333333333334        -41.046139997829556
0.5640000000000001        -41.05081426661948
0.5640666666666667        -41.053587193947834
0.5641333333333334        -41.05475946134705
0.5642                    -41.055012179474986
0.5642666666666667        -41.055213962464904
0.5643333333333334        -41.05618821763967
0.5644                    -41.05850441114315
0.5644666666666667        -41.06234614643008
0.5645333333333333        -41.067485196207905
0.5646                    -41.07336172087911
0.5646666666666667        -41.07924404460818
0.5647333333333333        -41.084422496421794
0.5648                    -41.08838521715007
0.5648666666666666        -41.09093121870629
0.5649333333333333        -41.09219542464654
0.565                     -41.09258607895515
0.5650666666666666        -41.09265871650572
0.5651333333333334        -41.092965669032196
0.5652                    -41.09392233040256
0.5652666666666667        -41.09572213829708
0.5653333333333334        -41.098315759493
0.5654                    -41.10145177176996
0.5654666666666667        -41.10476107225713
0.5655333333333333        -41.10785858470402
0.5656000000000001        -41.11043493561313
0.5656666666666668        -41.11231698699319
0.5657333333333334        -41.11348704489601
0.5658000000000001        -41.11406268271327
0.5658666666666667        -41.11424887351575
0.5659333333333334        -41.114279091635666
0.5660000000000001        -41.11436161589577
0.5660666666666667        -41.114642592920134
0.5661333333333334        -41.115190695440226
0.5662                    -41.116001758875626
0.5662666666666667        -41.117017304569636
0.5663333333333334        -41.118149092944456
0.5664                    -41.119302583427675
0.5664666666666667        -41.12039454872868
0.5665333333333333        -41.12136299804022
0.5666                    -41.12217005401389
0.5666666666666667        -41.122799947626596
0.5667333333333333        -41.12325474575202
0.5668                    -41.12355005169653
0.5668666666666666        -41.12371209831778
0.5669333333333333        -41.1237767154282
0.567                     -41.1237897883662
0.5670666666666666        -41.1238081111516
0.5671333333333334        -41.12389903559546
0.5672                    -41.12413715097813
0.5672666666666667        -41.12459658732252
0.5673333333333334        -41.125338578135135
0.5674                    -41.126395621111186
0.5674666666666667        -41.12775560413315
0.5675333333333333        -41.12935096644121
0.5676000000000001        -41.13105852006611
0.5676666666666668        -41.132714265031154
0.5677333333333334        -41.13414416072822
0.5678000000000001        -41.13520687093596
0.5678666666666667        -41.135839282731304
0.5679333333333334        -41.136091944632554
0.5680000000000001        -41.13614125858406
0.5680666666666667        -41.13626927837054
0.5681333333333334        -41.13680991343537
0.5682                    -41.138070320154796
0.5682666666666667        -41.14024539173759
0.5683333333333334        -41.143348540730415
0.5684                    -41.14718123090124
0.5684666666666667        -41.151356246289424
0.5685333333333333        -41.155376539498924
0.5686                    -41.15875552945483
0.5686666666666667        -41.16115025269771
0.5687333333333333        -41.1624707124135
0.5688                    -41.16293095407598
0.5688666666666666        -41.1630207255986
0.5689333333333333        -41.16339797172081
0.569                     -41.16472554033976
0.5690666666666666        -41.167493152499986
0.5691333333333334        -41.17187255209348
0.5692                    -41.17764781337817
0.5692666666666667        -41.18424535457077
0.5693333333333334        -41.19086304913992
0.5694                    -41.19667051379792
0.5694666666666667        -41.201030165016086
0.5695333333333333        -41.20367829688901
0.5696                    -41.20481242537815
0.5696666666666668        -41.20505541748618
0.5697333333333334        -41.20530177693786
0.5698000000000001        -41.20648562352357
0.5698666666666667        -41.20933239564585
0.5699333333333334        -41.214160922134944
0.5700000000000001        -41.22078924807234
0.5700666666666667        -41.22857098846311
0.5701333333333334        -41.23655559257219
0.5702                    -41.24373304814142
0.5702666666666667        -41.24929911354184
0.5703333333333334        -41.25286873805247
0.5704                    -41.254577545644906
0.5704666666666667        -41.25504235226208
0.5705333333333333        -41.25519238432955
0.5706                    -41.2560196016537
0.5706666666666667        -41.25831753616343
0.5707333333333333        -41.26247824695514
0.5708                    -41.26839863569943
0.5708666666666666        -41.27551727684797
0.5709333333333333        -41.282969106103955
0.571                     -41.28981533417282
0.5710666666666666        -41.295286643654585
0.5711333333333334        -41.29897454326205
0.5712                    -41.3009207664127
0.5712666666666667        -41.30158428018672
0.5713333333333334        -41.30170065500433
0.5714                    -41.30207774255397
0.5714666666666667        -41.303385961367624
0.5715333333333333        -41.30599819553203
0.5716                    -41.309916615677615
0.5716666666666668        -41.31479831406814
0.5717333333333334        -41.320065726258846
0.5718000000000001        -41.32506747039841
0.5718666666666667        -41.32924482118993
0.5719333333333334        -41.332260720973636
0.5720000000000001        -41.33406130161748
0.5720666666666667        -41.3348603778594
0.5721333333333334        -41.335058918590946
0.5722                    -41.335127568746096
0.5722666666666667        -41.33548664379529
0.5723333333333334        -41.336414073823285
0.5724                    -41.338000242809976
0.5724666666666667        -41.34015397329888
0.5725333333333333        -41.34265045618417
0.5726                    -41.345202947057345
0.5726666666666667        -41.34753709036153
0.5727333333333333        -41.34944961669399
0.5728                    -41.35084025672122
0.5728666666666666        -41.3517144847433
0.5729333333333333        -41.35216247425057
0.573                     -41.35232443293265
0.5730666666666666        -41.35235352897814
0.5731333333333333        -41.35238544264408
0.5732                    -41.352519555874295
0.5732666666666667        -41.352812531392374
0.5733333333333334        -41.35328179176547
0.5734                    -41.353914799212134
0.5734666666666667        -41.35468001049807
0.5735333333333333        -41.35553644186531
0.5736                    -41.356440279750686
0.5736666666666668        -41.357348374289444
0.5737333333333334        -41.35821945518102
0.5738000000000001        -41.35901444593456
0.5738666666666667        -41.35969738001723
0.5739333333333334        -41.360238200434495
0.5740000000000001        -41.3606181543782
0.5740666666666667        -41.36083755758563
0.5741333333333334        -41.36092446705908
0.5742                    -41.36094152602095
0.5742666666666667        -41.360987400110496
0.5743333333333334        -41.361189364615356
0.5744                    -41.361685133775225
0.5744666666666667        -41.36259493749915
0.5745333333333333        -41.36398857194678
0.5746                    -41.36585558095685
0.5746666666666667        -41.36808851973784
0.5747333333333333        -41.370488248720875
0.5748                    -41.37279589552933
0.5748666666666666        -41.3747490206072
0.5749333333333333        -41.376151288496686
0.575                     -41.37693813244529
0.5750666666666666        -41.37721823330275
0.5751333333333333        -41.377273984040386
0.5752                    -41.37751352457653
0.5752666666666667        -41.3783802665495
0.5753333333333334        -41.38023930229096
0.5754                    -41.38326954116359
0.5754666666666667        -41.38739264354523
0.5755333333333333        -41.39226347806635
0.5756                    -41.39733268210332
0.5756666666666668        -41.40197278016106
0.5757333333333334        -41.405639844007226
0.5758000000000001        -41.40802865752782
0.5758666666666667        -41.40917622328463
0.5759333333333334        -41.409479029053095
0.5760000000000001        -41.40961200103885
0.5760666666666667        -41.4103650338151
0.5761333333333334        -41.41243758719983
0.5762                    -41.41624548998824
0.5762666666666667        -41.42179306951565
0.5763333333333334        -41.42864861304442
0.5764                    -41.436035660792484
0.5764666666666667        -41.4430223159897
0.5765333333333333        -41.44876261556716
0.5766                    -41.452725931198714
0.5766666666666667        -41.45484934747198
0.5767333333333333        -41.45556675134277
0.5768                    -41.455702702657945
0.5768666666666666        -41.45625822627035
0.5769333333333333        -41.4581465299523
0.577                     -41.46194997237338
0.5770666666666666        -41.46776289289598
0.5771333333333333        -41.475161768817216
0.5772                    -41.48331130888493
0.5772666666666667        -41.49118005033014
0.5773333333333334        -41.49780953458402
0.5774                    -41.50256495538201
0.5774666666666667        -41.50529840546029
0.5775333333333333        -41.50637964962336
0.5776                    -41.50658746708311
0.5776666666666667        -41.50689464937032
0.5777333333333334        -41.50820844048195
0.5778000000000001        -41.51113732095573
0.5778666666666668        -41.515844010326326
0.5779333333333334        -41.522018904648704
0.5780000000000001        -41.52897587537691
0.5780666666666667        -41.535841263242055
0.5781333333333334        -41.541783824549285
0.5782                    -41.546223864280975
0.5782666666666667        -41.54896691472237
0.5783333333333334        -41.55022981511109
0.5784                    -41.550558369097566
0.5784666666666667        -41.550665865962245
0.5785333333333333        -41.55124119319364
0.5786                    -41.552779067063675
0.5786666666666667        -41.5554739147271
0.5787333333333333        -41.55919831595796
0.5788                    -41.56356337791144
0.5788666666666666        -41.56803807977618
0.5789333333333333        -41.57209194837237
0.579                     -41.57532283203327
0.5790666666666666        -41.57753906069351
0.5791333333333333        -41.57878033570097
0.5792                    -41.579279560015536
0.5792666666666667        -41.57938307683996
0.5793333333333334        -41.579455243165604
0.5794                    -41.57979338351899
0.5794666666666667        -41.580572247445446
0.5795333333333333        -41.58182631883355
0.5796                    -41.5834673554659
0.5796666666666667        -41.585326321815685
0.5797333333333334        -41.5872050230148
0.5798000000000001        -41.588923402528025
0.5798666666666668        -41.59035257152715
0.5799333333333334        -41.591429408077715
0.5800000000000001        -41.59215408781822
0.5800666666666667        -41.59257572115771
0.5801333333333334        -41.5927727242649
0.5802                    -41.59283384646811
0.5802666666666667        -41.59284371543408
0.5803333333333334        -41.59287432867005
0.5804                    -41.59298191117995
0.5804666666666667        -41.59320737928428
0.5805333333333333        -41.59357831696464
0.5806                    -41.5941106618977
0.5806666666666667        -41.59480894061421
0.5807333333333333        -41.59566469079273
0.5808                    -41.596653567312394
0.5808666666666666        -41.59773247770458
0.5809333333333333        -41.59883878884645
0.581                     -41.599893926068965
0.5810666666666666        -41.60081322326594
0.5811333333333333        -41.60152245606297
0.5811999999999999        -41.60197918265507
0.5812666666666667        -41.602194349430945
0.5813333333333334        -41.60224750968791
0.5814                    -41.60228851213872
0.5814666666666667        -41.60252042056417
0.5815333333333333        -41.603162805545004
0.5816                    -41.60440056037806
0.5816666666666667        -41.606329384398926
0.5817333333333334        -41.608913026276085
0.5818000000000001        -41.61196751033637
0.5818666666666668        -41.615182949827144
0.5819333333333334        -41.61818454560306
0.5820000000000001        -41.620622832775815
0.5820666666666667        -41.6222723418958
0.5821333333333334        -41.62311135915956
0.5822                    -41.62335651991399
0.5822666666666667        -41.6234355762354
0.5823333333333334        -41.62389790257413
0.5824                    -41.62528059696471
0.5824666666666667        -41.62796282381358
0.5825333333333333        -41.6320477048877
0.5826                    -41.63730729425705
0.5826666666666667        -41.64321232347234
0.5827333333333333        -41.649047179520366
0.5828                    -41.65408667430802
0.5828666666666666        -41.657790858232964
0.5829333333333333        -41.659964177757146
0.583                     -41.66083062040055
0.5830666666666666        -41.66099749196224
0.5831333333333333        -41.66131156908499
0.5831999999999999        -41.662642728727654
0.5832666666666667        -41.66565176700356
0.5833333333333334        -41.67060481719968
0.5834                    -41.67728576481011
0.5834666666666667        -41.68503378021931
0.5835333333333333        -41.69290126736052
0.5836                    -41.69989509795556
0.5836666666666667        -41.70523891773957
0.5837333333333334        -41.70858459940404
0.5838000000000001        -41.71011183936402
0.5838666666666668        -41.71048531607818
0.5839333333333334        -41.71067982667872
0.5840000000000001        -41.711721741206745
0.5840666666666667        -41.7144177148777
0.5841333333333334        -41.719143154798715
0.5842                    -41.725745171066
0.5842666666666667        -41.73358409913719
0.5843333333333334        -41.741702042340954
0.5844                    -41.74907404164786
0.5844666666666667        -41.75487503937214
0.5845333333333333        -41.75869048349445
0.5846                    -41.760613542494355
0.5846666666666667        -41.76120439273752
0.5847333333333333        -41.76132691872589
0.5848                    -41.761912163430196
0.5848666666666666        -41.76371536064224
0.5849333333333333        -41.76713066873724
0.585                     -41.77210814166329
0.5850666666666666        -41.778188354576216
0.5851333333333333        -41.78463946231072
0.5851999999999999        -41.79065628975305
0.5852666666666667        -41.795566862758434
0.5853333333333334        -41.79899211895464
0.5854                    -41.80091961997078
0.5854666666666667        -41.801677725297864
0.5855333333333334        -41.80182490458421
0.5856                    -41.80199075806361
0.5856666666666667        -41.80271468954334
0.5857333333333333        -41.804323731437506
0.5858000000000001        -41.806876007384815
0.5858666666666668        -41.810176422585165
0.5859333333333334        -41.81385222143193
0.5860000000000001        -41.81746256051136
0.5860666666666667        -41.82061081985662
0.5861333333333334        -41.823031517452876
0.5862                    -41.82463377681963
0.5862666666666667        -41.825496934106084
0.5863333333333334        -41.82582686297113
0.5864                    -41.82589031554641
0.5864666666666667        -41.82594715873287
0.5865333333333334        -41.826197145331335
0.5866                    -41.826750833860345
0.5866666666666667        -41.82762620366849
0.5867333333333333        -41.82876584290099
0.5868                    -41.83006579963009
0.5868666666666666        -41.831406616351316
0.5869333333333333        -41.83267908204881
0.587                     -41.83380063470558
0.5870666666666666        -41.83472183717457
0.5871333333333333        -41.83542494651256
0.5871999999999999        -41.83591784899665
0.5872666666666667        -41.83622661774394
0.5873333333333334        -41.83638909011985
0.5874                    -41.836450669778245
0.5874666666666667        -41.836462427826575
0.5875333333333334        -41.8364807070023
0.5876                    -41.83656687048284
0.5876666666666667        -41.83678559418435
0.5877333333333333        -41.83720023996433
0.5878000000000001        -41.83786447964799
0.5878666666666668        -41.838810533618386
0.5879333333333334        -41.84003602543538
0.5880000000000001        -41.841493138118544
0.5880666666666667        -41.843084839147544
0.5881333333333334        -41.8446727013995
0.5882000000000001        -41.846098797048434
0.5882666666666667        -41.847220335700484
0.5883333333333334        -41.847950948279376
0.5884                    -41.84829825065235
0.5884666666666667        -41.84838531118803
0.5885333333333334        -41.84844529529556
0.5886                    -41.84878424093075
0.5886666666666667        -41.849715597287116
0.5887333333333333        -41.85147953947914
0.5888                    -41.854167258867996
0.5888666666666666        -41.85767281864951
0.5889333333333333        -41.86169123629985
0.589                     -41.86577126945604
0.5890666666666666        -41.86941679440558
0.5891333333333333        -41.87221524014451
0.5892                    -41.873959979981514
0.5892666666666667        -41.87473044541696
0.5893333333333334        -41.87490157450907
0.5894                    -41.8750720076634
0.5894666666666667        -41.87592335585107
0.5895333333333334        -41.87804387245631
0.5896                    -41.881762465962105
0.5896666666666667        -41.88703943672374
0.5897333333333333        -41.89344827904712
0.5898000000000001        -41.90026091203535
0.5898666666666668        -41.90662146087043
0.5899333333333334        -41.91176759892236
0.5900000000000001        -41.91524100772814
0.5900666666666667        -41.91702654499928
0.5901333333333334        -41.917576230542906
0.5902000000000001        -41.917705673694954
0.5902666666666667        -41.918387349187356
0.5903333333333334        -41.92049511394775
0.5904                    -41.92456839245878
0.5904666666666667        -41.93065949418492
0.5905333333333334        -41.938306223691086
0.5906                    -41.94664017933313
0.5906666666666667        -41.95460599266909
0.5907333333333333        -41.961236044297856
0.5908                    -41.96590722737984
0.5908666666666667        -41.96850810544079
0.5909333333333333        -41.96946832029454
0.591                     -41.96964143535141
0.5910666666666666        -41.9700747756164
0.5911333333333333        -41.971731066246335
0.5912                    -41.97523760162451
0.5912666666666666        -41.98072817170421
0.5913333333333334        -41.987816375232
0.5914                    -41.99570432893289
0.5914666666666667        -42.00339624736848
0.5915333333333334        -42.00995942215818
0.5916                    -42.01476253884075
0.5916666666666667        -42.017627596693075
0.5917333333333333        -42.01885656164093
0.5918000000000001        -42.019130286083936
0.5918666666666668        -42.01931332903736
0.5919333333333334        -42.02022240484028
0.5920000000000001        -42.02242178397227
0.5920666666666667        -42.02609666051819
0.5921333333333334        -42.0310311528586
0.5922000000000001        -42.036688988799824
0.5922666666666667        -42.0423692198171
0.5923333333333334        -42.04739212410219
0.5924                    -42.051265494427675
0.5924666666666667        -42.05378985069767
0.5925333333333334        -42.05508035517624
0.5926                    -42.055507468392285
0.5926666666666667        -42.05558009055157
0.5927333333333333        -42.055807706165275
0.5928                    -42.05657909957975
0.5928666666666667        -42.05808590335282
0.5929333333333333        -42.06030383618543
0.593                     -42.06302811234365
0.5930666666666666        -42.06594651414831
0.5931333333333333        -42.068726729294795
0.5932                    -42.07109459357001
0.5932666666666666        -42.07288587774854
0.5933333333333334        -42.07406382206468
0.5934                    -42.07470464832178
0.5934666666666667        -42.074960911998424
0.5935333333333334        -42.07501606346261
0.5936                    -42.07504278086358
0.5936666666666667        -42.07517367647344
0.5937333333333333        -42.07548772025514
0.5938000000000001        -42.07601096915703
0.5938666666666668        -42.07672712873227
0.5939333333333334        -42.077592478758284
0.5940000000000001        -42.07855043301385
0.5940666666666667        -42.07954273831368
0.5941333333333334        -42.08051625714628
0.5942000000000001        -42.08142584021272
0.5942666666666667        -42.08223471954856
0.5943333333333334        -42.08291415460714
0.5944                    -42.0834438918497
0.5944666666666667        -42.08381449467292
0.5945333333333334        -42.08403183508927
0.5946                    -42.08412304978325
0.5946666666666667        -42.08414216227534
0.5947333333333333        -42.084172632981506
0.5948                    -42.084323747049694
0.5948666666666667        -42.084718429084475
0.5949333333333333        -42.085472013984486
0.595                     -42.08666450138658
0.5950666666666666        -42.088312152018005
0.5951333333333333        -42.090346814154074
0.5952                    -42.0926118736154
0.5952666666666666        -42.094881327145245
0.5953333333333334        -42.09690309695904
0.5954                    -42.098460310919734
0.5954666666666667        -42.099436888136175
0.5955333333333334        -42.09986900644406
0.5956                    -42.099964227549535
0.5956666666666667        -42.10007626380153
0.5957333333333333        -42.100634628781386
0.5958                    -42.10204180858127
0.5958666666666668        -42.10456214147741
0.5959333333333334        -42.108232569876364
0.5960000000000001        -42.11282347918805
0.5960666666666667        -42.11786757904611
0.5961333333333334        -42.12275791876512
0.5962000000000001        -42.126896360577916
0.5962666666666667        -42.129856486679046
0.5963333333333334        -42.13151588359919
0.5964                    -42.13211648894581
0.5964666666666667        -42.13222888572148
0.5965333333333334        -42.13262279932333
0.5966                    -42.134073506325585
0.5966666666666667        -42.13715374679185
0.5967333333333333        -42.14206717571539
0.5968                    -42.1485708720217
0.5968666666666667        -42.15601321724882
0.5969333333333333        -42.16348427317186
0.597                     -42.17004498901942
0.5970666666666666        -42.17497690346045
0.5971333333333333        -42.17798355794464
0.5972                    -42.179284180160586
0.5972666666666666        -42.17956878161785
0.5973333333333334        -42.179823454151624
0.5974                    -42.18107224819093
0.5974666666666667        -42.18410540554375
0.5975333333333334        -42.18926673413379
0.5976                    -42.19635653543498
0.5976666666666667        -42.204676456810766
0.5977333333333333        -42.21320637981294
0.5978                    -42.22086877011182
0.5978666666666668        -42.22681097935357
0.5979333333333334        -42.23062859071188
0.5980000000000001        -42.23246752549893
0.5980666666666667        -42.23297680567012
0.5981333333333334        -42.233127176586834
0.5982000000000001        -42.23394865327275
0.5982666666666667        -42.23626038582974
0.5983333333333334        -42.24046446701703
0.5984                    -42.24645464549947
0.5984666666666667        -42.25365902461579
0.5985333333333334        -42.26120120333402
0.5986                    -42.268134604518046
0.5986666666666667        -42.27368658082994
0.5987333333333333        -42.277447328735754
0.5988                    -42.27945514882053
0.5988666666666667        -42.2801600320966
0.5989333333333333        -42.280282435597826
0.599                     -42.2806120786245
0.5990666666666666        -42.281804322139685
0.5991333333333333        -42.28422704382841
0.5992                    -42.287892622384284
0.5992666666666666        -42.29248457190464
0.5993333333333333        -42.2974636525721
0.5994                    -42.30221968382103
0.5994666666666667        -42.30622662594237
0.5995333333333334        -42.30916131705449
0.5996                    -42.31095932408928
0.5996666666666667        -42.31180059097235
0.5997333333333333        -42.31203698391016
0.5998                    -42.31208767825927
0.5998666666666668        -42.31233315971202
0.5999333333333334        -42.313034320789704
0.6000000000000001        -42.31429245744971
0.6000666666666667        -42.31605299983629
0.6001333333333334        -42.31814443216466
0.6002000000000001        -42.32033672850032
0.6002666666666667        -42.32240179711597
0.6003333333333334        -42.32416139027134
0.6004                    -42.32551404206622
0.6004666666666667        -42.32643961909359
0.6005333333333334        -42.3269859088206
0.6006                    -42.327244963565526
0.6006666666666667        -42.32732733387287
0.6007333333333333        -42.32734047398934
0.6008                    -42.327374626111514
0.6008666666666667        -42.32749655788006
0.6009333333333333        -42.32774944680092
0.601                     -42.32815626960705
0.6010666666666666        -42.32872412027695
0.6011333333333333        -42.329447576869995
0.6012                    -42.33031018811796
0.6012666666666666        -42.33128410727975
0.6013333333333333        -42.33232875112268
0.6014                    -42.33339004450408
0.6014666666666667        -42.33440221065648
0.6015333333333334        -42.335293975290405
0.6016                    -42.336000237239695
0.6016666666666667        -42.33647862701878
0.6017333333333333        -42.33672814925919
0.6018                    -42.33680490107449
0.6018666666666668        -42.33682858058244
0.6019333333333334        -42.33697404109837
0.6020000000000001        -42.33744498273903
0.6020666666666667        -42.338431725010615
0.6021333333333334        -42.34006074144858
0.6022000000000001        -42.34234850835041
0.6022666666666667        -42.3451743433361
0.6023333333333334        -42.34828487899213
0.6024                    -42.351336245864815
0.6024666666666667        -42.353969927004734
0.6025333333333334        -42.355907038995454
0.6026                    -42.357036979099945
0.6026666666666667        -42.35747350053756
0.6027333333333333        -42.35755654417376
0.6028                    -42.35779119510017
0.6028666666666667        -42.35873268553156
0.6029333333333333        -42.36084325941816
0.603                     -42.364357715693316
0.6030666666666666        -42.36919599389484
0.6031333333333333        -42.37495221972062
0.6032                    -42.38097166221343
0.6032666666666666        -42.38650373931971
0.6033333333333333        -42.39089612646181
0.6034                    -42.39377900802637
0.6034666666666667        -42.39518589815453
0.6035333333333334        -42.395571276069866
0.6036                    -42.39571287773464
0.6036666666666667        -42.396519595697406
0.6037333333333333        -42.39879387891085
0.6038                    -42.40301171271249
0.6038666666666667        -42.40918019386159
0.6039333333333334        -42.41681398399086
0.6040000000000001        -42.42504233635454
0.6040666666666668        -42.43282437600385
0.6041333333333334        -42.43921952551009
0.6042000000000001        -42.44364098710885
0.6042666666666667        -42.44602054771069
0.6043333333333334        -42.446835330757494
0.6044                    -42.446986122136316
0.6044666666666667        -42.44755996234436
0.6045333333333334        -42.44954237156279
0.6046                    -42.45355710084701
0.6046666666666667        -42.4597019208288
0.6047333333333333        -42.467522505338316
0.6048                    -42.476130704302506
0.6048666666666667        -42.48443653059606
0.6049333333333333        -42.49143299660712
0.605                     -42.49645739246767
0.6050666666666666        -42.499357696759844
0.6051333333333333        -42.500519197938466
0.6052                    -42.50074691477468
0.6052666666666666        -42.50104071642512
0.6053333333333333        -42.50232844790702
0.6054                    -42.505229916667346
0.6054666666666667        -42.5099115285703
0.6055333333333334        -42.51606402202823
0.6056                    -42.52300266981645
0.6056666666666667        -42.52985848444922
0.6057333333333333        -42.53580702607914
0.6058                    -42.54027348220162
0.6058666666666667        -42.54306125320358
0.6059333333333334        -42.5443744558402
0.6060000000000001        -42.54473566892549
0.6060666666666668        -42.54482899667154
0.6061333333333334        -42.54531621929921
0.6062000000000001        -42.546676153114014
0.6062666666666667        -42.54910571478823
0.6063333333333334        -42.55250092351097
0.6064                    -42.556513790940905
0.6064666666666667        -42.56066251717954
0.6065333333333334        -42.564461593570535
0.6066                    -42.56753713591338
0.6066666666666667        -42.56970054463024
0.6067333333333333        -42.57096762637644
0.6068                    -42.57152616791468
0.6068666666666667        -42.57166789981972
0.6069333333333333        -42.57170744755215
0.607                     -42.57191027919628
0.6070666666666666        -42.57244526854742
0.6071333333333333        -42.57336822223597
0.6072                    -42.57463371740548
0.6072666666666666        -42.57612623358189
0.6073333333333333        -42.5776989477598
0.6074                    -42.57920953782047
0.6074666666666667        -42.580545808957986
0.6075333333333334        -42.581638384261765
0.6076                    -42.58246163497138
0.6076666666666667        -42.58302651551694
0.6077333333333333        -42.58336973433558
0.6078                    -42.5835430449217
0.6078666666666667        -42.583605015530416
0.6079333333333334        -42.583616073651164
0.6080000000000001        -42.5836363582321
0.6080666666666668        -42.583725118225445
0.6081333333333334        -42.58394005528214
0.6082000000000001        -42.58433505915292
0.6082666666666667        -42.58495521504078
0.6083333333333334        -42.58582881049002
0.6084                    -42.58695732557689
0.6084666666666667        -42.588305868692544
0.6085333333333334        -42.58979779094605
0.6086                    -42.591317662376156
0.6086666666666667        -42.59272583521043
0.6087333333333333        -42.59388518835746
0.6088                    -42.59469667116602
0.6088666666666667        -42.595135965793425
0.6089333333333333        -42.595280501839014
0.609                     -42.59531574960076
0.6090666666666666        -42.595513132505445
0.6091333333333333        -42.59617880534206
0.6092                    -42.597581381126076
0.6092666666666666        -42.5998749230499
0.6093333333333333        -42.6030383981728
0.6093999999999999        -42.60685218889427
0.6094666666666667        -42.61092533829533
0.6095333333333334        -42.614774811652026
0.6096                    -42.617942838580504
0.6096666666666667        -42.62012454358003
0.6097333333333333        -42.62127038734333
0.6098                    -42.62163022442146
0.6098666666666667        -42.621718952084336
0.6099333333333334        -42.62220478779351
0.6100000000000001        -42.62374398313864
0.6100666666666668        -42.626803199040076
0.6101333333333334        -42.63151751199818
0.6102000000000001        -42.63762601039467
0.6102666666666667        -42.64450930788307
0.6103333333333334        -42.65132766902785
0.6104                    -42.657230407094595
0.6104666666666667        -42.66158402691205
0.6105333333333334        -42.664156010511306
0.6106                    -42.665198734046555
0.6106666666666667        -42.665403730456894
0.6107333333333334        -42.6657332372827
0.6108                    -42.66717174574441
0.6108666666666667        -42.67046356027663
0.6109333333333333        -42.67590680431282
0.611                     -42.6832599881281
0.6110666666666666        -42.69178890825266
0.6111333333333333        -42.70044600055548
0.6112                    -42.70813891134904
0.6112666666666666        -42.71401848934104
0.6113333333333333        -42.717707201175585
0.6113999999999999        -42.719402573241126
0.6114666666666667        -42.719824863301824
0.6115333333333334        -42.72002334158085
0.6116                    -42.721096019156604
0.6116666666666667        -42.72390032133825
0.6117333333333334        -42.72883169536528
0.6118                    -42.7357263191428
0.6118666666666667        -42.74391054856562
0.6119333333333333        -42.75238211354651
0.6120000000000001        -42.76007442500425
0.6120666666666668        -42.766133327911426
0.6121333333333334        -42.77013180196188
0.6122000000000001        -42.772165371849304
0.6122666666666667        -42.77280554240771
0.6123333333333334        -42.77292964458661
0.6124                    -42.77347935383965
0.6124666666666667        -42.775216361676925
0.6125333333333334        -42.77853918646688
0.6126                    -42.78340400070281
0.6126666666666667        -42.789362511106006
0.6127333333333334        -42.7956995684032
0.6128                    -42.80162915686329
0.6128666666666667        -42.80649484176475
0.6129333333333333        -42.80992256210371
0.613                     -42.8118894479112
0.6130666666666666        -42.81269754866811
0.6131333333333333        -42.812868110093106
0.6132                    -42.81299199776642
0.6132666666666666        -42.81357959213889
0.6133333333333333        -42.81494825026907
0.6134                    -42.817170715830024
0.6134666666666667        -42.82008922126846
0.6135333333333334        -42.82338292886809
0.6136                    -42.82666481360163
0.6136666666666667        -42.82958014308071
0.6137333333333334        -42.831882358663115
0.6138                    -42.833471536082335
0.6138666666666667        -42.83439248163298
0.6139333333333333        -42.834800279547096
0.6140000000000001        -42.83490788244671
0.6140666666666668        -42.83493189141215
0.6141333333333334        -42.83504958205626
0.6142000000000001        -42.8353743738497
0.6142666666666667        -42.83595060147153
0.6143333333333334        -42.836763510309396
0.6144000000000001        -42.83775785999715
0.6144666666666667        -42.83885842319969
0.6145333333333334        -42.839987343068614
0.6146                    -42.84107577517344
0.6146666666666667        -42.84206957202586
0.6147333333333334        -42.842930386574906
0.6148                    -42.84363429851147
0.6148666666666667        -42.844170039317724
0.6149333333333333        -42.844538373445964
0.615                     -42.84475341373061
0.6150666666666667        -42.844845737976705
0.6151333333333333        -42.84486620472848
0.6152                    -42.84488846557943
0.6152666666666666        -42.84500759585039
0.6153333333333333        -42.8453323778471
0.6154                    -42.84596989285834
0.6154666666666667        -42.84700327484583
0.6155333333333334        -42.84846638274885
0.6156                    -42.85032192924484
0.6156666666666667        -42.852451142461774
0.6157333333333334        -42.85466227908053
0.6158                    -42.856721702332365
0.6158666666666667        -42.85840512661717
0.6159333333333333        -42.85955941336513
0.6160000000000001        -42.860159247708516
0.6160666666666668        -42.86034063110559
0.6161333333333334        -42.860396166408925
0.6162000000000001        -42.86072573161783
0.6162666666666667        -42.861748466372305
0.6163333333333334        -42.86379458833538
0.6164000000000001        -42.867004506716704
0.6164666666666667        -42.87126487921218
0.6165333333333334        -42.87620519487163
0.6166                    -42.88126471563472
0.6166666666666667        -42.885820815398304
0.6167333333333334        -42.88935049033778
0.6168                    -42.89158293125007
0.6168666666666667        -42.8925981032818
0.6169333333333333        -42.89283715575494
0.617                     -42.89301338576255
0.6170666666666667        -42.89394083416489
0.6171333333333333        -42.89632246788222
0.6172                    -42.90055362414898
0.6172666666666666        -42.90659517603015
0.6173333333333333        -42.913955223531815
0.6174                    -42.92179163597504
0.6174666666666666        -42.92911607333468
0.6175333333333334        -42.93505045989892
0.6176                    -42.93906776567202
0.6176666666666667        -42.94114805297069
0.6177333333333334        -42.9418011825331
0.6178                    -42.94194471985678
0.6178666666666667        -42.94266761606185
0.6179333333333333        -42.94494311143418
0.6180000000000001        -42.94936808574874
0.6180666666666668        -42.955998332194916
0.6181333333333334        -42.96432397319612
0.6182000000000001        -42.973393569530714
0.6182666666666667        -42.982057231260995
0.6183333333333334        -42.98926648751184
0.6184000000000001        -42.99435056213198
0.6184666666666667        -42.99719229353981
0.6185333333333334        -42.998253909997466
0.6186                    -42.99844617977145
0.6186666666666667        -42.99887977819529
0.6187333333333334        -43.00056976495498
0.6188                    -43.00417362440563
0.6188666666666667        -43.00983015645505
0.6189333333333333        -43.01713713575718
0.619                     -43.025269021478884
0.6190666666666667        -43.033200594174474
0.6191333333333333        -43.03997574929162
0.6192                    -43.04494935505823
0.6192666666666666        -43.04793822844992
0.6193333333333333        -43.04924388619024
0.6194                    -43.04954712289518
0.6194666666666666        -43.049710427761326
0.6195333333333334        -43.05054719392102
0.6196                    -43.052620661673174
0.6196666666666667        -43.05612185144032
0.6197333333333334        -43.06085076736251
0.6198                    -43.066296867418885
0.6198666666666667        -43.07179027466367
0.6199333333333333        -43.076679685877224
0.6200000000000001        -43.08048953611554
0.6200666666666668        -43.08301814863023
0.6201333333333334        -43.084357497677175
0.6202000000000001        -43.08483799563011
0.6202666666666667        -43.084921340430775
0.6203333333333334        -43.08507533148595
0.6204000000000001        -43.085664567910264
0.6204666666666667        -43.08688175353819
0.6205333333333334        -43.08873010384562
0.6206                    -43.091052827026964
0.6206666666666667        -43.09359466569339
0.6207333333333334        -43.096075200280204
0.6208                    -43.09825438583705
0.6208666666666667        -43.09997639995953
0.6209333333333333        -43.101186023908085
0.621                     -43.10191981238563
0.6210666666666667        -43.10228003511999
0.6211333333333333        -43.10240167114195
0.6212                    -43.10242173681725
0.6212666666666666        -43.10245703301035
0.6213333333333333        -43.10259249906472
0.6214                    -43.10287906326873
0.6214666666666666        -43.103337923212194
0.6215333333333334        -43.10396768580902
0.6216                    -43.1047513935117
0.6216666666666667        -43.10566162246082
0.6217333333333334        -43.106663086417484
0.6218                    -43.10771323771715
0.6218666666666667        -43.10876212487859
0.6219333333333333        -43.109753221687406
0.622                     -43.11062702113516
0.6220666666666668        -43.111328751207395
0.6221333333333334        -43.11182048237886
0.6222000000000001        -43.11209618274552
0.6222666666666667        -43.11219626596194
0.6223333333333334        -43.11221653356271
0.6224000000000001        -43.1123059771039
0.6224666666666667        -43.11264936944937
0.6225333333333334        -43.11343411124363
0.6226                    -43.11480581386061
0.6226666666666667        -43.116822251872534
0.6227333333333334        -43.11941883554867
0.6228                    -43.12239896647611
0.6228666666666667        -43.12545856187725
0.6229333333333333        -43.128245858033196
0.623                     -43.13044696497059
0.6230666666666667        -43.13187749715267
0.6231333333333333        -43.132554549199526
0.6232                    -43.13272434767629
0.6232666666666666        -43.132830141335376
0.6233333333333333        -43.13342050802607
0.6234                    -43.13501594318139
0.6234666666666666        -43.13796598154637
0.6235333333333334        -43.142335639238894
0.6236                    -43.14785624748182
0.6236666666666667        -43.15396193355714
0.6237333333333334        -43.15991161462351
0.6238                    -43.16497207443882
0.6238666666666667        -43.16861695443791
0.6239333333333333        -43.1706863952665
0.624                     -43.17145784518313
0.6240666666666668        -43.17160060922169
0.6241333333333334        -43.17201919813008
0.6242000000000001        -43.17362313291368
0.6242666666666667        -43.17708314967874
0.6243333333333334        -43.18263938724695
0.6244000000000001        -43.19001534923891
0.6244666666666667        -43.19846572450715
0.6245333333333334        -43.206952318945184
0.6246                    -43.214407576299294
0.6246666666666667        -43.22001801666991
0.6247333333333334        -43.223449382075415
0.6248                    -43.2249474312006
0.6248666666666667        -43.22528204746195
0.6249333333333333        -43.22554762486001
0.625                     -43.22687426353017
0.6250666666666667        -43.2301286078243
0.6251333333333333        -43.235684165807335
0.6252                    -43.24332089488601
0.6252666666666666        -43.25227987570587
0.6253333333333333        -43.26145941511144
0.6254                    -43.269702188105796
0.6254666666666666        -43.276097518857526
0.6255333333333333        -43.28021662303868
0.6256                    -43.28221595701174
0.6256666666666667        -43.282781496739304
0.6257333333333334        -43.282933079917925
0.6258                    -43.28374713184682
0.6258666666666667        -43.286075719028254
0.6259333333333333        -43.29033594019521
0.626                     -43.2964204611919
0.6260666666666668        -43.3037461384002
0.6261333333333334        -43.311422144845
0.6262000000000001        -43.31848954245398
0.6262666666666667        -43.32416725614766
0.6263333333333334        -43.328039491629994
0.6264000000000001        -43.33013766201905
0.6264666666666667        -43.33090111349556
0.6265333333333334        -43.33103555110106
0.6266                    -43.33131484341934
0.6266666666666667        -43.33238304258678
0.6267333333333334        -43.334607502587886
0.6268                    -43.33801513284329
0.6268666666666667        -43.342319148762165
0.6269333333333333        -43.347020203075616
0.627                     -43.351548906648965
0.6270666666666667        -43.35540975462824
0.6271333333333333        -43.358290284476546
0.6272                    -43.36011220993568
0.6272666666666666        -43.36101914152411
0.6273333333333333        -43.361312801316245
0.6274                    -43.3613613744473
0.6274666666666666        -43.361507116268136
0.6275333333333333        -43.36199586350264
0.6276                    -43.362941392543135
0.6276666666666667        -43.36432634996982
0.6277333333333334        -43.36603209493212
0.6278                    -43.36788434063817
0.6278666666666667        -43.369700553080826
0.6279333333333333        -43.371327925926124
0.628                     -43.3726658055912
0.6280666666666668        -43.373671825809566
0.6281333333333334        -43.37435517351971
0.6282000000000001        -43.37476250881875
0.6282666666666668        -43.37496208245128
0.6283333333333334        -43.37503014370367
0.6284000000000001        -43.37504167659357
0.6284666666666667        -43.37506560307454
0.6285333333333334        -43.37516328624773
0.6286                    -43.375388550952636
0.6286666666666667        -43.37578739820651
0.6287333333333334        -43.376395966717105
0.6288                    -43.37723599907598
0.6288666666666667        -43.378308073848885
0.6289333333333333        -43.37958409994414
0.629                     -43.38100180907574
0.6290666666666667        -43.38246479288391
0.6291333333333333        -43.3838514662017
0.6292                    -43.38503476253605
0.6292666666666666        -43.38591134562702
0.6293333333333333        -43.38643522713583
0.6294                    -43.38664710403765
0.6294666666666666        -43.38668898006382
0.6295333333333333        -43.38679499604556
0.6296                    -43.387254306653816
0.6296666666666667        -43.38834951511455
0.6297333333333334        -43.390282643593395
0.6298                    -43.393107250493905
0.6298666666666667        -43.396687615638655
0.6299333333333333        -43.400702311132534
0.63                      -43.40469983835525
0.6300666666666667        -43.408199998534336
0.6301333333333334        -43.410819705213285
0.6302000000000001        -43.41239069554405
0.6302666666666668        -43.413033624776325
0.6303333333333334        -43.41316093733175
0.6304000000000001        -43.41339871522885
0.6304666666666667        -43.41444061284133
0.6305333333333334        -43.41686800673059
0.6306                    -43.42098311293896
0.6306666666666667        -43.426702210503905
0.6307333333333334        -43.43354378321636
0.6308                    -43.440723752468244
0.6308666666666667        -43.44734166596628
0.6309333333333333        -43.45261435723082
0.631                     -43.4560952471623
0.6310666666666667        -43.457815564660734
0.6311333333333333        -43.458301646351515
0.6312                    -43.45845636851007
0.6312666666666666        -43.45933211495578
0.6313333333333333        -43.461854489286736
0.6314                    -43.46657053726241
0.6314666666666666        -43.47348949363493
0.6315333333333333        -43.482060943499015
0.6316                    -43.49130093069655
0.6316666666666667        -43.5000382840708
0.6317333333333334        -43.50721960220077
0.6318                    -43.512191296490116
0.6318666666666667        -43.514879066802266
0.6319333333333333        -43.51581178071652
0.632                     -43.515981287922116
0.6320666666666667        -43.51657749085036
0.6321333333333334        -43.51867274629386
0.6322000000000001        -43.522941181427086
0.6322666666666668        -43.52948594990927
0.6323333333333334        -43.53781716194447
0.6324000000000001        -43.546984147599694
0.6324666666666667        -43.555826556871665
0.6325333333333334        -43.56327778420906
0.6326                    -43.56863930557269
0.6326666666666667        -43.57175165159424
0.6327333333333334        -43.57301703050069
0.6328                    -43.57327188406639
0.6328666666666667        -43.57355051349583
0.6329333333333333        -43.57480910916928
0.633                     -43.577685412420536
0.6330666666666667        -43.58235394855492
0.6331333333333333        -43.588507574538795
0.6332                    -43.59546210545677
0.6332666666666666        -43.602350163286644
0.6333333333333333        -43.60834958335368
0.6334                    -43.61288536877899
0.6334666666666666        -43.61575416703394
0.6335333333333333        -43.61714407828961
0.6336                    -43.61755310588454
0.6336666666666667        -43.617636987862
0.6337333333333334        -43.61803316650051
0.6338                    -43.619208649256805
0.6338666666666667        -43.62136734360546
0.6339333333333333        -43.62443262701582
0.634                     -43.62809992211382
0.6340666666666667        -43.63193730329578
0.6341333333333334        -43.6355031087912
0.6342000000000001        -43.63844941308638
0.6342666666666668        -43.64058806823579
0.6343333333333334        -43.64190893144539
0.6344000000000001        -43.64255374491361
0.6344666666666667        -43.642759889981846
0.6345333333333334        -43.642793287224855
0.6346                    -43.64288860427324
0.6346666666666667        -43.64320919444158
0.6347333333333334        -43.643831441565986
0.6348                    -43.64475105165509
0.6348666666666667        -43.645904121932816
0.6349333333333333        -43.64719420009834
0.635                     -43.64851764459157
0.6350666666666667        -43.64978236652934
0.6351333333333333        -43.6509182408206
0.6352                    -43.65188011008604
0.6352666666666666        -43.65264583474183
0.6353333333333333        -43.65321222622284
0.6354                    -43.65359123566084
0.6354666666666666        -43.65380785893413
0.6355333333333333        -43.653900178369014
0.6355999999999999        -43.65392096113017
0.6356666666666667        -43.653939356774245
0.6357333333333334        -43.65404059261091
0.6358                    -43.65432137041117
0.6358666666666667        -43.65487920441272
0.6359333333333334        -43.65579540726658
0.636                     -43.65711374344934
0.6360666666666667        -43.658819426374286
0.6361333333333334        -43.66082524192475
0.6362000000000001        -43.662972077970934
0.6362666666666668        -43.66504918524244
0.6363333333333334        -43.66683489498806
0.6364000000000001        -43.66815204209076
0.6364666666666667        -43.66892575521736
0.6365333333333334        -43.66922696114864
0.6366                    -43.66928511654143
0.6366666666666667        -43.66945939321326
0.6367333333333334        -43.67016802579313
0.6368                    -43.67178814839548
0.6368666666666667        -43.67454947262654
0.6369333333333334        -43.678450973220116
0.637                     -43.683227927942106
0.6370666666666667        -43.68838662522406
0.6371333333333333        -43.69330731467407
0.6372                    -43.69739614995906
0.6372666666666666        -43.70024937221318
0.6373333333333333        -43.70178390843407
0.6374                    -43.70229257803166
0.6374666666666666        -43.70239995808798
0.6375333333333333        -43.70292222193037
0.6376                    -43.7046625712759
0.6376666666666667        -43.708194301309014
0.6377333333333334        -43.71369003521812
0.6378                    -43.72084664088569
0.6378666666666667        -43.72893302055214
0.6379333333333334        -43.736957055816674
0.638                     -43.74391506264716
0.6380666666666667        -43.749060504083744
0.6381333333333334        -43.7521174213704
0.6382000000000001        -43.75337444564686
0.6382666666666668        -43.75362684802384
0.6383333333333334        -43.75397773353549
0.6384000000000001        -43.755550562354095
0.6384666666666667        -43.75919030222263
0.6385333333333334        -43.7652331719634
0.6386000000000001        -43.77340651622273
0.6386666666666667        -43.782887170790104
0.6387333333333334        -43.79250659111467
0.6388                    -43.801052266824776
0.6388666666666667        -43.807586627715445
0.6389333333333334        -43.81169599505797
0.639                     -43.81359887136176
0.6390666666666667        -43.81408244733819
0.6391333333333333        -43.81428639410266
0.6392                    -43.81539650984968
0.6392666666666666        -43.81833351917951
0.6393333333333333        -43.82351937016688
0.6394                    -43.83077897436224
0.6394666666666666        -43.839398464520976
0.6395333333333333        -43.84832111748285
0.6396                    -43.856427461256764
0.6396666666666667        -43.86282441748895
0.6397333333333334        -43.867066059109696
0.6398                    -43.86924816995198
0.6398666666666667        -43.86995570346738
0.6399333333333334        -43.87008478401409
0.64                      -43.87059481937938
0.6400666666666667        -43.87226125605737
0.6401333333333333        -43.8754931358924
0.6402000000000001        -43.88025684328802
0.6402666666666668        -43.88611675928416
0.6403333333333334        -43.89237339767548
0.6404000000000001        -43.89825669347441
0.6404666666666667        -43.90312112778552
0.6405333333333334        -43.906592606505484
0.6406000000000001        -43.908633448193335
0.6406666666666667        -43.9095165728834
0.6407333333333334        -43.90972528553674
0.6408                    -43.90981315538742
0.6408666666666667        -43.910264686964105
0.6409333333333334        -43.911391588624234
0.641                     -43.91328513216901
0.6410666666666667        -43.91582777240628
0.6411333333333333        -43.91875193762
0.6412                    -43.921724207168566
0.6412666666666667        -43.9244304527523
0.6413333333333333        -43.92664148790227
0.6414                    -43.928247307872056
0.6414666666666666        -43.929258119471555
0.6415333333333333        -43.929779020914154
0.6416                    -43.92997024085105
0.6416666666666667        -43.93000558966747
0.6417333333333334        -43.93003897032636
0.6418                    -43.93018410797494
0.6418666666666667        -43.930507911650125
0.6419333333333334        -43.93103443002458
0.642                     -43.931754785223056
0.6420666666666667        -43.93263861377102
0.6421333333333333        -43.93364380658529
0.6422000000000001        -43.934723005344516
0.6422666666666668        -43.935826826032425
0.6423333333333334        -43.93690486256937
0.6424000000000001        -43.937906125148174
0.6424666666666667        -43.93878073337659
0.6425333333333334        -43.93948442341011
0.6426000000000001        -43.93998668198469
0.6426666666666667        -43.940282044112806
0.6427333333333334        -43.94040240622486
0.6428                    -43.94042651715158
0.6428666666666667        -43.94048178551144
0.6429333333333334        -43.940733920155
0.643                     -43.9413621722335
0.6430666666666667        -43.94252195508039
0.6431333333333333        -43.944301517578324
0.6432                    -43.94668364971854
0.6432666666666667        -43.94952538477373
0.6433333333333333        -43.9525669318616
0.6434                    -43.95547511523071
0.6434666666666666        -43.95791721946209
0.6435333333333333        -43.95965059604666
0.6436                    -43.960605017381965
0.6436666666666666        -43.9609320409373
0.6437333333333334        -43.96100078749387
0.6438                    -43.96133227012494
0.6438666666666667        -43.96248162558101
0.6439333333333334        -43.96489426692347
0.644                     -43.96877291735079
0.6440666666666667        -43.973994062247556
0.6441333333333333        -43.98010334717973
0.6442000000000001        -43.98640112913371
0.6442666666666668        -43.99210535276616
0.6443333333333334        -43.99655492193587
0.6444000000000001        -43.999400024004196
0.6444666666666667        -44.00072328174045
0.6445333333333334        -44.001050477330665
0.6446000000000001        -44.00123908263335
0.6446666666666667        -44.00226805203146
0.6447333333333334        -44.00498186225721
0.6448                    -44.009856551942306
0.6448666666666667        -44.01685192406141
0.6449333333333334        -44.025393840347455
0.645                     -44.034498609071704
0.6450666666666667        -44.04301447013058
0.6451333333333333        -44.049921294644285
0.6452                    -44.054608474928536
0.6452666666666667        -44.057051390422956
0.6453333333333333        -44.057832131712104
0.6454                    -44.05799431083278
0.6454666666666666        -44.05877027768931
0.6455333333333333        -44.061255360630994
0.6456                    -44.06611702210657
0.6456666666666666        -44.07341555345441
0.6457333333333334        -44.082582882615085
0.6458                    -44.092565796532845
0.6458666666666667        -44.102098007427514
0.6459333333333334        -44.110030740030666
0.646                     -44.115633136339326
0.6460666666666667        -44.11877942732362
0.6461333333333333        -44.11997089806307
0.6462000000000001        -44.12018879501347
0.6462666666666668        -44.120623275494644
0.6463333333333334        -44.122356620668775
0.6464000000000001        -44.12608693307182
0.6464666666666667        -44.13196226505483
0.6465333333333334        -44.13956250518944
0.6466000000000001        -44.14802733512515
0.6466666666666667        -44.156292069805644
0.6467333333333334        -44.16336674420937
0.6468                    -44.16858376228643
0.6468666666666667        -44.17174950253795
0.6469333333333334        -44.173163823330476
0.647                     -44.173510043304276
0.6470666666666667        -44.17365399698493
0.6471333333333333        -44.174412662157465
0.6472                    -44.17635523198493
0.6472666666666667        -44.179684372460315
0.6473333333333333        -44.18421972009696
0.6474                    -44.18947765713152
0.6474666666666666        -44.19481802080905
0.6475333333333333        -44.199614499263966
0.6476                    -44.203403554131874
0.6476666666666666        -44.20597661021564
0.6477333333333334        -44.207398735516755
0.6478                    -44.20795833421097
0.6478666666666667        -44.208069990917394
0.6479333333333334        -44.208161709247875
0.648                     -44.20857689970642
0.6480666666666667        -44.20951252443197
0.6481333333333333        -44.211001821415564
0.6482                    -44.21293734697083
0.6482666666666668        -44.2151209881778
0.6483333333333334        -44.21732373340076
0.6484000000000001        -44.21933928796477
0.6484666666666667        -44.22102069593617
0.6485333333333334        -44.222295849135065
0.6486000000000001        -44.22316395660943
0.6486666666666667        -44.22367912821577
0.6487333333333334        -44.22392857929971
0.6488                    -44.224011939014
0.6488666666666667        -44.224025717175444
0.6489333333333334        -44.22405426821348
0.649                     -44.22416643054219
0.6490666666666667        -44.22441580037067
0.6491333333333333        -44.22484228989998
0.6492                    -44.225472966736994
0.6492666666666667        -44.22632090486145
0.6493333333333333        -44.22738173089109
0.6494                    -44.228628643905864
0.6494666666666666        -44.23000782104113
0.6495333333333333        -44.231437052934474
0.6496                    -44.232810775147826
0.6496666666666666        -44.234013917205345
0.6497333333333334        -44.23494491356021
0.6498                    -44.235544998148654
0.6498666666666667        -44.23582732324724
0.6499333333333334        -44.23589679033856
0.65                      -44.235951152089896
0.6500666666666667        -44.23625686892693
0.6501333333333333        -44.23709930904024
0.6502                    -44.23871487702395
0.6502666666666668        -44.241220281820695
0.6503333333333334        -44.24455881218666
0.6504000000000001        -44.24848303262714
0.6504666666666667        -44.25258675114168
0.6505333333333334        -44.25638709129348
0.6506000000000001        -44.259442538681675
0.6506666666666667        -44.2614790910375
0.6507333333333334        -44.26248901672768
0.6508                    -44.26276913946171
0.6508666666666667        -44.262879016790045
0.6509333333333334        -44.26352086426253
0.651                     -44.2653663149014
0.6510666666666667        -44.26887289465288
0.6511333333333333        -44.274139972830355
0.6512                    -44.280847677218176
0.6512666666666667        -44.28830383346263
0.6513333333333333        -44.29559694975382
0.6514                    -44.30182338444281
0.6514666666666666        -44.30633189982779
0.6515333333333333        -44.30891742396368
0.6516                    -44.30990430577219
0.6516666666666666        -44.310087715414895
0.6517333333333333        -44.31054217116663
0.6518                    -44.312345182605114
0.6518666666666667        -44.31628903300034
0.6519333333333334        -44.32265801684007
0.652                     -44.331132385896794
0.6520666666666667        -44.340848995843885
0.6521333333333333        -44.35060923265063
0.6522                    -44.359185248431075
0.6522666666666668        -44.365645332950756
0.6523333333333334        -44.369608526946145
0.6524000000000001        -44.371354178565184
0.6524666666666668        -44.37175227937448
0.6525333333333334        -44.37203280346476
0.6526000000000001        -44.37345875601336
0.6526666666666667        -44.376992972905285
0.6527333333333334        -44.383047140876386
0.6528                    -44.39137691683335
0.6528666666666667        -44.40114833555135
0.6529333333333334        -44.411157376312254
0.653                     -44.420145344112576
0.6530666666666667        -44.42712639483187
0.6531333333333333        -44.431638433272376
0.6532                    -44.43384907233171
0.6532666666666667        -44.434490255714174
0.6533333333333333        -44.43464521863408
0.6534                    -44.43545244879601
0.6534666666666666        -44.43781026344011
0.6535333333333333        -44.442159212291784
0.6536                    -44.44839332150928
0.6536666666666666        -44.45591495302964
0.6537333333333333        -44.46381134276202
0.6538                    -44.471101504321986
0.6538666666666667        -44.47698631708867
0.6539333333333334        -44.48103638820918
0.654                     -44.483271935636594
0.6540666666666667        -44.48412112673079
0.6541333333333333        -44.48427783912017
0.6542                    -44.4845055515261
0.6542666666666668        -44.48544373520156
0.6543333333333334        -44.487465865665634
0.6544000000000001        -44.490618745941916
0.6544666666666668        -44.494648508792956
0.6545333333333334        -44.499096376214524
0.6546000000000001        -44.503432037325375
0.6546666666666667        -44.50718707826781
0.6547333333333334        -44.51005557146693
0.6548                    -44.51194158752849
0.6548666666666667        -44.51294986704656
0.6549333333333334        -44.51333113151921
0.655                     -44.5134032822742
0.6550666666666667        -44.51347203548246
0.6551333333333333        -44.51377003990581
0.6552                    -44.514424867874794
0.6552666666666667        -44.51545678617392
0.6553333333333333        -44.51679969909853
0.6554                    -44.51833467508819
0.6554666666666666        -44.519925219433595
0.6555333333333333        -44.521446057571396
0.6556                    -44.5228011938235
0.6556666666666666        -44.52393093597253
0.6557333333333333        -44.52481037263539
0.6558                    -44.52544303605947
0.6558666666666667        -44.52585334060504
0.6559333333333334        -44.52608036400754
0.656                     -44.52617419117239
0.6560666666666667        -44.526194764681655
0.6561333333333333        -44.526212165455874
0.6562                    -44.526306537613394
0.6562666666666667        -44.52656553852154
0.6563333333333334        -44.52707738965664
0.6564000000000001        -44.52791851952999
0.6564666666666668        -44.52913650675868
0.6565333333333334        -44.53073133338242
0.6566000000000001        -44.53264023747466
0.6566666666666667        -44.53473278942543
0.6567333333333334        -44.53682225085126
0.6568                    -44.53869622217784
0.6568666666666667        -44.540164231748776
0.6569333333333334        -44.54111345059131
0.657                     -44.54155818623383
0.6570666666666667        -44.54166657027693
0.6571333333333333        -44.54175065950342
0.6572                    -44.542214275792944
0.6572666666666667        -44.54346465763059
0.6573333333333333        -44.54580616037077
0.6574                    -44.54934303282382
0.6574666666666666        -44.55392054247262
0.6575333333333333        -44.55912776736879
0.6576                    -44.56437155814768
0.6576666666666666        -44.56901202136688
0.6577333333333333        -44.572530043313144
0.6578                    -44.574683013214546
0.6578666666666667        -44.575601957882576
0.6579333333333334        -44.57579490159346
0.658                     -44.576045540265454
0.6580666666666667        -44.57722628962439
0.6581333333333333        -44.580070962320136
0.6582                    -44.58496666596012
0.6582666666666667        -44.591823033496716
0.6583333333333334        -44.600060074791294
0.6584000000000001        -44.60872740998164
0.6584666666666668        -44.61673315944731
0.6585333333333334        -44.623128105561335
0.6586000000000001        -44.627369450550574
0.6586666666666667        -44.62948752489753
0.6587333333333334        -44.63010196344281
0.6588                    -44.63027593847335
0.6588666666666667        -44.63124438676577
0.6589333333333334        -44.63408872126454
0.659                     -44.639445240748174
0.6590666666666667        -44.64732506674865
0.6591333333333333        -44.65709475666041
0.6592                    -44.667626557417734
0.6592666666666667        -44.67758385986163
0.6593333333333333        -44.685769818992526
0.6594                    -44.691445631867396
0.6594666666666666        -44.6945288298102
0.6595333333333333        -44.69561381241364
0.6596                    -44.695808453565405
0.6596666666666666        -44.696434419959495
0.6597333333333333        -44.69867623640641
0.6598                    -44.703274349581086
0.6598666666666667        -44.71034091981635
0.6599333333333334        -44.71934205927362
0.66                      -44.72924712393084
0.6600666666666667        -44.73880380454928
0.6601333333333333        -44.74686559018055
0.6602                    -44.75268383332185
0.6602666666666667        -44.75608605895326
0.6603333333333334        -44.75749492702399
0.6604000000000001        -44.75778902197648
0.6604666666666668        -44.758051646642514
0.6605333333333334        -44.75928204568384
0.6606000000000001        -44.76214760160063
0.6606666666666667        -44.76683767967356
0.6607333333333334        -44.77304834725375
0.6608                    -44.78009199993362
0.6608666666666667        -44.78709532735898
0.6609333333333334        -44.79322928013333
0.661                     -44.79790992005335
0.6610666666666667        -44.80092048200384
0.6611333333333334        -44.802429572017815
0.6612                    -44.80291066420756
0.6612666666666667        -44.80299432647848
0.6613333333333333        -44.80329907855108
0.6614                    -44.80428650385712
0.6614666666666666        -44.806173547697966
0.6615333333333333        -44.80891554187159
0.6616                    -44.812253759121
0.6616666666666666        -44.81580627105114
0.6617333333333333        -44.81917347628581
0.6617999999999999        -44.82203055267291
0.6618666666666667        -44.824186885337134
0.6619333333333334        -44.82560424368164
0.662                     -44.82637737818298
0.6620666666666667        -44.826689432099286
0.6621333333333334        -44.82675820547844
0.6622                    -44.82678785203469
0.6622666666666667        -44.826935589432665
0.6623333333333334        -44.827296744190676
0.6624000000000001        -44.82790602786581
0.6624666666666668        -44.82874963744464
0.6625333333333334        -44.829781888956155
0.6626000000000001        -44.830941133515836
0.6626666666666667        -44.832161770773844
0.6627333333333334        -44.83338137213255
0.6628000000000001        -44.8345436464289
0.6628666666666667        -44.835598986356864
0.6629333333333334        -44.836504667442874
0.663                     -44.83722657894547
0.6630666666666667        -44.837743749338784
0.6631333333333334        -44.83805591123389
0.6632                    -44.838192966541214
0.6632666666666667        -44.83822365601136
0.6633333333333333        -44.83825945312744
0.6634                    -44.838449329868155
0.6634666666666666        -44.83896218447342
0.6635333333333333        -44.83995662069234
0.6636                    -44.841542032176875
0.6636666666666666        -44.84373948253253
0.6637333333333333        -44.84645410145606
0.6638                    -44.84947102888084
0.6638666666666667        -44.852483266157606
0.6639333333333334        -44.855152160875946
0.664                     -44.85719111863669
0.6640666666666667        -44.85845333535201
0.6641333333333334        -44.8589984444787
0.6642                    -44.859114046122045
0.6642666666666667        -44.85927727373716
0.6643333333333334        -44.86005717211213
0.6644000000000001        -44.86197645216826
0.6644666666666668        -44.8653657659887
0.6645333333333334        -44.870250347386516
0.6646000000000001        -44.87630509636869
0.6646666666666667        -44.88289988247114
0.6647333333333334        -44.889234399214935
0.6648000000000001        -44.894536104257234
0.6648666666666667        -44.898272556358165
0.6649333333333334        -44.90031863064287
0.665                     -44.90102554611052
0.6650666666666667        -44.90116289876192
0.6651333333333334        -44.90174048451561
0.6652                    -44.90375219800811
0.6652666666666667        -44.90790830186497
0.6653333333333333        -44.91442810973123
0.6654                    -44.9229519370938
0.6654666666666667        -44.93260282376515
0.6655333333333333        -44.94219104190787
0.6656                    -44.95051536666877
0.6656666666666666        -44.95668410212767
0.6657333333333333        -44.9603665707684
0.6658                    -44.96189977676821
0.6658666666666667        -44.962214230465996
0.6659333333333334        -44.96259563189169
0.666                     -44.964347005178375
0.6660666666666667        -44.96844314512404
0.6661333333333334        -44.975269382132126
0.6662                    -44.984512920239695
0.6662666666666667        -44.99523576965932
0.6663333333333333        -45.006112748024364
0.6664000000000001        -45.01577504373223
0.6664666666666668        -45.02316917503984
0.6665333333333334        -45.02783300292036
0.6666000000000001        -45.0300110257977
0.6666666666666667        -45.03057711871616
0.6667333333333334        -45.03078959135497
0.6668000000000001        -45.031950978120335
0.6668666666666667        -45.03506790421503
0.6669333333333334        -45.04060038437991
0.667                     -45.0483610409822
0.6670666666666667        -45.05758368384387
0.6671333333333334        -45.067137843827496
0.6672                    -45.07582983312994
0.6672666666666667        -45.08270940101214
0.6673333333333333        -45.08730042088216
0.6674                    -45.08969638954066
0.6674666666666667        -45.09050141425853
0.6675333333333333        -45.09064203254759
0.6676                    -45.091109609363905
0.6676666666666666        -45.09270684430326
0.6677333333333333        -45.09586345982945
0.6678                    -45.10056136802091
0.6678666666666667        -45.10637778335579
0.6679333333333334        -45.11262459614172
0.668                     -45.118540405111496
0.6680666666666667        -45.123482142047926
0.6681333333333334        -45.12706786174984
0.6682                    -45.12923938683585
0.6682666666666667        -45.130237852007156
0.6683333333333333        -45.13050918267041
0.6684000000000001        -45.13057294995928
0.6684666666666668        -45.130892838171235
0.6685333333333334        -45.131780495044
0.6686000000000001        -45.13335065854689
0.6686666666666667        -45.13552942518983
0.6687333333333334        -45.13810403264317
0.6688000000000001        -45.14079454975508
0.6688666666666667        -45.14332635964085
0.6689333333333334        -45.14548644544991
0.669                     -45.14715410984378
0.6690666666666667        -45.14830517019917
0.6691333333333334        -45.14899541450327
0.6692                    -45.14933267030477
0.6692666666666667        -45.14944698924729
0.6693333333333333        -45.149466033584446
0.6694                    -45.14949918000382
0.6694666666666667        -45.149630489071214
0.6695333333333333        -45.149918399227815
0.6696                    -45.15039904947402
0.6696666666666666        -45.15109029142258
0.6697333333333333        -45.15199428599718
0.6698                    -45.15309769882162
0.6698666666666666        -45.15436967779
0.6699333333333334        -45.15575891055419
0.67                      -45.157192011674674
0.6700666666666667        -45.15857605184251
0.6701333333333334        -45.15980785796266
0.6702                    -45.16079143662715
0.6702666666666667        -45.161462415012664
0.6703333333333333        -45.161815152167144
0.6704000000000001        -45.16192510834866
0.6704666666666668        -45.16195748604466
0.6705333333333334        -45.16215428017989
0.6706000000000001        -45.162796220632714
0.6706666666666667        -45.16414307662704
0.6707333333333334        -45.166363696840676
0.6708000000000001        -45.16947352562923
0.6708666666666667        -45.17329968828692
0.6709333333333334        -45.17749035136522
0.671                     -45.181575610673654
0.6710666666666667        -45.18507314200022
0.6711333333333334        -45.1876166876536
0.6712                    -45.18907395965389
0.6712666666666667        -45.189617544979114
0.6713333333333333        -45.18972070987523
0.6714                    -45.19006865811781
0.6714666666666667        -45.191399805789146
0.6715333333333333        -45.19431367236383
0.6716                    -45.19909522408717
0.6716666666666666        -45.20560586382465
0.6717333333333333        -45.213278105830106
0.6718                    -45.221226612752545
0.6718666666666666        -45.228457441518955
0.6719333333333334        -45.23412717249017
0.672                     -45.23778314350718
0.6720666666666667        -45.23951393806324
0.6721333333333334        -45.23995960780782
0.6722                    -45.240169581493774
0.6722666666666667        -45.241340636010946
0.6723333333333333        -45.24450278534126
0.6724000000000001        -45.250236674201886
0.6724666666666668        -45.258498998846534
0.6725333333333334        -45.268606178040315
0.6726000000000001        -45.27938765606602
0.6726666666666667        -45.289476561328435
0.6727333333333334        -45.29766611241026
0.6728000000000001        -45.30323625066545
0.6728666666666667        -45.30615693468151
0.6729333333333334        -45.30710617755953
0.673                     -45.307294363817334
0.6730666666666667        -45.30814345482031
0.6731333333333334        -45.310910427706084
0.6732                    -45.31635674258767
0.6732666666666667        -45.32454966566627
0.6733333333333333        -45.33484505341457
0.6734                    -45.346055128584695
0.6734666666666667        -45.35675831394633
0.6735333333333333        -45.36567049661485
0.6736                    -45.37197809022948
0.6736666666666666        -45.375541295334536
0.6737333333333333        -45.37691223365056
0.6738                    -45.37716710751626
0.6738666666666666        -45.377605452071286
0.6739333333333334        -45.37940432681804
0.674                     -45.38332147379457
0.6740666666666667        -45.38952129350528
0.6741333333333334        -45.39756072121695
0.6742                    -45.40652995478236
0.6742666666666667        -45.41530488746588
0.6743333333333333        -45.422841564306175
0.6744                    -45.42843415910919
0.6744666666666668        -45.4318702041484
0.6745333333333334        -45.43344777524854
0.6746000000000001        -45.4338598006118
0.6746666666666667        -45.43398725974416
0.6747333333333334        -45.43466414074783
0.6748000000000001        -45.43647775080516
0.6748666666666667        -45.43965115885294
0.6749333333333334        -45.444027860278226
0.675                     -45.449150757202865
0.6750666666666667        -45.45440514075764
0.6751333333333334        -45.459182966746454
0.6752                    -45.463025222776075
0.6752666666666667        -45.465709786214276
0.6753333333333333        -45.467270269026166
0.6754                    -45.467951257592176
0.6754666666666667        -45.46812111278985
0.6755333333333333        -45.46817099623433
0.6756                    -45.46842714164952
0.6756666666666666        -45.46909476302429
0.6757333333333333        -45.47024025847767
0.6758                    -45.471807452528836
0.6758666666666666        -45.473656281445926
0.6759333333333334        -45.47560968287677
0.676                     -45.47749608687327
0.6760666666666667        -45.47917934825993
0.6761333333333334        -45.480573313445035
0.6762                    -45.48164278249473
0.6762666666666667        -45.482395370136395
0.6763333333333333        -45.48286946665168
0.6764                    -45.4831226012098
0.6764666666666668        -45.4832227875935
0.6765333333333334        -45.48324361156819
0.6766000000000001        -45.48326235420522
0.6766666666666667        -45.48335949317643
0.6767333333333334        -45.483617473116965
0.6768000000000001        -45.48411667292473
0.6768666666666667        -45.484927091750826
0.6769333333333334        -45.486095526676806
0.677                     -45.48762989384162
0.6770666666666667        -45.48948452150868
0.6771333333333334        -45.49155203052904
0.6772                    -45.49366790216145
0.6772666666666667        -45.49563220160117
0.6773333333333333        -45.497248886965
0.6774                    -45.49837728019024
0.6774666666666667        -45.498984185896525
0.6775333333333333        -45.49918106576583
0.6776                    -45.49923078505255
0.6776666666666666        -45.49951389141878
0.6777333333333333        -45.500454548056126
0.6778                    -45.50241865495322
0.6778666666666666        -45.50560771305936
0.6779333333333333        -45.509977942281175
0.678                     -45.51521244221135
0.6780666666666667        -45.52076395258747
0.6781333333333334        -45.525968360749964
0.6782                    -45.530208182693784
0.6782666666666667        -45.53308658443869
0.6783333333333333        -45.53456281028977
0.6784                    -45.535004364868044
0.6784666666666668        -45.53513086087164
0.6785333333333334        -45.53585423487185
0.6786000000000001        -45.538050842835396
0.6786666666666668        -45.542323023776504
0.6787333333333334        -45.548814571682314
0.6788000000000001        -45.55713450644858
0.6788666666666667        -45.56641888691536
0.6789333333333334        -45.57552600361583
0.679                     -45.583323103401405
0.6790666666666667        -45.58899224422488
0.6791333333333334        -45.59226967352416
0.6792                    -45.59354520294845
0.6792666666666667        -45.59378510950139
0.6793333333333333        -45.59429320314096
0.6794                    -45.596372315680185
0.6794666666666667        -45.60097686203852
0.6795333333333333        -45.60844921648893
0.6796                    -45.61841070435298
0.6796666666666666        -45.62983950574409
0.6797333333333333        -45.64132124007035
0.6798                    -45.6514122755432
0.6798666666666666        -45.65902142890365
0.6799333333333333        -45.663704477974306
0.68                      -45.66578590160357
0.6800666666666667        -45.66627100203915
0.6801333333333334        -45.666573609703434
0.6802                    -45.66813775244616
0.6802666666666667        -45.67205837229177
0.6803333333333333        -45.67880109745316
0.6804                    -45.688090476006764
0.6804666666666668        -45.698991248345024
0.6805333333333334        -45.710158946607145
0.6806000000000001        -45.720193537429296
0.6806666666666668        -45.72800211940027
0.6807333333333334        -45.73307274527945
0.6808000000000001        -45.73558577672621
0.6808666666666667        -45.73633671896139
0.6809333333333334        -45.73649983042323
0.681                     -45.73730559578601
0.6810666666666667        -45.73972359452909
0.6811333333333334        -45.744232861447074
0.6812                    -45.75073177072491
0.6812666666666667        -45.75860002270716
0.6813333333333333        -45.76688680878475
0.6814                    -45.77456957690687
0.6814666666666667        -45.780812928151875
0.6815333333333333        -45.78516071870964
0.6816                    -45.78761605444661
0.6816666666666666        -45.7885975014795
0.6817333333333333        -45.788794793362115
0.6818                    -45.78897237654442
0.6818666666666666        -45.78977742198313
0.6819333333333333        -45.79160028390858
0.682                     -45.79451516099866
0.6820666666666667        -45.798304516336714
0.6821333333333334        -45.80254952830736
0.6822                    -45.8067551474639
0.6822666666666667        -45.81047436325144
0.6823333333333333        -45.81340174126691
0.6824                    -45.81541865994233
0.6824666666666667        -45.81658781195698
0.6825333333333334        -45.81710785915756
0.6826000000000001        -45.81724711762384
0.6826666666666668        -45.81727644653839
0.6827333333333334        -45.817417099859696
0.6828000000000001        -45.81781172016719
0.6828666666666667        -45.818518826536476
0.6829333333333334        -45.81952532703247
0.683                     -45.82076883620896
0.6830666666666667        -45.822161780310616
0.6831333333333334        -45.82361149574203
0.6832                    -45.82503353863978
0.6832666666666667        -45.82635815849312
0.6833333333333333        -45.82753172269061
0.6834                    -45.828515670378295
0.6834666666666667        -45.82928551066832
0.6835333333333333        -45.82983174765466
0.6836                    -45.83016362274726
0.6836666666666666        -45.8303153147926
0.6837333333333333        -45.830352825388665
0.6838                    -45.830378438570904
0.6838666666666666        -45.83052883425455
0.6839333333333333        -45.830963231881434
0.684                     -45.83183979434969
0.6840666666666667        -45.833281939590584
0.6841333333333334        -45.83534053727567
0.6842                    -45.837961922146064
0.6842666666666667        -45.8409736064371
0.6843333333333333        -45.84409807577732
0.6844                    -45.846999443362286
0.6844666666666667        -45.849358651510144
0.6845333333333334        -45.85096249879868
0.6846000000000001        -45.85178339285938
0.6846666666666668        -45.852023978464814
0.6847333333333334        -45.85210604544319
0.6848000000000001        -45.85259621323211
0.6848666666666667        -45.85407869612577
0.6849333333333334        -45.857002807357475
0.685                     -45.86154435767718
0.6850666666666667        -45.86752184122696
0.6851333333333334        -45.874398790446904
0.6852                    -45.88138400575411
0.6852666666666667        -45.88761515524375
0.6853333333333333        -45.892384700074835
0.6854                    -45.895348424675966
0.6854666666666667        -45.89665400347186
0.6855333333333333        -45.89694401030499
0.6856                    -45.89722136953621
0.6856666666666666        -45.89860517056935
0.6857333333333333        -45.90203789752713
0.6858                    -45.908021308334035
0.6858666666666666        -45.9164536855473
0.6859333333333333        -45.92661808759235
0.686                     -45.93733489664182
0.6860666666666667        -45.94724935980564
0.6861333333333334        -45.955185008206456
0.6862                    -45.96046835139393
0.6862666666666667        -45.963130345896786
0.6863333333333334        -45.963920573333006
0.6864                    -45.96412360725098
0.6864666666666667        -45.96522554645421
0.6865333333333334        -45.9685216273028
0.6866000000000001        -45.974770419361334
0.6866666666666668        -45.98398549691301
0.6867333333333334        -45.9954192840706
0.6868000000000001        -46.00774597082833
0.6868666666666667        -46.01940026964877
0.6869333333333334        -46.02898603076337
0.687                     -46.03564497091642
0.6870666666666667        -46.039281828887795
0.6871333333333334        -46.040581187673915
0.6872                    -46.040812586956335
0.6872666666666667        -46.04148286973399
0.6873333333333334        -46.04393590185492
0.6874                    -46.04900832141801
0.6874666666666667        -46.05682808626871
0.6875333333333333        -46.06680124336938
0.6876                    -46.0777838333845
0.6876666666666666        -46.08839024263284
0.6877333333333333        -46.097355266262035
0.6878                    -46.1038530747193
0.6878666666666666        -46.107688351683194
0.6879333333333333        -46.10931222462569
0.688                     -46.10966736990819
0.6880666666666667        -46.109915124114295
0.6881333333333334        -46.11112632340092
0.6882                    -46.11401972217614
0.6882666666666667        -46.11881066163433
0.6883333333333334        -46.12519808901173
0.6884                    -46.13248090893792
0.6884666666666667        -46.139763602714645
0.6885333333333334        -46.146192087602216
0.6886000000000001        -46.15115755920702
0.6886666666666668        -46.154419154746016
0.6887333333333334        -46.15612198652094
0.6888000000000001        -46.15671750509457
0.6888666666666667        -46.15681864264406
0.6889333333333334        -46.15703534391991
0.6890000000000001        -46.15783456917542
0.6890666666666667        -46.15945553947839
0.6891333333333334        -46.16189186147378
0.6892                    -46.16493351252153
0.6892666666666667        -46.16824819354481
0.6893333333333334        -46.171475649492905
0.6894                    -46.17431032349647
0.6894666666666667        -46.176555377758355
0.6895333333333333        -46.178141665235486
0.6896                    -46.17911530891669
0.6896666666666667        -46.179604443134245
0.6897333333333333        -46.1797781253194
0.6898                    -46.17980878193477
0.6898666666666666        -46.17984533318375
0.6899333333333333        -46.179999268377976
0.69                      -46.180341994203815
0.6900666666666667        -46.180909566215206
0.6901333333333334        -46.181710467955114
0.6902                    -46.18273292694573
0.6902666666666667        -46.18394969734108
0.6903333333333334        -46.18531977021816
0.6904                    -46.186787813474204
0.6904666666666667        -46.18828319371172
0.6905333333333334        -46.18972111444009
0.6906000000000001        -46.191008535545535
0.6906666666666668        -46.19205683515069
0.6907333333333334        -46.192801415679874
0.6908000000000001        -46.19322573179701
0.6908666666666667        -46.19338412535726
0.6909333333333334        -46.19341548081277
0.6910000000000001        -46.19353934624179
0.6910666666666667        -46.194028752422085
0.6911333333333334        -46.19515958617059
0.6912                    -46.19714395474218
0.6912666666666667        -46.20006241395234
0.6913333333333334        -46.20381464865933
0.6914                    -46.208107906947546
0.6914666666666667        -46.21249597024303
0.6915333333333333        -46.21646913676632
0.6916                    -46.21958008824567
0.6916666666666667        -46.22157598801885
0.6917333333333333        -46.22249904755573
0.6918                    -46.22272046158394
0.6918666666666666        -46.222887240978864
0.6919333333333333        -46.22378484451093
0.692                     -46.226143782187954
0.6920666666666667        -46.2304376929879
0.6921333333333334        -46.23672784991567
0.6922                    -46.244602133488684
0.6922666666666667        -46.253236118784116
0.6923333333333334        -46.26157361943853
0.6924                    -46.2685899900983
0.6924666666666667        -46.27357259651824
0.6925333333333333        -46.276339452054216
0.6926000000000001        -46.277326962096026
0.6926666666666668        -46.27751132836551
0.6927333333333334        -46.278175846739096
0.6928000000000001        -46.280581984057065
0.6928666666666667        -46.285630745101464
0.6929333333333334        -46.29360496499426
0.6930000000000001        -46.304063861714
0.6930666666666667        -46.315924602604674
0.6931333333333334        -46.327719398012405
0.6932                    -46.33796933375581
0.6932666666666667        -46.345578916331235
0.6933333333333334        -46.3501412500139
0.6934                    -46.352062588001736
0.6934666666666667        -46.35246519109017
0.6935333333333333        -46.352893177784836
0.6936                    -46.354903643188734
0.6936666666666667        -46.35965541643613
0.6937333333333333        -46.36760416645066
0.6938                    -46.37838129750498
0.6938666666666666        -46.39088664013711
0.6939333333333333        -46.40357210167183
0.694                     -46.41484462451264
0.6940666666666667        -46.42348254454099
0.6941333333333334        -46.4289513985758
0.6942                    -46.43153078421142
0.6942666666666667        -46.432218723257385
0.6943333333333334        -46.43244618524456
0.6944                    -46.433688044008285
0.6944666666666667        -46.43708023604727
0.6945333333333333        -46.44314279044494
0.6946000000000001        -46.45167335375249
0.6946666666666668        -46.461828992661616
0.6947333333333334        -46.47236703180588
0.6948000000000001        -46.48197739660182
0.6948666666666667        -46.48961711166297
0.6949333333333334        -46.49475869238501
0.6950000000000001        -46.497490026134756
0.6950666666666667        -46.49844754670675
0.6951333333333334        -46.49861270743554
0.6952                    -46.49903757528872
0.6952666666666667        -46.50057816451231
0.6953333333333334        -46.503703101999946
0.6954                    -46.50841764702011
0.6954666666666667        -46.51430933285348
0.6955333333333333        -46.520690773717234
0.6956                    -46.526793937668586
0.6956666666666667        -46.53196213888202
0.6957333333333333        -46.53579212807677
0.6958                    -46.53819668413972
0.6958666666666666        -46.539382416326305
0.6959333333333333        -46.53976051643806
0.696                     -46.53982318339842
0.6960666666666666        -46.54002197748628
0.6961333333333334        -46.54067732555052
0.6962                    -46.541934868141475
0.6962666666666667        -46.543769469149964
0.6963333333333334        -46.54602582014084
0.6964                    -46.548478129846714
0.6964666666666667        -46.55089084158548
0.6965333333333333        -46.55306647898968
0.6966000000000001        -46.554873411296064
0.6966666666666668        -46.55625316027644
0.6967333333333334        -46.55721194109234
0.6968000000000001        -46.55780350125443
0.6968666666666667        -46.558110101610445
0.6969333333333334        -46.55822652410083
0.6970000000000001        -46.558249397504426
0.6970666666666667        -46.55827180917102
0.6971333333333334        -46.55838159244624
0.6972                    -46.55866091931533
0.6972666666666667        -46.55918475285426
0.6973333333333334        -46.56001619601049
0.6974                    -46.56119778457307
0.6974666666666667        -46.56273932182302
0.6975333333333333        -46.56460481237411
0.6976                    -46.566702997541455
0.6976666666666667        -46.568887180065545
0.6977333333333333        -46.5709695790443
0.6978                    -46.5727527485678
0.6978666666666666        -46.574075676157676
0.6979333333333333        -46.574866073093446
0.698                     -46.57518502268367
0.6980666666666666        -46.57524791094602
0.6981333333333334        -46.57540827315139
0.6982                    -46.576099254434155
0.6982666666666667        -46.57773926979914
0.6983333333333334        -46.58062095894764
0.6984                    -46.58481175732468
0.6984666666666667        -46.59009692419829
0.6985333333333333        -46.595989706927334
0.6986000000000001        -46.601818549993126
0.6986666666666668        -46.60688036799337
0.6987333333333334        -46.61062692733525
0.6988000000000001        -46.61283528843718
0.6988666666666667        -46.61370998090334
0.6989333333333334        -46.6138778839363
0.6990000000000001        -46.61426456197652
0.6990666666666667        -46.61587497213661
0.6991333333333334        -46.619531101751676
0.6992                    -46.62563508071535
0.6992666666666667        -46.634024352454105
0.6993333333333334        -46.64396618709639
0.6994                    -46.65430601956831
0.6994666666666667        -46.66374384598603
0.6995333333333333        -46.67117395436016
0.6996                    -46.67599720662694
0.6996666666666667        -46.67831353152312
0.6997333333333333        -46.6789306181027
0.6998                    -46.679176656335585
0.6998666666666666        -46.680562964428404
0.6999333333333333        -46.684386202761736
0.7                       -46.691376408823814
0.7000666666666666        -46.701484562755354
0.7001333333333333        -46.713868434017336
0.7001999999999999        -46.72708719045951
0.7002666666666666        -46.73946250812348
0.7003333333333333        -46.749516789459065
0.7004000000000001        -46.75637074309456
0.7004666666666668        -46.75998623451881
0.7005333333333335        -46.76118097306979
0.7006000000000001        -46.761408790564374
0.7006666666666668        -46.76236910461771
0.7007333333333334        -46.76555639382567
0.7008000000000001        -46.77187159519918
0.7008666666666667        -46.781394459013946
0.7009333333333334        -46.793370931331346
0.7010000000000001        -46.80641553384426
0.7010666666666667        -46.81887580574652
0.7011333333333334        -46.82926369580783
0.7012                    -46.83663827439343
0.7012666666666667        -46.84083498515443
0.7013333333333334        -46.84248020928338
0.7014                    -46.84279385403978
0.7014666666666667        -46.84324435212815
0.7015333333333333        -46.84515818991457
0.7016                    -46.84938998241286
0.7016666666666667        -46.85613345071342
0.7017333333333333        -46.86491090795478
0.7018                    -46.87473208578159
0.7018666666666666        -46.884372359489035
0.7019333333333333        -46.89269316527948
0.702                     -46.89891965677211
0.7020666666666666        -46.902805502890004
0.7021333333333333        -46.904649180343505
0.7021999999999999        -46.905169760585494
0.7022666666666666        -46.90528850571332
0.7023333333333333        -46.905883435627715
0.7024000000000001        -46.90758296055378
0.7024666666666668        -46.91064556517516
0.7025333333333335        -46.91494409858217
0.7026000000000001        -46.92004463098659
0.7026666666666668        -46.925348007956714
0.7027333333333334        -46.93025116393411
0.7028000000000001        -46.934286170115065
0.7028666666666668        -46.937206416918464
0.7029333333333334        -46.939007268425414
0.7030000000000001        -46.93988733484646
0.7030666666666667        -46.940170682479746
0.7031333333333334        -46.9402164001587
0.7032                    -46.94033963322286
0.7032666666666667        -46.94075988369532
0.7033333333333334        -46.94158180487129
0.7034                    -46.94280441247055
0.7034666666666667        -46.94434883749495
0.7035333333333333        -46.946093099452625
0.7036                    -46.947904178798616
0.7036666666666667        -46.94966143716371
0.7037333333333333        -46.951269562525965
0.7038                    -46.95266247509741
0.7038666666666666        -46.95380143361788
0.7039333333333333        -46.954670962551994
0.704                     -46.95527558266057
0.7040666666666666        -46.95563914287184
0.7041333333333333        -46.955807153453875
0.7041999999999999        -46.955851076725125
0.7042666666666666        -46.95587216981464
0.7043333333333333        -46.9560014442379
0.7044000000000001        -46.95639204159194
0.7044666666666668        -46.957201317218505
0.7045333333333335        -46.958562454350485
0.7046000000000001        -46.9605492660233
0.7046666666666668        -46.96314207495448
0.7047333333333334        -46.966205722564005
0.7048000000000001        -46.969491205902756
0.7048666666666668        -46.972668955023316
0.7049333333333334        -46.97539417725457
0.7050000000000001        -46.97739436030825
0.7050666666666667        -46.978558843929434
0.7051333333333334        -46.97900415029845
0.7052                    -46.97908989381813
0.7052666666666667        -46.979369932995816
0.7053333333333334        -46.98048026959769
0.7054                    -46.982984500639844
0.7054666666666667        -46.987213555206246
0.7055333333333333        -46.9931438810917
0.7056                    -47.000354205150515
0.7056666666666667        -47.008085122820475
0.7057333333333333        -47.015400392485645
0.7058                    -47.02141907824591
0.7058666666666666        -47.025561615393315
0.7059333333333333        -47.0277399725078
0.706                     -47.028429785253245
0.7060666666666666        -47.028591484985995
0.7061333333333333        -47.02945010114234
0.7061999999999999        -47.032185549065595
0.7062666666666666        -47.03761313447704
0.7063333333333333        -47.045940080095946
0.7064000000000001        -47.05666785253045
0.7064666666666668        -47.06867645896498
0.7065333333333335        -47.0804821586742
0.7066000000000001        -47.090612403411434
0.7066666666666668        -47.098002763185136
0.7067333333333334        -47.10230418731753
0.7068000000000001        -47.1040061375059
0.7068666666666668        -47.10433137737856
0.7069333333333334        -47.104925847970776
0.7070000000000001        -47.10742761631896
0.7070666666666667        -47.113031855304406
0.7071333333333334        -47.122167046548206
0.7072                    -47.134366766403346
0.7072666666666667        -47.14837261047694
0.7073333333333334        -47.16244739205531
0.7074                    -47.17482314366414
0.7074666666666667        -47.184167483852484
0.7075333333333333        -47.18993912031938
0.7076                    -47.19252925694218
0.7076666666666667        -47.193147312794615
0.7077333333333333        -47.193486318380536
0.7078                    -47.19526696767466
0.7078666666666666        -47.199788129337
0.7079333333333333        -47.20760122371979
0.708                     -47.218386349604245
0.7080666666666666        -47.23105431677577
0.7081333333333333        -47.244043258766155
0.7081999999999999        -47.25573076953286
0.7082666666666666        -47.26485212979828
0.7083333333333333        -47.27081217349272
0.7083999999999999        -47.27380795888503
0.7084666666666668        -47.27473545196834
0.7085333333333335        -47.27491730887309
0.7086000000000001        -47.275737660092446
0.7086666666666668        -47.27828813098962
0.7087333333333334        -47.28311569278369
0.7088000000000001        -47.29012712056594
0.7088666666666668        -47.29866037431324
0.7089333333333334        -47.307691585609
0.7090000000000001        -47.316115575497186
0.7090666666666667        -47.32302358041483
0.7091333333333334        -47.327907391701615
0.7092                    -47.330743453934254
0.7092666666666667        -47.33194671290857
0.7093333333333334        -47.33222055985304
0.7094                    -47.33235438083871
0.7094666666666667        -47.33302730970523
0.7095333333333333        -47.33466639377414
0.7096                    -47.33738574666839
0.7096666666666667        -47.34100857911322
0.7097333333333333        -47.34515326902897
0.7098                    -47.34935219793077
0.7098666666666666        -47.35316947083925
0.7099333333333333        -47.35628990638966
0.71                      -47.35856389540268
0.7100666666666666        -47.36000673546908
0.7101333333333333        -47.360762704851425
0.7101999999999999        -47.36105058108911
0.7102666666666666        -47.36110777324583
0.7103333333333333        -47.36114597550845
0.7103999999999999        -47.36132469659893
0.7104666666666668        -47.36174268239282
0.7105333333333335        -47.36244286095775
0.7106000000000001        -47.363424621112486
0.7106666666666668        -47.36465764683799
0.7107333333333334        -47.36609329980816
0.7108000000000001        -47.36767174349856
0.7108666666666668        -47.36932497670459
0.7109333333333334        -47.37097739548953
0.7110000000000001        -47.37254638161297
0.7110666666666667        -47.373945717307706
0.7111333333333334        -47.37509424498765
0.7112                    -47.37593093764297
0.7112666666666667        -47.37643533727187
0.7113333333333334        -47.376649427884644
0.7114                    -47.376694217321884
0.7114666666666667        -47.37677279478777
0.7115333333333334        -47.377152604669945
0.7116                    -47.37812377070129
0.7116666666666667        -47.37993711545971
0.7117333333333333        -47.38273346312944
0.7118                    -47.3864824323047
0.7118666666666666        -47.39095156676438
0.7119333333333333        -47.39572328510683
0.712                     -47.40026712996137
0.7120666666666666        -47.404059562197425
0.7121333333333333        -47.406726747876334
0.7121999999999999        -47.40817287790339
0.7122666666666666        -47.408653186019265
0.7123333333333333        -47.40876037779308
0.7123999999999999        -47.4093146288933
0.7124666666666668        -47.41117487994301
0.7125333333333335        -47.41501438651419
0.7126000000000001        -47.42111857094949
0.7126666666666668        -47.429263571815106
0.7127333333333334        -47.43871869737319
0.7128000000000001        -47.44838755577439
0.7128666666666668        -47.45706594799653
0.7129333333333334        -47.46375784319209
0.7130000000000001        -47.46796518154415
0.7130666666666667        -47.469864326994696
0.7131333333333334        -47.470307446155715
0.7132000000000001        -47.47063560047124
0.7132666666666667        -47.47234594744155
0.7133333333333334        -47.47669892399837
0.7134                    -47.48436945932887
0.7134666666666667        -47.495236430960695
0.7135333333333334        -47.5083719519383
0.7136                    -47.522244537378164
0.7136666666666667        -47.53509591776175
0.7137333333333333        -47.54540057425811
0.7138                    -47.5522845051153
0.7138666666666666        -47.555780736809645
0.7139333333333333        -47.556840581338506
0.714                     -47.55709137367052
0.7140666666666666        -47.55840764464054
0.7141333333333333        -47.56241539725774
0.7142                    -47.57006298752137
0.7142666666666666        -47.581369046655325
0.7143333333333333        -47.595410365490984
0.7143999999999999        -47.61055387110595
0.7144666666666668        -47.62487691150491
0.7145333333333335        -47.636669203161304
0.7146000000000001        -47.64488162883171
0.7146666666666668        -47.649395562333645
0.7147333333333334        -47.65103588987947
0.7148000000000001        -47.65132785145426
0.7148666666666668        -47.652074068466376
0.7149333333333334        -47.65487569945318
0.7150000000000001        -47.660727661786986
0.7150666666666667        -47.66978765375264
0.7151333333333334        -47.68136768519072
0.7152000000000001        -47.69414012319252
0.7152666666666667        -47.706498769571326
0.7153333333333334        -47.716977951930176
0.7154                    -47.72461804159309
0.7154666666666667        -47.72918122616587
0.7155333333333334        -47.731165654117966
0.7156                    -47.73162616169798
0.7156666666666667        -47.731864627019014
0.7157333333333333        -47.733083886263266
0.7158                    -47.7360988098046
0.7158666666666667        -47.74117196336698
0.7159333333333333        -47.7480016271172
0.716                     -47.755849280049034
0.7160666666666666        -47.76376110717958
0.7161333333333333        -47.77081942524263
0.7162                    -47.77635826102055
0.7162666666666666        -47.78009258127536
0.7163333333333333        -47.78213842220856
0.7163999999999999        -47.78293281413661
0.7164666666666666        -47.783087981865165
0.7165333333333335        -47.78322656250573
0.7166000000000001        -47.78384174755425
0.7166666666666668        -47.785211909106415
0.7167333333333334        -47.78737987814593
0.7168000000000001        -47.79018901685161
0.7168666666666668        -47.79335599891388
0.7169333333333334        -47.79655563068027
0.7170000000000001        -47.799495631948254
0.7170666666666667        -47.80196687556953
0.7171333333333334        -47.80386411292003
0.7172000000000001        -47.80518069388332
0.7172666666666667        -47.8059861346481
0.7173333333333334        -47.806396894784015
0.7174                    -47.80654902946283
0.7174666666666667        -47.80657791879895
0.7175333333333334        -47.80660657858249
0.7176                    -47.80674121039188
0.7176666666666667        -47.80707108487139
0.7177333333333333        -47.80766947126476
0.7178                    -47.808592799593384
0.7178666666666667        -47.809876282151144
0.7179333333333333        -47.811525691059344
0.718                     -47.813506813217444
0.7180666666666666        -47.815736071396024
0.7181333333333333        -47.818077403270294
0.7182                    -47.82035094548015
0.7182666666666666        -47.822357573257804
0.7183333333333333        -47.823919504834976
0.7183999999999999        -47.82493144714651
0.7184666666666666        -47.82541063517198
0.7185333333333335        -47.825529900030844
0.7186000000000001        -47.82561793626266
0.7186666666666668        -47.826116582018955
0.7187333333333334        -47.827495689593604
0.7188000000000001        -47.8301395356993
0.7188666666666668        -47.83423081824638
0.7189333333333334        -47.83966503809946
0.7190000000000001        -47.846026386206184
0.7190666666666667        -47.85264489163203
0.7191333333333334        -47.85873467716723
0.7192000000000001        -47.86358869691513
0.7192666666666667        -47.86678308632726
0.7193333333333334        -47.86833251998829
0.7194                    -47.86874343075132
0.7194666666666667        -47.86893589054256
0.7195333333333334        -47.87004132705675
0.7196                    -47.87312054278224
0.7196666666666667        -47.87887279756206
0.7197333333333333        -47.887414484019146
0.7198                    -47.89819355893252
0.7198666666666667        -47.91007611097573
0.7199333333333333        -47.92159937273314
0.72                      -47.93133878114001
0.7200666666666666        -47.938296942822674
0.7201333333333333        -47.94220420006226
0.7202                    -47.943635708152776
0.7202666666666666        -47.94389891349299
0.7203333333333333        -47.94471303339083
0.7203999999999999        -47.94776414069876
0.7204666666666666        -47.954254715250485
0.7205333333333335        -47.964567074302124
0.7206000000000001        -47.97813076035918
0.7206666666666668        -47.99353498885853
0.7207333333333334        -48.00886820954307
0.7208000000000001        -48.022206921861525
0.7208666666666668        -48.032128139801635
0.7209333333333334        -48.03810183896658
0.7210000000000001        -48.04064546060534
0.7210666666666667        -48.04119045040266
0.7211333333333334        -48.041698318647555
0.7212000000000001        -48.04413737882817
0.7212666666666667        -48.04996568615631
0.7213333333333334        -48.05975538385855
0.7214                    -48.07305026770919
0.7214666666666667        -48.088488404237026
0.7215333333333334        -48.104157866753205
0.7216                    -48.11809562364867
0.7216666666666667        -48.12879879180151
0.7217333333333333        -48.13560835730763
0.7218                    -48.1388581715133
0.7218666666666667        -48.1397513678694
0.7219333333333333        -48.14000877631608
0.722                     -48.141398314596714
0.7220666666666666        -48.14527926502044
0.7221333333333333        -48.1522787131961
0.7222                    -48.162172411657934
0.7222666666666666        -48.1739861644825
0.7223333333333333        -48.186279932063314
0.7223999999999999        -48.19753435083995
0.7224666666666666        -48.206536056901186
0.7225333333333335        -48.21266105350822
0.7226000000000001        -48.21598641625773
0.7226666666666668        -48.21721220291092
0.7227333333333334        -48.21743048246844
0.7228000000000001        -48.21781785336541
0.7228666666666668        -48.219340025548654
0.7229333333333334        -48.22254226868253
0.7230000000000001        -48.227467241743625
0.7230666666666667        -48.233704197402
0.7231333333333334        -48.24054093918704
0.7232000000000001        -48.247168634063726
0.7232666666666667        -48.25288280244376
0.7233333333333334        -48.257231740724265
0.7234                    -48.260083257423936
0.7234666666666667        -48.26160574596068
0.7235333333333334        -48.26218251203799
0.7236                    -48.26229237005022
0.7236666666666667        -48.26239194728278
0.7237333333333333        -48.262827345338486
0.7238                    -48.26378926262315
0.7238666666666667        -48.26531158070651
0.7239333333333333        -48.26730280361364
0.724                     -48.269594591957414
0.7240666666666666        -48.271991893686284
0.7241333333333333        -48.2743133220821
0.7242                    -48.276416288637954
0.7242666666666666        -48.27820689501924
0.7243333333333333        -48.279638340751575
0.7243999999999999        -48.280703147313695
0.7244666666666666        -48.28142415892706
0.7245333333333333        -48.281847788639425
0.7246000000000001        -48.2820410641455
0.7246666666666668        -48.28209216498665
0.7247333333333335        -48.28211254254113
0.7248000000000001        -48.28223749728467
0.7248666666666668        -48.28262147799701
0.7249333333333334        -48.283424747834054
0.7250000000000001        -48.28478982174435
0.7250666666666667        -48.286809311203854
0.7251333333333334        -48.2894910196929
0.7252000000000001        -48.29273013237284
0.7252666666666667        -48.29630047216863
0.7253333333333334        -48.2998754149681
0.7254                    -48.30308325097622
0.7254666666666667        -48.30559202318494
0.7255333333333334        -48.30720741288768
0.7256                    -48.30795784119079
0.7256666666666667        -48.308137810146434
0.7257333333333333        -48.30828650470863
0.7258                    -48.309093757458484
0.7258666666666667        -48.31124609585353
0.7259333333333333        -48.31524577569447
0.726                     -48.321249187978886
0.7260666666666666        -48.32897322120246
0.7261333333333333        -48.33770711331299
0.7262                    -48.34644386702603
0.7262666666666666        -48.354113248831084
0.7263333333333333        -48.35986507242878
0.7263999999999999        -48.36332740290442
0.7264666666666666        -48.36476037363292
0.7265333333333333        -48.36504827468944
0.7266000000000001        -48.36551630788364
0.7266666666666668        -48.367609944868484
0.7267333333333335        -48.37251667560524
0.7268000000000001        -48.380829363358934
0.7268666666666668        -48.39234371645234
0.7269333333333334        -48.40605301614896
0.7270000000000001        -48.42035749630061
0.7270666666666667        -48.43345096460071
0.7271333333333334        -48.443793840883444
0.7272000000000001        -48.45054549623764
0.7272666666666667        -48.45382703299762
0.7273333333333334        -48.454727191278494
0.7274                    -48.455039120193405
0.7274666666666667        -48.45679718925776
0.7275333333333334        -48.46174059469173
0.7276                    -48.470847258343646
0.7276666666666667        -48.48405906168714
0.7277333333333333        -48.500270456638866
0.7278                    -48.51758988333994
0.7278666666666667        -48.533816718656546
0.7279333333333333        -48.54701624736195
0.728                     -48.55603797792793
0.7280666666666666        -48.56082754331382
0.7281333333333333        -48.56243770767536
0.7282                    -48.562735089985686
0.7282666666666666        -48.56389166132716
0.7283333333333333        -48.567808614333785
0.7283999999999999        -48.575628558028534
0.7284666666666666        -48.587457102786765
0.7285333333333333        -48.60235554103558
0.7286000000000001        -48.618599539049995
0.7286666666666668        -48.6341354946623
0.7287333333333335        -48.64711596289976
0.7288000000000001        -48.65637106010099
0.7288666666666668        -48.66168693915559
0.7289333333333334        -48.66381784500338
0.7290000000000001        -48.664239006886646
0.7290666666666668        -48.664723824641754
0.7291333333333334        -48.666872647993856
0.7292000000000001        -48.67172094403046
0.7292666666666667        -48.679519703431914
0.7293333333333334        -48.68972791897123
0.7294                    -48.70120206906155
0.7294666666666667        -48.71252164003455
0.7295333333333334        -48.72236019917604
0.7296                    -48.7298044191986
0.7296666666666667        -48.73454196077425
0.7297333333333333        -48.73687958730879
0.7298                    -48.73760301665783
0.7298666666666667        -48.73773285154658
0.7299333333333333        -48.738252800604165
0.73                      -48.73988308081869
0.7300666666666666        -48.74294888421437
0.7301333333333333        -48.747361718577686
0.7302                    -48.75270069664775
0.7302666666666666        -48.75835866345015
0.7303333333333333        -48.7637079784112
0.7303999999999999        -48.76824324275513
0.7304666666666666        -48.77167101212851
0.7305333333333333        -48.77393500429357
0.7306000000000001        -48.77518372118207
0.7306666666666668        -48.7757005379673
0.7307333333333335        -48.77582128806854
0.7308000000000001        -48.77586141114547
0.7308666666666668        -48.77606654425823
0.7309333333333334        -48.77659073677642
0.7310000000000001        -48.77749845044587
0.7310666666666668        -48.77878193657275
0.7311333333333334        -48.78038467127076
0.7312000000000001        -48.78222335057665
0.7312666666666667        -48.784204097757964
0.7313333333333334        -48.78623174035653
0.7314                    -48.788213483226805
0.7314666666666667        -48.79005977521209
0.7315333333333334        -48.7916857143245
0.7316                    -48.793016089944274
0.7316666666666667        -48.79399613299579
0.7317333333333333        -48.79460816441692
0.7318                    -48.79489166415156
0.7318666666666667        -48.79496129317263
0.7319333333333333        -48.79501505798261
0.732                     -48.795324377307104
0.7320666666666666        -48.796200357863555
0.7321333333333333        -48.79793636619132
0.7322                    -48.80073503619364
0.7322666666666666        -48.804636024507616
0.7323333333333333        -48.80946626750345
0.7323999999999999        -48.81483446411515
0.7324666666666666        -48.82018428788017
0.7325333333333333        -48.82490658196183
0.7326000000000001        -48.82849220144662
0.7326666666666668        -48.83068949909436
0.7327333333333335        -48.83162042636237
0.7328000000000001        -48.83181254440992
0.7328666666666668        -48.832122577749544
0.7329333333333334        -48.83355640789275
0.7330000000000001        -48.83702185826721
0.7330666666666668        -48.84307444964816
0.7331333333333334        -48.85172535284839
0.7332000000000001        -48.862372185624594
0.7332666666666667        -48.87388796288717
0.7333333333333334        -48.884865074088744
0.7334                    -48.893966566679325
0.7334666666666667        -48.900297689350765
0.7335333333333334        -48.90369138082768
0.7336                    -48.90481442551655
0.7336666666666667        -48.905047565009376
0.7337333333333333        -48.90615898112148
0.7338                    -48.90985259614364
0.7338666666666667        -48.917309599762845
0.7339333333333333        -48.92884483358871
0.734                     -48.94377277691218
0.7340666666666666        -48.960529786565424
0.7341333333333333        -48.97703835370953
0.7342                    -48.991234236099956
0.7342666666666666        -49.00162261421202
0.7343333333333333        -49.00770555156953
0.7343999999999999        -49.01014797479317
0.7344666666666666        -49.01062329547081
0.7345333333333333        -49.01137794830335
0.7345999999999999        -49.01463809908746
0.7346666666666668        -49.02202193189688
0.7347333333333335        -49.03411101887545
0.7348000000000001        -49.05028754472876
0.7348666666666668        -49.068878539096936
0.7349333333333334        -49.08757626867113
0.7350000000000001        -49.10403441500992
0.7350666666666668        -49.116485897618254
0.7351333333333334        -49.124210386426924
0.7352000000000001        -49.127714576003136
0.7352666666666667        -49.128573079548005
0.7353333333333334        -49.12898281586579
0.7354                    -49.13116721275216
0.7354666666666667        -49.13679927283668
0.7355333333333334        -49.1465921599299
0.7356                    -49.16015044967885
0.7356666666666667        -49.17610624983823
0.7357333333333334        -49.19249682468413
0.7358                    -49.20728329870841
0.7358666666666667        -49.218873540353286
0.7359333333333333        -49.22650911099232
0.736                     -49.230414057601266
0.7360666666666666        -49.231674933862195
0.7361333333333333        -49.23190215926109
0.7362                    -49.23278239407207
0.7362666666666666        -49.235650818520334
0.7363333333333333        -49.24119129191559
0.7363999999999999        -49.24932601212318
0.7364666666666666        -49.259302395790066
0.7365333333333333        -49.26993692498449
0.7365999999999999        -49.279941862743335
0.7366666666666668        -49.28824631175044
0.7367333333333335        -49.29423111082614
0.7368000000000001        -49.2978260860943
0.7368666666666668        -49.299460019564506
0.7369333333333334        -49.29989487251878
0.7370000000000001        -49.300003015701236
0.7370666666666668        -49.30055244130912
0.7371333333333334        -49.30205174422981
0.7372000000000001        -49.3046819012702
0.7372666666666667        -49.30831507173832
0.7373333333333334        -49.312599337580934
0.7374                    -49.31707660490217
0.7374666666666667        -49.321299622211676
0.7375333333333334        -49.32492148202253
0.7376                    -49.327743547229794
0.7376666666666667        -49.32972119594705
0.7377333333333334        -49.33093726602668
0.7378                    -49.33155831967576
0.7378666666666667        -49.33178862692123
0.7379333333333333        -49.331832616632596
0.738                     -49.33187080862561
0.7380666666666666        -49.33204904970098
0.7381333333333333        -49.33247748815682
0.7382                    -49.33323440093162
0.7382666666666666        -49.334370311771714
0.7383333333333333        -49.33590915888969
0.7384                    -49.33784507543869
0.7384666666666666        -49.340135375032645
0.7385333333333333        -49.34269244150759
0.7385999999999999        -49.345379126864906
0.7386666666666668        -49.34801338060447
0.7387333333333335        -49.35038734982547
0.7388000000000001        -49.352303396322945
0.7388666666666668        -49.35362429041461
0.7389333333333334        -49.354328232277524
0.7390000000000001        -49.354553406385705
0.7390666666666668        -49.35461417869213
0.7391333333333334        -49.354974046842784
0.7392000000000001        -49.35616970263581
0.7392666666666667        -49.35869444502046
0.7393333333333334        -49.36286404250752
0.7394000000000001        -49.368699376144754
0.7394666666666667        -49.37586358213372
0.7395333333333334        -49.383684242210194
0.7396                    -49.39127301108446
0.7396666666666667        -49.3977285042185
0.7397333333333334        -49.40237948469148
0.7398                    -49.40500374865633
0.7398666666666667        -49.40595349435319
0.7399333333333333        -49.406136013370705
0.74                      -49.40683640386051
0.7400666666666667        -49.40941512367051
0.7401333333333333        -49.41495235503702
0.7402                    -49.42393141721034
0.7402666666666666        -49.43605014510642
0.7403333333333333        -49.45022373742742
0.7404                    -49.46479948271631
0.7404666666666666        -49.47794925563165
0.7405333333333333        -49.48815020920815
0.7405999999999999        -49.494624477906214
0.7406666666666668        -49.497604198505385
0.7407333333333335        -49.49832924350665
0.7408000000000001        -49.498762565501366
0.7408666666666668        -49.501093852583615
0.7409333333333334        -49.507164203327406
0.7410000000000001        -49.51796436273391
0.7410666666666668        -49.53333792997473
0.7411333333333334        -49.55197139226062
0.7412000000000001        -49.57168706125395
0.7412666666666667        -49.58998133941451
0.7413333333333334        -49.604679902975306
0.7414000000000001        -49.61453328624317
0.7414666666666667        -49.61957625925316
0.7415333333333334        -49.621135750408854
0.7416                    -49.62147944457647
0.7416666666666667        -49.62320853531436
0.7417333333333334        -49.62856925820592
0.7418                    -49.63886868025408
0.7418666666666667        -49.654140109653255
0.7419333333333333        -49.67313548397068
0.742                     -49.69364493199306
0.7420666666666667        -49.7130672131219
0.7421333333333333        -49.72908823002487
0.7422                    -49.7402857398886
0.7422666666666666        -49.74648855404274
0.7423333333333333        -49.748787013911475
0.7424                    -49.74919943978345
0.7424666666666666        -49.75010417908139
0.7425333333333333        -49.75360776072681
0.7425999999999999        -49.76102064206106
0.7426666666666666        -49.772565506980214
0.7427333333333335        -49.78737381946942
0.7428000000000001        -49.80375476883623
0.7428666666666668        -49.81965828821866
0.7429333333333334        -49.833208629474406
0.7430000000000001        -49.84316741041225
0.7430666666666668        -49.84920497528088
0.7431333333333334        -49.85191606868185
0.7432000000000001        -49.85259324487778
0.7432666666666667        -49.85284076516896
0.7433333333333334        -49.854148349178395
0.7434000000000001        -49.85753991918932
0.7434666666666667        -49.863376630295576
0.7435333333333334        -49.871343435457625
0.7436                    -49.88059999418355
0.7436666666666667        -49.89004000550223
0.7437333333333334        -49.898583451313804
0.7438                    -49.905426256226136
0.7438666666666667        -49.91019076103878
0.7439333333333333        -49.9129527345891
0.744                     -49.91415643628855
0.7440666666666667        -49.91445721546921
0.7441333333333333        -49.91454348496031
0.7442                    -49.91498535841687
0.7442666666666666        -49.91614055854363
0.7443333333333333        -49.918127030859395
0.7444                    -49.92085308149127
0.7444666666666666        -49.924084174054016
0.7445333333333333        -49.92752205683283
0.7445999999999999        -49.93087544362311
0.7446666666666666        -49.93390932375165
0.7447333333333335        -49.93646894218027
0.7448000000000001        -49.93848186173118
0.7448666666666668        -49.93994573990304
0.7449333333333334        -49.94091031813956
0.7450000000000001        -49.9414604754869
0.7450666666666668        -49.94170432022405
0.7451333333333334        -49.941767300532184
0.7452000000000001        -49.941790853013416
0.7452666666666667        -49.941932387646744
0.7453333333333334        -49.942362475831096
0.7454000000000001        -49.94325510834352
0.7454666666666667        -49.944768125895706
0.7455333333333334        -49.947013661016726
0.7456                    -49.9500225368063
0.7456666666666667        -49.95371122351024
0.7457333333333334        -49.957863609676636
0.7458                    -49.96214056667797
0.7458666666666667        -49.966126433528416
0.7459333333333333        -49.96941263334682
0.746                     -49.9717060587255
0.7460666666666667        -49.97293715508852
0.7461333333333333        -49.973334714168956
0.7462                    -49.9734358190182
0.7462666666666666        -49.974012097387146
0.7463333333333333        -49.97591527160721
0.7464                    -49.97987000845312
0.7464666666666666        -49.98626273378274
0.7465333333333333        -49.99498487692115
0.7465999999999999        -50.00538409105343
0.7466666666666666        -50.01635645368681
0.7467333333333335        -50.02657860517493
0.7468000000000001        -50.03483727907704
0.7468666666666668        -50.04037573482168
0.7469333333333334        -50.04315682846947
0.7470000000000001        -50.04395323693384
0.7470666666666668        -50.044218679309644
0.7471333333333334        -50.04575726723122
0.7472000000000001        -50.050269094033794
0.7472666666666667        -50.058888428420616
0.7473333333333334        -50.07183711189862
0.7474000000000001        -50.08829210329918
0.7474666666666667        -50.106519673433915
0.7475333333333334        -50.12426638005466
0.7476                    -50.13932681874175
0.7476666666666667        -50.15014572245079
0.7477333333333334        -50.15628148487468
0.7478                    -50.158582038765886
0.7478666666666667        -50.15900459446339
0.7479333333333333        -50.16012088503504
0.748                     -50.164445133940276
0.7480666666666667        -50.173768507528315
0.7481333333333333        -50.18867412358495
0.7482                    -50.2083557947426
0.7482666666666666        -50.23079095347928
0.7483333333333333        -50.253235727781814
0.7484                    -50.27292652226923
0.7484666666666666        -50.28780444620907
0.7485333333333333        -50.29705466892263
0.7485999999999999        -50.301296745548434
0.7486666666666666        -50.302370386993616
0.7487333333333335        -50.302793024850104
0.7488000000000001        -50.30506420432267
0.7488666666666668        -50.31102107241977
0.7489333333333335        -50.32141118876157
0.7490000000000001        -50.335772153937825
0.7490666666666668        -50.352622743302064
0.7491333333333334        -50.36989623253076
0.7492000000000001        -50.38549297309403
0.7492666666666667        -50.397804321561786
0.7493333333333334        -50.40607231695833
0.7494000000000001        -50.41050051143525
0.7494666666666667        -50.412107504492496
0.7495333333333334        -50.41238927118401
0.7496                    -50.41290264523595
0.7496666666666667        -50.41488796449809
0.7497333333333334        -50.41901976316916
0.7498                    -50.42532718463236
0.7498666666666667        -50.433277533879235
0.7499333333333333        -50.44197863027112
0.75                      -50.4504342194764
0.7500666666666667        -50.45778367523457
0.7501333333333333        -50.46347137378348
0.7502                    -50.46731747355995
0.7502666666666666        -50.46949190871156
0.7503333333333333        -50.47041779016616
0.7504                    -50.47064251672271
0.7504666666666666        -50.470713492020344
0.7505333333333333        -50.471084185929485
0.7505999999999999        -50.47206149189758
0.7506666666666666        -50.47379237822685
0.7507333333333333        -50.47627975813278
0.7508000000000001        -50.47941478484785
0.7508666666666668        -50.48301417441828
0.7509333333333335        -50.48685478594444
0.7510000000000001        -50.490701820143414
0.7510666666666668        -50.49433045721953
0.7511333333333334        -50.49754295013975
0.7512000000000001        -50.50018396609023
0.7512666666666667        -50.50215643327853
0.7513333333333334        -50.503438543523885
0.7514000000000001        -50.50410025916396
0.7514666666666667        -50.504315230206
0.7515333333333334        -50.50436218906669
0.7516                    -50.5046094896225
0.7516666666666667        -50.50547817144534
0.7517333333333334        -50.50738296805167
0.7518                    -50.51065655746478
0.7518666666666667        -50.51546889594061
0.7519333333333333        -50.52175901843253
0.752                     -50.52919941578434
0.7520666666666667        -50.53721136421092
0.7521333333333333        -50.54504225823173
0.7522                    -50.55190296791945
0.7522666666666666        -50.55714609231203
0.7523333333333333        -50.560448611406905
0.7524                    -50.561950812593956
0.7524666666666666        -50.56230373076492
0.7525333333333333        -50.56259318665104
0.7525999999999999        -50.564137901725545
0.7526666666666666        -50.56819454201212
0.7527333333333333        -50.575633536397106
0.7528000000000001        -50.5866670367708
0.7528666666666668        -50.60070910300047
0.7529333333333335        -50.61642640307948
0.7530000000000001        -50.631996482571004
0.7530666666666668        -50.64553490669709
0.7531333333333334        -50.655594282591984
0.7532000000000001        -50.661597555766505
0.7532666666666668        -50.66406720467992
0.7533333333333334        -50.66456132730618
0.7534000000000001        -50.66531420880008
0.7534666666666667        -50.66867000462185
0.7535333333333334        -50.676459572908385
0.7536                    -50.68948554036947
0.7536666666666667        -50.70725350158778
0.7537333333333334        -50.72803133819618
0.7538                    -50.74924465879658
0.7538666666666667        -50.768131285464236
0.7539333333333333        -50.78249488954471
0.754                     -50.79134498859396
0.7540666666666667        -50.79522088451906
0.7541333333333333        -50.79608429464628
0.7542                    -50.79680260790364
0.7542666666666666        -50.80037424684341
0.7543333333333333        -50.80911782719319
0.7544                    -50.824042630558075
0.7544666666666666        -50.84455902807251
0.7545333333333333        -50.86860248915508
0.7545999999999999        -50.8931504958884
0.7546666666666666        -50.9150148414285
0.7547333333333333        -50.931706117931824
0.7548000000000001        -50.94212377803261
0.7548666666666668        -50.94685876982068
0.7549333333333335        -50.94801263827102
0.7550000000000001        -50.948595364153526
0.7550666666666668        -50.951694491106856
0.7551333333333334        -50.959659352970384
0.7552000000000001        -50.973513210058854
0.7552666666666668        -50.992725445943364
0.7553333333333334        -51.01538142588123
0.7554000000000001        -51.03869793836801
0.7554666666666667        -51.05975348504814
0.7555333333333334        -51.076244697929226
0.7556                    -51.08706344586345
0.7556666666666667        -51.09253355079468
0.7557333333333334        -51.094248313063176
0.7558                    -51.09457458040773
0.7558666666666667        -51.09598523571357
0.7559333333333333        -51.10041558643449
0.756                     -51.10880978511329
0.7560666666666667        -51.12095514805034
0.7561333333333333        -51.13562227713615
0.7562                    -51.150954870821074
0.7562666666666666        -51.1649950927288
0.7563333333333333        -51.176198428066265
0.7564                    -51.18379759709087
0.7564666666666666        -51.187922981676024
0.7565333333333333        -51.18946514506095
0.7565999999999999        -51.18974521909312
0.7566666666666666        -51.19011071160193
0.7567333333333333        -51.19158151983829
0.7568000000000001        -51.19463806993064
0.7568666666666668        -51.19918871432311
0.7569333333333335        -51.20469729619943
0.7570000000000001        -51.21040965758659
0.7570666666666668        -51.215598741538216
0.7571333333333334        -51.21975443389769
0.7572000000000001        -51.22267239286703
0.7572666666666668        -51.22443523731933
0.7573333333333334        -51.22531527172192
0.7574000000000001        -51.2256479771754
0.7574666666666667        -51.22572459687782
0.7575333333333334        -51.22573400549452
0.7576                    -51.22575862090905
0.7576666666666667        -51.22580760426029
0.7577333333333334        -51.22586085656405
0.7578                    -51.225901226159934
0.7578666666666667        -51.22592568831831
0.7579333333333333        -51.22594110143284
0.758                     -51.225958650969154
0.7580666666666667        -51.225999273286845
0.7581333333333333        -51.226111890454085
0.7582                    -51.22639356537532
0.7582666666666666        -51.22699347270807
0.7583333333333333        -51.2280859817216
0.7584                    -51.2298118120827
0.7584666666666666        -51.232204258834884
0.7585333333333333        -51.23513115616882
0.7585999999999999        -51.23828507363798
0.7586666666666666        -51.241241385404365
0.7587333333333333        -51.243579573244446
0.7588000000000001        -51.24503589440326
0.7588666666666668        -51.24563627099497
0.7589333333333335        -51.24575613330727
0.7590000000000001        -51.24607219402471
0.7590666666666668        -51.24740476415866
0.7591333333333334        -51.25048674433326
0.7592000000000001        -51.255723831657306
0.7592666666666668        -51.26302049753918
0.7593333333333334        -51.27173476213279
0.7594000000000001        -51.28079389636352
0.7594666666666667        -51.288958907750136
0.7595333333333334        -51.29517771517445
0.7596                    -51.29892913566961
0.7596666666666667        -51.300447787434315
0.7597333333333334        -51.30074410584789
0.7598                    -51.301390841906425
0.7598666666666667        -51.30411939503986
0.7599333333333333        -51.31033079333517
0.76                      -51.32065739408961
0.7600666666666667        -51.334705597014086
0.7601333333333333        -51.35107049705768
0.7602                    -51.36764767462198
0.7602666666666666        -51.38218462479519
0.7603333333333333        -51.3929316888629
0.7604                    -51.39919853237001
0.7604666666666666        -51.40162880457021
0.7605333333333333        -51.40208474564385
0.7605999999999999        -51.403160368231056
0.7606666666666666        -51.40746353665307
0.7607333333333333        -51.4168755424934
0.7607999999999999        -51.43199561052172
0.7608666666666668        -51.45192249537126
0.7609333333333335        -51.47444054043808
0.7610000000000001        -51.496579592926246
0.7610666666666668        -51.51541745471529
0.7611333333333334        -51.5289095337042
0.7612000000000001        -51.53649749852521
0.7612666666666668        -51.53929862259993
0.7613333333333334        -51.539807251681935
0.7614000000000001        -51.541199662229346
0.7614666666666667        -51.54645435413294
0.7615333333333334        -51.557538811977544
0.7616                    -51.57487542931881
0.7616666666666667        -51.59721643724787
0.7617333333333334        -51.62195937337037
0.7618                    -51.64583280966927
0.7618666666666667        -51.66578371682669
0.7619333333333334        -51.67982440847641
0.762                     -51.68758586814894
0.7620666666666667        -51.69040259665575
0.7621333333333333        -51.69090553634204
0.7622                    -51.69226113606153
0.7622666666666666        -51.69729581384622
0.7623333333333333        -51.70775460501244
0.7624                    -51.7238787849191
0.7624666666666666        -51.74438969602151
0.7625333333333333        -51.76686525475549
0.7626                    -51.78840459444602
0.7626666666666666        -51.80640378231993
0.7627333333333333        -51.81922949372012
0.7627999999999999        -51.82660062360287
0.7628666666666668        -51.82957622325719
0.7629333333333335        -51.83017462797636
0.7630000000000001        -51.8307616824329
0.7630666666666668        -51.833401322492236
0.7631333333333334        -51.83934813999343
0.7632000000000001        -51.848799141660606
0.7632666666666668        -51.860941285192446
0.7633333333333334        -51.87425534609375
0.7634000000000001        -51.88697735478869
0.7634666666666667        -51.89758446848599
0.7635333333333334        -51.9051713145359
0.7636000000000001        -51.90962009493176
0.7636666666666667        -51.911535011983574
0.7637333333333334        -51.911986087150915
0.7638                    -51.91216124777498
0.7638666666666667        -51.91304041170679
0.7639333333333334        -51.91518114038815
0.764                     -51.91865717935143
0.7640666666666667        -51.92313896048579
0.7641333333333333        -51.92806565217002
0.7642                    -51.93284110070897
0.7642666666666666        -51.936992522999546
0.7643333333333333        -51.94025528694634
0.7644                    -51.94257853657768
0.7644666666666666        -51.9440726216039
0.7645333333333333        -51.94493190075985
0.7646                    -51.94536402763417
0.7646666666666666        -51.945544222236904
0.7647333333333333        -51.94559813381253
0.7647999999999999        -51.94560633286442
0.7648666666666668        -51.94561998213615
0.7649333333333335        -51.945679460184664
0.7650000000000001        -51.945831877358806
0.7650666666666668        -51.94614587239669
0.7651333333333334        -51.94672130314191
0.7652000000000001        -51.947688754067876
0.7652666666666668        -51.9491923473145
0.7653333333333334        -51.95135219131346
0.7654000000000001        -51.9542107896321
0.7654666666666667        -51.95767855836945
0.7655333333333334        -51.96150236820415
0.7656000000000001        -51.96528217792192
0.7656666666666667        -51.968550681056044
0.7657333333333334        -51.97090990480453
0.7658                    -51.97219262115078
0.7658666666666667        -51.97259539174173
0.7659333333333334        -51.97272508616608
0.766                     -51.97351830202295
0.7660666666666667        -51.97603079108757
0.7661333333333333        -51.98114003107101
0.7662                    -51.98924231746404
0.7662666666666667        -52.000042293408285
0.7663333333333333        -52.012520311835615
0.7664                    -52.025121203834374
0.7664666666666666        -52.036143663201315
0.7665333333333333        -52.04423781030889
0.7666                    -52.048864018569645
0.7666666666666666        -52.050555945182836
0.7667333333333333        -52.05087939382621
0.7667999999999999        -52.052073648103885
0.7668666666666668        -52.05646589828827
0.7669333333333335        -52.06582134278872
0.7670000000000001        -52.080810061967924
0.7670666666666668        -52.10074070304301
0.7671333333333334        -52.12364673963138
0.7672000000000001        -52.14672757782601
0.7672666666666668        -52.167053830709364
0.7673333333333334        -52.182359673476114
0.7674000000000001        -52.191695297227795
0.7674666666666667        -52.19573246238305
0.7675333333333334        -52.19661553746896
0.7676000000000001        -52.197395796370316
0.7676666666666667        -52.20121617354211
0.7677333333333334        -52.21047687256747
0.7678                    -52.22619967954189
0.7678666666666667        -52.24774509603517
0.7679333333333334        -52.27295115910025
0.768                     -52.29867070348385
0.7680666666666667        -52.321588481911206
0.7681333333333333        -52.339112783167046
0.7682                    -52.350089576801665
0.7682666666666667        -52.355118269412145
0.7683333333333333        -52.35636609779582
0.7684                    -52.35694188294677
0.7684666666666666        -52.36002739701413
0.7685333333333333        -52.36802166494876
0.7686                    -52.38192489475747
0.7686666666666666        -52.401106711788344
0.7687333333333333        -52.423503634573436
0.7687999999999999        -52.446191550435316
0.7688666666666666        -52.46618737305883
0.7689333333333335        -52.48126442482914
0.7690000000000001        -52.490546945575424
0.7690666666666668        -52.49470601034815
0.7691333333333334        -52.495705522478566
0.7692000000000001        -52.496194594475654
0.7692666666666668        -52.49874804667064
0.7693333333333334        -52.50518230697179
0.7694000000000001        -52.51612576145163
0.7694666666666667        -52.53093389013647
0.7695333333333334        -52.54794331607715
0.7696000000000001        -52.564975109222594
0.7696666666666667        -52.57993833940375
0.7697333333333334        -52.591362574607004
0.7698                    -52.59871403600684
0.7698666666666667        -52.602422437000975
0.7699333333333334        -52.603640658157005
0.77                      -52.603840303663546
0.7700666666666667        -52.604382765293465
0.7701333333333333        -52.60619061812851
0.7702                    -52.60959326567321
0.7702666666666667        -52.614358202372635
0.7703333333333333        -52.619865916286244
0.7704                    -52.62535445157495
0.7704666666666666        -52.63015318217457
0.7705333333333333        -52.633842355128486
0.7706                    -52.636307868720316
0.7706666666666666        -52.63769780917642
0.7707333333333333        -52.63831605379756
0.7707999999999999        -52.6385003366419
0.7708666666666666        -52.63852623510219
0.7709333333333335        -52.63855997533156
0.7710000000000001        -52.6386607382983
0.7710666666666668        -52.63881587386419
0.7711333333333334        -52.63898536822754
0.7712000000000001        -52.63913569604698
0.7712666666666668        -52.63925418531147
0.7713333333333334        -52.639347137731235
0.7714000000000001        -52.639432343777855
0.7714666666666667        -52.63953629941299
0.7715333333333334        -52.639699463095575
0.7716000000000001        -52.63998383080745
0.7716666666666667        -52.6404716350057
0.7717333333333334        -52.641245985419914
0.7718                    -52.64235372307354
0.7718666666666667        -52.64376339552574
0.7719333333333334        -52.64534042962875
0.772                     -52.646861341218795
0.7720666666666667        -52.648076935064324
0.7721333333333333        -52.64881393901899
0.7722                    -52.64908315082137
0.7722666666666667        -52.649149760140226
0.7723333333333333        -52.64952567313158
0.7724                    -52.65086582687783
0.7724666666666666        -52.65378427580487
0.7725333333333333        -52.658639363504925
0.7726                    -52.66535801492945
0.7726666666666666        -52.67336849991387
0.7727333333333333        -52.68168650253497
0.7727999999999999        -52.68915505340832
0.7728666666666666        -52.694785499696756
0.7729333333333335        -52.69810108903374
0.7730000000000001        -52.699366453825654
0.7730666666666668        -52.699608806483155
0.7731333333333335        -52.700397646451194
0.7732000000000001        -52.70342860728534
0.7732666666666668        -52.71002439832097
0.7733333333333334        -52.72069872772598
0.7734000000000001        -52.734919877201214
0.7734666666666667        -52.75116382612271
0.7735333333333334        -52.767272010471714
0.7736000000000001        -52.781038597091566
0.7736666666666667        -52.79086773301955
0.7737333333333334        -52.796294805833234
0.7738                    -52.79818833065312
0.7738666666666667        -52.79854614696774
0.7739333333333334        -52.799936826770946
0.774                     -52.804756147128415
0.7740666666666667        -52.814523004564776
0.7741333333333333        -52.82941956226294
0.7742                    -52.84820677540159
0.7742666666666667        -52.86854518686735
0.7743333333333333        -52.88764163970784
0.7744                    -52.903044081867165
0.7744666666666666        -52.91334757960012
0.7745333333333333        -52.918587928385165
0.7746                    -52.92019646293659
0.7746666666666666        -52.9205391269447
0.7747333333333333        -52.922200193749724
0.7747999999999999        -52.92723972162243
0.7748666666666666        -52.93663885976926
0.7749333333333335        -52.95007280653572
0.7750000000000001        -52.96605351904365
0.7750666666666668        -52.98238857925723
0.7751333333333335        -52.99682281928777
0.7752000000000001        -53.00767893253911
0.7752666666666668        -53.0143101427076
0.7753333333333334        -53.01723339071494
0.7754000000000001        -53.017913880818995
0.7754666666666667        -53.01828402950428
0.7755333333333334        -53.020157857089956
0.7756000000000001        -53.024720212379464
0.7756666666666667        -53.03223216351532
0.7757333333333334        -53.0420211328471
0.7758                    -53.052740979491716
0.7758666666666667        -53.06281241270702
0.7759333333333334        -53.07090429912481
0.776                     -53.0763069235962
0.7760666666666667        -53.07908686786148
0.7761333333333333        -53.07999013107069
0.7762                    -53.08014664512755
0.7762666666666667        -53.080690711694565
0.7763333333333333        -53.08242643800348
0.7764                    -53.085636053562084
0.7764666666666666        -53.090070669259106
0.7765333333333333        -53.09510129507106
0.7766                    -53.09996195360249
0.7766666666666666        -53.103997605668134
0.7767333333333333        -53.10683981797326
0.7767999999999999        -53.108466550600106
0.7768666666666666        -53.10914588733209
0.7769333333333335        -53.10930106912605
0.7770000000000001        -53.10935360111522
0.7770666666666668        -53.10959857147182
0.7771333333333335        -53.11014627768343
0.7772000000000001        -53.110936486526576
0.7772666666666668        -53.111806448431594
0.7773333333333334        -53.11257882567146
0.7774000000000001        -53.113134436146304
0.7774666666666668        -53.113445964222386
0.7775333333333334        -53.113567295539184
0.7776000000000001        -53.11359139135419
0.7776666666666667        -53.11360064801513
0.7777333333333334        -53.11363371478467
0.7778                    -53.113682570917796
0.7778666666666667        -53.11371815470066
0.7779333333333334        -53.1137288528987
0.778                     -53.11374979638768
0.7780666666666667        -53.11386502793582
0.7781333333333333        -53.114177564560315
0.7782                    -53.11475857243494
0.7782666666666667        -53.1155990649859
0.7783333333333333        -53.11658992105619
0.7784                    -53.11754672239019
0.7784666666666666        -53.11827787384334
0.7785333333333333        -53.118674540810744
0.7786                    -53.118787448502644
0.7786666666666666        -53.11885509515996
0.7787333333333333        -53.11926220186896
0.7787999999999999        -53.12043193735639
0.7788666666666666        -53.12268166394914
0.7789333333333333        -53.126089730717894
0.7790000000000001        -53.13042321192586
0.7790666666666668        -53.13516164205281
0.7791333333333335        -53.1396232428487
0.7792000000000001        -53.14316570339645
0.7792666666666668        -53.14540392350824
0.7793333333333334        -53.146373311165966
0.7794000000000001        -53.146576717720286
0.7794666666666668        -53.14688556399944
0.7795333333333334        -53.14831152442846
0.7796000000000001        -53.15170879408033
0.7796666666666667        -53.15749379748933
0.7797333333333334        -53.165470881622184
0.7798                    -53.17482832089452
0.7798666666666667        -53.184323864291784
0.7799333333333334        -53.19262252798784
0.78                      -53.198695814645674
0.7800666666666667        -53.20215980191278
0.7801333333333333        -53.203436579706
0.7802                    -53.203673759069304
0.7802666666666667        -53.20443493034099
0.7803333333333333        -53.20725009575756
0.7804                    -53.21316051704953
0.7804666666666666        -53.22239383096868
0.7805333333333333        -53.23426709164693
0.7806                    -53.24735170219347
0.7806666666666666        -53.25986089704696
0.7807333333333333        -53.27015383930609
0.7807999999999999        -53.27720907451588
0.7808666666666666        -53.28092182139326
0.7809333333333333        -53.28213085723492
0.7810000000000001        -53.28236700701818
0.7810666666666668        -53.28340387722306
0.7811333333333335        -53.286748936950204
0.7812000000000001        -53.29322270789247
0.7812666666666668        -53.30274038949183
0.7813333333333334        -53.31435035964315
0.7814000000000001        -53.32651472876875
0.7814666666666668        -53.33755224194826
0.7815333333333334        -53.34611686558853
0.7816000000000001        -53.35157133566854
0.7816666666666667        -53.354144190260385
0.7817333333333334        -53.35482688057036
0.7818                    -53.35505131491413
0.7818666666666667        -53.35625558278907
0.7819333333333334        -53.35947290732975
0.782                     -53.365061587009386
0.7820666666666667        -53.372643993289216
0.7821333333333333        -53.381259210142524
0.7822                    -53.38967381403367
0.7822666666666667        -53.39675258889183
0.7823333333333333        -53.401776794195456
0.7824                    -53.40461765508124
0.7824666666666666        -53.40572224227423
0.7825333333333333        -53.405930934466106
0.7826                    -53.406197268837914
0.7826666666666666        -53.40730433181531
0.7827333333333333        -53.409662181666064
0.7827999999999999        -53.41323627796154
0.7828666666666666        -53.417612193919524
0.7829333333333333        -53.4221614776377
0.7830000000000001        -53.42624801669571
0.7830666666666668        -53.429409175305935
0.7831333333333335        -53.431461138738186
0.7832000000000001        -53.43250718843705
0.7832666666666668        -53.43286044980758
0.7833333333333334        -53.43291772602192
0.7834000000000001        -53.433030856544676
0.7834666666666668        -53.43341549400602
0.7835333333333334        -53.43411896126178
0.7836000000000001        -53.43504663118948
0.7836666666666667        -53.43602767594728
0.7837333333333334        -53.436891385477594
0.7838                    -53.437526489635296
0.7838666666666667        -53.43790635447942
0.7839333333333334        -53.43807795071249
0.784                     -53.438126206461824
0.7840666666666667        -53.43813276171343
0.7841333333333333        -53.438147052134326
0.7842                    -53.43817941371219
0.7842666666666667        -53.4382146445418
0.7843333333333333        -53.43823526009303
0.7844                    -53.438240417773585
0.7844666666666666        -53.438250256660716
0.7845333333333333        -53.43829407252534
0.7846                    -53.43838996910808
0.7846666666666666        -53.43852881986073
0.7847333333333333        -53.43867388159056
0.7847999999999999        -53.43877973078976
0.7848666666666666        -53.43882383226388
0.7849333333333333        -53.43883593691179
0.7850000000000001        -53.43890881589807
0.7850666666666668        -53.4391800232458
0.7851333333333335        -53.43978634916414
0.7852000000000001        -53.44080553158365
0.7852666666666668        -53.44220807298789
0.7853333333333334        -53.44384173705094
0.7854000000000001        -53.445461769195894
0.7854666666666668        -53.44680391580289
0.7855333333333334        -53.44768034547033
0.7856000000000001        -53.44806689960975
0.7856666666666667        -53.44814867876706
0.7857333333333334        -53.44830140008487
0.7858                    -53.449005505129286
0.7858666666666667        -53.45071238653661
0.7859333333333334        -53.45369989719106
0.786                     -53.45796161073679
0.7860666666666667        -53.463168476862236
0.7861333333333334        -53.46872347780863
0.7862                    -53.473903645301846
0.7862666666666667        -53.478055914350605
0.7863333333333333        -53.48079216522039
0.7864                    -53.482122696122694
0.7864666666666666        -53.48248097759411
0.7865333333333333        -53.48262364049635
0.7866                    -53.48342854483862
0.7866666666666666        -53.485646964214666
0.7867333333333333        -53.48968201363636
0.7867999999999999        -53.49545958084184
0.7868666666666666        -53.50243250338413
0.7869333333333333        -53.509720945822295
0.7869999999999999        -53.51635195456646
0.7870666666666668        -53.521530165211516
0.7871333333333335        -53.524859840401014
0.7872000000000001        -53.52645153159273
0.7872666666666668        -53.52688198308809
0.7873333333333334        -53.52702162554102
0.7874000000000001        -53.527783806369726
0.7874666666666668        -53.52987051045911
0.7875333333333334        -53.53358604188063
0.7876000000000001        -53.53876699181456
0.7876666666666667        -53.544842675852294
0.7877333333333334        -53.55100468235406
0.7878000000000001        -53.55643558890459
0.7878666666666667        -53.56053195586131
0.7879333333333334        -53.56305961659867
0.788                     -53.56419999173623
0.7880666666666667        -53.56447888547589
0.7881333333333334        -53.56460359409173
0.7882                    -53.56525911472107
0.7882666666666667        -53.566922626251234
0.7883333333333333        -53.569746297191834
0.7884                    -53.57353631354087
0.7884666666666666        -53.57782802744908
0.7885333333333333        -53.58203088305564
0.7886                    -53.585598830348204
0.7886666666666666        -53.58817687008056
0.7887333333333333        -53.589683607055534
0.7888                    -53.590310466453055
0.7888666666666666        -53.59044389648547
0.7889333333333333        -53.590539084061675
0.7889999999999999        -53.59098564491333
0.7890666666666668        -53.59200464238833
0.7891333333333335        -53.59360381681513
0.7892000000000001        -53.59559884086029
0.7892666666666668        -53.597688666286494
0.7893333333333334        -53.599558061675985
0.7894000000000001        -53.60097420588393
0.7894666666666668        -53.601848266910935
0.7895333333333334        -53.60224582979855
0.7896000000000001        -53.602347522518336
0.7896666666666667        -53.602377288534555
0.7897333333333334        -53.60252505096355
0.7898000000000001        -53.60289015242546
0.7898666666666667        -53.60346260884398
0.7899333333333334        -53.604144641519
0.79                      -53.60480051867562
0.7900666666666667        -53.60531355236641
0.7901333333333334        -53.605628266112085
0.7902                    -53.60576325417061
0.7902666666666667        -53.605792886363695
0.7903333333333333        -53.60580858660369
0.7904                    -53.605877885077405
0.7904666666666667        -53.606019007151616
0.7905333333333333        -53.60620094839931
0.7906                    -53.606367326511595
0.7906666666666666        -53.606471796836466
0.7907333333333333        -53.606507884915054
0.7908                    -53.60651876569057
0.7908666666666666        -53.606581620351285
0.7909333333333333        -53.606772806948165
0.7909999999999999        -53.60712920227983
0.7910666666666668        -53.60762377097012
0.7911333333333335        -53.608168403550245
0.7912000000000001        -53.608646155069366
0.7912666666666668        -53.60896239866633
0.7913333333333334        -53.60909509710595
0.7914000000000001        -53.60912238626297
0.7914666666666668        -53.60921236701174
0.7915333333333334        -53.609573507335924
0.7916000000000001        -53.6103796638966
0.7916666666666667        -53.611695622091815
0.7917333333333334        -53.61343241371845
0.7918000000000001        -53.61535441749609
0.7918666666666667        -53.61714381534635
0.7919333333333334        -53.61850714350386
0.792                     -53.61929048962328
0.7920666666666667        -53.6195616315612
0.7921333333333334        -53.61962381282978
0.7922                    -53.61994648591726
0.7922666666666667        -53.6210269485813
0.7923333333333333        -53.6232232918986
0.7924                    -53.626613649328156
0.7924666666666667        -53.63093353136964
0.7925333333333333        -53.63562191287437
0.7926                    -53.639973064265675
0.7926666666666666        -53.643354555816636
0.7927333333333333        -53.645424521620626
0.7928                    -53.64627433486511
0.7928666666666666        -53.64644172192843
0.7929333333333333        -53.64677962062507
0.7929999999999999        -53.64821394982964
0.7930666666666668        -53.651461548630635
0.7931333333333335        -53.656794834036454
0.7932000000000001        -53.66392816261458
0.7932666666666668        -53.67206680573702
0.7933333333333334        -53.68011233935487
0.7934000000000001        -53.6869702757539
0.7934666666666668        -53.691870637074004
0.7935333333333334        -53.69460274565771
0.7936000000000001        -53.69558841374697
0.7936666666666667        -53.695767702303
0.7937333333333334        -53.69633106541705
0.7938000000000001        -53.69837899876722
0.7938666666666667        -53.70260954184214
0.7939333333333334        -53.7091219456899
0.794                     -53.71738906321211
0.7940666666666667        -53.72640367264465
0.7941333333333334        -53.73495696332065
0.7942                    -53.74197142748631
0.7942666666666667        -53.746794736071884
0.7943333333333333        -53.749371842253375
0.7944                    -53.75024828898968
0.7944666666666667        -53.75040780493685
0.7945333333333333        -53.750994896069024
0.7946                    -53.753002875146805
0.7946666666666666        -53.75701238912644
0.7947333333333333        -53.76304723551943
0.7948                    -53.77058103266495
0.7948666666666666        -53.77868917083504
0.7949333333333333        -53.78630358419137
0.7949999999999999        -53.79250095341904
0.7950666666666666        -53.796745359995015
0.7951333333333335        -53.79901890604459
0.7952000000000001        -53.79980668261968
0.7952666666666668        -53.79994586168227
0.7953333333333334        -53.80038776812718
0.7954000000000001        -53.8019435360761
0.7954666666666668        -53.80508293622523
0.7955333333333334        -53.80983541006983
0.7956000000000001        -53.81581090187367
0.7956666666666667        -53.822325458494014
0.7957333333333334        -53.82859086737521
0.7958000000000001        -53.833914371493414
0.7958666666666667        -53.837856298491815
0.7959333333333334        -53.840309174620046
0.796                     -53.84148647685905
0.7960666666666667        -53.841834720534635
0.7961333333333334        -53.84190122834573
0.7962                    -53.84219689164925
0.7962666666666667        -53.84308827906725
0.7963333333333333        -53.84474016842922
0.7964                    -53.84711329320222
0.7964666666666667        -53.85000772946906
0.7965333333333333        -53.853133182715936
0.7966                    -53.85618472706754
0.7966666666666666        -53.858905730628166
0.7967333333333333        -53.861126823092434
0.7968                    -53.862778170146306
0.7968666666666666        -53.86387945965812
0.7969333333333333        -53.86451618102253
0.7969999999999999        -53.864811544302825
0.7970666666666666        -53.86490144054255
0.7971333333333335        -53.864916538153565
0.7972000000000001        -53.864972301542394
0.7972666666666668        -53.86516531291993
0.7973333333333334        -53.86557308996643
0.7974000000000001        -53.866254482717125
0.7974666666666668        -53.86724838152465
0.7975333333333334        -53.86856959170936
0.7976000000000001        -53.870202157228945
0.7976666666666667        -53.8720920000025
0.7977333333333334        -53.87414222390858
0.7978000000000001        -53.87621535218793
0.7978666666666667        -53.878146519355916
0.7979333333333334        -53.87976971230658
0.798                     -53.88095546301617
0.7980666666666667        -53.88165356782178
0.7981333333333334        -53.881929869565965
0.7982                    -53.8819837996878
0.7982666666666667        -53.882134962618
0.7983333333333333        -53.8827732651384
0.7984                    -53.88427704161937
0.7984666666666667        -53.88691478051185
0.7985333333333333        -53.890754952303595
0.7986                    -53.89561171969425
0.7986666666666666        -53.901049776466074
0.7987333333333333        -53.90645892819866
0.7988                    -53.91119037299732
0.7988666666666666        -53.9147264848847
0.7989333333333333        -53.916840565904195
0.7989999999999999        -53.91769882851996
0.7990666666666666        -53.91786738445859
0.7991333333333335        -53.91821076122998
0.7992000000000001        -53.919698673537
0.7992666666666668        -53.92316500273868
0.7993333333333335        -53.929079026623334
0.7994000000000001        -53.93738980282561
0.7994666666666668        -53.947490418901005
0.7995333333333334        -53.95832251433675
0.7996000000000001        -53.96860757982274
0.7996666666666667        -53.97715644741963
0.7997333333333334        -53.98318105804557
0.7998000000000001        -53.98652326066391
0.7998666666666667        -53.98773114055147
0.7999333333333334        -53.987952710386026
0.8                       -53.98866794688071
0.8000666666666667        -53.99132574546932
0.8001333333333334        -53.996977939333526
0.8002                    -54.006002611456154
0.8002666666666667        -54.01798679019899
0.8003333333333333        -54.03180160405962
0.8004                    -54.04585845578917
0.8004666666666667        -54.0584899285252
0.8005333333333333        -54.06836315995715
0.8006                    -54.07481796116882
0.8006666666666666        -54.07803658991
0.8007333333333333        -54.0789968696168
0.8008                    -54.07922191391525
0.8008666666666666        -54.08039619007184
0.8009333333333333        -54.08395001508006
0.8009999999999999        -54.090715837402826
0.8010666666666666        -54.10073529113345
0.8011333333333335        -54.113257245939856
0.8012000000000001        -54.12692391411355
0.8012666666666668        -54.140101116623065
0.8013333333333335        -54.15127557613868
0.8014000000000001        -54.159423634331176
0.8014666666666668        -54.164259606128944
0.8015333333333334        -54.166301151522866
0.8016000000000001        -54.1667372933553
0.8016666666666667        -54.16713687324024
0.8017333333333334        -54.16907415540963
0.8018000000000001        -54.173763357670964
0.8018666666666667        -54.18178488052682
0.8019333333333334        -54.19296015550681
0.802                     -54.20639811730322
0.8020666666666667        -54.22070070346799
0.8021333333333334        -54.234281693192024
0.8022                    -54.245727221038734
0.8022666666666667        -54.2541139454925
0.8023333333333333        -54.25920849647642
0.8024                    -54.26150096276503
0.8024666666666667        -54.26206878932505
0.8025333333333333        -54.262311486902576
0.8026                    -54.263626502916004
0.8026666666666666        -54.26710458393796
0.8027333333333333        -54.273310307495834
0.8028                    -54.28218780478474
0.8028666666666666        -54.29310183349362
0.8029333333333333        -54.30499676671968
0.8029999999999999        -54.31663445380693
0.8030666666666666        -54.32685854665877
0.8031333333333335        -54.334829625459626
0.8032000000000001        -54.34018341323732
0.8032666666666668        -54.343082539244605
0.8033333333333335        -54.344156692482144
0.8034000000000001        -54.34435035752013
0.8034666666666668        -54.344715451194574
0.8035333333333334        -54.346194343945875
0.8036000000000001        -54.349436662128916
0.8036666666666668        -54.35468326696192
0.8037333333333334        -54.361736143120325
0.8038000000000001        -54.37001643148966
0.8038666666666667        -54.378696644727015
0.8039333333333334        -54.386879197929076
0.804                     -54.39378413175711
0.8040666666666667        -54.398906813181426
0.8041333333333334        -54.40211299017542
0.8042                    -54.40365304868639
0.8042666666666667        -54.40409609122716
0.8043333333333333        -54.40420222977562
0.8044                    -54.40476342090445
0.8044666666666667        -54.40644682448455
0.8045333333333333        -54.40967057111757
0.8046                    -54.41453258629167
0.8046666666666666        -54.42080183789948
0.8047333333333333        -54.4279704003646
0.8048                    -54.43535530043373
0.8048666666666666        -54.44223170983428
0.8049333333333333        -54.447974049545216
0.8049999999999999        -54.452179622321744
0.8050666666666666        -54.45475133979279
0.8051333333333333        -54.45592247059862
0.8052000000000001        -54.45621664549621
0.8052666666666668        -54.45634890423641
0.8053333333333335        -54.45708571716452
0.8054000000000001        -54.45909089947009
0.8054666666666668        -54.462788127232756
0.8055333333333334        -54.468268523387344
0.8056000000000001        -54.47526383552606
0.8056666666666668        -54.48319330912657
0.8057333333333334        -54.49127742843358
0.8058000000000001        -54.498696939535726
0.8058666666666667        -54.50476431175774
0.8059333333333334        -54.50907034761769
0.806                     -54.51157309646937
0.8060666666666667        -54.51260913133753
0.8061333333333334        -54.512825251130494
0.8062                    -54.51304656793955
0.8062666666666667        -54.514109828691495
0.8063333333333333        -54.51669604337554
0.8064                    -54.52119425921484
0.8064666666666667        -54.527620829948404
0.8065333333333333        -54.53560838857967
0.8066                    -54.544467728423115
0.8066666666666666        -54.553314635269
0.8067333333333333        -54.56124266205714
0.8068                    -54.56751271681276
0.8068666666666666        -54.571723155337104
0.8069333333333333        -54.57392275081132
0.8069999999999999        -54.57463594653419
0.8070666666666666        -54.574785566480756
0.8071333333333333        -54.57551997452259
0.8072000000000001        -54.57797436704445
0.8072666666666668        -54.58301373207955
0.8073333333333335        -54.59101371616542
0.8074000000000001        -54.601733152225606
0.8074666666666668        -54.61431801849467
0.8075333333333334        -54.627451883867764
0.8076000000000001        -54.63963472041598
0.8076666666666668        -54.64953581221462
0.8077333333333334        -54.656337266624114
0.8078000000000001        -54.65997474773165
0.8078666666666667        -54.661200397772205
0.8079333333333334        -54.661437933703674
0.808                     -54.6624576692325
0.8080666666666667        -54.665949600878314
0.8081333333333334        -54.673099874043665
0.8082                    -54.684275051178595
0.8082666666666667        -54.69889426383121
0.8083333333333333        -54.71552920249003
0.8084                    -54.73222205818829
0.8084666666666667        -54.74695759387983
0.8085333333333333        -54.758177493906636
0.8086                    -54.76519947442658
0.8086666666666666        -54.76841706751563
0.8087333333333333        -54.76921299832593
0.8088                    -54.76960338003644
0.8088666666666666        -54.77171010700897
0.8089333333333333        -54.77720575206598
0.8089999999999999        -54.786877405374774
0.8090666666666666        -54.80042020856774
0.8091333333333333        -54.81651287487233
0.8092000000000001        -54.83315943661795
0.8092666666666668        -54.84821416864138
0.8093333333333335        -54.85995307504518
0.8094000000000001        -54.86753354983197
0.8094666666666668        -54.87120939874615
0.8095333333333334        -54.872240494146425
0.8096000000000001        -54.872530788091794
0.8096666666666668        -54.87410820864664
0.8097333333333334        -54.87859656149836
0.8098000000000001        -54.88681731843702
0.8098666666666667        -54.898612377959914
0.8099333333333334        -54.91291780059488
0.81                      -54.92805843241037
0.8100666666666667        -54.94218329829195
0.8101333333333334        -54.953729208815645
0.8102                    -54.96179374682753
0.8102666666666667        -54.96632443061544
0.8103333333333333        -54.968084193754414
0.8104                    -54.96841758282556
0.8104666666666667        -54.96889448887438
0.8105333333333333        -54.97093194531723
0.8106                    -54.97548647699802
0.8106666666666666        -54.982878956240135
0.8107333333333333        -54.99277478754724
0.8108                    -55.004305836271016
0.8108666666666666        -55.01629316980534
0.8109333333333333        -55.027514022301894
0.8109999999999999        -55.03695333492296
0.8110666666666666        -55.04398947541378
0.8111333333333333        -55.04848299148355
0.8112000000000001        -55.05076158509007
0.8112666666666668        -55.05151734822274
0.8113333333333335        -55.05164787200232
0.8114000000000001        -55.05207837113567
0.8114666666666668        -55.05359842250593
0.8115333333333334        -55.056737816834804
0.8116000000000001        -55.06169535254325
0.8116666666666668        -55.0683249425869
0.8117333333333334        -55.076176143998595
0.8118000000000001        -55.08458075127028
0.8118666666666667        -55.09277252654833
0.8119333333333334        -55.10002296849429
0.812                     -55.105772643963306
0.8120666666666667        -55.10973627005386
0.8121333333333334        -55.111961915000684
0.8122                    -55.11283118969758
0.8122666666666667        -55.11299752803839
0.8123333333333334        -55.11327151879538
0.8124                    -55.114472894692064
0.8124666666666667        -55.11727567900742
0.8125333333333333        -55.12207482419342
0.8126                    -55.12889953058948
0.8126666666666666        -55.137391285536985
0.8127333333333333        -55.146854691415506
0.8128                    -55.15637734094439
0.8128666666666666        -55.165002313185205
0.8129333333333333        -55.171924797249005
0.813                     -55.17667535201815
0.8130666666666666        -55.17924950717084
0.8131333333333333        -55.18014944216452
0.8131999999999999        -55.18031888845811
0.8132666666666668        -55.18097462767517
0.8133333333333335        -55.18336185740271
0.8134000000000001        -55.18848038772386
0.8134666666666668        -55.19683955405761
0.8135333333333334        -55.20829956803435
0.8136000000000001        -55.22204520903897
0.8136666666666668        -55.23671462448625
0.8137333333333334        -55.250673061526676
0.8138000000000001        -55.262383086566054
0.8138666666666667        -55.27078861736666
0.8139333333333334        -55.2756131072194
0.8140000000000001        -55.27748382990467
0.8140666666666667        -55.27783592553191
0.8141333333333334        -55.278609412545194
0.8142                    -55.2818086961191
0.8142666666666667        -55.289028728962165
0.8143333333333334        -55.30105791715282
0.8144                    -55.31764961971466
0.8144666666666667        -55.33752048677204
0.8145333333333333        -55.358590986062104
0.8146                    -55.378433627743284
0.8146666666666667        -55.39484154013373
0.8147333333333333        -55.406385922318236
0.8148                    -55.412814843579895
0.8148666666666666        -55.41517440020449
0.8149333333333333        -55.41560538385461
0.815                     -55.41686032944898
0.8150666666666666        -55.421661907380965
0.8151333333333333        -55.43205887969354
0.8151999999999999        -55.44892736866754
0.8152666666666668        -55.47172708230782
0.8153333333333335        -55.49857032314185
0.8154000000000001        -55.526603375022326
0.8154666666666668        -55.55263571255498
0.8155333333333334        -55.57388693820167
0.8156000000000001        -55.58867215389077
0.8156666666666668        -55.59684086357312
0.8157333333333334        -55.59984052928152
0.8158000000000001        -55.6003821294816
0.8158666666666667        -55.60180005803228
0.8159333333333334        -55.60727590296813
0.8160000000000001        -55.619112898672576
0.8160666666666667        -55.638215619433645
0.8161333333333334        -55.66387427668257
0.8162                    -55.69389481900315
0.8162666666666667        -55.72505871612726
0.8163333333333334        -55.75383445671228
0.8164                    -55.777197466488
0.8164666666666667        -55.793365013528195
0.8165333333333333        -55.80224888905402
0.8166                    -55.80549220483179
0.8166666666666667        -55.80607453434411
0.8167333333333333        -55.80759488906304
0.8168                    -55.81342312097018
0.8168666666666666        -55.825924593363574
0.8169333333333333        -55.84592412675665
0.817                     -55.872513074172005
0.8170666666666666        -55.90323836870482
0.8171333333333333        -55.9346465987648
0.8171999999999999        -55.96308371407159
0.8172666666666668        -55.98557679745891
0.8173333333333335        -56.0005749560934
0.8174000000000001        -56.00833891887145
0.8174666666666668        -56.01086069116543
0.8175333333333334        -56.01133839793307
0.8176000000000001        -56.013365215949094
0.8176666666666668        -56.02005947845391
0.8177333333333334        -56.033351557383526
0.8178000000000001        -56.053577804354724
0.8178666666666667        -56.07944919344692
0.8179333333333334        -56.10838428906856
0.8180000000000001        -56.13712701068067
0.8180666666666667        -56.162509711833565
0.8181333333333334        -56.182181689537536
0.8182                    -56.19512285573535
0.8182666666666667        -56.20181649683705
0.8183333333333334        -56.20405356319874
0.8184                    -56.204446713097425
0.8184666666666667        -56.20580264915993
0.8185333333333333        -56.2105145781982
0.8186                    -56.220101830879024
0.8186666666666667        -56.23496728291446
0.8187333333333333        -56.25438937865102
0.8188                    -56.27672520552106
0.8188666666666666        -56.29977348939033
0.8189333333333333        -56.321227015670054
0.819                     -56.33913124896027
0.8190666666666666        -56.35226330933399
0.8191333333333333        -56.36035843955
0.8191999999999999        -56.36414146896146
0.8192666666666668        -56.36516278545117
0.8193333333333335        -56.36547988932408
0.8194000000000001        -56.36725436704079
0.8194666666666668        -56.37234381984336
0.8195333333333334        -56.38196076525627
0.8196000000000001        -56.39645270728864
0.8196666666666668        -56.4152362613148
0.8197333333333334        -56.436896638488804
0.8198000000000001        -56.45944146001313
0.8198666666666667        -56.48067332770594
0.8199333333333334        -56.498620051705686
0.8200000000000001        -56.51194101774192
0.8200666666666667        -56.520222400056866
0.8201333333333334        -56.524090479674705
0.8202                    -56.52511078335376
0.8202666666666667        -56.525490381524655
0.8203333333333334        -56.52764517355233
0.8204                    -56.533720264837385
0.8204666666666667        -56.545155952028374
0.8205333333333333        -56.56237945129987
0.8206                    -56.58468106880892
0.8206666666666667        -56.610307306877985
0.8207333333333333        -56.63677146037621
0.8208                    -56.66134196550126
0.8208666666666666        -56.68162256614355
0.8209333333333333        -56.69609880828134
0.821                     -56.704512721934165
0.8210666666666666        -56.707957956778046
0.8211333333333333        -56.70865876529582
0.8211999999999999        -56.709483339240485
0.8212666666666666        -56.713311057423056
0.8213333333333335        -56.72240153522765
0.8214000000000001        -56.73790063814355
0.8214666666666668        -56.75958053144506
0.8215333333333334        -56.78586407635234
0.8216000000000001        -56.81413582528806
0.8216666666666668        -56.84129144237212
0.8217333333333334        -56.86442426275565
0.8218000000000001        -56.881501754026914
0.8218666666666667        -56.89186661034707
0.8219333333333334        -56.8964267857985
0.8220000000000001        -56.89747670159467
0.8220666666666667        -56.89819227259372
0.8221333333333334        -56.901925936749016
0.8222                    -56.91146647058969
0.8222666666666667        -56.928420222127876
0.8223333333333334        -56.95283371125563
0.8224                    -56.983131974230936
0.8224666666666667        -57.016399533732965
0.8225333333333333        -57.04897562871394
0.8226                    -57.07726607491111
0.8226666666666667        -57.09860012921439
0.8227333333333333        -57.11191319509754
0.8228                    -57.11805364313427
0.8228666666666666        -57.119608843888074
0.8229333333333333        -57.12029020376468
0.823                     -57.12404642492207
0.8230666666666666        -57.13413646281118
0.8231333333333333        -57.152379902377646
0.8231999999999999        -57.17874072892456
0.8232666666666666        -57.211324274748605
0.8233333333333335        -57.246791435751675
0.8234000000000001        -57.281115918221545
0.8234666666666668        -57.310527191516584
0.8235333333333335        -57.332412272694484
0.8236000000000001        -57.34593201662464
0.8236666666666668        -57.35217413891824
0.8237333333333334        -57.353805974950525
0.8238000000000001        -57.35434684120912
0.8238666666666667        -57.35728265631343
0.8239333333333334        -57.36525990351065
0.8240000000000001        -57.379538586593526
0.8240666666666667        -57.39979663039122
0.8241333333333334        -57.42429490362269
0.8242                    -57.450344332273666
0.8242666666666667        -57.47496284465704
0.8243333333333334        -57.49557126464226
0.8244                    -57.51056496518917
0.8244666666666667        -57.519626281875546
0.8245333333333333        -57.523712784954895
0.8246                    -57.524747818555646
0.8246666666666667        -57.5251176479064
0.8247333333333333        -57.52711631649505
0.8248                    -57.53246940661918
0.8248666666666666        -57.54202647708383
0.8249333333333333        -57.555660878368315
0.825                     -57.57237058713696
0.8250666666666666        -57.590540342842004
0.8251333333333333        -57.60830321558984
0.8251999999999999        -57.62392769055986
0.8252666666666666        -57.63615549745445
0.8253333333333335        -57.644427789595355
0.8254000000000001        -57.64896252786752
0.8254666666666668        -57.65067888706851
0.8255333333333335        -57.650996189282964
0.8256000000000001        -57.651556502819815
0.8256666666666668        -57.65392726761566
0.8257333333333334        -57.659334627461774
0.8258000000000001        -57.66846500082462
0.8258666666666667        -57.68135769258727
0.8259333333333334        -57.69739864115283
0.8260000000000001        -57.71541518172312
0.8260666666666667        -57.733862244164285
0.8261333333333334        -57.75107954011145
0.8262                    -57.76558640970605
0.8262666666666667        -57.776368293861175
0.8263333333333334        -57.78310113669518
0.8264                    -57.78626296320195
0.8264666666666667        -57.787098407091094
0.8265333333333333        -57.787429912612296
0.8266                    -57.78934155289857
0.8266666666666667        -57.79478901978984
0.8267333333333333        -57.80520598438115
0.8268                    -57.82118101630941
0.8268666666666666        -57.842272279479836
0.8269333333333333        -57.867011018724554
0.827                     -57.89311871562512
0.8270666666666666        -57.917924557700395
0.8271333333333333        -57.938920652722146
0.8271999999999999        -57.95434234034254
0.8272666666666666        -57.96363010728017
0.8273333333333335        -57.967639486271416
0.8274000000000001        -57.96852325774487
0.8274666666666668        -57.969299203809015
0.8275333333333335        -57.973201995446004
0.8276000000000001        -57.9829685478808
0.8276666666666668        -58.00021267690396
0.8277333333333334        -58.02501865146232
0.8278000000000001        -58.05584197182854
0.8278666666666668        -58.08975815575984
0.8279333333333334        -58.12304286703216
0.8280000000000001        -58.15199348692131
0.8280666666666667        -58.17382141904635
0.8281333333333334        -58.187387197109
0.8282                    -58.19355854985731
0.8282666666666667        -58.19506482847218
0.8283333333333334        -58.19587143131572
0.8284                    -58.20023974877007
0.8284666666666667        -58.21171386960367
0.8285333333333333        -58.232271577678496
0.8286                    -58.2618217045173
0.8286666666666667        -58.29815743390836
0.8287333333333333        -58.337398722873075
0.8288                    -58.37486700677153
0.8288666666666666        -58.40622389314231
0.8289333333333333        -58.42859574863732
0.829                     -58.44135753669104
0.8290666666666666        -58.446320189884126
0.8291333333333333        -58.44725359939111
0.8291999999999999        -58.44889908726471
0.8292666666666666        -58.455772834185325
0.8293333333333335        -58.47108226404315
0.8294000000000001        -58.495998740768485
0.8294666666666668        -58.52941693986617
0.8295333333333335        -58.568228547065424
0.8296000000000001        -58.608050345130714
0.8296666666666668        -58.644259999247225
0.8297333333333334        -58.673107490965045
0.8298000000000001        -58.69261902063652
0.8298666666666668        -58.70304075679384
0.8299333333333334        -58.70669929071226
0.8300000000000001        -58.707339761170175
0.8300666666666667        -58.70915688270845
0.8301333333333334        -58.71579435716785
0.8302                    -58.72955133783739
0.8302666666666667        -58.750945176612575
0.8303333333333334        -58.77868546424218
0.8304                    -58.810036819366154
0.8304666666666667        -58.84148386035313
0.8305333333333333        -58.86955425992308
0.8306                    -58.89161220264259
0.8306666666666667        -58.90642830441049
0.8307333333333333        -58.91438404045399
0.8308                    -58.91727332099086
0.8308666666666666        -58.91778248209832
0.8309333333333333        -58.91881297155435
0.831                     -58.922829946141285
0.8310666666666666        -58.93138156198528
0.8311333333333333        -58.9448670001064
0.8311999999999999        -58.962564817912025
0.8312666666666666        -58.98288197930877
0.8313333333333333        -59.00375039225655
0.8314000000000001        -59.02308005944603
0.8314666666666668        -59.039175615316665
0.8315333333333335        -59.05103736175179
0.8316000000000001        -59.05849804456798
0.8316666666666668        -59.06218614224499
0.8317333333333334        -59.0633443192688
0.8318000000000001        -59.063557143580525
0.8318666666666668        -59.06444997882994
0.8319333333333334        -59.067413312244256
0.8320000000000001        -59.073390688867434
0.8320666666666667        -59.08275133614492
0.8321333333333334        -59.09525502497422
0.8322                    -59.11010749054441
0.8322666666666667        -59.12609789164972
0.8323333333333334        -59.14180260251615
0.8324                    -59.1558305140779
0.8324666666666667        -59.167074794944
0.8325333333333333        -59.17492816027223
0.8326                    -59.17941791860837
0.8326666666666667        -59.18122704922211
0.8327333333333333        -59.18158822274342
0.8328                    -59.18206435340445
0.8328666666666666        -59.18425447147502
0.8329333333333333        -59.18948055731477
0.833                     -59.198516027281784
0.8330666666666666        -59.21141017844406
0.8331333333333333        -59.227447520104946
0.8331999999999999        -59.24525889030467
0.8332666666666666        -59.26307418089209
0.8333333333333333        -59.27907660827867
0.8334000000000001        -59.29179079486863
0.8334666666666668        -59.300419899067975
0.8335333333333335        -59.30504966685892
0.8336000000000001        -59.306663592689894
0.8336666666666668        -59.30695790622538
0.8337333333333334        -59.30799387484047
0.8338000000000001        -59.311762342947894
0.8338666666666668        -59.31975228097401
0.8339333333333334        -59.332611546231874
0.8340000000000001        -59.349970184055145
0.8340666666666667        -59.370470233349366
0.8341333333333334        -59.3920128237157
0.8342                    -59.41219233084255
0.8342666666666667        -59.42884043302885
0.8343333333333334        -59.44056065507384
0.8344                    -59.44711522652783
0.8344666666666667        -59.4495481940653
0.8345333333333333        -59.44999350387788
0.8346                    -59.4512038699904
0.8346666666666667        -59.455912794134946
0.8347333333333333        -59.46618236127407
0.8348                    -59.482887801548934
0.8348666666666666        -59.50545736070904
0.8349333333333333        -59.53193654567116
0.835                     -59.55938533511165
0.8350666666666666        -59.58454552396732
0.8351333333333333        -59.60463878742905
0.8351999999999999        -59.61809627475723
0.8352666666666666        -59.62501135021198
0.8353333333333333        -59.627171021015684
0.8354000000000001        -59.62764494193976
0.8354666666666668        -59.63004358322629
0.8355333333333335        -59.63764401455181
0.8356000000000001        -59.65259842250965
0.8356666666666668        -59.67540134759962
0.8357333333333334        -59.70472754380254
0.8358000000000001        -59.737683381114834
0.8358666666666668        -59.7704411349259
0.8359333333333334        -59.799140817718936
0.8360000000000001        -59.82085711243998
0.8360666666666667        -59.834374449372106
0.8361333333333334        -59.840536274625066
0.8362                    -59.842051165475766
0.8362666666666667        -59.842808790764096
0.8363333333333334        -59.84690598970872
0.8364                    -59.85764754963934
0.8364666666666667        -59.87676187609715
0.8365333333333334        -59.90399570952951
0.8366                    -59.93716428692369
0.8366666666666667        -59.972649228222025
0.8367333333333333        -60.00625031049671
0.8368                    -60.03420699575077
0.8368666666666666        -60.05413414454503
0.8369333333333333        -60.06560852426219
0.837                     -60.070230602972174
0.8370666666666666        -60.0711504018866
0.8371333333333333        -60.0722155514849
0.8371999999999999        -60.076998348435424
0.8372666666666666        -60.08795820671863
0.8373333333333333        -60.10592331260582
0.8374000000000001        -60.12997799434841
0.8374666666666668        -60.157752021648946
0.8375333333333335        -60.186031878466544
0.8376000000000001        -60.2115498083215
0.8376666666666668        -60.231761282973025
0.8377333333333334        -60.245415899946344
0.8378000000000001        -60.25277853599283
0.8378666666666668        -60.255460164680144
0.8379333333333334        -60.25593367824568
0.8380000000000001        -60.25689173392064
0.8380666666666667        -60.26062368317834
0.8381333333333334        -60.26855312939774
0.8382000000000001        -60.281014161026825
0.8382666666666667        -60.297280132095224
0.8383333333333334        -60.31580836834105
0.8384                    -60.33462990750611
0.8384666666666667        -60.35179388915154
0.8385333333333334        -60.365771946729936
0.8386                    -60.375741319697944
0.8386666666666667        -60.381696415951744
0.8387333333333333        -60.38438091062596
0.8388                    -60.38507411582964
0.8388666666666666        -60.38529383114356
0.8389333333333333        -60.386486525010724
0.839                     -60.38976608020963
0.8390666666666666        -60.39574177458641
0.8391333333333333        -60.404452963287184
0.8392                    -60.415407776394844
0.8392666666666666        -60.42770822128223
0.8393333333333333        -60.440234205648416
0.8393999999999999        -60.45185337027774
0.8394666666666668        -60.46162192074096
0.8395333333333335        -60.46894420959826
0.8396000000000001        -60.473666013991824
0.8396666666666668        -60.476087821759265
0.8397333333333334        -60.47689828356431
0.8398000000000001        -60.477041656814485
0.8398666666666668        -60.47754383569891
0.8399333333333334        -60.479327591305434
0.8400000000000001        -60.483048417466215
0.8400666666666667        -60.48897846636885
0.8401333333333334        -60.49695849177013
0.8402000000000001        -60.50642742969729
0.8402666666666667        -60.51652700452462
0.8403333333333334        -60.526265542304394
0.8404                    -60.53471280295401
0.8404666666666667        -60.541188914337035
0.8405333333333334        -60.545408551095235
0.8406                    -60.54754841597028
0.8406666666666667        -60.54822133800176
0.8407333333333333        -60.548360363447635
0.8408                    -60.5490356755773
0.8408666666666667        -60.55124099564361
0.8409333333333333        -60.55569155716686
0.841                     -60.562672875210296
0.8410666666666666        -60.57197022695849
0.8411333333333333        -60.58289516646076
0.8412                    -60.59440904038847
0.8412666666666666        -60.60532552980037
0.8413333333333333        -60.614556642020204
0.8413999999999999        -60.62135292095199
0.8414666666666668        -60.625483802211136
0.8415333333333335        -60.62731209480124
0.8416000000000001        -60.627738022226545
0.8416666666666668        -60.6280184587893
0.8417333333333334        -60.62949748865471
0.8418000000000001        -60.63330653453713
0.8418666666666668        -60.64010071540926
0.8419333333333334        -60.649891951360615
0.8420000000000001        -60.66202086568529
0.8420666666666667        -60.67528194652336
0.8421333333333334        -60.68818325189713
0.8422000000000001        -60.69928825090927
0.8422666666666667        -60.707561224914606
0.8423333333333334        -60.7126289155941
0.8424                    -60.71488694938412
0.8424666666666667        -60.715418649136495
0.8425333333333334        -60.715744411787696
0.8426                    -60.71746454914645
0.8426666666666667        -60.72188326807938
0.8427333333333333        -60.72970175021071
0.8428                    -60.740848638362465
0.8428666666666667        -60.754484960405065
0.8429333333333333        -60.76918456387734
0.843                     -60.78325486829158
0.8430666666666666        -60.79513034163088
0.8431333333333333        -60.803749219041535
0.8432                    -60.80882115870572
0.8432666666666666        -60.810915485706964
0.8433333333333333        -60.8113435819177
0.8433999999999999        -60.8118620657789
0.8434666666666668        -60.814268344601246
0.8435333333333335        -60.819983840966174
0.8436000000000001        -60.82971934113458
0.8436666666666668        -60.84329643790974
0.8437333333333334        -60.85966645831683
0.8438000000000001        -60.87712906121255
0.8438666666666668        -60.89371035256537
0.8439333333333334        -60.90762013872359
0.8440000000000001        -60.917679965689416
0.8440666666666667        -60.92361093567913
0.8441333333333334        -60.926101060285475
0.8442000000000001        -60.92663085926458
0.8442666666666667        -60.92710352918764
0.8443333333333334        -60.929377990386435
0.8444                    -60.93482351964277
0.8444666666666667        -60.94400226999933
0.8445333333333334        -60.95655037146531
0.8446                    -60.97128129950795
0.8446666666666667        -60.98648551154498
0.8447333333333333        -61.000354656827646
0.8448                    -61.011425479984354
0.8448666666666667        -61.01892905577621
0.8449333333333333        -61.02295371613323
0.845                     -61.024382539734546
0.8450666666666666        -61.02463199516127
0.8451333333333333        -61.02527325811817
0.8452                    -61.02764318729601
0.8452666666666666        -61.032543474385065
0.8453333333333333        -61.040092871773346
0.8453999999999999        -61.04975293088891
0.8454666666666668        -61.06050489663868
0.8455333333333335        -61.071122628393866
0.8456000000000001        -61.08046878446606
0.8456666666666668        -61.087741948107535
0.8457333333333334        -61.092620701607075
0.8458000000000001        -61.09528187986375
0.8458666666666668        -61.09630479391383
0.8459333333333334        -61.096500296495634
0.8460000000000001        -61.09671577562689
0.8460666666666667        -61.097663412464264
0.8461333333333334        -61.09980390360333
0.8462000000000001        -61.103298424852106
0.8462666666666667        -61.10802421719751
0.8463333333333334        -61.113637521931594
0.8464                    -61.119662652313885
0.8464666666666667        -61.125586783684874
0.8465333333333334        -61.130944595903436
0.8466                    -61.13538300258688
0.8466666666666667        -61.13870196934539
0.8467333333333333        -61.14087163997403
0.8468                    -61.14202822876003
0.8468666666666667        -61.142451715514916
0.8469333333333333        -61.14252810300519
0.847                     -61.142698801907926
0.8470666666666666        -61.14340033430685
0.8471333333333333        -61.144999275661895
0.8472                    -61.14772989438489
0.8472666666666666        -61.15164446839154
0.8473333333333333        -61.15658758361428
0.8473999999999999        -61.16220463366648
0.8474666666666668        -61.16799039538933
0.8475333333333335        -61.17337591746721
0.8476000000000001        -61.177842164727004
0.8476666666666668        -61.181039310059155
0.8477333333333334        -61.18288446191968
0.8478000000000001        -61.18361091067208
0.8478666666666668        -61.18375003604808
0.8479333333333334        -61.18404164255096
0.8480000000000001        -61.185286049303215
0.8480666666666667        -61.18816698747544
0.8481333333333334        -61.193084080278055
0.8482000000000001        -61.200035026780796
0.8482666666666667        -61.20858014032394
0.8483333333333334        -61.21790654220834
0.8484                    -61.22698804130142
0.8484666666666667        -61.23481284514611
0.8485333333333334        -61.240629985939414
0.8486                    -61.24415351437813
0.8486666666666667        -61.24566724632813
0.8487333333333333        -61.245994094884175
0.8488                    -61.24632812592009
0.8488666666666667        -61.24796418683878
0.8489333333333333        -61.25198789350289
0.849                     -61.25900036294305
0.8490666666666666        -61.26894574681613
0.8491333333333333        -61.281088233691406
0.8492                    -61.294153292008204
0.8492666666666666        -61.30661041739813
0.8493333333333333        -61.317037780259724
0.8493999999999999        -61.324481940160204
0.8494666666666666        -61.32871866411173
0.8495333333333335        -61.3303406900824
0.8496000000000001        -61.330642309182394
0.8496666666666668        -61.331325329265795
0.8497333333333335        -61.33409781965806
0.8498000000000001        -61.34026207886757
0.8498666666666668        -61.350387973685656
0.8499333333333334        -61.364147384223216
0.8500000000000001        -61.380352615606014
0.8500666666666667        -61.3972014533174
0.8501333333333334        -61.412686940046804
0.8502000000000001        -61.42508605685265
0.8502666666666667        -61.43340954853503
0.8503333333333334        -61.43769051854335
0.8504                    -61.43902251223258
0.8504666666666667        -61.43932375155999
0.8505333333333334        -61.44088128947842
0.8506                    -61.445789448796276
0.8506666666666667        -61.45542264988486
0.8507333333333333        -61.470071776712985
0.8508                    -61.4888350510859
0.8508666666666667        -61.509799485161984
0.8509333333333333        -61.53048402652287
0.851                     -61.54844754870208
0.8510666666666666        -61.561908958751374
0.8511333333333333        -61.570206591900515
0.8512                    -61.573959456174904
0.8512666666666666        -61.574880923388065
0.8513333333333333        -61.575304196105016
0.8513999999999999        -61.577563512349265
0.8514666666666666        -61.58340526381793
0.8515333333333335        -61.59357801893652
0.8516000000000001        -61.607690478849065
0.8516666666666668        -61.62435550374703
0.8517333333333335        -61.641572119264566
0.8518000000000001        -61.657244307071146
0.8518666666666668        -61.66970347899192
0.8519333333333334        -61.67810080226556
0.8520000000000001        -61.682571802043185
0.8520666666666667        -61.68414173126267
0.8521333333333334        -61.684414301479606
0.8522000000000001        -61.685142039431526
0.8522666666666667        -61.68779690574186
0.8523333333333334        -61.693244824718974
0.8524                    -61.70158983859395
0.8524666666666667        -61.712207700107456
0.8525333333333334        -61.72394556063453
0.8526                    -61.735429952963884
0.8526666666666667        -61.74540382363276
0.8527333333333333        -61.75300948683293
0.8528                    -61.75795103948951
0.8528666666666667        -61.7605045529027
0.8529333333333333        -61.76138746419328
0.853                     -61.76153590462545
0.8530666666666666        -61.76185824785485
0.8531333333333333        -61.7630305641365
0.8532                    -61.76537900341594
0.8532666666666666        -61.768864560442026
0.8533333333333333        -61.77315696766547
0.8533999999999999        -61.777764001580294
0.8534666666666666        -61.78217418103923
0.8535333333333335        -61.78597502211828
0.8536000000000001        -61.78892276522112
0.8536666666666668        -61.79095744623914
0.8537333333333335        -61.79217325554586
0.8538000000000001        -61.792763678214264
0.8538666666666668        -61.79296231816955
0.8539333333333334        -61.79299513090008
0.8540000000000001        -61.7930515049322
0.8540666666666668        -61.79327382689597
0.8541333333333334        -61.79376012614555
0.8542000000000001        -61.794572666815455
0.8542666666666667        -61.795746179625965
0.8543333333333334        -61.79729159480824
0.8544                    -61.79919371714115
0.8544666666666667        -61.80140386614818
0.8545333333333334        -61.80383097221011
0.8546                    -61.8063367066306
0.8546666666666667        -61.808741241632774
0.8547333333333333        -61.81084521141314
0.8548                    -61.81246967530833
0.8548666666666667        -61.813509608255266
0.8549333333333333        -61.81398922791501
0.855                     -61.81410196759008
0.8550666666666666        -61.81421694295014
0.8551333333333333        -61.81483905564435
0.8552                    -61.816521024940755
0.8552666666666666        -61.819739975107446
0.8553333333333333        -61.82476464190571
0.8553999999999999        -61.83154764302949
0.8554666666666666        -61.83967751823655
0.8555333333333335        -61.84841597128697
0.8556000000000001        -61.85682742435545
0.8556666666666668        -61.86398338795462
0.8557333333333335        -61.869198798150094
0.8558000000000001        -61.872239403395916
0.8558666666666668        -61.873436807369124
0.8559333333333334        -61.873665484406814
0.8560000000000001        -61.8741712110915
0.8560666666666668        -61.87628262370496
0.8561333333333334        -61.88107347766339
0.8562000000000001        -61.88906180910013
0.8562666666666667        -61.9000289691915
0.8563333333333334        -61.91301743644607
0.8564                    -61.92652555964613
0.8564666666666667        -61.938866358958784
0.8565333333333334        -61.94860669184395
0.8566                    -61.95496821536456
0.8566666666666667        -61.95806956871959
0.8567333333333333        -61.95892826107966
0.8568                    -61.959211405448954
0.8568666666666667        -61.96080100623898
0.8569333333333333        -61.965293493833144
0.857                     -61.97356853594046
0.8570666666666666        -61.98554024234803
0.8571333333333333        -62.00015671582473
0.8572                    -62.01565418490215
0.8572666666666666        -62.03000938073271
0.8573333333333333        -62.04147868006827
0.8573999999999999        -62.04907975335224
0.8574666666666666        -62.05287734947333
0.8575333333333333        -62.05398593522537
0.8576000000000001        -62.054284914329514
0.8576666666666668        -62.055926832622426
0.8577333333333335        -62.060774491572985
0.8578000000000001        -62.06991459271046
0.8578666666666668        -62.08336853625958
0.8579333333333334        -62.100070303198116
0.8580000000000001        -62.118120062540136
0.8580666666666668        -62.13525813458281
0.8581333333333334        -62.149445402567366
0.8582000000000001        -62.15939799136854
0.8582666666666667        -62.16492502860511
0.8583333333333334        -62.166968932908034
0.8584                    -62.16733637914548
0.8584666666666667        -62.168202090245465
0.8585333333333334        -62.17153064941733
0.8586                    -62.178574595027854
0.8586666666666667        -62.18957477978036
0.8587333333333333        -62.20372959886757
0.8588                    -62.219431330221354
0.8588666666666667        -62.23470298596016
0.8589333333333333        -62.247718261589775
0.859                     -62.25726325466191
0.8590666666666666        -62.263013771170684
0.8591333333333333        -62.265557696602826
0.8592                    -62.26617138694604
0.8592666666666666        -62.26643244494237
0.8593333333333333        -62.26779145175736
0.8593999999999999        -62.27122215741726
0.8594666666666666        -62.277032141729904
0.8595333333333333        -62.28486251885077
0.8596000000000001        -62.293853374123394
0.8596666666666668        -62.30291300621256
0.8597333333333335        -62.31101013021143
0.8598000000000001        -62.31741148744704
0.8598666666666668        -62.321810881170165
0.8599333333333334        -62.32433204107877
0.8600000000000001        -62.32542503704064
0.8600666666666668        -62.32570223221468
0.8601333333333334        -62.325768016086556
0.8602000000000001        -62.326087295504195
0.8602666666666667        -62.326917445264996
0.8603333333333334        -62.32830577834979
0.8604                    -62.33013678942033
0.8604666666666667        -62.33220433749682
0.8605333333333334        -62.33428396044626
0.8606                    -62.336187383141336
0.8606666666666667        -62.3377912940647
0.8607333333333334        -62.33904185404322
0.8608                    -62.33994251529401
0.8608666666666667        -62.34053466684919
0.8609333333333333        -62.340879133735726
0.861                     -62.341043320855924
0.8610666666666666        -62.34109547177982
0.8611333333333333        -62.341105083470026
0.8612                    -62.341147112629415
0.8612666666666666        -62.34130684982012
0.8613333333333333        -62.34168187756353
0.8613999999999999        -62.342377458056006
0.8614666666666666        -62.34349255706282
0.8615333333333333        -62.34509610505182
0.8616000000000001        -62.34719710528417
0.8616666666666668        -62.34971694243769
0.8617333333333335        -62.352475895155266
0.8618000000000001        -62.35520618138315
0.8618666666666668        -62.35759917848568
0.8619333333333334        -62.35938465044599
0.8620000000000001        -62.36042701746136
0.8620666666666668        -62.36081215358833
0.8621333333333334        -62.36089301372453
0.8622000000000001        -62.36126744655074
0.8622666666666667        -62.36267736621673
0.8623333333333334        -62.36584136750943
0.8624                    -62.37125614077354
0.8624666666666667        -62.379018367437894
0.8625333333333334        -62.38872262810462
0.8626                    -62.39947958583082
0.8626666666666667        -62.410072677311746
0.8627333333333334        -62.419234462734885
0.8628                    -62.42598372035519
0.8628666666666667        -62.42993393409169
0.8629333333333333        -62.43147695495967
0.863                     -62.43177055819637
0.8630666666666666        -62.432511098774214
0.8631333333333333        -62.435535383209135
0.8632                    -62.442347491030276
0.8632666666666666        -62.453691228480665
0.8633333333333333        -62.46928341097836
0.8634                    -62.48779165980261
0.8634666666666666        -62.50708873450694
0.8635333333333333        -62.52474877687557
0.8636000000000001        -62.53867857587109
0.8636666666666668        -62.54771893216868
0.8637333333333335        -62.55203526245517
0.8638000000000001        -62.553162564904525
0.8638666666666668        -62.553670182839944
0.8639333333333334        -62.55652854302288
0.8640000000000001        -62.564346481177324
0.8640666666666668        -62.578677131161825
0.8641333333333334        -62.599566298803595
0.8642000000000001        -62.62545994677546
0.8642666666666667        -62.653512856300786
0.8643333333333334        -62.680253172925404
0.8644000000000001        -62.70246156312125
0.8644666666666667        -62.71804027616571
0.8645333333333334        -62.726617158832674
0.8646                    -62.72968822697521
0.8646666666666667        -62.73024401269238
0.8647333333333334        -62.73199190486668
0.8648                    -62.738404405962896
0.8648666666666667        -62.75185103745705
0.8649333333333333        -62.773021782715034
0.865                     -62.800762619774204
0.8650666666666667        -62.83235066220244
0.8651333333333333        -62.86414703377049
0.8652                    -62.89247979509749
0.8652666666666666        -62.914539195172516
0.8653333333333333        -62.9290442229281
0.8654                    -62.93649298809943
0.8654666666666666        -62.938936559583894
0.8655333333333333        -62.939367542035676
0.8655999999999999        -62.94092386836995
0.8656666666666668        -62.94613513642578
0.8657333333333335        -62.95639105968739
0.8658000000000001        -62.97172695495768
0.8658666666666668        -62.99093575444779
0.8659333333333334        -63.011947550173836
0.8660000000000001        -63.032369598368575
0.8660666666666668        -63.05005321070868
0.8661333333333334        -63.06355424957225
0.8662000000000001        -63.0723860574976
0.8662666666666667        -63.07702320917588
0.8663333333333334        -63.07868372724893
0.8664000000000001        -63.07897219721412
0.8664666666666667        -63.07948918231026
0.8665333333333334        -63.08150149055507
0.8666                    -63.08573457800098
0.8666666666666667        -63.09230849374746
0.8667333333333334        -63.100804430854076
0.8668                    -63.11042584336676
0.8668666666666667        -63.12020703387916
0.8669333333333333        -63.12922169921325
0.867                     -63.13675206599987
0.8670666666666667        -63.142393381469574
0.8671333333333333        -63.14608534027723
0.8672                    -63.1480777309194
0.8672666666666666        -63.14884883239725
0.8673333333333333        -63.149000068296644
0.8674                    -63.149149315975315
0.8674666666666666        -63.14983987942399
0.8675333333333333        -63.15147494734788
0.8675999999999999        -63.15428058629712
0.8676666666666668        -63.158295347647666
0.8677333333333335        -63.163381859078775
0.8678000000000001        -63.16925508616093
0.8678666666666668        -63.175522640463875
0.8679333333333334        -63.181733776832004
0.8680000000000001        -63.187434790796615
0.8680666666666668        -63.192228766391636
0.8681333333333334        -63.195836657390565
0.8682000000000001        -63.198154513860736
0.8682666666666667        -63.199298791515716
0.8683333333333334        -63.19962912364254
0.8684000000000001        -63.19973706235284
0.8684666666666667        -63.20039144465234
0.8685333333333334        -63.20243701399872
0.8686                    -63.20665254174592
0.8686666666666667        -63.213586584672825
0.8687333333333334        -63.223400784029025
0.8688                    -63.23575910805192
0.8688666666666667        -63.249803092970566
0.8689333333333333        -63.26424440509277
0.869                     -63.277584521413075
0.8690666666666667        -63.288437885283145
0.8691333333333333        -63.29589622254176
0.8692                    -63.299841035657195
0.8692666666666666        -63.301104462734884
0.8693333333333333        -63.30140555148439
0.8694                    -63.30304540359837
0.8694666666666666        -63.30841217783664
0.8695333333333333        -63.319402608979004
0.8695999999999999        -63.33689528028013
0.8696666666666668        -63.36040974312596
0.8697333333333335        -63.38805905656116
0.8698000000000001        -63.41685365796273
0.8698666666666668        -63.44333958254562
0.8699333333333334        -63.4644570339206
0.8700000000000001        -63.47840913989323
0.8700666666666668        -63.48528087919459
0.8701333333333334        -63.48718891678789
0.8702000000000001        -63.487878077992725
0.8702666666666667        -63.491855501865366
0.8703333333333334        -63.50328994777393
0.8704000000000001        -63.52495298415956
0.8704666666666667        -63.55744919648164
0.8705333333333334        -63.59891427367856
0.8706                    -63.64528092061023
0.8706666666666667        -63.69111782611762
0.8707333333333334        -63.73091557122504
0.8708                    -63.76053193099925
0.8708666666666667        -63.778383442291606
0.8709333333333333        -63.78598096915069
0.871                     -63.787602337641225
0.8710666666666667        -63.789198688432116
0.8711333333333333        -63.79688239591231
0.8712                    -63.815427180628376
0.8712666666666666        -63.84713524582317
0.8713333333333333        -63.891285579707706
0.8714                    -63.94425154389087
0.8714666666666666        -64.00027673624874
0.8715333333333333        -64.0527898190361
0.8715999999999999        -64.09599612308864
0.8716666666666668        -64.12634387886817
0.8717333333333335        -64.14342465222796
0.8718000000000001        -64.15001281247918
0.8718666666666668        -64.15124471006726
0.8719333333333334        -64.15323292043477
0.8720000000000001        -64.16155215786284
0.8720666666666668        -64.1799877066312
0.8721333333333334        -64.20978694892678
0.8722000000000001        -64.2495024695942
0.8722666666666667        -64.29540754411795
0.8723333333333334        -64.34238755600924
0.8724000000000001        -64.38513273675335
0.8724666666666667        -64.41937475673708
0.8725333333333334        -64.44286170176858
0.8726                    -64.4558086908006
0.8726666666666667        -64.46071161083576
0.8727333333333334        -64.4616135990858
0.8728                    -64.4630712260187
0.8728666666666667        -64.46911393904284
0.8729333333333333        -64.48243290446966
0.873                     -64.50393053836868
0.8730666666666667        -64.53266449210341
0.8731333333333333        -64.5661517779325
0.8732                    -64.60095350150083
0.8732666666666666        -64.6334242696439
0.8733333333333333        -64.66047959201705
0.8734                    -64.68022208329376
0.8734666666666666        -64.69229116987907
0.8735333333333333        -64.6978670055919
0.8735999999999999        -64.69934938003811
0.8736666666666668        -64.69981211495062
0.8737333333333335        -64.70237343520814
0.8738000000000001        -64.70961625307153
0.8738666666666668        -64.72315457504615
0.8739333333333335        -64.74339648364489
0.8740000000000001        -64.76951675620592
0.8740666666666668        -64.79962727995249
0.8741333333333334        -64.83111605264656
0.8742000000000001        -64.86110852162943
0.8742666666666667        -64.8869850822065
0.8743333333333334        -64.90686972389047
0.8744000000000001        -64.91999710266842
0.8744666666666667        -64.92687895580973
0.8745333333333334        -64.92922837937012
0.8746                    -64.92965287534557
0.8746666666666667        -64.93117695628676
0.8747333333333334        -64.93668675347479
0.8748                    -64.94839677491132
0.8748666666666667        -64.96742783782922
0.8749333333333333        -64.99356506931709
0.875                     -65.02524241434344
0.8750666666666667        -65.05977480263797
0.8751333333333333        -65.09382517489867
0.8752                    -65.12404666047212
0.8752666666666666        -65.1477860468309
0.8753333333333333        -65.16369302570568
0.8754                    -65.17207713013194
0.8754666666666666        -65.17490614245305
0.8755333333333333        -65.17543389456185
0.8755999999999999        -65.17754440029783
0.8756666666666666        -65.1849636541808
0.8757333333333335        -65.20050362083933
0.8758000000000001        -65.22547681018888
0.8758666666666668        -65.2593792460281
0.8759333333333335        -65.29990190518254
0.8760000000000001        -65.34329529258025
0.8760666666666668        -65.38506465801426
0.8761333333333334        -65.42090222312433
0.8762000000000001        -65.44767593650515
0.8762666666666667        -65.46422923117038
0.8763333333333334        -65.47175359546289
0.8764000000000001        -65.47359960354115
0.8764666666666667        -65.47455891846565
0.8765333333333334        -65.47980320235614
0.8766                    -65.49374102698886
0.8766666666666667        -65.51904087919958
0.8767333333333334        -65.55600532848642
0.8768                    -65.6024123362016
0.8768666666666667        -65.6538792159976
0.8769333333333333        -65.70473440199937
0.877                     -65.74927558978955
0.8770666666666667        -65.78315449544783
0.8771333333333333        -65.80451808824307
0.8772                    -65.81454402512429
0.8772666666666666        -65.81717879313908
0.8773333333333333        -65.81815688222427
0.8774                    -65.82360783687147
0.8774666666666666        -65.8386389849303
0.8775333333333333        -65.86621759659974
0.8775999999999999        -65.90654860917671
0.8776666666666666        -65.9570295350824
0.8777333333333335        -66.01278329612788
0.8778000000000001        -66.06769504589889
0.8778666666666668        -66.11577824870578
0.8779333333333335        -66.15257603557494
0.8780000000000001        -66.17622923283857
0.8780666666666668        -66.18789246807734
0.8781333333333334        -66.19137451760223
0.8782000000000001        -66.19213622338866
0.8782666666666668        -66.1959663992499
0.8783333333333334        -66.2076947756289
0.8784000000000001        -66.23021561595493
0.8784666666666667        -66.26396872695709
0.8785333333333334        -66.30692190096636
0.8786                    -66.35503367562805
0.8786666666666667        -66.40312227508929
0.8787333333333334        -66.44599763557892
0.8788                    -66.47963008448197
0.8788666666666667        -66.50207312897625
0.8789333333333333        -66.5138859570866
0.879                     -66.51793520917919
0.8790666666666667        -66.51864766955752
0.8791333333333333        -66.52094418806097
0.8792                    -66.52914256739598
0.8792666666666666        -66.54607345369
0.8793333333333333        -66.57255954637043
0.8794                    -66.60731731544573
0.8794666666666666        -66.64727300946969
0.8795333333333333        -66.68823196232717
0.8795999999999999        -66.7257849287744
0.8796666666666666        -66.75627556987395
0.8797333333333335        -66.77761242567588
0.8798000000000001        -66.78972233483039
0.8798666666666668        -66.79452811449137
0.8799333333333335        -66.79546750588494
0.8800000000000001        -66.79669596048517
0.8800666666666668        -66.80218126913172
0.8801333333333334        -66.81489074057808
0.8802000000000001        -66.83621750146008
0.8802666666666668        -66.86572825093015
0.8803333333333334        -66.90126162024526
0.8804000000000001        -66.93936268601773
0.8804666666666667        -66.9759917490964
0.8805333333333334        -67.00738671268228
0.8806                    -67.0309006469462
0.8806666666666667        -67.04561114053539
0.8807333333333334        -67.05253682206889
0.8808                    -67.05440062048592
0.8808666666666667        -67.05500990977302
0.8809333333333333        -67.05842338518876
0.881                     -67.06810682357381
0.8810666666666667        -67.08624929135668
0.8811333333333333        -67.11335031001899
0.8812                    -67.14812882747478
0.8812666666666666        -67.18775920468849
0.8813333333333333        -67.22840147117483
0.8814                    -67.26595035871037
0.8814666666666666        -67.29687677865398
0.8815333333333333        -67.31899125174633
0.8815999999999999        -67.33194946592229
0.8816666666666666        -67.3373675772124
0.8817333333333335        -67.33851300057152
0.8818000000000001        -67.33964779414363
0.8818666666666668        -67.34518029548043
0.8819333333333335        -67.35880251666077
0.8820000000000001        -67.38276578093684
0.8820666666666668        -67.41740431928348
0.8821333333333334        -67.46098023398183
0.8822000000000001        -67.50989732337212
0.8822666666666668        -67.55929954630794
0.8823333333333334        -67.60400920778669
0.8824000000000001        -67.63966200181562
0.8824666666666667        -67.66378835912336
0.8825333333333334        -67.676536123572
0.8826                    -67.68078893536166
0.8826666666666667        -67.68160875227322
0.8827333333333334        -67.6851420671945
0.8828                    -67.69727412131454
0.8828666666666667        -67.72234301386393
0.8829333333333333        -67.7621646410631
0.883                     -67.8155353239199
0.8830666666666667        -67.87831393635147
0.8831333333333333        -67.94413037085167
0.8832                    -68.00567772367064
0.8832666666666666        -68.05638812088387
0.8833333333333333        -68.09209924739692
0.8834                    -68.11220612537915
0.8834666666666666        -68.11988760886652
0.8835333333333333        -68.1213076818789
0.8835999999999999        -68.12405852837428
0.8836666666666666        -68.13532985474717
0.8837333333333333        -68.16027843687908
0.8838000000000001        -68.20091762891211
0.8838666666666668        -68.25568358443152
0.8839333333333335        -68.31973149852088
0.8840000000000001        -68.38594593486705
0.8840666666666668        -68.44654440646896
0.8841333333333334        -68.4949760528117
0.8842000000000001        -68.52762699101217
0.8842666666666668        -68.54478800603977
0.8843333333333334        -68.55053622758851
0.8844000000000001        -68.55157545438246
0.8844666666666667        -68.55544919138593
0.8845333333333334        -68.56868593031878
0.8846                    -68.59534020527414
0.8846666666666667        -68.6361889039521
0.8847333333333334        -68.68866457155798
0.8848                    -68.7474956261778
0.8848666666666667        -68.80593659266971
0.8849333333333333        -68.85735939671642
0.885                     -68.89684554987682
0.8850666666666667        -68.92234822867182
0.8851333333333333        -68.93507827328988
0.8852                    -68.93901940453188
0.8852666666666666        -68.93977864183361
0.8853333333333333        -68.94316704318373
0.8854                    -68.95390878909014
0.8854666666666666        -68.97474510930367
0.8855333333333333        -69.00603961824001
0.8855999999999999        -69.045875101485
0.8856666666666666        -69.09056828675548
0.8857333333333333        -69.1354916155591
0.8858000000000001        -69.17605363796937
0.8858666666666668        -69.20865116775279
0.8859333333333335        -69.23139128146697
0.8860000000000001        -69.24441952595863
0.8860666666666668        -69.24978826524378
0.8861333333333334        -69.25092381685394
0.8862000000000001        -69.25185027264048
0.8862666666666668        -69.2563645391061
0.8863333333333334        -69.26733143034832
0.8864000000000001        -69.28620862176955
0.8864666666666667        -69.31285107553012
0.8865333333333334        -69.34559954949822
0.8866                    -69.38162640686595
0.8866666666666667        -69.41748391656836
0.8867333333333334        -69.44976856260116
0.8868                    -69.4757836886574
0.8868666666666667        -69.49406730868573
0.8869333333333334        -69.50466916855872
0.887                     -69.50911595570015
0.8870666666666667        -69.51008043050174
0.8871333333333333        -69.5108401054435
0.8872                    -69.51464892398218
0.8872666666666666        -69.52414469472592
0.8873333333333333        -69.54088783155835
0.8874                    -69.5650920456329
0.8874666666666666        -69.59557806594704
0.8875333333333333        -69.62995906695309
0.8876                    -69.66504439584742
0.8876666666666666        -69.69741798176814
0.8877333333333333        -69.72410768244748
0.8878000000000001        -69.74322209921154
0.8878666666666668        -69.75441268299332
0.8879333333333335        -69.75904063576087
0.8880000000000001        -69.75999265133267
0.8880666666666668        -69.7611757462021
0.8881333333333334        -69.76679544023645
0.8882000000000001        -69.78055852455846
0.8882666666666668        -69.80493996779606
0.8883333333333334        -69.84063069643396
0.8884000000000001        -69.88625918516041
0.8884666666666667        -69.93846206452899
0.8885333333333334        -69.99235542246706
0.8886000000000001        -70.04240498785789
0.8886666666666667        -70.0835927792456
0.8887333333333334        -70.11264627611023
0.8888                    -70.12899652190198
0.8888666666666667        -70.13514516779567
0.8889333333333334        -70.13627974670406
0.889                     -70.13921719560274
0.8890666666666667        -70.15095353283274
0.8891333333333333        -70.17716598496143
0.8892                    -70.22096358267649
0.8892666666666666        -70.28209058923207
0.8893333333333333        -70.35672155051196
0.8894                    -70.43795381070137
0.8894666666666666        -70.51704780869332
0.8895333333333333        -70.58531337917806
0.8896                    -70.63627634559681
0.8896666666666666        -70.66749966542594
0.8897333333333333        -70.68139397486931
0.8898000000000001        -70.68466550167172
0.8898666666666668        -70.6865790121425
0.8899333333333335        -70.69663163550088
0.8900000000000001        -70.72231866574407
0.8900666666666668        -70.76748349546855
0.8901333333333334        -70.83149552397754
0.8902000000000001        -70.90934217752677
0.8902666666666668        -70.99264789995006
0.8903333333333334        -71.07153564095395
0.8904000000000001        -71.13703103318461
0.8904666666666667        -71.18341453835698
0.8905333333333334        -71.20975913589814
0.8906000000000001        -71.22007896317672
0.8906666666666667        -71.2220472464847
0.8907333333333334        -71.2248028133009
0.8908                    -71.23660828056893
0.8908666666666667        -71.26298838029778
0.8909333333333334        -71.30567115388362
0.891                     -71.36240265366568
0.8910666666666667        -71.42757920259852
0.8911333333333333        -71.49357672159357
0.8912                    -71.55256108062846
0.8912666666666667        -71.5984101920518
0.8913333333333333        -71.62824836826135
0.8914                    -71.64312494717653
0.8914666666666666        -71.64762685445376
0.8915333333333333        -71.64859088403429
0.8916                    -71.6533639149455
0.8916666666666666        -71.66811364689121
0.8917333333333333        -71.69655749679984
0.8917999999999999        -71.73928959501237
0.8918666666666668        -71.79374901265001
0.8919333333333335        -71.8548002328734
0.8920000000000001        -71.9158410123424
0.8920666666666668        -71.97026260588018
0.8921333333333334        -72.01296276502191
0.8922000000000001        -72.04152165747536
0.8922666666666668        -72.05669106745204
0.8923333333333334        -72.06205215189271
0.8924000000000001        -72.06298171334635
0.8924666666666667        -72.06527997426974
0.8925333333333334        -72.07385776532189
0.8926000000000001        -72.09177959490087
0.8926666666666667        -72.1198039101892
0.8927333333333334        -72.15643093275818
0.8928                    -72.19838473288242
0.8928666666666667        -72.24140378927542
0.8929333333333334        -72.28117399010684
0.893                     -72.31421064110864
0.8930666666666667        -72.33850158245562
0.8931333333333333        -72.353780328881
0.8932                    -72.36139923128398
0.8932666666666667        -72.36388138217609
0.8933333333333333        -72.36430182029405
0.8934                    -72.3656605682449
0.8934666666666666        -72.37037196513369
0.8935333333333333        -72.37993592024569
0.8936                    -72.39480436096783
0.8936666666666666        -72.41442304704566
0.8937333333333333        -72.4374139223107
0.8937999999999999        -72.46185835929901
0.8938666666666668        -72.48563927116246
0.8939333333333335        -72.50679648890187
0.8940000000000001        -72.52384629391797
0.8940666666666668        -72.53601701448193
0.8941333333333334        -72.54336257933511
0.8942000000000001        -72.54673590637402
0.8942666666666668        -72.54763000300271
0.8943333333333334        -72.5479191328104
0.8944000000000001        -72.54954812888005
0.8944666666666667        -72.55422160948699
0.8945333333333334        -72.56313820083699
0.8946000000000001        -72.57680287377991
0.8946666666666667        -72.5949382964971
0.8947333333333334        -72.61650645703844
0.8948                    -72.63984419415408
0.8948666666666667        -72.66290762728092
0.8949333333333334        -72.68360710057111
0.895                     -72.70019460177684
0.8950666666666667        -72.71164290155997
0.8951333333333333        -72.71793845510207
0.8952                    -72.72020944605545
0.8952666666666667        -72.72063346366016
0.8953333333333333        -72.72211364189111
0.8954                    -72.72776493100544
0.8954666666666666        -72.7402973270201
0.8955333333333333        -72.76140971126785
0.8956                    -72.7913153691303
0.8956666666666666        -72.82851257956379
0.8957333333333333        -72.8698918663627
0.8957999999999999        -72.91122768775298
0.8958666666666668        -72.94802446934443
0.8959333333333335        -72.97657533142159
0.8960000000000001        -72.99497839752954
0.8960666666666668        -73.00380270159856
0.8961333333333334        -73.00615937343993
0.8962000000000001        -73.00710960198944
0.8962666666666668        -73.01254991145909
0.8963333333333334        -73.02785803814953
0.8964000000000001        -73.0566139154744
0.8964666666666667        -73.09966024703874
0.8965333333333334        -73.15469636266728
0.8966000000000001        -73.21653793739684
0.8966666666666667        -73.27809907065223
0.8967333333333334        -73.33200807706261
0.8968                    -73.37253674652227
0.8968666666666667        -73.39729120591733
0.8969333333333334        -73.40805781482193
0.897                     -73.41044363943277
0.8970666666666667        -73.41240830832666
0.8971333333333333        -73.42218347739801
0.8972                    -73.44620512814174
0.8972666666666667        -73.48755678309931
0.8973333333333333        -73.54520710681156
0.8974                    -73.61415975734744
0.8974666666666666        -73.68652349933267
0.8975333333333333        -73.75337208980734
0.8976                    -73.8070326179635
0.8976666666666666        -73.84318235769574
0.8977333333333333        -73.86204734813789
0.8977999999999999        -73.86825151706009
0.8978666666666668        -73.86938875347133
0.8979333333333335        -73.87386867361445
0.8980000000000001        -73.88874774608607
0.8980666666666668        -73.91810039516832
0.8981333333333335        -73.96221036535852
0.8982000000000001        -74.01764712925988
0.8982666666666668        -74.07816715410146
0.8983333333333334        -74.13627447590696
0.8984000000000001        -74.18512471162119
0.8984666666666667        -74.22029037737289
0.8985333333333334        -74.24085044576901
0.8986000000000001        -74.24944248639011
0.8986666666666667        -74.25128922098891
0.8987333333333334        -74.25258404211705
0.8988                    -74.25878948376058
0.8988666666666667        -74.27332798931874
0.8989333333333334        -74.29693721486849
0.899                     -74.32775246430322
0.8990666666666667        -74.36202057132152
0.8991333333333333        -74.39523147151218
0.8992                    -74.42336270275379
0.8992666666666667        -74.4438936346564
0.8993333333333333        -74.4563072706008
0.8994                    -74.46196863685404
0.8994666666666666        -74.46348726783746
0.8995333333333333        -74.46383320638368
0.8996                    -74.46551218069355
0.8996666666666666        -74.4700249335504
0.8997333333333333        -74.47770042640076
0.8997999999999999        -74.48786635282995
0.8998666666666668        -74.49923785733398
0.8999333333333335        -74.51037454569618
0.9000000000000001        -74.52007090280917
0.9000666666666668        -74.5275934032415
0.9001333333333335        -74.53274045367712
0.9002000000000001        -74.53575744550777
0.9002666666666668        -74.53717166454344
0.9003333333333334        -74.53761514458267
0.9004000000000001        -74.53768463314275
0.9004666666666667        -74.5378601011425
0.9005333333333334        -74.53847902949843
0.9006000000000001        -74.53974960275558
0.9006666666666667        -74.54178233283125
0.9007333333333334        -74.54462315138285
0.9008                    -74.54827742166805
0.9008666666666667        -74.55272053191841
0.9009333333333334        -74.55789540064171
0.901                     -74.56370039665737
0.9010666666666667        -74.56997342008839
0.9011333333333333        -74.57647953352495
0.9012                    -74.5829103687579
0.9012666666666667        -74.58890290004922
0.9013333333333333        -74.59408234044153
0.9014                    -74.59812855699256
0.9014666666666666        -74.60085800082958
0.9015333333333333        -74.60230521538621
0.9016                    -74.60278189044789
0.9016666666666666        -74.60288990918488
0.9017333333333333        -74.60347001600724
0.9017999999999999        -74.60548006494112
0.9018666666666666        -74.60981448306356
0.9019333333333335        -74.6170957167641
0.9020000000000001        -74.6274839964923
0.9020666666666668        -74.64055869268554
0.9021333333333335        -74.65531863960709
0.9022000000000001        -74.67032767084184
0.9022666666666668        -74.68399617906928
0.9023333333333334        -74.69494640783799
0.9024000000000001        -74.70237177780713
0.9024666666666668        -74.70628577342376
0.9025333333333334        -74.70757589470051
0.9026000000000001        -74.70783090031505
0.9026666666666667        -74.70897671605145
0.9027333333333334        -74.71281237005863
0.9028                    -74.72056352447791
0.9028666666666667        -74.7325640610139
0.9029333333333334        -74.74814420923008
0.903                     -74.76575812876735
0.9030666666666667        -74.783332284084
0.9031333333333333        -74.79876348874402
0.9032                    -74.81045043948134
0.9032666666666667        -74.81771951386116
0.9033333333333333        -74.82102032258551
0.9034                    -74.82182377287654
0.9034666666666666        -74.82224031912195
0.9035333333333333        -74.82445861162158
0.9036                    -74.83015598771583
0.9036666666666666        -74.84003909574072
0.9037333333333333        -74.85363950525606
0.9037999999999999        -74.86942728690227
0.9038666666666666        -74.88522647380604
0.9039333333333335        -74.89883188455713
0.9040000000000001        -74.90865686900409
0.9040666666666668        -74.91421484136492
0.9041333333333335        -74.91627716606662
0.9042000000000001        -74.91665199157825
0.9042666666666668        -74.91765437758998
0.9043333333333334        -74.92143467010904
0.9044000000000001        -74.92936515330314
0.9044666666666668        -74.9416546005849
0.9045333333333334        -74.95728970458276
0.9046000000000001        -74.97431613693672
0.9046666666666667        -74.99038569034252
0.9047333333333334        -75.0034217250534
0.9048                    -75.01221136003393
0.9048666666666667        -75.01674223031897
0.9049333333333334        -75.01817448456534
0.905                     -75.01845611809355
0.9050666666666667        -75.01970685687381
0.9051333333333333        -75.02356692059857
0.9052                    -75.03071095856639
0.9052666666666667        -75.04067193330482
0.9053333333333333        -75.05202672460398
0.9054                    -75.06288761325008
0.9054666666666666        -75.07154520654032
0.9055333333333333        -75.07704882182018
0.9056                    -75.07952058123314
0.9056666666666666        -75.08008935249299
0.9057333333333333        -75.08047075580782
0.9057999999999999        -75.08235004661132
0.9058666666666666        -75.08679086504203
0.9059333333333335        -75.09387496800352
0.9060000000000001        -75.10269290703253
0.9060666666666668        -75.11168662991724
0.9061333333333335        -75.1192265812762
0.9062000000000001        -75.12422145199052
0.9062666666666668        -75.126539788533
0.9063333333333334        -75.12708545816763
0.9064000000000001        -75.12749596723782
0.9064666666666668        -75.12957233590286
0.9065333333333334        -75.13464335452922
0.9066000000000001        -75.14308370849255
0.9066666666666667        -75.15414946602729
0.9067333333333334        -75.16619201311558
0.9068                    -75.17719208327422
0.9068666666666667        -75.18544793427614
0.9069333333333334        -75.19018893616317
0.907                     -75.19189892382536
0.9070666666666667        -75.19222992201139
0.9071333333333333        -75.19353229739411
0.9072                    -75.19815917005845
0.9072666666666667        -75.20776766738632
0.9073333333333333        -75.22282358802832
0.9074                    -75.24244197884303
0.9074666666666666        -75.26459767272848
0.9075333333333333        -75.28664215047644
0.9076                    -75.30598272880474
0.9076666666666666        -75.3207341453854
0.9077333333333333        -75.3301595269435
0.9077999999999999        -75.33478401506312
0.9078666666666666        -75.33617048728726
0.9079333333333335        -75.33645075122107
0.9080000000000001        -75.33776614809089
0.9080666666666668        -75.34177264470226
0.9081333333333335        -75.34932054697931
0.9082000000000001        -75.36035541350446
0.9082666666666668        -75.37402809124312
0.9083333333333334        -75.38895977119675
0.9084000000000001        -75.40358512313861
0.9084666666666668        -75.41649188648111
0.9085333333333334        -75.42668712800275
0.9086000000000001        -75.4337456080168
0.9086666666666667        -75.43782806325054
0.9087333333333334        -75.4395879174539
0.9088                    -75.44000564597847
0.9088666666666667        -75.44019650130537
0.9089333333333334        -75.4412308757723
0.909                     -75.44399257444725
0.9090666666666667        -75.44908500801978
0.9091333333333333        -75.45678351642309
0.9092                    -75.46702577261354
0.9092666666666667        -75.47943127009867
0.9093333333333333        -75.49334366817408
0.9094                    -75.50789411062894
0.9094666666666666        -75.52208736733546
0.9095333333333333        -75.53491381104992
0.9096                    -75.54548740385006
0.9096666666666666        -75.553202518145
0.9097333333333333        -75.55789151213308
0.9097999999999999        -75.55995344580334
0.9098666666666666        -75.56041665464265
0.9099333333333333        -75.56089876015825
0.9100000000000001        -75.56343987411725
0.9100666666666668        -75.57020751496535
0.9101333333333335        -75.58310098859
0.9102000000000001        -75.6033131056522
0.9102666666666668        -75.63093320105891
0.9103333333333334        -75.66469331255873
0.9104000000000001        -75.70196301980558
0.9104666666666668        -75.73907685335365
0.9105333333333334        -75.772017194049
0.9106000000000001        -75.79736974784946
0.9106666666666667        -75.81334033355685
0.9107333333333334        -75.82052953330135
0.9108                    -75.82217507054936
0.9108666666666667        -75.8237145008577
0.9109333333333334        -75.83173488383294
0.911                     -75.85255530192096
0.9110666666666667        -75.89076017386732
0.9111333333333334        -75.94797696659928
0.9112                    -76.02213647673015
0.9112666666666667        -76.10741792107821
0.9113333333333333        -76.19504955165189
0.9114                    -76.27502727276476
0.9114666666666666        -76.33854549141475
0.9115333333333333        -76.38054080462291
0.9116                    -76.40146395138711
0.9116666666666666        -76.40752326548767
0.9117333333333333        -76.40923180743
0.9117999999999999        -76.41878140786416
0.9118666666666666        -76.44710676794664
0.9119333333333333        -76.50137866247977
0.9120000000000001        -76.58333420575885
0.9120666666666668        -76.68861847697407
0.9121333333333335        -76.80727286875366
0.9122000000000001        -76.92552995716156
0.9122666666666668        -77.02891578843068
0.9123333333333334        -77.1061532624553
0.9124000000000001        -77.15268359118666
0.9124666666666668        -77.1723600419318
0.9125333333333334        -77.17650590022389
0.9126000000000001        -77.18076261689583
0.9126666666666667        -77.20104557945093
0.9127333333333334        -77.24990800418142
0.9128000000000001        -77.33399840025604
0.9128666666666667        -77.45273558013126
0.9129333333333334        -77.59815645791541
0.913                     -77.75603040729875
0.9130666666666667        -77.90846103754417
0.9131333333333334        -78.0379507015895
0.9132                    -78.13213766914703
0.9132666666666667        -78.18754514496645
0.9133333333333333        -78.21061184830401
0.9134                    -78.21546661028653
0.9134666666666666        -78.21955170073363
0.9135333333333333        -78.23896492896037
0.9136                    -78.28493325761907
0.9136666666666666        -78.36190838393554
0.9137333333333333        -78.46717026648078
0.9138                    -78.5917034932859
0.9138666666666666        -78.7222030307201
0.9139333333333333        -78.84403810932031
0.9140000000000001        -78.94469782068487
0.9140666666666668        -79.01681007475057
0.9141333333333335        -79.0596882479438
0.9142000000000001        -79.0788417633486
0.9142666666666668        -79.08378050356798
0.9143333333333334        -79.08511747480966
0.9144000000000001        -79.09201297477102
0.9144666666666668        -79.1105594007845
0.9145333333333334        -79.14320280092454
0.9146000000000001        -79.18899991730449
0.9146666666666667        -79.24442458776564
0.9147333333333334        -79.30445734744063
0.9148000000000001        -79.36373029863731
0.9148666666666667        -79.41753081514436
0.9149333333333334        -79.46250829428556
0.915                     -79.49699734376054
0.9150666666666667        -79.52096434910091
0.9151333333333334        -79.53567284217193
0.9152                    -79.54321255112417
0.9152666666666667        -79.54603314607222
0.9153333333333333        -79.54657886053737
0.9154                    -79.54706100815378
0.9154666666666667        -79.54935542975917
0.9155333333333333        -79.55498231157179
0.9156                    -79.5651165146252
0.9156666666666666        -79.58058212396251
0.9157333333333333        -79.60180014558519
0.9158                    -79.62868051144235
0.9158666666666666        -79.66047810871501
0.9159333333333333        -79.69566566793549
0.9160000000000001        -79.73190744571204
0.9160666666666668        -79.76623274055814
0.9161333333333335        -79.79548714484164
0.9162000000000001        -79.81706498146686
0.9162666666666668        -79.82980312454168
0.9163333333333334        -79.83478760697908
0.9164000000000001        -79.83576479211388
0.9164666666666668        -79.83891777468666
0.9165333333333334        -79.85195256744919
0.9166000000000001        -79.88264621007258
0.9166666666666667        -79.937140620134
0.9167333333333334        -80.01829478881066
0.9168000000000001        -80.12439163602863
0.9168666666666667        -80.2485137935949
0.9169333333333334        -80.37896856707947
0.917                     -80.50114185704011
0.9170666666666667        -80.60086967174203
0.9171333333333334        -80.66869660600985
0.9172                    -80.70353665203326
0.9172666666666667        -80.71403200799313
0.9173333333333333        -80.7168353019709
0.9174                    -80.73254684574422
0.9174666666666667        -80.78090676474552
0.9175333333333333        -80.87657170586144
0.9176                    -81.02599031366998
0.9176666666666666        -81.22536310925311
0.9177333333333333        -81.45979402703995
0.9178                    -81.70436794268733
0.9178666666666666        -81.9284275446217
0.9179333333333333        -82.10370134461252
0.9179999999999999        -82.21436795729389
0.9180666666666668        -82.26412730585899
0.9181333333333335        -82.27570961009958
0.9182000000000001        -82.2830658114705
0.9182666666666668        -82.32097849456767
0.9183333333333334        -82.41668305047929
0.9184000000000001        -82.58494922600876
0.9184666666666668        -82.82575855953141
0.9185333333333334        -83.12355109037955
0.9186000000000001        -83.44826080301488
0.9186666666666667        -83.75981246885787
0.9187333333333334        -84.01780479531547
0.9188000000000001        -84.19501113408843
0.9188666666666667        -84.28824717937174
0.9189333333333334        -84.31919146672298
0.919                     -84.32451089903293
0.9190666666666667        -84.3421771888151
0.9191333333333334        -84.40103789087102
0.9192                    -84.51580683508206
0.9192666666666667        -84.6861051119616
0.9193333333333333        -84.8978634860721
0.9194                    -85.12658868216008
0.9194666666666667        -85.34288123532328
0.9195333333333333        -85.5201294856106
0.9196                    -85.6424482051362
0.9196666666666666        -85.70930713096315
0.9197333333333333        -85.73427608910868
0.9198                    -85.73878676177209
0.9198666666666666        -85.74450415742676
0.9199333333333333        -85.76757415931219
0.9199999999999999        -85.81593668753331
0.9200666666666668        -85.88928912048915
0.9201333333333335        -85.98081776721465
0.9202000000000001        -86.07993464295708
0.9202666666666668        -86.17537242196818
0.9203333333333334        -86.25795476471302
0.9204000000000001        -86.32236861227646
0.9204666666666668        -86.36754706812923
0.9205333333333334        -86.39579380874
0.9206000000000001        -86.41123793853566
0.9206666666666667        -86.41832095327294
0.9207333333333334        -86.42078494425633
0.9208000000000001        -86.42127655018741
0.9208666666666667        -86.4214207143601
0.9209333333333334        -86.42212880566666
0.921                     -86.42394627384215
0.9210666666666667        -86.42733432549305
0.9211333333333334        -86.43285267707518
0.9212                    -86.44123985178389
0.9212666666666667        -86.45338439168528
0.9213333333333333        -86.47017413895641
0.9214                    -86.49222618336768
0.9214666666666667        -86.51954203482711
0.9215333333333333        -86.55118569701918
0.9216                    -86.58512146114998
0.9216666666666666        -86.61834937237376
0.9217333333333333        -86.64742258254684
0.9218                    -86.66931835587975
0.9218666666666666        -86.6824848298193
0.9219333333333333        -86.68775610129872
0.9219999999999999        -86.68879586568141
0.9220666666666668        -86.69183869983769
0.9221333333333335        -86.70470908820704
0.9222000000000001        -86.73530429825531
0.9222666666666668        -86.78983610051725
0.9223333333333334        -86.87113416060183
0.9224000000000001        -86.97729805113433
0.9224666666666668        -87.10102904961389
0.9225333333333334        -87.23007921372948
0.9226000000000001        -87.34927679389625
0.9226666666666667        -87.44424704629228
0.9227333333333334        -87.506081611865
0.9228000000000001        -87.53519914034372
0.9228666666666667        -87.54244469601511
0.9229333333333334        -87.54666957473005
0.923                     -87.569805678811
0.9230666666666667        -87.63132878589755
0.9231333333333334        -87.74356218990522
0.9232                    -87.90836893067433
0.9232666666666667        -88.1153945831885
0.9233333333333333        -88.34242258865005
0.9234                    -88.55908030970248
0.9234666666666667        -88.73487206882606
0.9235333333333333        -88.85008625642391
0.9236                    -88.90451107236635
0.9236666666666666        -88.91832022350766
0.9237333333333333        -88.92434458736719
0.9238                    -88.95659132966139
0.9238666666666666        -89.04053542686577
0.9239333333333333        -89.1874138439481
0.9239999999999999        -89.39205949765494
0.9240666666666668        -89.63359378530387
0.9241333333333335        -89.87946153428356
0.9242000000000001        -90.09380764537113
0.9242666666666668        -90.24926605695498
0.9243333333333335        -90.33731125224872
0.9244000000000001        -90.37079653899566
0.9244666666666668        -90.37687041009687
0.9245333333333334        -90.38510115146377
0.9246000000000001        -90.41730716129466
0.9246666666666667        -90.48228370831445
0.9247333333333334        -90.57530209264934
0.9248000000000001        -90.68126774321327
0.9248666666666667        -90.78058037157862
0.9249333333333334        -90.85639379349935
0.925                     -90.90092451628027
0.9250666666666667        -90.9180772487471
0.9251333333333334        -90.92121517405546
0.9252                    -90.9275270452959
0.9252666666666667        -90.95185642031925
0.9253333333333333        -91.00224561861299
0.9254                    -91.07803967059098
0.9254666666666667        -91.17049229673329
0.9255333333333333        -91.2655488644817
0.9256                    -91.34826215342565
0.9256666666666666        -91.40771563283405
0.9257333333333333        -91.4406961697805
0.9258                    -91.45250568590791
0.9258666666666666        -91.4545734868583
0.9259333333333333        -91.46008999277899
0.9259999999999999        -91.47954764296726
0.9260666666666668        -91.51764240248298
0.9261333333333335        -91.57218376441192
0.9262000000000001        -91.63509568433071
0.9262666666666668        -91.69525033083215
0.9263333333333335        -91.74243887164187
0.9264000000000001        -91.77119278105586
0.9264666666666668        -91.78288903939026
0.9265333333333334        -91.78515299294666
0.9266000000000001        -91.78885806538497
0.9266666666666667        -91.80410645581404
0.9267333333333334        -91.83676779159244
0.9268000000000001        -91.8866307640136
0.9268666666666667        -91.94757230593963
0.9269333333333334        -92.00964497816601
0.927                     -92.06250583941495
0.9270666666666667        -92.09907181641009
0.9271333333333334        -92.1179784249774
0.9272                    -92.12379883891094
0.9272666666666667        -92.1250337979566
0.9273333333333333        -92.13091492171768
0.9274                    -92.14838065965347
0.9274666666666667        -92.18017992822824
0.9275333333333333        -92.22443227955537
0.9276                    -92.27551602691855
0.9276666666666666        -92.32591102569272
0.9277333333333333        -92.36847232186972
0.9278                    -92.39850716840084
0.9278666666666666        -92.41505244206917
0.9279333333333333        -92.42099121964623
0.9279999999999999        -92.42204856872931
0.9280666666666666        -92.4250661033426
0.9281333333333335        -92.4360999806274
0.9282000000000001        -92.45881668014269
0.9282666666666668        -92.49350633629417
0.9283333333333335        -92.53691106168093
0.9284000000000001        -92.58298141224151
0.9284666666666668        -92.6245371021512
0.9285333333333334        -92.65553160292897
0.9286000000000001        -92.67325696887715
0.9286666666666668        -92.67962003441114
0.9287333333333334        -92.68084308805064
0.9288000000000001        -92.6855735930477
0.9288666666666667        -92.70205290858681
0.9289333333333334        -92.73530595650831
0.929                     -92.78522605819411
0.9290666666666667        -92.84616265218224
0.9291333333333334        -92.90832134065246
0.9292                    -92.96086539073671
0.9292666666666667        -92.99593918202137
0.9293333333333333        -93.01213613620264
0.9294                    -93.01582988524598
0.9294666666666667        -93.01967404406113
0.9295333333333333        -93.03893650003698
0.9296                    -93.0871386486411
0.9296666666666666        -93.17230344087116
0.9297333333333333        -93.2944851798289
0.9298                    -93.44485038089074
0.9298666666666666        -93.60661969894416
0.9299333333333333        -93.75833355225726
0.9299999999999999        -93.87953255919479
0.9300666666666666        -93.95765106584234
0.9301333333333335        -93.99338432778244
0.9302000000000001        -94.00174039786839
0.9302666666666668        -94.00821255764633
0.9303333333333335        -94.04219273687816
0.9304000000000001        -94.1304628847158
0.9304666666666668        -94.29226641835426
0.9305333333333334        -94.53581961850888
0.9306000000000001        -94.85546483807653
0.9306666666666668        -95.22923844161272
0.9307333333333334        -95.61829675878033
0.9308000000000001        -95.97180300821864
0.9308666666666667        -96.24097804622048
0.9309333333333334        -96.39996273032743
0.931                     -96.46113439483267
0.9310666666666667        -96.47237702357467
0.9311333333333334        -96.49891334648957
0.9312                    -96.60396486787475
0.9312666666666667        -96.83780554852902
0.9313333333333333        -97.23471972754427
0.9314                    -97.81306130301627
0.9314666666666667        -98.57415420113932
0.9315333333333333        -99.49727671702863
0.9316                    -100.52973142172118
0.9316666666666666        -101.57600004931396
0.9317333333333333        -102.50217132352675
0.9318                    -103.1804493187304
0.9318666666666666        -103.56330573577645
0.9319333333333333        -103.71211684099187
0.9319999999999999        -103.74229988045059
0.9320666666666666        -103.7520132461104
0.9321333333333335        -103.79298545554582
0.9322000000000001        -103.87607706937328
0.9322666666666668        -103.98785468639913
0.9323333333333335        -104.10652723301551
0.9324000000000001        -104.21360626118621
0.9324666666666668        -104.29976591876097
0.9325333333333334        -104.3649336821178
0.9326000000000001        -104.41488714161805
0.9326666666666668        -104.45765915540925
0.9327333333333334        -104.50185956338531
0.9328000000000001        -104.55685447122498
0.9328666666666667        -104.63330849521918
0.9329333333333334        -104.7425314316115
0.933                     -104.89396395096367
0.9330666666666667        -105.09119170831104
0.9331333333333334        -105.32763329708011
0.9332                    -105.58368354301321
0.9332666666666667        -105.82789077450137
0.9333333333333333        -106.02487403124498
0.9334                    -106.14980134775578
0.9334666666666667        -106.20285502324003
0.9335333333333333        -106.21356321875844
0.9336                    -106.23137804225297
0.9336666666666666        -106.30938554045242
0.9337333333333333        -106.49010082259089
0.9338                    -106.79620554818806
0.9338666666666666        -107.22384238677124
0.9339333333333333        -107.73617135610272
0.9339999999999999        -108.2604230773451
0.9340666666666666        -108.70081385877405
0.9341333333333335        -108.97985824466335
0.9342000000000001        -109.0908313920532
0.9342666666666668        -109.11157966248057
0.9343333333333335        -109.16505110527021
0.9344000000000001        -109.37159546805586
0.9344666666666668        -109.82874675514908
0.9345333333333334        -110.6149624489227
0.9346000000000001        -111.80279463802138
0.9346666666666668        -113.47480110073887
0.9347333333333334        -115.74408096442453
0.9348000000000001        -118.79050439499055
0.9348666666666667        -122.95216182797107
0.9349333333333334        -129.10634214869606
0.935                     -Inf
