$MeshFormat
2.2 0 8
$EndMeshFormat
$PhysicalNames
2
1 11 "Absorbing"
2 1 "Domain"
$EndPhysicalNames
$Nodes
1935
1 -5 -5 0
2 5 -5 0
3 5 5 0
4 -5 5 0
5 -4.75 -5 0
6 -4.5 -5 0
7 -4.25 -5 0
8 -4 -5 0
9 -3.75 -5 0
10 -3.5 -5 0
11 -3.25 -5 0
12 -3 -5 0
13 -2.75 -5 0
14 -2.5 -5 0
15 -2.25 -5 0
16 -2 -5 0
17 -1.75 -5 0
18 -1.5 -5 0
19 -1.25 -5 0
20 -1 -5 0
21 -0.75 -5 0
22 -0.5 -5 0
23 -0.25 -5 0
24 0 -5 0
25 0.25 -5 0
26 0.5 -5 0
27 0.75 -5 0
28 1 -5 0
29 1.25 -5 0
30 1.5 -5 0
31 1.75 -5 0
32 2 -5 0
33 2.25 -5 0
34 2.5 -5 0
35 2.75 -5 0
36 3 -5 0
37 3.25 -5 0
38 3.5 -5 0
39 3.75 -5 0
40 4 -5 0
41 4.25 -5 0
42 4.5 -5 0
43 4.75 -5 0
44 5 -4.75 0
45 5 -4.5 0
46 5 -4.25 0
47 5 -4 0
48 5 -3.75 0
49 5 -3.5 0
50 5 -3.25 0
51 5 -3 0
52 5 -2.75 0
53 5 -2.5 0
54 5 -2.25 0
55 5 -2 0
56 5 -1.75 0
57 5 -1.5 0
58 5 -1.25 0
59 5 -1 0
60 5 -0.75 0
61 5 -0.5 0
62 5 -0.25 0
63 5 0 0
64 5 0.25 0
65 5 0.5 0
66 5 0.75 0
67 5 1 0
68 5 1.25 0
69 5 1.5 0
70 5 1.75 0
71 5 2 0
72 5 2.25 0
73 5 2.5 0
74 5 2.75 0
75 5 3 0
76 5 3.25 0
77 5 3.5 0
78 5 3.75 0
79 5 4 0
80 5 4.25 0
81 5 4.5 0
82 5 4.75 0
83 4.75 5 0
84 4.5 5 0
85 4.25 5 0
86 4 5 0
87 3.75 5 0
88 3.5 5 0
89 3.25 5 0
90 3 5 0
91 2.75 5 0
92 2.5 5 0
93 2.25 5 0
94 2 5 0
95 1.75 5 0
96 1.5 5 0
97 1.25 5 0
98 1 5 0
99 0.75 5 0
100 0.5 5 0
101 0.25 5 0
102 0 5 0
103 -0.25 5 0
104 -0.5 5 0
105 -0.75 5 0
106 -1 5 0
107 -1.25 5 0
108 -1.5 5 0
109 -1.75 5 0
110 -2 5 0
111 -2.25 5 0
112 -2.5 5 0
113 -2.75 5 0
114 -3 5 0
115 -3.25 5 0
116 -3.5 5 0
117 -3.75 5 0
118 -4 5 0
119 -4.25 5 0
120 -4.5 5 0
121 -4.75 5 0
122 -5 4.75 0
123 -5 4.5 0
124 -5 4.25 0
125 -5 4 0
126 -5 3.75 0
127 -5 3.5 0
128 -5 3.25 0
129 -5 3 0
130 -5 2.75 0
131 -5 2.5 0
132 -5 2.25 0
133 -5 2 0
134 -5 1.75 0
135 -5 1.5 0
136 -5 1.25 0
137 -5 1 0
138 -5 0.75 0
139 -5 0.5 0
140 -5 0.25 0
141 -5 0 0
142 -5 -0.25 0
143 -5 -0.5 0
144 -5 -0.75 0
145 -5 -1 0
146 -5 -1.25 0
147 -5 -1.5 0
148 -5 -1.75 0
149 -5 -2 0
150 -5 -2.25 0
151 -5 -2.5 0
152 -5 -2.75 0
153 -5 -3 0
154 -5 -3.25 0
155 -5 -3.5 0
156 -5 -3.75 0
157 -5 -4 0
158 -5 -4.25 0
159 -5 -4.5 0
160 -5 -4.75 0
161 -0.1249999999999987 -4.78349364905389 0
162 4.777301014816063 0.1153448205319435 0
163 -0.125 4.783493649053891 0
164 -4.762393551742699 0.1578182424063003 0
165 1.125000000000004 -4.783493649053872 0
166 1.125860616166945 4.765294171327877 0
167 -4.773356408001769 -1.115579298328245 0
168 4.775640434679395 -1.115540967371307 0
169 -1.374139383833054 4.765294171327861 0
170 4.783493649053891 1.375 0
171 -1.375 -4.783493649053883 0
172 -4.783493649053891 1.375 0
173 4.747667179004584 -2.385941395477216 0
174 -4.761247468406364 -2.389676018048825 0
175 2.374999999999976 4.779682966644259 0
176 2.375000000000013 -4.783493649053856 0
177 -2.375000000000001 -4.78349364905389 0
178 -4.779310664629733 2.370113614317391 0
179 4.748727730280506 2.368098008592598 0
180 -2.375000000000029 4.770195279941722 0
181 -3.375000000000001 -4.783493649053892 0
182 -4.783493649053891 3.375 0
183 4.783493649053891 -3.375 0
184 4.776914351120391 3.371206889325386 0
185 3.375000000000006 -4.783493649053868 0
186 -3.375000000000023 4.779682966644252 0
187 -4.788635735307187 -3.378036516302444 0
188 3.374642397059702 4.779577735847737 0
189 4.125000000000012 -4.783493649053844 0
190 -4.125000000000004 -4.783493649053894 0
191 4.787995566249448 4.125 0
192 -4.124934019399861 4.779714007213698 0
193 4.777717488687431 -4.12827538403081 0
194 4.124999999999936 4.7699213596545 0
195 -4.772127984174688 4.110289522973614 0
196 -4.77771748868741 -4.128275384030911 0
197 -2.875000000000001 -4.783493649053892 0
198 -1.875 -4.783493649053886 0
199 -0.8749999999999978 -4.783493649053869 0
200 0.3750000000000129 -4.783493649053863 0
201 1.625000000000017 -4.783493649053839 0
202 2.875000000000011 -4.783493649053854 0
203 4.802143028421832 -2.880475203452907 0
204 4.783493649053891 -1.875 0
205 4.761747278752643 -0.6470704700402207 0
206 4.760408870322937 0.6296580359582397 0
207 4.776570714580679 1.859783395425714 0
208 4.788700918396032 2.875 0
209 2.874119586570281 4.775644999038166 0
210 1.874703641490842 4.77822193555307 0
211 0.626826574649164 4.771792684694852 0
212 -0.62414916804799 4.770331634444806 0
213 -1.869395935887152 4.766746888002552 0
214 -2.875000000000058 4.763676604577485 0
215 -4.762439664742339 2.838850131024822 0
216 -4.774170193836959 1.900632420156228 0
217 -4.774844355414309 0.8971781259183516 0
218 -4.783493649053891 -0.375 0
219 -4.762456282673567 -1.586526922595145 0
220 -4.770224737593492 -2.860387299826308 0
221 -4.615331216351294 -4.78907592389621 0
222 4.615331216351306 -4.789075923896153 0
223 4.784954288486698 4.626032624560975 0
224 -4.615763647771858 4.774759603233303 0
225 -3.125 -4.783493649053892 0
226 -3.000000000000004 -4.566987298107781 0
227 -2.750000000000004 -4.56698729810778 0
228 -2.875000000000007 -4.350480947161671 0
229 -2.625000000000007 -4.350480947161667 0
230 -2.750000000000011 -4.133974596215559 0
231 -2.500000000000011 -4.133974596215554 0
232 -2.625000000000015 -3.917468245269446 0
233 -2.375000000000015 -3.917468245269442 0
234 -2.50000000000002 -3.700961894323335 0
235 -2.250000000000019 -3.70096189432333 0
236 -2.375000000000024 -3.484455543377223 0
237 -2.125000000000023 -3.484455543377218 0
238 -2.250000000000028 -3.267949192431111 0
239 -2.000000000000028 -3.267949192431106 0
240 -2.125000000000033 -3.051442841484999 0
241 -1.875000000000033 -3.051442841484994 0
242 -2.000000000000038 -2.834936490538887 0
243 -1.750000000000037 -2.834936490538882 0
244 -1.875000000000042 -2.618430139592775 0
245 -1.625000000000042 -2.618430139592769 0
246 -1.750000000000047 -2.401923788646662 0
247 -1.500000000000047 -2.401923788646658 0
248 -1.625000000000051 -2.18541743770055 0
249 -1.375000000000051 -2.185417437700546 0
250 -1.500000000000054 -1.968911086754439 0
251 -1.250000000000055 -1.968911086754435 0
252 -1.375000000000058 -1.752404735808327 0
253 -1.125000000000059 -1.752404735808323 0
254 -1.250000000000062 -1.535898384862215 0
255 -1.000000000000061 -1.535898384862211 0
256 -1.125000000000067 -1.319392033916103 0
257 -0.8750000000000648 -1.319392033916099 0
258 -1.000000000000071 -1.102885682969991 0
259 -0.7500000000000686 -1.102885682969987 0
260 -0.8750000000000727 -0.8863793320238798 0
261 -0.6250000000000726 -0.8863793320238755 0
262 -0.7500000000000764 -0.6698729810777682 0
263 -0.5000000000000762 -0.6698729810777638 0
264 -0.6250000000000799 -0.4533666301316565 0
265 -0.3750000000000799 -0.4533666301316521 0
266 -0.250000000000076 -0.6698729810777593 0
267 -0.12500000000008 -0.4533666301316473 0
268 -7.572925195287714e-14 -0.6698729810777544 0
269 -0.2500000000000841 -0.2368602791855401 0
270 -8.416878305439468e-14 -0.2368602791855353 0
271 -0.1250000000000913 -0.02035392823942635 0
272 0.1249999999999111 -0.02035392823942297 0
273 -9.606667313496094e-14 0.1961524227066861 0
274 0.2499999999999068 0.1961524227066891 0
275 0.1249999999999006 0.4126587736527985 0
276 0.3749999999999026 0.4126587736528011 0
277 -0.1250000000001051 0.412658773652797 0
278 0.4999999999999074 0.1961524227066938 0
279 0.624999999999903 0.4126587736528056 0
280 0.7499999999999076 0.1961524227066986 0
281 -0.8750000000000799 -0.4533666301316605 0
282 0.249999999999896 0.6291651245989135 0
283 0.8749999999999032 0.4126587736528105 0
284 0.9999999999999074 0.196152422706703 0
285 -0.8750000000000588 -1.75240473580832 0
286 1.124999999999903 0.4126587736528148 0
287 1.249999999999908 0.1961524227067075 0
288 1.374999999999903 0.4126587736528198 0
289 1.249999999999899 0.629165124598927 0
290 -1.375000000000075 -1.319392033916106 0
291 1.499999999999899 0.6291651245989323 0
292 1.374999999999894 0.845671475545039 0
293 1.499999999999909 0.196152422706714 0
294 1.624999999999894 0.845671475545045 0
295 1.499999999999889 1.062177826491152 0
296 1.749999999999889 1.062177826491158 0
297 1.624999999999883 1.278684177437265 0
298 -1.875000000000049 -2.185417437700556 0
299 1.874999999999885 1.27868417743727 0
300 1.749999999999877 1.495190528383378 0
301 1.999999999999895 1.062177826491161 0
302 1.999999999999884 1.495190528383386 0
303 1.874999999999877 1.711696879329493 0
304 1.624999999999872 1.711696879329485 0
305 1.749999999999865 1.928203230275597 0
306 1.499999999999866 1.92820323027559 0
307 1.999999999999876 1.928203230275602 0
308 -1.375000000000044 -2.618430139592768 0
309 1.374999999999912 -0.0203539282393994 0
310 1.624999999999914 -0.02035392823939304 0
311 1.499999999999917 -0.2368602791855065 0
312 1.749999999999918 -0.2368602791855007 0
313 1.624999999999922 -0.4533666301316136 0
314 1.874999999999923 -0.4533666301316073 0
315 1.749999999999928 -0.6698729810777204 0
316 1.999999999999928 -0.6698729810777143 0
317 1.874999999999933 -0.8863793320238267 0
318 2.124999999999933 -0.8863793320238206 0
319 1.999999999999938 -1.102885682969933 0
320 2.124999999999926 -0.4533666301316019 0
321 2.249999999999939 -1.102885682969927 0
322 2.124999999999943 -1.31939203391604 0
323 1.874999999999943 -1.319392033916045 0
324 1.999999999999948 -1.535898384862152 0
325 1.749999999999947 -1.535898384862157 0
326 1.874999999999952 -1.752404735808264 0
327 2.124999999999952 -1.752404735808259 0
328 1.999999999999958 -1.96891108675437 0
329 1.749999999999957 -1.968911086754372 0
330 2.249999999999957 -1.968911086754366 0
331 1.624999999999862 2.144709581221702 0
332 1.374999999999862 2.144709581221698 0
333 2.124999999999963 -2.185417437700478 0
334 2.374999999999962 -2.185417437700472 0
335 -2.375000000000032 -3.051442841485003 0
336 1.499999999999861 2.361215932167808 0
337 1.249999999999858 2.361215932167805 0
338 2.249999999999968 -2.401923788646584 0
339 2.499999999999966 -2.40192378864658 0
340 2.624999999999962 -2.185417437700467 0
341 1.374999999999854 2.577722283113918 0
342 1.124999999999854 2.577722283113913 0
343 1.624999999999858 2.577722283113919 0
344 0.9999999999998582 2.361215932167801 0
345 0.8749999999998543 2.577722283113909 0
346 0.7499999999998583 2.361215932167797 0
347 0.6249999999998543 2.577722283113908 0
348 0.4999999999998583 2.361215932167792 0
349 0.374999999999854 2.577722283113905 0
350 0.2499999999998581 2.361215932167789 0
351 0.1249999999998546 2.577722283113896 0
352 -1.41909202546533e-13 2.361215932167785 0
353 -0.1250000000001441 2.577722283113895 0
354 -0.2500000000001419 2.361215932167783 0
355 -0.3750000000001443 2.577722283113892 0
356 -0.5000000000001417 2.361215932167779 0
357 -0.6250000000001454 2.577722283113886 0
358 -0.7500000000001419 2.361215932167775 0
359 -0.875000000000145 2.577722283113882 0
360 -1.000000000000142 2.36121593216777 0
361 -1.125000000000145 2.577722283113878 0
362 -1.250000000000142 2.361215932167767 0
363 -1.375000000000144 2.577722283113875 0
364 -1.500000000000142 2.361215932167763 0
365 -1.625000000000145 2.577722283113871 0
366 -1.750000000000141 2.361215932167759 0
367 -1.875000000000145 2.577722283113868 0
368 -2.000000000000142 2.361215932167756 0
369 -1.875000000000138 2.144709581221648 0
370 -2.125000000000145 2.577722283113864 0
371 -2.125000000000138 2.144709581221645 0
372 -2.000000000000135 1.928203230275537 0
373 -2.250000000000135 1.928203230275533 0
374 -2.125000000000131 1.711696879329425 0
375 -2.375000000000131 1.711696879329422 0
376 -2.250000000000128 1.495190528383314 0
377 -2.500000000000137 1.928203230275526 0
378 -2.500000000000128 1.49519052838331 0
379 -2.375000000000126 1.278684177437202 0
380 -2.625000000000125 1.278684177437199 0
381 -2.500000000000124 1.062177826491091 0
382 -2.750000000000123 1.062177826491088 0
383 -2.62500000000012 0.8456714755449802 0
384 -2.125000000000125 1.278684177437206 0
385 -2.750000000000021 -3.70096189432334 0
386 2.374999999999971 -2.618430139592692 0
387 2.12499999999997 -2.618430139592692 0
388 2.62499999999997 -2.618430139592686 0
389 -2.87500000000012 0.8456714755449763 0
390 -2.750000000000116 0.6291651245988683 0
391 -1.000000000000145 2.794228634059993 0
392 0.249999999999854 2.794228634060022 0
393 1.499999999999851 2.794228634060029 0
394 1.749999999999851 2.794228634060032 0
395 -2.875000000000127 1.278684177437195 0
396 -0.8750000000001381 2.144709581221663 0
397 -2.000000000000148 2.794228634059976 0
398 -2.250000000000147 2.794228634059972 0
399 2.499999999999975 -2.834936490538799 0
400 2.749999999999976 -2.834936490538793 0
401 -1.750000000000026 -3.267949192431102 0
402 -2.500000000000116 0.629165124598873 0
403 -2.625000000000113 0.4126587736527608 0
404 -2.875000000000114 0.4126587736527572 0
405 -2.750000000000111 0.1961524227066496 0
406 -3.000000000000111 0.1961524227066466 0
407 -2.875000000000107 -0.02035392823946154 0
408 -2.625000000000107 -0.02035392823945802 0
409 -2.750000000000104 -0.2368602791855696 0
410 -3.000000000000104 -0.2368602791855733 0
411 -2.875000000000102 -0.453366630131681 0
412 1.624999999999848 3.010734985006141 0
413 1.874999999999848 3.010734985006144 0
414 -2.125000000000151 3.010734985006084 0
415 -2.37500000000015 3.010734985006081 0
416 -3.1250000000001 -0.4533666301316853 0
417 -3.000000000000098 -0.6698729810777928 0
418 2.62499999999998 -3.051442841484906 0
419 2.874999999999981 -3.0514428414849 0
420 2.999999999999976 -2.834936490538787 0
421 3.124999999999981 -3.051442841484893 0
422 1.499999999999928 -0.6698729810777262 0
423 3.249999999999976 -2.834936490538779 0
424 -3.250000000000097 -0.6698729810777979 0
425 -3.125000000000093 -0.8863793320239048 0
426 -2.500000000000103 -0.2368602791855659 0
427 -2.875000000000094 -0.8863793320239004 0
428 -3.00000000000009 -1.102885682970011 0
429 -3.250000000000089 -1.102885682970016 0
430 -3.125000000000078 -1.319392033916126 0
431 -0.1250000000001395 2.144709581221674 0
432 0.6249999999998622 2.144709581221684 0
433 -2.250000000000154 3.227241335952192 0
434 -2.500000000000153 3.227241335952189 0
435 -2.625000000000151 3.010734985006077 0
436 -2.750000000000153 3.227241335952185 0
437 -2.87500000000015 3.010734985006073 0
438 -3.000000000000154 3.227241335952181 0
439 -3.12500000000015 3.010734985006071 0
440 -3.250000000000151 3.227241335952178 0
441 1.749999999999845 3.227241335952254 0
442 1.999999999999845 3.227241335952257 0
443 2.124999999999848 3.010734985006149 0
444 2.249999999999845 3.22724133595226 0
445 2.374999999999849 3.010734985006153 0
446 2.499999999999844 3.227241335952265 0
447 2.624999999999849 3.01073498500616 0
448 2.749999999999843 3.22724133595227 0
449 2.874999999999849 3.010734985006165 0
450 2.999999999999844 3.227241335952277 0
451 3.124999999999848 3.010734985006171 0
452 2.999999999999854 2.794228634060058 0
453 1.499999999999845 3.22724133595225 0
454 3.249999999999844 3.227241335952282 0
455 3.249999999999856 2.794228634060066 0
456 3.124999999999861 2.577722283113951 0
457 -3.375000000000101 -0.453366630131691 0
458 2.999999999999986 -3.267949192431008 0
459 3.249999999999986 -3.267949192431 0
460 -2.000000000000154 3.227241335952196 0
461 -3.37500000000015 3.010734985006068 0
462 3.374999999999862 2.57772228311396 0
463 3.249999999999865 2.361215932167845 0
464 -3.375000000000084 -1.319392033916129 0
465 -3.250000000000071 -1.535898384862239 0
466 -2.75000000000009 -1.102885682970007 0
467 -3.500000000000078 -1.535898384862243 0
468 -3.375000000000072 -1.752404735808349 0
469 3.499999999999871 2.361215932167854 0
470 3.374999999999871 2.144709581221738 0
471 -3.25000000000015 2.79422863405996 0
472 1.249999999999889 1.062177826491146 0
473 1.624999999999842 3.443747686898362 0
474 1.374999999999842 3.443747686898359 0
475 -3.125000000000155 3.44374768689829 0
476 -3.375000000000155 3.443747686898288 0
477 -2.125000000000158 3.443747686898304 0
478 -1.875000000000158 3.443747686898308 0
479 2.624999999999838 3.443747686898377 0
480 -3.50000000000015 2.794228634059957 0
481 -3.375000000000147 2.577722283113849 0
482 3.124999999999991 -3.484455543377113 0
483 3.374999999999991 -3.484455543377107 0
484 -3.125000000000068 -1.752404735808345 0
485 -3.250000000000068 -1.968911086754455 0
486 -3.500000000000068 -1.968911086754461 0
487 -3.375000000000063 -2.185417437700568 0
488 -3.625000000000064 -2.185417437700573 0
489 -3.50000000000006 -2.40192378864668 0
490 -3.625000000000084 -1.319392033916135 0
491 1.499999999999839 3.660254037844469 0
492 1.249999999999839 3.660254037844466 0
493 3.624999999999869 2.577722283113968 0
494 -3.625000000000149 2.577722283113848 0
495 -3.500000000000146 2.361215932167738 0
496 3.624999999999878 2.144709581221747 0
497 3.499999999999878 1.928203230275632 0
498 3.249999999999877 1.928203230275625 0
499 3.374999999999883 1.711696879329519 0
500 3.624999999999883 1.711696879329525 0
501 3.499999999999888 1.495190528383412 0
502 3.249999999999889 1.495190528383406 0
503 3.374999999999894 1.278684177437299 0
504 3.624999999999893 1.278684177437306 0
505 3.499999999999898 1.062177826491193 0
506 3.249999999999898 1.062177826491186 0
507 3.374999999999903 0.8456714755450798 0
508 3.124999999999904 0.8456714755450737 0
509 3.249999999999909 0.6291651245989673 0
510 2.999999999999909 0.6291651245989606 0
511 3.124999999999915 0.4126587736528542 0
512 3.374999999999915 0.4126587736528616 0
513 3.249999999999919 0.1961524227067477 0
514 3.499999999999921 0.1961524227067553 0
515 3.374999999999926 -0.02035392823935811 0
516 3.624999999999926 -0.02035392823935105 0
517 3.499999999999932 -0.2368602791854641 0
518 -3.125000000000059 -2.185417437700565 0
519 3.249999999999931 -0.2368602791854712 0
520 3.374999999999938 -0.4533666301315772 0
521 3.624999999999938 -0.4533666301315702 0
522 3.499999999999944 -0.6698729810776833 0
523 2.874999999999915 0.4126587736528471 0
524 -3.750000000000061 -2.401923788646685 0
525 -3.625000000000057 -2.618430139592792 0
526 -3.750000000000149 2.361215932167738 0
527 -3.625000000000146 2.144709581221629 0
528 -2.000000000000161 3.660254037844417 0
529 -1.750000000000162 3.660254037844421 0
530 -3.250000000000157 3.660254037844399 0
531 -3.500000000000157 3.660254037844395 0
532 3.749999999999945 -0.6698729810776762 0
533 3.624999999999952 -0.8863793320237898 0
534 3.37499999999995 -0.886379332023796 0
535 3.499999999999955 -1.102885682969901 0
536 3.749999999999898 1.062177826491199 0
537 3.749999999999921 0.1961524227067622 0
538 3.749999999999957 -1.102885682969896 0
539 3.624999999999963 -1.319392033916009 0
540 3.37499999999996 -1.319392033916015 0
541 3.499999999999967 -1.535898384862123 0
542 -3.750000000000148 2.794228634059955 0
543 3.749999999999969 -1.535898384862115 0
544 3.624999999999974 -1.752404735808229 0
545 3.249999999999996 -3.700961894323222 0
546 2.999999999999996 -3.700961894323226 0
547 3.499999999999996 -3.700961894323216 0
548 3.624999999999991 -3.484455543377102 0
549 3.749999999999996 -3.700961894323209 0
550 -2.125000000000013 -3.917468245269438 0
551 -3.375000000000054 -2.618430139592788 0
552 -3.500000000000052 -2.8349364905389 0
553 -3.750000000000053 -2.834936490538905 0
554 -3.625000000000048 -3.051442841485013 0
555 -1.875000000000132 1.71169687932943 0
556 2.37499999999998 -3.051442841484911 0
557 1.749999999999903 0.629165124598936 0
558 3.124999999999839 3.443747686898388 0
559 3.37499999999984 3.443747686898393 0
560 3.249999999999837 3.660254037844502 0
561 3.499999999999837 3.660254037844505 0
562 3.62499999999984 3.443747686898397 0
563 3.749999999999837 3.660254037844509 0
564 2.999999999999899 1.062177826491179 0
565 3.124999999999935 -0.4533666301315818 0
566 2.999999999999866 2.361215932167838 0
567 0.874999999999912 -0.02035392823940882 0
568 -0.6250000000000642 -1.319392033916095 0
569 1.124999999999842 3.443747686898355 0
570 0.9999999999998395 3.660254037844462 0
571 -2.375000000000113 0.4126587736527654 0
572 2.374999999999944 -1.319392033916034 0
573 -1.625000000000067 -1.752404735808329 0
574 -1.125000000000053 -2.18541743770055 0
575 -0.3750000000000929 -0.02035392823943188 0
576 -1.125000000000079 -0.8863793320238825 0
577 -2.125000000000041 -2.61843013959278 0
578 1.749999999999839 3.660254037844474 0
579 -3.000000000000019 -4.133974596215561 0
580 -3.125000000000113 0.4126587736527543 0
581 -2.625000000000156 3.443747686898297 0
582 -3.750000000000069 -1.968911086754467 0
583 -0.5000000000001447 2.794228634060007 0
584 1.874999999999917 -0.02035392823938801 0
585 3.874999999999939 -0.4533666301315633 0
586 -3.873782315522861 -3.052145871945709 0
587 -3.749797052587179 -3.268066364174574 0
588 3.874999999999841 3.443747686898402 0
589 3.874999999999894 1.278684177437312 0
590 -3.872906757202098 2.143501046928694 0
591 -3.749651126200471 1.928001807893363 0
592 3.87499999999999 -3.484455543377095 0
593 1.624999999999834 3.876760388790581 0
594 1.874999999999834 3.876760388790586 0
595 3.624999999999834 3.876760388790617 0
596 3.874999999999835 3.876760388790621 0
597 3.874999999999974 -1.752404735808222 0
598 3.74999999999998 -1.968911086754335 0
599 3.625000000000002 -3.917468245269323 0
600 3.875000000000002 -3.917468245269315 0
601 3.125000000000002 -3.917468245269333 0
602 2.875000000000002 -3.917468245269339 0
603 3.499999999999975 -1.968911086754341 0
604 -3.375000000000044 -3.05144284148501 0
605 -3.375000000000142 2.144709581221629 0
606 3.249999999999968 -1.535898384862129 0
607 -1.625000000000158 3.443747686898313 0
608 -1.500000000000162 3.660254037844426 0
609 -1.625000000000167 3.876760388790533 0
610 -1.375000000000167 3.876760388790538 0
611 -1.250000000000162 3.660254037844432 0
612 -1.125000000000167 3.876760388790544 0
613 -1.000000000000162 3.660254037844439 0
614 -0.8750000000001685 3.876753037084326 0
615 -0.7500000000001622 3.660252812560075 0
616 -0.6250000000001692 3.87673485421138 0
617 -0.5000000000001621 3.660249577867197 0
618 -0.3750000000001686 3.876738636323308 0
619 -0.2500000000001618 3.66024966910371 0
620 -0.1293799007327872 3.874227298388906 0
621 -0.0007299834555975122 3.6598311279874 0
622 0.1249999999998315 3.876760388790584 0
623 0.8749999999998423 3.443747686898351 0
624 -3.125000000000141 2.577722283113847 0
625 2.499999999999939 -1.102885682969921 0
626 2.249999999999855 2.794228634060041 0
627 -3.37500000000016 3.876760388790507 0
628 -3.62500000000016 3.876760388790503 0
629 -3.750000000000157 3.660254037844391 0
630 -3.125000000000159 3.876760388790509 0
631 -3.875000000000161 3.876760388790498 0
632 1.124999999999836 3.876760388790574 0
633 3.999999999999898 1.062177826491205 0
634 3.999999999999968 -1.53589838486211 0
635 3.99999999999998 -1.968911086754328 0
636 3.874999999999985 -2.185417437700441 0
637 2.749999999999909 0.6291651245989542 0
638 2.624999999999914 0.4126587736528418 0
639 3.999999999999945 -0.6698729810776693 0
640 -3.999630197862911 -2.83483552623292 0
641 -3.750000000000165 4.09326673973661 0
642 -1.000000000000174 4.093266739736658 0
643 3.749997262246538 4.093268320379328 0
644 3.499996805954323 4.093253267165037 0
645 -3.997786195384581 2.35462796161675 0
646 -4.000000000000156 3.660254037844385 0
647 3.999999543707613 4.093267003177167 0
648 -4.000000000000165 4.093266739736606 0
649 -3.997499737769139 1.926759703203401 0
650 -3.874525143995032 1.711422721087029 0
651 -3.624929954948718 1.711656438800112 0
652 -3.749909183157389 1.495138095254686 0
653 4.123110922393696 3.876467034565592 0
654 -3.995652601457985 -3.267157119464827 0
655 -3.874241609007552 -3.484343059840095 0
656 -3.624839776932481 -3.484456324744952 0
657 -3.750000000000036 -3.700961894323345 0
658 -3.999873601501287 -3.700943147067159 0
659 -3.874978933583574 -3.917465120726757 0
660 -3.999905721192167 1.495136096488135 0
661 -3.874969150725024 1.278666366599893 0
662 3.750000000000009 -4.133974596215428 0
663 4.000000000000009 -4.13397459621542 0
664 4.125000000000002 -3.917468245269307 0
665 -3.624979722313833 1.278672470109536 0
666 -3.749991478839901 1.062172906796919 0
667 -3.999993438260918 1.062174038069169 0
668 -3.874997486183555 0.8456700241922892 0
669 -0.1251216639093944 3.44367647379872 0
670 -3.250000000000112 0.1961524227066447 0
671 -0.1250000000000716 -0.8863793320238664 0
672 0.1249999999999286 -0.8863793320238613 0
673 -6.728519590862642e-14 -1.102885682969973 0
674 0.2499999999999328 -1.102885682969969 0
675 0.1249999999999371 -1.31939203391608 0
676 0.3749999999999371 -1.319392033916076 0
677 0.2499999999999411 -1.535898384862187 0
678 0.4999999999999413 -1.535898384862183 0
679 0.3749999999999452 -1.752404735808295 0
680 0.624999999999945 -1.752404735808291 0
681 0.4999999999999498 -1.968911086754402 0
682 0.2499999999999498 -1.968911086754408 0
683 0.3749999999999546 -2.185417437700514 0
684 0.1249999999999546 -2.18541743770052 0
685 0.2499999999999602 -2.401923788646627 0
686 0.4999999999999594 -2.401923788646621 0
687 0.3749999999999656 -2.618430139592734 0
688 0.1249999999999662 -2.618430139592741 0
689 0.2499999999999723 -2.834936490538847 0
690 0.4999999999999714 -2.834936490538839 0
691 0.3749999999999783 -3.051442841484953 0
692 0.1249999999999779 -3.051442841484958 0
693 0.6249999999999787 -3.051442841484945 0
694 0.4999999999999859 -3.26794919243106 0
695 0.7499999999999867 -3.267949192431051 0
696 0.624999999999994 -3.484455543377165 0
697 0.8749999999999944 -3.484455543377156 0
698 0.8749999999999782 -3.051442841484937 0
699 0.7500000000000023 -3.70096189432327 0
700 1.000000000000003 -3.70096189432326 0
701 0.5000000000000019 -3.700961894323279 0
702 0.7499999999999418 -1.535898384862179 0
703 0.4999999999999343 -1.102885682969964 0
704 0.749999999999949 -1.968911086754395 0
705 1.124999999999994 -3.484455543377146 0
706 1.250000000000003 -3.70096189432325 0
707 1.374999999999994 -3.484455543377137 0
708 1.500000000000004 -3.70096189432324 0
709 1.375000000000013 -3.917468245269355 0
710 1.625000000000014 -3.917468245269341 0
711 0.6250000000000102 -3.917468245269384 0
712 0.3750000000000102 -3.917468245269394 0
713 -5.018202002302293e-14 -1.968911086754413 0
714 -0.1250000000000456 -2.185417437700525 0
715 0.2499999999999249 -0.6698729810777495 0
716 1.750000000000004 -3.700961894323231 0
717 1.875000000000014 -3.917468245269331 0
718 0.2500000000000019 -3.700961894323289 0
719 0.1250000000000102 -3.917468245269403 0
720 1.951140284402237e-15 -3.700961894323299 0
721 -0.1249999999999894 -3.917468245269413 0
722 -0.2499999999999976 -3.700961894323308 0
723 -0.3749999999999892 -3.917468245269423 0
724 -0.4999999999999978 -3.700961894323318 0
725 -0.6249999999999927 -3.917468245269431 0
726 -0.7499999999999979 -3.700961894323329 0
727 -0.6250000000000064 -3.484455543377214 0
728 -0.8749999999999931 -3.917468245269437 0
729 -0.8750000000000069 -3.484455543377226 0
730 -0.750000000000017 -3.267949192431109 0
731 3.749999999999986 -3.267949192430989 0
732 3.999999999999984 -3.267949192430982 0
733 3.874999999999986 -3.051442841484874 0
734 -2.375000000000143 2.577722283113862 0
735 2.749999999999918 0.1961524227067346 0
736 1.374999999999871 1.711696879329479 0
737 -3.500000000000096 -0.6698729810778026 0
738 -3.625000000000102 -0.453366630131697 0
739 -3.750000000000097 -0.669872981077809 0
740 -3.875000000000101 -0.4533666301317029 0
741 -4.000000000000096 -0.6698729810778153 0
742 -3.750000000000107 -0.2368602791855905 0
743 -4.000000000000107 -0.2368602791855967 0
744 -3.875000000000113 -0.02035392823948395 0
745 -2.625000000000093 -0.8863793320238971 0
746 -2.50000000000009 -1.102885682970005 0
747 -2.375000000000092 -0.8863793320238952 0
748 -2.25000000000009 -1.102885682970004 0
749 -2.375000000000084 -1.319392033916111 0
750 -2.125000000000092 -0.8863793320238931 0
751 2.499999999999984 -3.267949192431019 0
752 3.12499999999997 -2.618430139592673 0
753 0.7499999999998962 0.6291651245989185 0
754 -1.375000000000139 2.144709581221656 0
755 0.8749999999998362 3.87676038879057 0
756 -1.00000000000002 -3.267949192431117 0
757 -1.125000000000017 -3.48445554337722 0
758 -0.8750000000000272 -3.051442841485005 0
759 -0.6250000000000271 -3.051442841484994 0
760 -0.7500000000000371 -2.834936490538889 0
761 1.624999999999943 -1.319392033916051 0
762 1.499999999999947 -1.535898384862163 0
763 1.374999999999943 -1.319392033916056 0
764 -2.250000000000116 0.6291651245988776 0
765 -2.125000000000113 0.41265877365277 0
766 -2.000000000000116 0.629165124598882 0
767 -1.875000000000113 0.4126587736527744 0
768 -1.750000000000116 0.629165124598886 0
769 -1.625000000000113 0.4126587736527778 0
770 -1.500000000000116 0.6291651245988897 0
771 -1.75000000000011 0.1961524227066667 0
772 -1.375000000000109 0.4126587736527793 0
773 -1.250000000000115 0.6291651245988932 0
774 -1.37500000000012 0.8456714755450015 0
775 -1.12500000000012 0.8456714755450052 0
776 -1.250000000000123 1.062177826491113 0
777 -1.000000000000123 1.062177826491117 0
778 -1.000000000000113 0.6291651245988954 0
779 -1.125000000000127 1.278684177437225 0
780 -0.8750000000001269 1.278684177437228 0
781 -0.7500000000001236 1.062177826491121 0
782 -0.6250000000001269 1.278684177437232 0
783 -0.5000000000001236 1.062177826491124 0
784 -0.3750000000001269 1.278684177437236 0
785 -0.5000000000001305 1.495190528383344 0
786 -0.4999999999999896 -4.133974596215527 0
787 -0.2500000000001303 1.495190528383347 0
788 -0.1250000000001269 1.27868417743724 0
789 -1.301363204496311e-13 1.495190528383351 0
790 0.1249999999998729 1.278684177437244 0
791 0.24999999999987 1.495190528383354 0
792 0.3749999999998728 1.278684177437247 0
793 0.4999999999998699 1.495190528383358 0
794 0.1248580587723997 3.443665333072246 0
795 4.124999999999939 -0.4533666301315558 0
796 -4.12499848740751 0.8456706022492033 0
797 -1.50000000000017 4.093266739736645 0
798 -1.75000000000017 4.093266739736641 0
799 -0.2559864430649046 4.089620619919828 0
800 0.9999999999998324 4.093266739736682 0
801 0.7524725079883887 4.091839236583911 0
802 1.749999999999828 4.093266739736693 0
803 1.999999999999828 4.093266739736699 0
804 -3.250000000000164 4.093266739736618 0
805 -3.000000000000162 4.093266739736621 0
806 -4.124975422514162 -3.917464599969647 0
807 4.124999999999986 -2.185417437700435 0
808 4.12499999999998 -3.051442841484867 0
809 -4.125000000000112 -0.02035392823949032 0
810 4.124999999999895 1.278684177437317 0
811 4.249999999999899 1.062177826491211 0
812 4.124999999999904 0.8456714755450989 0
813 1.750000000000023 -4.133974596215445 0
814 2.000000000000022 -4.133974596215435 0
815 2.125000000000011 -3.917468245269322 0
816 2.250000000000021 -4.133974596215426 0
817 3.000000000000008 -4.133974596215443 0
818 0.5000000000000169 -4.133974596215498 0
819 0.7500000000000175 -4.133974596215491 0
820 1.908858034976272e-14 -4.133974596215518 0
821 -3.499995200192377 1.062175055320772 0
822 -2.000000000000091 -1.102885682970002 0
823 -1.875000000000092 -0.8863793320238906 0
824 -2.000000000000095 -0.6698729810777821 0
825 -1.750000000000094 -0.6698729810777798 0
826 -3.375000000000114 0.4126587736527529 0
827 -3.499973296155444 -3.700962024551293 0
828 2.624999999999946 -1.319392033916029 0
829 2.749999999999941 -1.102885682969916 0
830 2.624999999999934 -0.8863793320238083 0
831 2.499999999999909 0.6291651245989487 0
832 0.6249999999998745 1.278684177437249 0
833 -0.8750000000001565 3.443747482684271 0
834 3.374999999999973 -2.618430139592668 0
835 -0.5000000000000366 -2.834936490538878 0
836 -0.6250000000000439 -2.618430139592772 0
837 -3.999999328931925 0.6291647371574489 0
838 -4.249999636056661 0.6291649144759882 0
839 2.499999999999918 0.1961524227067298 0
840 2.624999999999922 -0.02035392823937746 0
841 -1.875000000000097 -0.4533666301316712 0
842 -1.625000000000096 -0.4533666301316688 0
843 -1.500000000000146 2.794228634059984 0
844 -0.2500000000000498 -1.968911086754418 0
845 0.7499999999998519 2.794228634060023 0
846 0.7499999999998727 1.495190528383358 0
847 2.124999999999833 3.876760388790592 0
848 2.249999999999828 4.093266739736704 0
849 -1.500000000000123 1.062177826491109 0
850 -1.00000000000013 1.495190528383336 0
851 -1.25000000000013 1.495190528383332 0
852 3.749999999999846 3.227241335952292 0
853 3.999999999999848 3.227241335952297 0
854 -3.875000000000151 3.443747686898278 0
855 -4.12500000000015 3.443747686898271 0
856 -4.250000000000161 3.660254037844382 0
857 3.999999999999988 -2.401923788646547 0
858 -4.000000000000024 -4.13397459621557 0
859 -3.749996488930615 -4.133974075458446 0
860 2.249999999999984 -3.267949192431021 0
861 -4.249974837335932 -3.702819869385305 0
862 -4.249998654278171 1.062177049538137 0
863 4.249999999999944 -0.6698729810776602 0
864 4.249999999999988 -2.401923788646542 0
865 -4.249995903752382 -4.133973988665607 0
866 4.250000000000009 -4.133974596215412 0
867 3.874996729905613 4.309774978672611 0
868 4.124999378935417 4.309773449254547 0
869 -3.875000000000169 4.316020849666146 0
870 -4.125000000000167 4.317062142830048 0
871 -3.125000000000169 4.316020849666156 0
872 -2.875000000000168 4.311347332135457 0
873 -2.75000000000016 4.093529113312082 0
874 -2.625000000000168 4.310612141476257 0
875 -2.500000000000162 4.093450310464799 0
876 -2.37500000000017 4.30994352760303 0
877 -1.622505208175793 4.308332721951373 0
878 0.8700611867310096 4.31359488021002 0
879 0.6169280658937777 4.30403601798033 0
880 1.124176864455025 4.310410055603999 0
881 2.124999999999823 4.309773090682811 0
882 2.374999999999821 4.316020849666228 0
883 2.499999999999827 4.094308032900612 0
884 2.624999999999822 4.317235691690786 0
885 2.749999999999828 4.094684055432026 0
886 2.874119586570164 4.317928695814236 0
887 -4.250000000000107 -0.2368602791856032 0
888 4.249999999999985 -3.267949192430974 0
889 4.24999999999998 -1.968911086754323 0
890 4.375000000000002 -3.917468245269299 0
891 1.87500000000003 -4.350480947161549 0
892 1.625000000000027 -4.350480947161561 0
893 3.875000000000017 -4.350480947161533 0
894 3.625000000000018 -4.350480947161542 0
895 0.6250000000000228 -4.350480947161603 0
896 0.8750000000000214 -4.350480947161596 0
897 -1.125000000000032 -3.051442841485003 0
898 -0.375000000000046 -2.18541743770053 0
899 -1.205470908279456e-13 1.062177826491132 0
900 -3.374995820417798 1.278681764354192 0
901 -2.375000000000005 -4.350480947161659 0
902 3.249999999999965 -2.401923788646561 0
903 -4.250000000000166 4.09448158176116 0
904 -4.374476119078497 4.311492869169181 0
905 -4.393418959665792e-05 3.227215741464625 0
906 0.2499690207637034 3.22722334456663 0
907 -0.2500275996832634 3.227225201354367 0
908 -0.37500000000004 -2.618430139592758 0
909 -1.625000000000092 -0.8863793320238885 0
910 0.6278845926531541 3.875094968445677 0
911 -3.37496884551468 -3.484455695309843 0
912 -3.250000000000037 -3.700961894323342 0
913 -3.124994807585811 -3.484455568699334 0
914 1.249999999999946 -1.535898384862168 0
915 1.124999999999941 -1.319392033916061 0
916 -0.375000000000026 -3.05144284148498 0
917 3.999999999999892 1.495190528383423 0
918 4.249999999999893 1.495190528383425 0
919 4.124999999999892 1.711696879329534 0
920 -0.1250000000000078 -3.484455543377191 0
921 2.999853264428218 4.094862226541173 0
922 3.12271821027228 4.323735942967072 0
923 2.87497554407123 3.877262522540568 0
924 2.499999999999949 -1.53589838486214 0
925 2.749999999999949 -1.535898384862134 0
926 0.9999999999998469 3.227241335952244 0
927 -2.250000000000109 0.196152422706658 0
928 -0.1250000000000629 -1.319392033916085 0
929 1.249999999999917 -0.2368602791855116 0
930 -3.62500000000017 4.310814383846628 0
931 1.374999999999948 -1.752404735808273 0
932 2.12499999999998 -3.051442841484917 0
933 1.874999999999856 2.577722283113925 0
934 4.12499999999995 -0.8863793320237754 0
935 -2.750000000000146 2.794228634059965 0
936 2.749999999999996 -3.700961894323227 0
937 3.874999999999926 -0.02035392823934416 0
938 3.999999999999921 0.1961524227067684 0
939 0.749999999999847 3.22724133595224 0
940 0.2499999999999171 -0.2368602791855307 0
941 -0.6250000000001203 0.8456714755450128 0
942 -0.3750000000001203 0.8456714755450165 0
943 -0.5000000000001155 0.6291651245989021 0
944 2.624999999999905 0.8456714755450609 0
945 -3.875000000000091 -0.8863793320239215 0
946 -4.125000000000094 -0.8863793320239257 0
947 -4.250000000000095 -0.66987298107782 0
948 2.374999999999923 -0.02035392823938156 0
949 2.499999999999926 -0.2368602791854879 0
950 2.249999999999919 0.1961524227067259 0
951 0.3749999999998675 1.711696879329465 0
952 4.124999999999927 -0.02035392823933708 0
953 4.249999999999922 0.1961524227067753 0
954 -0.7500000000000835 -0.2368602791855489 0
955 -1.000000000000086 -0.2368602791855526 0
956 -0.8750000000000875 -0.02035392823944123 0
957 -1.125000000000088 -0.02035392823944494 0
958 -1.125000000000087 -0.4533666301316636 0
959 3.874999999999916 0.4126587736528748 0
960 -0.3750000000001342 1.711696879329455 0
961 2.874999999999934 -0.8863793320238029 0
962 1.249999999999938 -1.102885682969949 0
963 0.999999999999938 -1.102885682969954 0
964 1.124999999999933 -0.8863793320238424 0
965 0.8749999999999335 -0.8863793320238471 0
966 4.12499999999984 3.443747686898408 0
967 4.249999999999846 3.227241335952304 0
968 4.124999999999854 3.010734985006193 0
969 0.9999999999999286 -0.6698729810777353 0
970 0.7499999999999289 -0.6698729810777402 0
971 -1.87500000000012 0.8456714755449934 0
972 -3.250000000000115 0.6291651245988623 0
973 -3.75000000000008 -1.535898384862249 0
974 -3.875000000000084 -1.319392033916142 0
975 -4.000000000000082 -1.535898384862254 0
976 -4.125000000000086 -1.319392033916146 0
977 -4.250000054838218 -1.535898384862259 0
978 -4.125000009139768 -1.752404735808366 0
979 -1.125000000000133 1.711696879329443 0
980 -0.6250000000001341 1.71169687932945 0
981 -1.86673851160473 4.312152367215495 0
982 -2.250000000000157 3.660254037844415 0
983 0.4999999999998779 1.06217782649114 0
984 0.7499999999998834 1.062177826491139 0
985 -1.998623085267595 4.093663285825433 0
986 -1.375000000000133 1.711696879329439 0
987 -1.50000000000013 1.495190528383328 0
988 1.249999999999985 -3.267949192431031 0
989 1.499999999999985 -3.267949192431026 0
990 1.374999999999977 -3.051442841484917 0
991 1.624999999999978 -3.051442841484912 0
992 1.499999999999968 -2.834936490538802 0
993 1.249999999999968 -2.834936490538812 0
994 1.37499999999996 -2.618430139592697 0
995 1.12499999999996 -2.618430139592707 0
996 1.249999999999952 -2.401923788646592 0
997 1.62499999999996 -2.618430139592685 0
998 -1.374709072683058 4.309766085741465 0
999 0.999999999999952 -2.401923788646602 0
1000 2.749999999999932 -0.6698729810776962 0
1001 0.3750000000000198 -4.350480947161613 0
1002 2.750000000000011 -4.133974596215449 0
1003 -3.874999414821783 -4.350480860368824 0
1004 -3.624999317292077 -4.350480845903343 0
1005 -3.499999301037136 -4.133974492546319 0
1006 -0.8750000000000453 -2.618430139592784 0
1007 -0.7500000000000491 -2.401923788646664 0
1008 -4.000000000000145 3.227241335952165 0
1009 -4.250000000000146 3.227241335952157 0
1010 1.124999999999948 -2.185417437700489 0
1011 -4.12500000000014 3.010734985006053 0
1012 0.3749711799225837 3.4437309626964 0
1013 1.999999999999985 -3.267949192431025 0
1014 2.374999999999988 -3.484455543377125 0
1015 4.374999999999936 -0.4533666301315456 0
1016 4.374999999999927 -0.02035392823933019 0
1017 -4.370561036449553 -1.752003946506975 0
1018 -4.249260174264937 -1.968844288537578 0
1019 -4.535305178107976 -1.980520552978203 0
1020 -4.375000000000075 -2.185417437700588 0
1021 -3.749934019400008 4.529880425832611 0
1022 4.37499999999995 -0.8863793320237667 0
1023 4.249999999999955 -1.102885682969883 0
1024 -4.375000000000094 -0.8863793320239277 0
1025 4.374999999999906 0.8456714755451057 0
1026 -4.375115123879751 -1.319458373814081 0
1027 4.369092422581728 -3.048032100072175 0
1028 4.358628038860841 3.446605694754052 0
1029 4.369572831562643 1.714830256487719 0
1030 4.249095471927017 1.928725459802008 0
1031 -4.370303131798217 -0.01764219011878407 0
1032 3.750000000000021 -4.56698729810767 0
1033 2.87500000000002 -4.350480947161557 0
1034 2.625000000000019 -4.350480947161572 0
1035 3.125000000000019 -4.350480947161568 0
1036 0.750000000000029 -4.566987298107711 0
1037 -3.500000000000115 0.6291651245988581 0
1038 -3.625000000000115 0.4126587736527508 0
1039 -0.1250119223122397 3.010728030158547 0
1040 -4.249217188633132 0.1966043790600685 0
1041 3.124999999999956 -1.31939203391602 0
1042 3.749999999999988 -2.401923788646553 0
1043 -3.249999610431991 1.062177601573795 0
1044 -3.374999769721543 -4.350480913007077 0
1045 2.374999999999905 0.845671475545056 0
1046 2.499999999999901 1.062177826491168 0
1047 2.249999999999909 0.629165124598943 0
1048 3.999849245321075 1.928290268530036 0
1049 4.124824119541275 2.144811125851879 0
1050 4.367478168789947 2.14905231249561 0
1051 4.248717048055134 2.361956644818525 0
1052 3.999756861265998 2.36135630838133 0
1053 -1.000000000000094 0.1961524227066683 0
1054 -0.7500000000000902 0.1961524227066702 0
1055 -2.625000000000157 3.876834712841121 0
1056 -4.124876695710884 -2.185406304664434 0
1057 -4.249979449285208 -2.40192193314067 0
1058 1.374999999999951 -2.185417437700482 0
1059 -1.750000000000099 -0.2368602791855599 0
1060 -2.000000000000101 -0.2368602791855616 0
1061 -1.500000000000099 -0.2368602791855578 0
1062 1.000000000000017 -4.133974596215484 0
1063 1.125000000000016 -4.350480947161603 0
1064 -3.625000000000113 -0.02035392823947785 0
1065 1.124999999999945 -1.752404735808278 0
1066 2.749999999999926 -0.2368602791854852 0
1067 2.124999999999843 3.443747686898369 0
1068 -0.5000000000000521 -1.968911086754424 0
1069 -0.3750000000000541 -1.752404735808311 0
1070 -2.500000000000097 -0.669872981077786 0
1071 2.624999999999955 -1.752404735808246 0
1072 2.874999999999958 -1.75240473580824 0
1073 2.499999999999931 -0.6698729810777027 0
1074 3.499999999999982 -2.834936490538773 0
1075 0.8749999999999233 -0.4533666301316282 0
1076 0.6249999999999241 -0.4533666301316334 0
1077 1.49999999999983 4.093266739736688 0
1078 1.623403482481296 4.315209192969705 0
1079 4.249999999999996 -3.700961894323193 0
1080 4.497388814135313 -3.702498784423883 0
1081 3.874999999999991 -2.618430139592657 0
1082 -3.749999892186559 -4.566987282117037 0
1083 4.249999999999912 0.6291651245989931 0
1084 2.999999999999964 -2.401923788646567 0
1085 3.124999999999961 -2.185417437700453 0
1086 -0.5000000000001361 1.928203230275561 0
1087 0.8749999999999611 -2.618430139592717 0
1088 4.124745651553444 2.577869131257998 0
1089 4.376458046573418 2.574436524441042 0
1090 4.2490154037636 -2.834368033636639 0
1091 -3.750000000000147 3.227241335952172 0
1092 2.375000000000005 -3.917468245269327 0
1093 4.381703035377968 3.001574381828484 0
1094 -4.370538485693579 3.008945820838372 0
1095 -4.249256414282375 2.793930440031996 0
1096 4.494953866312617 1.059264439848499 0
1097 -4.494262770190845 -0.6731853722525917 0
1098 -4.535618299065187 3.234959227886425 0
1099 -4.535669405977077 -0.2407419394473818 0
1100 4.535531473846117 1.497200851738304 0
1101 -4.497674461771386 2.798014247603175 0
1102 -4.37471679132454 2.573125505823816 0
1103 4.535530066790464 -3.261630746984121 0
1104 4.534402942401957 0.2159294972166924 0
1105 -4.500000000000118 0.1961524227066097 0
1106 4.469783134413565 -2.812661545935124 0
1107 -3.500000000000177 4.526279441628838 0
1108 -4.503076802953975 4.09689543648576 0
1109 -4.495531627483883 -2.403542311029663 0
1110 -4.375000000000075 -2.618430139592806 0
1111 -4.622546602677151 -2.621995376506086 0
1112 -4.498236210123645 -2.840492060600997 0
1113 -4.593918410323315 -3.065625175355545 0
1114 -4.359884993949603 -3.049334411256654 0
1115 -4.465034128876023 -3.272731701830555 0
1116 -4.620963309877199 -0.887150444442103 0
1117 -4.249974409034509 4.529898749520203 0
1118 -4.498769699866502 4.535250074871986 0
1119 -3.000000000000138 4.539006491964336 0
1120 -2.500000000000118 4.532085769527496 0
1121 -2.244649102066445 4.536440407475527 0
1122 -1.50000000000018 4.526279441628865 0
1123 -1.247821416407615 4.531586776395717 0
1124 -1.123225415758303 4.761295411852366 0
1125 -0.9973073522994863 4.530958678372113 0
1126 0.9938322132918598 4.535370554311539 0
1127 1.249791490067949 4.532548480708321 0
1128 1.380375653460379 4.754314048876351 0
1129 2.249999999999822 4.529777614566983 0
1130 1.999673506945201 4.529442518730315 0
1131 2.749401079299396 4.540184870824007 0
1132 3.999999351473401 4.531339294332182 0
1133 3.749895018918093 4.52730609251028 0
1134 4.249999788401366 4.531645404688019 0
1135 4.358751239244794 4.307103350376156 0
1136 4.536491792889483 4.517213739975618 0
1137 4.506292066302223 -4.133024727517973 0
1138 4.376048677717053 -4.350322635711944 0
1139 4.625000000000023 -4.350480947161505 0
1140 4.504273405779859 -1.104994897036782 0
1141 4.375712234296609 -1.319743569593808 0
1142 4.624999999999948 -0.8863793320237607 0
1143 4.494769335412981 0.6332687961133379 0
1144 -4.757393574626235 -0.6540021572339711 0
1145 4.623817106897879 -3.909346815733733 0
1146 -4.624344603863079 2.589625346477392 0
1147 -4.513839618343804 2.357343794731362 0
1148 -4.64605090767683 2.140292091099114 0
1149 -4.390674843070447 2.135145569968724 0
1150 4.759334615255268 -3.669592770843483 0
1151 -3.624865067428555 4.756403097905432 0
1152 3.874868075732972 4.761961059994571 0
1153 -2.119873767899024 4.763623486396716 0
1154 -1.993448094418569 4.534395578168939 0
1155 -3.250000000000144 4.552580861748005 0
1156 -2.625000000000062 4.765905797568077 0
1157 -1.62317742931754 4.75450328216694 0
1158 0.8690690027510543 4.770515848713218 0
1159 0.7410267774025296 4.533903739995969 0
1160 0.4780654464340244 4.555274751866538 0
1161 0.3734291769698744 4.288617965975101 0
1162 0.2249396515050994 4.480975248118438 0
1163 0.1098522613955954 4.273929531026854 0
1164 -0.02284614631541203 4.445760369076861 0
1165 0.2677608932368589 4.729387352993736 0
1166 -4.373743068580132 4.762179563930837 0
1167 -4.768298190513351 4.579142358357324 0
1168 -3.999857280730802 4.552795896372663 0
1169 2.124925851004213 4.761882254485084 0
1170 1.742770824197125 4.560252787669163 0
1171 2.499949071368857 4.553613102632868 0
1172 4.37499999999981 4.742785792575073 0
1173 -4.252409665222562 2.355903915119753 0
1174 3.624712346830151 4.75937153829659 0
1175 3.498979861382708 4.536778034239574 0
1176 3.246826586553507 4.552606220865241 0
1177 -3.874516714702349 4.773002483833049 0
1178 4.624999999999956 -1.319392033915986 0
1179 4.496232591560389 -1.533713325087848 0
1180 4.728963498926813 -1.523372794479734 0
1181 -2.750000000000118 4.537105689541518 0
1182 2.624744956206418 4.774854323189882 0
1183 -3.125000000000043 4.774721098488619 0
1184 -1.122978701478846 4.311239228405778 0
1185 -0.8727014738938258 4.310996020796271 0
1186 -0.7473750146598005 4.532305414771567 0
1187 -0.6227012796821482 4.310883649946836 0
1188 -0.4988726654315814 4.534551813938689 0
1189 -0.3749040714371608 4.764120457959121 0
1190 3.123384348267559 4.779027018577542 0
1191 3.624810946401183 4.311676980620222 0
1192 4.498563315678073 -4.567891292006458 0
1193 4.769773369266815 -4.592776494453109 0
1194 4.250000000000032 -4.566987298107636 0
1195 1.750000000000029 -4.56698729810768 0
1196 2.000000000000028 -4.566987298107689 0
1197 1.500000000000015 -4.566987298107724 0
1198 3.000000000000018 -4.566987298107718 0
1199 3.500000000000023 -4.566987298107663 0
1200 1.875000000000027 -4.78349364905382 0
1201 3.625000000000016 -4.783493649053824 0
1202 3.874999999999903 2.57772228311398 0
1203 3.499999999999978 -2.401923788646557 0
1204 -0.6250000000000504 -2.185417437700542 0
1205 -1.000000000000054 -2.40192378864668 0
1206 -0.3750065869993471 3.010731136765217 0
1207 -0.5000056977805361 3.227238005479104 0
1208 -0.6250005329716316 3.010734673559763 0
1209 -0.8750000000001017 0.4126587736527814 0
1210 -1.250000000000096 0.1961524227066652 0
1211 -3.124999238475054 1.278683737770476 0
1212 -3.249999176482238 1.495190052925014 0
1213 -0.2500000000001147 0.6291651245989081 0
1214 -0.3750000000001084 0.4126587736527901 0
1215 -1.375000000000096 -0.4533666301316662 0
1216 -4.375000000000171 3.876760388790496 0
1217 -4.622255664750725 3.879908903989775 0
1218 -4.493471176707541 3.66428413448058 0
1219 -4.757257253814457 3.648743275097023 0
1220 -2.99999913459766 -3.700961898543692 0
1221 -0.2500000000000427 -2.40192378864664 0
1222 -1.090354658413635e-13 0.6291651245989114 0
1223 -3.124999855766299 -3.917468245972842 0
1224 0.1249999999998851 0.845671475545025 0
1225 -0.2500030848853611 2.79422683354526 0
1226 2.99999999999994 -1.10288568296991 0
1227 3.124999999999936 -0.8863793320237984 0
1228 -3.750000000000114 0.1961524227066345 0
1229 1.250000000000016 -4.133974596215475 0
1230 -3.749999469185989 0.6291648181331765 0
1231 -3.874999799686395 0.4126586580015607 0
1232 -3.999976024166058 -2.401921623889661 0
1233 2.124999999999902 0.8456714755450517 0
1234 0.6249999999998869 0.8456714755450294 0
1235 -2.87499899036393 -3.484455548300974 0
1236 -3.000000000000033 -3.267949192431123 0
1237 -2.749999831727346 -3.267949193251744 0
1238 -2.874999971954584 -3.051442841621784 0
1239 -3.124999995325798 -3.051442841507807 0
1240 -2.999999994546759 -2.834936490565495 0
1241 -2.749999994416912 -2.834936490566129 0
1242 -2.874999999521224 -2.618430139595129 0
1243 -2.624999998989712 -2.618430139597719 0
1244 -2.74999999975185 -2.401923788647892 0
1245 -2.499999999790284 -2.401923788647704 0
1246 -2.625000000000035 -2.185417437700574 0
1247 -2.374999999965079 -2.185417437700741 0
1248 -2.499999999994213 -1.968911086754487 0
1249 -2.249999999993254 -1.968911086754482 0
1250 -2.750000000000036 -1.968911086754465 0
1251 -2.624999999999075 -1.752404735808347 0
1252 -2.87499999999996 -1.752404735808352 0
1253 -2.749999999999885 -1.535898384862231 0
1254 -2.999999999878884 -2.401923788647268 0
1255 -3.000000000000038 -1.535898384862247 0
1256 -4.374869470781715 0.4127340646911619 0
1257 -4.625186997783613 0.4058490128097449 0
1258 2.124999999999922 -0.02035392823938517 0
1259 1.999999999999918 0.1961524227067228 0
1260 1.749999999999915 0.19615242270672 0
1261 1.999999999999907 0.62916512459894 0
1262 -1.625000000000103 -0.02035392823944752 0
1263 3.874974874220085 1.711711385705263 0
1264 -3.500000000000116 0.1961524227066425 0
1265 -4.503354044366954 -1.10520720081369 0
1266 -4.624474106200128 -1.33394837575505 0
1267 -4.496828582460533 -1.546306000588919 0
1268 -3.999856146519301 -1.968898098212297 0
1269 -2.875000000000159 3.876816505061522 0
1270 -4.124847570681657 0.4127465293488084 0
1271 3.749959476877565 2.361239328203438 0
1272 3.749999999999869 2.794228634060082 0
1273 3.499999999999858 2.794228634060074 0
1274 2.999999999999929 -0.2368602791854765 0
1275 -2.37500000000016 3.876803371253653 0
1276 4.000000000000018 -4.566987298107684 0
1277 -4.375000000000033 -3.917468245269466 0
1278 -4.497445695327611 -3.704723271850042 0
1279 -4.506291383594265 -4.133024626259806 0
1280 -4.376047881224451 -4.350322517577396 0
1281 -4.625000000000018 -4.350480947161699 0
1282 -4.623826473311915 -3.909717546761876 0
1283 -4.759903470732556 -3.670199958733706 0
1284 -1.250000000000093 -0.2368602791855553 0
1285 -1.250000000000087 -0.6698729810777748 0
1286 -2.500000000000004 -4.566987298107778 0
1287 -2.250000000000003 -4.566987298107774 0
1288 -2.125000000000005 -4.350480947161658 0
1289 -2.000000000000003 -4.566987298107771 0
1290 -1.875000000000006 -4.350480947161656 0
1291 -1.750000000000003 -4.56698729810777 0
1292 -1.625000000000006 -4.350480947161651 0
1293 -1.750000000000009 -4.133974596215543 0
1294 -1.500000000000011 -4.133974596215539 0
1295 -1.625000000000013 -3.917468245269431 0
1296 -1.375000000000006 -4.350480947161644 0
1297 -1.375000000000012 -3.917468245269434 0
1298 -1.500000000000016 -3.700961894323322 0
1299 -1.750000000000017 -3.700961894323323 0
1300 -1.500000000000002 -4.566987298107765 0
1301 -1.250000000000002 -4.56698729810776 0
1302 -1.125000000000006 -4.350480947161633 0
1303 -1.000000000000001 -4.566987298107753 0
1304 -0.8749999999999982 -4.350480947161637 0
1305 -0.7499999999999976 -4.566987298107741 0
1306 -0.6249999999999952 -4.783493649053864 0
1307 -0.4999999999999962 -4.566987298107732 0
1308 -1.62500000000002 -3.484455543377211 0
1309 -1.375000000000022 -3.484455543377214 0
1310 -1.500000000000028 -3.267949192431102 0
1311 -1.62500000000003 -3.05144284148499 0
1312 -4.124930945219063 -2.617204575482594 0
1313 3.624999999999986 -2.618430139592662 0
1314 1.74999999999997 -2.834936490538797 0
1315 1.874999999999966 -2.61843013959269 0
1316 1.749999999999963 -2.401923788646582 0
1317 0.7499999999999374 -1.102885682969959 0
1318 2.125000000000028 -4.350480947161547 0
1319 2.250000000000024 -4.566987298107704 0
1320 -3.500000000000088 -1.102885682970021 0
1321 3.249594713442387 4.09584223416817 0
1322 1.249999999999866 1.928203230275586 0
1323 1.12499999999987 1.711696879329473 0
1324 0.9999999999998652 1.928203230275581 0
1325 1.249999999999877 1.495190528383366 0
1326 0.999999999999875 1.495190528383361 0
1327 2.750000000000016 -4.566987298107714 0
1328 -3.249999999979862 -2.401923788646775 0
1329 -3.124999998987805 -2.618430139597725 0
1330 3.874898283834278 2.144768307077344 0
1331 -4.125000000000163 3.876962862461254 0
1332 -4.375000000000155 3.443747686898262 0
1333 -0.625000000000058 -1.752404735808317 0
1334 -1.87500000000015 3.010734985006087 0
1335 -1.750000000000154 3.2272413359522 0
1336 -1.500000000000151 3.227241335952205 0
1337 3.50000000000001 -4.133974596215436 0
1338 0.4999999999999289 -0.6698729810777456 0
1339 -3.250000000000106 -0.2368602791855763 0
1340 2.999995924011735 3.660337726802825 0
1341 -3.499977840157198 1.495177734392009 0
1342 -3.374984495264764 1.711687927666263 0
1343 -3.124997278624594 1.711695308142502 0
1344 -3.249996962314987 1.928201476467176 0
1345 -2.999999040156691 1.928202676109639 0
1346 -2.874999386463639 1.711696525103946 0
1347 -3.12499933374537 2.144709196559255 0
1348 -2.874999728983769 2.14470942475025 0
1349 -2.999999843788281 2.361215841978776 0
1350 -2.749999928795433 2.361215891057685 0
1351 -2.874999962097381 2.577722261230682 0
1352 2.374999999999833 3.876933937651245 0
1353 2.749999999999961 -1.968911086754353 0
1354 0.8749999999998499 3.010734985006133 0
1355 1.124999999999848 3.010734985006135 0
1356 2.2499999999999 1.062177826491164 0
1357 2.374999999999894 1.278684177437277 0
1358 2.624999999999896 1.278684177437279 0
1359 2.499999999999891 1.495190528383389 0
1360 2.749999999999892 1.495190528383391 0
1361 2.624999999999889 1.711696879329498 0
1362 2.37499999999989 1.711696879329501 0
1363 2.499999999999889 1.928203230275607 0
1364 2.749999999999885 1.928203230275611 0
1365 2.624999999999881 2.144709581221719 0
1366 2.374999999999885 2.144709581221713 0
1367 2.499999999999877 2.361215932167824 0
1368 2.249999999999876 2.361215932167819 0
1369 2.374999999999865 2.577722283113934 0
1370 2.624999999999869 2.577722283113938 0
1371 3.374999999999984 -3.051442841484886 0
1372 -3.500000000000164 4.093440288597266 0
1373 -4.124977827409429 1.278671376085973 0
1374 -4.249980591433695 1.495179322842242 0
1375 -4.369946711832995 1.275766660153598 0
1376 -4.532869343261975 1.041126871107845 0
1377 -4.535289814253243 1.494957601686489 0
1378 -4.375000000000135 1.71169687932942 0
1379 -4.375000000000153 0.8456714755449706 0
1380 -4.498438098008993 0.6232183994234817 0
1381 4.534781256741181 3.238804043122891 0
1382 -2.625000000000101 -0.4533666301316773 0
1383 3.749953733895846 1.928229942023258 0
1384 2.000000000000001 -3.700961894323221 0
1385 3.249999999999941 -0.6698729810776898 0
1386 -0.5000000000000597 -1.535898384862203 0
1387 1.87499999999998 -3.051442841484917 0
1388 -4.250578194707844 -1.103283659260301 0
1389 -4.125173866633109 -4.350454426507161 0
1390 4.368660474535225 -2.189077564434048 0
1391 4.535613419274322 -1.979530632369086 0
1392 4.484668434744013 -2.399173144640736 0
1393 2.124999999999889 1.278684177437275 0
1394 -3.874631032564217 2.576624288022014 0
1395 2.124999999999885 2.144709581221703 0
1396 1.999999999999871 2.361215932167811 0
1397 0.8749999999998617 2.144709581221689 0
1398 -2.000000000000128 1.495190528383318 0
1399 -1.875000000000125 1.278684177437211 0
1400 3.374931919899343 3.877187392433908 0
1401 3.124891894308791 3.877624356721857 0
1402 2.749995244680385 3.660351674962539 0
1403 0.2499999999999832 -3.267949192431067 0
1404 -1.577441880821576e-14 -3.267949192431074 0
1405 -0.1250000000000244 -3.051442841484969 0
1406 0.5000000000000223 -4.566987298107726 0
1407 0.2500000000000108 -4.566987298107752 0
1408 0.6250000000000122 -4.783493649053853 0
1409 2.374999999999953 -1.752404735808252 0
1410 1.124999999999882 1.278684177437253 0
1411 0.1249855273769052 3.010726561552662 0
1412 0.3749924246900037 3.010730582532954 0
1413 -3.874976025943229 -1.752402571051331 0
1414 -3.87495147773274 -2.185413056644686 0
1415 -4.125000000000041 -3.484455543377239 0
1416 -0.1250000000001333 1.711696879329459 0
1417 -1.375000000000036 -3.051442841484993 0
1418 -0.5000000000000453 -2.401923788646651 0
1419 -0.125000000000039 -2.61843013959275 0
1420 -0.8750000000000483 -2.185417437700554 0
1421 -0.7500000000000544 -1.968911086754432 0
1422 0.1249999999998611 2.144709581221677 0
1423 3.124999999999885 1.711696879329511 0
1424 3.874999999999903 0.845671475545093 0
1425 0.3749999999999233 -0.4533666301316382 0
1426 0.4999999999999184 -0.236860279185526 0
1427 -1.00000000000004 -2.834936490538893 0
1428 4.499999999999948 -0.6698729810776457 0
1429 0.3749999999998626 2.14470958122168 0
1430 -1.875000000000012 -3.917468245269435 0
1431 0.8750000000000099 -3.917468245269376 0
1432 1.12500000000001 -3.917468245269366 0
1433 -2.000000000000044 -2.401923788646669 0
1434 1.874999999999898 0.8456714755450485 0
1435 0.4999987374482113 2.794227900314491 0
1436 -2.500000000000109 0.1961524227066535 0
1437 3.749995812369923 1.495192946112707 0
1438 -3.874922861208033 -2.618208690730593 0
1439 2.874999999999922 -0.0203539282393718 0
1440 3.124999999999924 -0.02035392823936519 0
1441 -1.750000000000091 -1.10288568297 0
1442 -1.875000000000089 -1.31939203391611 0
1443 -1.625000000000082 -1.319392033916109 0
1444 -1.750000000000081 -1.53589838486222 0
1445 -2.000000000000087 -1.535898384862221 0
1446 -1.875000000000085 -1.75240473580833 0
1447 -1.500000000000086 -1.102885682969997 0
1448 -1.375000000000086 -0.8863793320238849 0
1449 -3.375000000000164 4.315400427537252 0
1450 3.374999999999968 -2.18541743770045 0
1451 3.249999999999967 -1.968911086754343 0
1452 1.374999999999922 -0.4533666301316188 0
1453 1.249999999999851 2.794228634060025 0
1454 -2.375000000000106 -0.02035392823945415 0
1455 -2.125000000000105 -0.02035392823945034 0
1456 -2.250000000000103 -0.236860279185563 0
1457 -2.125000000000101 -0.4533666301316726 0
1458 -1.875000000000105 -0.02035392823944814 0
1459 -1.500000000000105 0.1961524227066657 0
1460 -3.000000000000157 3.660263390556236 0
1461 0.2498498758731508 3.660167039863614 0
1462 0.3828212769845661 3.872245739171704 0
1463 3.124999999999873 2.144709581221732 0
1464 -1.125000000000156 3.443747652862649 0
1465 -1.00000000000015 3.227241296243931 0
1466 -1.250000000000149 3.227241323661551 0
1467 -1.125000000000146 3.010734976339613 0
1468 -1.375000000000148 3.010734981513238 0
1469 1.87347463560385 4.316868511587564 0
1470 2.999999999999964 -1.535898384862133 0
1471 -2.250000000000009 -4.133974596215549 0
1472 -0.3750000000000724 -0.8863793320238713 0
1473 -1.625000000000138 2.144709581221652 0
1474 1.874999999999843 3.443747686898366 0
1475 1.624999999999933 -0.8863793320238331 0
1476 3.249999999999947 -1.102885682969905 0
1477 3.874999999999963 -1.319392033916003 0
1478 0.6249999999999383 -1.319392033916071 0
1479 2.999999999999936 -0.6698729810776922 0
1480 -1.375000000000156 3.443747679177263 0
1481 -4.071388067491532e-14 -2.401923788646632 0
1482 -1.125000000000105 0.4126587736527805 0
1483 -2.125000000000001 -4.783493649053886 0
1484 -1.125 -4.783493649053877 0
1485 0.1250000000000026 -4.783493649053888 0
1486 5.544049770014734e-15 -4.566987298107776 0
1487 -0.2499999999999922 -4.566987298107759 0
1488 -0.1249999999999913 -4.350480947161659 0
1489 1.375000000000002 -4.783493649053888 0
1490 1.25000000000001 -4.566987298107743 0
1491 2.625000000000012 -4.783493649053852 0
1492 4.373149088671569 -4.784574693844015 0
1493 4.785120213292778 -3.133014057240962 0
1494 4.775622849090703 -2.116308370991404 0
1495 4.778060086598286 0.3628238387007814 0
1496 4.781338804476182 1.618746898240443 0
1497 4.783493649053894 2.625 0
1498 4.546868203147727 2.766894640163422 0
1499 4.783906741484458 4.378041060756098 0
1500 -4.783493649053894 3.125 0
1501 -4.780988424267759 1.137418142434506 0
1502 -4.783493649053894 -0.125 0
1503 -1.750000000000059 -1.968911086754443 0
1504 -2.25000000000014 2.361215932167753 0
1505 -3.249999998143418 -2.834936490547954 0
1506 4.124999999999991 -3.484455543377088 0
1507 0.1249999999999451 -1.752404735808299 0
1508 0.3749999999999934 -3.484455543377174 0
1509 -2.125000000000119 0.8456714755449894 0
1510 -2.375000000000119 0.8456714755449848 0
1511 -1.3750000000001 -0.02035392823944659 0
1512 -2.250000000000036 -2.834936490538893 0
1513 1.124999999999912 -0.02035392823940416 0
1514 2.249999999999891 1.49519052838339 0
1515 -2.375000000000137 2.14470958122164 0
1516 2.249999999999974 -2.834936490538803 0
1517 2.87499999999997 -2.61843013959268 0
1518 3.499999999999844 3.227241335952288 0
1519 -3.000000000000042 -1.968911086754457 0
1520 3.624999999999915 0.4126587736528685 0
1521 -2.874999999938484 -2.18541743770087 0
1522 0.7504807654420615 3.659976467786978 0
1523 -0.7500000000000612 -1.535898384862208 0
1524 -0.3750000000000637 -1.31939203391609 0
1525 -1.125000000000139 2.14470958122166 0
1526 -2.99999999368302 2.794228630412766 0
1527 -3.250000000000043 -3.267949192431122 0
1528 0.999999999999899 0.6291651245989226 0
1529 0.8749999999998918 0.8456714755450305 0
1530 1.624999999999951 -1.75240473580827 0
1531 0.7499999999998648 1.928203230275578 0
1532 -2.000000000000018 -3.700961894323326 0
1533 3.37499999999997 -1.752404735808233 0
1534 0.9999999999999689 -2.834936490538822 0
1535 2.499999999999957 -1.968911086754359 0
1536 0.1249999999998671 1.711696879329462 0
1537 -1.50000000000007 -1.535898384862218 0
1538 1.999999999999852 2.794228634060037 0
1539 -3.125000000000108 -0.02035392823946339 0
1540 2.749999999999985 -3.267949192431013 0
1541 -0.3750000000000062 -3.484455543377202 0
1542 2.624999999999989 -3.48445554337712 0
1543 -0.2500000000000588 -1.535898384862198 0
1544 -3.500000000000108 -0.2368602791855822 0
1545 3.499999999999985 -3.267949192430994 0
1546 0.8749999999999415 -1.319392033916067 0
1547 -0.250000000000099 0.1961524227066804 0
1548 -1.375000000000127 1.27868417743722 0
1549 1.374999999999883 1.278684177437259 0
1550 3.124999999999894 1.278684177437292 0
1551 -0.2500000000001233 1.062177826491128 0
1552 -1.625000000000149 3.010734984423948 0
1553 4.617715562183314 0.8501703890233814 0
1554 4.75735179351809 1.085787587837981 0
1555 -4.373388536058553 -4.78442402819428 0
1556 -2.625000000000002 -4.78349364905389 0
1557 -1.625000000000001 -4.783493649053884 0
1558 3.12500000000001 -4.783493649053867 0
1559 4.797641108678671 -2.643429534705111 0
1560 4.767707977688799 2.096037804833728 0
1561 4.783493649053894 3.125 0
1562 -4.783493649053894 1.625 0
1563 -2.875000000000015 -3.917468245269451 0
1564 -2.49999997195458 -3.267949192567886 0
1565 -2.624999799007653 -3.484455544357417 0
1566 0.3749999999999121 -0.0203539282394182 0
1567 2.374999999999934 -0.8863793320238145 0
1568 2.24999999999993 -0.6698729810777082 0
1569 -2.999999808151256 1.062177715727084 0
1570 -2.375000000000099 -0.4533666301316751 0
1571 3.375000000000001 -3.917468245269328 0
1572 -2.125000000000088 -1.319392033916112 0
1573 -2.250000000000084 -1.535898384862222 0
1574 1.124999999999862 2.144709581221694 0
1575 -3.624996004323933 -1.752404375015517 0
1576 -1.62500000000012 0.8456714755449974 0
1577 -1.00000000000008 -0.6698729810777715 0
1578 -2.500000000000146 2.794228634059971 0
1579 3.874999999999951 -0.8863793320237826 0
1580 -1.500000000000092 -0.6698729810777772 0
1581 -2.624999897744052 1.711696820291836 0
1582 -0.2500000000000676 -1.102885682969978 0
1583 0.3749999999999301 -0.886379332023856 0
1584 -3.249999862922371 2.361215853025849 0
1585 -0.1250000000001172 0.8456714755450202 0
1586 0.6249999999999332 -0.8863793320238522 0
1587 -1.250000000000078 -1.102885682969993 0
1588 -3.375000000000112 -0.02035392823946638 0
1589 -0.2499999999999823 -4.133974596215526 0
1590 -0.5000000000000174 -3.267949192431097 0
1591 -3.624999982031094 -4.783493646388767 0
1592 4.783800807843132 -0.3742185745367271 0
1593 4.787484651925942 -0.1271595422533174 0
1594 4.545535235347328 -0.2438044317389412 0
1595 4.786982351149463 3.624367814887565 0
1596 4.784825418935746 3.874894635814593 0
1597 4.588497090346758 4.001091617127207 0
1598 -4.758855815420123 0.6245909238815147 0
1599 -4.783493649053894 -1.875 0
1600 -4.779451654822508 -2.11935413918206 0
1601 -2.875000000000156 3.443749245683598 0
1602 2.874999999999904 0.8456714755450667 0
1603 -0.8750000000001196 0.8456714755450087 0
1604 1.999999999999843 3.660254037844477 0
1605 -0.5000000000000846 -0.2368602791855444 0
1606 -1.750000000000135 1.928203230275541 0
1607 1.249999999999845 3.227241335952246 0
1608 -3.499934279172412 -3.267968876605086 0
1609 4.234006090297995 4.098877650720351 0
1610 0.1249999999999205 -0.4533666301316425 0
1611 0.9999999999999432 -1.535898384862173 0
1612 2.874999999999955 -1.319392033916027 0
1613 2.249999999999925 -0.236860279185491 0
1614 2.62499513145849 3.877299043555244 0
1615 4.59178984737548 3.749417306617687 0
1616 -0.7500000000001168 0.6291651245989014 0
1617 2.249999999999838 3.660282962654589 0
1618 4.124999999999972 -1.752404735808216 0
1619 -3.124999961620267 -4.35048094146924 0
1620 -0.5000000000000687 -1.102885682969983 0
1621 -1.250000000000145 2.79422863203343 0
1622 -2.750000000000097 -0.669872981077789 0
1623 3.749999999999932 -0.2368602791854573 0
1624 -3.499927089788205 1.928161135545029 0
1625 -1.874770514211402 3.87682647980533 0
1626 2.124999999999861 2.577722283113929 0
1627 -4.125000000000099 -0.4533666301317091 0
1628 1.749999999999985 -3.267949192431026 0
1629 2.249999999999948 -1.535898384862146 0
1630 -2.000000000000109 0.1961524227066618 0
1631 1.124999999999978 -3.051442841484928 0
1632 3.999999999999933 -0.2368602791854498 0
1633 -1.50000000000004 -2.83493649053888 0
1634 1.999999999999921 -0.2368602791854957 0
1635 1.749999999999866 2.361215932167808 0
1636 1.749999999999938 -1.102885682969938 0
1637 -0.7500000000001303 1.495190528383339 0
1638 -0.875000000000133 1.711696879329446 0
1639 2.874998528115247 3.443777907911112 0
1640 3.624999999999983 -2.185417437700447 0
1641 -0.8750000888287285 3.01073492503592 0
1642 -0.375000000000139 2.144709581221672 0
1643 -0.6250000000000885 -0.02035392823943761 0
1644 -2.250000000000095 -0.6698729810777845 0
1645 -3.750000000000089 -1.102885682970031 0
1646 -4.000096365784715 -1.102952012351744 0
1647 -1.750000000000147 2.794228633962955 0
1648 0.6249999999999529 -2.185417437700508 0
1649 1.499999999999957 -2.401923788646585 0
1650 2.500000000000026 -4.566987298107699 0
1651 1.624999999999908 0.4126587736528248 0
1652 1.499999999999877 1.495190528383372 0
1653 -0.1250000000000544 -1.752404735808305 0
1654 -3.124999903097287 0.8456714195980901 0
1655 -2.999999983849644 0.6291651152743848 0
1656 -2.375000000000156 3.4437476868983 0
1657 2.87499999999999 -3.484455543377118 0
1658 3.624999999999903 0.8456714755450868 0
1659 3.499999999999909 0.6291651245989744 0
1660 2.999999999999919 0.1961524227067411 0
1661 -3.99984409316692 0.196242355439683 0
1662 0.8749999999998814 1.278684177437248 0
1663 0.6249999999999124 -0.02035392823941311 0
1664 -5.881406472951767e-14 -1.535898384862192 0
1665 1.499999999999938 -1.102885682969944 0
1666 -0.2500000000000179 -3.267949192431086 0
1667 -0.75000010363349 2.794228572157242 0
1668 3.999999999999996 -3.700961894323201 0
1669 4.124999999999917 0.4126587736528814 0
1670 0.7499999999999181 -0.2368602791855211 0
1671 2.374999999999914 0.4126587736528369 0
1672 -1.875000000000023 -3.484455543377214 0
1673 0.9999999999998508 2.794228634060022 0
1674 1.124999999999894 0.8456714755450341 0
1675 0.999999999999986 -3.267949192431042 0
1676 3.999999999999909 0.6291651245989874 0
1677 -1.625000000000126 1.278684177437217 0
1678 1.999999999999973 -2.834936490538802 0
1679 4.374999999999922 0.4126587736528893 0
1680 2.7499999999999 1.062177826491173 0
1681 0.9999999999999174 -0.2368602791855161 0
1682 0.6249999999998681 1.711696879329467 0
1683 2.749999999999965 -2.401923788646573 0
1684 -3.375000000000092 -0.8863793320239091 0
1685 2.999999999999892 1.495190528383397 0
1686 0.1249999999999928 -3.484455543377182 0
1687 2.874999999999962 -2.18541743770046 0
1688 -2.000000000000009 -4.133974596215547 0
1689 3.624999999999987 -3.05144284148488 0
1690 4.374999999999996 -3.484455543377082 0
1691 0.4999999999998956 0.6291651245989168 0
1692 1.374999999999835 3.876760388790577 0
1693 -0.3750258268956124 3.443731102416906 0
1694 -0.6250052541127966 3.443743386159963 0
1695 -0.2500000000001367 1.928203230275564 0
1696 -1.125000000000047 -2.618430139592781 0
1697 1.374999999999933 -0.8863793320238378 0
1698 1.249999999999928 -0.6698729810777306 0
1699 -2.121409798892945 4.313310317670845 0
1700 -2.250000000000123 1.062177826491095 0
1701 1.124999999999923 -0.4533666301316234 0
1702 -3.625000000000091 -0.8863793320239135 0
1703 0.8749999999999435 -1.752404735808287 0
1704 -1.750000000000124 1.062177826491104 0
1705 0.999999999999887 1.062177826491142 0
1706 -2.000000000000123 1.062177826491099 0
1707 0.7499999999999702 -2.834936490538831 0
1708 -1.500000000000136 1.928203230275545 0
1709 3.999999999999956 -1.10288568296989 0
1710 0.6250753242273412 3.443698637855111 0
1711 2.124999999999889 1.711696879329501 0
1712 -1.625000000000133 1.711696879329434 0
1713 -1.250000000000137 1.928203230275549 0
1714 0.8749999999998694 1.71169687932947 0
1715 -1.000000000000004 -3.700961894323331 0
1716 -1.125000000000001 -3.917468245269438 0
1717 4.37499999999997 -1.752404735808209 0
1718 -1.750000000000129 1.495190528383323 0
1719 -0.6250000000001386 2.144709581221668 0
1720 2.124999999999915 0.4126587736528325 0
1721 -2.749999880701369 1.49519045950613 0
1722 1.374999999999848 3.010734985006137 0
1723 -3.500000000000149 3.227241335952176 0
1724 -1.249614629027097 4.093509928533605 0
1725 -1.000000000000135 1.928203230275553 0
1726 -1.36127220606852e-13 1.928203230275568 0
1727 1.500000000000018 -4.133974596215459 0
1728 -2.624999961675581 -3.051442841671907 0
1729 2.499999999999857 2.794228634060048 0
1730 1.249862810742364 4.093372900556886 0
1731 1.374147453072968 4.31162167981428 0
1732 2.749999999999856 2.794228634060053 0
1733 0.2500000000000133 -4.13397459621551 0
1734 4.257589205891165 -0.2380176379443599 0
1735 -3.249999988344346 -4.56698729637903 0
1736 -3.625000000000153 3.443747686898283 0
1737 -2.499999988132687 2.361215925316072 0
1738 0.2499999999998647 1.928203230275572 0
1739 2.874999999999896 1.278684177437285 0
1740 -0.7500009841577269 3.227240634714948 0
1741 2.374999999999841 3.443752507700057 0
1742 -0.7500000000001359 1.928203230275557 0
1743 -3.499999936198718 -4.56698728864486 0
1744 3.749999999999909 0.6291651245989809 0
1745 0.499999999999865 1.928203230275574 0
1746 4.125174779619522 -4.350454561919937 0
1747 -0.2500000000000331 -2.834936490538864 0
1748 -2.926311268808909e-14 -2.834936490538853 0
1749 0.1250000000000102 -4.350480947161636 0
1750 3.999685153732147 3.660205145473675 0
1751 3.374999999999849 3.010734985006178 0
1752 -2.124999999998936 -1.752404735808338 0
1753 -3.624991336617807 -3.917467642145933 0
1754 2.999999999999963 -1.968911086754347 0
1755 0.6249999999999633 -2.618430139592726 0
1756 1.499999999999952 -1.968911086754376 0
1757 -2.249172147360198 4.093988533601381 0
1758 -4.913303521851079e-06 2.794225770924047 0
1759 4.125118705716068 -1.319450623195633 0
1760 4.249510588595496 -1.535602562392637 0
1761 -2.624999979837656 2.57772227147304 0
1762 -2.999999160124503 1.495190043480877 0
1763 -3.874999979036277 -4.78349364594458 0
1764 -2.499999992513718 -2.834936490575406 0
1765 -1.25000000000005 -2.401923788646661 0
1766 -2.500000000000157 3.660273588930031 0
1767 -4.375000000000092 -0.4533666301317191 0
1768 -2.62500000000005 -1.319392033916113 0
1769 4.233726588365454 3.653862555594746 0
1770 0.749999999999956 -2.401923788646613 0
1771 0.2499999999998795 1.062177826491137 0
1772 -3.625000000000148 3.010734985006065 0
1773 -4.12448519906505 1.711399658870955 0
1774 3.37500000000003 -4.350480947161549 0
1775 -2.875000000000038 -1.319392033916122 0
1776 -1.250000000000021 -4.133974596215534 0
1777 -2.750000000000157 3.660280854995134 0
1778 2.624999999999931 -0.453366630131592 0
1779 2.374999999999929 -0.4533666301315963 0
1780 -0.625000000000001 -4.350480947161628 0
1781 4.374999999999894 1.278684177437323 0
1782 3.250000000000021 -4.566987298107735 0
1783 2.874999999999887 1.711696879329504 0
1784 -1.000000000000058 -1.968911086754434 0
1785 4.529115939313889 1.949866938004547 0
1786 2.375000000000022 -4.350480947161564 0
1787 2.874999999999931 -0.4533666301315873 0
1788 1.874999999999911 0.4126587736528294 0
1789 -3.374993964929458 -3.917468149292549 0
1790 2.625000000000006 -3.917468245269341 0
1791 0.8749999999999518 -2.185417437700498 0
1792 2.499998396023037 3.660394635570341 0
1793 2.999999999999882 1.928203230275616 0
1794 -0.374999999999997 -4.783493649053874 0
1795 -3.249998808845787 -4.133974556417265 0
1796 -2.374999998548971 -2.618430139599863 0
1797 -4.000028858779625 -4.566982860349881 0
1798 -3.875000000000145 3.010734985006061 0
1799 2.874999999999865 2.577722283113943 0
1800 2.749999999999873 2.361215932167832 0
1801 -2.124594291139945 3.876964957695771 0
1802 -2.624999940985385 2.144709547149447 0
1803 -2.24999999971741 -2.401923788648054 0
1804 -2.749999665722278 1.928203037280107 0
1805 1.874999999999965 -2.185417437700478 0
1806 3.74999999999999 -2.834936490538766 0
1807 2.874999999999877 2.144709581221725 0
1808 0.6249985270229372 3.010734128969681 0
1809 4.485914634592479 2.361502269721351 0
1810 0.9999999999999485 -1.968911086754386 0
1811 3.124999999999965 -1.752404735808237 0
1812 3.874999999999855 3.010734985006192 0
1813 -2.12499999994598 -2.185417437700826 0
1814 1.999999999999966 -2.401923788646584 0
1815 1.624999999999993 -3.484455543377133 0
1816 -1.999999999989727 -1.968911086754496 0
1817 0.8750000000000095 -4.783493649053833 0
1818 1.375000000000017 -4.350480947161594 0
1819 3.250000000000012 -4.133974596215443 0
1820 0.3749999999998875 0.8456714755450285 0
1821 -0.5000000000000987 0.1961524227066712 0
1822 -0.6250000000001048 0.4126587736527831 0
1823 -4.000000000000139 2.794228634059957 0
1824 2.249999999999886 1.928203230275604 0
1825 -1.250000000000012 -3.700961894323326 0
1826 1.874999999999871 2.144709581221703 0
1827 -3.624997272400343 0.8456699007644956 0
1828 4.259129156108712 2.787623049459539 0
1829 4.124835900627253 -2.618335396775631 0
1830 1.000000000000015 -4.566987298107727 0
1831 1.249999999999947 -1.968911086754381 0
1832 -3.374998664353705 0.8456707044091455 0
1833 2.500000000000014 -4.133974596215446 0
1834 0.5018471691838096 3.65915230263658 0
1835 3.624999999999853 3.010734985006184 0
1836 1.624999999999957 -2.185417437700479 0
1837 -4.498294605605718 -4.568046335507528 0
1838 0.4999999999998594 3.227241335952244 0
1839 -4.24965562471691 -4.567287302865023 0
1840 4.359670496876885 -2.609791615204419 0
1841 3.875000000000011 -4.783493649053836 0
1842 1.87499999999999 -3.484455543377124 0
1843 -1.250000000000026 -3.267949192431108 0
1844 -4.124800016463069 2.574740124112381 0
1845 2.125000000000015 -4.783493649053861 0
1846 -1.25000000000004 -2.834936490538886 0
1847 4.001479134610273 2.793152177983997 0
1848 -0.7499999999999926 -4.133974596215532 0
1849 2.12499999999999 -3.484455543377119 0
1850 3.9998085507318 -2.834825957252239 0
1851 -4.250000000000131 1.928203230275505 0
1852 2.249999999999994 -3.70096189432322 0
1853 -1.000000000000002 -4.133974596215535 0
1854 2.499999999999992 -3.700961894323217 0
1855 -0.3749999999999866 -4.350480947161631 0
1856 -2.374999999997604 -1.752404735808348 0
1857 -2.499999999999463 -1.535898384862228 0
1858 -4.769734982113625 -4.592798643524746 0
1859 -0.7500000000001789 4.093222629499308 0
1860 3.373821187334398 4.318982113337553 0
1861 -0.5002543143924232 4.093008355551262 0
1862 -0.3826483618116528 4.307763895089477 0
1863 -0.8736761584609298 4.765815189906808 0
1864 2.998428232922198 4.548187958014377 0
1865 1.624250031639949 4.769618580234778 0
1866 1.498401644736549 4.532918331283899 0
1867 -4.623576461660694 4.333080321119407 0
1868 -0.2511723665925792 4.534873077949716 0
1869 -4.534785509328339 1.929394300027523 0
1870 -4.247068600034808 -2.833620137438959 0
1871 -4.117991238078293 -3.051052130262156 0
1872 -4.3614232783686 -3.487201243779062 0
1873 4.363665990655233 3.874999999999992 0
1874 4.618425453565806 4.785841032241757 0
1875 0.07562473158065346 4.659347349633466 0
1876 -4.122754107423501 2.139766848598392 0
1877 0.5081545096398579 4.084715992546514 0
1878 -1.745877529900661 4.53373504652236 0
1879 -4.235119571627168 -3.263513976125942 0
1880 4.617842242913219 -1.730598624091561 0
1881 4.587634778269169 4.246607554012225 0
1882 4.587217551651282 3.504383632702753 0
1883 -0.02627940439588758 4.07809431853468 0
1884 4.592414223991639 -3.499025406518331 0
1885 -4.590080815502208 -3.471867927327196 0
1886 4.60457269871972 3.001039009302115 0
1887 -4.595214149548716 3.000420512197729 0
1888 -4.593958796348065 -1.749016063537681 0
1889 4.601908775152651 -0.00974436907331295 0
1890 -4.593529585138565 -0.00500145531901571 0
1891 0.2454963034323063 4.079060656007572 0
1892 4.589266156546122 1.259187411372421 0
1893 -4.594723197876386 1.261203857580836 0
1894 4.592436989376409 1.73049714227864 0
1895 -4.810764284617898 -3.129598808909699 0
1896 4.593216664388598 -0.4776666175050161 0
1897 -4.589163879969628 -0.4792592198131327 0
1898 -4.595573009079264 1.72671350635882 0
1899 4.602997533738847 -2.981281080232331 0
1900 -4.588968075728246 3.473346864872458 0
1901 4.58244647132977 -2.214006221582498 0
1902 -4.586962847211499 -2.20737819810228 0
1903 -4.829644750499077 -1.375 0
1904 -4.830353089981442 2.625 0
1905 -4.82765842596192 4.361436000001253 0
1906 -4.831442422356029 0.375 0
1907 4.583207142155304 0.4367878913796875 0
1908 -4.832531754730559 -4.375 0
1909 4.832531754730517 -4.374999999999869 0
1910 -4.586309325837342 0.8105096648448875 0
1911 4.832812141078477 -0.8774480376974785 0
1912 -4.833160681070305 -0.875 0
1913 -4.833275782579016 -2.625 0
1914 -4.833329201375169 3.875 0
1915 -0.166903101706281 4.283645853230531 0
1916 4.827095245204869 0.8631232025639204 0
1917 4.58012047045844 2.180691674723523 0
1918 4.579720107712894 -2.592287781591843 0
1919 4.589682435545188 2.540941044208894 0
1920 4.832173842168117 -3.891442994121606 0
1921 -4.832289486546376 -3.891638577905298 0
1922 4.82546723664005 -1.343656379775056 0
1923 -4.847560157327959 2.125 0
1924 -4.816987298107784 -4.816987298107784 0
1925 4.816987298107784 -4.816987298107784 0
1926 4.816987298107784 4.816987298107784 0
1927 -4.816987298107784 4.816987298107784 0
1928 0.1090189413079094 4.842777497213016 0
1929 4.426511037762789 4.105736034447186 0
1930 4.428509552287175 3.638795533346107 0
1931 -4.64859825105294 -3.25496704817836 0
1932 0.4398418297283794 4.820638848180557 0
1933 4.826359769477609 -1.690888941421195 0
1934 -0.08084844533183443 4.605868611428483 0
1935 4.653326870432945 -2.767257624379497 0
$EndNodes
$Elements
3868
1 1 2 11 1 1 5
2 1 2 11 1 5 6
3 1 2 11 1 6 7
4 1 2 11 1 7 8
5 1 2 11 1 8 9
6 1 2 11 1 9 10
7 1 2 11 1 10 11
8 1 2 11 1 11 12
9 1 2 11 1 12 13
10 1 2 11 1 13 14
11 1 2 11 1 14 15
12 1 2 11 1 15 16
13 1 2 11 1 16 17
14 1 2 11 1 17 18
15 1 2 11 1 18 19
16 1 2 11 1 19 20
17 1 2 11 1 20 21
18 1 2 11 1 21 22
19 1 2 11 1 22 23
20 1 2 11 1 23 24
21 1 2 11 1 24 25
22 1 2 11 1 25 26
23 1 2 11 1 26 27
24 1 2 11 1 27 28
25 1 2 11 1 28 29
26 1 2 11 1 29 30
27 1 2 11 1 30 31
28 1 2 11 1 31 32
29 1 2 11 1 32 33
30 1 2 11 1 33 34
31 1 2 11 1 34 35
32 1 2 11 1 35 36
33 1 2 11 1 36 37
34 1 2 11 1 37 38
35 1 2 11 1 38 39
36 1 2 11 1 39 40
37 1 2 11 1 40 41
38 1 2 11 1 41 42
39 1 2 11 1 42 43
40 1 2 11 1 43 2
41 1 2 11 2 2 44
42 1 2 11 2 44 45
43 1 2 11 2 45 46
44 1 2 11 2 46 47
45 1 2 11 2 47 48
46 1 2 11 2 48 49
47 1 2 11 2 49 50
48 1 2 11 2 50 51
49 1 2 11 2 51 52
50 1 2 11 2 52 53
51 1 2 11 2 53 54
52 1 2 11 2 54 55
53 1 2 11 2 55 56
54 1 2 11 2 56 57
55 1 2 11 2 57 58
56 1 2 11 2 58 59
57 1 2 11 2 59 60
58 1 2 11 2 60 61
59 1 2 11 2 61 62
60 1 2 11 2 62 63
61 1 2 11 2 63 64
62 1 2 11 2 64 65
63 1 2 11 2 65 66
64 1 2 11 2 66 67
65 1 2 11 2 67 68
66 1 2 11 2 68 69
67 1 2 11 2 69 70
68 1 2 11 2 70 71
69 1 2 11 2 71 72
70 1 2 11 2 72 73
71 1 2 11 2 73 74
72 1 2 11 2 74 75
73 1 2 11 2 75 76
74 1 2 11 2 76 77
75 1 2 11 2 77 78
76 1 2 11 2 78 79
77 1 2 11 2 79 80
78 1 2 11 2 80 81
79 1 2 11 2 81 82
80 1 2 11 2 82 3
81 1 2 11 3 3 83
82 1 2 11 3 83 84
83 1 2 11 3 84 85
84 1 2 11 3 85 86
85 1 2 11 3 86 87
86 1 2 11 3 87 88
87 1 2 11 3 88 89
88 1 2 11 3 89 90
89 1 2 11 3 90 91
90 1 2 11 3 91 92
91 1 2 11 3 92 93
92 1 2 11 3 93 94
93 1 2 11 3 94 95
94 1 2 11 3 95 96
95 1 2 11 3 96 97
96 1 2 11 3 97 98
97 1 2 11 3 98 99
98 1 2 11 3 99 100
99 1 2 11 3 100 101
100 1 2 11 3 101 102
101 1 2 11 3 102 103
102 1 2 11 3 103 104
103 1 2 11 3 104 105
104 1 2 11 3 105 106
105 1 2 11 3 106 107
106 1 2 11 3 107 108
107 1 2 11 3 108 109
108 1 2 11 3 109 110
109 1 2 11 3 110 111
110 1 2 11 3 111 112
111 1 2 11 3 112 113
112 1 2 11 3 113 114
113 1 2 11 3 114 115
114 1 2 11 3 115 116
115 1 2 11 3 116 117
116 1 2 11 3 117 118
117 1 2 11 3 118 119
118 1 2 11 3 119 120
119 1 2 11 3 120 121
120 1 2 11 3 121 4
121 1 2 11 4 4 122
122 1 2 11 4 122 123
123 1 2 11 4 123 124
124 1 2 11 4 124 125
125 1 2 11 4 125 126
126 1 2 11 4 126 127
127 1 2 11 4 127 128
128 1 2 11 4 128 129
129 1 2 11 4 129 130
130 1 2 11 4 130 131
131 1 2 11 4 131 132
132 1 2 11 4 132 133
133 1 2 11 4 133 134
134 1 2 11 4 134 135
135 1 2 11 4 135 136
136 1 2 11 4 136 137
137 1 2 11 4 137 138
138 1 2 11 4 138 139
139 1 2 11 4 139 140
140 1 2 11 4 140 141
141 1 2 11 4 141 142
142 1 2 11 4 142 143
143 1 2 11 4 143 144
144 1 2 11 4 144 145
145 1 2 11 4 145 146
146 1 2 11 4 146 147
147 1 2 11 4 147 148
148 1 2 11 4 148 149
149 1 2 11 4 149 150
150 1 2 11 4 150 151
151 1 2 11 4 151 152
152 1 2 11 4 152 153
153 1 2 11 4 153 154
154 1 2 11 4 154 155
155 1 2 11 4 155 156
156 1 2 11 4 156 157
157 1 2 11 4 157 158
158 1 2 11 4 158 159
159 1 2 11 4 159 160
160 1 2 11 4 160 1
161 2 2 1 1 219 1267 1266
162 2 2 1 1 1560 1785 207
163 2 2 1 1 1093 1828 1498
164 2 2 1 1 1376 1501 217
165 2 2 1 1 215 1146 1101
166 2 2 1 1 1560 1917 1785
167 2 2 1 1 155 1283 187
168 2 2 1 1 183 1150 49
169 2 2 1 1 162 1495 1104
170 2 2 1 1 1266 1903 219
171 2 2 1 1 170 1554 68
172 2 2 1 1 1105 1257 164
173 2 2 1 1 1391 1494 204
174 2 2 1 1 1599 1600 1019
175 2 2 1 1 217 1910 1376
176 2 2 1 1 1136 1499 223
177 2 2 1 1 1381 1561 184
178 2 2 1 1 182 1500 1098
179 2 2 1 1 183 1493 1103
180 2 2 1 1 1099 1502 218
181 2 2 1 1 170 1496 1100
182 2 2 1 1 1377 1562 172
183 2 2 1 1 1016 1734 1594
184 2 2 1 1 215 1904 1146
185 2 2 1 1 1495 1907 1104
186 2 2 1 1 1136 1881 1499
187 2 2 1 1 211 1932 1160
188 2 2 1 1 1594 1734 1015
189 2 2 1 1 184 1882 1381
190 2 2 1 1 143 1144 218
191 2 2 1 1 1257 1906 164
192 2 2 1 1 205 1428 1142
193 2 2 1 1 1498 1828 1089
194 2 2 1 1 220 1112 1111
195 2 2 1 1 1498 1886 1093
196 2 2 1 1 1391 1901 1494
197 2 2 1 1 1600 1902 1019
198 2 2 1 1 156 1283 155
199 2 2 1 1 49 1150 48
200 2 2 1 1 211 1160 1159
201 2 2 1 1 182 1219 127
202 2 2 1 1 68 1554 67
203 2 2 1 1 183 1884 1150
204 2 2 1 1 1283 1885 187
205 2 2 1 1 195 1217 1108
206 2 2 1 1 45 1193 44
207 2 2 1 1 160 1858 159
208 2 2 1 1 1098 1900 182
209 2 2 1 1 223 1874 1136
210 2 2 1 1 123 1167 122
211 2 2 1 1 174 1111 1109
212 2 2 1 1 1160 1932 1165
213 2 2 1 1 1851 1869 1378
214 2 2 1 1 1493 1899 1103
215 2 2 1 1 120 1166 119
216 2 2 1 1 117 1151 116
217 2 2 1 1 1120 1121 180
218 2 2 1 1 1122 1123 169
219 2 2 1 1 1126 1127 166
220 2 2 1 1 94 1169 93
221 2 2 1 1 1132 1134 194
222 2 2 1 1 85 1172 84
223 2 2 1 1 88 1174 87
224 2 2 1 1 106 1863 105
225 2 2 1 1 922 1864 886
226 2 2 1 1 168 1142 1140
227 2 2 1 1 167 1265 1116
228 2 2 1 1 1121 1699 1154
229 2 2 1 1 1126 1159 878
230 2 2 1 1 144 1144 143
231 2 2 1 1 1186 1188 212
232 2 2 1 1 218 1897 1099
233 2 2 1 1 622 1891 1883
234 2 2 1 1 87 1174 1152
235 2 2 1 1 170 1892 1554
236 2 2 1 1 1119 1181 214
237 2 2 1 1 214 1183 1119
238 2 2 1 1 209 1182 1131
239 2 2 1 1 111 1153 110
240 2 2 1 1 869 1168 870
241 2 2 1 1 1155 1449 871
242 2 2 1 1 113 1156 112
243 2 2 1 1 109 1157 108
244 2 2 1 1 99 1158 98
245 2 2 1 1 884 1171 882
246 2 2 1 1 87 1152 86
247 2 2 1 1 127 1219 126
248 2 2 1 1 213 1878 1157
249 2 2 1 1 1496 1894 1100
250 2 2 1 1 1124 1863 106
251 2 2 1 1 1176 1864 922
252 2 2 1 1 104 1189 103
253 2 2 1 1 216 1869 1148
254 2 2 1 1 922 1860 1176
255 2 2 1 1 107 1124 106
256 2 2 1 1 97 1128 96
257 2 2 1 1 1078 1469 1170
258 2 2 1 1 1377 1898 1562
259 2 2 1 1 196 1281 1279
260 2 2 1 1 1137 1139 193
261 2 2 1 1 1167 1927 122
262 2 2 1 1 1392 1918 173
263 2 2 1 1 1100 1892 170
264 2 2 1 1 172 1893 1377
265 2 2 1 1 220 1113 1112
266 2 2 1 1 206 1553 1143
267 2 2 1 1 1193 1925 44
268 2 2 1 1 160 1924 1858
269 2 2 1 1 1123 1124 169
270 2 2 1 1 1127 1128 166
271 2 2 1 1 210 1170 1130
272 2 2 1 1 188 1176 1175
273 2 2 1 1 1173 1844 1102
274 2 2 1 1 1099 1890 1502
275 2 2 1 1 178 1148 1147
276 2 2 1 1 1154 1878 213
277 2 2 1 1 1149 1869 1851
278 2 2 1 1 1103 1884 183
279 2 2 1 1 1142 1911 205
280 2 2 1 1 1380 1598 1257
281 2 2 1 1 1148 1923 216
282 2 2 1 1 1154 1699 981
283 2 2 1 1 878 1159 879
284 2 2 1 1 224 1167 1118
285 2 2 1 1 1128 1866 1865
286 2 2 1 1 1865 1866 1170
287 2 2 1 1 193 1145 1137
288 2 2 1 1 1279 1282 196
289 2 2 1 1 1809 1917 179
290 2 2 1 1 1851 1876 1149
291 2 2 1 1 1381 1886 1561
292 2 2 1 1 1500 1887 1098
293 2 2 1 1 1176 1860 1175
294 2 2 1 1 194 1152 1132
295 2 2 1 1 1117 1168 192
296 2 2 1 1 1107 1155 186
297 2 2 1 1 180 1156 1120
298 2 2 1 1 169 1157 1122
299 2 2 1 1 166 1158 1126
300 2 2 1 1 1129 1171 175
301 2 2 1 1 1121 1153 180
302 2 2 1 1 169 1124 107
303 2 2 1 1 166 1128 97
304 2 2 1 1 1170 1469 1130
305 2 2 1 1 204 1880 1391
306 2 2 1 1 1188 1189 212
307 2 2 1 1 1883 1891 1163
308 2 2 1 1 178 1147 1146
309 2 2 1 1 1163 1915 1883
310 2 2 1 1 116 1151 186
311 2 2 1 1 186 1151 1107
312 2 2 1 1 119 1166 192
313 2 2 1 1 192 1166 1117
314 2 2 1 1 93 1169 175
315 2 2 1 1 175 1169 1129
316 2 2 1 1 224 1166 120
317 2 2 1 1 1118 1166 224
318 2 2 1 1 1130 1169 210
319 2 2 1 1 210 1169 94
320 2 2 1 1 1134 1172 194
321 2 2 1 1 194 1172 85
322 2 2 1 1 1111 1913 220
323 2 2 1 1 117 1177 1151
324 2 2 1 1 188 1175 1174
325 2 2 1 1 188 1174 88
326 2 2 1 1 1594 1889 1016
327 2 2 1 1 1165 1932 101
328 2 2 1 1 1021 1177 1168
329 2 2 1 1 1121 1154 1153
330 2 2 1 1 1158 1159 1126
331 2 2 1 1 167 1266 1265
332 2 2 1 1 214 1181 1156
333 2 2 1 1 1119 1183 1155
334 2 2 1 1 1131 1182 1171
335 2 2 1 1 180 1153 111
336 2 2 1 1 110 1153 213
337 2 2 1 1 86 1152 194
338 2 2 1 1 870 1168 1117
339 2 2 1 1 1021 1168 869
340 2 2 1 1 1119 1155 871
341 2 2 1 1 112 1156 180
342 2 2 1 1 1107 1449 1155
343 2 2 1 1 214 1156 113
344 2 2 1 1 108 1157 169
345 2 2 1 1 213 1157 109
346 2 2 1 1 98 1158 166
347 2 2 1 1 211 1158 99
348 2 2 1 1 1131 1171 884
349 2 2 1 1 882 1171 1129
350 2 2 1 1 1140 1178 168
351 2 2 1 1 1167 1867 1118
352 2 2 1 1 1380 1910 1598
353 2 2 1 1 1151 1177 1021
354 2 2 1 1 1131 1864 209
355 2 2 1 1 1144 1897 218
356 2 2 1 1 1108 1867 195
357 2 2 1 1 212 1189 104
358 2 2 1 1 103 1189 163
359 2 2 1 1 1164 1915 1163
360 2 2 1 1 1019 1888 1599
361 2 2 1 1 101 1928 1165
362 2 2 1 1 1149 1876 1173
363 2 2 1 1 105 1863 212
364 2 2 1 1 886 1864 1131
365 2 2 1 1 212 1863 1186
366 2 2 1 1 645 1844 1173
367 2 2 1 1 1135 1881 1136
368 2 2 1 1 173 1918 1559
369 2 2 1 1 1143 1907 206
370 2 2 1 1 219 1888 1267
371 2 2 1 1 1189 1868 163
372 2 2 1 1 195 1914 1217
373 2 2 1 1 1415 1879 1872
374 2 2 1 1 1147 1173 1102
375 2 2 1 1 1136 1874 1172
376 2 2 1 1 1381 1882 1028
377 2 2 1 1 1170 1866 1078
378 2 2 1 1 1128 1865 96
379 2 2 1 1 174 1913 1111
380 2 2 1 1 1101 1887 215
381 2 2 1 1 1172 1874 84
382 2 2 1 1 182 1900 1219
383 2 2 1 1 173 1901 1392
384 2 2 1 1 1109 1902 174
385 2 2 1 1 1104 1889 162
386 2 2 1 1 164 1890 1105
387 2 2 1 1 168 1911 1142
388 2 2 1 1 1116 1912 167
389 2 2 1 1 1376 1893 1501
390 2 2 1 1 179 1917 1560
391 2 2 1 1 205 1896 1428
392 2 2 1 1 1785 1894 207
393 2 2 1 1 890 1145 1080
394 2 2 1 1 1137 1145 890
395 2 2 1 1 1278 1282 1277
396 2 2 1 1 1277 1282 1279
397 2 2 1 1 1113 1114 1112
398 2 2 1 1 1870 1871 640
399 2 2 1 1 1123 1125 1124
400 2 2 1 1 1148 1149 1147
401 2 2 1 1 179 1919 1809
402 2 2 1 1 1159 1160 879
403 2 2 1 1 1127 1866 1128
404 2 2 1 1 210 1865 1170
405 2 2 1 1 188 1190 1176
406 2 2 1 1 1872 1879 1115
407 2 2 1 1 1145 1150 1080
408 2 2 1 1 1278 1283 1282
409 2 2 1 1 1598 1910 217
410 2 2 1 1 1168 1177 192
411 2 2 1 1 1132 1152 1133
412 2 2 1 1 92 1182 91
413 2 2 1 1 115 1183 114
414 2 2 1 1 874 1181 872
415 2 2 1 1 998 1724 1184
416 2 2 1 1 192 1177 118
417 2 2 1 1 90 1190 89
418 2 2 1 1 118 1177 117
419 2 2 1 1 1152 1174 1133
420 2 2 1 1 1153 1154 213
421 2 2 1 1 211 1159 1158
422 2 2 1 1 1113 1115 1114
423 2 2 1 1 1149 1173 1147
424 2 2 1 1 1160 1161 879
425 2 2 1 1 1155 1183 186
426 2 2 1 1 1156 1181 1120
427 2 2 1 1 1171 1182 175
428 2 2 1 1 91 1182 209
429 2 2 1 1 175 1182 92
430 2 2 1 1 186 1183 115
431 2 2 1 1 114 1183 214
432 2 2 1 1 872 1181 1119
433 2 2 1 1 1120 1181 874
434 2 2 1 1 1123 1184 1125
435 2 2 1 1 998 1184 1123
436 2 2 1 1 1184 1724 642
437 2 2 1 1 642 1185 1184
438 2 2 1 1 209 1190 90
439 2 2 1 1 89 1190 188
440 2 2 1 1 196 1908 1281
441 2 2 1 1 1139 1909 193
442 2 2 1 1 642 1859 1185
443 2 2 1 1 1185 1859 1187
444 2 2 1 1 1859 1861 1187
445 2 2 1 1 799 1862 1861
446 2 2 1 1 1861 1862 1187
447 2 2 1 1 1114 1871 1870
448 2 2 1 1 1862 1868 1188
449 2 2 1 1 203 1935 1899
450 2 2 1 1 1265 1266 1026
451 2 2 1 1 1125 1863 1124
452 2 2 1 1 1174 1175 1133
453 2 2 1 1 1160 1162 1161
454 2 2 1 1 1266 1267 1026
455 2 2 1 1 1160 1165 1162
456 2 2 1 1 1162 1163 1161
457 2 2 1 1 1175 1191 1133
458 2 2 1 1 1162 1164 1163
459 2 2 1 1 867 1191 643
460 2 2 1 1 1184 1185 1125
461 2 2 1 1 1133 1191 867
462 2 2 1 1 643 1191 644
463 2 2 1 1 1185 1186 1125
464 2 2 1 1 1026 1267 977
465 2 2 1 1 977 1267 1017
466 2 2 1 1 1185 1187 1186
467 2 2 1 1 1187 1188 1186
468 2 2 1 1 1192 1492 222
469 2 2 1 1 222 1193 1192
470 2 2 1 1 1194 1492 1192
471 2 2 1 1 1032 1841 1276
472 2 2 1 1 1194 1276 189
473 2 2 1 1 189 1492 1194
474 2 2 1 1 1196 1845 1319
475 2 2 1 1 1276 1841 189
476 2 2 1 1 39 1201 38
477 2 2 1 1 1319 1845 176
478 2 2 1 1 202 1558 1198
479 2 2 1 1 1035 1782 1774
480 2 2 1 1 1195 1197 201
481 2 2 1 1 1197 1489 201
482 2 2 1 1 1198 1327 202
483 2 2 1 1 176 1650 1319
484 2 2 1 1 1327 1491 202
485 2 2 1 1 201 1200 1195
486 2 2 1 1 1327 1650 1491
487 2 2 1 1 1491 1650 176
488 2 2 1 1 38 1201 185
489 2 2 1 1 185 1201 1199
490 2 2 1 1 1197 1490 1489
491 2 2 1 1 32 1200 31
492 2 2 1 1 1200 1845 1196
493 2 2 1 1 1490 1818 1063
494 2 2 1 1 28 1817 27
495 2 2 1 1 31 1200 201
496 2 2 1 1 1199 1782 185
497 2 2 1 1 1558 1782 1198
498 2 2 1 1 200 1408 1406
499 2 2 1 1 1406 1407 200
500 2 2 1 1 1201 1841 1032
501 2 2 1 1 1407 1485 200
502 2 2 1 1 1198 1782 1035
503 2 2 1 1 1197 1818 1490
504 2 2 1 1 1407 1486 1485
505 2 2 1 1 27 1817 1408
506 2 2 1 1 1774 1782 1199
507 2 2 1 1 165 1830 1817
508 2 2 1 1 39 1841 1201
509 2 2 1 1 465 1255 430
510 2 2 1 1 27 1408 26
511 2 2 1 1 199 1305 1303
512 2 2 1 1 1303 1484 199
513 2 2 1 1 22 1306 21
514 2 2 1 1 26 1408 200
515 2 2 1 1 1301 1484 1303
516 2 2 1 1 1195 1200 1196
517 2 2 1 1 820 1589 1488
518 2 2 1 1 1202 1272 493
519 2 2 1 1 496 1271 469
520 2 2 1 1 668 1827 666
521 2 2 1 1 199 1306 1305
522 2 2 1 1 1490 1830 165
523 2 2 1 1 1249 1856 1248
524 2 2 1 1 171 1484 1301
525 2 2 1 1 1427 1846 897
526 2 2 1 1 1487 1855 1307
527 2 2 1 1 1715 1825 1716
528 2 2 1 1 21 1306 199
529 2 2 1 1 171 1301 1300
530 2 2 1 1 1246 1521 1244
531 2 2 1 1 756 1843 757
532 2 2 1 1 392 1412 1411
533 2 2 1 1 1039 1758 1411
534 2 2 1 1 1407 1749 1486
535 2 2 1 1 484 1255 465
536 2 2 1 1 518 1328 1254
537 2 2 1 1 165 1817 28
538 2 2 1 1 302 1711 303
539 2 2 1 1 1446 1503 573
540 2 2 1 1 579 1563 1223
541 2 2 1 1 1307 1855 1780
542 2 2 1 1 493 1271 1202
543 2 2 1 1 1218 1332 856
544 2 2 1 1 1406 1408 1036
545 2 2 1 1 1242 1329 1240
546 2 2 1 1 1252 1255 484
547 2 2 1 1 1444 1446 573
548 2 2 1 1 1411 1758 392
549 2 2 1 1 573 1537 1444
550 2 2 1 1 1205 1420 574
551 2 2 1 1 1727 1818 892
552 2 2 1 1 1733 1749 1001
553 2 2 1 1 1063 1830 1490
554 2 2 1 1 1302 1853 1776
555 2 2 1 1 834 1313 1203
556 2 2 1 1 837 1231 1230
557 2 2 1 1 1716 1825 1297
558 2 2 1 1 1444 1537 1443
559 2 2 1 1 837 1230 668
560 2 2 1 1 1768 1775 1253
561 2 2 1 1 1256 1270 838
562 2 2 1 1 1461 1834 1462
563 2 2 1 1 772 1459 1210
564 2 2 1 1 1203 1313 1042
565 2 2 1 1 778 1482 1209
566 2 2 1 1 1488 1749 820
567 2 2 1 1 1689 1806 1074
568 2 2 1 1 496 1330 1271
569 2 2 1 1 1007 1418 1204
570 2 2 1 1 1443 1537 290
571 2 2 1 1 347 1435 349
572 2 2 1 1 336 1635 343
573 2 2 1 1 1223 1563 1220
574 2 2 1 1 1519 1521 1250
575 2 2 1 1 484 1519 1252
576 2 2 1 1 1253 1775 1255
577 2 2 1 1 1206 1208 583
578 2 2 1 1 1230 1827 668
579 2 2 1 1 1291 1557 1300
580 2 2 1 1 392 1435 1412
581 2 2 1 1 838 1380 1256
582 2 2 1 1 1209 1482 1053
583 2 2 1 1 1359 1514 1357
584 2 2 1 1 22 1794 1306
585 2 2 1 1 1300 1557 171
586 2 2 1 1 1208 1667 583
587 2 2 1 1 1052 1330 1049
588 2 2 1 1 469 1271 493
589 2 2 1 1 198 1557 1291
590 2 2 1 1 273 1547 271
591 2 2 1 1 290 1447 1443
592 2 2 1 1 1216 1218 856
593 2 2 1 1 1203 1640 1450
594 2 2 1 1 1329 1505 1240
595 2 2 1 1 1369 1626 1368
596 2 2 1 1 1396 1826 1395
597 2 2 1 1 583 1225 1206
598 2 2 1 1 1089 1828 1088
599 2 2 1 1 1213 1214 277
600 2 2 1 1 1034 1786 1650
601 2 2 1 1 1315 1678 387
602 2 2 1 1 603 1451 1450
603 2 2 1 1 1641 1667 1208
604 2 2 1 1 1256 1380 1257
605 2 2 1 1 1240 1505 1239
606 2 2 1 1 32 1845 1200
607 2 2 1 1 836 1418 1007
608 2 2 1 1 462 1273 455
609 2 2 1 1 1252 1519 1250
610 2 2 1 1 1486 1749 1488
611 2 2 1 1 1650 1786 1319
612 2 2 1 1 1042 1640 1203
613 2 2 1 1 1239 1505 604
614 2 2 1 1 899 1585 1224
615 2 2 1 1 1450 1640 603
616 2 2 1 1 1225 1758 1039
617 2 2 1 1 1138 1746 1194
618 2 2 1 1 1314 1678 1315
619 2 2 1 1 1285 1448 576
620 2 2 1 1 828 1612 829
621 2 2 1 1 1204 1420 1007
622 2 2 1 1 838 1270 837
623 2 2 1 1 1802 1804 377
624 2 2 1 1 1223 1795 579
625 2 2 1 1 1074 1313 834
626 2 2 1 1 1250 1521 1246
627 2 2 1 1 307 1824 1395
628 2 2 1 1 395 1762 1211
629 2 2 1 1 391 1667 1641
630 2 2 1 1 1287 1483 1289
631 2 2 1 1 757 1843 1309
632 2 2 1 1 282 1222 275
633 2 2 1 1 908 1418 836
634 2 2 1 1 1616 1822 943
635 2 2 1 1 1459 1511 1210
636 2 2 1 1 906 1838 1012
637 2 2 1 1 1233 1356 301
638 2 2 1 1 753 1529 1234
639 2 2 1 1 185 1782 1558
640 2 2 1 1 198 1291 1289
641 2 2 1 1 1289 1483 198
642 2 2 1 1 1255 1775 430
643 2 2 1 1 1349 1351 624
644 2 2 1 1 725 1848 786
645 2 2 1 1 856 1331 1216
646 2 2 1 1 936 1854 1790
647 2 2 1 1 991 1387 1314
648 2 2 1 1 1333 1421 1068
649 2 2 1 1 1229 1818 1727
650 2 2 1 1 1651 1788 557
651 2 2 1 1 299 1393 302
652 2 2 1 1 1234 1529 984
653 2 2 1 1 535 1476 540
654 2 2 1 1 1220 1563 385
655 2 2 1 1 1043 1569 1211
656 2 2 1 1 1221 1418 908
657 2 2 1 1 709 1432 1229
658 2 2 1 1 1043 1654 1569
659 2 2 1 1 23 1794 22
660 2 2 1 1 958 1284 1215
661 2 2 1 1 1244 1521 1254
662 2 2 1 1 1055 1766 1275
663 2 2 1 1 277 1222 1213
664 2 2 1 1 1254 1521 518
665 2 2 1 1 626 1626 1369
666 2 2 1 1 1340 1401 923
667 2 2 1 1 1055 1777 1766
668 2 2 1 1 1387 1678 1314
669 2 2 1 1 1696 1765 308
670 2 2 1 1 1529 1705 984
671 2 2 1 1 955 1284 958
672 2 2 1 1 1721 1762 395
673 2 2 1 1 1375 1376 862
674 2 2 1 1 1205 1765 1696
675 2 2 1 1 301 1434 1233
676 2 2 1 1 1351 1526 624
677 2 2 1 1 495 1584 481
678 2 2 1 1 897 1846 1417
679 2 2 1 1 908 1419 1221
680 2 2 1 1 1038 1231 1228
681 2 2 1 1 1048 1383 1263
682 2 2 1 1 385 1235 1220
683 2 2 1 1 1215 1285 958
684 2 2 1 1 603 1533 1451
685 2 2 1 1 604 1527 1239
686 2 2 1 1 1373 1375 862
687 2 2 1 1 1275 1766 982
688 2 2 1 1 1231 1661 1228
689 2 2 1 1 493 1273 462
690 2 2 1 1 579 1795 1619
691 2 2 1 1 820 1749 1733
692 2 2 1 1 1224 1585 1222
693 2 2 1 1 1328 1329 1254
694 2 2 1 1 290 1587 1447
695 2 2 1 1 1711 1824 307
696 2 2 1 1 1049 1330 1048
697 2 2 1 1 1352 1792 1614
698 2 2 1 1 1337 1819 1774
699 2 2 1 1 957 1284 955
700 2 2 1 1 1074 1806 1313
701 2 2 1 1 1306 1794 1307
702 2 2 1 1 524 1414 1232
703 2 2 1 1 1462 1834 910
704 2 2 1 1 1752 1816 1446
705 2 2 1 1 310 1260 293
706 2 2 1 1 1514 1711 302
707 2 2 1 1 1229 1727 709
708 2 2 1 1 832 1662 846
709 2 2 1 1 353 1225 355
710 2 2 1 1 303 1711 307
711 2 2 1 1 560 1401 1340
712 2 2 1 1 1210 1482 772
713 2 2 1 1 177 1483 1287
714 2 2 1 1 1261 1434 557
715 2 2 1 1 1233 1434 1261
716 2 2 1 1 349 1435 392
717 2 2 1 1 385 1565 1235
718 2 2 1 1 391 1641 1467
719 2 2 1 1 574 1765 1205
720 2 2 1 1 1396 1626 933
721 2 2 1 1 1005 1789 1753
722 2 2 1 1 1041 1476 1226
723 2 2 1 1 1754 1811 1072
724 2 2 1 1 1254 1329 1242
725 2 2 1 1 275 1222 277
726 2 2 1 1 630 1269 805
727 2 2 1 1 845 1435 347
728 2 2 1 1 1249 1816 1752
729 2 2 1 1 957 1511 1284
730 2 2 1 1 1339 1588 1544
731 2 2 1 1 1209 1616 778
732 2 2 1 1 1691 1820 282
733 2 2 1 1 1307 1794 1487
734 2 2 1 1 1316 1814 1805
735 2 2 1 1 258 1587 256
736 2 2 1 1 285 1421 1333
737 2 2 1 1 343 1635 933
738 2 2 1 1 1348 1804 1802
739 2 2 1 1 1072 1470 925
740 2 2 1 1 1053 1482 1210
741 2 2 1 1 534 1385 1227
742 2 2 1 1 935 1526 1351
743 2 2 1 1 1271 1330 1052
744 2 2 1 1 545 1571 547
745 2 2 1 1 688 1481 1419
746 2 2 1 1 991 1628 1387
747 2 2 1 1 1210 1511 957
748 2 2 1 1 1774 1819 1035
749 2 2 1 1 796 1379 838
750 2 2 1 1 1227 1476 534
751 2 2 1 1 1470 1612 925
752 2 2 1 1 916 1666 1405
753 2 2 1 1 1330 1383 1048
754 2 2 1 1 1539 1588 1339
755 2 2 1 1 331 1635 336
756 2 2 1 1 355 1225 583
757 2 2 1 1 1448 1587 576
758 2 2 1 1 858 1389 1003
759 2 2 1 1 933 1635 1396
760 2 2 1 1 1206 1225 1039
761 2 2 1 1 1405 1666 1404
762 2 2 1 1 282 1224 1222
763 2 2 1 1 1044 1735 1619
764 2 2 1 1 1357 1514 1393
765 2 2 1 1 277 1547 273
766 2 2 1 1 271 1547 575
767 2 2 1 1 576 1577 1285
768 2 2 1 1 1007 1420 1205
769 2 2 1 1 1228 1264 1038
770 2 2 1 1 1211 1569 395
771 2 2 1 1 1226 1612 1041
772 2 2 1 1 1362 1514 1359
773 2 2 1 1 1272 1273 493
774 2 2 1 1 1270 1661 1231
775 2 2 1 1 1214 1547 277
776 2 2 1 1 1258 1259 584
777 2 2 1 1 846 1662 1326
778 2 2 1 1 1385 1479 1227
779 2 2 1 1 1395 1826 307
780 2 2 1 1 1235 1565 1237
781 2 2 1 1 301 1393 299
782 2 2 1 1 541 1533 544
783 2 2 1 1 557 1788 1261
784 2 2 1 1 976 1646 1388
785 2 2 1 1 989 1628 991
786 2 2 1 1 1212 1343 1342
787 2 2 1 1 1812 1835 1272
788 2 2 1 1 837 1270 1231
789 2 2 1 1 1212 1342 1341
790 2 2 1 1 1022 1428 863
791 2 2 1 1 1368 1626 1396
792 2 2 1 1 816 1833 1092
793 2 2 1 1 1404 1666 920
794 2 2 1 1 984 1705 1662
795 2 2 1 1 1737 1761 1350
796 2 2 1 1 1001 1749 1407
797 2 2 1 1 534 1476 535
798 2 2 1 1 1344 1347 605
799 2 2 1 1 805 1269 873
800 2 2 1 1 925 1612 828
801 2 2 1 1 865 1389 858
802 2 2 1 1 1194 1746 1276
803 2 2 1 1 1142 1428 1022
804 2 2 1 1 1285 1580 1448
805 2 2 1 1 630 1460 1269
806 2 2 1 1 920 1686 1404
807 2 2 1 1 1268 1414 582
808 2 2 1 1 771 1458 1262
809 2 2 1 1 666 1827 821
810 2 2 1 1 1262 1459 771
811 2 2 1 1 1079 1690 1506
812 2 2 1 1 1419 1481 1221
813 2 2 1 1 1044 1743 1735
814 2 2 1 1 1315 1814 1316
815 2 2 1 1 177 1287 1286
816 2 2 1 1 1308 1310 401
817 2 2 1 1 605 1584 495
818 2 2 1 1 605 1624 1344
819 2 2 1 1 624 1584 1349
820 2 2 1 1 1369 1729 626
821 2 2 1 1 640 1438 1312
822 2 2 1 1 1070 1622 745
823 2 2 1 1 866 1746 1138
824 2 2 1 1 915 1611 914
825 2 2 1 1 1232 1414 1056
826 2 2 1 1 1752 1856 1249
827 2 2 1 1 1306 1307 1305
828 2 2 1 1 1336 1552 1468
829 2 2 1 1 1350 1761 1351
830 2 2 1 1 528 1801 982
831 2 2 1 1 808 1850 733
832 2 2 1 1 829 1612 1226
833 2 2 1 1 1229 1432 1062
834 2 2 1 1 1068 1421 1204
835 2 2 1 1 1285 1577 958
836 2 2 1 1 1232 1438 524
837 2 2 1 1 1468 1552 843
838 2 2 1 1 1354 1808 845
839 2 2 1 1 1564 1728 1237
840 2 2 1 1 1393 1514 302
841 2 2 1 1 1002 1833 1034
842 2 2 1 1 1088 1847 1202
843 2 2 1 1 1346 1762 1721
844 2 2 1 1 229 1286 901
845 2 2 1 1 584 1260 310
846 2 2 1 1 1828 1847 1088
847 2 2 1 1 1356 1393 301
848 2 2 1 1 582 1413 1268
849 2 2 1 1 565 1479 1385
850 2 2 1 1 1234 1691 753
851 2 2 1 1 1455 1456 1060
852 2 2 1 1 540 1476 1041
853 2 2 1 1 1420 1784 574
854 2 2 1 1 578 1604 594
855 2 2 1 1 1506 1668 1079
856 2 2 1 1 1379 1380 838
857 2 2 1 1 1649 1836 1058
858 2 2 1 1 1568 1779 320
859 2 2 1 1 1467 1621 391
860 2 2 1 1 757 1825 1715
861 2 2 1 1 923 1402 1340
862 2 2 1 1 1062 1432 1431
863 2 2 1 1 1310 1311 401
864 2 2 1 1 981 1699 985
865 2 2 1 1 1447 1587 1448
866 2 2 1 1 1040 1661 1270
867 2 2 1 1 1215 1580 1285
868 2 2 1 1 1308 1672 1299
869 2 2 1 1 1353 1535 340
870 2 2 1 1 1005 1795 1789
871 2 2 1 1 1110 1312 1057
872 2 2 1 1 1320 1702 1645
873 2 2 1 1 1286 1287 901
874 2 2 1 1 1404 1686 1403
875 2 2 1 1 585 1632 1623
876 2 2 1 1 931 1831 1756
877 2 2 1 1 1072 1811 1470
878 2 2 1 1 1000 1787 1778
879 2 2 1 1 1082 1743 1004
880 2 2 1 1 1488 1855 1487
881 2 2 1 1 1797 1839 190
882 2 2 1 1 1776 1853 1716
883 2 2 1 1 667 1373 862
884 2 2 1 1 1236 1527 913
885 2 2 1 1 1292 1300 1296
886 2 2 1 1 1263 1383 500
887 2 2 1 1 500 1437 1263
888 2 2 1 1 1064 1264 1228
889 2 2 1 1 256 1587 290
890 2 2 1 1 1056 1414 1268
891 2 2 1 1 1209 1822 1616
892 2 2 1 1 1260 1651 293
893 2 2 1 1 953 1679 1669
894 2 2 1 1 1274 1439 1066
895 2 2 1 1 1382 1622 1070
896 2 2 1 1 584 1634 1258
897 2 2 1 1 1692 1730 632
898 2 2 1 1 916 1747 835
899 2 2 1 1 1048 1263 919
900 2 2 1 1 976 1388 1026
901 2 2 1 1 1239 1527 1236
902 2 2 1 1 1421 1784 1420
903 2 2 1 1 576 1587 258
904 2 2 1 1 401 1672 1308
905 2 2 1 1 551 1328 489
906 2 2 1 1 542 1394 494
907 2 2 1 1 547 1571 599
908 2 2 1 1 900 1341 665
909 2 2 1 1 984 1662 832
910 2 2 1 1 856 1332 855
911 2 2 1 1 1005 1753 859
912 2 2 1 1 1277 1279 865
913 2 2 1 1 1130 1469 881
914 2 2 1 1 1390 1391 889
915 2 2 1 1 1216 1331 903
916 2 2 1 1 1645 1702 945
917 2 2 1 1 982 1801 1275
918 2 2 1 1 1591 1743 1082
919 2 2 1 1 1237 1728 1238
920 2 2 1 1 161 1794 23
921 2 2 1 1 197 1556 227
922 2 2 1 1 601 1571 545
923 2 2 1 1 1323 1714 1326
924 2 2 1 1 1402 1639 1340
925 2 2 1 1 606 1533 541
926 2 2 1 1 1259 1260 584
927 2 2 1 1 1347 1584 605
928 2 2 1 1 1604 1617 847
929 2 2 1 1 1352 1614 883
930 2 2 1 1 235 1532 237
931 2 2 1 1 806 1277 865
932 2 2 1 1 377 1804 1581
933 2 2 1 1 1309 1825 757
934 2 2 1 1 1269 1777 1055
935 2 2 1 1 1060 1458 1455
936 2 2 1 1 1260 1788 1651
937 2 2 1 1 1262 1511 1459
938 2 2 1 1 1300 1301 1296
939 2 2 1 1 1339 1544 457
940 2 2 1 1 481 1584 624
941 2 2 1 1 703 1478 1317
942 2 2 1 1 1405 1747 916
943 2 2 1 1 1273 1751 455
944 2 2 1 1 862 1379 796
945 2 2 1 1 1062 1431 819
946 2 2 1 1 1326 1714 846
947 2 2 1 1 1468 1621 1467
948 2 2 1 1 1735 1743 181
949 2 2 1 1 646 1331 856
950 2 2 1 1 1458 1630 1455
951 2 2 1 1 1422 1429 350
952 2 2 1 1 416 1339 457
953 2 2 1 1 561 1400 560
954 2 2 1 1 641 1372 930
955 2 2 1 1 511 1660 513
956 2 2 1 1 843 1621 1468
957 2 2 1 1 1083 1676 1669
958 2 2 1 1 1297 1776 1716
959 2 2 1 1 1370 1729 1369
960 2 2 1 1 464 1320 490
961 2 2 1 1 821 1832 1043
962 2 2 1 1 544 1533 603
963 2 2 1 1 1099 1767 887
964 2 2 1 1 1623 1632 937
965 2 2 1 1 1040 1270 1256
966 2 2 1 1 769 1459 772
967 2 2 1 1 1212 1341 900
968 2 2 1 1 241 1311 243
969 2 2 1 1 1607 1722 453
970 2 2 1 1 525 1438 553
971 2 2 1 1 1400 1401 560
972 2 2 1 1 1791 1810 704
973 2 2 1 1 771 1630 1458
974 2 2 1 1 441 1474 473
975 2 2 1 1 624 1526 471
976 2 2 1 1 568 1523 1386
977 2 2 1 1 702 1546 1478
978 2 2 1 1 706 1432 709
979 2 2 1 1 897 1843 756
980 2 2 1 1 812 1676 1083
981 2 2 1 1 914 1611 1065
982 2 2 1 1 1026 1388 1265
983 2 2 1 1 1262 1458 1059
984 2 2 1 1 1071 1535 1353
985 2 2 1 1 1354 1673 1355
986 2 2 1 1 1355 1673 1453
987 2 2 1 1 1614 1792 1402
988 2 2 1 1 1613 1634 320
989 2 2 1 1 1403 1508 694
990 2 2 1 1 1619 1795 1044
991 2 2 1 1 826 1264 670
992 2 2 1 1 1425 1426 940
993 2 2 1 1 1456 1457 1060
994 2 2 1 1 1336 1468 1466
995 2 2 1 1 1570 1644 1457
996 2 2 1 1 551 1329 1328
997 2 2 1 1 553 1438 640
998 2 2 1 1 658 1415 861
999 2 2 1 1 1091 1772 1723
1000 2 2 1 1 771 1459 769
1001 2 2 1 1 1388 1646 946
1002 2 2 1 1 1408 1817 1036
1003 2 2 1 1 1258 1634 1613
1004 2 2 1 1 1478 1546 1317
1005 2 2 1 1 1346 1721 1581
1006 2 2 1 1 243 1633 245
1007 2 2 1 1 478 1335 607
1008 2 2 1 1 489 1328 487
1009 2 2 1 1 1546 1611 915
1010 2 2 1 1 227 1556 1286
1011 2 2 1 1 418 1540 419
1012 2 2 1 1 479 1639 1402
1013 2 2 1 1 496 1383 1330
1014 2 2 1 1 621 1461 622
1015 2 2 1 1 1317 1586 703
1016 2 2 1 1 809 1661 1040
1017 2 2 1 1 841 1457 824
1018 2 2 1 1 847 1617 1352
1019 2 2 1 1 1224 1771 899
1020 2 2 1 1 940 1610 1425
1021 2 2 1 1 967 1381 1028
1022 2 2 1 1 1611 1703 1065
1023 2 2 1 1 1333 1523 285
1024 2 2 1 1 497 1383 496
1025 2 2 1 1 911 1608 656
1026 2 2 1 1 758 1427 897
1027 2 2 1 1 1669 1679 1083
1028 2 2 1 1 1092 1833 1790
1029 2 2 1 1 1312 1438 1232
1030 2 2 1 1 442 1474 441
1031 2 2 1 1 661 1373 667
1032 2 2 1 1 703 1586 1583
1033 2 2 1 1 848 1352 883
1034 2 2 1 1 1263 1437 917
1035 2 2 1 1 1426 1566 940
1036 2 2 1 1 1211 1762 1212
1037 2 2 1 1 1324 1574 1397
1038 2 2 1 1 1542 1657 1540
1039 2 2 1 1 314 1634 312
1040 2 2 1 1 1335 1336 607
1041 2 2 1 1 707 1815 989
1042 2 2 1 1 1004 1743 1044
1043 2 2 1 1 1386 1523 1333
1044 2 2 1 1 1344 1624 1342
1045 2 2 1 1 655 1415 658
1046 2 2 1 1 731 1689 1545
1047 2 2 1 1 804 1449 1372
1048 2 2 1 1 807 1390 889
1049 2 2 1 1 436 1601 438
1050 2 2 1 1 494 1394 526
1051 2 2 1 1 513 1440 515
1052 2 2 1 1 515 1440 519
1053 2 2 1 1 627 1372 628
1054 2 2 1 1 1391 1717 889
1055 2 2 1 1 420 1517 400
1056 2 2 1 1 552 1505 551
1057 2 2 1 1 1338 1425 715
1058 2 2 1 1 1524 1543 928
1059 2 2 1 1 1299 1532 1430
1060 2 2 1 1 1320 1645 490
1061 2 2 1 1 670 1588 1539
1062 2 2 1 1 1318 1786 816
1063 2 2 1 1 1060 1457 841
1064 2 2 1 1 1677 1704 849
1065 2 2 1 1 1073 1568 1567
1066 2 2 1 1 228 1619 226
1067 2 2 1 1 604 1608 1527
1068 2 2 1 1 639 934 863
1069 2 2 1 1 903 1331 648
1070 2 2 1 1 733 1806 1689
1071 2 2 1 1 1059 1458 1060
1072 2 2 1 1 1237 1565 1564
1073 2 2 1 1 1286 1556 177
1074 2 2 1 1 229 231 230
1075 2 2 1 1 550 1532 235
1076 2 2 1 1 401 1311 241
1077 2 2 1 1 1311 1633 243
1078 2 2 1 1 363 1621 843
1079 2 2 1 1 419 1540 458
1080 2 2 1 1 459 1371 421
1081 2 2 1 1 438 1601 475
1082 2 2 1 1 1723 1772 461
1083 2 2 1 1 514 1520 512
1084 2 2 1 1 520 1385 522
1085 2 2 1 1 604 1505 552
1086 2 2 1 1 588 1750 563
1087 2 2 1 1 1474 1604 578
1088 2 2 1 1 582 1575 1413
1089 2 2 1 1 617 1694 1693
1090 2 2 1 1 794 1461 621
1091 2 2 1 1 1461 1462 622
1092 2 2 1 1 628 1372 641
1093 2 2 1 1 641 930 869
1094 2 2 1 1 870 903 648
1095 2 2 1 1 691 1403 694
1096 2 2 1 1 694 1508 696
1097 2 2 1 1 797 998 877
1098 2 2 1 1 805 872 871
1099 2 2 1 1 896 1062 819
1100 2 2 1 1 852 1835 1812
1101 2 2 1 1 1287 1288 901
1102 2 2 1 1 1220 1235 913
1103 2 2 1 1 924 1409 1071
1104 2 2 1 1 930 1107 1021
1105 2 2 1 1 1372 1449 930
1106 2 2 1 1 936 1657 1542
1107 2 2 1 1 1699 1757 985
1108 2 2 1 1 994 1649 996
1109 2 2 1 1 1063 1229 1062
1110 2 2 1 1 1544 1588 1064
1111 2 2 1 1 1409 1535 1071
1112 2 2 1 1 1082 1763 1591
1113 2 2 1 1 1789 1795 1223
1114 2 2 1 1 1292 1294 1293
1115 2 2 1 1 1299 1430 1295
1116 2 2 1 1 1303 1304 1302
1117 2 2 1 1 1310 1417 1311
1118 2 2 1 1 1370 1732 1729
1119 2 2 1 1 1654 1655 389
1120 2 2 1 1 917 1437 589
1121 2 2 1 1 594 1604 847
1122 2 2 1 1 1413 1575 973
1123 2 2 1 1 1723 1736 1091
1124 2 2 1 1 253 1784 285
1125 2 2 1 1 866 1137 890
1126 2 2 1 1 918 919 917
1127 2 2 1 1 1012 1838 1710
1128 2 2 1 1 1466 1480 1336
1129 2 2 1 1 320 1779 1613
1130 2 2 1 1 471 1526 439
1131 2 2 1 1 1067 1474 442
1132 2 2 1 1 523 1660 511
1133 2 2 1 1 522 1385 534
1134 2 2 1 1 1425 1610 715
1135 2 2 1 1 1066 1439 840
1136 2 2 1 1 1376 1379 862
1137 2 2 1 1 888 1690 1103
1138 2 2 1 1 905 1411 906
1139 2 2 1 1 1025 1553 1096
1140 2 2 1 1 1138 1192 1139
1141 2 2 1 1 1226 1476 1227
1142 2 2 1 1 1299 1672 1532
1143 2 2 1 1 1343 1344 1342
1144 2 2 1 1 972 1655 1654
1145 2 2 1 1 1709 1759 1023
1146 2 2 1 1 1033 1198 1035
1147 2 2 1 1 1553 1554 1096
1148 2 2 1 1 745 1622 427
1149 2 2 1 1 1732 1799 452
1150 2 2 1 1 1527 1608 911
1151 2 2 1 1 1045 1356 1233
1152 2 2 1 1 1070 1644 1570
1153 2 2 1 1 1085 1754 1687
1154 2 2 1 1 1222 1585 1213
1155 2 2 1 1 1360 1739 1685
1156 2 2 1 1 1386 1543 1524
1157 2 2 1 1 225 1735 181
1158 2 2 1 1 589 1437 504
1159 2 2 1 1 592 1668 1506
1160 2 2 1 1 1321 1400 644
1161 2 2 1 1 695 1675 698
1162 2 2 1 1 992 1314 997
1163 2 2 1 1 550 1688 1430
1164 2 2 1 1 665 1341 652
1165 2 2 1 1 698 1707 693
1166 2 2 1 1 715 1583 1338
1167 2 2 1 1 978 1413 975
1168 2 2 1 1 582 1414 488
1169 2 2 1 1 500 1383 497
1170 2 2 1 1 502 1550 503
1171 2 2 1 1 551 1505 1329
1172 2 2 1 1 1386 1524 568
1173 2 2 1 1 1238 1240 1239
1174 2 2 1 1 1275 1801 1757
1175 2 2 1 1 1324 1714 1323
1176 2 2 1 1 1549 1652 1325
1177 2 2 1 1 1583 1586 1338
1178 2 2 1 1 231 1471 233
1179 2 2 1 1 426 1454 408
1180 2 2 1 1 414 1334 460
1181 2 2 1 1 537 1520 514
1182 2 2 1 1 518 1521 1519
1183 2 2 1 1 631 1331 646
1184 2 2 1 1 698 1675 1631
1185 2 2 1 1 1411 1412 906
1186 2 2 1 1 1516 1678 932
1187 2 2 1 1 1778 1787 1066
1188 2 2 1 1 1287 1289 1288
1189 2 2 1 1 1322 1574 1324
1190 2 2 1 1 596 653 647
1191 2 2 1 1 297 1652 1549
1192 2 2 1 1 350 1429 348
1193 2 2 1 1 373 1515 377
1194 2 2 1 1 626 1729 445
1195 2 2 1 1 1471 1688 550
1196 2 2 1 1 595 1400 561
1197 2 2 1 1 562 852 588
1198 2 2 1 1 855 1332 1009
1199 2 2 1 1 1108 1216 903
1200 2 2 1 1 1057 1312 1232
1201 2 2 1 1 1217 1218 1216
1202 2 2 1 1 533 1579 532
1203 2 2 1 1 689 1748 692
1204 2 2 1 1 696 1508 701
1205 2 2 1 1 722 1541 724
1206 2 2 1 1 760 1427 758
1207 2 2 1 1 1457 1644 824
1208 2 2 1 1 866 1138 1137
1209 2 2 1 1 1447 1448 909
1210 2 2 1 1 1334 1647 1552
1211 2 2 1 1 296 1434 301
1212 2 2 1 1 892 1818 1197
1213 2 2 1 1 1448 1580 909
1214 2 2 1 1 1450 1451 1085
1215 2 2 1 1 1192 1193 1139
1216 2 2 1 1 513 1660 1440
1217 2 2 1 1 814 1318 816
1218 2 2 1 1 1009 1098 1094
1219 2 2 1 1 1196 1319 1318
1220 2 2 1 1 1241 1242 1240
1221 2 2 1 1 294 1434 296
1222 2 2 1 1 408 1436 405
1223 2 2 1 1 751 1540 418
1224 2 2 1 1 426 1456 1454
1225 2 2 1 1 460 1335 478
1226 2 2 1 1 470 1463 498
1227 2 2 1 1 487 1328 518
1228 2 2 1 1 866 890 664
1229 2 2 1 1 685 1481 688
1230 2 2 1 1 871 1449 804
1231 2 2 1 1 898 1418 1221
1232 2 2 1 1 1104 1679 953
1233 2 2 1 1 1314 1315 997
1234 2 2 1 1 1027 1106 1090
1235 2 2 1 1 1051 1088 1052
1236 2 2 1 1 1204 1421 1420
1237 2 2 1 1 1426 1663 1566
1238 2 2 1 1 1532 1672 237
1239 2 2 1 1 313 1452 422
1240 2 2 1 1 325 1530 326
1241 2 2 1 1 353 1758 1225
1242 2 2 1 1 1504 1515 371
1243 2 2 1 1 384 1398 376
1244 2 2 1 1 402 1510 383
1245 2 2 1 1 386 1516 399
1246 2 2 1 1 443 1538 626
1247 2 2 1 1 1334 1335 460
1248 2 2 1 1 463 1463 470
1249 2 2 1 1 464 490 467
1250 2 2 1 1 472 1549 1410
1251 2 2 1 1 473 578 491
1252 2 2 1 1 518 1519 485
1253 2 2 1 1 524 1438 525
1254 2 2 1 1 572 828 625
1255 2 2 1 1 1336 1480 607
1256 2 2 1 1 613 1464 833
1257 2 2 1 1 617 618 616
1258 2 2 1 1 619 620 618
1259 2 2 1 1 648 1331 631
1260 2 2 1 1 632 1730 800
1261 2 2 1 1 633 1424 812
1262 2 2 1 1 807 889 635
1263 2 2 1 1 827 911 656
1264 2 2 1 1 674 1583 672
1265 2 2 1 1 682 1507 713
1266 2 2 1 1 819 1431 711
1267 2 2 1 1 712 1733 818
1268 2 2 1 1 717 1384 716
1269 2 2 1 1 724 1541 727
1270 2 2 1 1 1322 1323 736
1271 2 2 1 1 1073 1567 830
1272 2 2 1 1 1552 1647 843
1273 2 2 1 1 845 1673 1354
1274 2 2 1 1 873 1269 1055
1275 2 2 1 1 991 1314 992
1276 2 2 1 1 1009 1332 1098
1277 2 2 1 1 1108 1217 1216
1278 2 2 1 1 1245 1247 1246
1279 2 2 1 1 1298 1309 1308
1280 2 2 1 1 1687 1754 1353
1281 2 2 1 1 1456 1570 1457
1282 2 2 1 1 245 1633 308
1283 2 2 1 1 312 1634 584
1284 2 2 1 1 393 1453 341
1285 2 2 1 1 371 1515 373
1286 2 2 1 1 414 415 398
1287 2 2 1 1 399 1516 556
1288 2 2 1 1 405 1436 403
1289 2 2 1 1 416 457 424
1290 2 2 1 1 558 1639 450
1291 2 2 1 1 503 1550 506
1292 2 2 1 1 634 1477 543
1293 2 2 1 1 607 1480 608
1294 2 2 1 1 641 869 648
1295 2 2 1 1 661 665 652
1296 2 2 1 1 985 1625 798
1297 2 2 1 1 961 1000 830
1298 2 2 1 1 1235 1236 913
1299 2 2 1 1 990 1631 988
1300 2 2 1 1 1335 1552 1336
1301 2 2 1 1 1343 1346 1345
1302 2 2 1 1 340 1687 1353
1303 2 2 1 1 1540 1657 458
1304 2 2 1 1 660 1374 1373
1305 2 2 1 1 1541 1590 727
1306 2 2 1 1 895 896 819
1307 2 2 1 1 1464 1465 833
1308 2 2 1 1 1441 1447 909
1309 2 2 1 1 920 1666 1541
1310 2 2 1 1 989 990 988
1311 2 2 1 1 1023 1140 1022
1312 2 2 1 1 1141 1178 1140
1313 2 2 1 1 229 230 228
1314 2 2 1 1 295 1549 472
1315 2 2 1 1 355 583 357
1316 2 2 1 1 375 1581 378
1317 2 2 1 1 409 426 408
1318 2 2 1 1 443 626 445
1319 2 2 1 1 548 1545 483
1320 2 2 1 1 488 1414 524
1321 2 2 1 1 654 655 587
1322 2 2 1 1 679 1507 682
1323 2 2 1 1 1419 1748 688
1324 2 2 1 1 700 1432 706
1325 2 2 1 1 840 1439 735
1326 2 2 1 1 738 740 739
1327 2 2 1 1 857 864 807
1328 2 2 1 1 1279 1280 865
1329 2 2 1 1 895 1036 896
1330 2 2 1 1 923 1401 921
1331 2 2 1 1 997 1649 994
1332 2 2 1 1 1146 1147 1102
1333 2 2 1 1 232 1563 230
1334 2 2 1 1 289 1528 286
1335 2 2 1 1 292 1674 289
1336 2 2 1 1 297 1549 295
1337 2 2 1 1 306 1322 736
1338 2 2 1 1 330 1535 1409
1339 2 2 1 1 399 400 388
1340 2 2 1 1 752 1517 420
1341 2 2 1 1 468 484 465
1342 2 2 1 1 473 1474 578
1343 2 2 1 1 490 974 973
1344 2 2 1 1 636 807 635
1345 2 2 1 1 727 730 729
1346 2 2 1 1 257 1523 568
1347 2 2 1 1 796 837 668
1348 2 2 1 1 934 1023 1022
1349 2 2 1 1 1083 1143 1025
1350 2 2 1 1 1041 1612 1470
1351 2 2 1 1 1486 1487 161
1352 2 2 1 1 227 1286 229
1353 2 2 1 1 238 1564 236
1354 2 2 1 1 242 1512 240
1355 2 2 1 1 320 1634 314
1356 2 2 1 1 762 1530 325
1357 2 2 1 1 365 367 366
1358 2 2 1 1 397 398 370
1359 2 2 1 1 399 418 400
1360 2 2 1 1 407 408 405
1361 2 2 1 1 421 1371 423
1362 2 2 1 1 434 436 435
1363 2 2 1 1 436 438 437
1364 2 2 1 1 445 447 446
1365 2 2 1 1 506 507 505
1366 2 2 1 1 530 1460 630
1367 2 2 1 1 731 1545 548
1368 2 2 1 1 587 1608 554
1369 2 2 1 1 655 656 587
1370 2 2 1 1 602 817 601
1371 2 2 1 1 611 1464 613
1372 2 2 1 1 628 631 629
1373 2 2 1 1 890 1079 664
1374 2 2 1 1 676 1478 703
1375 2 2 1 1 758 897 756
1376 2 2 1 1 772 1482 773
1377 2 2 1 1 858 1003 859
1378 2 2 1 1 934 1022 863
1379 2 2 1 1 1280 1389 865
1380 2 2 1 1 868 1132 867
1381 2 2 1 1 880 1731 1127
1382 2 2 1 1 885 921 886
1383 2 2 1 1 1506 1690 888
1384 2 2 1 1 1029 1030 919
1385 2 2 1 1 1117 1166 1118
1386 2 2 1 1 1417 1633 1311
1387 2 2 1 1 1355 1722 1607
1388 2 2 1 1 1793 1807 1364
1389 2 2 1 1 1567 1568 318
1390 2 2 1 1 959 1520 537
1391 2 2 1 1 559 1518 562
1392 2 2 1 1 649 650 591
1393 2 2 1 1 633 812 811
1394 2 2 1 1 1221 1481 714
1395 2 2 1 1 1043 1211 900
1396 2 2 1 1 1454 1455 927
1397 2 2 1 1 928 1582 1524
1398 2 2 1 1 1087 1534 995
1399 2 2 1 1 1234 1820 1691
1400 2 2 1 1 1301 1303 1302
1401 2 2 1 1 1617 1792 1352
1402 2 2 1 1 1374 1375 1373
1403 2 2 1 1 260 1577 576
1404 2 2 1 1 266 1472 671
1405 2 2 1 1 753 1691 279
1406 2 2 1 1 285 1784 1421
1407 2 2 1 1 311 1452 313
1408 2 2 1 1 316 1568 320
1409 2 2 1 1 322 572 321
1410 2 2 1 1 361 1621 363
1411 2 2 1 1 368 369 366
1412 2 2 1 1 403 1436 571
1413 2 2 1 1 410 1539 1339
1414 2 2 1 1 413 1538 443
1415 2 2 1 1 973 1575 467
1416 2 2 1 1 504 1437 501
1417 2 2 1 1 506 1550 564
1418 2 2 1 1 510 637 523
1419 2 2 1 1 532 1579 639
1420 2 2 1 1 539 1477 538
1421 2 2 1 1 572 1629 924
1422 2 2 1 1 651 1624 591
1423 2 2 1 1 703 1583 674
1424 2 2 1 1 679 682 681
1425 2 2 1 1 682 684 683
1426 2 2 1 1 702 1611 1546
1427 2 2 1 1 787 1416 960
1428 2 2 1 1 789 1536 1416
1429 2 2 1 1 1038 1264 826
1430 2 2 1 1 947 1024 946
1431 2 2 1 1 974 975 973
1432 2 2 1 1 1268 1413 978
1433 2 2 1 1 1094 1095 1011
1434 2 2 1 1 1361 1362 1359
1435 2 2 1 1 1368 1396 1395
1436 2 2 1 1 1399 1718 1398
1437 2 2 1 1 1426 1670 1663
1438 2 2 1 1 1443 1447 1441
1439 2 2 1 1 1464 1480 1466
1440 2 2 1 1 226 1735 225
1441 2 2 1 1 240 1512 335
1442 2 2 1 1 293 1651 288
1443 2 2 1 1 326 1530 329
1444 2 2 1 1 346 1397 344
1445 2 2 1 1 754 1525 362
1446 2 2 1 1 373 377 375
1447 2 2 1 1 394 412 393
1448 2 2 1 1 439 1526 437
1449 2 2 1 1 438 440 439
1450 2 2 1 1 475 476 440
1451 2 2 1 1 444 1067 442
1452 2 2 1 1 526 1394 645
1453 2 2 1 1 937 938 537
1454 2 2 1 1 655 657 656
1455 2 2 1 1 661 666 665
1456 2 2 1 1 730 758 756
1457 2 2 1 1 800 1730 880
1458 2 2 1 1 818 895 819
1459 2 2 1 1 1195 1196 891
1460 2 2 1 1 921 1321 922
1461 2 2 1 1 1436 1454 927
1462 2 2 1 1 1507 1664 1653
1463 2 2 1 1 247 248 246
1464 2 2 1 1 309 1513 929
1465 2 2 1 1 336 341 337
1466 2 2 1 1 341 1453 342
1467 2 2 1 1 349 351 350
1468 2 2 1 1 499 1423 502
1469 2 2 1 1 507 1658 505
1470 2 2 1 1 637 638 523
1471 2 2 1 1 608 1480 611
1472 2 2 1 1 1431 1432 700
1473 2 2 1 1 701 1508 718
1474 2 2 1 1 920 1541 722
1475 2 2 1 1 835 836 760
1476 2 2 1 1 766 1509 764
1477 2 2 1 1 769 772 770
1478 2 2 1 1 774 1576 770
1479 2 2 1 1 773 1482 778
1480 2 2 1 1 919 1263 917
1481 2 2 1 1 1030 1048 919
1482 2 2 1 1 1455 1630 927
1483 2 2 1 1 937 952 938
1484 2 2 1 1 1298 1299 1295
1485 2 2 1 1 1635 1826 1396
1486 2 2 1 1 1442 1443 1441
1487 2 2 1 1 162 1593 63
1488 2 2 1 1 282 1820 1224
1489 2 2 1 1 303 304 300
1490 2 2 1 1 331 332 306
1491 2 2 1 1 1397 1574 344
1492 2 2 1 1 380 395 382
1493 2 2 1 1 764 1510 402
1494 2 2 1 1 516 937 537
1495 2 2 1 1 519 1274 565
1496 2 2 1 1 609 1625 529
1497 2 2 1 1 563 1750 596
1498 2 2 1 1 650 651 591
1499 2 2 1 1 613 833 615
1500 2 2 1 1 1472 1582 671
1501 2 2 1 1 672 1583 715
1502 2 2 1 1 905 906 794
1503 2 2 1 1 797 1724 998
1504 2 2 1 1 835 1747 908
1505 2 2 1 1 1042 1081 857
1506 2 2 1 1 1203 1450 902
1507 2 2 1 1 932 1678 1387
1508 2 2 1 1 937 1632 952
1509 2 2 1 1 1669 1676 959
1510 2 2 1 1 1017 1018 978
1511 2 2 1 1 1019 1020 1018
1512 2 2 1 1 1143 1553 1025
1513 2 2 1 1 1244 1254 1242
1514 2 2 1 1 263 1472 266
1515 2 2 1 1 333 334 330
1516 2 2 1 1 381 1700 379
1517 2 2 1 1 403 571 402
1518 2 2 1 1 407 1539 410
1519 2 2 1 1 556 751 418
1520 2 2 1 1 454 558 450
1521 2 2 1 1 482 483 459
1522 2 2 1 1 566 1463 463
1523 2 2 1 1 478 607 529
1524 2 2 1 1 485 1519 484
1525 2 2 1 1 488 489 487
1526 2 2 1 1 520 521 517
1527 2 2 1 1 522 533 532
1528 2 2 1 1 538 1579 533
1529 2 2 1 1 599 662 600
1530 2 2 1 1 602 1790 1002
1531 2 2 1 1 613 615 614
1532 2 2 1 1 806 858 659
1533 2 2 1 1 685 687 686
1534 2 2 1 1 1534 1707 698
1535 2 2 1 1 713 844 714
1536 2 2 1 1 898 1221 714
1537 2 2 1 1 813 814 717
1538 2 2 1 1 746 748 747
1539 2 2 1 1 748 822 750
1540 2 2 1 1 836 1006 760
1541 2 2 1 1 770 1576 768
1542 2 2 1 1 814 816 815
1543 2 2 1 1 1000 1073 830
1544 2 2 1 1 944 1045 831
1545 2 2 1 1 949 1066 840
1546 2 2 1 1 987 1548 851
1547 2 2 1 1 1204 1418 898
1548 2 2 1 1 1039 1411 905
1549 2 2 1 1 962 963 915
1550 2 2 1 1 924 1629 1409
1551 2 2 1 1 974 976 975
1552 2 2 1 1 1007 1205 1006
1553 2 2 1 1 1009 1011 1008
1554 2 2 1 1 1040 1105 1031
1555 2 2 1 1 1046 1357 1356
1556 2 2 1 1 1088 1202 1052
1557 2 2 1 1 1070 1570 1382
1558 2 2 1 1 1371 1689 1074
1559 2 2 1 1 1295 1430 1293
1560 2 2 1 1 1322 1324 1323
1561 2 2 1 1 1365 1367 1366
1562 2 2 1 1 1472 1620 1582
1563 2 2 1 1 191 1596 79
1564 2 2 1 1 174 1600 150
1565 2 2 1 1 336 337 332
1566 2 2 1 1 332 1574 1322
1567 2 2 1 1 341 342 337
1568 2 2 1 1 369 1473 366
1569 2 2 1 1 384 1706 1399
1570 2 2 1 1 408 1454 1436
1571 2 2 1 1 413 443 442
1572 2 2 1 1 429 430 428
1573 2 2 1 1 473 474 453
1574 2 2 1 1 482 545 483
1575 2 2 1 1 502 503 501
1576 2 2 1 1 505 1658 536
1577 2 2 1 1 585 1623 521
1578 2 2 1 1 1430 1532 550
1579 2 2 1 1 572 924 828
1580 2 2 1 1 580 972 826
1581 2 2 1 1 797 798 609
1582 2 2 1 1 615 1694 617
1583 2 2 1 1 636 857 807
1584 2 2 1 1 639 863 795
1585 2 2 1 1 1342 1624 651
1586 2 2 1 1 689 690 687
1587 2 2 1 1 691 694 693
1588 2 2 1 1 730 1590 759
1589 2 2 1 1 741 1627 947
1590 2 2 1 1 742 1544 1064
1591 2 2 1 1 834 902 752
1592 2 2 1 1 765 766 764
1593 2 2 1 1 1548 1677 849
1594 2 2 1 1 913 1527 911
1595 2 2 1 1 1227 1479 961
1596 2 2 1 1 1243 1244 1242
1597 2 2 1 1 1251 1253 1252
1598 2 2 1 1 1361 1363 1362
1599 2 2 1 1 1364 1365 1363
1600 2 2 1 1 1367 1369 1368
1601 2 2 1 1 1454 1456 1455
1602 2 2 1 1 1582 1620 1524
1603 2 2 1 1 249 1765 574
1604 2 2 1 1 284 286 283
1605 2 2 1 1 286 1528 283
1606 2 2 1 1 567 1513 284
1607 2 2 1 1 291 557 294
1608 2 2 1 1 296 301 299
1609 2 2 1 1 352 1422 350
1610 2 2 1 1 363 843 365
1611 2 2 1 1 407 409 408
1612 2 2 1 1 409 1382 426
1613 2 2 1 1 511 512 509
1614 2 2 1 1 510 523 511
1615 2 2 1 1 541 543 539
1616 2 2 1 1 544 597 543
1617 2 2 1 1 1663 1670 567
1618 2 2 1 1 571 765 764
1619 2 2 1 1 571 1436 927
1620 2 2 1 1 620 799 618
1621 2 2 1 1 661 667 666
1622 2 2 1 1 689 691 690
1623 2 2 1 1 691 693 690
1624 2 2 1 1 696 697 695
1625 2 2 1 1 699 700 697
1626 2 2 1 1 738 739 737
1627 2 2 1 1 914 931 762
1628 2 2 1 1 767 768 766
1629 2 2 1 1 772 773 770
1630 2 2 1 1 791 1536 789
1631 2 2 1 1 812 1083 1025
1632 2 2 1 1 822 1442 1441
1633 2 2 1 1 825 1580 842
1634 2 2 1 1 924 925 828
1635 2 2 1 1 842 1215 1061
1636 2 2 1 1 890 1080 1079
1637 2 2 1 1 1071 1072 925
1638 2 2 1 1 1213 1585 942
1639 2 2 1 1 968 1093 967
1640 2 2 1 1 992 993 990
1641 2 2 1 1 1230 1231 1038
1642 2 2 1 1 1298 1308 1299
1643 2 2 1 1 1445 1446 1444
1644 2 2 1 1 230 1563 579
1645 2 2 1 1 255 1523 257
1646 2 2 1 1 354 431 352
1647 2 2 1 1 361 363 362
1648 2 2 1 1 390 403 402
1649 2 2 1 1 396 1742 1719
1650 2 2 1 1 398 1578 734
1651 2 2 1 1 410 411 409
1652 2 2 1 1 414 433 415
1653 2 2 1 1 433 1656 434
1654 2 2 1 1 475 530 476
1655 2 2 1 1 494 495 481
1656 2 2 1 1 526 527 495
1657 2 2 1 1 513 515 514
1658 2 2 1 1 638 735 523
1659 2 2 1 1 532 639 585
1660 2 2 1 1 549 592 548
1661 2 2 1 1 554 1608 604
1662 2 2 1 1 559 562 561
1663 2 2 1 1 562 588 563
1664 2 2 1 1 662 663 600
1665 2 2 1 1 632 800 755
1666 2 2 1 1 650 652 651
1667 2 2 1 1 660 1373 661
1668 2 2 1 1 821 900 665
1669 2 2 1 1 669 1693 907
1670 2 2 1 1 730 756 729
1671 2 2 1 1 759 835 760
1672 2 2 1 1 1509 1510 764
1673 2 2 1 1 780 1637 850
1674 2 2 1 1 781 941 783
1675 2 2 1 1 942 1551 783
1676 2 2 1 1 796 838 837
1677 2 2 1 1 823 909 825
1678 2 2 1 1 823 1441 909
1679 2 2 1 1 909 1580 825
1680 2 2 1 1 1045 1047 831
1681 2 2 1 1 835 908 836
1682 2 2 1 1 1003 1004 859
1683 2 2 1 1 1004 1005 859
1684 2 2 1 1 885 923 921
1685 2 2 1 1 1196 1318 891
1686 2 2 1 1 902 1450 1085
1687 2 2 1 1 1117 1118 904
1688 2 2 1 1 942 1585 1551
1689 2 2 1 1 977 978 975
1690 2 2 1 1 999 1087 995
1691 2 2 1 1 996 1058 1010
1692 2 2 1 1 1050 1051 1049
1693 2 2 1 1 1051 1052 1049
1694 2 2 1 1 1061 1262 1059
1695 2 2 1 1 1061 1511 1262
1696 2 2 1 1 1138 1194 1192
1697 2 2 1 1 1238 1241 1240
1698 2 2 1 1 1248 1250 1246
1699 2 2 1 1 1326 1410 1325
1700 2 2 1 1 1545 1689 1371
1701 2 2 1 1 1405 1748 1747
1702 2 2 1 1 1442 1445 1444
1703 2 2 1 1 6 1555 221
1704 2 2 1 1 11 225 181
1705 2 2 1 1 13 1556 197
1706 2 2 1 1 15 1483 177
1707 2 2 1 1 17 1557 198
1708 2 2 1 1 19 1484 171
1709 2 2 1 1 24 1485 161
1710 2 2 1 1 29 1489 165
1711 2 2 1 1 34 1491 176
1712 2 2 1 1 36 1558 202
1713 2 2 1 1 41 1492 189
1714 2 2 1 1 50 1493 183
1715 2 2 1 1 52 1559 203
1716 2 2 1 1 54 1494 173
1717 2 2 1 1 61 1592 205
1718 2 2 1 1 64 1495 162
1719 2 2 1 1 69 1496 170
1720 2 2 1 1 71 1560 207
1721 2 2 1 1 73 1497 179
1722 2 2 1 1 75 1561 208
1723 2 2 1 1 77 1595 184
1724 2 2 1 1 80 1499 191
1725 2 2 1 1 128 1500 182
1726 2 2 1 1 134 1562 216
1727 2 2 1 1 136 1501 172
1728 2 2 1 1 138 1598 217
1729 2 2 1 1 141 1502 164
1730 2 2 1 1 148 1599 219
1731 2 2 1 1 197 227 226
1732 2 2 1 1 227 229 228
1733 2 2 1 1 579 1619 228
1734 2 2 1 1 901 1471 231
1735 2 2 1 1 577 1512 242
1736 2 2 1 1 298 1433 246
1737 2 2 1 1 247 249 248
1738 2 2 1 1 249 251 250
1739 2 2 1 1 573 1503 250
1740 2 2 1 1 251 253 252
1741 2 2 1 1 253 255 254
1742 2 2 1 1 255 257 256
1743 2 2 1 1 257 259 258
1744 2 2 1 1 263 264 262
1745 2 2 1 1 266 671 268
1746 2 2 1 1 267 1610 270
1747 2 2 1 1 954 955 281
1748 2 2 1 1 284 1513 287
1749 2 2 1 1 287 1513 309
1750 2 2 1 1 557 1434 294
1751 2 2 1 1 299 302 300
1752 2 2 1 1 302 303 300
1753 2 2 1 1 303 305 304
1754 2 2 1 1 303 307 305
1755 2 2 1 1 332 1322 306
1756 2 2 1 1 309 311 310
1757 2 2 1 1 316 320 314
1758 2 2 1 1 318 1568 316
1759 2 2 1 1 321 1567 318
1760 2 2 1 1 572 625 321
1761 2 2 1 1 323 325 324
1762 2 2 1 1 327 1629 324
1763 2 2 1 1 761 762 325
1764 2 2 1 1 326 329 328
1765 2 2 1 1 328 330 327
1766 2 2 1 1 330 1409 327
1767 2 2 1 1 1530 1756 329
1768 2 2 1 1 334 1535 330
1769 2 2 1 1 339 340 334
1770 2 2 1 1 336 343 341
1771 2 2 1 1 338 387 386
1772 2 2 1 1 1683 1687 340
1773 2 2 1 1 343 394 393
1774 2 2 1 1 345 346 344
1775 2 2 1 1 347 348 346
1776 2 2 1 1 348 1429 432
1777 2 2 1 1 351 352 350
1778 2 2 1 1 353 354 352
1779 2 2 1 1 355 356 354
1780 2 2 1 1 359 360 358
1781 2 2 1 1 359 1667 391
1782 2 2 1 1 361 362 360
1783 2 2 1 1 362 1525 360
1784 2 2 1 1 360 1525 396
1785 2 2 1 1 364 754 362
1786 2 2 1 1 365 366 364
1787 2 2 1 1 367 368 366
1788 2 2 1 1 367 370 368
1789 2 2 1 1 367 397 370
1790 2 2 1 1 398 734 370
1791 2 2 1 1 555 1606 372
1792 2 2 1 1 373 375 374
1793 2 2 1 1 375 378 376
1794 2 2 1 1 377 1581 375
1795 2 2 1 1 378 380 379
1796 2 2 1 1 384 1399 1398
1797 2 2 1 1 400 1517 388
1798 2 2 1 1 397 1334 414
1799 2 2 1 1 399 556 418
1800 2 2 1 1 419 420 400
1801 2 2 1 1 416 417 411
1802 2 2 1 1 413 441 412
1803 2 2 1 1 453 1722 412
1804 2 2 1 1 414 460 433
1805 2 2 1 1 434 435 415
1806 2 2 1 1 421 423 420
1807 2 2 1 1 423 834 752
1808 2 2 1 1 423 1371 1074
1809 2 2 1 1 428 466 427
1810 2 2 1 1 466 745 427
1811 2 2 1 1 434 1656 581
1812 2 2 1 1 436 437 435
1813 2 2 1 1 440 461 439
1814 2 2 1 1 441 473 453
1815 2 2 1 1 443 444 442
1816 2 2 1 1 445 446 444
1817 2 2 1 1 447 448 446
1818 2 2 1 1 449 450 448
1819 2 2 1 1 451 454 450
1820 2 2 1 1 454 559 558
1821 2 2 1 1 456 566 463
1822 2 2 1 1 457 738 737
1823 2 2 1 1 483 1545 459
1824 2 2 1 1 459 1545 1371
1825 2 2 1 1 460 478 477
1826 2 2 1 1 461 480 471
1827 2 2 1 1 469 493 462
1828 2 2 1 1 464 467 465
1829 2 2 1 1 490 973 467
1830 2 2 1 1 468 486 485
1831 2 2 1 1 470 498 497
1832 2 2 1 1 473 491 474
1833 2 2 1 1 475 1460 530
1834 2 2 1 1 478 529 528
1835 2 2 1 1 480 494 481
1836 2 2 1 1 482 546 545
1837 2 2 1 1 547 548 483
1838 2 2 1 1 486 488 487
1839 2 2 1 1 494 526 495
1840 2 2 1 1 498 1423 499
1841 2 2 1 1 499 502 501
1842 2 2 1 1 536 589 504
1843 2 2 1 1 508 1602 510
1844 2 2 1 1 513 514 512
1845 2 2 1 1 520 522 521
1846 2 2 1 1 525 553 552
1847 2 2 1 1 526 590 527
1848 2 2 1 1 607 608 529
1849 2 2 1 1 530 630 627
1850 2 2 1 1 534 535 533
1851 2 2 1 1 535 540 539
1852 2 2 1 1 543 1477 539
1853 2 2 1 1 540 606 541
1854 2 2 1 1 540 1041 606
1855 2 2 1 1 597 634 543
1856 2 2 1 1 546 602 601
1857 2 2 1 1 1340 1639 558
1858 2 2 1 1 559 561 560
1859 2 2 1 1 562 563 561
1860 2 2 1 1 562 1518 852
1861 2 2 1 1 563 596 595
1862 2 2 1 1 570 623 569
1863 2 2 1 1 623 926 569
1864 2 2 1 1 578 594 593
1865 2 2 1 1 586 654 587
1866 2 2 1 1 656 1608 587
1867 2 2 1 1 633 810 589
1868 2 2 1 1 590 649 591
1869 2 2 1 1 594 803 802
1870 2 2 1 1 598 1640 636
1871 2 2 1 1 602 1002 817
1872 2 2 1 1 1041 1470 606
1873 2 2 1 1 798 1625 609
1874 2 2 1 1 611 612 610
1875 2 2 1 1 611 1480 1464
1876 2 2 1 1 621 622 620
1877 2 2 1 1 669 794 621
1878 2 2 1 1 623 939 926
1879 2 2 1 1 1522 1710 623
1880 2 2 1 1 633 811 810
1881 2 2 1 1 636 1042 857
1882 2 2 1 1 646 855 854
1883 2 2 1 1 647 868 867
1884 2 2 1 1 650 660 652
1885 2 2 1 1 654 1415 655
1886 2 2 1 1 655 658 657
1887 2 2 1 1 658 806 659
1888 2 2 1 1 662 894 893
1889 2 2 1 1 666 821 665
1890 2 2 1 1 669 905 794
1891 2 2 1 1 669 907 905
1892 2 2 1 1 673 928 675
1893 2 2 1 1 676 703 674
1894 2 2 1 1 678 1478 676
1895 2 2 1 1 680 702 678
1896 2 2 1 1 686 1648 683
1897 2 2 1 1 713 714 684
1898 2 2 1 1 685 688 687
1899 2 2 1 1 689 692 691
1900 2 2 1 1 693 1707 690
1901 2 2 1 1 692 1404 1403
1902 2 2 1 1 694 696 695
1903 2 2 1 1 696 699 697
1904 2 2 1 1 700 705 697
1905 2 2 1 1 706 707 705
1906 2 2 1 1 707 989 988
1907 2 2 1 1 710 716 708
1908 2 2 1 1 718 719 712
1909 2 2 1 1 814 815 717
1910 2 2 1 1 720 1686 920
1911 2 2 1 1 722 723 721
1912 2 2 1 1 721 1589 820
1913 2 2 1 1 724 725 723
1914 2 2 1 1 726 728 725
1915 2 2 1 1 727 1590 730
1916 2 2 1 1 756 757 729
1917 2 2 1 1 730 759 758
1918 2 2 1 1 740 741 739
1919 2 2 1 1 741 946 945
1920 2 2 1 1 744 809 743
1921 2 2 1 1 1084 1517 752
1922 2 2 1 1 801 910 755
1923 2 2 1 1 1006 1427 760
1924 2 2 1 1 1636 1665 761
1925 2 2 1 1 763 914 762
1926 2 2 1 1 769 770 768
1927 2 2 1 1 941 942 783
1928 2 2 1 1 784 787 785
1929 2 2 1 1 790 791 789
1930 2 2 1 1 792 793 791
1931 2 2 1 1 832 846 793
1932 2 2 1 1 981 985 798
1933 2 2 1 1 847 848 803
1934 2 2 1 1 806 865 858
1935 2 2 1 1 861 1277 806
1936 2 2 1 1 864 1390 807
1937 2 2 1 1 1424 1676 812
1938 2 2 1 1 813 892 891
1939 2 2 1 1 891 1318 814
1940 2 2 1 1 829 1226 961
1941 2 2 1 1 834 1203 902
1942 2 2 1 1 948 949 840
1943 2 2 1 1 848 882 881
1944 2 2 1 1 848 883 882
1945 2 2 1 1 855 1009 1008
1946 2 2 1 1 932 1013 860
1947 2 2 1 1 1132 1133 867
1948 2 2 1 1 873 874 872
1949 2 2 1 1 875 876 874
1950 2 2 1 1 880 1127 1126
1951 2 2 1 1 885 886 884
1952 2 2 1 1 921 922 886
1953 2 2 1 1 894 1199 1032
1954 2 2 1 1 895 1406 1036
1955 2 2 1 1 1068 1204 898
1956 2 2 1 1 904 1108 903
1957 2 2 1 1 912 913 911
1958 2 2 1 1 930 1449 1107
1959 2 2 1 1 945 1646 1645
1960 2 2 1 1 951 1745 1738
1961 2 2 1 1 965 1317 963
1962 2 2 1 1 1093 1381 967
1963 2 2 1 1 1698 1701 969
1964 2 2 1 1 976 977 975
1965 2 2 1 1 979 1725 1713
1966 2 2 1 1 1631 1675 988
1967 2 2 1 1 991 992 990
1968 2 2 1 1 993 1631 990
1969 2 2 1 1 992 997 994
1970 2 2 1 1 995 1534 993
1971 2 2 1 1 996 1010 999
1972 2 2 1 1 1002 1034 1033
1973 2 2 1 1 1009 1094 1011
1974 2 2 1 1 1387 1628 1013
1975 2 2 1 1 1056 1268 1018
1976 2 2 1 1 1020 1109 1057
1977 2 2 1 1 1030 1050 1049
1978 2 2 1 1 1033 1327 1198
1979 2 2 1 1 1034 1650 1327
1980 2 2 1 1 1817 1830 1036
1981 2 2 1 1 1202 1271 1052
1982 2 2 1 1 1215 1284 1061
1983 2 2 1 1 1719 1742 1086
1984 2 2 1 1 1094 1101 1095
1985 2 2 1 1 1101 1102 1095
1986 2 2 1 1 1207 1208 1206
1987 2 2 1 1 1694 1740 1207
1988 2 2 1 1 1217 1219 1218
1989 2 2 1 1 1241 1243 1242
1990 2 2 1 1 1243 1245 1244
1991 2 2 1 1 1289 1290 1288
1992 2 2 1 1 1288 1688 1471
1993 2 2 1 1 1291 1292 1290
1994 2 2 1 1 1297 1298 1295
1995 2 2 1 1 1301 1302 1296
1996 2 2 1 1 1305 1780 1304
1997 2 2 1 1 1309 1310 1308
1998 2 2 1 1 1323 1326 1325
1999 2 2 1 1 1397 1531 1324
2000 2 2 1 1 1343 1345 1344
2001 2 2 1 1 1348 1350 1349
2002 2 2 1 1 1361 1364 1363
2003 2 2 1 1 1368 1395 1366
2004 2 2 1 1 1367 1370 1369
2005 2 2 1 1 1389 1839 1797
2006 2 2 1 1 1403 1686 1508
2007 2 2 1 1 1747 1748 1419
2008 2 2 1 1 1442 1444 1443
2009 2 2 1 1 1572 1573 1445
2010 2 2 1 1 1464 1466 1465
2011 2 2 1 1 1466 1468 1467
2012 2 2 1 1 1653 1664 1543
2013 2 2 1 1 191 1597 1596
2014 2 2 1 1 231 232 230
2015 2 2 1 1 249 250 248
2016 2 2 1 1 248 1503 298
2017 2 2 1 1 257 568 259
2018 2 2 1 1 262 1577 260
2019 2 2 1 1 287 309 293
2020 2 2 1 1 311 313 312
2021 2 2 1 1 929 1452 311
2022 2 2 1 1 313 315 314
2023 2 2 1 1 340 1535 334
2024 2 2 1 1 343 393 341
2025 2 2 1 1 348 432 346
2026 2 2 1 1 374 1398 555
2027 2 2 1 1 387 1516 386
2028 2 2 1 1 524 525 489
2029 2 2 1 1 525 552 551
2030 2 2 1 1 549 1668 592
2031 2 2 1 1 559 560 558
2032 2 2 1 1 679 680 678
2033 2 2 1 1 702 1478 678
2034 2 2 1 1 692 1403 691
2035 2 2 1 1 699 1431 700
2036 2 2 1 1 721 820 719
2037 2 2 1 1 738 742 740
2038 2 2 1 1 749 1572 748
2039 2 2 1 1 749 1573 1572
2040 2 2 1 1 767 771 769
2041 2 2 1 1 776 849 774
2042 2 2 1 1 781 783 782
2043 2 2 1 1 787 960 785
2044 2 2 1 1 790 792 791
2045 2 2 1 1 809 1031 887
2046 2 2 1 1 1827 1832 821
2047 2 2 1 1 822 1441 823
2048 2 2 1 1 1637 1638 850
2049 2 2 1 1 863 1428 1015
2050 2 2 1 1 892 1195 891
2051 2 2 1 1 896 1063 1062
2052 2 2 1 1 918 1100 1029
2053 2 2 1 1 941 943 942
2054 2 2 1 1 950 1258 948
2055 2 2 1 1 952 1016 953
2056 2 2 1 1 954 956 955
2057 2 2 1 1 1053 1210 957
2058 2 2 1 1 974 1646 976
2059 2 2 1 1 1116 1265 1024
2060 2 2 1 1 1037 1230 1038
2061 2 2 1 1 1045 1233 1047
2062 2 2 1 1 1069 1333 1068
2063 2 2 1 1 1097 1144 1116
2064 2 2 1 1 1207 1740 1208
2065 2 2 1 1 250 1503 248
2066 2 2 1 1 252 573 250
2067 2 2 1 1 253 285 255
2068 2 2 1 1 256 290 254
2069 2 2 1 1 281 1577 262
2070 2 2 1 1 267 270 269
2071 2 2 1 1 272 273 271
2072 2 2 1 1 278 280 279
2073 2 2 1 1 955 958 281
2074 2 2 1 1 288 291 289
2075 2 2 1 1 295 472 292
2076 2 2 1 1 305 306 304
2077 2 2 1 1 317 318 316
2078 2 2 1 1 319 321 318
2079 2 2 1 1 338 339 334
2080 2 2 1 1 351 353 352
2081 2 2 1 1 372 1606 369
2082 2 2 1 1 418 419 400
2083 2 2 1 1 571 764 402
2084 2 2 1 1 404 406 405
2085 2 2 1 1 407 410 409
2086 2 2 1 1 410 416 411
2087 2 2 1 1 416 424 417
2088 2 2 1 1 458 459 421
2089 2 2 1 1 429 1320 464
2090 2 2 1 1 449 451 450
2091 2 2 1 1 456 462 455
2092 2 2 1 1 463 469 462
2093 2 2 1 1 470 496 469
2094 2 2 1 1 545 547 483
2095 2 2 1 1 499 500 497
2096 2 2 1 1 501 1437 500
2097 2 2 1 1 505 536 504
2098 2 2 1 1 546 936 602
2099 2 2 1 1 1524 1620 568
2100 2 2 1 1 594 847 803
2101 2 2 1 1 611 613 612
2102 2 2 1 1 658 861 806
2103 2 2 1 1 673 1582 928
2104 2 2 1 1 682 713 684
2105 2 2 1 1 738 1544 742
2106 2 2 1 1 741 947 946
2107 2 2 1 1 902 1084 752
2108 2 2 1 1 765 767 766
2109 2 2 1 1 971 1509 766
2110 2 2 1 1 767 769 768
2111 2 2 1 1 773 775 774
2112 2 2 1 1 849 1576 774
2113 2 2 1 1 775 1603 777
2114 2 2 1 1 792 832 793
2115 2 2 1 1 853 968 967
2116 2 2 1 1 1008 1091 854
2117 2 2 1 1 864 1392 1390
2118 2 2 1 1 907 1207 1206
2119 2 2 1 1 943 1213 942
2120 2 2 1 1 943 1822 1214
2121 2 2 1 1 1258 1613 948
2122 2 2 1 1 956 957 955
2123 2 2 1 1 956 1053 957
2124 2 2 1 1 956 1054 1053
2125 2 2 1 1 1075 1076 970
2126 2 2 1 1 1076 1338 970
2127 2 2 1 1 992 994 993
2128 2 2 1 1 1023 1141 1140
2129 2 2 1 1 1040 1256 1105
2130 2 2 1 1 1046 1356 1045
2131 2 2 1 1 1054 1209 1053
2132 2 2 1 1 1069 1386 1333
2133 2 2 1 1 1141 1179 1178
2134 2 2 1 1 233 1471 550
2135 2 2 1 1 244 577 242
2136 2 2 1 1 245 246 244
2137 2 2 1 1 260 576 258
2138 2 2 1 1 261 1620 1472
2139 2 2 1 1 263 266 265
2140 2 2 1 1 266 268 267
2141 2 2 1 1 271 575 269
2142 2 2 1 1 274 1566 278
2143 2 2 1 1 280 283 279
2144 2 2 1 1 312 584 310
2145 2 2 1 1 319 322 321
2146 2 2 1 1 323 324 322
2147 2 2 1 1 324 1629 322
2148 2 2 1 1 322 1629 572
2149 2 2 1 1 323 761 325
2150 2 2 1 1 326 327 324
2151 2 2 1 1 1409 1629 327
2152 2 2 1 1 331 336 332
2153 2 2 1 1 333 338 334
2154 2 2 1 1 347 349 348
2155 2 2 1 1 349 392 351
2156 2 2 1 1 369 1606 1473
2157 2 2 1 1 376 1398 374
2158 2 2 1 1 378 379 376
2159 2 2 1 1 380 381 379
2160 2 2 1 1 425 427 417
2161 2 2 1 1 419 458 421
2162 2 2 1 1 423 752 420
2163 2 2 1 1 448 479 446
2164 2 2 1 1 449 452 451
2165 2 2 1 1 452 456 455
2166 2 2 1 1 457 1544 738
2167 2 2 1 1 458 482 459
2168 2 2 1 1 463 470 469
2169 2 2 1 1 467 468 465
2170 2 2 1 1 470 497 496
2171 2 2 1 1 486 487 485
2172 2 2 1 1 498 499 497
2173 2 2 1 1 532 585 521
2174 2 2 1 1 608 609 529
2175 2 2 1 1 546 601 545
2176 2 2 1 1 567 1681 1513
2177 2 2 1 1 580 826 670
2178 2 2 1 1 610 797 609
2179 2 2 1 1 617 619 618
2180 2 2 1 1 619 621 620
2181 2 2 1 1 619 669 621
2182 2 2 1 1 646 854 629
2183 2 2 1 1 637 944 831
2184 2 2 1 1 673 674 672
2185 2 2 1 1 675 677 676
2186 2 2 1 1 677 678 676
2187 2 2 1 1 685 686 683
2188 2 2 1 1 688 689 687
2189 2 2 1 1 701 711 699
2190 2 2 1 1 711 1431 699
2191 2 2 1 1 701 718 712
2192 2 2 1 1 706 708 707
2193 2 2 1 1 706 709 708
2194 2 2 1 1 709 710 708
2195 2 2 1 1 710 717 716
2196 2 2 1 1 1064 1228 744
2197 2 2 1 1 910 1522 755
2198 2 2 1 1 761 763 762
2199 2 2 1 1 761 1665 763
2200 2 2 1 1 931 1530 762
2201 2 2 1 1 763 915 914
2202 2 2 1 1 763 962 915
2203 2 2 1 1 778 1603 775
2204 2 2 1 1 777 779 776
2205 2 2 1 1 788 790 789
2206 2 2 1 1 788 899 790
2207 2 2 1 1 1012 1461 794
2208 2 2 1 1 802 1078 1077
2209 2 2 1 1 823 825 824
2210 2 2 1 1 844 1069 1068
2211 2 2 1 1 850 979 851
2212 2 2 1 1 868 1609 1135
2213 2 2 1 1 930 1021 869
2214 2 2 1 1 902 1085 1084
2215 2 2 1 1 943 1214 1213
2216 2 2 1 1 996 1649 1058
2217 2 2 1 1 1233 1261 1047
2218 2 2 1 1 1111 1112 1110
2219 2 2 1 1 1214 1822 1821
2220 2 2 1 1 1245 1246 1244
2221 2 2 1 1 1272 1835 1273
2222 2 2 1 1 1294 1295 1293
2223 2 2 1 1 1399 1704 1677
2224 2 2 1 1 229 901 231
2225 2 2 1 1 234 385 232
2226 2 2 1 1 233 550 235
2227 2 2 1 1 240 335 238
2228 2 2 1 1 239 401 241
2229 2 2 1 1 245 308 247
2230 2 2 1 1 259 261 260
2231 2 2 1 1 259 1620 261
2232 2 2 1 1 261 263 262
2233 2 2 1 1 263 265 264
2234 2 2 1 1 267 269 265
2235 2 2 1 1 270 272 271
2236 2 2 1 1 270 1610 940
2237 2 2 1 1 272 274 273
2238 2 2 1 1 272 1566 274
2239 2 2 1 1 940 1566 272
2240 2 2 1 1 274 275 273
2241 2 2 1 1 275 277 273
2242 2 2 1 1 274 276 275
2243 2 2 1 1 274 278 276
2244 2 2 1 1 276 282 275
2245 2 2 1 1 283 753 279
2246 2 2 1 1 283 1528 753
2247 2 2 1 1 288 1651 291
2248 2 2 1 1 472 1674 292
2249 2 2 1 1 309 929 311
2250 2 2 1 1 313 422 315
2251 2 2 1 1 315 316 314
2252 2 2 1 1 315 1475 317
2253 2 2 1 1 432 1397 346
2254 2 2 1 1 431 1422 352
2255 2 2 1 1 353 355 354
2256 2 2 1 1 359 361 360
2257 2 2 1 1 843 1647 365
2258 2 2 1 1 374 555 372
2259 2 2 1 1 390 404 403
2260 2 2 1 1 404 580 406
2261 2 2 1 1 406 407 405
2262 2 2 1 1 580 670 406
2263 2 2 1 1 424 1684 425
2264 2 2 1 1 425 1684 429
2265 2 2 1 1 935 1578 435
2266 2 2 1 1 443 445 444
2267 2 2 1 1 528 982 477
2268 2 2 1 1 525 551 489
2269 2 2 1 1 506 508 507
2270 2 2 1 1 508 510 509
2271 2 2 1 1 519 565 520
2272 2 2 1 1 519 1440 1274
2273 2 2 1 1 522 534 533
2274 2 2 1 1 547 549 548
2275 2 2 1 1 554 604 552
2276 2 2 1 1 553 640 586
2277 2 2 1 1 556 932 860
2278 2 2 1 1 608 611 610
2279 2 2 1 1 637 831 638
2280 2 2 1 1 638 1671 839
2281 2 2 1 1 869 870 648
2282 2 2 1 1 657 827 656
2283 2 2 1 1 675 676 674
2284 2 2 1 1 677 679 678
2285 2 2 1 1 1325 1652 736
2286 2 2 1 1 742 743 740
2287 2 2 1 1 809 887 743
2288 2 2 1 1 746 747 745
2289 2 2 1 1 748 750 747
2290 2 2 1 1 822 823 750
2291 2 2 1 1 768 971 766
2292 2 2 1 1 773 774 770
2293 2 2 1 1 777 781 780
2294 2 2 1 1 780 850 779
2295 2 2 1 1 784 785 782
2296 2 2 1 1 789 1416 787
2297 2 2 1 1 1037 1038 826
2298 2 2 1 1 1059 1060 841
2299 2 2 1 1 842 1061 1059
2300 2 2 1 1 1055 1275 875
2301 2 2 1 1 1351 1761 935
2302 2 2 1 1 969 1075 970
2303 2 2 1 1 996 999 995
2304 2 2 1 1 1004 1044 1005
2305 2 2 1 1 1076 1425 1338
2306 2 2 1 1 1214 1821 1547
2307 2 2 1 1 1274 1440 1439
2308 2 2 1 1 1348 1349 1347
2309 2 2 1 1 1348 1802 1350
2310 2 2 1 1 1365 1366 1363
2311 2 2 1 1 1477 1759 1709
2312 2 2 1 1 259 260 258
2313 2 2 1 1 264 954 281
2314 2 2 1 1 671 672 268
2315 2 2 1 1 270 940 272
2316 2 2 1 1 278 279 276
2317 2 2 1 1 280 284 283
2318 2 2 1 1 958 1577 281
2319 2 2 1 1 289 1674 1528
2320 2 2 1 1 311 312 310
2321 2 2 1 1 315 317 316
2322 2 2 1 1 422 1475 315
2323 2 2 1 1 345 845 347
2324 2 2 1 1 356 1642 354
2325 2 2 1 1 360 396 358
2326 2 2 1 1 461 471 439
2327 2 2 1 1 508 509 507
2328 2 2 1 1 510 511 509
2329 2 2 1 1 515 519 517
2330 2 2 1 1 667 668 666
2331 2 2 1 1 671 673 672
2332 2 2 1 1 679 681 680
2333 2 2 1 1 682 683 681
2334 2 2 1 1 700 706 705
2335 2 2 1 1 718 1686 720
2336 2 2 1 1 727 729 726
2337 2 2 1 1 744 1661 809
2338 2 2 1 1 1528 1529 753
2339 2 2 1 1 773 778 775
2340 2 2 1 1 960 980 785
2341 2 2 1 1 951 1536 791
2342 2 2 1 1 825 841 824
2343 2 2 1 1 836 1007 1006
2344 2 2 1 1 1551 1585 899
2345 2 2 1 1 960 1086 980
2346 2 2 1 1 969 970 965
2347 2 2 1 1 975 1413 973
2348 2 2 1 1 1046 1680 1358
2349 2 2 1 1 1076 1426 1425
2350 2 2 1 1 1253 1255 1252
2351 2 2 1 1 1410 1549 1325
2352 2 2 1 1 1489 1490 165
2353 2 2 1 1 249 574 251
2354 2 2 1 1 261 1472 263
2355 2 2 1 1 264 281 262
2356 2 2 1 1 270 271 269
2357 2 2 1 1 1566 1663 278
2358 2 2 1 1 287 293 288
2359 2 2 1 1 294 295 292
2360 2 2 1 1 325 326 324
2361 2 2 1 1 355 357 356
2362 2 2 1 1 391 1621 361
2363 2 2 1 1 363 365 364
2364 2 2 1 1 379 384 376
2365 2 2 1 1 441 453 412
2366 2 2 1 1 581 1601 436
2367 2 2 1 1 491 492 474
2368 2 2 1 1 530 531 476
2369 2 2 1 1 522 532 521
2370 2 2 1 1 526 645 590
2371 2 2 1 1 627 628 531
2372 2 2 1 1 536 633 589
2373 2 2 1 1 632 755 570
2374 2 2 1 1 571 927 765
2375 2 2 1 1 643 644 595
2376 2 2 1 1 1538 1626 626
2377 2 2 1 1 638 839 735
2378 2 2 1 1 831 1671 638
2379 2 2 1 1 662 893 663
2380 2 2 1 1 1507 1653 713
2381 2 2 1 1 718 720 719
2382 2 2 1 1 720 722 721
2383 2 2 1 1 720 920 722
2384 2 2 1 1 722 724 723
2385 2 2 1 1 724 726 725
2386 2 2 1 1 742 1064 744
2387 2 2 1 1 800 801 755
2388 2 2 1 1 759 916 835
2389 2 2 1 1 768 1576 971
2390 2 2 1 1 775 776 774
2391 2 2 1 1 775 777 776
2392 2 2 1 1 776 1548 849
2393 2 2 1 1 781 782 780
2394 2 2 1 1 783 1551 784
2395 2 2 1 1 784 788 787
2396 2 2 1 1 792 983 832
2397 2 2 1 1 863 1015 795
2398 2 2 1 1 812 1025 811
2399 2 2 1 1 821 1043 900
2400 2 2 1 1 825 842 841
2401 2 2 1 1 842 1059 841
2402 2 2 1 1 1031 1099 887
2403 2 2 1 1 944 1046 1045
2404 2 2 1 1 1676 1744 959
2405 2 2 1 1 1317 1546 963
2406 2 2 1 1 964 969 965
2407 2 2 1 1 1020 1056 1018
2408 2 2 1 1 1057 1232 1056
2409 2 2 1 1 1284 1511 1061
2410 2 2 1 1 1289 1291 1290
2411 2 2 1 1 1358 1359 1357
2412 2 2 1 1 1466 1467 1465
2413 2 2 1 1 1486 1488 1487
2414 2 2 1 1 261 262 260
2415 2 2 1 1 269 1605 265
2416 2 2 1 1 287 288 286
2417 2 2 1 1 309 310 293
2418 2 2 1 1 305 331 306
2419 2 2 1 1 319 1636 323
2420 2 2 1 1 625 1567 321
2421 2 2 1 1 366 1473 364
2422 2 2 1 1 371 372 369
2423 2 2 1 1 382 383 381
2424 2 2 1 1 389 390 383
2425 2 2 1 1 397 414 398
2426 2 2 1 1 424 425 417
2427 2 2 1 1 425 428 427
2428 2 2 1 1 1382 1570 426
2429 2 2 1 1 434 581 436
2430 2 2 1 1 437 935 435
2431 2 2 1 1 468 485 484
2432 2 2 1 1 519 520 517
2433 2 2 1 1 938 959 537
2434 2 2 1 1 540 541 539
2435 2 2 1 1 541 544 543
2436 2 2 1 1 563 595 561
2437 2 2 1 1 615 617 616
2438 2 2 1 1 630 804 627
2439 2 2 1 1 889 1618 635
2440 2 2 1 1 652 1341 651
2441 2 2 1 1 667 796 668
2442 2 2 1 1 667 862 796
2443 2 2 1 1 673 675 674
2444 2 2 1 1 677 1664 1507
2445 2 2 1 1 694 695 693
2446 2 2 1 1 818 819 711
2447 2 2 1 1 742 744 743
2448 2 2 1 1 751 1542 1540
2449 2 2 1 1 759 760 758
2450 2 2 1 1 779 1548 776
2451 2 2 1 1 777 780 779
2452 2 2 1 1 851 1548 779
2453 2 2 1 1 781 1603 941
2454 2 2 1 1 809 1040 1031
2455 2 2 1 1 810 918 917
2456 2 2 1 1 849 1704 1576
2457 2 2 1 1 986 987 851
2458 2 2 1 1 918 1029 919
2459 2 2 1 1 934 1709 1023
2460 2 2 1 1 946 1646 945
2461 2 2 1 1 964 965 963
2462 2 2 1 1 965 1586 1317
2463 2 2 1 1 983 1234 984
2464 2 2 1 1 987 1677 1548
2465 2 2 1 1 1020 1057 1056
2466 2 2 1 1 1034 1833 1786
2467 2 2 1 1 1046 1358 1357
2468 2 2 1 1 1756 1831 1058
2469 2 2 1 1 1248 1251 1250
2470 2 2 1 1 1358 1360 1359
2471 2 2 1 1 290 1537 254
2472 2 2 1 1 285 1523 255
2473 2 2 1 1 568 1620 259
2474 2 2 1 1 264 1605 954
2475 2 2 1 1 266 267 265
2476 2 2 1 1 268 1610 267
2477 2 2 1 1 672 715 268
2478 2 2 1 1 715 1610 268
2479 2 2 1 1 284 287 286
2480 2 2 1 1 288 289 286
2481 2 2 1 1 291 294 292
2482 2 2 1 1 294 296 295
2483 2 2 1 1 296 299 297
2484 2 2 1 1 306 736 304
2485 2 2 1 1 313 314 312
2486 2 2 1 1 317 1636 319
2487 2 2 1 1 329 1836 1805
2488 2 2 1 1 345 347 346
2489 2 2 1 1 357 359 358
2490 2 2 1 1 380 382 381
2491 2 2 1 1 382 389 383
2492 2 2 1 1 404 405 403
2493 2 2 1 1 457 737 424
2494 2 2 1 1 425 429 428
2495 2 2 1 1 429 464 430
2496 2 2 1 1 478 528 477
2497 2 2 1 1 492 632 570
2498 2 2 1 1 503 504 501
2499 2 2 1 1 503 506 505
2500 2 2 1 1 506 564 508
2501 2 2 1 1 564 1602 508
2502 2 2 1 1 516 537 514
2503 2 2 1 1 535 538 533
2504 2 2 1 1 536 1658 1424
2505 2 2 1 1 544 603 598
2506 2 2 1 1 592 731 548
2507 2 2 1 1 596 1750 653
2508 2 2 1 1 623 1710 939
2509 2 2 1 1 828 829 625
2510 2 2 1 1 637 1602 944
2511 2 2 1 1 1341 1342 651
2512 2 2 1 1 660 661 652
2513 2 2 1 1 671 1582 673
2514 2 2 1 1 677 1507 679
2515 2 2 1 1 684 685 683
2516 2 2 1 1 712 818 711
2517 2 2 1 1 844 898 714
2518 2 2 1 1 815 1384 717
2519 2 2 1 1 759 1590 916
2520 2 2 1 1 763 1665 962
2521 2 2 1 1 777 1603 781
2522 2 2 1 1 778 1616 1603
2523 2 2 1 1 850 851 779
2524 2 2 1 1 783 784 782
2525 2 2 1 1 784 1551 788
2526 2 2 1 1 788 789 787
2527 2 2 1 1 788 1551 899
2528 2 2 1 1 797 877 798
2529 2 2 1 1 800 878 801
2530 2 2 1 1 811 1781 810
2531 2 2 1 1 822 1572 1442
2532 2 2 1 1 829 961 830
2533 2 2 1 1 983 984 832
2534 2 2 1 1 844 1653 1069
2535 2 2 1 1 845 1808 1435
2536 2 2 1 1 979 986 851
2537 2 2 1 1 876 1120 874
2538 2 2 1 1 888 1103 1027
2539 2 2 1 1 914 1065 931
2540 2 2 1 1 963 1546 915
2541 2 2 1 1 939 1354 926
2542 2 2 1 1 1603 1616 941
2543 2 2 1 1 960 1695 1086
2544 2 2 1 1 961 1479 1000
2545 2 2 1 1 1226 1227 961
2546 2 2 1 1 994 996 995
2547 2 2 1 1 1315 1316 997
2548 2 2 1 1 1017 1019 1018
2549 2 2 1 1 1097 1116 1024
2550 2 2 1 1 1199 1201 1032
2551 2 2 1 1 1069 1543 1386
2552 2 2 1 1 1256 1257 1105
2553 2 2 1 1 1290 1688 1288
2554 2 2 1 1 1292 1293 1290
2555 2 2 1 1 1303 1305 1304
2556 2 2 1 1 1345 1348 1347
2557 2 2 1 1 1446 1816 1503
2558 2 2 1 1 1685 1739 1550
2559 2 2 1 1 233 234 232
2560 2 2 1 1 235 236 234
2561 2 2 1 1 237 238 236
2562 2 2 1 1 239 240 238
2563 2 2 1 1 241 242 240
2564 2 2 1 1 243 244 242
2565 2 2 1 1 246 1433 244
2566 2 2 1 1 265 1605 264
2567 2 2 1 1 575 1605 269
2568 2 2 1 1 280 567 284
2569 2 2 1 1 291 1651 557
2570 2 2 1 1 299 300 297
2571 2 2 1 1 317 319 318
2572 2 2 1 1 326 328 327
2573 2 2 1 1 344 1574 337
2574 2 2 1 1 338 386 339
2575 2 2 1 1 386 399 388
2576 2 2 1 1 387 1814 1315
2577 2 2 1 1 426 1570 1456
2578 2 2 1 1 476 1736 1723
2579 2 2 1 1 480 542 494
2580 2 2 1 1 527 605 495
2581 2 2 1 1 510 1602 637
2582 2 2 1 1 511 513 512
2583 2 2 1 1 565 1385 520
2584 2 2 1 1 536 1424 633
2585 2 2 1 1 547 599 549
2586 2 2 1 1 599 600 549
2587 2 2 1 1 553 554 552
2588 2 2 1 1 586 587 554
2589 2 2 1 1 556 1516 932
2590 2 2 1 1 810 917 589
2591 2 2 1 1 594 802 593
2592 2 2 1 1 658 659 657
2593 2 2 1 1 714 1481 684
2594 2 2 1 1 710 813 717
2595 2 2 1 1 713 1653 844
2596 2 2 1 1 724 727 726
2597 2 2 1 1 839 840 735
2598 2 2 1 1 1323 1325 736
2599 2 2 1 1 748 1572 822
2600 2 2 1 1 824 1644 750
2601 2 2 1 1 860 1014 751
2602 2 2 1 1 793 951 791
2603 2 2 1 1 827 912 911
2604 2 2 1 1 1047 1671 831
2605 2 2 1 1 1211 1212 900
2606 2 2 1 1 912 1220 913
2607 2 2 1 1 1681 1701 929
2608 2 2 1 1 952 953 938
2609 2 2 1 1 938 1669 959
2610 2 2 1 1 1077 1730 1692
2611 2 2 1 1 1138 1139 1137
2612 2 2 1 1 1251 1252 1250
2613 2 2 1 1 1334 1552 1335
2614 2 2 1 1 1349 1584 1347
2615 2 2 1 1 1350 1351 1349
2616 2 2 1 1 1357 1393 1356
2617 2 2 1 1 237 1672 239
2618 2 2 1 1 386 388 339
2619 2 2 1 1 390 402 383
2620 2 2 1 1 1700 1706 384
2621 2 2 1 1 410 1339 416
2622 2 2 1 1 447 449 448
2623 2 2 1 1 452 455 451
2624 2 2 1 1 466 746 745
2625 2 2 1 1 486 582 488
2626 2 2 1 1 515 517 516
2627 2 2 1 1 575 1643 1605
2628 2 2 1 1 681 704 680
2629 2 2 1 1 707 988 705
2630 2 2 1 1 786 1589 723
2631 2 2 1 1 785 1637 782
2632 2 2 1 1 839 948 840
2633 2 2 1 1 842 1580 1215
2634 2 2 1 1 847 1352 848
2635 2 2 1 1 873 1055 875
2636 2 2 1 1 907 1039 905
2637 2 2 1 1 908 1747 1419
2638 2 2 1 1 1605 1643 954
2639 2 2 1 1 959 1744 1520
2640 2 2 1 1 962 964 963
2641 2 2 1 1 1338 1586 970
2642 2 2 1 1 976 1026 977
2643 2 2 1 1 1140 1142 1022
2644 2 2 1 1 1073 1779 1568
2645 2 2 1 1 6 221 5
2646 2 2 1 1 8 190 7
2647 2 2 1 1 11 181 10
2648 2 2 1 1 13 197 12
2649 2 2 1 1 15 177 14
2650 2 2 1 1 17 198 16
2651 2 2 1 1 19 171 18
2652 2 2 1 1 21 199 20
2653 2 2 1 1 24 161 23
2654 2 2 1 1 26 200 25
2655 2 2 1 1 29 165 28
2656 2 2 1 1 31 201 30
2657 2 2 1 1 34 176 33
2658 2 2 1 1 36 202 35
2659 2 2 1 1 38 185 37
2660 2 2 1 1 41 189 40
2661 2 2 1 1 43 222 42
2662 2 2 1 1 47 193 46
2663 2 2 1 1 50 183 49
2664 2 2 1 1 52 203 51
2665 2 2 1 1 54 173 53
2666 2 2 1 1 56 204 55
2667 2 2 1 1 59 168 58
2668 2 2 1 1 61 205 60
2669 2 2 1 1 63 1593 62
2670 2 2 1 1 64 162 63
2671 2 2 1 1 66 206 65
2672 2 2 1 1 69 170 68
2673 2 2 1 1 71 207 70
2674 2 2 1 1 73 179 72
2675 2 2 1 1 75 208 74
2676 2 2 1 1 77 184 76
2677 2 2 1 1 79 1596 78
2678 2 2 1 1 80 191 79
2679 2 2 1 1 82 223 81
2680 2 2 1 1 86 194 85
2681 2 2 1 1 89 188 88
2682 2 2 1 1 91 209 90
2683 2 2 1 1 93 175 92
2684 2 2 1 1 95 210 94
2685 2 2 1 1 98 166 97
2686 2 2 1 1 100 211 99
2687 2 2 1 1 103 163 102
2688 2 2 1 1 105 212 104
2689 2 2 1 1 108 169 107
2690 2 2 1 1 110 213 109
2691 2 2 1 1 112 180 111
2692 2 2 1 1 114 214 113
2693 2 2 1 1 116 186 115
2694 2 2 1 1 119 192 118
2695 2 2 1 1 121 224 120
2696 2 2 1 1 125 195 124
2697 2 2 1 1 128 182 127
2698 2 2 1 1 130 215 129
2699 2 2 1 1 132 178 131
2700 2 2 1 1 134 216 133
2701 2 2 1 1 136 172 135
2702 2 2 1 1 138 217 137
2703 2 2 1 1 141 164 140
2704 2 2 1 1 143 218 142
2705 2 2 1 1 146 167 145
2706 2 2 1 1 148 219 147
2707 2 2 1 1 150 1600 149
2708 2 2 1 1 151 174 150
2709 2 2 1 1 153 220 152
2710 2 2 1 1 155 187 154
2711 2 2 1 1 158 196 157
2712 2 2 1 1 1485 1486 161
2713 2 2 1 1 248 298 246
2714 2 2 1 1 254 1537 252
2715 2 2 1 1 296 297 295
2716 2 2 1 1 1475 1636 317
2717 2 2 1 1 342 345 344
2718 2 2 1 1 375 376 374
2719 2 2 1 1 411 1382 409
2720 2 2 1 1 438 475 440
2721 2 2 1 1 499 501 500
2722 2 2 1 1 1520 1659 512
2723 2 2 1 1 515 516 514
2724 2 2 1 1 639 795 585
2725 2 2 1 1 603 1640 598
2726 2 2 1 1 598 636 635
2727 2 2 1 1 829 830 625
2728 2 2 1 1 639 1579 934
2729 2 2 1 1 692 1748 1405
2730 2 2 1 1 741 945 739
2731 2 2 1 1 887 1627 743
2732 2 2 1 1 747 1070 745
2733 2 2 1 1 823 824 750
2734 2 2 1 1 782 1637 780
2735 2 2 1 1 795 1734 1632
2736 2 2 1 1 878 879 801
2737 2 2 1 1 855 1008 854
2738 2 2 1 1 1288 1471 901
2739 2 2 1 1 932 1387 1013
2740 2 2 1 1 941 1616 943
2741 2 2 1 1 950 1259 1258
2742 2 2 1 1 1109 1110 1057
2743 2 2 1 1 1084 1687 1683
2744 2 2 1 1 1292 1296 1294
2745 2 2 1 1 1452 1701 1698
2746 2 2 1 1 251 252 250
2747 2 2 1 1 253 254 252
2748 2 2 1 1 252 1537 573
2749 2 2 1 1 255 256 254
2750 2 2 1 1 257 258 256
2751 2 2 1 1 300 1652 297
2752 2 2 1 1 1452 1698 422
2753 2 2 1 1 598 635 597
2754 2 2 1 1 683 1648 681
2755 2 2 1 1 747 1644 1070
2756 2 2 1 1 839 950 948
2757 2 2 1 1 844 1068 898
2758 2 2 1 1 964 1698 969
2759 2 2 1 1 970 1586 965
2760 2 2 1 1 980 1638 1637
2761 2 2 1 1 994 995 993
2762 2 2 1 1 1064 1588 1264
2763 2 2 1 1 1451 1754 1085
2764 2 2 1 1 1237 1238 1236
2765 2 2 1 1 1238 1239 1236
2766 2 2 1 1 279 1691 276
2767 2 2 1 1 328 333 330
2768 2 2 1 1 343 933 394
2769 2 2 1 1 357 1667 359
2770 2 2 1 1 368 1504 371
2771 2 2 1 1 380 1721 395
2772 2 2 1 1 383 1510 381
2773 2 2 1 1 393 1722 1453
2774 2 2 1 1 394 1538 413
2775 2 2 1 1 433 434 415
2776 2 2 1 1 492 570 569
2777 2 2 1 1 530 627 531
2778 2 2 1 1 599 1571 1337
2779 2 2 1 1 614 642 612
2780 2 2 1 1 723 1589 721
2781 2 2 1 1 725 786 723
2782 2 2 1 1 767 1630 771
2783 2 2 1 1 972 1037 826
2784 2 2 1 1 912 1223 1220
2785 2 2 1 1 933 1626 1538
2786 2 2 1 1 954 1643 956
2787 2 2 1 1 1693 1694 1207
2788 2 2 1 1 1247 1248 1246
2789 2 2 1 1 1291 1300 1292
2790 2 2 1 1 291 292 289
2791 2 2 1 1 323 1636 761
2792 2 2 1 1 359 391 361
2793 2 2 1 1 423 1074 834
2794 2 2 1 1 432 1531 1397
2795 2 2 1 1 1398 1718 555
2796 2 2 1 1 830 1567 625
2797 2 2 1 1 646 856 855
2798 2 2 1 1 663 866 664
2799 2 2 1 1 680 1703 702
2800 2 2 1 1 732 808 733
2801 2 2 1 1 873 875 874
2802 2 2 1 1 1032 1276 893
2803 2 2 1 1 948 1613 949
2804 2 2 1 1 1075 1670 1076
2805 2 2 1 1 1298 1825 1309
2806 2 2 1 1 1345 1347 1344
2807 2 2 1 1 1520 1744 1659
2808 2 2 1 1 1682 1714 1531
2809 2 2 1 1 181 1743 1591
2810 2 2 1 1 197 226 225
2811 2 2 1 1 208 1498 1497
2812 2 2 1 1 734 1504 370
2813 2 2 1 1 373 374 372
2814 2 2 1 1 379 1700 384
2815 2 2 1 1 460 477 433
2816 2 2 1 1 481 624 471
2817 2 2 1 1 1670 1681 567
2818 2 2 1 1 795 1632 585
2819 2 2 1 1 592 732 731
2820 2 2 1 1 663 664 600
2821 2 2 1 1 805 871 804
2822 2 2 1 1 861 1278 1277
2823 2 2 1 1 883 1614 885
2824 2 2 1 1 944 1680 1046
2825 2 2 1 1 1708 1712 986
2826 2 2 1 1 1003 1082 1004
2827 2 2 1 1 1141 1760 1179
2828 2 2 1 1 1238 1728 1241
2829 2 2 1 1 1713 1725 1525
2830 2 2 1 1 231 233 232
2831 2 2 1 1 233 235 234
2832 2 2 1 1 235 237 236
2833 2 2 1 1 1564 1565 236
2834 2 2 1 1 237 239 238
2835 2 2 1 1 335 1564 238
2836 2 2 1 1 239 241 240
2837 2 2 1 1 241 243 242
2838 2 2 1 1 243 245 244
2839 2 2 1 1 244 1433 577
2840 2 2 1 1 245 247 246
2841 2 2 1 1 278 1663 280
2842 2 2 1 1 319 323 322
2843 2 2 1 1 337 1574 332
2844 2 2 1 1 342 344 337
2845 2 2 1 1 339 1683 340
2846 2 2 1 1 388 1683 339
2847 2 2 1 1 342 1673 345
2848 2 2 1 1 345 1673 845
2849 2 2 1 1 349 350 348
2850 2 2 1 1 354 1642 431
2851 2 2 1 1 357 358 356
2852 2 2 1 1 363 364 362
2853 2 2 1 1 365 1647 367
2854 2 2 1 1 367 1647 397
2855 2 2 1 1 368 371 369
2856 2 2 1 1 371 373 372
2857 2 2 1 1 1581 1721 378
2858 2 2 1 1 387 1678 1516
2859 2 2 1 1 389 1655 390
2860 2 2 1 1 394 413 412
2861 2 2 1 1 933 1538 394
2862 2 2 1 1 397 1647 1334
2863 2 2 1 1 406 1539 407
2864 2 2 1 1 413 442 441
2865 2 2 1 1 419 421 420
2866 2 2 1 1 422 1697 1475
2867 2 2 1 1 438 439 437
2868 2 2 1 1 437 1526 935
2869 2 2 1 1 449 1732 452
2870 2 2 1 1 455 1751 451
2871 2 2 1 1 458 1657 482
2872 2 2 1 1 492 569 474
2873 2 2 1 1 531 1736 476
2874 2 2 1 1 487 518 485
2875 2 2 1 1 488 524 489
2876 2 2 1 1 578 593 491
2877 2 2 1 1 492 1692 632
2878 2 2 1 1 591 1624 527
2879 2 2 1 1 628 629 531
2880 2 2 1 1 1477 1709 538
2881 2 2 1 1 553 586 554
2882 2 2 1 1 556 860 751
2883 2 2 1 1 853 966 588
2884 2 2 1 1 644 1400 595
2885 2 2 1 1 596 647 643
2886 2 2 1 1 597 1618 634
2887 2 2 1 1 635 1618 597
2888 2 2 1 1 599 1337 662
2889 2 2 1 1 608 610 609
2890 2 2 1 1 610 1724 797
2891 2 2 1 1 613 614 612
2892 2 2 1 1 615 616 614
2893 2 2 1 1 833 1694 615
2894 2 2 1 1 619 1693 669
2895 2 2 1 1 631 646 629
2896 2 2 1 1 630 805 804
2897 2 2 1 1 858 859 659
2898 2 2 1 1 675 1664 677
2899 2 2 1 1 684 1481 685
2900 2 2 1 1 695 698 693
2901 2 2 1 1 697 1675 695
2902 2 2 1 1 696 701 699
2903 2 2 1 1 701 712 711
2904 2 2 1 1 720 721 719
2905 2 2 1 1 765 1630 767
2906 2 2 1 1 980 1637 785
2907 2 2 1 1 906 1012 794
2908 2 2 1 1 1025 1096 811
2909 2 2 1 1 816 1092 815
2910 2 2 1 1 850 1638 979
2911 2 2 1 1 1275 1757 875
2912 2 2 1 1 907 1206 1039
2913 2 2 1 1 923 1614 1402
2914 2 2 1 1 1355 1607 926
2915 2 2 1 1 1543 1664 928
2916 2 2 1 1 1513 1681 929
2917 2 2 1 1 953 1669 938
2918 2 2 1 1 939 1808 1354
2919 2 2 1 1 1671 1720 950
2920 2 2 1 1 956 1643 1054
2921 2 2 1 1 962 1697 964
2922 2 2 1 1 967 1028 966
2923 2 2 1 1 1645 1646 974
2924 2 2 1 1 989 991 990
2925 2 2 1 1 1012 1834 1461
2926 2 2 1 1 1023 1759 1141
2927 2 2 1 1 1042 1313 1081
2928 2 2 1 1 1051 1089 1088
2929 2 2 1 1 1067 1617 1604
2930 2 2 1 1 1069 1653 1543
2931 2 2 1 1 1071 1353 1072
2932 2 2 1 1 1075 1701 1681
2933 2 2 1 1 1101 1146 1102
2934 2 2 1 1 1109 1111 1110
2935 2 2 1 1 1235 1237 1236
2936 2 2 1 1 1247 1249 1248
2937 2 2 1 1 1430 1688 1293
2938 2 2 1 1 1294 1297 1295
2939 2 2 1 1 1326 1662 1410
2940 2 2 1 1 1783 1793 1364
2941 2 2 1 1 1367 1368 1366
2942 2 2 1 1 1662 1705 1410
2943 2 2 1 1 1696 1846 1427
2944 2 2 1 1 1463 1807 1793
2945 2 2 1 1 1475 1665 1636
2946 2 2 1 1 1528 1674 1529
2947 2 2 1 1 234 1565 385
2948 2 2 1 1 239 1672 401
2949 2 2 1 1 583 1667 357
2950 2 2 1 1 456 463 462
2951 2 2 1 1 486 1575 582
2952 2 2 1 1 735 1660 523
2953 2 2 1 1 529 1625 528
2954 2 2 1 1 535 539 538
2955 2 2 1 1 544 598 597
2956 2 2 1 1 628 641 631
2957 2 2 1 1 647 867 643
2958 2 2 1 1 732 888 808
2959 2 2 1 1 754 1713 1525
2960 2 2 1 1 1780 1855 786
2961 2 2 1 1 848 881 803
2962 2 2 1 1 872 1119 871
2963 2 2 1 1 880 1126 878
2964 2 2 1 1 886 1131 884
2965 2 2 1 1 924 1071 925
2966 2 2 1 1 947 1097 1024
2967 2 2 1 1 1757 1801 985
2968 2 2 1 1 1442 1572 1445
2969 2 2 1 1 230 579 228
2970 2 2 1 1 1695 1726 431
2971 2 2 1 1 560 1340 558
2972 2 2 1 1 852 853 588
2973 2 2 1 1 802 1077 593
2974 2 2 1 1 617 1693 619
2975 2 2 1 1 805 873 872
2976 2 2 1 1 907 1693 1207
2977 2 2 1 1 1016 1104 953
2978 2 2 1 1 1316 1649 997
2979 2 2 1 1 1517 1683 388
2980 2 2 1 1 737 1684 424
2981 2 2 1 1 464 465 430
2982 2 2 1 1 480 481 471
2983 2 2 1 1 590 591 527
2984 2 2 1 1 681 1648 704
2985 2 2 1 1 726 1715 728
2986 2 2 1 1 1002 1033 817
2987 2 2 1 1 882 1129 881
2988 2 2 1 1 1531 1714 1324
2989 2 2 1 1 1370 1799 1732
2990 2 2 1 1 1677 1718 1399
2991 2 2 1 1 1597 1615 1596
2992 2 2 1 1 276 1691 282
2993 2 2 1 1 280 1663 567
2994 2 2 1 1 1510 1700 381
2995 2 2 1 1 382 1569 389
2996 2 2 1 1 1569 1654 389
2997 2 2 1 1 454 1518 559
2998 2 2 1 1 804 1372 627
2999 2 2 1 1 641 648 631
3000 2 2 1 1 692 1405 1404
3001 2 2 1 1 877 981 798
3002 2 2 1 1 1579 1709 934
3003 2 2 1 1 1067 1604 1474
3004 2 2 1 1 1076 1670 1426
3005 2 2 1 1 1307 1780 1305
3006 2 2 1 1 1360 1361 1359
3007 2 2 1 1 503 505 504
3008 2 2 1 1 527 1624 605
3009 2 2 1 1 926 1607 569
3010 2 2 1 1 596 643 595
3011 2 2 1 1 928 1664 675
3012 2 2 1 1 820 1733 719
3013 2 2 1 1 927 1630 765
3014 2 2 1 1 1058 1836 1756
3015 2 2 1 1 190 1555 7
3016 2 2 1 1 181 1591 10
3017 2 2 1 1 197 225 12
3018 2 2 1 1 177 1556 14
3019 2 2 1 1 199 1484 20
3020 2 2 1 1 202 1491 35
3021 2 2 1 1 185 1558 37
3022 2 2 1 1 222 1492 42
3023 2 2 1 1 203 1493 51
3024 2 2 1 1 173 1559 53
3025 2 2 1 1 179 1560 72
3026 2 2 1 1 208 1497 74
3027 2 2 1 1 184 1561 76
3028 2 2 1 1 223 1499 81
3029 2 2 1 1 215 1500 129
3030 2 2 1 1 217 1501 137
3031 2 2 1 1 404 1655 580
3032 2 2 1 1 670 1539 406
3033 2 2 1 1 521 1623 517
3034 2 2 1 1 1508 1686 718
3035 2 2 1 1 733 1689 731
3036 2 2 1 1 881 1469 803
3037 2 2 1 1 839 1671 950
3038 2 2 1 1 870 904 903
3039 2 2 1 1 1602 1680 944
3040 2 2 1 1 1024 1388 946
3041 2 2 1 1 1018 1268 978
3042 2 2 1 1 986 1712 987
3043 2 2 1 1 1107 1151 1021
3044 2 2 1 1 1086 1695 1642
3045 2 2 1 1 1453 1673 342
3046 2 2 1 1 396 1719 358
3047 2 2 1 1 412 1722 393
3048 2 2 1 1 435 1578 415
3049 2 2 1 1 517 1623 516
3050 2 2 1 1 1625 1801 528
3051 2 2 1 1 662 1337 894
3052 2 2 1 1 732 733 731
3053 2 2 1 1 746 749 748
3054 2 2 1 1 1001 1406 895
3055 2 2 1 1 979 1713 986
3056 2 2 1 1 1374 1378 1377
3057 2 2 1 1 1399 1706 1704
3058 2 2 1 1 304 1652 300
3059 2 2 1 1 395 1569 382
3060 2 2 1 1 390 1655 404
3061 2 2 1 1 477 1656 433
3062 2 2 1 1 466 1775 1768
3063 2 2 1 1 467 1575 468
3064 2 2 1 1 1410 1705 472
3065 2 2 1 1 580 1655 972
3066 2 2 1 1 636 1640 1042
3067 2 2 1 1 704 1703 680
3068 2 2 1 1 719 1733 712
3069 2 2 1 1 1014 1542 751
3070 2 2 1 1 786 1848 1780
3071 2 2 1 1 793 1682 951
3072 2 2 1 1 813 891 814
3073 2 2 1 1 846 1714 1682
3074 2 2 1 1 1354 1355 926
3075 2 2 1 1 1416 1695 960
3076 2 2 1 1 977 1017 978
3077 2 2 1 1 1047 1720 1671
3078 2 2 1 1 1075 1681 1670
3079 2 2 1 1 1364 1807 1365
3080 2 2 1 1 1475 1697 1665
3081 2 2 1 1 1536 1738 1726
3082 2 2 1 1 1638 1742 1725
3083 2 2 1 1 422 1698 1697
3084 2 2 1 1 429 1684 1320
3085 2 2 1 1 490 1645 974
3086 2 2 1 1 750 1644 747
3087 2 2 1 1 1033 1035 817
3088 2 2 1 1 1030 1049 1048
3089 2 2 1 1 1179 1180 1178
3090 2 2 1 1 1606 1708 1473
3091 2 2 1 1 461 1772 480
3092 2 2 1 1 475 1601 1460
3093 2 2 1 1 702 1703 1611
3094 2 2 1 1 998 1122 877
3095 2 2 1 1 929 1701 1452
3096 2 2 1 1 1638 1725 979
3097 2 2 1 1 1010 1810 1791
3098 2 2 1 1 1034 1327 1033
3099 2 2 1 1 411 1622 1382
3100 2 2 1 1 445 1729 447
3101 2 2 1 1 447 1732 449
3102 2 2 1 1 555 1712 1606
3103 2 2 1 1 565 1787 1479
3104 2 2 1 1 966 1750 588
3105 2 2 1 1 846 1682 793
3106 2 2 1 1 1682 1745 951
3107 2 2 1 1 1697 1698 964
3108 2 2 1 1 1006 1696 1427
3109 2 2 1 1 1596 1615 1595
3110 2 2 1 1 200 1485 25
3111 2 2 1 1 218 1502 142
3112 2 2 1 1 431 1726 1422
3113 2 2 1 1 482 1657 546
3114 2 2 1 1 509 1659 507
3115 2 2 1 1 945 1702 739
3116 2 2 1 1 1015 1734 795
3117 2 2 1 1 1096 1781 811
3118 2 2 1 1 853 967 966
3119 2 2 1 1 950 1720 1259
3120 2 2 1 1 1632 1734 952
3121 2 2 1 1 969 1701 1075
3122 2 2 1 1 1576 1704 971
3123 2 2 1 1 1534 1631 993
3124 2 2 1 1 1085 1687 1084
3125 2 2 1 1 198 1483 16
3126 2 2 1 1 171 1557 18
3127 2 2 1 1 201 1489 30
3128 2 2 1 1 204 1494 55
3129 2 2 1 1 206 1495 65
3130 2 2 1 1 207 1496 70
3131 2 2 1 1 172 1562 135
3132 2 2 1 1 1642 1695 431
3133 2 2 1 1 734 1761 1737
3134 2 2 1 1 951 1738 1536
3135 2 2 1 1 989 1815 1628
3136 2 2 1 1 1479 1787 1000
3137 2 2 1 1 1066 1787 1274
3138 2 2 1 1 1129 1169 1130
3139 2 2 1 1 1179 1760 1717
3140 2 2 1 1 1606 1712 1708
3141 2 2 1 1 236 1565 234
3142 2 2 1 1 1725 1742 396
3143 2 2 1 1 472 1705 1674
3144 2 2 1 1 740 1627 741
3145 2 2 1 1 888 1027 808
3146 2 2 1 1 1129 1130 881
3147 2 2 1 1 1084 1683 1517
3148 2 2 1 1 1350 1802 1737
3149 2 2 1 1 1361 1783 1364
3150 2 2 1 1 227 228 226
3151 2 2 1 1 251 1784 253
3152 2 2 1 1 507 1659 1658
3153 2 2 1 1 1264 1588 670
3154 2 2 1 1 986 1713 1708
3155 2 2 1 1 1087 1707 1534
3156 2 2 1 1 1453 1722 1355
3157 2 2 1 1 1374 1377 1375
3158 2 2 1 1 1536 1726 1416
3159 2 2 1 1 1509 1700 1510
3160 2 2 1 1 8 1763 190
3161 2 2 1 1 1619 1735 226
3162 2 2 1 1 385 1563 232
3163 2 2 1 1 356 1719 1642
3164 2 2 1 1 364 1473 754
3165 2 2 1 1 370 1504 368
3166 2 2 1 1 415 1578 398
3167 2 2 1 1 474 1607 453
3168 2 2 1 1 468 1575 486
3169 2 2 1 1 982 1656 477
3170 2 2 1 1 491 1692 492
3171 2 2 1 1 755 1522 570
3172 2 2 1 1 1077 1692 593
3173 2 2 1 1 653 1609 647
3174 2 2 1 1 1079 1668 664
3175 2 2 1 1 690 1755 687
3176 2 2 1 1 688 1748 689
3177 2 2 1 1 729 1715 726
3178 2 2 1 1 1715 1716 728
3179 2 2 1 1 792 1771 983
3180 2 2 1 1 800 880 878
3181 2 2 1 1 802 1469 1078
3182 2 2 1 1 818 1001 895
3183 2 2 1 1 868 1134 1132
3184 2 2 1 1 876 1121 1120
3185 2 2 1 1 1730 1731 880
3186 2 2 1 1 883 884 882
3187 2 2 1 1 885 1614 923
3188 2 2 1 1 889 1717 1618
3189 2 2 1 1 892 1197 1195
3190 2 2 1 1 1665 1697 962
3191 2 2 1 1 998 1123 1122
3192 2 2 1 1 1001 1407 1406
3193 2 2 1 1 1205 1696 1006
3194 2 2 1 1 1078 1731 1077
3195 2 2 1 1 1135 1136 1134
3196 2 2 1 1 1728 1764 1241
3197 2 2 1 1 1279 1281 1280
3198 2 2 1 1 1571 1819 1337
3199 2 2 1 1 1416 1726 1695
3200 2 2 1 1 1445 1752 1446
3201 2 2 1 1 1467 1641 1465
3202 2 2 1 1 1504 1737 1515
3203 2 2 1 1 1737 1802 1515
3204 2 2 1 1 1541 1666 1590
3205 2 2 1 1 1659 1744 1658
3206 2 2 1 1 546 1657 936
3207 2 2 1 1 1771 1820 983
3208 2 2 1 1 1389 1797 1003
3209 2 2 1 1 1642 1719 1086
3210 2 2 1 1 1422 1738 1429
3211 2 2 1 1 1726 1738 1422
3212 2 2 1 1 512 1659 509
3213 2 2 1 1 883 885 884
3214 2 2 1 1 1136 1172 1134
3215 2 2 1 1 1241 1764 1243
3216 2 2 1 1 516 1623 937
3217 2 2 1 1 647 1609 868
3218 2 2 1 1 1465 1740 833
3219 2 2 1 1 852 1812 853
3220 2 2 1 1 980 1742 1638
3221 2 2 1 1 1674 1705 1529
3222 2 2 1 1 664 1668 600
3223 2 2 1 1 1473 1708 754
3224 2 2 1 1 538 1709 1579
3225 2 2 1 1 1274 1787 565
3226 2 2 1 1 709 1727 710
3227 2 2 1 1 1707 1755 690
3228 2 2 1 1 870 1117 904
3229 2 2 1 1 894 1032 893
3230 2 2 1 1 736 1652 304
3231 2 2 1 1 1550 1739 564
3232 2 2 1 1 698 1631 1534
3233 2 2 1 1 1753 1789 827
3234 2 2 1 1 1261 1720 1047
3235 2 2 1 1 1212 1762 1343
3236 2 2 1 1 1680 1739 1358
3237 2 2 1 1 1738 1745 1429
3238 2 2 1 1 1531 1745 1682
3239 2 2 1 1 1525 1725 396
3240 2 2 1 1 634 1759 1477
3241 2 2 1 1 1439 1660 735
3242 2 2 1 1 1086 1742 980
3243 2 2 1 1 1451 1811 1754
3244 2 2 1 1 1509 1706 1700
3245 2 2 1 1 1593 1594 1592
3246 2 2 1 1 358 1719 356
3247 2 2 1 1 952 1734 1016
3248 2 2 1 1 1080 1690 1079
3249 2 2 1 1 1460 1777 1269
3250 2 2 1 1 1293 1688 1290
3251 2 2 1 1 1423 1793 1783
3252 2 2 1 1 479 1741 446
3253 2 2 1 1 570 1522 623
3254 2 2 1 1 612 1724 610
3255 2 2 1 1 687 1755 686
3256 2 2 1 1 743 1627 740
3257 2 2 1 1 899 1771 790
3258 2 2 1 1 803 1469 802
3259 2 2 1 1 7 1555 6
3260 2 2 1 1 9 1763 8
3261 2 2 1 1 10 1591 9
3262 2 2 1 1 1591 1763 9
3263 2 2 1 1 12 225 11
3264 2 2 1 1 14 1556 13
3265 2 2 1 1 16 1483 15
3266 2 2 1 1 18 1557 17
3267 2 2 1 1 20 1484 19
3268 2 2 1 1 25 1485 24
3269 2 2 1 1 30 1489 29
3270 2 2 1 1 35 1491 34
3271 2 2 1 1 37 1558 36
3272 2 2 1 1 42 1492 41
3273 2 2 1 1 51 1493 50
3274 2 2 1 1 53 1559 52
3275 2 2 1 1 55 1494 54
3276 2 2 1 1 62 1592 61
3277 2 2 1 1 65 1495 64
3278 2 2 1 1 70 1496 69
3279 2 2 1 1 72 1560 71
3280 2 2 1 1 74 1497 73
3281 2 2 1 1 76 1561 75
3282 2 2 1 1 78 1595 77
3283 2 2 1 1 81 1499 80
3284 2 2 1 1 129 1500 128
3285 2 2 1 1 135 1562 134
3286 2 2 1 1 137 1501 136
3287 2 2 1 1 139 1598 138
3288 2 2 1 1 142 1502 141
3289 2 2 1 1 149 1599 148
3290 2 2 1 1 247 1765 249
3291 2 2 1 1 450 1639 448
3292 2 2 1 1 593 1692 491
3293 2 2 1 1 757 1715 729
3294 2 2 1 1 1708 1713 754
3295 2 2 1 1 818 1733 1001
3296 2 2 1 1 935 1761 1578
3297 2 2 1 1 1343 1762 1346
3298 2 2 1 1 1067 1741 1617
3299 2 2 1 1 1684 1702 1320
3300 2 2 1 1 564 1680 1602
3301 2 2 1 1 971 1706 1509
3302 2 2 1 1 987 1718 1677
3303 2 2 1 1 1008 1798 1091
3304 2 2 1 1 378 1721 380
3305 2 2 1 1 600 1668 549
3306 2 2 1 1 642 1724 612
3307 2 2 1 1 833 1740 1694
3308 2 2 1 1 868 1135 1134
3309 2 2 1 1 704 1810 1703
3310 2 2 1 1 1590 1666 916
3311 2 2 1 1 1704 1706 971
3312 2 2 1 1 308 1765 247
3313 2 2 1 1 427 1622 417
3314 2 2 1 1 432 1745 1531
3315 2 2 1 1 444 1741 1067
3316 2 2 1 1 1402 1792 479
3317 2 2 1 1 1463 1793 498
3318 2 2 1 1 1755 1770 686
3319 2 2 1 1 988 1675 705
3320 2 2 1 1 734 1737 1504
3321 2 2 1 1 1578 1761 734
3322 2 2 1 1 1091 1736 854
3323 2 2 1 1 1417 1843 897
3324 2 2 1 1 1412 1838 906
3325 2 2 1 1 1654 1832 972
3326 2 2 1 1 1712 1718 987
3327 2 2 1 1 1353 1754 1072
3328 2 2 1 1 1083 1679 1143
3329 2 2 1 1 1248 1856 1251
3330 2 2 1 1 1321 1401 1400
3331 2 2 1 1 1581 1804 1346
3332 2 2 1 1 1641 1740 1465
3333 2 2 1 1 466 1768 746
3334 2 2 1 1 810 1781 918
3335 2 2 1 1 451 1751 454
3336 2 2 1 1 1228 1661 744
3337 2 2 1 1 921 1401 1321
3338 2 2 1 1 1358 1739 1360
3339 2 2 1 1 1763 1797 190
3340 2 2 1 1 335 1728 1564
3341 2 2 1 1 555 1718 1712
3342 2 2 1 1 1856 1857 1251
3343 2 2 1 1 1750 1769 653
3344 2 2 1 1 1790 1854 1092
3345 2 2 1 1 1440 1660 1439
3346 2 2 1 1 1573 1752 1445
3347 2 2 1 1 430 1775 428
3348 2 2 1 1 1729 1732 447
3349 2 2 1 1 479 1792 1741
3350 2 2 1 1 887 1767 1627
3351 2 2 1 1 1243 1796 1245
3352 2 2 1 1 1362 1711 1514
3353 2 2 1 1 1555 1837 221
3354 2 2 1 1 454 1751 1518
3355 2 2 1 1 569 1607 474
3356 2 2 1 1 686 1770 1648
3357 2 2 1 1 876 1699 1121
3358 2 2 1 1 1043 1832 1654
3359 2 2 1 1 1087 1755 1707
3360 2 2 1 1 1208 1740 1641
3361 2 2 1 1 1374 1773 1378
3362 2 2 1 1 1717 1760 1618
3363 2 2 1 1 649 1773 650
3364 2 2 1 1 1310 1843 1417
3365 2 2 1 1 1429 1745 432
3366 2 2 1 1 660 1773 1374
3367 2 2 1 1 392 1758 351
3368 2 2 1 1 564 1739 1680
3369 2 2 1 1 1703 1810 1065
3370 2 2 1 1 1370 1800 1799
3371 2 2 1 1 1000 1778 1073
3372 2 2 1 1 1424 1744 1676
3373 2 2 1 1 329 1805 328
3374 2 2 1 1 417 1622 411
3375 2 2 1 1 790 1771 792
3376 2 2 1 1 1027 1090 808
3377 2 2 1 1 1766 1777 581
3378 2 2 1 1 732 1506 888
3379 2 2 1 1 931 1756 1530
3380 2 2 1 1 446 1741 444
3381 2 2 1 1 498 1793 1423
3382 2 2 1 1 629 1736 531
3383 2 2 1 1 1656 1766 581
3384 2 2 1 1 1759 1760 1141
3385 2 2 1 1 1319 1786 1318
3386 2 2 1 1 62 1593 1592
3387 2 2 1 1 78 1596 1595
3388 2 2 1 1 149 1600 1599
3389 2 2 1 1 574 1784 251
3390 2 2 1 1 448 1639 479
3391 2 2 1 1 452 1799 456
3392 2 2 1 1 936 1790 602
3393 2 2 1 1 1618 1760 634
3394 2 2 1 1 705 1675 697
3395 2 2 1 1 708 1815 707
3396 2 2 1 1 710 1727 813
3397 2 2 1 1 746 1768 749
3398 2 2 1 1 1091 1798 1772
3399 2 2 1 1 1764 1796 1243
3400 2 2 1 1 1796 1803 1245
3401 2 2 1 1 1251 1857 1253
3402 2 2 1 1 1741 1792 1617
3403 2 2 1 1 351 1758 353
3404 2 2 1 1 949 1778 1066
3405 2 2 1 1 1087 1770 1755
3406 2 2 1 1 1685 1783 1360
3407 2 2 1 1 1512 1764 335
3408 2 2 1 1 854 1736 629
3409 2 2 1 1 663 1746 866
3410 2 2 1 1 1658 1744 1424
3411 2 2 1 1 1065 1831 931
3412 2 2 1 1 739 1702 737
3413 2 2 1 1 1224 1820 1771
3414 2 2 1 1 1805 1836 1316
3415 2 2 1 1 999 1770 1087
3416 2 2 1 1 1259 1788 1260
3417 2 2 1 1 1360 1783 1361
3418 2 2 1 1 335 1764 1728
3419 2 2 1 1 456 1799 566
3420 2 2 1 1 813 1727 892
3421 2 2 1 1 634 1760 1759
3422 2 2 1 1 592 1506 732
3423 2 2 1 1 982 1766 1656
3424 2 2 1 1 1245 1803 1247
3425 2 2 1 1 1805 1814 333
3426 2 2 1 1 650 1773 660
3427 2 2 1 1 918 1781 1100
3428 2 2 1 1 1613 1779 949
3429 2 2 1 1 1077 1731 1730
3430 2 2 1 1 428 1775 466
3431 2 2 1 1 857 1829 864
3432 2 2 1 1 1423 1685 502
3433 2 2 1 1 1799 1800 566
3434 2 2 1 1 737 1702 1684
3435 2 2 1 1 1770 1791 1648
3436 2 2 1 1 502 1685 1550
3437 2 2 1 1 875 1757 876
3438 2 2 1 1 999 1791 1770
3439 2 2 1 1 1367 1800 1370
3440 2 2 1 1 1106 1840 1090
3441 2 2 1 1 1363 1824 1362
3442 2 2 1 1 480 1772 542
3443 2 2 1 1 1547 1821 575
3444 2 2 1 1 657 1753 827
3445 2 2 1 1 1010 1791 999
3446 2 2 1 1 1265 1388 1024
3447 2 2 1 1 1302 1776 1296
3448 2 2 1 1 1720 1788 1259
3449 2 2 1 1 328 1805 333
3450 2 2 1 1 606 1811 1533
3451 2 2 1 1 1627 1767 947
3452 2 2 1 1 298 1816 1813
3453 2 2 1 1 1648 1791 704
3454 2 2 1 1 581 1777 1601
3455 2 2 1 1 1028 1769 966
3456 2 2 1 1 728 1848 725
3457 2 2 1 1 1751 1835 1518
3458 2 2 1 1 575 1821 1643
3459 2 2 1 1 1261 1788 1720
3460 2 2 1 1 733 1850 1806
3461 2 2 1 1 949 1779 1778
3462 2 2 1 1 338 1814 387
3463 2 2 1 1 947 1767 1097
3464 2 2 1 1 1044 1795 1005
3465 2 2 1 1 1082 1797 1763
3466 2 2 1 1 1362 1824 1711
3467 2 2 1 1 1487 1794 161
3468 2 2 1 1 859 1753 659
3469 2 2 1 1 1786 1833 816
3470 2 2 1 1 1276 1746 893
3471 2 2 1 1 1542 1854 936
3472 2 2 1 1 1003 1797 1082
3473 2 2 1 1 1202 1847 1272
3474 2 2 1 1 1273 1835 1751
3475 2 2 1 1 1365 1800 1367
3476 2 2 1 1 1823 1844 1394
3477 2 2 1 1 1435 1808 1412
3478 2 2 1 1 1601 1777 1460
3479 2 2 1 1 1522 1834 1710
3480 2 2 1 1 331 1826 1635
3481 2 2 1 1 542 1823 1394
3482 2 2 1 1 577 1803 1796
3483 2 2 1 1 1515 1802 377
3484 2 2 1 1 1778 1779 1073
3485 2 2 1 1 1316 1836 1649
3486 2 2 1 1 1433 1803 577
3487 2 2 1 1 1470 1811 606
3488 2 2 1 1 876 1757 1699
3489 2 2 1 1 305 1826 331
3490 2 2 1 1 440 1723 461
3491 2 2 1 1 1512 1796 1764
3492 2 2 1 1 1313 1806 1081
3493 2 2 1 1 1423 1783 1685
3494 2 2 1 1 817 1819 601
3495 2 2 1 1 190 1839 1555
3496 2 2 1 1 1058 1831 1010
3497 2 2 1 1 476 1723 440
3498 2 2 1 1 566 1807 1463
3499 2 2 1 1 853 1812 968
3500 2 2 1 1 966 1769 1750
3501 2 2 1 1 985 1801 1625
3502 2 2 1 1 1790 1833 1002
3503 2 2 1 1 1813 1816 1249
3504 2 2 1 1 1011 1798 1008
3505 2 2 1 1 577 1796 1512
3506 2 2 1 1 1533 1811 1451
3507 2 2 1 1 1029 1785 1030
3508 2 2 1 1 1247 1813 1249
3509 2 2 1 1 893 1746 663
3510 2 2 1 1 864 1840 1392
3511 2 2 1 1 1345 1804 1348
3512 2 2 1 1 601 1819 1571
3513 2 2 1 1 1304 1853 1302
3514 2 2 1 1 1772 1798 542
3515 2 2 1 1 1090 1850 808
3516 2 2 1 1 1395 1824 1366
3517 2 2 1 1 1433 1813 1803
3518 2 2 1 1 298 1813 1433
3519 2 2 1 1 333 1814 338
3520 2 2 1 1 1384 1842 716
3521 2 2 1 1 860 1849 1014
3522 2 2 1 1 912 1789 1223
3523 2 2 1 1 1803 1813 1247
3524 2 2 1 1 1503 1816 298
3525 2 2 1 1 1710 1834 1012
3526 2 2 1 1 1294 1776 1297
3527 2 2 1 1 716 1815 708
3528 2 2 1 1 827 1789 912
3529 2 2 1 1 659 1753 657
3530 2 2 1 1 1063 1818 1229
3531 2 2 1 1 1030 1785 1050
3532 2 2 1 1 40 1841 39
3533 2 2 1 1 1821 1822 1054
3534 2 2 1 1 1280 1839 1389
3535 2 2 1 1 1365 1807 1800
3536 2 2 1 1 983 1820 1234
3537 2 2 1 1 1297 1825 1298
3538 2 2 1 1 1346 1804 1345
3539 2 2 1 1 1384 1849 1842
3540 2 2 1 1 308 1846 1696
3541 2 2 1 1 1054 1822 1209
3542 2 2 1 1 1643 1821 1054
3543 2 2 1 1 972 1832 1037
3544 2 2 1 1 1800 1807 566
3545 2 2 1 1 33 1845 32
3546 2 2 1 1 1095 1844 1823
3547 2 2 1 1 1633 1846 308
3548 2 2 1 1 1756 1836 329
3549 2 2 1 1 307 1826 305
3550 2 2 1 1 1035 1819 817
3551 2 2 1 1 1337 1774 894
3552 2 2 1 1 968 1828 1093
3553 2 2 1 1 1037 1827 1230
3554 2 2 1 1 1296 1776 1294
3555 2 2 1 1 1366 1824 1363
3556 2 2 1 1 1589 1855 1488
3557 2 2 1 1 1518 1835 852
3558 2 2 1 1 910 1834 1522
3559 2 2 1 1 1081 1829 857
3560 2 2 1 1 894 1774 1199
3561 2 2 1 1 1095 1823 1011
3562 2 2 1 1 939 1838 1808
3563 2 2 1 1 1808 1838 1412
3564 2 2 1 1 1010 1831 1810
3565 2 2 1 1 1090 1840 1829
3566 2 2 1 1 1798 1823 542
3567 2 2 1 1 1710 1838 939
3568 2 2 1 1 1092 1854 1852
3569 2 2 1 1 1092 1852 815
3570 2 2 1 1 896 1830 1063
3571 2 2 1 1 1036 1830 896
3572 2 2 1 1 1815 1842 1628
3573 2 2 1 1 1394 1844 645
3574 2 2 1 1 1842 1849 1013
3575 2 2 1 1 1555 1839 1837
3576 2 2 1 1 1628 1842 1013
3577 2 2 1 1 1272 1847 1812
3578 2 2 1 1 1768 1857 749
3579 2 2 1 1 1253 1857 1768
3580 2 2 1 1 189 1841 40
3581 2 2 1 1 1849 1852 1014
3582 2 2 1 1 1829 1850 1090
3583 2 2 1 1 716 1842 1815
3584 2 2 1 1 1050 1809 1051
3585 2 2 1 1 1810 1831 1065
3586 2 2 1 1 1011 1823 1798
3587 2 2 1 1 1780 1848 1304
3588 2 2 1 1 649 1851 1773
3589 2 2 1 1 1829 1840 864
3590 2 2 1 1 1309 1843 1310
3591 2 2 1 1 1417 1846 1633
3592 2 2 1 1 1013 1849 860
3593 2 2 1 1 176 1845 33
3594 2 2 1 1 1051 1809 1089
3595 2 2 1 1 1102 1844 1095
3596 2 2 1 1 1081 1850 1829
3597 2 2 1 1 968 1847 1828
3598 2 2 1 1 1037 1832 1827
3599 2 2 1 1 1281 1837 1280
3600 2 2 1 1 1837 1839 1280
3601 2 2 1 1 1812 1847 968
3602 2 2 1 1 815 1852 1384
3603 2 2 1 1 1773 1851 1378
3604 2 2 1 1 1852 1854 1014
3605 2 2 1 1 1716 1853 728
3606 2 2 1 1 1384 1852 1849
3607 2 2 1 1 1573 1857 1856
3608 2 2 1 1 1806 1850 1081
3609 2 2 1 1 1014 1854 1542
3610 2 2 1 1 786 1855 1589
3611 2 2 1 1 749 1857 1573
3612 2 2 1 1 1573 1856 1752
3613 2 2 1 1 728 1853 1848
3614 2 2 1 1 1837 1858 221
3615 2 2 1 1 1848 1853 1304
3616 2 2 1 1 1281 1858 1837
3617 2 2 1 1 614 1859 642
3618 2 2 1 1 616 1859 614
3619 2 2 1 1 1321 1860 922
3620 2 2 1 1 799 1861 618
3621 2 2 1 1 1175 1860 1191
3622 2 2 1 1 1191 1860 644
3623 2 2 1 1 616 1861 1859
3624 2 2 1 1 644 1860 1321
3625 2 2 1 1 618 1861 616
3626 2 2 1 1 1187 1862 1188
3627 2 2 1 1 209 1864 1190
3628 2 2 1 1 1190 1864 1176
3629 2 2 1 1 1186 1863 1125
3630 2 2 1 1 96 1865 95
3631 2 2 1 1 1078 1866 1731
3632 2 2 1 1 206 1907 1495
3633 2 2 1 1 1899 1935 1106
3634 2 2 1 1 904 1867 1108
3635 2 2 1 1 1114 1870 1112
3636 2 2 1 1 1188 1868 1189
3637 2 2 1 1 981 1878 1154
3638 2 2 1 1 95 1865 210
3639 2 2 1 1 1731 1866 1127
3640 2 2 1 1 1868 1934 163
3641 2 2 1 1 1312 1870 640
3642 2 2 1 1 1112 1870 1110
3643 2 2 1 1 84 1874 83
3644 2 2 1 1 1118 1867 904
3645 2 2 1 1 640 1871 586
3646 2 2 1 1 1157 1878 1122
3647 2 2 1 1 1173 1876 645
3648 2 2 1 1 206 1916 1553
3649 2 2 1 1 1148 1869 1149
3650 2 2 1 1 1415 1872 861
3651 2 2 1 1 1015 1896 1594
3652 2 2 1 1 1162 1875 1164
3653 2 2 1 1 645 1876 590
3654 2 2 1 1 649 1876 1851
3655 2 2 1 1 1598 1906 1257
3656 2 2 1 1 1167 1905 1867
3657 2 2 1 1 1110 1870 1312
3658 2 2 1 1 1862 1915 1868
3659 2 2 1 1 1161 1877 879
3660 2 2 1 1 879 1877 801
3661 2 2 1 1 910 1877 1462
3662 2 2 1 1 877 1878 981
3663 2 2 1 1 586 1871 654
3664 2 2 1 1 220 1895 1113
3665 2 2 1 1 653 1873 1609
3666 2 2 1 1 654 1879 1415
3667 2 2 1 1 1869 1898 1378
3668 2 2 1 1 1115 1885 1872
3669 2 2 1 1 1115 1879 1114
3670 2 2 1 1 1769 1873 653
3671 2 2 1 1 861 1872 1278
3672 2 2 1 1 1179 1880 1180
3673 2 2 1 1 1391 1880 1717
3674 2 2 1 1 191 1881 1597
3675 2 2 1 1 1615 1882 1595
3676 2 2 1 1 1146 1904 178
3677 2 2 1 1 1868 1915 1164
3678 2 2 1 1 622 1883 620
3679 2 2 1 1 1690 1884 1103
3680 2 2 1 1 208 1886 1498
3681 2 2 1 1 1597 1873 1615
3682 2 2 1 1 1494 1901 173
3683 2 2 1 1 174 1902 1600
3684 2 2 1 1 1031 1890 1099
3685 2 2 1 1 1462 1891 622
3686 2 2 1 1 1165 1875 1162
3687 2 2 1 1 178 1923 1148
3688 2 2 1 1 1554 1892 1096
3689 2 2 1 1 1377 1893 1375
3690 2 2 1 1 1781 1892 1100
3691 2 2 1 1 224 1927 1167
3692 2 2 1 1 590 1876 649
3693 2 2 1 1 1150 1884 1080
3694 2 2 1 1 1100 1894 1029
3695 2 2 1 1 153 1895 220
3696 2 2 1 1 187 1895 154
3697 2 2 1 1 1114 1879 1871
3698 2 2 1 1 1278 1885 1283
3699 2 2 1 1 1097 1897 1144
3700 2 2 1 1 1099 1897 1767
3701 2 2 1 1 1103 1899 1027
3702 2 2 1 1 1093 1886 1381
3703 2 2 1 1 1098 1887 1094
3704 2 2 1 1 1219 1900 1218
3705 2 2 1 1 1332 1900 1098
3706 2 2 1 1 1593 1889 1594
3707 2 2 1 1 1390 1901 1391
3708 2 2 1 1 1019 1902 1020
3709 2 2 1 1 167 1903 1266
3710 2 2 1 1 1115 1931 1885
3711 2 2 1 1 801 1877 910
3712 2 2 1 1 146 1903 167
3713 2 2 1 1 219 1903 147
3714 2 2 1 1 1122 1878 877
3715 2 2 1 1 130 1904 215
3716 2 2 1 1 178 1904 131
3717 2 2 1 1 164 1906 140
3718 2 2 1 1 139 1906 1598
3719 2 2 1 1 1104 1907 1679
3720 2 2 1 1 158 1908 196
3721 2 2 1 1 193 1909 46
3722 2 2 1 1 1376 1910 1379
3723 2 2 1 1 205 1911 60
3724 2 2 1 1 59 1911 168
3725 2 2 1 1 167 1912 145
3726 2 2 1 1 151 1913 174
3727 2 2 1 1 220 1913 152
3728 2 2 1 1 125 1914 195
3729 2 2 1 1 1785 1917 1050
3730 2 2 1 1 1106 1918 1840
3731 2 2 1 1 1497 1919 179
3732 2 2 1 1 203 1899 1493
3733 2 2 1 1 1180 1933 57
3734 2 2 1 1 1873 1929 1609
3735 2 2 1 1 193 1920 1145
3736 2 2 1 1 1282 1921 196
3737 2 2 1 1 1219 1914 126
3738 2 2 1 1 1562 1898 216
3739 2 2 1 1 216 1923 133
3740 2 2 1 1 132 1923 178
3741 2 2 1 1 222 1925 1193
3742 2 2 1 1 5 1924 1
3743 2 2 1 1 1 1924 160
3744 2 2 1 1 2 1925 43
3745 2 2 1 1 44 1925 2
3746 2 2 1 1 3 1926 82
3747 2 2 1 1 83 1926 3
3748 2 2 1 1 4 1927 121
3749 2 2 1 1 122 1927 4
3750 2 2 1 1 1858 1924 221
3751 2 2 1 1 163 1928 102
3752 2 2 1 1 1592 1896 205
3753 2 2 1 1 1017 1888 1019
3754 2 2 1 1 57 1933 56
3755 2 2 1 1 101 1932 100
3756 2 2 1 1 66 1916 206
3757 2 2 1 1 1378 1898 1377
3758 2 2 1 1 1597 1929 1873
3759 2 2 1 1 47 1920 193
3760 2 2 1 1 196 1921 157
3761 2 2 1 1 1267 1888 1017
3762 2 2 1 1 207 1894 1496
3763 2 2 1 1 216 1898 1869
3764 2 2 1 1 1877 1891 1462
3765 2 2 1 1 1769 1930 1873
3766 2 2 1 1 195 1905 124
3767 2 2 1 1 1871 1879 654
3768 2 2 1 1 1717 1880 1179
3769 2 2 1 1 1499 1881 191
3770 2 2 1 1 1873 1930 1615
3771 2 2 1 1 1501 1893 172
3772 2 2 1 1 1595 1882 184
3773 2 2 1 1 144 1912 1144
3774 2 2 1 1 1867 1905 195
3775 2 2 1 1 1094 1887 1101
3776 2 2 1 1 1875 1928 163
3777 2 2 1 1 162 1889 1593
3778 2 2 1 1 1502 1890 164
3779 2 2 1 1 620 1883 799
3780 2 2 1 1 1080 1884 1690
3781 2 2 1 1 1561 1886 208
3782 2 2 1 1 215 1887 1500
3783 2 2 1 1 1599 1888 219
3784 2 2 1 1 1016 1889 1104
3785 2 2 1 1 1105 1890 1031
3786 2 2 1 1 1163 1891 1161
3787 2 2 1 1 1089 1919 1498
3788 2 2 1 1 1594 1896 1592
3789 2 2 1 1 1096 1892 1781
3790 2 2 1 1 1375 1893 1376
3791 2 2 1 1 123 1905 1167
3792 2 2 1 1 1217 1914 1219
3793 2 2 1 1 57 1922 1180
3794 2 2 1 1 1161 1891 1877
3795 2 2 1 1 1029 1894 1785
3796 2 2 1 1 1858 1908 159
3797 2 2 1 1 45 1909 1193
3798 2 2 1 1 1554 1916 67
3799 2 2 1 1 58 1922 57
3800 2 2 1 1 154 1895 153
3801 2 2 1 1 1428 1896 1015
3802 2 2 1 1 1767 1897 1097
3803 2 2 1 1 1872 1885 1278
3804 2 2 1 1 1178 1922 168
3805 2 2 1 1 124 1905 123
3806 2 2 1 1 1027 1899 1106
3807 2 2 1 1 1883 1915 799
3808 2 2 1 1 168 1922 58
3809 2 2 1 1 1144 1912 1116
3810 2 2 1 1 1218 1900 1332
3811 2 2 1 1 1809 1919 1089
3812 2 2 1 1 1392 1901 1390
3813 2 2 1 1 1020 1902 1109
3814 2 2 1 1 156 1921 1283
3815 2 2 1 1 1150 1920 48
3816 2 2 1 1 1885 1931 187
3817 2 2 1 1 147 1903 146
3818 2 2 1 1 131 1904 130
3819 2 2 1 1 1165 1928 1875
3820 2 2 1 1 67 1916 66
3821 2 2 1 1 140 1906 139
3822 2 2 1 1 1679 1907 1143
3823 2 2 1 1 46 1909 45
3824 2 2 1 1 159 1908 158
3825 2 2 1 1 1281 1908 1858
3826 2 2 1 1 1193 1909 1139
3827 2 2 1 1 1379 1910 1380
3828 2 2 1 1 60 1911 59
3829 2 2 1 1 145 1912 144
3830 2 2 1 1 1880 1933 1180
3831 2 2 1 1 152 1913 151
3832 2 2 1 1 126 1914 125
3833 2 2 1 1 1874 1926 83
3834 2 2 1 1 1553 1916 1554
3835 2 2 1 1 799 1915 1862
3836 2 2 1 1 1050 1917 1809
3837 2 2 1 1 157 1921 156
3838 2 2 1 1 48 1920 47
3839 2 2 1 1 1840 1918 1392
3840 2 2 1 1 1498 1919 1497
3841 2 2 1 1 1145 1920 1150
3842 2 2 1 1 1283 1921 1282
3843 2 2 1 1 187 1931 1895
3844 2 2 1 1 1180 1922 1178
3845 2 2 1 1 1106 1935 1918
3846 2 2 1 1 1615 1930 1882
3847 2 2 1 1 133 1923 132
3848 2 2 1 1 1881 1929 1597
3849 2 2 1 1 43 1925 222
3850 2 2 1 1 82 1926 223
3851 2 2 1 1 121 1927 224
3852 2 2 1 1 221 1924 5
3853 2 2 1 1 102 1928 101
3854 2 2 1 1 1609 1929 1135
3855 2 2 1 1 1113 1931 1115
3856 2 2 1 1 1028 1930 1769
3857 2 2 1 1 223 1926 1874
3858 2 2 1 1 1875 1934 1164
3859 2 2 1 1 100 1932 211
3860 2 2 1 1 56 1933 204
3861 2 2 1 1 1559 1935 203
3862 2 2 1 1 204 1933 1880
3863 2 2 1 1 1164 1934 1868
3864 2 2 1 1 1882 1930 1028
3865 2 2 1 1 163 1934 1875
3866 2 2 1 1 1135 1929 1881
3867 2 2 1 1 1895 1931 1113
3868 2 2 1 1 1918 1935 1559
$EndElements
